<?xml version="1.0" encoding="utf-8"?>
<TrainingCenterDatabase xmlns="http://www.garmin.com/xmlschemas/TrainingCenterDatabase/v2" xmlns:ns3="http://www.garmin.com/xmlschemas/ActivityExtension/v2" xsi:schemaLocation="http://www.garmin.com/xmlschemas/TrainingCenterDatabase/v2 http://www.garmin.com/xmlschemas/TrainingCenterDatabasev2.xsd" xmlns:nax="https://www.nike.com/xmlschemas/NikeActivityExtension/v1" xmlns:xsi="http://www.w3.org/2001/XMLSchema-instance" xmlns:ns5="http://www.garmin.com/xmlschemas/ActivityGoals/v1" xmlns:ns2="http://www.garmin.com/xmlschemas/UserProfile/v2">
      <Activities>
      <Activity Sport="Running">
      <Id>
      2023-08-20T09:12:13.886Z
    </Id><Lap StartTime="2023-08-20T09:12:13.886Z">
      <TotalTimeSeconds>
      925.628
    </TotalTimeSeconds><DistanceMeters>
      3302.1254634326297
    </DistanceMeters><MaximumSpeed>
      4.8213229251370135
    </MaximumSpeed><Calories>
      166
    </Calories><AverageHeartRateBpm>
      <Value>
      173
    </Value>
    </AverageHeartRateBpm><MaximumHeartRateBpm>
      <Value>
      195
    </Value>
    </MaximumHeartRateBpm><Intensity>
      Active
    </Intensity><Cadence>
      165
    </Cadence><TriggerMethod>
      Manual
    </TriggerMethod><Track>
      <Trackpoint>
      <Time>
      2023-08-20T09:12:13.886Z
    </Time><DistanceMeters>
      5.895467429421842
    </DistanceMeters><SensorState>
      Present
    </SensorState><Extensions>
      <TPX xmlns="http://www.garmin.com/xmlschemas/ActivityExtension/v2">
      <nax:Nax>
      <nax:NikeFuel>
      1.0709821948838718
    </nax:NikeFuel><nax:AscentInMeters>
      0.039999961853027344
    </nax:AscentInMeters>
    </nax:Nax>
    </TPX>
    </Extensions>
    </Trackpoint>
<Trackpoint>
      <Time>
      2023-08-20T09:12:15.056Z
    </Time><Position>
      <LatitudeDegrees>
      15.013235236574918
    </LatitudeDegrees><LongitudeDegrees>
      120.63386292006051
    </LongitudeDegrees>
    </Position><AltitudeMeters>
      11.293895967221331
    </AltitudeMeters><SensorState>
      Present
    </SensorState>
    </Trackpoint>
<Trackpoint>
      <Time>
      2023-08-20T09:12:15.320Z
    </Time><SensorState>
      Present
    </SensorState>
    </Trackpoint>
<Trackpoint>
      <Time>
      2023-08-20T09:12:17.886Z
    </Time><SensorState>
      Present
    </SensorState>
    </Trackpoint>
<Trackpoint>
      <Time>
      2023-08-20T09:12:18.149Z
    </Time><Cadence>
      92.84023761749268
    </Cadence><SensorState>
      Present
    </SensorState>
    </Trackpoint>
<Trackpoint>
      <Time>
      2023-08-20T09:12:20.450Z
    </Time><SensorState>
      Present
    </SensorState><Extensions>
      <TPX xmlns="http://www.garmin.com/xmlschemas/ActivityExtension/v2">
      <ns3:Speed>
      0.5043663986747869
    </ns3:Speed><nax:Nax>
      <nax:Pace>
      33.0447601395692
    </nax:Pace>
    </nax:Nax>
    </TPX>
    </Extensions>
    </Trackpoint>
<Trackpoint>
      <Time>
      2023-08-20T09:12:20.451Z
    </Time><DistanceMeters>
      0.6455354262143373
    </DistanceMeters><Cadence>
      92.84023761749268
    </Cadence><SensorState>
      Present
    </SensorState>
    </Trackpoint>
<Trackpoint>
      <Time>
      2023-08-20T09:12:22.497Z
    </Time><HeartRateBpm>
      <Value>
      81
    </Value>
    </HeartRateBpm><SensorState>
      Present
    </SensorState>
    </Trackpoint>
<Trackpoint>
      <Time>
      2023-08-20T09:12:23.000Z
    </Time><SensorState>
      Present
    </SensorState><Extensions>
      <TPX xmlns="http://www.garmin.com/xmlschemas/ActivityExtension/v2">
      <nax:Nax>
      <nax:NikeFuel>
      1.7945609858211857
    </nax:NikeFuel>
    </nax:Nax>
    </TPX>
    </Extensions>
    </Trackpoint>
<Trackpoint>
      <Time>
      2023-08-20T09:12:23.015Z
    </Time><SensorState>
      Present
    </SensorState><Extensions>
      <TPX xmlns="http://www.garmin.com/xmlschemas/ActivityExtension/v2">
      <ns3:Speed>
      0
    </ns3:Speed>
    </TPX>
    </Extensions>
    </Trackpoint>
<Trackpoint>
      <Time>
      2023-08-20T09:12:23.016Z
    </Time><DistanceMeters>
      2.7388017373159528
    </DistanceMeters><Cadence>
      92.84023761749268
    </Cadence><SensorState>
      Present
    </SensorState>
    </Trackpoint>
<Trackpoint>
      <Time>
      2023-08-20T09:12:25.497Z
    </Time><HeartRateBpm>
      <Value>
      81
    </Value>
    </HeartRateBpm><SensorState>
      Present
    </SensorState>
    </Trackpoint>
<Trackpoint>
      <Time>
      2023-08-20T09:12:25.580Z
    </Time><DistanceMeters>
      5.507201062515378
    </DistanceMeters><SensorState>
      Present
    </SensorState><Extensions>
      <TPX xmlns="http://www.garmin.com/xmlschemas/ActivityExtension/v2">
      <ns3:Speed>
      0
    </ns3:Speed>
    </TPX>
    </Extensions>
    </Trackpoint>
<Trackpoint>
      <Time>
      2023-08-20T09:12:25.581Z
    </Time><Cadence>
      92.84023761749268
    </Cadence><SensorState>
      Present
    </SensorState>
    </Trackpoint>
<Trackpoint>
      <Time>
      2023-08-20T09:12:28.002Z
    </Time><Position>
      <LatitudeDegrees>
      15.013146611774841
    </LatitudeDegrees><LongitudeDegrees>
      120.63390812210271
    </LongitudeDegrees>
    </Position><AltitudeMeters>
      15.010316832627453
    </AltitudeMeters><SensorState>
      Present
    </SensorState>
    </Trackpoint>
<Trackpoint>
      <Time>
      2023-08-20T09:12:28.145Z
    </Time><SensorState>
      Present
    </SensorState><Extensions>
      <TPX xmlns="http://www.garmin.com/xmlschemas/ActivityExtension/v2">
      <ns3:Speed>
      0
    </ns3:Speed>
    </TPX>
    </Extensions>
    </Trackpoint>
<Trackpoint>
      <Time>
      2023-08-20T09:12:28.146Z
    </Time><DistanceMeters>
      8.929888836108148
    </DistanceMeters><Cadence>
      92.84023761749268
    </Cadence><SensorState>
      Present
    </SensorState>
    </Trackpoint>
<Trackpoint>
      <Time>
      2023-08-20T09:12:28.497Z
    </Time><HeartRateBpm>
      <Value>
      82
    </Value>
    </HeartRateBpm><SensorState>
      Present
    </SensorState>
    </Trackpoint>
<Trackpoint>
      <Time>
      2023-08-20T09:12:30.710Z
    </Time><SensorState>
      Present
    </SensorState><Extensions>
      <TPX xmlns="http://www.garmin.com/xmlschemas/ActivityExtension/v2">
      <ns3:Speed>
      3.266388931319352
    </ns3:Speed><nax:Nax>
      <nax:Pace>
      5.102474633948354
    </nax:Pace>
    </nax:Nax>
    </TPX>
    </Extensions>
    </Trackpoint>
<Trackpoint>
      <Time>
      2023-08-20T09:12:30.711Z
    </Time><DistanceMeters>
      11.203422555699944
    </DistanceMeters><Cadence>
      169.6937656402588
    </Cadence><SensorState>
      Present
    </SensorState>
    </Trackpoint>
<Trackpoint>
      <Time>
      2023-08-20T09:12:31.002Z
    </Time><Position>
      <LatitudeDegrees>
      15.013066701069466
    </LatitudeDegrees><LongitudeDegrees>
      120.6339794776574
    </LongitudeDegrees>
    </Position><AltitudeMeters>
      14.578366474395686
    </AltitudeMeters><SensorState>
      Present
    </SensorState>
    </Trackpoint>
<Trackpoint>
      <Time>
      2023-08-20T09:12:33.000Z
    </Time><SensorState>
      Present
    </SensorState><Extensions>
      <TPX xmlns="http://www.garmin.com/xmlschemas/ActivityExtension/v2">
      <nax:Nax>
      <nax:NikeFuel>
      9.468841916165632
    </nax:NikeFuel>
    </nax:Nax>
    </TPX>
    </Extensions>
    </Trackpoint>
<Trackpoint>
      <Time>
      2023-08-20T09:12:33.275Z
    </Time><SensorState>
      Present
    </SensorState><Extensions>
      <TPX xmlns="http://www.garmin.com/xmlschemas/ActivityExtension/v2">
      <ns3:Speed>
      3.787793895284858
    </ns3:Speed><nax:Nax>
      <nax:Pace>
      4.400098613447198
    </nax:Pace>
    </nax:Nax>
    </TPX>
    </Extensions>
    </Trackpoint>
<Trackpoint>
      <Time>
      2023-08-20T09:12:33.276Z
    </Time><DistanceMeters>
      11.03127905819565
    </DistanceMeters><Cadence>
      168.10750007629395
    </Cadence><SensorState>
      Present
    </SensorState>
    </Trackpoint>
<Trackpoint>
      <Time>
      2023-08-20T09:12:33.334Z
    </Time><SensorState>
      Present
    </SensorState><Extensions>
      <TPX xmlns="http://www.garmin.com/xmlschemas/ActivityExtension/v2">
      <nax:Nax>
      <nax:AscentInMeters>
      0.009999990463256836
    </nax:AscentInMeters><nax:DescentInMeters>
      0.309999942779541
    </nax:DescentInMeters>
    </nax:Nax>
    </TPX>
    </Extensions>
    </Trackpoint>
<Trackpoint>
      <Time>
      2023-08-20T09:12:34.002Z
    </Time><Position>
      <LatitudeDegrees>
      15.012979838110029
    </LatitudeDegrees><LongitudeDegrees>
      120.63406494505382
    </LongitudeDegrees>
    </Position><AltitudeMeters>
      14.329508134101637
    </AltitudeMeters><SensorState>
      Present
    </SensorState>
    </Trackpoint>
<Trackpoint>
      <Time>
      2023-08-20T09:12:35.841Z
    </Time><SensorState>
      Present
    </SensorState><Extensions>
      <TPX xmlns="http://www.garmin.com/xmlschemas/ActivityExtension/v2">
      <ns3:Speed>
      3.7165011806524677
    </ns3:Speed><nax:Nax>
      <nax:Pace>
      4.4845046070295265
    </nax:Pace>
    </nax:Nax>
    </TPX>
    </Extensions>
    </Trackpoint>
<Trackpoint>
      <Time>
      2023-08-20T09:12:35.842Z
    </Time><DistanceMeters>
      11.32996629551053
    </DistanceMeters><Cadence>
      167.28949069976807
    </Cadence><SensorState>
      Present
    </SensorState>
    </Trackpoint>
<Trackpoint>
      <Time>
      2023-08-20T09:12:35.898Z
    </Time><SensorState>
      Present
    </SensorState><Extensions>
      <TPX xmlns="http://www.garmin.com/xmlschemas/ActivityExtension/v2">
      <nax:Nax>
      <nax:DescentInMeters>
      0.37000012397766113
    </nax:DescentInMeters>
    </nax:Nax>
    </TPX>
    </Extensions>
    </Trackpoint>
<Trackpoint>
      <Time>
      2023-08-20T09:12:37.001Z
    </Time><Position>
      <LatitudeDegrees>
      15.012898007177823
    </LatitudeDegrees><LongitudeDegrees>
      120.63414756394621
    </LongitudeDegrees>
    </Position><AltitudeMeters>
      14.651170232523178
    </AltitudeMeters><SensorState>
      Present
    </SensorState>
    </Trackpoint>
<Trackpoint>
      <Time>
      2023-08-20T09:12:38.406Z
    </Time><SensorState>
      Present
    </SensorState><Extensions>
      <TPX xmlns="http://www.garmin.com/xmlschemas/ActivityExtension/v2">
      <ns3:Speed>
      3.4475915334665603
    </ns3:Speed><nax:Nax>
      <nax:Pace>
      4.834292724320592
    </nax:Pace>
    </nax:Nax>
    </TPX>
    </Extensions>
    </Trackpoint>
<Trackpoint>
      <Time>
      2023-08-20T09:12:38.407Z
    </Time><DistanceMeters>
      10.23163534142077
    </DistanceMeters><Cadence>
      167.45337009429932
    </Cadence><SensorState>
      Present
    </SensorState>
    </Trackpoint>
<Trackpoint>
      <Time>
      2023-08-20T09:12:38.464Z
    </Time><SensorState>
      Present
    </SensorState><Extensions>
      <TPX xmlns="http://www.garmin.com/xmlschemas/ActivityExtension/v2">
      <nax:Nax>
      <nax:DescentInMeters>
      0.2200000286102295
    </nax:DescentInMeters>
    </nax:Nax>
    </TPX>
    </Extensions>
    </Trackpoint>
<Trackpoint>
      <Time>
      2023-08-20T09:12:40.001Z
    </Time><Position>
      <LatitudeDegrees>
      15.01281947600921
    </LatitudeDegrees><LongitudeDegrees>
      120.63422400699804
    </LongitudeDegrees>
    </Position><AltitudeMeters>
      14.857229497245399
    </AltitudeMeters><SensorState>
      Present
    </SensorState>
    </Trackpoint>
<Trackpoint>
      <Time>
      2023-08-20T09:12:40.964Z
    </Time><SensorState>
      Present
    </SensorState><Extensions>
      <TPX xmlns="http://www.garmin.com/xmlschemas/ActivityExtension/v2">
      <ns3:Speed>
      3.839633187004879
    </ns3:Speed><nax:Nax>
      <nax:Pace>
      4.340692419024424
    </nax:Pace>
    </nax:Nax>
    </TPX>
    </Extensions>
    </Trackpoint>
<Trackpoint>
      <Time>
      2023-08-20T09:12:40.965Z
    </Time><DistanceMeters>
      9.475874830037355
    </DistanceMeters><Cadence>
      167.14994430541992
    </Cadence><SensorState>
      Present
    </SensorState>
    </Trackpoint>
<Trackpoint>
      <Time>
      2023-08-20T09:12:41.020Z
    </Time><SensorState>
      Present
    </SensorState><Extensions>
      <TPX xmlns="http://www.garmin.com/xmlschemas/ActivityExtension/v2">
      <nax:Nax>
      <nax:DescentInMeters>
      0.12000012397766113
    </nax:DescentInMeters>
    </nax:Nax>
    </TPX>
    </Extensions>
    </Trackpoint>
<Trackpoint>
      <Time>
      2023-08-20T09:12:43.000Z
    </Time><SensorState>
      Present
    </SensorState><Extensions>
      <TPX xmlns="http://www.garmin.com/xmlschemas/ActivityExtension/v2">
      <nax:Nax>
      <nax:NikeFuel>
      10.157554483777314
    </nax:NikeFuel>
    </nax:Nax>
    </TPX>
    </Extensions>
    </Trackpoint>
<Trackpoint>
      <Time>
      2023-08-20T09:12:43.001Z
    </Time><Position>
      <LatitudeDegrees>
      15.012747252003406
    </LatitudeDegrees><LongitudeDegrees>
      120.63429775593947
    </LongitudeDegrees>
    </Position><AltitudeMeters>
      15.192433925495294
    </AltitudeMeters><SensorState>
      Present
    </SensorState>
    </Trackpoint>
<Trackpoint>
      <Time>
      2023-08-20T09:12:43.520Z
    </Time><SensorState>
      Present
    </SensorState><Extensions>
      <TPX xmlns="http://www.garmin.com/xmlschemas/ActivityExtension/v2">
      <ns3:Speed>
      3.7899890418690867
    </ns3:Speed><nax:Nax>
      <nax:Pace>
      4.397550093824879
    </nax:Pace>
    </nax:Nax>
    </TPX>
    </Extensions>
    </Trackpoint>
<Trackpoint>
      <Time>
      2023-08-20T09:12:43.521Z
    </Time><DistanceMeters>
      8.613382280804217
    </DistanceMeters><Cadence>
      167.14994430541992
    </Cadence><SensorState>
      Present
    </SensorState>
    </Trackpoint>
<Trackpoint>
      <Time>
      2023-08-20T09:12:43.578Z
    </Time><SensorState>
      Present
    </SensorState><Extensions>
      <TPX xmlns="http://www.garmin.com/xmlschemas/ActivityExtension/v2">
      <nax:Nax>
      <nax:DescentInMeters>
      0.039999961853027344
    </nax:DescentInMeters>
    </nax:Nax>
    </TPX>
    </Extensions>
    </Trackpoint>
<Trackpoint>
      <Time>
      2023-08-20T09:12:46.001Z
    </Time><Position>
      <LatitudeDegrees>
      15.012673442891339
    </LatitudeDegrees><LongitudeDegrees>
      120.63437078528557
    </LongitudeDegrees>
    </Position><AltitudeMeters>
      15.689766689019734
    </AltitudeMeters><SensorState>
      Present
    </SensorState>
    </Trackpoint>
<Trackpoint>
      <Time>
      2023-08-20T09:12:46.076Z
    </Time><SensorState>
      Present
    </SensorState><Extensions>
      <TPX xmlns="http://www.garmin.com/xmlschemas/ActivityExtension/v2">
      <ns3:Speed>
      4.024334588449869
    </ns3:Speed><nax:Nax>
      <nax:Pace>
      4.1414714160450785
    </nax:Pace>
    </nax:Nax>
    </TPX>
    </Extensions>
    </Trackpoint>
<Trackpoint>
      <Time>
      2023-08-20T09:12:46.077Z
    </Time><DistanceMeters>
      10.589556204155087
    </DistanceMeters><Cadence>
      167.14994430541992
    </Cadence><SensorState>
      Present
    </SensorState>
    </Trackpoint>
<Trackpoint>
      <Time>
      2023-08-20T09:12:48.632Z
    </Time><SensorState>
      Present
    </SensorState><Extensions>
      <TPX xmlns="http://www.garmin.com/xmlschemas/ActivityExtension/v2">
      <ns3:Speed>
      4.071009817091409
    </ns3:Speed><nax:Nax>
      <nax:Pace>
      4.093988326113742
    </nax:Pace>
    </nax:Nax>
    </TPX>
    </Extensions>
    </Trackpoint>
<Trackpoint>
      <Time>
      2023-08-20T09:12:48.633Z
    </Time><DistanceMeters>
      9.259508376009762
    </DistanceMeters><Cadence>
      168.24076652526855
    </Cadence><SensorState>
      Present
    </SensorState>
    </Trackpoint>
<Trackpoint>
      <Time>
      2023-08-20T09:12:49.001Z
    </Time><Position>
      <LatitudeDegrees>
      15.01260954004545
    </LatitudeDegrees><LongitudeDegrees>
      120.63445788649845
    </LongitudeDegrees>
    </Position><AltitudeMeters>
      15.124428015107164
    </AltitudeMeters><SensorState>
      Present
    </SensorState>
    </Trackpoint>
<Trackpoint>
      <Time>
      2023-08-20T09:12:51.188Z
    </Time><SensorState>
      Present
    </SensorState><Extensions>
      <TPX xmlns="http://www.garmin.com/xmlschemas/ActivityExtension/v2">
      <ns3:Speed>
      4.0384717047101715
    </ns3:Speed><nax:Nax>
      <nax:Pace>
      4.126973737918706
    </nax:Pace>
    </nax:Nax>
    </TPX>
    </Extensions>
    </Trackpoint>
<Trackpoint>
      <Time>
      2023-08-20T09:12:51.189Z
    </Time><DistanceMeters>
      9.785552797839046
    </DistanceMeters><Cadence>
      168.54537963867188
    </Cadence><SensorState>
      Present
    </SensorState>
    </Trackpoint>
<Trackpoint>
      <Time>
      2023-08-20T09:12:52.001Z
    </Time><Position>
      <LatitudeDegrees>
      15.012541605926765
    </LatitudeDegrees><LongitudeDegrees>
      120.63453542244812
    </LongitudeDegrees>
    </Position><AltitudeMeters>
      15.228006216837862
    </AltitudeMeters><SensorState>
      Present
    </SensorState>
    </Trackpoint>
<Trackpoint>
      <Time>
      2023-08-20T09:12:53.000Z
    </Time><SensorState>
      Present
    </SensorState><Extensions>
      <TPX xmlns="http://www.garmin.com/xmlschemas/ActivityExtension/v2">
      <nax:Nax>
      <nax:NikeFuel>
      9.587859703411489
    </nax:NikeFuel>
    </nax:Nax>
    </TPX>
    </Extensions>
    </Trackpoint>
<Trackpoint>
      <Time>
      2023-08-20T09:12:53.744Z
    </Time><SensorState>
      Present
    </SensorState><Extensions>
      <TPX xmlns="http://www.garmin.com/xmlschemas/ActivityExtension/v2">
      <ns3:Speed>
      3.962863808398601
    </ns3:Speed><nax:Nax>
      <nax:Pace>
      4.205712704873825
    </nax:Pace>
    </nax:Nax>
    </TPX>
    </Extensions>
    </Trackpoint>
<Trackpoint>
      <Time>
      2023-08-20T09:12:53.745Z
    </Time><DistanceMeters>
      8.354023972526193
    </DistanceMeters><Cadence>
      168.22400093078613
    </Cadence><SensorState>
      Present
    </SensorState>
    </Trackpoint>
<Trackpoint>
      <Time>
      2023-08-20T09:12:53.802Z
    </Time><SensorState>
      Present
    </SensorState><Extensions>
      <TPX xmlns="http://www.garmin.com/xmlschemas/ActivityExtension/v2">
      <nax:Nax>
      <nax:AscentInMeters>
      0.029999971389770508
    </nax:AscentInMeters>
    </nax:Nax>
    </TPX>
    </Extensions>
    </Trackpoint>
<Trackpoint>
      <Time>
      2023-08-20T09:12:55.001Z
    </Time><Position>
      <LatitudeDegrees>
      15.01248207134471
    </LatitudeDegrees><LongitudeDegrees>
      120.63460785016386
    </LongitudeDegrees>
    </Position><AltitudeMeters>
      15.884617984424217
    </AltitudeMeters><SensorState>
      Present
    </SensorState>
    </Trackpoint>
<Trackpoint>
      <Time>
      2023-08-20T09:12:56.300Z
    </Time><SensorState>
      Present
    </SensorState><Extensions>
      <TPX xmlns="http://www.garmin.com/xmlschemas/ActivityExtension/v2">
      <ns3:Speed>
      3.8420494646868963
    </ns3:Speed><nax:Nax>
      <nax:Pace>
      4.337962543130584
    </nax:Pace>
    </nax:Nax>
    </TPX>
    </Extensions>
    </Trackpoint>
<Trackpoint>
      <Time>
      2023-08-20T09:12:56.301Z
    </Time><DistanceMeters>
      8.311763083562255
    </DistanceMeters><Cadence>
      168.09651374816895
    </Cadence><SensorState>
      Present
    </SensorState>
    </Trackpoint>
<Trackpoint>
      <Time>
      2023-08-20T09:12:56.356Z
    </Time><SensorState>
      Present
    </SensorState><Extensions>
      <TPX xmlns="http://www.garmin.com/xmlschemas/ActivityExtension/v2">
      <nax:Nax>
      <nax:AscentInMeters>
      0.06000018119812012
    </nax:AscentInMeters>
    </nax:Nax>
    </TPX>
    </Extensions>
    </Trackpoint>
<Trackpoint>
      <Time>
      2023-08-20T09:12:58.001Z
    </Time><Position>
      <LatitudeDegrees>
      15.012416112724077
    </LatitudeDegrees><LongitudeDegrees>
      120.63467302291784
    </LongitudeDegrees>
    </Position><AltitudeMeters>
      15.377834463932047
    </AltitudeMeters><SensorState>
      Present
    </SensorState>
    </Trackpoint>
<Trackpoint>
      <Time>
      2023-08-20T09:12:58.856Z
    </Time><DistanceMeters>
      8.745781091041863
    </DistanceMeters><SensorState>
      Present
    </SensorState><Extensions>
      <TPX xmlns="http://www.garmin.com/xmlschemas/ActivityExtension/v2">
      <ns3:Speed>
      3.585196982207667
    </ns3:Speed><nax:Nax>
      <nax:Pace>
      4.648745033921061
    </nax:Pace>
    </nax:Nax>
    </TPX>
    </Extensions>
    </Trackpoint>
<Trackpoint>
      <Time>
      2023-08-20T09:12:58.857Z
    </Time><Cadence>
      168.22990894317627
    </Cadence><SensorState>
      Present
    </SensorState>
    </Trackpoint>
<Trackpoint>
      <Time>
      2023-08-20T09:12:58.915Z
    </Time><SensorState>
      Present
    </SensorState><Extensions>
      <TPX xmlns="http://www.garmin.com/xmlschemas/ActivityExtension/v2">
      <nax:Nax>
      <nax:AscentInMeters>
      0.039999961853027344
    </nax:AscentInMeters>
    </nax:Nax>
    </TPX>
    </Extensions>
    </Trackpoint>
<Trackpoint>
      <Time>
      2023-08-20T09:13:01.001Z
    </Time><Position>
      <LatitudeDegrees>
      15.012349433303633
    </LatitudeDegrees><LongitudeDegrees>
      120.63473853310617
    </LongitudeDegrees>
    </Position><AltitudeMeters>
      15.59141541166143
    </AltitudeMeters><SensorState>
      Present
    </SensorState>
    </Trackpoint>
<Trackpoint>
      <Time>
      2023-08-20T09:13:01.412Z
    </Time><SensorState>
      Present
    </SensorState><Extensions>
      <TPX xmlns="http://www.garmin.com/xmlschemas/ActivityExtension/v2">
      <ns3:Speed>
      3.597082023229631
    </ns3:Speed><nax:Nax>
      <nax:Pace>
      4.633385215859644
    </nax:Pace>
    </nax:Nax>
    </TPX>
    </Extensions>
    </Trackpoint>
<Trackpoint>
      <Time>
      2023-08-20T09:13:01.413Z
    </Time><DistanceMeters>
      9.102225307375193
    </DistanceMeters><Cadence>
      168.12270641326904
    </Cadence><SensorState>
      Present
    </SensorState>
    </Trackpoint>
<Trackpoint>
      <Time>
      2023-08-20T09:13:01.468Z
    </Time><SensorState>
      Present
    </SensorState><Extensions>
      <TPX xmlns="http://www.garmin.com/xmlschemas/ActivityExtension/v2">
      <nax:Nax>
      <nax:AscentInMeters>
      0.09999990463256836
    </nax:AscentInMeters>
    </nax:Nax>
    </TPX>
    </Extensions>
    </Trackpoint>
<Trackpoint>
      <Time>
      2023-08-20T09:13:03.000Z
    </Time><SensorState>
      Present
    </SensorState><Extensions>
      <TPX xmlns="http://www.garmin.com/xmlschemas/ActivityExtension/v2">
      <nax:Nax>
      <nax:NikeFuel>
      9.496533756310814
    </nax:NikeFuel>
    </nax:Nax>
    </TPX>
    </Extensions>
    </Trackpoint>
<Trackpoint>
      <Time>
      2023-08-20T09:13:03.968Z
    </Time><DistanceMeters>
      10.135733369737864
    </DistanceMeters><SensorState>
      Present
    </SensorState><Extensions>
      <TPX xmlns="http://www.garmin.com/xmlschemas/ActivityExtension/v2">
      <ns3:Speed>
      3.650489597388601
    </ns3:Speed><nax:Nax>
      <nax:Pace>
      4.565597633421354
    </nax:Pace>
    </nax:Nax>
    </TPX>
    </Extensions>
    </Trackpoint>
<Trackpoint>
      <Time>
      2023-08-20T09:13:03.969Z
    </Time><Cadence>
      167.93078899383545
    </Cadence><SensorState>
      Present
    </SensorState>
    </Trackpoint>
<Trackpoint>
      <Time>
      2023-08-20T09:13:04.001Z
    </Time><Position>
      <LatitudeDegrees>
      15.012287287642211
    </LatitudeDegrees><LongitudeDegrees>
      120.63481666377179
    </LongitudeDegrees>
    </Position><AltitudeMeters>
      14.978651038010625
    </AltitudeMeters><SensorState>
      Present
    </SensorState>
    </Trackpoint>
<Trackpoint>
      <Time>
      2023-08-20T09:13:04.027Z
    </Time><SensorState>
      Present
    </SensorState><Extensions>
      <TPX xmlns="http://www.garmin.com/xmlschemas/ActivityExtension/v2">
      <nax:Nax>
      <nax:AscentInMeters>
      0.009999990463256836
    </nax:AscentInMeters>
    </nax:Nax>
    </TPX>
    </Extensions>
    </Trackpoint>
<Trackpoint>
      <Time>
      2023-08-20T09:13:06.525Z
    </Time><SensorState>
      Present
    </SensorState><Extensions>
      <TPX xmlns="http://www.garmin.com/xmlschemas/ActivityExtension/v2">
      <ns3:Speed>
      3.7745344002648737
    </ns3:Speed><nax:Nax>
      <nax:Pace>
      4.4155556419083375
    </nax:Pace>
    </nax:Nax>
    </TPX>
    </Extensions>
    </Trackpoint>
<Trackpoint>
      <Time>
      2023-08-20T09:13:06.526Z
    </Time><DistanceMeters>
      8.655140022747219
    </DistanceMeters><Cadence>
      167.93078899383545
    </Cadence><SensorState>
      Present
    </SensorState>
    </Trackpoint>
<Trackpoint>
      <Time>
      2023-08-20T09:13:06.580Z
    </Time><SensorState>
      Present
    </SensorState><Extensions>
      <TPX xmlns="http://www.garmin.com/xmlschemas/ActivityExtension/v2">
      <nax:Nax>
      <nax:AscentInMeters>
      0.019999980926513672
    </nax:AscentInMeters>
    </nax:Nax>
    </TPX>
    </Extensions>
    </Trackpoint>
<Trackpoint>
      <Time>
      2023-08-20T09:13:07.001Z
    </Time><Position>
      <LatitudeDegrees>
      15.012227347091812
    </LatitudeDegrees><LongitudeDegrees>
      120.63490740962047
    </LongitudeDegrees>
    </Position><AltitudeMeters>
      14.708355744513163
    </AltitudeMeters><SensorState>
      Present
    </SensorState>
    </Trackpoint>
<Trackpoint>
      <Time>
      2023-08-20T09:13:09.081Z
    </Time><SensorState>
      Present
    </SensorState><Extensions>
      <TPX xmlns="http://www.garmin.com/xmlschemas/ActivityExtension/v2">
      <ns3:Speed>
      3.695717471638152
    </ns3:Speed><nax:Nax>
      <nax:Pace>
      4.509724240170083
    </nax:Pace>
    </nax:Nax>
    </TPX>
    </Extensions>
    </Trackpoint>
<Trackpoint>
      <Time>
      2023-08-20T09:13:09.082Z
    </Time><DistanceMeters>
      10.511496965773404
    </DistanceMeters><Cadence>
      168.22278499603271
    </Cadence><SensorState>
      Present
    </SensorState>
    </Trackpoint>
<Trackpoint>
      <Time>
      2023-08-20T09:13:09.139Z
    </Time><SensorState>
      Present
    </SensorState><Extensions>
      <TPX xmlns="http://www.garmin.com/xmlschemas/ActivityExtension/v2">
      <nax:Nax>
      <nax:AscentInMeters>
      0.1700000762939453
    </nax:AscentInMeters>
    </nax:Nax>
    </TPX>
    </Extensions>
    </Trackpoint>
<Trackpoint>
      <Time>
      2023-08-20T09:13:10.001Z
    </Time><Position>
      <LatitudeDegrees>
      15.012155395700711
    </LatitudeDegrees><LongitudeDegrees>
      120.63498090971716
    </LongitudeDegrees>
    </Position><AltitudeMeters>
      14.430667194830143
    </AltitudeMeters><SensorState>
      Present
    </SensorState>
    </Trackpoint>
<Trackpoint>
      <Time>
      2023-08-20T09:13:11.637Z
    </Time><SensorState>
      Present
    </SensorState><Extensions>
      <TPX xmlns="http://www.garmin.com/xmlschemas/ActivityExtension/v2">
      <ns3:Speed>
      3.7163053968173982
    </ns3:Speed><nax:Nax>
      <nax:Pace>
      4.484740861431844
    </nax:Pace>
    </nax:Nax>
    </TPX>
    </Extensions>
    </Trackpoint>
<Trackpoint>
      <Time>
      2023-08-20T09:13:11.638Z
    </Time><DistanceMeters>
      8.42737286631018
    </DistanceMeters><Cadence>
      168.22278499603271
    </Cadence><SensorState>
      Present
    </SensorState>
    </Trackpoint>
<Trackpoint>
      <Time>
      2023-08-20T09:13:11.694Z
    </Time><SensorState>
      Present
    </SensorState><Extensions>
      <TPX xmlns="http://www.garmin.com/xmlschemas/ActivityExtension/v2">
      <nax:Nax>
      <nax:AscentInMeters>
      0.039999961853027344
    </nax:AscentInMeters>
    </nax:Nax>
    </TPX>
    </Extensions>
    </Trackpoint>
<Trackpoint>
      <Time>
      2023-08-20T09:13:13.000Z
    </Time><SensorState>
      Present
    </SensorState><Extensions>
      <TPX xmlns="http://www.garmin.com/xmlschemas/ActivityExtension/v2">
      <nax:Nax>
      <nax:NikeFuel>
      9.119019962768569
    </nax:NikeFuel>
    </nax:Nax>
    </TPX>
    </Extensions>
    </Trackpoint>
<Trackpoint>
      <Time>
      2023-08-20T09:13:14.001Z
    </Time><Position>
      <LatitudeDegrees>
      15.012073025602472
    </LatitudeDegrees><LongitudeDegrees>
      120.63506859048854
    </LongitudeDegrees>
    </Position><AltitudeMeters>
      14.576118922999868
    </AltitudeMeters><SensorState>
      Present
    </SensorState>
    </Trackpoint>
<Trackpoint>
      <Time>
      2023-08-20T09:13:14.193Z
    </Time><SensorState>
      Present
    </SensorState><Extensions>
      <TPX xmlns="http://www.garmin.com/xmlschemas/ActivityExtension/v2">
      <ns3:Speed>
      3.6133564169389123
    </ns3:Speed><nax:Nax>
      <nax:Pace>
      4.612516658621234
    </nax:Pace>
    </nax:Nax>
    </TPX>
    </Extensions>
    </Trackpoint>
<Trackpoint>
      <Time>
      2023-08-20T09:13:14.194Z
    </Time><DistanceMeters>
      7.762872383929789
    </DistanceMeters><Cadence>
      167.97356128692627
    </Cadence><SensorState>
      Present
    </SensorState>
    </Trackpoint>
<Trackpoint>
      <Time>
      2023-08-20T09:13:14.250Z
    </Time><SensorState>
      Present
    </SensorState><Extensions>
      <TPX xmlns="http://www.garmin.com/xmlschemas/ActivityExtension/v2">
      <nax:Nax>
      <nax:AscentInMeters>
      0.16000008583068848
    </nax:AscentInMeters>
    </nax:Nax>
    </TPX>
    </Extensions>
    </Trackpoint>
<Trackpoint>
      <Time>
      2023-08-20T09:13:16.749Z
    </Time><SensorState>
      Present
    </SensorState><Extensions>
      <TPX xmlns="http://www.garmin.com/xmlschemas/ActivityExtension/v2">
      <ns3:Speed>
      3.492472940912104
    </ns3:Speed><nax:Nax>
      <nax:Pace>
      4.772167730042298
    </nax:Pace>
    </nax:Nax>
    </TPX>
    </Extensions>
    </Trackpoint>
<Trackpoint>
      <Time>
      2023-08-20T09:13:16.750Z
    </Time><DistanceMeters>
      9.768167349509895
    </DistanceMeters><Cadence>
      167.97356128692627
    </Cadence><SensorState>
      Present
    </SensorState>
    </Trackpoint>
<Trackpoint>
      <Time>
      2023-08-20T09:13:16.806Z
    </Time><SensorState>
      Present
    </SensorState><Extensions>
      <TPX xmlns="http://www.garmin.com/xmlschemas/ActivityExtension/v2">
      <nax:Nax>
      <nax:AscentInMeters>
      0.46000003814697266
    </nax:AscentInMeters>
    </nax:Nax>
    </TPX>
    </Extensions>
    </Trackpoint>
<Trackpoint>
      <Time>
      2023-08-20T09:13:17.001Z
    </Time><Position>
      <LatitudeDegrees>
      15.012002257270648
    </LatitudeDegrees><LongitudeDegrees>
      120.63513581694771
    </LongitudeDegrees>
    </Position><AltitudeMeters>
      14.310973957483633
    </AltitudeMeters><SensorState>
      Present
    </SensorState>
    </Trackpoint>
<Trackpoint>
      <Time>
      2023-08-20T09:13:19.305Z
    </Time><SensorState>
      Present
    </SensorState><Extensions>
      <TPX xmlns="http://www.garmin.com/xmlschemas/ActivityExtension/v2">
      <ns3:Speed>
      3.571216587009088
    </ns3:Speed><nax:Nax>
      <nax:Pace>
      4.666943676083529
    </nax:Pace>
    </nax:Nax>
    </TPX>
    </Extensions>
    </Trackpoint>
<Trackpoint>
      <Time>
      2023-08-20T09:13:19.306Z
    </Time><DistanceMeters>
      10.698785184882581
    </DistanceMeters><Cadence>
      167.97356128692627
    </Cadence><SensorState>
      Present
    </SensorState>
    </Trackpoint>
<Trackpoint>
      <Time>
      2023-08-20T09:13:19.362Z
    </Time><SensorState>
      Present
    </SensorState><Extensions>
      <TPX xmlns="http://www.garmin.com/xmlschemas/ActivityExtension/v2">
      <nax:Nax>
      <nax:AscentInMeters>
      0.04999995231628418
    </nax:AscentInMeters>
    </nax:Nax>
    </TPX>
    </Extensions>
    </Trackpoint>
<Trackpoint>
      <Time>
      2023-08-20T09:13:20.001Z
    </Time><Position>
      <LatitudeDegrees>
      15.01192682988219
    </LatitudeDegrees><LongitudeDegrees>
      120.6352132189906
    </LongitudeDegrees>
    </Position><AltitudeMeters>
      14.537553239530162
    </AltitudeMeters><SensorState>
      Present
    </SensorState>
    </Trackpoint>
<Trackpoint>
      <Time>
      2023-08-20T09:13:21.861Z
    </Time><SensorState>
      Present
    </SensorState><Extensions>
      <TPX xmlns="http://www.garmin.com/xmlschemas/ActivityExtension/v2">
      <ns3:Speed>
      3.5393452804067578
    </ns3:Speed><nax:Nax>
      <nax:Pace>
      4.708968847693565
    </nax:Pace>
    </nax:Nax>
    </TPX>
    </Extensions>
    </Trackpoint>
<Trackpoint>
      <Time>
      2023-08-20T09:13:21.862Z
    </Time><DistanceMeters>
      9.32248601783067
    </DistanceMeters><Cadence>
      167.7442216873169
    </Cadence><SensorState>
      Present
    </SensorState>
    </Trackpoint>
<Trackpoint>
      <Time>
      2023-08-20T09:13:23.000Z
    </Time><SensorState>
      Present
    </SensorState><Extensions>
      <TPX xmlns="http://www.garmin.com/xmlschemas/ActivityExtension/v2">
      <nax:Nax>
      <nax:NikeFuel>
      9.012756408728944
    </nax:NikeFuel>
    </nax:Nax>
    </TPX>
    </Extensions>
    </Trackpoint>
<Trackpoint>
      <Time>
      2023-08-20T09:13:23.001Z
    </Time><Position>
      <LatitudeDegrees>
      15.011850018146754
    </LatitudeDegrees><LongitudeDegrees>
      120.63527628573496
    </LongitudeDegrees>
    </Position><AltitudeMeters>
      14.44033673058091
    </AltitudeMeters><SensorState>
      Present
    </SensorState>
    </Trackpoint>
<Trackpoint>
      <Time>
      2023-08-20T09:13:24.417Z
    </Time><SensorState>
      Present
    </SensorState><Extensions>
      <TPX xmlns="http://www.garmin.com/xmlschemas/ActivityExtension/v2">
      <ns3:Speed>
      3.5658047926497765
    </ns3:Speed><nax:Nax>
      <nax:Pace>
      4.674026660411082
    </nax:Pace>
    </nax:Nax>
    </TPX>
    </Extensions>
    </Trackpoint>
<Trackpoint>
      <Time>
      2023-08-20T09:13:24.418Z
    </Time><DistanceMeters>
      9.169686573557556
    </DistanceMeters><Cadence>
      167.54194736480713
    </Cadence><SensorState>
      Present
    </SensorState>
    </Trackpoint>
<Trackpoint>
      <Time>
      2023-08-20T09:13:26.001Z
    </Time><Position>
      <LatitudeDegrees>
      15.011780118745621
    </LatitudeDegrees><LongitudeDegrees>
      120.63534350624258
    </LongitudeDegrees>
    </Position><AltitudeMeters>
      14.837984495064902
    </AltitudeMeters><SensorState>
      Present
    </SensorState>
    </Trackpoint>
<Trackpoint>
      <Time>
      2023-08-20T09:13:26.973Z
    </Time><SensorState>
      Present
    </SensorState><Extensions>
      <TPX xmlns="http://www.garmin.com/xmlschemas/ActivityExtension/v2">
      <ns3:Speed>
      3.564488925706019
    </ns3:Speed><nax:Nax>
      <nax:Pace>
      4.675752124370956
    </nax:Pace>
    </nax:Nax>
    </TPX>
    </Extensions>
    </Trackpoint>
<Trackpoint>
      <Time>
      2023-08-20T09:13:26.974Z
    </Time><DistanceMeters>
      7.922959798946977
    </DistanceMeters><Cadence>
      167.5079870223999
    </Cadence><SensorState>
      Present
    </SensorState>
    </Trackpoint>
<Trackpoint>
      <Time>
      2023-08-20T09:13:29.001Z
    </Time><Position>
      <LatitudeDegrees>
      15.011718719358049
    </LatitudeDegrees><LongitudeDegrees>
      120.63541262500723
    </LongitudeDegrees>
    </Position><AltitudeMeters>
      14.891977787668445
    </AltitudeMeters><SensorState>
      Present
    </SensorState>
    </Trackpoint>
<Trackpoint>
      <Time>
      2023-08-20T09:13:29.529Z
    </Time><SensorState>
      Present
    </SensorState><Extensions>
      <TPX xmlns="http://www.garmin.com/xmlschemas/ActivityExtension/v2">
      <ns3:Speed>
      3.4723809850272027
    </ns3:Speed><nax:Nax>
      <nax:Pace>
      4.799780536333083
    </nax:Pace>
    </nax:Nax>
    </TPX>
    </Extensions>
    </Trackpoint>
<Trackpoint>
      <Time>
      2023-08-20T09:13:29.530Z
    </Time><DistanceMeters>
      8.44002081360668
    </DistanceMeters><Cadence>
      167.4775743484497
    </Cadence><SensorState>
      Present
    </SensorState>
    </Trackpoint>
<Trackpoint>
      <Time>
      2023-08-20T09:13:32.085Z
    </Time><SensorState>
      Present
    </SensorState><Extensions>
      <TPX xmlns="http://www.garmin.com/xmlschemas/ActivityExtension/v2">
      <ns3:Speed>
      3.4390127750040844
    </ns3:Speed><nax:Nax>
      <nax:Pace>
      4.846352065861946
    </nax:Pace>
    </nax:Nax>
    </TPX>
    </Extensions>
    </Trackpoint>
<Trackpoint>
      <Time>
      2023-08-20T09:13:32.086Z
    </Time><DistanceMeters>
      9.231875088065863
    </DistanceMeters><Cadence>
      167.64753341674805
    </Cadence><SensorState>
      Present
    </SensorState>
    </Trackpoint>
<Trackpoint>
      <Time>
      2023-08-20T09:13:32.143Z
    </Time><SensorState>
      Present
    </SensorState><Extensions>
      <TPX xmlns="http://www.garmin.com/xmlschemas/ActivityExtension/v2">
      <nax:Nax>
      <nax:DescentInMeters>
      0.09999990463256836
    </nax:DescentInMeters>
    </nax:Nax>
    </TPX>
    </Extensions>
    </Trackpoint>
<Trackpoint>
      <Time>
      2023-08-20T09:13:33.000Z
    </Time><SensorState>
      Present
    </SensorState><Extensions>
      <TPX xmlns="http://www.garmin.com/xmlschemas/ActivityExtension/v2">
      <nax:Nax>
      <nax:NikeFuel>
      9.015960794612077
    </nax:NikeFuel>
    </nax:Nax>
    </TPX>
    </Extensions>
    </Trackpoint>
<Trackpoint>
      <Time>
      2023-08-20T09:13:33.001Z
    </Time><Position>
      <LatitudeDegrees>
      15.011631034149794
    </LatitudeDegrees><LongitudeDegrees>
      120.6355033397715
    </LongitudeDegrees>
    </Position><AltitudeMeters>
      14.201506191418694
    </AltitudeMeters><SensorState>
      Present
    </SensorState>
    </Trackpoint>
<Trackpoint>
      <Time>
      2023-08-20T09:13:34.641Z
    </Time><SensorState>
      Present
    </SensorState><Extensions>
      <TPX xmlns="http://www.garmin.com/xmlschemas/ActivityExtension/v2">
      <ns3:Speed>
      3.484534764419826
    </ns3:Speed><nax:Nax>
      <nax:Pace>
      4.783039284569072
    </nax:Pace>
    </nax:Nax>
    </TPX>
    </Extensions>
    </Trackpoint>
<Trackpoint>
      <Time>
      2023-08-20T09:13:34.642Z
    </Time><DistanceMeters>
      8.898940404877067
    </DistanceMeters><Cadence>
      167.47867584228516
    </Cadence><SensorState>
      Present
    </SensorState>
    </Trackpoint>
<Trackpoint>
      <Time>
      2023-08-20T09:13:34.698Z
    </Time><SensorState>
      Present
    </SensorState><Extensions>
      <TPX xmlns="http://www.garmin.com/xmlschemas/ActivityExtension/v2">
      <nax:Nax>
      <nax:DescentInMeters>
      0.23000001907348633
    </nax:DescentInMeters>
    </nax:Nax>
    </TPX>
    </Extensions>
    </Trackpoint>
<Trackpoint>
      <Time>
      2023-08-20T09:13:36.000Z
    </Time><Position>
      <LatitudeDegrees>
      15.011559275918396
    </LatitudeDegrees><LongitudeDegrees>
      120.63557828697944
    </LongitudeDegrees>
    </Position><AltitudeMeters>
      13.75879841784407
    </AltitudeMeters><SensorState>
      Present
    </SensorState>
    </Trackpoint>
<Trackpoint>
      <Time>
      2023-08-20T09:13:37.197Z
    </Time><SensorState>
      Present
    </SensorState><Extensions>
      <TPX xmlns="http://www.garmin.com/xmlschemas/ActivityExtension/v2">
      <ns3:Speed>
      3.5024224751062234
    </ns3:Speed><nax:Nax>
      <nax:Pace>
      4.758611157028162
    </nax:Pace>
    </nax:Nax>
    </TPX>
    </Extensions>
    </Trackpoint>
<Trackpoint>
      <Time>
      2023-08-20T09:13:37.198Z
    </Time><DistanceMeters>
      10.25261143129319
    </DistanceMeters><Cadence>
      167.70041942596436
    </Cadence><SensorState>
      Present
    </SensorState>
    </Trackpoint>
<Trackpoint>
      <Time>
      2023-08-20T09:13:37.255Z
    </Time><SensorState>
      Present
    </SensorState><Extensions>
      <TPX xmlns="http://www.garmin.com/xmlschemas/ActivityExtension/v2">
      <nax:Nax>
      <nax:DescentInMeters>
      0.2700002193450928
    </nax:DescentInMeters>
    </nax:Nax>
    </TPX>
    </Extensions>
    </Trackpoint>
<Trackpoint>
      <Time>
      2023-08-20T09:13:38.999Z
    </Time><Position>
      <LatitudeDegrees>
      15.011489106178555
    </LatitudeDegrees><LongitudeDegrees>
      120.63564564635362
    </LongitudeDegrees>
    </Position><AltitudeMeters>
      14.116660918978162
    </AltitudeMeters><SensorState>
      Present
    </SensorState>
    </Trackpoint>
<Trackpoint>
      <Time>
      2023-08-20T09:13:39.753Z
    </Time><SensorState>
      Present
    </SensorState><Extensions>
      <TPX xmlns="http://www.garmin.com/xmlschemas/ActivityExtension/v2">
      <ns3:Speed>
      3.528591677417771
    </ns3:Speed><nax:Nax>
      <nax:Pace>
      4.723319723653421
    </nax:Pace>
    </nax:Nax>
    </TPX>
    </Extensions>
    </Trackpoint>
<Trackpoint>
      <Time>
      2023-08-20T09:13:39.754Z
    </Time><DistanceMeters>
      9.280666789971292
    </DistanceMeters><Cadence>
      167.72998809814453
    </Cadence><SensorState>
      Present
    </SensorState>
    </Trackpoint>
<Trackpoint>
      <Time>
      2023-08-20T09:13:39.810Z
    </Time><SensorState>
      Present
    </SensorState><Extensions>
      <TPX xmlns="http://www.garmin.com/xmlschemas/ActivityExtension/v2">
      <nax:Nax>
      <nax:DescentInMeters>
      0.23000001907348633
    </nax:DescentInMeters>
    </nax:Nax>
    </TPX>
    </Extensions>
    </Trackpoint>
<Trackpoint>
      <Time>
      2023-08-20T09:13:42.000Z
    </Time><Position>
      <LatitudeDegrees>
      15.011421831452363
    </LatitudeDegrees><LongitudeDegrees>
      120.63571936038252
    </LongitudeDegrees>
    </Position><AltitudeMeters>
      14.174233738091736
    </AltitudeMeters><SensorState>
      Present
    </SensorState>
    </Trackpoint>
<Trackpoint>
      <Time>
      2023-08-20T09:13:42.309Z
    </Time><SensorState>
      Present
    </SensorState><Extensions>
      <TPX xmlns="http://www.garmin.com/xmlschemas/ActivityExtension/v2">
      <ns3:Speed>
      3.5314067667587294
    </ns3:Speed><nax:Nax>
      <nax:Pace>
      4.719554491300933
    </nax:Pace>
    </nax:Nax>
    </TPX>
    </Extensions>
    </Trackpoint>
<Trackpoint>
      <Time>
      2023-08-20T09:13:42.310Z
    </Time><DistanceMeters>
      9.10557572543621
    </DistanceMeters><Cadence>
      168.0342721939087
    </Cadence><SensorState>
      Present
    </SensorState>
    </Trackpoint>
<Trackpoint>
      <Time>
      2023-08-20T09:13:42.366Z
    </Time><SensorState>
      Present
    </SensorState><Extensions>
      <TPX xmlns="http://www.garmin.com/xmlschemas/ActivityExtension/v2">
      <nax:Nax>
      <nax:DescentInMeters>
      0.06999993324279785
    </nax:DescentInMeters>
    </nax:Nax>
    </TPX>
    </Extensions>
    </Trackpoint>
<Trackpoint>
      <Time>
      2023-08-20T09:13:43.000Z
    </Time><SensorState>
      Present
    </SensorState><Extensions>
      <TPX xmlns="http://www.garmin.com/xmlschemas/ActivityExtension/v2">
      <nax:Nax>
      <nax:NikeFuel>
      9.181385000165267
    </nax:NikeFuel>
    </nax:Nax>
    </TPX>
    </Extensions>
    </Trackpoint>
<Trackpoint>
      <Time>
      2023-08-20T09:13:44.866Z
    </Time><SensorState>
      Present
    </SensorState><Extensions>
      <TPX xmlns="http://www.garmin.com/xmlschemas/ActivityExtension/v2">
      <ns3:Speed>
      3.558016030939613
    </ns3:Speed><nax:Nax>
      <nax:Pace>
      4.684258452389624
    </nax:Pace>
    </nax:Nax>
    </TPX>
    </Extensions>
    </Trackpoint>
<Trackpoint>
      <Time>
      2023-08-20T09:13:44.867Z
    </Time><DistanceMeters>
      9.461832348257303
    </DistanceMeters><Cadence>
      167.9741621017456
    </Cadence><SensorState>
      Present
    </SensorState>
    </Trackpoint>
<Trackpoint>
      <Time>
      2023-08-20T09:13:44.922Z
    </Time><SensorState>
      Present
    </SensorState><Extensions>
      <TPX xmlns="http://www.garmin.com/xmlschemas/ActivityExtension/v2">
      <nax:Nax>
      <nax:DescentInMeters>
      0.029999971389770508
    </nax:DescentInMeters>
    </nax:Nax>
    </TPX>
    </Extensions>
    </Trackpoint>
<Trackpoint>
      <Time>
      2023-08-20T09:13:44.999Z
    </Time><Position>
      <LatitudeDegrees>
      15.01135087314974
    </LatitudeDegrees><LongitudeDegrees>
      120.63579161307611
    </LongitudeDegrees>
    </Position><AltitudeMeters>
      13.995480596674128
    </AltitudeMeters><SensorState>
      Present
    </SensorState>
    </Trackpoint>
<Trackpoint>
      <Time>
      2023-08-20T09:13:47.422Z
    </Time><DistanceMeters>
      8.93355016130954
    </DistanceMeters><SensorState>
      Present
    </SensorState><Extensions>
      <TPX xmlns="http://www.garmin.com/xmlschemas/ActivityExtension/v2">
      <ns3:Speed>
      3.580109594786857
    </ns3:Speed><nax:Nax>
      <nax:Pace>
      4.655350967728942
    </nax:Pace>
    </nax:Nax>
    </TPX>
    </Extensions>
    </Trackpoint>
<Trackpoint>
      <Time>
      2023-08-20T09:13:47.423Z
    </Time><Cadence>
      168.17291736602783
    </Cadence><SensorState>
      Present
    </SensorState>
    </Trackpoint>
<Trackpoint>
      <Time>
      2023-08-20T09:13:47.478Z
    </Time><SensorState>
      Present
    </SensorState><Extensions>
      <TPX xmlns="http://www.garmin.com/xmlschemas/ActivityExtension/v2">
      <nax:Nax>
      <nax:DescentInMeters>
      0.039999961853027344
    </nax:DescentInMeters>
    </nax:Nax>
    </TPX>
    </Extensions>
    </Trackpoint>
<Trackpoint>
      <Time>
      2023-08-20T09:13:47.999Z
    </Time><Position>
      <LatitudeDegrees>
      15.011278634371608
    </LatitudeDegrees><LongitudeDegrees>
      120.63586889800511
    </LongitudeDegrees>
    </Position><AltitudeMeters>
      14.12005504610196
    </AltitudeMeters><SensorState>
      Present
    </SensorState>
    </Trackpoint>
<Trackpoint>
      <Time>
      2023-08-20T09:13:49.978Z
    </Time><SensorState>
      Present
    </SensorState><Extensions>
      <TPX xmlns="http://www.garmin.com/xmlschemas/ActivityExtension/v2">
      <ns3:Speed>
      3.578080550677518
    </ns3:Speed><nax:Nax>
      <nax:Pace>
      4.657990906188736
    </nax:Pace>
    </nax:Nax>
    </TPX>
    </Extensions>
    </Trackpoint>
<Trackpoint>
      <Time>
      2023-08-20T09:13:49.979Z
    </Time><DistanceMeters>
      9.720370635390282
    </DistanceMeters><Cadence>
      167.84226894378662
    </Cadence><SensorState>
      Present
    </SensorState>
    </Trackpoint>
<Trackpoint>
      <Time>
      2023-08-20T09:13:50.034Z
    </Time><SensorState>
      Present
    </SensorState><Extensions>
      <TPX xmlns="http://www.garmin.com/xmlschemas/ActivityExtension/v2">
      <nax:Nax>
      <nax:DescentInMeters>
      0.009999990463256836
    </nax:DescentInMeters>
    </nax:Nax>
    </TPX>
    </Extensions>
    </Trackpoint>
<Trackpoint>
      <Time>
      2023-08-20T09:13:50.999Z
    </Time><Position>
      <LatitudeDegrees>
      15.011215287196084
    </LatitudeDegrees><LongitudeDegrees>
      120.63594023960191
    </LongitudeDegrees>
    </Position><AltitudeMeters>
      14.18140309600281
    </AltitudeMeters><SensorState>
      Present
    </SensorState>
    </Trackpoint>
<Trackpoint>
      <Time>
      2023-08-20T09:13:52.534Z
    </Time><DistanceMeters>
      11.844409666024148
    </DistanceMeters><SensorState>
      Present
    </SensorState><Extensions>
      <TPX xmlns="http://www.garmin.com/xmlschemas/ActivityExtension/v2">
      <ns3:Speed>
      3.6027169640239047
    </ns3:Speed><nax:Nax>
      <nax:Pace>
      4.626138226537654
    </nax:Pace>
    </nax:Nax>
    </TPX>
    </Extensions>
    </Trackpoint>
<Trackpoint>
      <Time>
      2023-08-20T09:13:52.535Z
    </Time><Cadence>
      167.9084300994873
    </Cadence><SensorState>
      Present
    </SensorState>
    </Trackpoint>
<Trackpoint>
      <Time>
      2023-08-20T09:13:53.000Z
    </Time><SensorState>
      Present
    </SensorState><Extensions>
      <TPX xmlns="http://www.garmin.com/xmlschemas/ActivityExtension/v2">
      <nax:Nax>
      <nax:NikeFuel>
      9.53261367380839
    </nax:NikeFuel>
    </nax:Nax>
    </TPX>
    </Extensions>
    </Trackpoint>
<Trackpoint>
      <Time>
      2023-08-20T09:13:53.999Z
    </Time><Position>
      <LatitudeDegrees>
      15.011140041083534
    </LatitudeDegrees><LongitudeDegrees>
      120.63603548433349
    </LongitudeDegrees>
    </Position><AltitudeMeters>
      14.044227159610493
    </AltitudeMeters><SensorState>
      Present
    </SensorState>
    </Trackpoint>
<Trackpoint>
      <Time>
      2023-08-20T09:13:55.090Z
    </Time><SensorState>
      Present
    </SensorState><Extensions>
      <TPX xmlns="http://www.garmin.com/xmlschemas/ActivityExtension/v2">
      <ns3:Speed>
      3.655148997964755
    </ns3:Speed><nax:Nax>
      <nax:Pace>
      4.559777638598845
    </nax:Pace>
    </nax:Nax>
    </TPX>
    </Extensions>
    </Trackpoint>
<Trackpoint>
      <Time>
      2023-08-20T09:13:55.091Z
    </Time><DistanceMeters>
      10.277711600996554
    </DistanceMeters><Cadence>
      168.0407953262329
    </Cadence><SensorState>
      Present
    </SensorState>
    </Trackpoint>
<Trackpoint>
      <Time>
      2023-08-20T09:13:56.999Z
    </Time><Position>
      <LatitudeDegrees>
      15.011076081295066
    </LatitudeDegrees><LongitudeDegrees>
      120.63612675919083
    </LongitudeDegrees>
    </Position><AltitudeMeters>
      14.061942548421207
    </AltitudeMeters><SensorState>
      Present
    </SensorState>
    </Trackpoint>
<Trackpoint>
      <Time>
      2023-08-20T09:13:57.646Z
    </Time><DistanceMeters>
      9.161295642144978
    </DistanceMeters><SensorState>
      Present
    </SensorState><Extensions>
      <TPX xmlns="http://www.garmin.com/xmlschemas/ActivityExtension/v2">
      <ns3:Speed>
      3.726996969752197
    </ns3:Speed><nax:Nax>
      <nax:Pace>
      4.471875561459019
    </nax:Pace>
    </nax:Nax>
    </TPX>
    </Extensions>
    </Trackpoint>
<Trackpoint>
      <Time>
      2023-08-20T09:13:57.647Z
    </Time><Cadence>
      168.23967933654785
    </Cadence><SensorState>
      Present
    </SensorState>
    </Trackpoint>
<Trackpoint>
      <Time>
      2023-08-20T09:13:59.999Z
    </Time><Position>
      <LatitudeDegrees>
      15.011002887818073
    </LatitudeDegrees><LongitudeDegrees>
      120.6362021211651
    </LongitudeDegrees>
    </Position><AltitudeMeters>
      14.271088656945516
    </AltitudeMeters><SensorState>
      Present
    </SensorState>
    </Trackpoint>
<Trackpoint>
      <Time>
      2023-08-20T09:14:00.202Z
    </Time><SensorState>
      Present
    </SensorState><Extensions>
      <TPX xmlns="http://www.garmin.com/xmlschemas/ActivityExtension/v2">
      <ns3:Speed>
      3.7683477368791336
    </ns3:Speed><nax:Nax>
      <nax:Pace>
      4.42280485517763
    </nax:Pace>
    </nax:Nax>
    </TPX>
    </Extensions>
    </Trackpoint>
<Trackpoint>
      <Time>
      2023-08-20T09:14:00.203Z
    </Time><DistanceMeters>
      8.915405062958598
    </DistanceMeters><Cadence>
      168.23977947235107
    </Cadence><SensorState>
      Present
    </SensorState>
    </Trackpoint>
<Trackpoint>
      <Time>
      2023-08-20T09:14:02.758Z
    </Time><DistanceMeters>
      10.675206917338073
    </DistanceMeters><SensorState>
      Present
    </SensorState><Extensions>
      <TPX xmlns="http://www.garmin.com/xmlschemas/ActivityExtension/v2">
      <ns3:Speed>
      3.7458707406293805
    </ns3:Speed><nax:Nax>
      <nax:Pace>
      4.449343776306157
    </nax:Pace>
    </nax:Nax>
    </TPX>
    </Extensions>
    </Trackpoint>
<Trackpoint>
      <Time>
      2023-08-20T09:14:02.759Z
    </Time><Cadence>
      168.3625030517578
    </Cadence><SensorState>
      Present
    </SensorState>
    </Trackpoint>
<Trackpoint>
      <Time>
      2023-08-20T09:14:02.999Z
    </Time><Position>
      <LatitudeDegrees>
      15.010930769224432
    </LatitudeDegrees><LongitudeDegrees>
      120.6362712743642
    </LongitudeDegrees>
    </Position><AltitudeMeters>
      14.61683568558714
    </AltitudeMeters><SensorState>
      Present
    </SensorState>
    </Trackpoint>
<Trackpoint>
      <Time>
      2023-08-20T09:14:03.000Z
    </Time><SensorState>
      Present
    </SensorState><Extensions>
      <TPX xmlns="http://www.garmin.com/xmlschemas/ActivityExtension/v2">
      <nax:Nax>
      <nax:NikeFuel>
      9.51388166018738
    </nax:NikeFuel>
    </nax:Nax>
    </TPX>
    </Extensions>
    </Trackpoint>
<Trackpoint>
      <Time>
      2023-08-20T09:14:05.314Z
    </Time><SensorState>
      Present
    </SensorState><Extensions>
      <TPX xmlns="http://www.garmin.com/xmlschemas/ActivityExtension/v2">
      <ns3:Speed>
      3.75233710987605
    </ns3:Speed><nax:Nax>
      <nax:Pace>
      4.4416762616558225
    </nax:Pace>
    </nax:Nax>
    </TPX>
    </Extensions>
    </Trackpoint>
<Trackpoint>
      <Time>
      2023-08-20T09:14:05.315Z
    </Time><DistanceMeters>
      8.735318751074374
    </DistanceMeters><Cadence>
      168.6269187927246
    </Cadence><SensorState>
      Present
    </SensorState>
    </Trackpoint>
<Trackpoint>
      <Time>
      2023-08-20T09:14:05.999Z
    </Time><Position>
      <LatitudeDegrees>
      15.010862561105641
    </LatitudeDegrees><LongitudeDegrees>
      120.6363467428833
    </LongitudeDegrees>
    </Position><AltitudeMeters>
      14.714148741468861
    </AltitudeMeters><SensorState>
      Present
    </SensorState>
    </Trackpoint>
<Trackpoint>
      <Time>
      2023-08-20T09:14:07.870Z
    </Time><DistanceMeters>
      8.600997281260788
    </DistanceMeters><SensorState>
      Present
    </SensorState><Extensions>
      <TPX xmlns="http://www.garmin.com/xmlschemas/ActivityExtension/v2">
      <ns3:Speed>
      3.745876444448986
    </ns3:Speed><nax:Nax>
      <nax:Pace>
      4.449337001321813
    </nax:Pace>
    </nax:Nax>
    </TPX>
    </Extensions>
    </Trackpoint>
<Trackpoint>
      <Time>
      2023-08-20T09:14:07.871Z
    </Time><Cadence>
      168.37288856506348
    </Cadence><SensorState>
      Present
    </SensorState>
    </Trackpoint>
<Trackpoint>
      <Time>
      2023-08-20T09:14:07.927Z
    </Time><SensorState>
      Present
    </SensorState><Extensions>
      <TPX xmlns="http://www.garmin.com/xmlschemas/ActivityExtension/v2">
      <nax:Nax>
      <nax:AscentInMeters>
      0.06999993324279785
    </nax:AscentInMeters>
    </nax:Nax>
    </TPX>
    </Extensions>
    </Trackpoint>
<Trackpoint>
      <Time>
      2023-08-20T09:14:08.999Z
    </Time><Position>
      <LatitudeDegrees>
      15.010800665147354
    </LatitudeDegrees><LongitudeDegrees>
      120.63642383236436
    </LongitudeDegrees>
    </Position><AltitudeMeters>
      14.67027360355111
    </AltitudeMeters><SensorState>
      Present
    </SensorState>
    </Trackpoint>
<Trackpoint>
      <Time>
      2023-08-20T09:14:10.426Z
    </Time><SensorState>
      Present
    </SensorState><Extensions>
      <TPX xmlns="http://www.garmin.com/xmlschemas/ActivityExtension/v2">
      <ns3:Speed>
      3.697144345386805
    </ns3:Speed><nax:Nax>
      <nax:Pace>
      4.50798375980718
    </nax:Pace>
    </nax:Nax>
    </TPX>
    </Extensions>
    </Trackpoint>
<Trackpoint>
      <Time>
      2023-08-20T09:14:10.427Z
    </Time><DistanceMeters>
      8.697475806809962
    </DistanceMeters><Cadence>
      168.56095790863037
    </Cadence><SensorState>
      Present
    </SensorState>
    </Trackpoint>
<Trackpoint>
      <Time>
      2023-08-20T09:14:12.982Z
    </Time><SensorState>
      Present
    </SensorState><Extensions>
      <TPX xmlns="http://www.garmin.com/xmlschemas/ActivityExtension/v2">
      <ns3:Speed>
      3.6702099756475985
    </ns3:Speed><nax:Nax>
      <nax:Pace>
      4.541066254315839
    </nax:Pace>
    </nax:Nax>
    </TPX>
    </Extensions>
    </Trackpoint>
<Trackpoint>
      <Time>
      2023-08-20T09:14:12.983Z
    </Time><DistanceMeters>
      11.322293167002499
    </DistanceMeters><Cadence>
      168.56095790863037
    </Cadence><SensorState>
      Present
    </SensorState>
    </Trackpoint>
<Trackpoint>
      <Time>
      2023-08-20T09:14:12.999Z
    </Time><Position>
      <LatitudeDegrees>
      15.010718153507948
    </LatitudeDegrees><LongitudeDegrees>
      120.63651981198987
    </LongitudeDegrees>
    </Position><AltitudeMeters>
      14.85796905187918
    </AltitudeMeters><SensorState>
      Present
    </SensorState>
    </Trackpoint>
<Trackpoint>
      <Time>
      2023-08-20T09:14:13.000Z
    </Time><SensorState>
      Present
    </SensorState><Extensions>
      <TPX xmlns="http://www.garmin.com/xmlschemas/ActivityExtension/v2">
      <nax:Nax>
      <nax:NikeFuel>
      9.28810235720042
    </nax:NikeFuel>
    </nax:Nax>
    </TPX>
    </Extensions>
    </Trackpoint>
<Trackpoint>
      <Time>
      2023-08-20T09:14:13.039Z
    </Time><SensorState>
      Present
    </SensorState><Extensions>
      <TPX xmlns="http://www.garmin.com/xmlschemas/ActivityExtension/v2">
      <nax:Nax>
      <nax:AscentInMeters>
      0.25999999046325684
    </nax:AscentInMeters>
    </nax:Nax>
    </TPX>
    </Extensions>
    </Trackpoint>
<Trackpoint>
      <Time>
      2023-08-20T09:14:15.538Z
    </Time><SensorState>
      Present
    </SensorState><Extensions>
      <TPX xmlns="http://www.garmin.com/xmlschemas/ActivityExtension/v2">
      <ns3:Speed>
      3.6610474064010963
    </ns3:Speed><nax:Nax>
      <nax:Pace>
      4.552431262574234
    </nax:Pace>
    </nax:Nax>
    </TPX>
    </Extensions>
    </Trackpoint>
<Trackpoint>
      <Time>
      2023-08-20T09:14:15.539Z
    </Time><DistanceMeters>
      7.907420533709228
    </DistanceMeters><Cadence>
      168.24029445648193
    </Cadence><SensorState>
      Present
    </SensorState>
    </Trackpoint>
<Trackpoint>
      <Time>
      2023-08-20T09:14:15.595Z
    </Time><SensorState>
      Present
    </SensorState><Extensions>
      <TPX xmlns="http://www.garmin.com/xmlschemas/ActivityExtension/v2">
      <nax:Nax>
      <nax:AscentInMeters>
      0.13000011444091797
    </nax:AscentInMeters>
    </nax:Nax>
    </TPX>
    </Extensions>
    </Trackpoint>
<Trackpoint>
      <Time>
      2023-08-20T09:14:15.999Z
    </Time><Position>
      <LatitudeDegrees>
      15.010636082491269
    </LatitudeDegrees><LongitudeDegrees>
      120.63659777901219
    </LongitudeDegrees>
    </Position><AltitudeMeters>
      14.970662079383672
    </AltitudeMeters><SensorState>
      Present
    </SensorState>
    </Trackpoint>
<Trackpoint>
      <Time>
      2023-08-20T09:14:18.094Z
    </Time><SensorState>
      Present
    </SensorState><Extensions>
      <TPX xmlns="http://www.garmin.com/xmlschemas/ActivityExtension/v2">
      <ns3:Speed>
      3.623051093813965
    </ns3:Speed><nax:Nax>
      <nax:Pace>
      4.600174337900867
    </nax:Pace>
    </nax:Nax>
    </TPX>
    </Extensions>
    </Trackpoint>
<Trackpoint>
      <Time>
      2023-08-20T09:14:18.095Z
    </Time><DistanceMeters>
      8.731713136658072
    </DistanceMeters><Cadence>
      168.24042320251465
    </Cadence><SensorState>
      Present
    </SensorState>
    </Trackpoint>
<Trackpoint>
      <Time>
      2023-08-20T09:14:19.999Z
    </Time><Position>
      <LatitudeDegrees>
      15.010550350041772
    </LatitudeDegrees><LongitudeDegrees>
      120.63668487019758
    </LongitudeDegrees>
    </Position><AltitudeMeters>
      14.825490784958106
    </AltitudeMeters><SensorState>
      Present
    </SensorState>
    </Trackpoint>
<Trackpoint>
      <Time>
      2023-08-20T09:14:20.650Z
    </Time><SensorState>
      Present
    </SensorState><Extensions>
      <TPX xmlns="http://www.garmin.com/xmlschemas/ActivityExtension/v2">
      <ns3:Speed>
      3.5866812250628928
    </ns3:Speed><nax:Nax>
      <nax:Pace>
      4.646821287100701
    </nax:Pace>
    </nax:Nax>
    </TPX>
    </Extensions>
    </Trackpoint>
<Trackpoint>
      <Time>
      2023-08-20T09:14:20.651Z
    </Time><DistanceMeters>
      10.70002996828407
    </DistanceMeters><Cadence>
      168.2313108444214
    </Cadence><SensorState>
      Present
    </SensorState>
    </Trackpoint>
<Trackpoint>
      <Time>
      2023-08-20T09:14:20.707Z
    </Time><SensorState>
      Present
    </SensorState><Extensions>
      <TPX xmlns="http://www.garmin.com/xmlschemas/ActivityExtension/v2">
      <nax:Nax>
      <nax:AscentInMeters>
      0.009999990463256836
    </nax:AscentInMeters>
    </nax:Nax>
    </TPX>
    </Extensions>
    </Trackpoint>
<Trackpoint>
      <Time>
      2023-08-20T09:14:22.999Z
    </Time><Position>
      <LatitudeDegrees>
      15.01048113809355
    </LatitudeDegrees><LongitudeDegrees>
      120.63676118121455
    </LongitudeDegrees>
    </Position><AltitudeMeters>
      14.773975608536858
    </AltitudeMeters><SensorState>
      Present
    </SensorState>
    </Trackpoint>
<Trackpoint>
      <Time>
      2023-08-20T09:14:23.000Z
    </Time><SensorState>
      Present
    </SensorState><Extensions>
      <TPX xmlns="http://www.garmin.com/xmlschemas/ActivityExtension/v2">
      <nax:Nax>
      <nax:NikeFuel>
      9.381784191988096
    </nax:NikeFuel>
    </nax:Nax>
    </TPX>
    </Extensions>
    </Trackpoint>
<Trackpoint>
      <Time>
      2023-08-20T09:14:23.206Z
    </Time><SensorState>
      Present
    </SensorState><Extensions>
      <TPX xmlns="http://www.garmin.com/xmlschemas/ActivityExtension/v2">
      <ns3:Speed>
      3.6037184575391112
    </ns3:Speed><nax:Nax>
      <nax:Pace>
      4.624852596850175
    </nax:Pace>
    </nax:Nax>
    </TPX>
    </Extensions>
    </Trackpoint>
<Trackpoint>
      <Time>
      2023-08-20T09:14:23.207Z
    </Time><DistanceMeters>
      9.997904285788536
    </DistanceMeters><Cadence>
      168.2313108444214
    </Cadence><SensorState>
      Present
    </SensorState>
    </Trackpoint>
<Trackpoint>
      <Time>
      2023-08-20T09:14:23.264Z
    </Time><SensorState>
      Present
    </SensorState><Extensions>
      <TPX xmlns="http://www.garmin.com/xmlschemas/ActivityExtension/v2">
      <nax:Nax>
      <nax:AscentInMeters>
      0.010000228881835938
    </nax:AscentInMeters>
    </nax:Nax>
    </TPX>
    </Extensions>
    </Trackpoint>
<Trackpoint>
      <Time>
      2023-08-20T09:14:25.762Z
    </Time><SensorState>
      Present
    </SensorState><Extensions>
      <TPX xmlns="http://www.garmin.com/xmlschemas/ActivityExtension/v2">
      <ns3:Speed>
      3.68598410753756
    </ns3:Speed><nax:Nax>
      <nax:Pace>
      4.521632806984867
    </nax:Pace>
    </nax:Nax>
    </TPX>
    </Extensions>
    </Trackpoint>
<Trackpoint>
      <Time>
      2023-08-20T09:14:25.763Z
    </Time><DistanceMeters>
      8.585050514899194
    </DistanceMeters><Cadence>
      168.16556453704834
    </Cadence><SensorState>
      Present
    </SensorState>
    </Trackpoint>
<Trackpoint>
      <Time>
      2023-08-20T09:14:25.999Z
    </Time><Position>
      <LatitudeDegrees>
      15.010411265649589
    </LatitudeDegrees><LongitudeDegrees>
      120.63684749311955
    </LongitudeDegrees>
    </Position><AltitudeMeters>
      14.975206727925055
    </AltitudeMeters><SensorState>
      Present
    </SensorState>
    </Trackpoint>
<Trackpoint>
      <Time>
      2023-08-20T09:14:27.497Z
    </Time><HeartRateBpm>
      <Value>
      168
    </Value>
    </HeartRateBpm><SensorState>
      Present
    </SensorState>
    </Trackpoint>
<Trackpoint>
      <Time>
      2023-08-20T09:14:28.318Z
    </Time><SensorState>
      Present
    </SensorState><Extensions>
      <TPX xmlns="http://www.garmin.com/xmlschemas/ActivityExtension/v2">
      <ns3:Speed>
      3.691247980420549
    </ns3:Speed><nax:Nax>
      <nax:Pace>
      4.5151847708611035
    </nax:Pace>
    </nax:Nax>
    </TPX>
    </Extensions>
    </Trackpoint>
<Trackpoint>
      <Time>
      2023-08-20T09:14:28.319Z
    </Time><DistanceMeters>
      9.600313327275217
    </DistanceMeters><Cadence>
      168.16556453704834
    </Cadence><SensorState>
      Present
    </SensorState>
    </Trackpoint>
<Trackpoint>
      <Time>
      2023-08-20T09:14:28.376Z
    </Time><SensorState>
      Present
    </SensorState><Extensions>
      <TPX xmlns="http://www.garmin.com/xmlschemas/ActivityExtension/v2">
      <nax:Nax>
      <nax:DescentInMeters>
      0.1100001335144043
    </nax:DescentInMeters>
    </nax:Nax>
    </TPX>
    </Extensions>
    </Trackpoint>
<Trackpoint>
      <Time>
      2023-08-20T09:14:28.999Z
    </Time><Position>
      <LatitudeDegrees>
      15.010342030097142
    </LatitudeDegrees><LongitudeDegrees>
      120.6369146723712
    </LongitudeDegrees>
    </Position><AltitudeMeters>
      13.674873052117952
    </AltitudeMeters><SensorState>
      Present
    </SensorState>
    </Trackpoint>
<Trackpoint>
      <Time>
      2023-08-20T09:14:30.874Z
    </Time><SensorState>
      Present
    </SensorState><Extensions>
      <TPX xmlns="http://www.garmin.com/xmlschemas/ActivityExtension/v2">
      <ns3:Speed>
      3.6674410566204885
    </ns3:Speed><nax:Nax>
      <nax:Pace>
      4.544494760612413
    </nax:Pace>
    </nax:Nax>
    </TPX>
    </Extensions>
    </Trackpoint>
<Trackpoint>
      <Time>
      2023-08-20T09:14:30.875Z
    </Time><DistanceMeters>
      8.637358603999019
    </DistanceMeters><Cadence>
      168.09984683990479
    </Cadence><SensorState>
      Present
    </SensorState>
    </Trackpoint>
<Trackpoint>
      <Time>
      2023-08-20T09:14:30.931Z
    </Time><SensorState>
      Present
    </SensorState><Extensions>
      <TPX xmlns="http://www.garmin.com/xmlschemas/ActivityExtension/v2">
      <nax:Nax>
      <nax:DescentInMeters>
      0.039999961853027344
    </nax:DescentInMeters>
    </nax:Nax>
    </TPX>
    </Extensions>
    </Trackpoint>
<Trackpoint>
      <Time>
      2023-08-20T09:14:31.999Z
    </Time><Position>
      <LatitudeDegrees>
      15.010260988799486
    </LatitudeDegrees><LongitudeDegrees>
      120.63697502035994
    </LongitudeDegrees>
    </Position><AltitudeMeters>
      13.294685535892476
    </AltitudeMeters><SensorState>
      Present
    </SensorState>
    </Trackpoint>
<Trackpoint>
      <Time>
      2023-08-20T09:14:32.497Z
    </Time><HeartRateBpm>
      <Value>
      167
    </Value>
    </HeartRateBpm><SensorState>
      Present
    </SensorState>
    </Trackpoint>
<Trackpoint>
      <Time>
      2023-08-20T09:14:33.000Z
    </Time><SensorState>
      Present
    </SensorState><Extensions>
      <TPX xmlns="http://www.garmin.com/xmlschemas/ActivityExtension/v2">
      <nax:Nax>
      <nax:NikeFuel>
      9.322213255015523
    </nax:NikeFuel>
    </nax:Nax>
    </TPX>
    </Extensions>
    </Trackpoint>
<Trackpoint>
      <Time>
      2023-08-20T09:14:33.430Z
    </Time><SensorState>
      Present
    </SensorState><Extensions>
      <TPX xmlns="http://www.garmin.com/xmlschemas/ActivityExtension/v2">
      <ns3:Speed>
      3.661520429387993
    </ns3:Speed><nax:Nax>
      <nax:Pace>
      4.551843144967083
    </nax:Pace>
    </nax:Nax>
    </TPX>
    </Extensions>
    </Trackpoint>
<Trackpoint>
      <Time>
      2023-08-20T09:14:33.431Z
    </Time><DistanceMeters>
      7.832009558565915
    </DistanceMeters><Cadence>
      167.83734798431396
    </Cadence><SensorState>
      Present
    </SensorState>
    </Trackpoint>
<Trackpoint>
      <Time>
      2023-08-20T09:14:33.488Z
    </Time><SensorState>
      Present
    </SensorState><Extensions>
      <TPX xmlns="http://www.garmin.com/xmlschemas/ActivityExtension/v2">
      <nax:Nax>
      <nax:DescentInMeters>
      0.1399998664855957
    </nax:DescentInMeters>
    </nax:Nax>
    </TPX>
    </Extensions>
    </Trackpoint>
<Trackpoint>
      <Time>
      2023-08-20T09:14:35.986Z
    </Time><SensorState>
      Present
    </SensorState><Extensions>
      <TPX xmlns="http://www.garmin.com/xmlschemas/ActivityExtension/v2">
      <ns3:Speed>
      3.6161850682889756
    </ns3:Speed><nax:Nax>
      <nax:Pace>
      4.6089086570319315
    </nax:Pace>
    </nax:Nax>
    </TPX>
    </Extensions>
    </Trackpoint>
<Trackpoint>
      <Time>
      2023-08-20T09:14:35.987Z
    </Time><DistanceMeters>
      9.516092639416456
    </DistanceMeters><Cadence>
      167.64600276947021
    </Cadence><SensorState>
      Present
    </SensorState>
    </Trackpoint>
<Trackpoint>
      <Time>
      2023-08-20T09:14:35.999Z
    </Time><Position>
      <LatitudeDegrees>
      15.010179364443438
    </LatitudeDegrees><LongitudeDegrees>
      120.63705975701897
    </LongitudeDegrees>
    </Position><AltitudeMeters>
      13.461277668413913
    </AltitudeMeters><SensorState>
      Present
    </SensorState>
    </Trackpoint>
<Trackpoint>
      <Time>
      2023-08-20T09:14:36.043Z
    </Time><SensorState>
      Present
    </SensorState><Extensions>
      <TPX xmlns="http://www.garmin.com/xmlschemas/ActivityExtension/v2">
      <nax:Nax>
      <nax:DescentInMeters>
      0.13000011444091797
    </nax:DescentInMeters>
    </nax:Nax>
    </TPX>
    </Extensions>
    </Trackpoint>
<Trackpoint>
      <Time>
      2023-08-20T09:14:37.497Z
    </Time><HeartRateBpm>
      <Value>
      169
    </Value>
    </HeartRateBpm><SensorState>
      Present
    </SensorState>
    </Trackpoint>
<Trackpoint>
      <Time>
      2023-08-20T09:14:38.542Z
    </Time><SensorState>
      Present
    </SensorState><Extensions>
      <TPX xmlns="http://www.garmin.com/xmlschemas/ActivityExtension/v2">
      <ns3:Speed>
      3.621618736010203
    </ns3:Speed><nax:Nax>
      <nax:Pace>
      4.601993716496974
    </nax:Pace>
    </nax:Nax>
    </TPX>
    </Extensions>
    </Trackpoint>
<Trackpoint>
      <Time>
      2023-08-20T09:14:38.543Z
    </Time><DistanceMeters>
      10.815435371361673
    </DistanceMeters><Cadence>
      167.5802707672119
    </Cadence><SensorState>
      Present
    </SensorState>
    </Trackpoint>
<Trackpoint>
      <Time>
      2023-08-20T09:14:38.600Z
    </Time><SensorState>
      Present
    </SensorState><Extensions>
      <TPX xmlns="http://www.garmin.com/xmlschemas/ActivityExtension/v2">
      <nax:Nax>
      <nax:DescentInMeters>
      0.04999995231628418
    </nax:DescentInMeters>
    </nax:Nax>
    </TPX>
    </Extensions>
    </Trackpoint>
<Trackpoint>
      <Time>
      2023-08-20T09:14:38.999Z
    </Time><Position>
      <LatitudeDegrees>
      15.010105834901605
    </LatitudeDegrees><LongitudeDegrees>
      120.63713607848729
    </LongitudeDegrees>
    </Position><AltitudeMeters>
      13.982919981192978
    </AltitudeMeters><SensorState>
      Present
    </SensorState>
    </Trackpoint>
<Trackpoint>
      <Time>
      2023-08-20T09:14:41.098Z
    </Time><SensorState>
      Present
    </SensorState><Extensions>
      <TPX xmlns="http://www.garmin.com/xmlschemas/ActivityExtension/v2">
      <ns3:Speed>
      3.651129124332595
    </ns3:Speed><nax:Nax>
      <nax:Pace>
      4.5647979293838965
    </nax:Pace>
    </nax:Nax>
    </TPX>
    </Extensions>
    </Trackpoint>
<Trackpoint>
      <Time>
      2023-08-20T09:14:41.099Z
    </Time><DistanceMeters>
      8.754478926770389
    </DistanceMeters><Cadence>
      167.5802707672119
    </Cadence><SensorState>
      Present
    </SensorState>
    </Trackpoint>
<Trackpoint>
      <Time>
      2023-08-20T09:14:41.156Z
    </Time><SensorState>
      Present
    </SensorState><Extensions>
      <TPX xmlns="http://www.garmin.com/xmlschemas/ActivityExtension/v2">
      <nax:Nax>
      <nax:DescentInMeters>
      0.039999961853027344
    </nax:DescentInMeters>
    </nax:Nax>
    </TPX>
    </Extensions>
    </Trackpoint>
<Trackpoint>
      <Time>
      2023-08-20T09:14:41.999Z
    </Time><Position>
      <LatitudeDegrees>
      15.010027809766866
    </LatitudeDegrees><LongitudeDegrees>
      120.63721571543431
    </LongitudeDegrees>
    </Position><AltitudeMeters>
      14.309203456419091
    </AltitudeMeters><SensorState>
      Present
    </SensorState>
    </Trackpoint>
<Trackpoint>
      <Time>
      2023-08-20T09:14:42.497Z
    </Time><HeartRateBpm>
      <Value>
      171
    </Value>
    </HeartRateBpm><SensorState>
      Present
    </SensorState>
    </Trackpoint>
<Trackpoint>
      <Time>
      2023-08-20T09:14:43.000Z
    </Time><SensorState>
      Present
    </SensorState><Extensions>
      <TPX xmlns="http://www.garmin.com/xmlschemas/ActivityExtension/v2">
      <nax:Nax>
      <nax:NikeFuel>
      9.226282056481807
    </nax:NikeFuel>
    </nax:Nax>
    </TPX>
    </Extensions>
    </Trackpoint>
<Trackpoint>
      <Time>
      2023-08-20T09:14:43.654Z
    </Time><SensorState>
      Present
    </SensorState><Extensions>
      <TPX xmlns="http://www.garmin.com/xmlschemas/ActivityExtension/v2">
      <ns3:Speed>
      3.6443138652726303
    </ns3:Speed><nax:Nax>
      <nax:Pace>
      4.573334592688776
    </nax:Pace>
    </nax:Nax>
    </TPX>
    </Extensions>
    </Trackpoint>
<Trackpoint>
      <Time>
      2023-08-20T09:14:43.655Z
    </Time><DistanceMeters>
      9.29459948465228
    </DistanceMeters><Cadence>
      167.37998485565186
    </Cadence><SensorState>
      Present
    </SensorState>
    </Trackpoint>
<Trackpoint>
      <Time>
      2023-08-20T09:14:43.712Z
    </Time><SensorState>
      Present
    </SensorState><Extensions>
      <TPX xmlns="http://www.garmin.com/xmlschemas/ActivityExtension/v2">
      <nax:Nax>
      <nax:DescentInMeters>
      0.07000017166137695
    </nax:DescentInMeters>
    </nax:Nax>
    </TPX>
    </Extensions>
    </Trackpoint>
<Trackpoint>
      <Time>
      2023-08-20T09:14:45.497Z
    </Time><HeartRateBpm>
      <Value>
      172
    </Value>
    </HeartRateBpm><SensorState>
      Present
    </SensorState>
    </Trackpoint>
<Trackpoint>
      <Time>
      2023-08-20T09:14:45.999Z
    </Time><Position>
      <LatitudeDegrees>
      15.009946455406558
    </LatitudeDegrees><LongitudeDegrees>
      120.6373028816149
    </LongitudeDegrees>
    </Position><AltitudeMeters>
      14.943937492357442
    </AltitudeMeters><SensorState>
      Present
    </SensorState>
    </Trackpoint>
<Trackpoint>
      <Time>
      2023-08-20T09:14:46.211Z
    </Time><SensorState>
      Present
    </SensorState><Extensions>
      <TPX xmlns="http://www.garmin.com/xmlschemas/ActivityExtension/v2">
      <ns3:Speed>
      3.6367012549984947
    </ns3:Speed><nax:Nax>
      <nax:Pace>
      4.582907832684642
    </nax:Pace>
    </nax:Nax>
    </TPX>
    </Extensions>
    </Trackpoint>
<Trackpoint>
      <Time>
      2023-08-20T09:14:46.212Z
    </Time><DistanceMeters>
      7.331885101273656
    </DistanceMeters><Cadence>
      167.37998485565186
    </Cadence><SensorState>
      Present
    </SensorState>
    </Trackpoint>
<Trackpoint>
      <Time>
      2023-08-20T09:14:46.267Z
    </Time><SensorState>
      Present
    </SensorState><Extensions>
      <TPX xmlns="http://www.garmin.com/xmlschemas/ActivityExtension/v2">
      <nax:Nax>
      <nax:DescentInMeters>
      0.26999998092651367
    </nax:DescentInMeters>
    </nax:Nax>
    </TPX>
    </Extensions>
    </Trackpoint>
<Trackpoint>
      <Time>
      2023-08-20T09:14:48.767Z
    </Time><SensorState>
      Present
    </SensorState><Extensions>
      <TPX xmlns="http://www.garmin.com/xmlschemas/ActivityExtension/v2">
      <ns3:Speed>
      3.571291590495123
    </ns3:Speed><nax:Nax>
      <nax:Pace>
      4.666845661951676
    </nax:Pace>
    </nax:Nax>
    </TPX>
    </Extensions>
    </Trackpoint>
<Trackpoint>
      <Time>
      2023-08-20T09:14:48.768Z
    </Time><DistanceMeters>
      9.265348042361438
    </DistanceMeters><Cadence>
      167.37998485565186
    </Cadence><SensorState>
      Present
    </SensorState>
    </Trackpoint>
<Trackpoint>
      <Time>
      2023-08-20T09:14:48.824Z
    </Time><SensorState>
      Present
    </SensorState><Extensions>
      <TPX xmlns="http://www.garmin.com/xmlschemas/ActivityExtension/v2">
      <nax:Nax>
      <nax:DescentInMeters>
      0.1699998378753662
    </nax:DescentInMeters>
    </nax:Nax>
    </TPX>
    </Extensions>
    </Trackpoint>
<Trackpoint>
      <Time>
      2023-08-20T09:14:48.999Z
    </Time><Position>
      <LatitudeDegrees>
      15.009882741286148
    </LatitudeDegrees><LongitudeDegrees>
      120.63737178737725
    </LongitudeDegrees>
    </Position><AltitudeMeters>
      15.184817495485042
    </AltitudeMeters><SensorState>
      Present
    </SensorState>
    </Trackpoint>
<Trackpoint>
      <Time>
      2023-08-20T09:14:51.323Z
    </Time><SensorState>
      Present
    </SensorState><Extensions>
      <TPX xmlns="http://www.garmin.com/xmlschemas/ActivityExtension/v2">
      <ns3:Speed>
      3.540429921345232
    </ns3:Speed><nax:Nax>
      <nax:Pace>
      4.707526214876737
    </nax:Pace>
    </nax:Nax>
    </TPX>
    </Extensions>
    </Trackpoint>
<Trackpoint>
      <Time>
      2023-08-20T09:14:51.324Z
    </Time><DistanceMeters>
      6.72795289568603
    </DistanceMeters><Cadence>
      167.3149538040161
    </Cadence><SensorState>
      Present
    </SensorState>
    </Trackpoint>
<Trackpoint>
      <Time>
      2023-08-20T09:14:51.379Z
    </Time><SensorState>
      Present
    </SensorState><Extensions>
      <TPX xmlns="http://www.garmin.com/xmlschemas/ActivityExtension/v2">
      <nax:Nax>
      <nax:DescentInMeters>
      0.019999980926513672
    </nax:DescentInMeters>
    </nax:Nax>
    </TPX>
    </Extensions>
    </Trackpoint>
<Trackpoint>
      <Time>
      2023-08-20T09:14:51.497Z
    </Time><HeartRateBpm>
      <Value>
      170
    </Value>
    </HeartRateBpm><SensorState>
      Present
    </SensorState>
    </Trackpoint>
<Trackpoint>
      <Time>
      2023-08-20T09:14:52.999Z
    </Time><Position>
      <LatitudeDegrees>
      15.009812575464014
    </LatitudeDegrees><LongitudeDegrees>
      120.63746340176243
    </LongitudeDegrees>
    </Position><AltitudeMeters>
      14.472653184013481
    </AltitudeMeters><SensorState>
      Present
    </SensorState>
    </Trackpoint>
<Trackpoint>
      <Time>
      2023-08-20T09:14:53.000Z
    </Time><SensorState>
      Present
    </SensorState><Extensions>
      <TPX xmlns="http://www.garmin.com/xmlschemas/ActivityExtension/v2">
      <nax:Nax>
      <nax:NikeFuel>
      8.872555923755634
    </nax:NikeFuel>
    </nax:Nax>
    </TPX>
    </Extensions>
    </Trackpoint>
<Trackpoint>
      <Time>
      2023-08-20T09:14:53.879Z
    </Time><SensorState>
      Present
    </SensorState><Extensions>
      <TPX xmlns="http://www.garmin.com/xmlschemas/ActivityExtension/v2">
      <ns3:Speed>
      3.4571423324326434
    </ns3:Speed><nax:Nax>
      <nax:Pace>
      4.820937370819513
    </nax:Pace>
    </nax:Nax>
    </TPX>
    </Extensions>
    </Trackpoint>
<Trackpoint>
      <Time>
      2023-08-20T09:14:53.880Z
    </Time><DistanceMeters>
      7.670409728772938
    </DistanceMeters><Cadence>
      167.24773406982422
    </Cadence><SensorState>
      Present
    </SensorState>
    </Trackpoint>
<Trackpoint>
      <Time>
      2023-08-20T09:14:53.937Z
    </Time><SensorState>
      Present
    </SensorState><Extensions>
      <TPX xmlns="http://www.garmin.com/xmlschemas/ActivityExtension/v2">
      <nax:Nax>
      <nax:DescentInMeters>
      0.010000228881835938
    </nax:DescentInMeters>
    </nax:Nax>
    </TPX>
    </Extensions>
    </Trackpoint>
<Trackpoint>
      <Time>
      2023-08-20T09:14:56.435Z
    </Time><DistanceMeters>
      8.095897599123418
    </DistanceMeters><SensorState>
      Present
    </SensorState><Extensions>
      <TPX xmlns="http://www.garmin.com/xmlschemas/ActivityExtension/v2">
      <ns3:Speed>
      3.4109307490142733
    </ns3:Speed><nax:Nax>
      <nax:Pace>
      4.886251845330831
    </nax:Pace>
    </nax:Nax>
    </TPX>
    </Extensions>
    </Trackpoint>
<Trackpoint>
      <Time>
      2023-08-20T09:14:56.436Z
    </Time><Cadence>
      167.18321800231934
    </Cadence><SensorState>
      Present
    </SensorState>
    </Trackpoint>
<Trackpoint>
      <Time>
      2023-08-20T09:14:56.999Z
    </Time><Position>
      <LatitudeDegrees>
      15.00973795204437
    </LatitudeDegrees><LongitudeDegrees>
      120.63752850119054
    </LongitudeDegrees>
    </Position><AltitudeMeters>
      13.871973388332023
    </AltitudeMeters><SensorState>
      Present
    </SensorState>
    </Trackpoint>
<Trackpoint>
      <Time>
      2023-08-20T09:14:57.497Z
    </Time><HeartRateBpm>
      <Value>
      170
    </Value>
    </HeartRateBpm><SensorState>
      Present
    </SensorState>
    </Trackpoint>
<Trackpoint>
      <Time>
      2023-08-20T09:14:58.497Z
    </Time><HeartRateBpm>
      <Value>
      170
    </Value>
    </HeartRateBpm><SensorState>
      Present
    </SensorState>
    </Trackpoint>
<Trackpoint>
      <Time>
      2023-08-20T09:14:58.991Z
    </Time><SensorState>
      Present
    </SensorState><Extensions>
      <TPX xmlns="http://www.garmin.com/xmlschemas/ActivityExtension/v2">
      <ns3:Speed>
      3.427302659505365
    </ns3:Speed><nax:Nax>
      <nax:Pace>
      4.862910668377339
    </nax:Pace>
    </nax:Nax>
    </TPX>
    </Extensions>
    </Trackpoint>
<Trackpoint>
      <Time>
      2023-08-20T09:14:58.992Z
    </Time><DistanceMeters>
      9.70147284772247
    </DistanceMeters><Cadence>
      166.99018478393555
    </Cadence><SensorState>
      Present
    </SensorState>
    </Trackpoint>
<Trackpoint>
      <Time>
      2023-08-20T09:14:59.049Z
    </Time><SensorState>
      Present
    </SensorState><Extensions>
      <TPX xmlns="http://www.garmin.com/xmlschemas/ActivityExtension/v2">
      <nax:Nax>
      <nax:DescentInMeters>
      0.1400001049041748
    </nax:DescentInMeters>
    </nax:Nax>
    </TPX>
    </Extensions>
    </Trackpoint>
<Trackpoint>
      <Time>
      2023-08-20T09:14:59.999Z
    </Time><Position>
      <LatitudeDegrees>
      15.009663328385153
    </LatitudeDegrees><LongitudeDegrees>
      120.63758458658715
    </LongitudeDegrees>
    </Position><AltitudeMeters>
      13.693001818805861
    </AltitudeMeters><SensorState>
      Present
    </SensorState>
    </Trackpoint>
<Trackpoint>
      <Time>
      2023-08-20T09:15:01.547Z
    </Time><DistanceMeters>
      10.318964192643762
    </DistanceMeters><SensorState>
      Present
    </SensorState><Extensions>
      <TPX xmlns="http://www.garmin.com/xmlschemas/ActivityExtension/v2">
      <ns3:Speed>
      3.51581361170803
    </ns3:Speed><nax:Nax>
      <nax:Pace>
      4.740486415765872
    </nax:Pace>
    </nax:Nax>
    </TPX>
    </Extensions>
    </Trackpoint>
<Trackpoint>
      <Time>
      2023-08-20T09:15:01.548Z
    </Time><Cadence>
      166.92542552947998
    </Cadence><SensorState>
      Present
    </SensorState>
    </Trackpoint>
<Trackpoint>
      <Time>
      2023-08-20T09:15:02.999Z
    </Time><Position>
      <LatitudeDegrees>
      15.009572335165347
    </LatitudeDegrees><LongitudeDegrees>
      120.6376601890494
    </LongitudeDegrees>
    </Position><AltitudeMeters>
      13.372098581882263
    </AltitudeMeters><SensorState>
      Present
    </SensorState>
    </Trackpoint>
<Trackpoint>
      <Time>
      2023-08-20T09:15:03.000Z
    </Time><SensorState>
      Present
    </SensorState><Extensions>
      <TPX xmlns="http://www.garmin.com/xmlschemas/ActivityExtension/v2">
      <nax:Nax>
      <nax:NikeFuel>
      9.56969204439385
    </nax:NikeFuel>
    </nax:Nax>
    </TPX>
    </Extensions>
    </Trackpoint>
<Trackpoint>
      <Time>
      2023-08-20T09:15:03.497Z
    </Time><HeartRateBpm>
      <Value>
      170
    </Value>
    </HeartRateBpm><SensorState>
      Present
    </SensorState>
    </Trackpoint>
<Trackpoint>
      <Time>
      2023-08-20T09:15:04.103Z
    </Time><SensorState>
      Present
    </SensorState><Extensions>
      <TPX xmlns="http://www.garmin.com/xmlschemas/ActivityExtension/v2">
      <ns3:Speed>
      3.7924160411097523
    </ns3:Speed><nax:Nax>
      <nax:Pace>
      4.394735832250514
    </nax:Pace>
    </nax:Nax>
    </TPX>
    </Extensions>
    </Trackpoint>
<Trackpoint>
      <Time>
      2023-08-20T09:15:04.104Z
    </Time><DistanceMeters>
      9.267596861347556
    </DistanceMeters><Cadence>
      166.7959213256836
    </Cadence><SensorState>
      Present
    </SensorState>
    </Trackpoint>
<Trackpoint>
      <Time>
      2023-08-20T09:15:04.161Z
    </Time><SensorState>
      Present
    </SensorState><Extensions>
      <TPX xmlns="http://www.garmin.com/xmlschemas/ActivityExtension/v2">
      <nax:Nax>
      <nax:AscentInMeters>
      0.029999971389770508
    </nax:AscentInMeters>
    </nax:Nax>
    </TPX>
    </Extensions>
    </Trackpoint>
<Trackpoint>
      <Time>
      2023-08-20T09:15:05.999Z
    </Time><Position>
      <LatitudeDegrees>
      15.00949868469343
    </LatitudeDegrees><LongitudeDegrees>
      120.63772573222533
    </LongitudeDegrees>
    </Position><AltitudeMeters>
      13.37599232014071
    </AltitudeMeters><SensorState>
      Present
    </SensorState>
    </Trackpoint>
<Trackpoint>
      <Time>
      2023-08-20T09:15:06.659Z
    </Time><DistanceMeters>
      9.101927604526281
    </DistanceMeters><SensorState>
      Present
    </SensorState><Extensions>
      <TPX xmlns="http://www.garmin.com/xmlschemas/ActivityExtension/v2">
      <ns3:Speed>
      3.775923588998988
    </ns3:Speed><nax:Nax>
      <nax:Pace>
      4.413931128062118
    </nax:Pace>
    </nax:Nax>
    </TPX>
    </Extensions>
    </Trackpoint>
<Trackpoint>
      <Time>
      2023-08-20T09:15:06.660Z
    </Time><Cadence>
      166.60202980041504
    </Cadence><SensorState>
      Present
    </SensorState>
    </Trackpoint>
<Trackpoint>
      <Time>
      2023-08-20T09:15:06.716Z
    </Time><SensorState>
      Present
    </SensorState><Extensions>
      <TPX xmlns="http://www.garmin.com/xmlschemas/ActivityExtension/v2">
      <nax:Nax>
      <nax:AscentInMeters>
      0.14999985694885254
    </nax:AscentInMeters>
    </nax:Nax>
    </TPX>
    </Extensions>
    </Trackpoint>
<Trackpoint>
      <Time>
      2023-08-20T09:15:08.497Z
    </Time><HeartRateBpm>
      <Value>
      173
    </Value>
    </HeartRateBpm><SensorState>
      Present
    </SensorState>
    </Trackpoint>
<Trackpoint>
      <Time>
      2023-08-20T09:15:08.999Z
    </Time><Position>
      <LatitudeDegrees>
      15.009433942855871
    </LatitudeDegrees><LongitudeDegrees>
      120.637802922135
    </LongitudeDegrees>
    </Position><AltitudeMeters>
      13.588358907948212
    </AltitudeMeters><SensorState>
      Present
    </SensorState>
    </Trackpoint>
<Trackpoint>
      <Time>
      2023-08-20T09:15:09.215Z
    </Time><SensorState>
      Present
    </SensorState><Extensions>
      <TPX xmlns="http://www.garmin.com/xmlschemas/ActivityExtension/v2">
      <ns3:Speed>
      3.714320015577617
    </ns3:Speed><nax:Nax>
      <nax:Pace>
      4.487138048624715
    </nax:Pace>
    </nax:Nax>
    </TPX>
    </Extensions>
    </Trackpoint>
<Trackpoint>
      <Time>
      2023-08-20T09:15:09.216Z
    </Time><DistanceMeters>
      9.084294117055833
    </DistanceMeters><Cadence>
      166.40489101409912
    </Cadence><SensorState>
      Present
    </SensorState>
    </Trackpoint>
<Trackpoint>
      <Time>
      2023-08-20T09:15:09.271Z
    </Time><SensorState>
      Present
    </SensorState><Extensions>
      <TPX xmlns="http://www.garmin.com/xmlschemas/ActivityExtension/v2">
      <nax:Nax>
      <nax:AscentInMeters>
      0.019999980926513672
    </nax:AscentInMeters>
    </nax:Nax>
    </TPX>
    </Extensions>
    </Trackpoint>
<Trackpoint>
      <Time>
      2023-08-20T09:15:11.771Z
    </Time><DistanceMeters>
      7.780440437607467
    </DistanceMeters><SensorState>
      Present
    </SensorState><Extensions>
      <TPX xmlns="http://www.garmin.com/xmlschemas/ActivityExtension/v2">
      <ns3:Speed>
      3.674663896268183
    </ns3:Speed><nax:Nax>
      <nax:Pace>
      4.535562200285189
    </nax:Pace>
    </nax:Nax>
    </TPX>
    </Extensions>
    </Trackpoint>
<Trackpoint>
      <Time>
      2023-08-20T09:15:11.772Z
    </Time><Cadence>
      166.14581108093262
    </Cadence><SensorState>
      Present
    </SensorState>
    </Trackpoint>
<Trackpoint>
      <Time>
      2023-08-20T09:15:11.828Z
    </Time><SensorState>
      Present
    </SensorState><Extensions>
      <TPX xmlns="http://www.garmin.com/xmlschemas/ActivityExtension/v2">
      <nax:Nax>
      <nax:AscentInMeters>
      0.1700000762939453
    </nax:AscentInMeters>
    </nax:Nax>
    </TPX>
    </Extensions>
    </Trackpoint>
<Trackpoint>
      <Time>
      2023-08-20T09:15:11.999Z
    </Time><Position>
      <LatitudeDegrees>
      15.009359293811944
    </LatitudeDegrees><LongitudeDegrees>
      120.63786546403351
    </LongitudeDegrees>
    </Position><AltitudeMeters>
      13.737243376747486
    </AltitudeMeters><SensorState>
      Present
    </SensorState>
    </Trackpoint>
<Trackpoint>
      <Time>
      2023-08-20T09:15:13.000Z
    </Time><SensorState>
      Present
    </SensorState><Extensions>
      <TPX xmlns="http://www.garmin.com/xmlschemas/ActivityExtension/v2">
      <nax:Nax>
      <nax:NikeFuel>
      9.014493949464075
    </nax:NikeFuel>
    </nax:Nax>
    </TPX>
    </Extensions>
    </Trackpoint>
<Trackpoint>
      <Time>
      2023-08-20T09:15:14.327Z
    </Time><SensorState>
      Present
    </SensorState><Extensions>
      <TPX xmlns="http://www.garmin.com/xmlschemas/ActivityExtension/v2">
      <ns3:Speed>
      3.5675570422243794
    </ns3:Speed><nax:Nax>
      <nax:Pace>
      4.67173095465769
    </nax:Pace>
    </nax:Nax>
    </TPX>
    </Extensions>
    </Trackpoint>
<Trackpoint>
      <Time>
      2023-08-20T09:15:14.328Z
    </Time><DistanceMeters>
      8.68094633333385
    </DistanceMeters><Cadence>
      165.95206260681152
    </Cadence><SensorState>
      Present
    </SensorState>
    </Trackpoint>
<Trackpoint>
      <Time>
      2023-08-20T09:15:14.383Z
    </Time><SensorState>
      Present
    </SensorState><Extensions>
      <TPX xmlns="http://www.garmin.com/xmlschemas/ActivityExtension/v2">
      <nax:Nax>
      <nax:AscentInMeters>
      0.029999971389770508
    </nax:AscentInMeters>
    </nax:Nax>
    </TPX>
    </Extensions>
    </Trackpoint>
<Trackpoint>
      <Time>
      2023-08-20T09:15:15.497Z
    </Time><HeartRateBpm>
      <Value>
      172
    </Value>
    </HeartRateBpm><SensorState>
      Present
    </SensorState>
    </Trackpoint>
<Trackpoint>
      <Time>
      2023-08-20T09:15:15.999Z
    </Time><Position>
      <LatitudeDegrees>
      15.009270196025053
    </LatitudeDegrees><LongitudeDegrees>
      120.63794559996401
    </LongitudeDegrees>
    </Position><AltitudeMeters>
      13.526669696700353
    </AltitudeMeters><SensorState>
      Present
    </SensorState>
    </Trackpoint>
<Trackpoint>
      <Time>
      2023-08-20T09:15:16.883Z
    </Time><DistanceMeters>
      7.563174004666507
    </DistanceMeters><SensorState>
      Present
    </SensorState><Extensions>
      <TPX xmlns="http://www.garmin.com/xmlschemas/ActivityExtension/v2">
      <ns3:Speed>
      3.5287804398298035
    </ns3:Speed><nax:Nax>
      <nax:Pace>
      4.723067062645166
    </nax:Pace>
    </nax:Nax>
    </TPX>
    </Extensions>
    </Trackpoint>
<Trackpoint>
      <Time>
      2023-08-20T09:15:16.884Z
    </Time><Cadence>
      165.8232021331787
    </Cadence><SensorState>
      Present
    </SensorState>
    </Trackpoint>
<Trackpoint>
      <Time>
      2023-08-20T09:15:19.439Z
    </Time><SensorState>
      Present
    </SensorState><Extensions>
      <TPX xmlns="http://www.garmin.com/xmlschemas/ActivityExtension/v2">
      <ns3:Speed>
      3.45200431067517
    </ns3:Speed><nax:Nax>
      <nax:Pace>
      4.828112935759014
    </nax:Pace>
    </nax:Nax>
    </TPX>
    </Extensions>
    </Trackpoint>
<Trackpoint>
      <Time>
      2023-08-20T09:15:19.440Z
    </Time><DistanceMeters>
      10.425516802817583
    </DistanceMeters><Cadence>
      166.2802505493164
    </Cadence><SensorState>
      Present
    </SensorState>
    </Trackpoint>
<Trackpoint>
      <Time>
      2023-08-20T09:15:19.999Z
    </Time><Position>
      <LatitudeDegrees>
      15.009189102495185
    </LatitudeDegrees><LongitudeDegrees>
      120.63802471528794
    </LongitudeDegrees>
    </Position><AltitudeMeters>
      13.429038684694113
    </AltitudeMeters><SensorState>
      Present
    </SensorState>
    </Trackpoint>
<Trackpoint>
      <Time>
      2023-08-20T09:15:21.497Z
    </Time><HeartRateBpm>
      <Value>
      172
    </Value>
    </HeartRateBpm><SensorState>
      Present
    </SensorState>
    </Trackpoint>
<Trackpoint>
      <Time>
      2023-08-20T09:15:21.995Z
    </Time><DistanceMeters>
      10.710043519735336
    </DistanceMeters><SensorState>
      Present
    </SensorState><Extensions>
      <TPX xmlns="http://www.garmin.com/xmlschemas/ActivityExtension/v2">
      <ns3:Speed>
      3.4962023083213243
    </ns3:Speed><nax:Nax>
      <nax:Pace>
      4.7670773018478565
    </nax:Pace>
    </nax:Nax>
    </TPX>
    </Extensions>
    </Trackpoint>
<Trackpoint>
      <Time>
      2023-08-20T09:15:21.996Z
    </Time><Cadence>
      166.2160348892212
    </Cadence><SensorState>
      Present
    </SensorState>
    </Trackpoint>
<Trackpoint>
      <Time>
      2023-08-20T09:15:22.999Z
    </Time><Position>
      <LatitudeDegrees>
      15.009114795235938
    </LatitudeDegrees><LongitudeDegrees>
      120.63812694314336
    </LongitudeDegrees>
    </Position><AltitudeMeters>
      13.48142844811683
    </AltitudeMeters><SensorState>
      Present
    </SensorState>
    </Trackpoint>
<Trackpoint>
      <Time>
      2023-08-20T09:15:23.000Z
    </Time><SensorState>
      Present
    </SensorState><Extensions>
      <TPX xmlns="http://www.garmin.com/xmlschemas/ActivityExtension/v2">
      <nax:Nax>
      <nax:NikeFuel>
      9.087316026158598
    </nax:NikeFuel>
    </nax:Nax>
    </TPX>
    </Extensions>
    </Trackpoint>
<Trackpoint>
      <Time>
      2023-08-20T09:15:24.551Z
    </Time><SensorState>
      Present
    </SensorState><Extensions>
      <TPX xmlns="http://www.garmin.com/xmlschemas/ActivityExtension/v2">
      <ns3:Speed>
      3.528909825341944
    </ns3:Speed><nax:Nax>
      <nax:Pace>
      4.722893894023405
    </nax:Pace>
    </nax:Nax>
    </TPX>
    </Extensions>
    </Trackpoint>
<Trackpoint>
      <Time>
      2023-08-20T09:15:24.552Z
    </Time><DistanceMeters>
      9.792099190875888
    </DistanceMeters><Cadence>
      166.21114253997803
    </Cadence><SensorState>
      Present
    </SensorState>
    </Trackpoint>
<Trackpoint>
      <Time>
      2023-08-20T09:15:25.497Z
    </Time><HeartRateBpm>
      <Value>
      172
    </Value>
    </HeartRateBpm><SensorState>
      Present
    </SensorState>
    </Trackpoint>
<Trackpoint>
      <Time>
      2023-08-20T09:15:25.999Z
    </Time><Position>
      <LatitudeDegrees>
      15.009038971772549
    </LatitudeDegrees><LongitudeDegrees>
      120.63819837907764
    </LongitudeDegrees>
    </Position><AltitudeMeters>
      13.218084493945163
    </AltitudeMeters><SensorState>
      Present
    </SensorState>
    </Trackpoint>
<Trackpoint>
      <Time>
      2023-08-20T09:15:27.107Z
    </Time><SensorState>
      Present
    </SensorState><Extensions>
      <TPX xmlns="http://www.garmin.com/xmlschemas/ActivityExtension/v2">
      <ns3:Speed>
      3.553408745648913
    </ns3:Speed><nax:Nax>
      <nax:Pace>
      4.6903319768869
    </nax:Pace>
    </nax:Nax>
    </TPX>
    </Extensions>
    </Trackpoint>
<Trackpoint>
      <Time>
      2023-08-20T09:15:27.108Z
    </Time><DistanceMeters>
      10.38341368548572
    </DistanceMeters><Cadence>
      166.21627807617188
    </Cadence><SensorState>
      Present
    </SensorState>
    </Trackpoint>
<Trackpoint>
      <Time>
      2023-08-20T09:15:27.164Z
    </Time><SensorState>
      Present
    </SensorState><Extensions>
      <TPX xmlns="http://www.garmin.com/xmlschemas/ActivityExtension/v2">
      <nax:Nax>
      <nax:DescentInMeters>
      0.19999980926513672
    </nax:DescentInMeters>
    </nax:Nax>
    </TPX>
    </Extensions>
    </Trackpoint>
<Trackpoint>
      <Time>
      2023-08-20T09:15:28.497Z
    </Time><HeartRateBpm>
      <Value>
      172
    </Value>
    </HeartRateBpm><SensorState>
      Present
    </SensorState>
    </Trackpoint>
<Trackpoint>
      <Time>
      2023-08-20T09:15:28.999Z
    </Time><Position>
      <LatitudeDegrees>
      15.008965467711032
    </LatitudeDegrees><LongitudeDegrees>
      120.63826526988514
    </LongitudeDegrees>
    </Position><AltitudeMeters>
      13.56959126377869
    </AltitudeMeters><SensorState>
      Present
    </SensorState>
    </Trackpoint>
<Trackpoint>
      <Time>
      2023-08-20T09:15:29.663Z
    </Time><SensorState>
      Present
    </SensorState><Extensions>
      <TPX xmlns="http://www.garmin.com/xmlschemas/ActivityExtension/v2">
      <ns3:Speed>
      3.534467203561691
    </ns3:Speed><nax:Nax>
      <nax:Pace>
      4.715467906979481
    </nax:Pace>
    </nax:Nax>
    </TPX>
    </Extensions>
    </Trackpoint>
<Trackpoint>
      <Time>
      2023-08-20T09:15:29.664Z
    </Time><DistanceMeters>
      9.977514871396124
    </DistanceMeters><Cadence>
      165.95961570739746
    </Cadence><SensorState>
      Present
    </SensorState>
    </Trackpoint>
<Trackpoint>
      <Time>
      2023-08-20T09:15:29.718Z
    </Time><SensorState>
      Present
    </SensorState><Extensions>
      <TPX xmlns="http://www.garmin.com/xmlschemas/ActivityExtension/v2">
      <nax:Nax>
      <nax:DescentInMeters>
      0.15000009536743164
    </nax:DescentInMeters>
    </nax:Nax>
    </TPX>
    </Extensions>
    </Trackpoint>
<Trackpoint>
      <Time>
      2023-08-20T09:15:31.999Z
    </Time><Position>
      <LatitudeDegrees>
      15.008887978185188
    </LatitudeDegrees><LongitudeDegrees>
      120.63833773845899
    </LongitudeDegrees>
    </Position><AltitudeMeters>
      13.811758144598578
    </AltitudeMeters><SensorState>
      Present
    </SensorState>
    </Trackpoint>
<Trackpoint>
      <Time>
      2023-08-20T09:15:32.219Z
    </Time><SensorState>
      Present
    </SensorState><Extensions>
      <TPX xmlns="http://www.garmin.com/xmlschemas/ActivityExtension/v2">
      <ns3:Speed>
      3.5474822503691112
    </ns3:Speed><nax:Nax>
      <nax:Pace>
      4.69816773993232
    </nax:Pace>
    </nax:Nax>
    </TPX>
    </Extensions>
    </Trackpoint>
<Trackpoint>
      <Time>
      2023-08-20T09:15:32.220Z
    </Time><DistanceMeters>
      8.875622526742518
    </DistanceMeters><Cadence>
      165.95974445343018
    </Cadence><SensorState>
      Present
    </SensorState>
    </Trackpoint>
<Trackpoint>
      <Time>
      2023-08-20T09:15:32.275Z
    </Time><SensorState>
      Present
    </SensorState><Extensions>
      <TPX xmlns="http://www.garmin.com/xmlschemas/ActivityExtension/v2">
      <nax:Nax>
      <nax:DescentInMeters>
      0.11999988555908203
    </nax:DescentInMeters>
    </nax:Nax>
    </TPX>
    </Extensions>
    </Trackpoint>
<Trackpoint>
      <Time>
      2023-08-20T09:15:33.000Z
    </Time><SensorState>
      Present
    </SensorState><Extensions>
      <TPX xmlns="http://www.garmin.com/xmlschemas/ActivityExtension/v2">
      <nax:Nax>
      <nax:NikeFuel>
      9.15907406805611
    </nax:NikeFuel>
    </nax:Nax>
    </TPX>
    </Extensions>
    </Trackpoint>
<Trackpoint>
      <Time>
      2023-08-20T09:15:34.775Z
    </Time><SensorState>
      Present
    </SensorState><Extensions>
      <TPX xmlns="http://www.garmin.com/xmlschemas/ActivityExtension/v2">
      <ns3:Speed>
      3.5200256021114256
    </ns3:Speed><nax:Nax>
      <nax:Pace>
      4.734814046997118
    </nax:Pace>
    </nax:Nax>
    </TPX>
    </Extensions>
    </Trackpoint>
<Trackpoint>
      <Time>
      2023-08-20T09:15:34.776Z
    </Time><DistanceMeters>
      9.03776754066348
    </DistanceMeters><Cadence>
      165.95974445343018
    </Cadence><SensorState>
      Present
    </SensorState>
    </Trackpoint>
<Trackpoint>
      <Time>
      2023-08-20T09:15:34.832Z
    </Time><SensorState>
      Present
    </SensorState><Extensions>
      <TPX xmlns="http://www.garmin.com/xmlschemas/ActivityExtension/v2">
      <nax:Nax>
      <nax:DescentInMeters>
      0.08000016212463379
    </nax:DescentInMeters>
    </nax:Nax>
    </TPX>
    </Extensions>
    </Trackpoint>
<Trackpoint>
      <Time>
      2023-08-20T09:15:34.999Z
    </Time><Position>
      <LatitudeDegrees>
      15.008817133295013
    </LatitudeDegrees><LongitudeDegrees>
      120.63840253399856
    </LongitudeDegrees>
    </Position><AltitudeMeters>
      14.147997640164704
    </AltitudeMeters><SensorState>
      Present
    </SensorState>
    </Trackpoint>
<Trackpoint>
      <Time>
      2023-08-20T09:15:37.331Z
    </Time><SensorState>
      Present
    </SensorState><Extensions>
      <TPX xmlns="http://www.garmin.com/xmlschemas/ActivityExtension/v2">
      <ns3:Speed>
      3.5697266900193503
    </ns3:Speed><nax:Nax>
      <nax:Pace>
      4.668891518576265
    </nax:Pace>
    </nax:Nax>
    </TPX>
    </Extensions>
    </Trackpoint>
<Trackpoint>
      <Time>
      2023-08-20T09:15:37.332Z
    </Time><DistanceMeters>
      9.291917144320905
    </DistanceMeters><Cadence>
      166.0881757736206
    </Cadence><SensorState>
      Present
    </SensorState>
    </Trackpoint>
<Trackpoint>
      <Time>
      2023-08-20T09:15:37.387Z
    </Time><SensorState>
      Present
    </SensorState><Extensions>
      <TPX xmlns="http://www.garmin.com/xmlschemas/ActivityExtension/v2">
      <nax:Nax>
      <nax:DescentInMeters>
      0.009999990463256836
    </nax:DescentInMeters>
    </nax:Nax>
    </TPX>
    </Extensions>
    </Trackpoint>
<Trackpoint>
      <Time>
      2023-08-20T09:15:37.497Z
    </Time><HeartRateBpm>
      <Value>
      173
    </Value>
    </HeartRateBpm><SensorState>
      Present
    </SensorState>
    </Trackpoint>
<Trackpoint>
      <Time>
      2023-08-20T09:15:37.999Z
    </Time><Position>
      <LatitudeDegrees>
      15.00874927532945
    </LatitudeDegrees><LongitudeDegrees>
      120.63847800592693
    </LongitudeDegrees>
    </Position><AltitudeMeters>
      14.623652665054934
    </AltitudeMeters><SensorState>
      Present
    </SensorState>
    </Trackpoint>
<Trackpoint>
      <Time>
      2023-08-20T09:15:38.497Z
    </Time><HeartRateBpm>
      <Value>
      172
    </Value>
    </HeartRateBpm><SensorState>
      Present
    </SensorState>
    </Trackpoint>
<Trackpoint>
      <Time>
      2023-08-20T09:15:39.887Z
    </Time><SensorState>
      Present
    </SensorState><Extensions>
      <TPX xmlns="http://www.garmin.com/xmlschemas/ActivityExtension/v2">
      <ns3:Speed>
      3.599994010583361
    </ns3:Speed><nax:Nax>
      <nax:Pace>
      4.629637332081537
    </nax:Pace>
    </nax:Nax>
    </TPX>
    </Extensions>
    </Trackpoint>
<Trackpoint>
      <Time>
      2023-08-20T09:15:39.888Z
    </Time><DistanceMeters>
      7.852920874021948
    </DistanceMeters><Cadence>
      166.28112316131592
    </Cadence><SensorState>
      Present
    </SensorState>
    </Trackpoint>
<Trackpoint>
      <Time>
      2023-08-20T09:15:39.942Z
    </Time><SensorState>
      Present
    </SensorState><Extensions>
      <TPX xmlns="http://www.garmin.com/xmlschemas/ActivityExtension/v2">
      <nax:Nax>
      <nax:DescentInMeters>
      0.07999992370605469
    </nax:DescentInMeters>
    </nax:Nax>
    </TPX>
    </Extensions>
    </Trackpoint>
<Trackpoint>
      <Time>
      2023-08-20T09:15:40.999Z
    </Time><Position>
      <LatitudeDegrees>
      15.008683820484341
    </LatitudeDegrees><LongitudeDegrees>
      120.63854834732892
    </LongitudeDegrees>
    </Position><AltitudeMeters>
      14.618855370125942
    </AltitudeMeters><SensorState>
      Present
    </SensorState>
    </Trackpoint>
<Trackpoint>
      <Time>
      2023-08-20T09:15:42.443Z
    </Time><SensorState>
      Present
    </SensorState><Extensions>
      <TPX xmlns="http://www.garmin.com/xmlschemas/ActivityExtension/v2">
      <ns3:Speed>
      3.59249630814671
    </ns3:Speed><nax:Nax>
      <nax:Pace>
      4.639299594789183
    </nax:Pace>
    </nax:Nax>
    </TPX>
    </Extensions>
    </Trackpoint>
<Trackpoint>
      <Time>
      2023-08-20T09:15:42.444Z
    </Time><DistanceMeters>
      9.299906373023987
    </DistanceMeters><Cadence>
      166.2766456604004
    </Cadence><SensorState>
      Present
    </SensorState>
    </Trackpoint>
<Trackpoint>
      <Time>
      2023-08-20T09:15:42.499Z
    </Time><SensorState>
      Present
    </SensorState><Extensions>
      <TPX xmlns="http://www.garmin.com/xmlschemas/ActivityExtension/v2">
      <nax:Nax>
      <nax:DescentInMeters>
      0.25
    </nax:DescentInMeters>
    </nax:Nax>
    </TPX>
    </Extensions>
    </Trackpoint>
<Trackpoint>
      <Time>
      2023-08-20T09:15:43.000Z
    </Time><SensorState>
      Present
    </SensorState><Extensions>
      <TPX xmlns="http://www.garmin.com/xmlschemas/ActivityExtension/v2">
      <nax:Nax>
      <nax:NikeFuel>
      9.397166481916123
    </nax:NikeFuel>
    </nax:Nax>
    </TPX>
    </Extensions>
    </Trackpoint>
<Trackpoint>
      <Time>
      2023-08-20T09:15:43.497Z
    </Time><HeartRateBpm>
      <Value>
      173
    </Value>
    </HeartRateBpm><SensorState>
      Present
    </SensorState>
    </Trackpoint>
<Trackpoint>
      <Time>
      2023-08-20T09:15:43.999Z
    </Time><Position>
      <LatitudeDegrees>
      15.008617527611056
    </LatitudeDegrees><LongitudeDegrees>
      120.63861968971341
    </LongitudeDegrees>
    </Position><AltitudeMeters>
      14.714642861192011
    </AltitudeMeters><SensorState>
      Present
    </SensorState>
    </Trackpoint>
<Trackpoint>
      <Time>
      2023-08-20T09:15:44.999Z
    </Time><SensorState>
      Present
    </SensorState><Extensions>
      <TPX xmlns="http://www.garmin.com/xmlschemas/ActivityExtension/v2">
      <ns3:Speed>
      3.6021479103158374
    </ns3:Speed><nax:Nax>
      <nax:Pace>
      4.6268690463644315
    </nax:Pace>
    </nax:Nax>
    </TPX>
    </Extensions>
    </Trackpoint>
<Trackpoint>
      <Time>
      2023-08-20T09:15:45.000Z
    </Time><DistanceMeters>
      10.706509161740541
    </DistanceMeters><Cadence>
      166.4101266860962
    </Cadence><SensorState>
      Present
    </SensorState>
    </Trackpoint>
<Trackpoint>
      <Time>
      2023-08-20T09:15:46.999Z
    </Time><Position>
      <LatitudeDegrees>
      15.008552966042052
    </LatitudeDegrees><LongitudeDegrees>
      120.63869669224488
    </LongitudeDegrees>
    </Position><AltitudeMeters>
      14.95556919897924
    </AltitudeMeters><SensorState>
      Present
    </SensorState>
    </Trackpoint>
<Trackpoint>
      <Time>
      2023-08-20T09:15:47.555Z
    </Time><SensorState>
      Present
    </SensorState><Extensions>
      <TPX xmlns="http://www.garmin.com/xmlschemas/ActivityExtension/v2">
      <ns3:Speed>
      3.611764087269382
    </ns3:Speed><nax:Nax>
      <nax:Pace>
      4.614550193190286
    </nax:Pace>
    </nax:Nax>
    </TPX>
    </Extensions>
    </Trackpoint>
<Trackpoint>
      <Time>
      2023-08-20T09:15:47.556Z
    </Time><DistanceMeters>
      9.977679866366088
    </DistanceMeters><Cadence>
      166.4101266860962
    </Cadence><SensorState>
      Present
    </SensorState>
    </Trackpoint>
<Trackpoint>
      <Time>
      2023-08-20T09:15:47.611Z
    </Time><SensorState>
      Present
    </SensorState><Extensions>
      <TPX xmlns="http://www.garmin.com/xmlschemas/ActivityExtension/v2">
      <nax:Nax>
      <nax:DescentInMeters>
      0.039999961853027344
    </nax:DescentInMeters>
    </nax:Nax>
    </TPX>
    </Extensions>
    </Trackpoint>
<Trackpoint>
      <Time>
      2023-08-20T09:15:49.999Z
    </Time><Position>
      <LatitudeDegrees>
      15.00848032762941
    </LatitudeDegrees><LongitudeDegrees>
      120.6387810602054
    </LongitudeDegrees>
    </Position><AltitudeMeters>
      14.470138228074028
    </AltitudeMeters><SensorState>
      Present
    </SensorState>
    </Trackpoint>
<Trackpoint>
      <Time>
      2023-08-20T09:15:50.111Z
    </Time><SensorState>
      Present
    </SensorState><Extensions>
      <TPX xmlns="http://www.garmin.com/xmlschemas/ActivityExtension/v2">
      <ns3:Speed>
      3.7000572134055005
    </ns3:Speed><nax:Nax>
      <nax:Pace>
      4.504434852056466
    </nax:Pace>
    </nax:Nax>
    </TPX>
    </Extensions>
    </Trackpoint>
<Trackpoint>
      <Time>
      2023-08-20T09:15:50.112Z
    </Time><DistanceMeters>
      8.45638261642307
    </DistanceMeters><Cadence>
      166.4101266860962
    </Cadence><SensorState>
      Present
    </SensorState>
    </Trackpoint>
<Trackpoint>
      <Time>
      2023-08-20T09:15:50.166Z
    </Time><SensorState>
      Present
    </SensorState><Extensions>
      <TPX xmlns="http://www.garmin.com/xmlschemas/ActivityExtension/v2">
      <nax:Nax>
      <nax:DescentInMeters>
      0.019999980926513672
    </nax:DescentInMeters>
    </nax:Nax>
    </TPX>
    </Extensions>
    </Trackpoint>
<Trackpoint>
      <Time>
      2023-08-20T09:15:50.497Z
    </Time><HeartRateBpm>
      <Value>
      173
    </Value>
    </HeartRateBpm><SensorState>
      Present
    </SensorState>
    </Trackpoint>
<Trackpoint>
      <Time>
      2023-08-20T09:15:52.667Z
    </Time><SensorState>
      Present
    </SensorState><Extensions>
      <TPX xmlns="http://www.garmin.com/xmlschemas/ActivityExtension/v2">
      <ns3:Speed>
      3.759711811477221
    </ns3:Speed><nax:Nax>
      <nax:Pace>
      4.432963881909394
    </nax:Pace>
    </nax:Nax>
    </TPX>
    </Extensions>
    </Trackpoint>
<Trackpoint>
      <Time>
      2023-08-20T09:15:52.668Z
    </Time><DistanceMeters>
      9.14305526111275
    </DistanceMeters><Cadence>
      166.47149562835693
    </Cadence><SensorState>
      Present
    </SensorState>
    </Trackpoint>
<Trackpoint>
      <Time>
      2023-08-20T09:15:52.724Z
    </Time><SensorState>
      Present
    </SensorState><Extensions>
      <TPX xmlns="http://www.garmin.com/xmlschemas/ActivityExtension/v2">
      <nax:Nax>
      <nax:DescentInMeters>
      0.040000200271606445
    </nax:DescentInMeters>
    </nax:Nax>
    </TPX>
    </Extensions>
    </Trackpoint>
<Trackpoint>
      <Time>
      2023-08-20T09:15:52.999Z
    </Time><Position>
      <LatitudeDegrees>
      15.008409014930939
    </LatitudeDegrees><LongitudeDegrees>
      120.63884326185878
    </LongitudeDegrees>
    </Position><AltitudeMeters>
      14.058205793978779
    </AltitudeMeters><SensorState>
      Present
    </SensorState>
    </Trackpoint>
<Trackpoint>
      <Time>
      2023-08-20T09:15:53.000Z
    </Time><SensorState>
      Present
    </SensorState><Extensions>
      <TPX xmlns="http://www.garmin.com/xmlschemas/ActivityExtension/v2">
      <nax:Nax>
      <nax:NikeFuel>
      9.503481036075275
    </nax:NikeFuel>
    </nax:Nax>
    </TPX>
    </Extensions>
    </Trackpoint>
<Trackpoint>
      <Time>
      2023-08-20T09:15:55.223Z
    </Time><SensorState>
      Present
    </SensorState><Extensions>
      <TPX xmlns="http://www.garmin.com/xmlschemas/ActivityExtension/v2">
      <ns3:Speed>
      3.76964375866786
    </ns3:Speed><nax:Nax>
      <nax:Pace>
      4.421284273439259
    </nax:Pace>
    </nax:Nax>
    </TPX>
    </Extensions>
    </Trackpoint>
<Trackpoint>
      <Time>
      2023-08-20T09:15:55.224Z
    </Time><DistanceMeters>
      8.31450956594199
    </DistanceMeters><Cadence>
      166.5365982055664
    </Cadence><SensorState>
      Present
    </SensorState>
    </Trackpoint>
<Trackpoint>
      <Time>
      2023-08-20T09:15:55.279Z
    </Time><SensorState>
      Present
    </SensorState><Extensions>
      <TPX xmlns="http://www.garmin.com/xmlschemas/ActivityExtension/v2">
      <nax:Nax>
      <nax:DescentInMeters>
      0.029999971389770508
    </nax:DescentInMeters>
    </nax:Nax>
    </TPX>
    </Extensions>
    </Trackpoint>
<Trackpoint>
      <Time>
      2023-08-20T09:15:55.999Z
    </Time><Position>
      <LatitudeDegrees>
      15.008331440669966
    </LatitudeDegrees><LongitudeDegrees>
      120.63890849820298
    </LongitudeDegrees>
    </Position><AltitudeMeters>
      13.814704429116894
    </AltitudeMeters><SensorState>
      Present
    </SensorState>
    </Trackpoint>
<Trackpoint>
      <Time>
      2023-08-20T09:15:56.497Z
    </Time><HeartRateBpm>
      <Value>
      174
    </Value>
    </HeartRateBpm><SensorState>
      Present
    </SensorState>
    </Trackpoint>
<Trackpoint>
      <Time>
      2023-08-20T09:15:57.779Z
    </Time><SensorState>
      Present
    </SensorState><Extensions>
      <TPX xmlns="http://www.garmin.com/xmlschemas/ActivityExtension/v2">
      <ns3:Speed>
      3.7022708326998903
    </ns3:Speed><nax:Nax>
      <nax:Pace>
      4.501741612056096
    </nax:Pace>
    </nax:Nax>
    </TPX>
    </Extensions>
    </Trackpoint>
<Trackpoint>
      <Time>
      2023-08-20T09:15:57.780Z
    </Time><DistanceMeters>
      9.632366986013949
    </DistanceMeters><Cadence>
      166.40679359436035
    </Cadence><SensorState>
      Present
    </SensorState>
    </Trackpoint>
<Trackpoint>
      <Time>
      2023-08-20T09:15:57.835Z
    </Time><SensorState>
      Present
    </SensorState><Extensions>
      <TPX xmlns="http://www.garmin.com/xmlschemas/ActivityExtension/v2">
      <nax:Nax>
      <nax:DescentInMeters>
      0.06000018119812012
    </nax:DescentInMeters>
    </nax:Nax>
    </TPX>
    </Extensions>
    </Trackpoint>
<Trackpoint>
      <Time>
      2023-08-20T09:15:58.497Z
    </Time><HeartRateBpm>
      <Value>
      173
    </Value>
    </HeartRateBpm><SensorState>
      Present
    </SensorState>
    </Trackpoint>
<Trackpoint>
      <Time>
      2023-08-20T09:15:58.999Z
    </Time><Position>
      <LatitudeDegrees>
      15.008263480784038
    </LatitudeDegrees><LongitudeDegrees>
      120.63897469119668
    </LongitudeDegrees>
    </Position><AltitudeMeters>
      13.433737698531246
    </AltitudeMeters><SensorState>
      Present
    </SensorState>
    </Trackpoint>
<Trackpoint>
      <Time>
      2023-08-20T09:16:00.335Z
    </Time><SensorState>
      Present
    </SensorState><Extensions>
      <TPX xmlns="http://www.garmin.com/xmlschemas/ActivityExtension/v2">
      <ns3:Speed>
      3.702687503556155
    </ns3:Speed><nax:Nax>
      <nax:Pace>
      4.501235022037257
    </nax:Pace>
    </nax:Nax>
    </TPX>
    </Extensions>
    </Trackpoint>
<Trackpoint>
      <Time>
      2023-08-20T09:16:00.336Z
    </Time><DistanceMeters>
      9.684880004264414
    </DistanceMeters><Cadence>
      166.21244430541992
    </Cadence><SensorState>
      Present
    </SensorState>
    </Trackpoint>
<Trackpoint>
      <Time>
      2023-08-20T09:16:00.391Z
    </Time><SensorState>
      Present
    </SensorState><Extensions>
      <TPX xmlns="http://www.garmin.com/xmlschemas/ActivityExtension/v2">
      <nax:Nax>
      <nax:AscentInMeters>
      0.040000200271606445
    </nax:AscentInMeters>
    </nax:Nax>
    </TPX>
    </Extensions>
    </Trackpoint>
<Trackpoint>
      <Time>
      2023-08-20T09:16:01.999Z
    </Time><Position>
      <LatitudeDegrees>
      15.008191067078085
    </LatitudeDegrees><LongitudeDegrees>
      120.63904915059395
    </LongitudeDegrees>
    </Position><AltitudeMeters>
      13.748782701723428
    </AltitudeMeters><SensorState>
      Present
    </SensorState>
    </Trackpoint>
<Trackpoint>
      <Time>
      2023-08-20T09:16:02.891Z
    </Time><SensorState>
      Present
    </SensorState><Extensions>
      <TPX xmlns="http://www.garmin.com/xmlschemas/ActivityExtension/v2">
      <ns3:Speed>
      3.67386652172266
    </ns3:Speed><nax:Nax>
      <nax:Pace>
      4.536546596922018
    </nax:Pace>
    </nax:Nax>
    </TPX>
    </Extensions>
    </Trackpoint>
<Trackpoint>
      <Time>
      2023-08-20T09:16:02.892Z
    </Time><DistanceMeters>
      10.237573456019163
    </DistanceMeters><Cadence>
      166.21251583099365
    </Cadence><SensorState>
      Present
    </SensorState>
    </Trackpoint>
<Trackpoint>
      <Time>
      2023-08-20T09:16:02.947Z
    </Time><SensorState>
      Present
    </SensorState><Extensions>
      <TPX xmlns="http://www.garmin.com/xmlschemas/ActivityExtension/v2">
      <nax:Nax>
      <nax:AscentInMeters>
      0.059999942779541016
    </nax:AscentInMeters>
    </nax:Nax>
    </TPX>
    </Extensions>
    </Trackpoint>
<Trackpoint>
      <Time>
      2023-08-20T09:16:03.000Z
    </Time><SensorState>
      Present
    </SensorState><Extensions>
      <TPX xmlns="http://www.garmin.com/xmlschemas/ActivityExtension/v2">
      <nax:Nax>
      <nax:NikeFuel>
      9.38168700872336
    </nax:NikeFuel>
    </nax:Nax>
    </TPX>
    </Extensions>
    </Trackpoint>
<Trackpoint>
      <Time>
      2023-08-20T09:16:04.999Z
    </Time><Position>
      <LatitudeDegrees>
      15.00811032771462
    </LatitudeDegrees><LongitudeDegrees>
      120.63912558149045
    </LongitudeDegrees>
    </Position><AltitudeMeters>
      14.295444973211318
    </AltitudeMeters><SensorState>
      Present
    </SensorState>
    </Trackpoint>
<Trackpoint>
      <Time>
      2023-08-20T09:16:05.447Z
    </Time><SensorState>
      Present
    </SensorState><Extensions>
      <TPX xmlns="http://www.garmin.com/xmlschemas/ActivityExtension/v2">
      <ns3:Speed>
      3.6895283240435544
    </ns3:Speed><nax:Nax>
      <nax:Pace>
      4.5172892583734825
    </nax:Pace>
    </nax:Nax>
    </TPX>
    </Extensions>
    </Trackpoint>
<Trackpoint>
      <Time>
      2023-08-20T09:16:05.448Z
    </Time><DistanceMeters>
      9.035816301591694
    </DistanceMeters><Cadence>
      166.14789962768555
    </Cadence><SensorState>
      Present
    </SensorState>
    </Trackpoint>
<Trackpoint>
      <Time>
      2023-08-20T09:16:06.497Z
    </Time><HeartRateBpm>
      <Value>
      173
    </Value>
    </HeartRateBpm><SensorState>
      Present
    </SensorState>
    </Trackpoint>
<Trackpoint>
      <Time>
      2023-08-20T09:16:07.999Z
    </Time><Position>
      <LatitudeDegrees>
      15.008038004028368
    </LatitudeDegrees><LongitudeDegrees>
      120.63918836874198
    </LongitudeDegrees>
    </Position><AltitudeMeters>
      14.997026434847825
    </AltitudeMeters><SensorState>
      Present
    </SensorState>
    </Trackpoint>
<Trackpoint>
      <Time>
      2023-08-20T09:16:08.003Z
    </Time><SensorState>
      Present
    </SensorState><Extensions>
      <TPX xmlns="http://www.garmin.com/xmlschemas/ActivityExtension/v2">
      <ns3:Speed>
      3.668568056912486
    </ns3:Speed><nax:Nax>
      <nax:Pace>
      4.543098671772645
    </nax:Pace>
    </nax:Nax>
    </TPX>
    </Extensions>
    </Trackpoint>
<Trackpoint>
      <Time>
      2023-08-20T09:16:08.004Z
    </Time><DistanceMeters>
      8.187475987710059
    </DistanceMeters><Cadence>
      166.14789962768555
    </Cadence><SensorState>
      Present
    </SensorState>
    </Trackpoint>
<Trackpoint>
      <Time>
      2023-08-20T09:16:08.059Z
    </Time><SensorState>
      Present
    </SensorState><Extensions>
      <TPX xmlns="http://www.garmin.com/xmlschemas/ActivityExtension/v2">
      <nax:Nax>
      <nax:DescentInMeters>
      0.009999990463256836
    </nax:DescentInMeters>
    </nax:Nax>
    </TPX>
    </Extensions>
    </Trackpoint>
<Trackpoint>
      <Time>
      2023-08-20T09:16:09.497Z
    </Time><HeartRateBpm>
      <Value>
      174
    </Value>
    </HeartRateBpm><SensorState>
      Present
    </SensorState>
    </Trackpoint>
<Trackpoint>
      <Time>
      2023-08-20T09:16:10.558Z
    </Time><SensorState>
      Present
    </SensorState><Extensions>
      <TPX xmlns="http://www.garmin.com/xmlschemas/ActivityExtension/v2">
      <ns3:Speed>
      3.6280774892330583
    </ns3:Speed><nax:Nax>
      <nax:Pace>
      4.5938011842712445
    </nax:Pace>
    </nax:Nax>
    </TPX>
    </Extensions>
    </Trackpoint>
<Trackpoint>
      <Time>
      2023-08-20T09:16:10.559Z
    </Time><DistanceMeters>
      11.402552403509617
    </DistanceMeters><Cadence>
      166.9925022125244
    </Cadence><SensorState>
      Present
    </SensorState>
    </Trackpoint>
<Trackpoint>
      <Time>
      2023-08-20T09:16:10.615Z
    </Time><SensorState>
      Present
    </SensorState><Extensions>
      <TPX xmlns="http://www.garmin.com/xmlschemas/ActivityExtension/v2">
      <nax:Nax>
      <nax:DescentInMeters>
      0.28999996185302734
    </nax:DescentInMeters>
    </nax:Nax>
    </TPX>
    </Extensions>
    </Trackpoint>
<Trackpoint>
      <Time>
      2023-08-20T09:16:10.999Z
    </Time><Position>
      <LatitudeDegrees>
      15.007969110898197
    </LatitudeDegrees><LongitudeDegrees>
      120.63925612635047
    </LongitudeDegrees>
    </Position><AltitudeMeters>
      15.096741502092705
    </AltitudeMeters><SensorState>
      Present
    </SensorState>
    </Trackpoint>
<Trackpoint>
      <Time>
      2023-08-20T09:16:13.000Z
    </Time><SensorState>
      Present
    </SensorState><Extensions>
      <TPX xmlns="http://www.garmin.com/xmlschemas/ActivityExtension/v2">
      <nax:Nax>
      <nax:NikeFuel>
      9.118668670801672
    </nax:NikeFuel>
    </nax:Nax>
    </TPX>
    </Extensions>
    </Trackpoint>
<Trackpoint>
      <Time>
      2023-08-20T09:16:13.114Z
    </Time><SensorState>
      Present
    </SensorState><Extensions>
      <TPX xmlns="http://www.garmin.com/xmlschemas/ActivityExtension/v2">
      <ns3:Speed>
      3.6583339199625176
    </ns3:Speed><nax:Nax>
      <nax:Pace>
      4.555807925493425
    </nax:Pace>
    </nax:Nax>
    </TPX>
    </Extensions>
    </Trackpoint>
<Trackpoint>
      <Time>
      2023-08-20T09:16:13.115Z
    </Time><DistanceMeters>
      9.051437675021589
    </DistanceMeters><Cadence>
      166.9925022125244
    </Cadence><SensorState>
      Present
    </SensorState>
    </Trackpoint>
<Trackpoint>
      <Time>
      2023-08-20T09:16:13.999Z
    </Time><Position>
      <LatitudeDegrees>
      15.00790150634978
    </LatitudeDegrees><LongitudeDegrees>
      120.63933744561622
    </LongitudeDegrees>
    </Position><AltitudeMeters>
      15.052686832293226
    </AltitudeMeters><SensorState>
      Present
    </SensorState>
    </Trackpoint>
<Trackpoint>
      <Time>
      2023-08-20T09:16:14.497Z
    </Time><HeartRateBpm>
      <Value>
      174
    </Value>
    </HeartRateBpm><SensorState>
      Present
    </SensorState>
    </Trackpoint>
<Trackpoint>
      <Time>
      2023-08-20T09:16:15.670Z
    </Time><SensorState>
      Present
    </SensorState><Extensions>
      <TPX xmlns="http://www.garmin.com/xmlschemas/ActivityExtension/v2">
      <ns3:Speed>
      3.620633083421913
    </ns3:Speed><nax:Nax>
      <nax:Pace>
      4.603246526962284
    </nax:Pace>
    </nax:Nax>
    </TPX>
    </Extensions>
    </Trackpoint>
<Trackpoint>
      <Time>
      2023-08-20T09:16:15.671Z
    </Time><DistanceMeters>
      6.472906359471381
    </DistanceMeters><Cadence>
      166.9925022125244
    </Cadence><SensorState>
      Present
    </SensorState>
    </Trackpoint>
<Trackpoint>
      <Time>
      2023-08-20T09:16:15.727Z
    </Time><SensorState>
      Present
    </SensorState><Extensions>
      <TPX xmlns="http://www.garmin.com/xmlschemas/ActivityExtension/v2">
      <nax:Nax>
      <nax:DescentInMeters>
      0.029999971389770508
    </nax:DescentInMeters>
    </nax:Nax>
    </TPX>
    </Extensions>
    </Trackpoint>
<Trackpoint>
      <Time>
      2023-08-20T09:16:17.999Z
    </Time><Position>
      <LatitudeDegrees>
      15.007824317523129
    </LatitudeDegrees><LongitudeDegrees>
      120.6394219416759
    </LongitudeDegrees>
    </Position><AltitudeMeters>
      14.971822875941335
    </AltitudeMeters><SensorState>
      Present
    </SensorState>
    </Trackpoint>
<Trackpoint>
      <Time>
      2023-08-20T09:16:18.226Z
    </Time><SensorState>
      Present
    </SensorState><Extensions>
      <TPX xmlns="http://www.garmin.com/xmlschemas/ActivityExtension/v2">
      <ns3:Speed>
      3.5089909912293886
    </ns3:Speed><nax:Nax>
      <nax:Pace>
      4.74970346413669
    </nax:Pace>
    </nax:Nax>
    </TPX>
    </Extensions>
    </Trackpoint>
<Trackpoint>
      <Time>
      2023-08-20T09:16:18.227Z
    </Time><DistanceMeters>
      9.118105574510992
    </DistanceMeters><Cadence>
      122.64173984527588
    </Cadence><SensorState>
      Present
    </SensorState>
    </Trackpoint>
<Trackpoint>
      <Time>
      2023-08-20T09:16:18.284Z
    </Time><SensorState>
      Present
    </SensorState><Extensions>
      <TPX xmlns="http://www.garmin.com/xmlschemas/ActivityExtension/v2">
      <nax:Nax>
      <nax:DescentInMeters>
      0.09999990463256836
    </nax:DescentInMeters>
    </nax:Nax>
    </TPX>
    </Extensions>
    </Trackpoint>
<Trackpoint>
      <Time>
      2023-08-20T09:16:18.497Z
    </Time><HeartRateBpm>
      <Value>
      174
    </Value>
    </HeartRateBpm><SensorState>
      Present
    </SensorState>
    </Trackpoint>
<Trackpoint>
      <Time>
      2023-08-20T09:16:20.782Z
    </Time><SensorState>
      Present
    </SensorState><Extensions>
      <TPX xmlns="http://www.garmin.com/xmlschemas/ActivityExtension/v2">
      <ns3:Speed>
      3.427855685290285
    </ns3:Speed><nax:Nax>
      <nax:Pace>
      4.862126121057883
    </nax:Pace>
    </nax:Nax>
    </TPX>
    </Extensions>
    </Trackpoint>
<Trackpoint>
      <Time>
      2023-08-20T09:16:20.783Z
    </Time><DistanceMeters>
      7.828595036640764
    </DistanceMeters><Cadence>
      122.64173984527588
    </Cadence><SensorState>
      Present
    </SensorState>
    </Trackpoint>
<Trackpoint>
      <Time>
      2023-08-20T09:16:20.840Z
    </Time><SensorState>
      Present
    </SensorState><Extensions>
      <TPX xmlns="http://www.garmin.com/xmlschemas/ActivityExtension/v2">
      <nax:Nax>
      <nax:DescentInMeters>
      0.09999990463256836
    </nax:DescentInMeters>
    </nax:Nax>
    </TPX>
    </Extensions>
    </Trackpoint>
<Trackpoint>
      <Time>
      2023-08-20T09:16:21.999Z
    </Time><Position>
      <LatitudeDegrees>
      15.007741792686035
    </LatitudeDegrees><LongitudeDegrees>
      120.6395012541413
    </LongitudeDegrees>
    </Position><AltitudeMeters>
      14.789201162329519
    </AltitudeMeters><SensorState>
      Present
    </SensorState>
    </Trackpoint>
<Trackpoint>
      <Time>
      2023-08-20T09:16:23.000Z
    </Time><SensorState>
      Present
    </SensorState><Extensions>
      <TPX xmlns="http://www.garmin.com/xmlschemas/ActivityExtension/v2">
      <nax:Nax>
      <nax:NikeFuel>
      8.720172636715404
    </nax:NikeFuel>
    </nax:Nax>
    </TPX>
    </Extensions>
    </Trackpoint>
<Trackpoint>
      <Time>
      2023-08-20T09:16:23.338Z
    </Time><SensorState>
      Present
    </SensorState><Extensions>
      <TPX xmlns="http://www.garmin.com/xmlschemas/ActivityExtension/v2">
      <ns3:Speed>
      3.3731382628873967
    </ns3:Speed><nax:Nax>
      <nax:Pace>
      4.940997186519134
    </nax:Pace>
    </nax:Nax>
    </TPX>
    </Extensions>
    </Trackpoint>
<Trackpoint>
      <Time>
      2023-08-20T09:16:23.339Z
    </Time><DistanceMeters>
      7.716898552142084
    </DistanceMeters><Cadence>
      139.7539472579956
    </Cadence><SensorState>
      Present
    </SensorState>
    </Trackpoint>
<Trackpoint>
      <Time>
      2023-08-20T09:16:23.396Z
    </Time><SensorState>
      Present
    </SensorState><Extensions>
      <TPX xmlns="http://www.garmin.com/xmlschemas/ActivityExtension/v2">
      <nax:Nax>
      <nax:DescentInMeters>
      0.010000228881835938
    </nax:DescentInMeters>
    </nax:Nax>
    </TPX>
    </Extensions>
    </Trackpoint>
<Trackpoint>
      <Time>
      2023-08-20T09:16:23.497Z
    </Time><HeartRateBpm>
      <Value>
      173
    </Value>
    </HeartRateBpm><SensorState>
      Present
    </SensorState>
    </Trackpoint>
<Trackpoint>
      <Time>
      2023-08-20T09:16:25.894Z
    </Time><SensorState>
      Present
    </SensorState><Extensions>
      <TPX xmlns="http://www.garmin.com/xmlschemas/ActivityExtension/v2">
      <ns3:Speed>
      3.3890077269768186
    </ns3:Speed><nax:Nax>
      <nax:Pace>
      4.91786033239123
    </nax:Pace>
    </nax:Nax>
    </TPX>
    </Extensions>
    </Trackpoint>
<Trackpoint>
      <Time>
      2023-08-20T09:16:25.895Z
    </Time><DistanceMeters>
      8.271134859882295
    </DistanceMeters><Cadence>
      148.28438758850098
    </Cadence><SensorState>
      Present
    </SensorState>
    </Trackpoint>
<Trackpoint>
      <Time>
      2023-08-20T09:16:25.951Z
    </Time><SensorState>
      Present
    </SensorState><Extensions>
      <TPX xmlns="http://www.garmin.com/xmlschemas/ActivityExtension/v2">
      <nax:Nax>
      <nax:DescentInMeters>
      0.04999995231628418
    </nax:DescentInMeters>
    </nax:Nax>
    </TPX>
    </Extensions>
    </Trackpoint>
<Trackpoint>
      <Time>
      2023-08-20T09:16:25.999Z
    </Time><Position>
      <LatitudeDegrees>
      15.007650536649477
    </LatitudeDegrees><LongitudeDegrees>
      120.63958066684563
    </LongitudeDegrees>
    </Position><AltitudeMeters>
      14.41184791453049
    </AltitudeMeters><SensorState>
      Present
    </SensorState>
    </Trackpoint>
<Trackpoint>
      <Time>
      2023-08-20T09:16:28.450Z
    </Time><SensorState>
      Present
    </SensorState><Extensions>
      <TPX xmlns="http://www.garmin.com/xmlschemas/ActivityExtension/v2">
      <ns3:Speed>
      3.372847474485092
    </ns3:Speed><nax:Nax>
      <nax:Pace>
      4.941423172185112
    </nax:Pace>
    </nax:Nax>
    </TPX>
    </Extensions>
    </Trackpoint>
<Trackpoint>
      <Time>
      2023-08-20T09:16:28.451Z
    </Time><DistanceMeters>
      11.388663084246218
    </DistanceMeters><Cadence>
      152.78201580047607
    </Cadence><SensorState>
      Present
    </SensorState>
    </Trackpoint>
<Trackpoint>
      <Time>
      2023-08-20T09:16:28.508Z
    </Time><SensorState>
      Present
    </SensorState><Extensions>
      <TPX xmlns="http://www.garmin.com/xmlschemas/ActivityExtension/v2">
      <nax:Nax>
      <nax:DescentInMeters>
      0.309999942779541
    </nax:DescentInMeters>
    </nax:Nax>
    </TPX>
    </Extensions>
    </Trackpoint>
<Trackpoint>
      <Time>
      2023-08-20T09:16:29.999Z
    </Time><Position>
      <LatitudeDegrees>
      15.007559881663497
    </LatitudeDegrees><LongitudeDegrees>
      120.63966310533453
    </LongitudeDegrees>
    </Position><AltitudeMeters>
      14.207018820299652
    </AltitudeMeters><SensorState>
      Present
    </SensorState>
    </Trackpoint>
<Trackpoint>
      <Time>
      2023-08-20T09:16:30.497Z
    </Time><HeartRateBpm>
      <Value>
      172
    </Value>
    </HeartRateBpm><SensorState>
      Present
    </SensorState>
    </Trackpoint>
<Trackpoint>
      <Time>
      2023-08-20T09:16:31.006Z
    </Time><SensorState>
      Present
    </SensorState><Extensions>
      <TPX xmlns="http://www.garmin.com/xmlschemas/ActivityExtension/v2">
      <ns3:Speed>
      3.425668494903307
    </ns3:Speed><nax:Nax>
      <nax:Pace>
      4.865230448148515
    </nax:Pace>
    </nax:Nax>
    </TPX>
    </Extensions>
    </Trackpoint>
<Trackpoint>
      <Time>
      2023-08-20T09:16:31.007Z
    </Time><DistanceMeters>
      9.150647969916463
    </DistanceMeters><Cadence>
      154.68865871429443
    </Cadence><SensorState>
      Present
    </SensorState>
    </Trackpoint>
<Trackpoint>
      <Time>
      2023-08-20T09:16:31.063Z
    </Time><SensorState>
      Present
    </SensorState><Extensions>
      <TPX xmlns="http://www.garmin.com/xmlschemas/ActivityExtension/v2">
      <nax:Nax>
      <nax:DescentInMeters>
      0.25999999046325684
    </nax:DescentInMeters>
    </nax:Nax>
    </TPX>
    </Extensions>
    </Trackpoint>
<Trackpoint>
      <Time>
      2023-08-20T09:16:32.999Z
    </Time><Position>
      <LatitudeDegrees>
      15.00748122054303
    </LatitudeDegrees><LongitudeDegrees>
      120.63975677655117
    </LongitudeDegrees>
    </Position><AltitudeMeters>
      13.74069937388007
    </AltitudeMeters><SensorState>
      Present
    </SensorState>
    </Trackpoint>
<Trackpoint>
      <Time>
      2023-08-20T09:16:33.000Z
    </Time><SensorState>
      Present
    </SensorState><Extensions>
      <TPX xmlns="http://www.garmin.com/xmlschemas/ActivityExtension/v2">
      <nax:Nax>
      <nax:NikeFuel>
      9.198148546427706
    </nax:NikeFuel>
    </nax:Nax>
    </TPX>
    </Extensions>
    </Trackpoint>
<Trackpoint>
      <Time>
      2023-08-20T09:16:33.562Z
    </Time><SensorState>
      Present
    </SensorState><Extensions>
      <TPX xmlns="http://www.garmin.com/xmlschemas/ActivityExtension/v2">
      <ns3:Speed>
      3.519378313612209
    </ns3:Speed><nax:Nax>
      <nax:Pace>
      4.735684879969718
    </nax:Pace>
    </nax:Nax>
    </TPX>
    </Extensions>
    </Trackpoint>
<Trackpoint>
      <Time>
      2023-08-20T09:16:33.563Z
    </Time><DistanceMeters>
      10.32460622023791
    </DistanceMeters><Cadence>
      156.93403244018555
    </Cadence><SensorState>
      Present
    </SensorState>
    </Trackpoint>
<Trackpoint>
      <Time>
      2023-08-20T09:16:33.620Z
    </Time><SensorState>
      Present
    </SensorState><Extensions>
      <TPX xmlns="http://www.garmin.com/xmlschemas/ActivityExtension/v2">
      <nax:Nax>
      <nax:DescentInMeters>
      0.1100001335144043
    </nax:DescentInMeters>
    </nax:Nax>
    </TPX>
    </Extensions>
    </Trackpoint>
<Trackpoint>
      <Time>
      2023-08-20T09:16:35.999Z
    </Time><Position>
      <LatitudeDegrees>
      15.007420267966921
    </LatitudeDegrees><LongitudeDegrees>
      120.63983535189045
    </LongitudeDegrees>
    </Position><AltitudeMeters>
      13.465374933632312
    </AltitudeMeters><SensorState>
      Present
    </SensorState>
    </Trackpoint>
<Trackpoint>
      <Time>
      2023-08-20T09:16:36.118Z
    </Time><SensorState>
      Present
    </SensorState><Extensions>
      <TPX xmlns="http://www.garmin.com/xmlschemas/ActivityExtension/v2">
      <ns3:Speed>
      3.55069163577517
    </ns3:Speed><nax:Nax>
      <nax:Pace>
      4.693921178268718
    </nax:Pace>
    </nax:Nax>
    </TPX>
    </Extensions>
    </Trackpoint>
<Trackpoint>
      <Time>
      2023-08-20T09:16:36.119Z
    </Time><DistanceMeters>
      9.549878530204296
    </DistanceMeters><Cadence>
      158.49032878875732
    </Cadence><SensorState>
      Present
    </SensorState>
    </Trackpoint>
<Trackpoint>
      <Time>
      2023-08-20T09:16:36.175Z
    </Time><SensorState>
      Present
    </SensorState><Extensions>
      <TPX xmlns="http://www.garmin.com/xmlschemas/ActivityExtension/v2">
      <nax:Nax>
      <nax:DescentInMeters>
      0.12999987602233887
    </nax:DescentInMeters>
    </nax:Nax>
    </TPX>
    </Extensions>
    </Trackpoint>
<Trackpoint>
      <Time>
      2023-08-20T09:16:36.497Z
    </Time><HeartRateBpm>
      <Value>
      171
    </Value>
    </HeartRateBpm><SensorState>
      Present
    </SensorState>
    </Trackpoint>
<Trackpoint>
      <Time>
      2023-08-20T09:16:38.497Z
    </Time><HeartRateBpm>
      <Value>
      171
    </Value>
    </HeartRateBpm><SensorState>
      Present
    </SensorState>
    </Trackpoint>
<Trackpoint>
      <Time>
      2023-08-20T09:16:38.674Z
    </Time><SensorState>
      Present
    </SensorState><Extensions>
      <TPX xmlns="http://www.garmin.com/xmlschemas/ActivityExtension/v2">
      <ns3:Speed>
      3.616799707496996
    </ns3:Speed><nax:Nax>
      <nax:Pace>
      4.608125418756136
    </nax:Pace>
    </nax:Nax>
    </TPX>
    </Extensions>
    </Trackpoint>
<Trackpoint>
      <Time>
      2023-08-20T09:16:38.675Z
    </Time><DistanceMeters>
      9.634149366989732
    </DistanceMeters><Cadence>
      159.82513904571533
    </Cadence><SensorState>
      Present
    </SensorState>
    </Trackpoint>
<Trackpoint>
      <Time>
      2023-08-20T09:16:38.733Z
    </Time><SensorState>
      Present
    </SensorState><Extensions>
      <TPX xmlns="http://www.garmin.com/xmlschemas/ActivityExtension/v2">
      <nax:Nax>
      <nax:DescentInMeters>
      0.13000011444091797
    </nax:DescentInMeters>
    </nax:Nax>
    </TPX>
    </Extensions>
    </Trackpoint>
<Trackpoint>
      <Time>
      2023-08-20T09:16:38.999Z
    </Time><Position>
      <LatitudeDegrees>
      15.007349228373604
    </LatitudeDegrees><LongitudeDegrees>
      120.63991343194526
    </LongitudeDegrees>
    </Position><AltitudeMeters>
      12.906729020557151
    </AltitudeMeters><SensorState>
      Present
    </SensorState>
    </Trackpoint>
<Trackpoint>
      <Time>
      2023-08-20T09:16:41.230Z
    </Time><SensorState>
      Present
    </SensorState><Extensions>
      <TPX xmlns="http://www.garmin.com/xmlschemas/ActivityExtension/v2">
      <ns3:Speed>
      3.6596137733296907
    </ns3:Speed><nax:Nax>
      <nax:Pace>
      4.554214651865445
    </nax:Pace>
    </nax:Nax>
    </TPX>
    </Extensions>
    </Trackpoint>
<Trackpoint>
      <Time>
      2023-08-20T09:16:41.231Z
    </Time><DistanceMeters>
      10.289458997547626
    </DistanceMeters><Cadence>
      160.182466506958
    </Cadence><SensorState>
      Present
    </SensorState>
    </Trackpoint>
<Trackpoint>
      <Time>
      2023-08-20T09:16:41.287Z
    </Time><SensorState>
      Present
    </SensorState><Extensions>
      <TPX xmlns="http://www.garmin.com/xmlschemas/ActivityExtension/v2">
      <nax:Nax>
      <nax:DescentInMeters>
      0.09999990463256836
    </nax:DescentInMeters>
    </nax:Nax>
    </TPX>
    </Extensions>
    </Trackpoint>
<Trackpoint>
      <Time>
      2023-08-20T09:16:41.999Z
    </Time><Position>
      <LatitudeDegrees>
      15.007278060908604
    </LatitudeDegrees><LongitudeDegrees>
      120.63998995989175
    </LongitudeDegrees>
    </Position><AltitudeMeters>
      12.879624464924596
    </AltitudeMeters><SensorState>
      Present
    </SensorState>
    </Trackpoint>
<Trackpoint>
      <Time>
      2023-08-20T09:16:43.000Z
    </Time><SensorState>
      Present
    </SensorState><Extensions>
      <TPX xmlns="http://www.garmin.com/xmlschemas/ActivityExtension/v2">
      <nax:Nax>
      <nax:NikeFuel>
      9.46761356945963
    </nax:NikeFuel>
    </nax:Nax>
    </TPX>
    </Extensions>
    </Trackpoint>
<Trackpoint>
      <Time>
      2023-08-20T09:16:43.786Z
    </Time><SensorState>
      Present
    </SensorState><Extensions>
      <TPX xmlns="http://www.garmin.com/xmlschemas/ActivityExtension/v2">
      <ns3:Speed>
      3.663672719399571
    </ns3:Speed><nax:Nax>
      <nax:Pace>
      4.549169083366737
    </nax:Pace>
    </nax:Nax>
    </TPX>
    </Extensions>
    </Trackpoint>
<Trackpoint>
      <Time>
      2023-08-20T09:16:43.787Z
    </Time><DistanceMeters>
      9.981259938329458
    </DistanceMeters><Cadence>
      160.182466506958
    </Cadence><SensorState>
      Present
    </SensorState>
    </Trackpoint>
<Trackpoint>
      <Time>
      2023-08-20T09:16:43.843Z
    </Time><SensorState>
      Present
    </SensorState><Extensions>
      <TPX xmlns="http://www.garmin.com/xmlschemas/ActivityExtension/v2">
      <nax:Nax>
      <nax:DescentInMeters>
      0.2200000286102295
    </nax:DescentInMeters>
    </nax:Nax>
    </TPX>
    </Extensions>
    </Trackpoint>
<Trackpoint>
      <Time>
      2023-08-20T09:16:44.999Z
    </Time><Position>
      <LatitudeDegrees>
      15.007198700896629
    </LatitudeDegrees><LongitudeDegrees>
      120.64007480881595
    </LongitudeDegrees>
    </Position><AltitudeMeters>
      12.863547114966366
    </AltitudeMeters><SensorState>
      Present
    </SensorState>
    </Trackpoint>
<Trackpoint>
      <Time>
      2023-08-20T09:16:46.342Z
    </Time><SensorState>
      Present
    </SensorState><Extensions>
      <TPX xmlns="http://www.garmin.com/xmlschemas/ActivityExtension/v2">
      <ns3:Speed>
      3.715738088655209
    </ns3:Speed><nax:Nax>
      <nax:Pace>
      4.485425578716886
    </nax:Pace>
    </nax:Nax>
    </TPX>
    </Extensions>
    </Trackpoint>
<Trackpoint>
      <Time>
      2023-08-20T09:16:46.343Z
    </Time><DistanceMeters>
      9.023856967687607
    </DistanceMeters><Cadence>
      160.182466506958
    </Cadence><SensorState>
      Present
    </SensorState>
    </Trackpoint>
<Trackpoint>
      <Time>
      2023-08-20T09:16:46.399Z
    </Time><SensorState>
      Present
    </SensorState><Extensions>
      <TPX xmlns="http://www.garmin.com/xmlschemas/ActivityExtension/v2">
      <nax:Nax>
      <nax:DescentInMeters>
      0.1100001335144043
    </nax:DescentInMeters>
    </nax:Nax>
    </TPX>
    </Extensions>
    </Trackpoint>
<Trackpoint>
      <Time>
      2023-08-20T09:16:47.497Z
    </Time><HeartRateBpm>
      <Value>
      171
    </Value>
    </HeartRateBpm><SensorState>
      Present
    </SensorState>
    </Trackpoint>
<Trackpoint>
      <Time>
      2023-08-20T09:16:47.999Z
    </Time><Position>
      <LatitudeDegrees>
      15.007136295656872
    </LatitudeDegrees><LongitudeDegrees>
      120.64014767695096
    </LongitudeDegrees>
    </Position><AltitudeMeters>
      12.992400700386433
    </AltitudeMeters><SensorState>
      Present
    </SensorState>
    </Trackpoint>
<Trackpoint>
      <Time>
      2023-08-20T09:16:48.898Z
    </Time><SensorState>
      Present
    </SensorState><Extensions>
      <TPX xmlns="http://www.garmin.com/xmlschemas/ActivityExtension/v2">
      <ns3:Speed>
      3.72476518074082
    </ns3:Speed><nax:Nax>
      <nax:Pace>
      4.474555000901245
    </nax:Pace>
    </nax:Nax>
    </TPX>
    </Extensions>
    </Trackpoint>
<Trackpoint>
      <Time>
      2023-08-20T09:16:48.899Z
    </Time><DistanceMeters>
      8.142616326920688
    </DistanceMeters><Cadence>
      160.71722030639648
    </Cadence><SensorState>
      Present
    </SensorState>
    </Trackpoint>
<Trackpoint>
      <Time>
      2023-08-20T09:16:48.955Z
    </Time><SensorState>
      Present
    </SensorState><Extensions>
      <TPX xmlns="http://www.garmin.com/xmlschemas/ActivityExtension/v2">
      <nax:Nax>
      <nax:DescentInMeters>
      0.029999732971191406
    </nax:DescentInMeters>
    </nax:Nax>
    </TPX>
    </Extensions>
    </Trackpoint>
<Trackpoint>
      <Time>
      2023-08-20T09:16:50.497Z
    </Time><HeartRateBpm>
      <Value>
      173
    </Value>
    </HeartRateBpm><SensorState>
      Present
    </SensorState>
    </Trackpoint>
<Trackpoint>
      <Time>
      2023-08-20T09:16:50.999Z
    </Time><Position>
      <LatitudeDegrees>
      15.007077646290485
    </LatitudeDegrees><LongitudeDegrees>
      120.64022250175613
    </LongitudeDegrees>
    </Position><AltitudeMeters>
      13.11685559472442
    </AltitudeMeters><SensorState>
      Present
    </SensorState>
    </Trackpoint>
<Trackpoint>
      <Time>
      2023-08-20T09:16:51.454Z
    </Time><SensorState>
      Present
    </SensorState><Extensions>
      <TPX xmlns="http://www.garmin.com/xmlschemas/ActivityExtension/v2">
      <ns3:Speed>
      3.6853243309078625
    </ns3:Speed><nax:Nax>
      <nax:Pace>
      4.522442306335874
    </nax:Pace>
    </nax:Nax>
    </TPX>
    </Extensions>
    </Trackpoint>
<Trackpoint>
      <Time>
      2023-08-20T09:16:51.455Z
    </Time><DistanceMeters>
      7.738914939574897
    </DistanceMeters><Cadence>
      160.92899322509766
    </Cadence><SensorState>
      Present
    </SensorState>
    </Trackpoint>
<Trackpoint>
      <Time>
      2023-08-20T09:16:51.511Z
    </Time><SensorState>
      Present
    </SensorState><Extensions>
      <TPX xmlns="http://www.garmin.com/xmlschemas/ActivityExtension/v2">
      <nax:Nax>
      <nax:DescentInMeters>
      0.07999992370605469
    </nax:DescentInMeters>
    </nax:Nax>
    </TPX>
    </Extensions>
    </Trackpoint>
<Trackpoint>
      <Time>
      2023-08-20T09:16:53.000Z
    </Time><SensorState>
      Present
    </SensorState><Extensions>
      <TPX xmlns="http://www.garmin.com/xmlschemas/ActivityExtension/v2">
      <nax:Nax>
      <nax:NikeFuel>
      9.234917963775452
    </nax:NikeFuel>
    </nax:Nax>
    </TPX>
    </Extensions>
    </Trackpoint>
<Trackpoint>
      <Time>
      2023-08-20T09:16:54.010Z
    </Time><SensorState>
      Present
    </SensorState><Extensions>
      <TPX xmlns="http://www.garmin.com/xmlschemas/ActivityExtension/v2">
      <ns3:Speed>
      3.6064799692615814
    </ns3:Speed><nax:Nax>
      <nax:Pace>
      4.621311308732745
    </nax:Pace>
    </nax:Nax>
    </TPX>
    </Extensions>
    </Trackpoint>
<Trackpoint>
      <Time>
      2023-08-20T09:16:54.011Z
    </Time><DistanceMeters>
      8.565226649865508
    </DistanceMeters><Cadence>
      161.4182996749878
    </Cadence><SensorState>
      Present
    </SensorState>
    </Trackpoint>
<Trackpoint>
      <Time>
      2023-08-20T09:16:54.069Z
    </Time><SensorState>
      Present
    </SensorState><Extensions>
      <TPX xmlns="http://www.garmin.com/xmlschemas/ActivityExtension/v2">
      <nax:Nax>
      <nax:DescentInMeters>
      0.13000011444091797
    </nax:DescentInMeters>
    </nax:Nax>
    </TPX>
    </Extensions>
    </Trackpoint>
<Trackpoint>
      <Time>
      2023-08-20T09:16:54.999Z
    </Time><Position>
      <LatitudeDegrees>
      15.006994611495324
    </LatitudeDegrees><LongitudeDegrees>
      120.64030231800508
    </LongitudeDegrees>
    </Position><AltitudeMeters>
      13.224287609395923
    </AltitudeMeters><SensorState>
      Present
    </SensorState>
    </Trackpoint>
<Trackpoint>
      <Time>
      2023-08-20T09:16:56.566Z
    </Time><SensorState>
      Present
    </SensorState><Extensions>
      <TPX xmlns="http://www.garmin.com/xmlschemas/ActivityExtension/v2">
      <ns3:Speed>
      3.5919193660653383
    </ns3:Speed><nax:Nax>
      <nax:Pace>
      4.640044769413539
    </nax:Pace>
    </nax:Nax>
    </TPX>
    </Extensions>
    </Trackpoint>
<Trackpoint>
      <Time>
      2023-08-20T09:16:56.567Z
    </Time><DistanceMeters>
      8.703927802853286
    </DistanceMeters><Cadence>
      161.7370319366455
    </Cadence><SensorState>
      Present
    </SensorState>
    </Trackpoint>
<Trackpoint>
      <Time>
      2023-08-20T09:16:56.623Z
    </Time><SensorState>
      Present
    </SensorState><Extensions>
      <TPX xmlns="http://www.garmin.com/xmlschemas/ActivityExtension/v2">
      <nax:Nax>
      <nax:DescentInMeters>
      0.07000017166137695
    </nax:DescentInMeters>
    </nax:Nax>
    </TPX>
    </Extensions>
    </Trackpoint>
<Trackpoint>
      <Time>
      2023-08-20T09:16:57.497Z
    </Time><HeartRateBpm>
      <Value>
      173
    </Value>
    </HeartRateBpm><SensorState>
      Present
    </SensorState>
    </Trackpoint>
<Trackpoint>
      <Time>
      2023-08-20T09:16:57.999Z
    </Time><Position>
      <LatitudeDegrees>
      15.006928840040018
    </LatitudeDegrees><LongitudeDegrees>
      120.64036625457173
    </LongitudeDegrees>
    </Position><AltitudeMeters>
      13.141172179681718
    </AltitudeMeters><SensorState>
      Present
    </SensorState>
    </Trackpoint>
<Trackpoint>
      <Time>
      2023-08-20T09:16:58.497Z
    </Time><HeartRateBpm>
      <Value>
      173
    </Value>
    </HeartRateBpm><SensorState>
      Present
    </SensorState>
    </Trackpoint>
<Trackpoint>
      <Time>
      2023-08-20T09:16:59.122Z
    </Time><SensorState>
      Present
    </SensorState><Extensions>
      <TPX xmlns="http://www.garmin.com/xmlschemas/ActivityExtension/v2">
      <ns3:Speed>
      3.588464479312857
    </ns3:Speed><nax:Nax>
      <nax:Pace>
      4.644512092218928
    </nax:Pace>
    </nax:Nax>
    </TPX>
    </Extensions>
    </Trackpoint>
<Trackpoint>
      <Time>
      2023-08-20T09:16:59.123Z
    </Time><DistanceMeters>
      9.60941221844405
    </DistanceMeters><Cadence>
      161.8308448791504
    </Cadence><SensorState>
      Present
    </SensorState>
    </Trackpoint>
<Trackpoint>
      <Time>
      2023-08-20T09:16:59.181Z
    </Time><SensorState>
      Present
    </SensorState><Extensions>
      <TPX xmlns="http://www.garmin.com/xmlschemas/ActivityExtension/v2">
      <nax:Nax>
      <nax:DescentInMeters>
      0.009999752044677734
    </nax:DescentInMeters>
    </nax:Nax>
    </TPX>
    </Extensions>
    </Trackpoint>
<Trackpoint>
      <Time>
      2023-08-20T09:17:00.999Z
    </Time><Position>
      <LatitudeDegrees>
      15.006860263059083
    </LatitudeDegrees><LongitudeDegrees>
      120.6404403603051
    </LongitudeDegrees>
    </Position><AltitudeMeters>
      12.723711213345986
    </AltitudeMeters><SensorState>
      Present
    </SensorState>
    </Trackpoint>
<Trackpoint>
      <Time>
      2023-08-20T09:17:01.678Z
    </Time><SensorState>
      Present
    </SensorState><Extensions>
      <TPX xmlns="http://www.garmin.com/xmlschemas/ActivityExtension/v2">
      <ns3:Speed>
      3.6200707743868588
    </ns3:Speed><nax:Nax>
      <nax:Pace>
      4.603961553621709
    </nax:Pace>
    </nax:Nax>
    </TPX>
    </Extensions>
    </Trackpoint>
<Trackpoint>
      <Time>
      2023-08-20T09:17:01.679Z
    </Time><DistanceMeters>
      9.967990489676595
    </DistanceMeters><Cadence>
      161.99606895446777
    </Cadence><SensorState>
      Present
    </SensorState>
    </Trackpoint>
<Trackpoint>
      <Time>
      2023-08-20T09:17:01.735Z
    </Time><SensorState>
      Present
    </SensorState><Extensions>
      <TPX xmlns="http://www.garmin.com/xmlschemas/ActivityExtension/v2">
      <nax:Nax>
      <nax:DescentInMeters>
      0.019999980926513672
    </nax:DescentInMeters>
    </nax:Nax>
    </TPX>
    </Extensions>
    </Trackpoint>
<Trackpoint>
      <Time>
      2023-08-20T09:17:03.000Z
    </Time><SensorState>
      Present
    </SensorState><Extensions>
      <TPX xmlns="http://www.garmin.com/xmlschemas/ActivityExtension/v2">
      <nax:Nax>
      <nax:NikeFuel>
      9.271590848089394
    </nax:NikeFuel>
    </nax:Nax>
    </TPX>
    </Extensions>
    </Trackpoint>
<Trackpoint>
      <Time>
      2023-08-20T09:17:03.999Z
    </Time><Position>
      <LatitudeDegrees>
      15.00678784860604
    </LatitudeDegrees><LongitudeDegrees>
      120.6405195959872
    </LongitudeDegrees>
    </Position><AltitudeMeters>
      12.498756253513505
    </AltitudeMeters><SensorState>
      Present
    </SensorState>
    </Trackpoint>
<Trackpoint>
      <Time>
      2023-08-20T09:17:04.234Z
    </Time><SensorState>
      Present
    </SensorState><Extensions>
      <TPX xmlns="http://www.garmin.com/xmlschemas/ActivityExtension/v2">
      <ns3:Speed>
      3.6461256174162884
    </ns3:Speed><nax:Nax>
      <nax:Pace>
      4.571062112357219
    </nax:Pace>
    </nax:Nax>
    </TPX>
    </Extensions>
    </Trackpoint>
<Trackpoint>
      <Time>
      2023-08-20T09:17:04.235Z
    </Time><DistanceMeters>
      8.748490838333964
    </DistanceMeters><Cadence>
      162.06194400787354
    </Cadence><SensorState>
      Present
    </SensorState>
    </Trackpoint>
<Trackpoint>
      <Time>
      2023-08-20T09:17:04.497Z
    </Time><HeartRateBpm>
      <Value>
      173
    </Value>
    </HeartRateBpm><SensorState>
      Present
    </SensorState>
    </Trackpoint>
<Trackpoint>
      <Time>
      2023-08-20T09:17:06.790Z
    </Time><SensorState>
      Present
    </SensorState><Extensions>
      <TPX xmlns="http://www.garmin.com/xmlschemas/ActivityExtension/v2">
      <ns3:Speed>
      3.6207559868367163
    </ns3:Speed><nax:Nax>
      <nax:Pace>
      4.603090273760079
    </nax:Pace>
    </nax:Nax>
    </TPX>
    </Extensions>
    </Trackpoint>
<Trackpoint>
      <Time>
      2023-08-20T09:17:06.791Z
    </Time><DistanceMeters>
      8.644486268050969
    </DistanceMeters><Cadence>
      162.3427391052246
    </Cadence><SensorState>
      Present
    </SensorState>
    </Trackpoint>
<Trackpoint>
      <Time>
      2023-08-20T09:17:06.847Z
    </Time><SensorState>
      Present
    </SensorState><Extensions>
      <TPX xmlns="http://www.garmin.com/xmlschemas/ActivityExtension/v2">
      <nax:Nax>
      <nax:DescentInMeters>
      0.10000038146972656
    </nax:DescentInMeters>
    </nax:Nax>
    </TPX>
    </Extensions>
    </Trackpoint>
<Trackpoint>
      <Time>
      2023-08-20T09:17:06.999Z
    </Time><Position>
      <LatitudeDegrees>
      15.006719716188691
    </LatitudeDegrees><LongitudeDegrees>
      120.6405846414351
    </LongitudeDegrees>
    </Position><AltitudeMeters>
      12.343420055822044
    </AltitudeMeters><SensorState>
      Present
    </SensorState>
    </Trackpoint>
<Trackpoint>
      <Time>
      2023-08-20T09:17:09.346Z
    </Time><SensorState>
      Present
    </SensorState><Extensions>
      <TPX xmlns="http://www.garmin.com/xmlschemas/ActivityExtension/v2">
      <ns3:Speed>
      3.629276394938084
    </ns3:Speed><nax:Nax>
      <nax:Pace>
      4.592283654645984
    </nax:Pace>
    </nax:Nax>
    </TPX>
    </Extensions>
    </Trackpoint>
<Trackpoint>
      <Time>
      2023-08-20T09:17:09.347Z
    </Time><DistanceMeters>
      7.441009842790663
    </DistanceMeters><Cadence>
      162.38202095031738
    </Cadence><SensorState>
      Present
    </SensorState>
    </Trackpoint>
<Trackpoint>
      <Time>
      2023-08-20T09:17:09.999Z
    </Time><Position>
      <LatitudeDegrees>
      15.006657590552711
    </LatitudeDegrees><LongitudeDegrees>
      120.64065222509026
    </LongitudeDegrees>
    </Position><AltitudeMeters>
      12.085597347659913
    </AltitudeMeters><SensorState>
      Present
    </SensorState>
    </Trackpoint>
<Trackpoint>
      <Time>
      2023-08-20T09:17:11.497Z
    </Time><HeartRateBpm>
      <Value>
      172
    </Value>
    </HeartRateBpm><SensorState>
      Present
    </SensorState>
    </Trackpoint>
<Trackpoint>
      <Time>
      2023-08-20T09:17:11.902Z
    </Time><SensorState>
      Present
    </SensorState><Extensions>
      <TPX xmlns="http://www.garmin.com/xmlschemas/ActivityExtension/v2">
      <ns3:Speed>
      3.5710690424684146
    </ns3:Speed><nax:Nax>
      <nax:Pace>
      4.667136498471684
    </nax:Pace>
    </nax:Nax>
    </TPX>
    </Extensions>
    </Trackpoint>
<Trackpoint>
      <Time>
      2023-08-20T09:17:11.903Z
    </Time><DistanceMeters>
      8.487812221050262
    </DistanceMeters><Cadence>
      162.2842311859131
    </Cadence><SensorState>
      Present
    </SensorState>
    </Trackpoint>
<Trackpoint>
      <Time>
      2023-08-20T09:17:11.959Z
    </Time><SensorState>
      Present
    </SensorState><Extensions>
      <TPX xmlns="http://www.garmin.com/xmlschemas/ActivityExtension/v2">
      <nax:Nax>
      <nax:DescentInMeters>
      0.12999963760375977
    </nax:DescentInMeters>
    </nax:Nax>
    </TPX>
    </Extensions>
    </Trackpoint>
<Trackpoint>
      <Time>
      2023-08-20T09:17:13.000Z
    </Time><SensorState>
      Present
    </SensorState><Extensions>
      <TPX xmlns="http://www.garmin.com/xmlschemas/ActivityExtension/v2">
      <nax:Nax>
      <nax:NikeFuel>
      8.947759473371018
    </nax:NikeFuel>
    </nax:Nax>
    </TPX>
    </Extensions>
    </Trackpoint>
<Trackpoint>
      <Time>
      2023-08-20T09:17:13.497Z
    </Time><HeartRateBpm>
      <Value>
      171
    </Value>
    </HeartRateBpm><SensorState>
      Present
    </SensorState>
    </Trackpoint>
<Trackpoint>
      <Time>
      2023-08-20T09:17:13.999Z
    </Time><Position>
      <LatitudeDegrees>
      15.00658723015834
    </LatitudeDegrees><LongitudeDegrees>
      120.64073921152398
    </LongitudeDegrees>
    </Position><AltitudeMeters>
      12.099713666565272
    </AltitudeMeters><SensorState>
      Present
    </SensorState>
    </Trackpoint>
<Trackpoint>
      <Time>
      2023-08-20T09:17:14.458Z
    </Time><SensorState>
      Present
    </SensorState><Extensions>
      <TPX xmlns="http://www.garmin.com/xmlschemas/ActivityExtension/v2">
      <ns3:Speed>
      3.545255116111981
    </ns3:Speed><nax:Nax>
      <nax:Pace>
      4.701119135523513
    </nax:Pace>
    </nax:Nax>
    </TPX>
    </Extensions>
    </Trackpoint>
<Trackpoint>
      <Time>
      2023-08-20T09:17:14.459Z
    </Time><DistanceMeters>
      7.985888707451522
    </DistanceMeters><Cadence>
      162.32248306274414
    </Cadence><SensorState>
      Present
    </SensorState>
    </Trackpoint>
<Trackpoint>
      <Time>
      2023-08-20T09:17:14.514Z
    </Time><SensorState>
      Present
    </SensorState><Extensions>
      <TPX xmlns="http://www.garmin.com/xmlschemas/ActivityExtension/v2">
      <nax:Nax>
      <nax:DescentInMeters>
      0.059999942779541016
    </nax:DescentInMeters>
    </nax:Nax>
    </TPX>
    </Extensions>
    </Trackpoint>
<Trackpoint>
      <Time>
      2023-08-20T09:17:17.014Z
    </Time><DistanceMeters>
      8.012315544299781
    </DistanceMeters><SensorState>
      Present
    </SensorState><Extensions>
      <TPX xmlns="http://www.garmin.com/xmlschemas/ActivityExtension/v2">
      <ns3:Speed>
      3.498093468434322
    </ns3:Speed><nax:Nax>
      <nax:Pace>
      4.764500096141325
    </nax:Pace>
    </nax:Nax>
    </TPX>
    </Extensions>
    </Trackpoint>
<Trackpoint>
      <Time>
      2023-08-20T09:17:17.015Z
    </Time><Cadence>
      164.7065305709839
    </Cadence><SensorState>
      Present
    </SensorState>
    </Trackpoint>
<Trackpoint>
      <Time>
      2023-08-20T09:17:17.071Z
    </Time><SensorState>
      Present
    </SensorState><Extensions>
      <TPX xmlns="http://www.garmin.com/xmlschemas/ActivityExtension/v2">
      <nax:Nax>
      <nax:DescentInMeters>
      0.010000228881835938
    </nax:DescentInMeters>
    </nax:Nax>
    </TPX>
    </Extensions>
    </Trackpoint>
<Trackpoint>
      <Time>
      2023-08-20T09:17:17.999Z
    </Time><Position>
      <LatitudeDegrees>
      15.00651687752361
    </LatitudeDegrees><LongitudeDegrees>
      120.64083252106754
    </LongitudeDegrees>
    </Position><AltitudeMeters>
      12.021527988353476
    </AltitudeMeters><SensorState>
      Present
    </SensorState>
    </Trackpoint>
<Trackpoint>
      <Time>
      2023-08-20T09:17:19.570Z
    </Time><SensorState>
      Present
    </SensorState><Extensions>
      <TPX xmlns="http://www.garmin.com/xmlschemas/ActivityExtension/v2">
      <ns3:Speed>
      3.4703176861206275
    </ns3:Speed><nax:Nax>
      <nax:Pace>
      4.802634275623876
    </nax:Pace>
    </nax:Nax>
    </TPX>
    </Extensions>
    </Trackpoint>
<Trackpoint>
      <Time>
      2023-08-20T09:17:19.571Z
    </Time><DistanceMeters>
      7.648424293845892
    </DistanceMeters><Cadence>
      164.78623867034912
    </Cadence><SensorState>
      Present
    </SensorState>
    </Trackpoint>
<Trackpoint>
      <Time>
      2023-08-20T09:17:19.626Z
    </Time><SensorState>
      Present
    </SensorState><Extensions>
      <TPX xmlns="http://www.garmin.com/xmlschemas/ActivityExtension/v2">
      <nax:Nax>
      <nax:DescentInMeters>
      0.019999980926513672
    </nax:DescentInMeters>
    </nax:Nax>
    </TPX>
    </Extensions>
    </Trackpoint>
<Trackpoint>
      <Time>
      2023-08-20T09:17:21.497Z
    </Time><HeartRateBpm>
      <Value>
      171
    </Value>
    </HeartRateBpm><SensorState>
      Present
    </SensorState>
    </Trackpoint>
<Trackpoint>
      <Time>
      2023-08-20T09:17:21.999Z
    </Time><Position>
      <LatitudeDegrees>
      15.006439029748195
    </LatitudeDegrees><LongitudeDegrees>
      120.64090971354635
    </LongitudeDegrees>
    </Position><AltitudeMeters>
      12.187354808541699
    </AltitudeMeters><SensorState>
      Present
    </SensorState>
    </Trackpoint>
<Trackpoint>
      <Time>
      2023-08-20T09:17:22.126Z
    </Time><DistanceMeters>
      7.540750418789685
    </DistanceMeters><SensorState>
      Present
    </SensorState><Extensions>
      <TPX xmlns="http://www.garmin.com/xmlschemas/ActivityExtension/v2">
      <ns3:Speed>
      3.4211622922118505
    </ns3:Speed><nax:Nax>
      <nax:Pace>
      4.8716387131378465
    </nax:Pace>
    </nax:Nax>
    </TPX>
    </Extensions>
    </Trackpoint>
<Trackpoint>
      <Time>
      2023-08-20T09:17:22.127Z
    </Time><Cadence>
      164.78628158569336
    </Cadence><SensorState>
      Present
    </SensorState>
    </Trackpoint>
<Trackpoint>
      <Time>
      2023-08-20T09:17:22.183Z
    </Time><SensorState>
      Present
    </SensorState><Extensions>
      <TPX xmlns="http://www.garmin.com/xmlschemas/ActivityExtension/v2">
      <nax:Nax>
      <nax:DescentInMeters>
      0.009999752044677734
    </nax:DescentInMeters>
    </nax:Nax>
    </TPX>
    </Extensions>
    </Trackpoint>
<Trackpoint>
      <Time>
      2023-08-20T09:17:23.000Z
    </Time><SensorState>
      Present
    </SensorState><Extensions>
      <TPX xmlns="http://www.garmin.com/xmlschemas/ActivityExtension/v2">
      <nax:Nax>
      <nax:NikeFuel>
      8.541615615496328
    </nax:NikeFuel>
    </nax:Nax>
    </TPX>
    </Extensions>
    </Trackpoint>
<Trackpoint>
      <Time>
      2023-08-20T09:17:23.497Z
    </Time><HeartRateBpm>
      <Value>
      172
    </Value>
    </HeartRateBpm><SensorState>
      Present
    </SensorState>
    </Trackpoint>
<Trackpoint>
      <Time>
      2023-08-20T09:17:24.682Z
    </Time><SensorState>
      Present
    </SensorState><Extensions>
      <TPX xmlns="http://www.garmin.com/xmlschemas/ActivityExtension/v2">
      <ns3:Speed>
      3.386582586497084
    </ns3:Speed><nax:Nax>
      <nax:Pace>
      4.921382024793866
    </nax:Pace>
    </nax:Nax>
    </TPX>
    </Extensions>
    </Trackpoint>
<Trackpoint>
      <Time>
      2023-08-20T09:17:24.683Z
    </Time><DistanceMeters>
      7.153464701958001
    </DistanceMeters><Cadence>
      164.64218616485596
    </Cadence><SensorState>
      Present
    </SensorState>
    </Trackpoint>
<Trackpoint>
      <Time>
      2023-08-20T09:17:25.999Z
    </Time><Position>
      <LatitudeDegrees>
      15.006368983155367
    </LatitudeDegrees><LongitudeDegrees>
      120.64098874456946
    </LongitudeDegrees>
    </Position><AltitudeMeters>
      11.976607413306603
    </AltitudeMeters><SensorState>
      Present
    </SensorState>
    </Trackpoint>
<Trackpoint>
      <Time>
      2023-08-20T09:17:27.238Z
    </Time><DistanceMeters>
      7.618803390301764
    </DistanceMeters><SensorState>
      Present
    </SensorState><Extensions>
      <TPX xmlns="http://www.garmin.com/xmlschemas/ActivityExtension/v2">
      <ns3:Speed>
      3.326681433801868
    </ns3:Speed><nax:Nax>
      <nax:Pace>
      5.009997800606749
    </nax:Pace>
    </nax:Nax>
    </TPX>
    </Extensions>
    </Trackpoint>
<Trackpoint>
      <Time>
      2023-08-20T09:17:27.239Z
    </Time><Cadence>
      164.59430694580078
    </Cadence><SensorState>
      Present
    </SensorState>
    </Trackpoint>
<Trackpoint>
      <Time>
      2023-08-20T09:17:27.295Z
    </Time><SensorState>
      Present
    </SensorState><Extensions>
      <TPX xmlns="http://www.garmin.com/xmlschemas/ActivityExtension/v2">
      <nax:Nax>
      <nax:DescentInMeters>
      0.04000043869018555
    </nax:DescentInMeters>
    </nax:Nax>
    </TPX>
    </Extensions>
    </Trackpoint>
<Trackpoint>
      <Time>
      2023-08-20T09:17:29.794Z
    </Time><SensorState>
      Present
    </SensorState><Extensions>
      <TPX xmlns="http://www.garmin.com/xmlschemas/ActivityExtension/v2">
      <ns3:Speed>
      3.297117126707143
    </ns3:Speed><nax:Nax>
      <nax:Pace>
      5.05492101923349
    </nax:Pace>
    </nax:Nax>
    </TPX>
    </Extensions>
    </Trackpoint>
<Trackpoint>
      <Time>
      2023-08-20T09:17:29.795Z
    </Time><DistanceMeters>
      7.280472290702164
    </DistanceMeters><Cadence>
      164.4491958618164
    </Cadence><SensorState>
      Present
    </SensorState>
    </Trackpoint>
<Trackpoint>
      <Time>
      2023-08-20T09:17:29.850Z
    </Time><SensorState>
      Present
    </SensorState><Extensions>
      <TPX xmlns="http://www.garmin.com/xmlschemas/ActivityExtension/v2">
      <nax:Nax>
      <nax:DescentInMeters>
      0.059999942779541016
    </nax:DescentInMeters>
    </nax:Nax>
    </TPX>
    </Extensions>
    </Trackpoint>
<Trackpoint>
      <Time>
      2023-08-20T09:17:29.999Z
    </Time><Position>
      <LatitudeDegrees>
      15.006301753025385
    </LatitudeDegrees><LongitudeDegrees>
      120.64107102786882
    </LongitudeDegrees>
    </Position><AltitudeMeters>
      12.081484723861145
    </AltitudeMeters><SensorState>
      Present
    </SensorState>
    </Trackpoint>
<Trackpoint>
      <Time>
      2023-08-20T09:17:32.350Z
    </Time><DistanceMeters>
      7.474469115026295
    </DistanceMeters><SensorState>
      Present
    </SensorState><Extensions>
      <TPX xmlns="http://www.garmin.com/xmlschemas/ActivityExtension/v2">
      <ns3:Speed>
      3.256722207693993
    </ns3:Speed><nax:Nax>
      <nax:Pace>
      5.1176199883710485
    </nax:Pace>
    </nax:Nax>
    </TPX>
    </Extensions>
    </Trackpoint>
<Trackpoint>
      <Time>
      2023-08-20T09:17:32.351Z
    </Time><Cadence>
      164.44923877716064
    </Cadence><SensorState>
      Present
    </SensorState>
    </Trackpoint>
<Trackpoint>
      <Time>
      2023-08-20T09:17:32.407Z
    </Time><SensorState>
      Present
    </SensorState><Extensions>
      <TPX xmlns="http://www.garmin.com/xmlschemas/ActivityExtension/v2">
      <nax:Nax>
      <nax:DescentInMeters>
      0.019999980926513672
    </nax:DescentInMeters>
    </nax:Nax>
    </TPX>
    </Extensions>
    </Trackpoint>
<Trackpoint>
      <Time>
      2023-08-20T09:17:33.000Z
    </Time><SensorState>
      Present
    </SensorState><Extensions>
      <TPX xmlns="http://www.garmin.com/xmlschemas/ActivityExtension/v2">
      <nax:Nax>
      <nax:NikeFuel>
      8.177083641125009
    </nax:NikeFuel>
    </nax:Nax>
    </TPX>
    </Extensions>
    </Trackpoint>
<Trackpoint>
      <Time>
      2023-08-20T09:17:33.999Z
    </Time><Position>
      <LatitudeDegrees>
      15.006227147750778
    </LatitudeDegrees><LongitudeDegrees>
      120.64114628768034
    </LongitudeDegrees>
    </Position><AltitudeMeters>
      11.9864981475328
    </AltitudeMeters><SensorState>
      Present
    </SensorState>
    </Trackpoint>
<Trackpoint>
      <Time>
      2023-08-20T09:17:34.906Z
    </Time><SensorState>
      Present
    </SensorState><Extensions>
      <TPX xmlns="http://www.garmin.com/xmlschemas/ActivityExtension/v2">
      <ns3:Speed>
      3.2217812106713164
    </ns3:Speed><nax:Nax>
      <nax:Pace>
      5.17312181580259
    </nax:Pace>
    </nax:Nax>
    </TPX>
    </Extensions>
    </Trackpoint>
<Trackpoint>
      <Time>
      2023-08-20T09:17:34.907Z
    </Time><DistanceMeters>
      7.888579363934697
    </DistanceMeters><Cadence>
      164.00048732757568
    </Cadence><SensorState>
      Present
    </SensorState>
    </Trackpoint>
<Trackpoint>
      <Time>
      2023-08-20T09:17:37.462Z
    </Time><DistanceMeters>
      7.077018693089485
    </DistanceMeters><SensorState>
      Present
    </SensorState><Extensions>
      <TPX xmlns="http://www.garmin.com/xmlschemas/ActivityExtension/v2">
      <ns3:Speed>
      3.1867799282532436
    </ns3:Speed><nax:Nax>
      <nax:Pace>
      5.22993963872557
    </nax:Pace>
    </nax:Nax>
    </TPX>
    </Extensions>
    </Trackpoint>
<Trackpoint>
      <Time>
      2023-08-20T09:17:37.463Z
    </Time><Cadence>
      164.12850379943848
    </Cadence><SensorState>
      Present
    </SensorState>
    </Trackpoint>
<Trackpoint>
      <Time>
      2023-08-20T09:17:37.519Z
    </Time><SensorState>
      Present
    </SensorState><Extensions>
      <TPX xmlns="http://www.garmin.com/xmlschemas/ActivityExtension/v2">
      <nax:Nax>
      <nax:DescentInMeters>
      0.029999732971191406
    </nax:DescentInMeters>
    </nax:Nax>
    </TPX>
    </Extensions>
    </Trackpoint>
<Trackpoint>
      <Time>
      2023-08-20T09:17:37.999Z
    </Time><Position>
      <LatitudeDegrees>
      15.006161773648238
    </LatitudeDegrees><LongitudeDegrees>
      120.64123678147584
    </LongitudeDegrees>
    </Position><AltitudeMeters>
      12.094875151540023
    </AltitudeMeters><SensorState>
      Present
    </SensorState>
    </Trackpoint>
<Trackpoint>
      <Time>
      2023-08-20T09:17:40.018Z
    </Time><SensorState>
      Present
    </SensorState><Extensions>
      <TPX xmlns="http://www.garmin.com/xmlschemas/ActivityExtension/v2">
      <ns3:Speed>
      3.1242254690199815
    </ns3:Speed><nax:Nax>
      <nax:Pace>
      5.334655527244879
    </nax:Pace>
    </nax:Nax>
    </TPX>
    </Extensions>
    </Trackpoint>
<Trackpoint>
      <Time>
      2023-08-20T09:17:40.019Z
    </Time><DistanceMeters>
      7.317099581472576
    </DistanceMeters><Cadence>
      164.12850379943848
    </Cadence><SensorState>
      Present
    </SensorState>
    </Trackpoint>
<Trackpoint>
      <Time>
      2023-08-20T09:17:41.999Z
    </Time><Position>
      <LatitudeDegrees>
      15.00609801840536
    </LatitudeDegrees><LongitudeDegrees>
      120.64132330783394
    </LongitudeDegrees>
    </Position><AltitudeMeters>
      12.368939092569747
    </AltitudeMeters><SensorState>
      Present
    </SensorState>
    </Trackpoint>
<Trackpoint>
      <Time>
      2023-08-20T09:17:42.574Z
    </Time><DistanceMeters>
      7.172595650888979
    </DistanceMeters><SensorState>
      Present
    </SensorState><Extensions>
      <TPX xmlns="http://www.garmin.com/xmlschemas/ActivityExtension/v2">
      <ns3:Speed>
      3.1350040063176996
    </ns3:Speed><nax:Nax>
      <nax:Pace>
      5.316314311905117
    </nax:Pace>
    </nax:Nax>
    </TPX>
    </Extensions>
    </Trackpoint>
<Trackpoint>
      <Time>
      2023-08-20T09:17:42.575Z
    </Time><Cadence>
      164.0005588531494
    </Cadence><SensorState>
      Present
    </SensorState>
    </Trackpoint>
<Trackpoint>
      <Time>
      2023-08-20T09:17:42.631Z
    </Time><SensorState>
      Present
    </SensorState><Extensions>
      <TPX xmlns="http://www.garmin.com/xmlschemas/ActivityExtension/v2">
      <nax:Nax>
      <nax:DescentInMeters>
      0.059999942779541016
    </nax:DescentInMeters>
    </nax:Nax>
    </TPX>
    </Extensions>
    </Trackpoint>
<Trackpoint>
      <Time>
      2023-08-20T09:17:43.000Z
    </Time><SensorState>
      Present
    </SensorState><Extensions>
      <TPX xmlns="http://www.garmin.com/xmlschemas/ActivityExtension/v2">
      <nax:Nax>
      <nax:NikeFuel>
      8.03207136970478
    </nax:NikeFuel>
    </nax:Nax>
    </TPX>
    </Extensions>
    </Trackpoint>
<Trackpoint>
      <Time>
      2023-08-20T09:17:45.130Z
    </Time><SensorState>
      Present
    </SensorState><Extensions>
      <TPX xmlns="http://www.garmin.com/xmlschemas/ActivityExtension/v2">
      <ns3:Speed>
      3.1367438855715526
    </ns3:Speed><nax:Nax>
      <nax:Pace>
      5.313365475367715
    </nax:Pace>
    </nax:Nax>
    </TPX>
    </Extensions>
    </Trackpoint>
<Trackpoint>
      <Time>
      2023-08-20T09:17:45.131Z
    </Time><DistanceMeters>
      6.6075893426314
    </DistanceMeters><Cadence>
      164.1286039352417
    </Cadence><SensorState>
      Present
    </SensorState>
    </Trackpoint>
<Trackpoint>
      <Time>
      2023-08-20T09:17:45.185Z
    </Time><SensorState>
      Present
    </SensorState><Extensions>
      <TPX xmlns="http://www.garmin.com/xmlschemas/ActivityExtension/v2">
      <nax:Nax>
      <nax:DescentInMeters>
      0.07000017166137695
    </nax:DescentInMeters>
    </nax:Nax>
    </TPX>
    </Extensions>
    </Trackpoint>
<Trackpoint>
      <Time>
      2023-08-20T09:17:45.999Z
    </Time><Position>
      <LatitudeDegrees>
      15.006031397759434
    </LatitudeDegrees><LongitudeDegrees>
      120.64139902339717
    </LongitudeDegrees>
    </Position><AltitudeMeters>
      12.581105441280904
    </AltitudeMeters><SensorState>
      Present
    </SensorState>
    </Trackpoint>
<Trackpoint>
      <Time>
      2023-08-20T09:17:47.686Z
    </Time><SensorState>
      Present
    </SensorState><Extensions>
      <TPX xmlns="http://www.garmin.com/xmlschemas/ActivityExtension/v2">
      <ns3:Speed>
      3.089050877603936
    </ns3:Speed><nax:Nax>
      <nax:Pace>
      5.395400505541168
    </nax:Pace>
    </nax:Nax>
    </TPX>
    </Extensions>
    </Trackpoint>
<Trackpoint>
      <Time>
      2023-08-20T09:17:47.687Z
    </Time><DistanceMeters>
      6.3237197902053595
    </DistanceMeters><Cadence>
      164.1926622390747
    </Cadence><SensorState>
      Present
    </SensorState>
    </Trackpoint>
<Trackpoint>
      <Time>
      2023-08-20T09:17:47.743Z
    </Time><SensorState>
      Present
    </SensorState><Extensions>
      <TPX xmlns="http://www.garmin.com/xmlschemas/ActivityExtension/v2">
      <nax:Nax>
      <nax:DescentInMeters>
      0.07000017166137695
    </nax:DescentInMeters>
    </nax:Nax>
    </TPX>
    </Extensions>
    </Trackpoint>
<Trackpoint>
      <Time>
      2023-08-20T09:17:49.999Z
    </Time><Position>
      <LatitudeDegrees>
      15.005967762309517
    </LatitudeDegrees><LongitudeDegrees>
      120.64146715278163
    </LongitudeDegrees>
    </Position><AltitudeMeters>
      12.882133394649678
    </AltitudeMeters><SensorState>
      Present
    </SensorState>
    </Trackpoint>
<Trackpoint>
      <Time>
      2023-08-20T09:17:50.242Z
    </Time><SensorState>
      Present
    </SensorState><Extensions>
      <TPX xmlns="http://www.garmin.com/xmlschemas/ActivityExtension/v2">
      <ns3:Speed>
      3.0607738758079965
    </ns3:Speed><nax:Nax>
      <nax:Pace>
      5.445245987754299
    </nax:Pace>
    </nax:Nax>
    </TPX>
    </Extensions>
    </Trackpoint>
<Trackpoint>
      <Time>
      2023-08-20T09:17:50.243Z
    </Time><DistanceMeters>
      9.328183935955167
    </DistanceMeters><Cadence>
      164.19267654418945
    </Cadence><SensorState>
      Present
    </SensorState>
    </Trackpoint>
<Trackpoint>
      <Time>
      2023-08-20T09:17:50.297Z
    </Time><SensorState>
      Present
    </SensorState><Extensions>
      <TPX xmlns="http://www.garmin.com/xmlschemas/ActivityExtension/v2">
      <nax:Nax>
      <nax:DescentInMeters>
      0.029999732971191406
    </nax:DescentInMeters>
    </nax:Nax>
    </TPX>
    </Extensions>
    </Trackpoint>
<Trackpoint>
      <Time>
      2023-08-20T09:17:52.798Z
    </Time><SensorState>
      Present
    </SensorState><Extensions>
      <TPX xmlns="http://www.garmin.com/xmlschemas/ActivityExtension/v2">
      <ns3:Speed>
      3.142812979931074
    </ns3:Speed><nax:Nax>
      <nax:Pace>
      5.303104821411355
    </nax:Pace>
    </nax:Nax>
    </TPX>
    </Extensions>
    </Trackpoint>
<Trackpoint>
      <Time>
      2023-08-20T09:17:52.799Z
    </Time><DistanceMeters>
      12.482859938405454
    </DistanceMeters><Cadence>
      164.33923244476318
    </Cadence><SensorState>
      Present
    </SensorState>
    </Trackpoint>
<Trackpoint>
      <Time>
      2023-08-20T09:17:52.999Z
    </Time><Position>
      <LatitudeDegrees>
      15.005885902982106
    </LatitudeDegrees><LongitudeDegrees>
      120.6415441752107
    </LongitudeDegrees>
    </Position><AltitudeMeters>
      13.282612307965636
    </AltitudeMeters><SensorState>
      Present
    </SensorState>
    </Trackpoint>
<Trackpoint>
      <Time>
      2023-08-20T09:17:53.000Z
    </Time><SensorState>
      Present
    </SensorState><Extensions>
      <TPX xmlns="http://www.garmin.com/xmlschemas/ActivityExtension/v2">
      <nax:Nax>
      <nax:NikeFuel>
      8.560168220436953
    </nax:NikeFuel>
    </nax:Nax>
    </TPX>
    </Extensions>
    </Trackpoint>
<Trackpoint>
      <Time>
      2023-08-20T09:17:55.354Z
    </Time><SensorState>
      Present
    </SensorState><Extensions>
      <TPX xmlns="http://www.garmin.com/xmlschemas/ActivityExtension/v2">
      <ns3:Speed>
      3.298336829605362
    </ns3:Speed><nax:Nax>
      <nax:Pace>
      5.053051743251095
    </nax:Pace>
    </nax:Nax>
    </TPX>
    </Extensions>
    </Trackpoint>
<Trackpoint>
      <Time>
      2023-08-20T09:17:55.355Z
    </Time><DistanceMeters>
      8.600043502636254
    </DistanceMeters><Cadence>
      164.33923244476318
    </Cadence><SensorState>
      Present
    </SensorState>
    </Trackpoint>
<Trackpoint>
      <Time>
      2023-08-20T09:17:55.999Z
    </Time><Position>
      <LatitudeDegrees>
      15.00581202312311
    </LatitudeDegrees><LongitudeDegrees>
      120.64162039809332
    </LongitudeDegrees>
    </Position><AltitudeMeters>
      13.753196116341982
    </AltitudeMeters><SensorState>
      Present
    </SensorState>
    </Trackpoint>
<Trackpoint>
      <Time>
      2023-08-20T09:17:57.910Z
    </Time><SensorState>
      Present
    </SensorState><Extensions>
      <TPX xmlns="http://www.garmin.com/xmlschemas/ActivityExtension/v2">
      <ns3:Speed>
      3.356805483720795
    </ns3:Speed><nax:Nax>
      <nax:Pace>
      4.965037964664184
    </nax:Pace>
    </nax:Nax>
    </TPX>
    </Extensions>
    </Trackpoint>
<Trackpoint>
      <Time>
      2023-08-20T09:17:57.911Z
    </Time><DistanceMeters>
      8.900651861913502
    </DistanceMeters><Cadence>
      164.33923244476318
    </Cadence><SensorState>
      Present
    </SensorState>
    </Trackpoint>
<Trackpoint>
      <Time>
      2023-08-20T09:17:57.966Z
    </Time><SensorState>
      Present
    </SensorState><Extensions>
      <TPX xmlns="http://www.garmin.com/xmlschemas/ActivityExtension/v2">
      <nax:Nax>
      <nax:AscentInMeters>
      0.010000228881835938
    </nax:AscentInMeters>
    </nax:Nax>
    </TPX>
    </Extensions>
    </Trackpoint>
<Trackpoint>
      <Time>
      2023-08-20T09:17:58.999Z
    </Time><Position>
      <LatitudeDegrees>
      15.005740939202159
    </LatitudeDegrees><LongitudeDegrees>
      120.64169390534379
    </LongitudeDegrees>
    </Position><AltitudeMeters>
      14.06956282169218
    </AltitudeMeters><SensorState>
      Present
    </SensorState>
    </Trackpoint>
<Trackpoint>
      <Time>
      2023-08-20T09:18:00.466Z
    </Time><SensorState>
      Present
    </SensorState><Extensions>
      <TPX xmlns="http://www.garmin.com/xmlschemas/ActivityExtension/v2">
      <ns3:Speed>
      3.318061411010406
    </ns3:Speed><nax:Nax>
      <nax:Pace>
      5.023013320778588
    </nax:Pace>
    </nax:Nax>
    </TPX>
    </Extensions>
    </Trackpoint>
<Trackpoint>
      <Time>
      2023-08-20T09:18:00.467Z
    </Time><DistanceMeters>
      7.845238293521106
    </DistanceMeters><Cadence>
      164.59460735321045
    </Cadence><SensorState>
      Present
    </SensorState>
    </Trackpoint>
<Trackpoint>
      <Time>
      2023-08-20T09:18:00.523Z
    </Time><SensorState>
      Present
    </SensorState><Extensions>
      <TPX xmlns="http://www.garmin.com/xmlschemas/ActivityExtension/v2">
      <nax:Nax>
      <nax:AscentInMeters>
      0.19000005722045898
    </nax:AscentInMeters>
    </nax:Nax>
    </TPX>
    </Extensions>
    </Trackpoint>
<Trackpoint>
      <Time>
      2023-08-20T09:18:02.999Z
    </Time><Position>
      <LatitudeDegrees>
      15.005667991758099
    </LatitudeDegrees><LongitudeDegrees>
      120.64178054560925
    </LongitudeDegrees>
    </Position><AltitudeMeters>
      13.903346489037887
    </AltitudeMeters><SensorState>
      Present
    </SensorState>
    </Trackpoint>
<Trackpoint>
      <Time>
      2023-08-20T09:18:03.000Z
    </Time><SensorState>
      Present
    </SensorState><Extensions>
      <TPX xmlns="http://www.garmin.com/xmlschemas/ActivityExtension/v2">
      <nax:Nax>
      <nax:NikeFuel>
      8.784013731066665
    </nax:NikeFuel>
    </nax:Nax>
    </TPX>
    </Extensions>
    </Trackpoint>
<Trackpoint>
      <Time>
      2023-08-20T09:18:03.022Z
    </Time><SensorState>
      Present
    </SensorState><Extensions>
      <TPX xmlns="http://www.garmin.com/xmlschemas/ActivityExtension/v2">
      <ns3:Speed>
      3.298612385938524
    </ns3:Speed><nax:Nax>
      <nax:Pace>
      5.052629626237413
    </nax:Pace>
    </nax:Nax>
    </TPX>
    </Extensions>
    </Trackpoint>
<Trackpoint>
      <Time>
      2023-08-20T09:18:03.023Z
    </Time><DistanceMeters>
      9.295677375048399
    </DistanceMeters><Cadence>
      164.91494178771973
    </Cadence><SensorState>
      Present
    </SensorState>
    </Trackpoint>
<Trackpoint>
      <Time>
      2023-08-20T09:18:03.078Z
    </Time><SensorState>
      Present
    </SensorState><Extensions>
      <TPX xmlns="http://www.garmin.com/xmlschemas/ActivityExtension/v2">
      <nax:Nax>
      <nax:AscentInMeters>
      0.06999969482421875
    </nax:AscentInMeters>
    </nax:Nax>
    </TPX>
    </Extensions>
    </Trackpoint>
<Trackpoint>
      <Time>
      2023-08-20T09:18:05.577Z
    </Time><SensorState>
      Present
    </SensorState><Extensions>
      <TPX xmlns="http://www.garmin.com/xmlschemas/ActivityExtension/v2">
      <ns3:Speed>
      3.368954036418572
    </ns3:Speed><nax:Nax>
      <nax:Pace>
      4.947133883840241
    </nax:Pace>
    </nax:Nax>
    </TPX>
    </Extensions>
    </Trackpoint>
<Trackpoint>
      <Time>
      2023-08-20T09:18:05.578Z
    </Time><DistanceMeters>
      11.142586698755622
    </DistanceMeters><Cadence>
      164.53067779541016
    </Cadence><SensorState>
      Present
    </SensorState>
    </Trackpoint>
<Trackpoint>
      <Time>
      2023-08-20T09:18:05.633Z
    </Time><SensorState>
      Present
    </SensorState><Extensions>
      <TPX xmlns="http://www.garmin.com/xmlschemas/ActivityExtension/v2">
      <nax:Nax>
      <nax:AscentInMeters>
      0.1700000762939453
    </nax:AscentInMeters>
    </nax:Nax>
    </TPX>
    </Extensions>
    </Trackpoint>
<Trackpoint>
      <Time>
      2023-08-20T09:18:05.999Z
    </Time><Position>
      <LatitudeDegrees>
      15.005594694365337
    </LatitudeDegrees><LongitudeDegrees>
      120.64185807378563
    </LongitudeDegrees>
    </Position><AltitudeMeters>
      13.981679361580404
    </AltitudeMeters><SensorState>
      Present
    </SensorState>
    </Trackpoint>
<Trackpoint>
      <Time>
      2023-08-20T09:18:08.133Z
    </Time><DistanceMeters>
      8.373090497218072
    </DistanceMeters><SensorState>
      Present
    </SensorState><Extensions>
      <TPX xmlns="http://www.garmin.com/xmlschemas/ActivityExtension/v2">
      <ns3:Speed>
      3.4949604595254566
    </ns3:Speed><nax:Nax>
      <nax:Pace>
      4.768771166277988
    </nax:Pace>
    </nax:Nax>
    </TPX>
    </Extensions>
    </Trackpoint>
<Trackpoint>
      <Time>
      2023-08-20T09:18:08.134Z
    </Time><Cadence>
      164.78665351867676
    </Cadence><SensorState>
      Present
    </SensorState>
    </Trackpoint>
<Trackpoint>
      <Time>
      2023-08-20T09:18:08.192Z
    </Time><SensorState>
      Present
    </SensorState><Extensions>
      <TPX xmlns="http://www.garmin.com/xmlschemas/ActivityExtension/v2">
      <nax:Nax>
      <nax:AscentInMeters>
      0.03000020980834961
    </nax:AscentInMeters>
    </nax:Nax>
    </TPX>
    </Extensions>
    </Trackpoint>
<Trackpoint>
      <Time>
      2023-08-20T09:18:08.999Z
    </Time><Position>
      <LatitudeDegrees>
      15.005523335326497
    </LatitudeDegrees><LongitudeDegrees>
      120.64194139712261
    </LongitudeDegrees>
    </Position><AltitudeMeters>
      14.186203750372208
    </AltitudeMeters><SensorState>
      Present
    </SensorState>
    </Trackpoint>
<Trackpoint>
      <Time>
      2023-08-20T09:18:10.689Z
    </Time><SensorState>
      Present
    </SensorState><Extensions>
      <TPX xmlns="http://www.garmin.com/xmlschemas/ActivityExtension/v2">
      <ns3:Speed>
      3.50309371995331
    </ns3:Speed><nax:Nax>
      <nax:Pace>
      4.757699336370824
    </nax:Pace>
    </nax:Nax>
    </TPX>
    </Extensions>
    </Trackpoint>
<Trackpoint>
      <Time>
      2023-08-20T09:18:10.690Z
    </Time><DistanceMeters>
      9.576581237837672
    </DistanceMeters><Cadence>
      164.78665351867676
    </Cadence><SensorState>
      Present
    </SensorState>
    </Trackpoint>
<Trackpoint>
      <Time>
      2023-08-20T09:18:11.999Z
    </Time><Position>
      <LatitudeDegrees>
      15.005462375011666
    </LatitudeDegrees><LongitudeDegrees>
      120.64202114403365
    </LongitudeDegrees>
    </Position><AltitudeMeters>
      14.026447669413685
    </AltitudeMeters><SensorState>
      Present
    </SensorState>
    </Trackpoint>
<Trackpoint>
      <Time>
      2023-08-20T09:18:13.000Z
    </Time><SensorState>
      Present
    </SensorState><Extensions>
      <TPX xmlns="http://www.garmin.com/xmlschemas/ActivityExtension/v2">
      <nax:Nax>
      <nax:NikeFuel>
      8.917557451576792
    </nax:NikeFuel>
    </nax:Nax>
    </TPX>
    </Extensions>
    </Trackpoint>
<Trackpoint>
      <Time>
      2023-08-20T09:18:13.245Z
    </Time><DistanceMeters>
      8.567591554485261
    </DistanceMeters><SensorState>
      Present
    </SensorState><Extensions>
      <TPX xmlns="http://www.garmin.com/xmlschemas/ActivityExtension/v2">
      <ns3:Speed>
      3.5120075332260305
    </ns3:Speed><nax:Nax>
      <nax:Pace>
      4.745623837360377
    </nax:Pace>
    </nax:Nax>
    </TPX>
    </Extensions>
    </Trackpoint>
<Trackpoint>
      <Time>
      2023-08-20T09:18:13.246Z
    </Time><Cadence>
      165.2365207672119
    </Cadence><SensorState>
      Present
    </SensorState>
    </Trackpoint>
<Trackpoint>
      <Time>
      2023-08-20T09:18:14.999Z
    </Time><Position>
      <LatitudeDegrees>
      15.005399390721466
    </LatitudeDegrees><LongitudeDegrees>
      120.64209657322428
    </LongitudeDegrees>
    </Position><AltitudeMeters>
      13.295029998236735
    </AltitudeMeters><SensorState>
      Present
    </SensorState>
    </Trackpoint>
<Trackpoint>
      <Time>
      2023-08-20T09:18:15.801Z
    </Time><SensorState>
      Present
    </SensorState><Extensions>
      <TPX xmlns="http://www.garmin.com/xmlschemas/ActivityExtension/v2">
      <ns3:Speed>
      3.48516178387619
    </ns3:Speed><nax:Nax>
      <nax:Pace>
      4.78217876248202
    </nax:Pace>
    </nax:Nax>
    </TPX>
    </Extensions>
    </Trackpoint>
<Trackpoint>
      <Time>
      2023-08-20T09:18:15.802Z
    </Time><DistanceMeters>
      9.725215768441558
    </DistanceMeters><Cadence>
      165.50472736358643
    </Cadence><SensorState>
      Present
    </SensorState>
    </Trackpoint>
<Trackpoint>
      <Time>
      2023-08-20T09:18:17.999Z
    </Time><Position>
      <LatitudeDegrees>
      15.005339153635427
    </LatitudeDegrees><LongitudeDegrees>
      120.64216669036456
    </LongitudeDegrees>
    </Position><AltitudeMeters>
      12.429146006825817
    </AltitudeMeters><SensorState>
      Present
    </SensorState>
    </Trackpoint>
<Trackpoint>
      <Time>
      2023-08-20T09:18:18.357Z
    </Time><SensorState>
      Present
    </SensorState><Extensions>
      <TPX xmlns="http://www.garmin.com/xmlschemas/ActivityExtension/v2">
      <ns3:Speed>
      3.465272149348777
    </ns3:Speed><nax:Nax>
      <nax:Pace>
      4.809627050446473
    </nax:Pace>
    </nax:Nax>
    </TPX>
    </Extensions>
    </Trackpoint>
<Trackpoint>
      <Time>
      2023-08-20T09:18:18.358Z
    </Time><DistanceMeters>
      8.025736331939697
    </DistanceMeters><Cadence>
      165.50472736358643
    </Cadence><SensorState>
      Present
    </SensorState>
    </Trackpoint>
<Trackpoint>
      <Time>
      2023-08-20T09:18:18.416Z
    </Time><SensorState>
      Present
    </SensorState><Extensions>
      <TPX xmlns="http://www.garmin.com/xmlschemas/ActivityExtension/v2">
      <nax:Nax>
      <nax:DescentInMeters>
      0.3000001907348633
    </nax:DescentInMeters>
    </nax:Nax>
    </TPX>
    </Extensions>
    </Trackpoint>
<Trackpoint>
      <Time>
      2023-08-20T09:18:20.913Z
    </Time><SensorState>
      Present
    </SensorState><Extensions>
      <TPX xmlns="http://www.garmin.com/xmlschemas/ActivityExtension/v2">
      <ns3:Speed>
      3.4227331354015176
    </ns3:Speed><nax:Nax>
      <nax:Pace>
      4.869402903277037
    </nax:Pace>
    </nax:Nax>
    </TPX>
    </Extensions>
    </Trackpoint>
<Trackpoint>
      <Time>
      2023-08-20T09:18:20.914Z
    </Time><DistanceMeters>
      7.479941872879863
    </DistanceMeters><Cadence>
      165.69754600524902
    </Cadence><SensorState>
      Present
    </SensorState>
    </Trackpoint>
<Trackpoint>
      <Time>
      2023-08-20T09:18:20.970Z
    </Time><SensorState>
      Present
    </SensorState><Extensions>
      <TPX xmlns="http://www.garmin.com/xmlschemas/ActivityExtension/v2">
      <nax:Nax>
      <nax:DescentInMeters>
      0.34999990463256836
    </nax:DescentInMeters>
    </nax:Nax>
    </TPX>
    </Extensions>
    </Trackpoint>
<Trackpoint>
      <Time>
      2023-08-20T09:18:21.999Z
    </Time><Position>
      <LatitudeDegrees>
      15.005267789350937
    </LatitudeDegrees><LongitudeDegrees>
      120.64225611751375
    </LongitudeDegrees>
    </Position><AltitudeMeters>
      12.318834433225625
    </AltitudeMeters><SensorState>
      Present
    </SensorState>
    </Trackpoint>
<Trackpoint>
      <Time>
      2023-08-20T09:18:23.000Z
    </Time><SensorState>
      Present
    </SensorState><Extensions>
      <TPX xmlns="http://www.garmin.com/xmlschemas/ActivityExtension/v2">
      <nax:Nax>
      <nax:NikeFuel>
      8.626778893888197
    </nax:NikeFuel>
    </nax:Nax>
    </TPX>
    </Extensions>
    </Trackpoint>
<Trackpoint>
      <Time>
      2023-08-20T09:18:23.469Z
    </Time><SensorState>
      Present
    </SensorState><Extensions>
      <TPX xmlns="http://www.garmin.com/xmlschemas/ActivityExtension/v2">
      <ns3:Speed>
      3.374047951750569
    </ns3:Speed><nax:Nax>
      <nax:Pace>
      4.939665026995079
    </nax:Pace>
    </nax:Nax>
    </TPX>
    </Extensions>
    </Trackpoint>
<Trackpoint>
      <Time>
      2023-08-20T09:18:23.470Z
    </Time><DistanceMeters>
      6.820753136649728
    </DistanceMeters><Cadence>
      165.8908224105835
    </Cadence><SensorState>
      Present
    </SensorState>
    </Trackpoint>
<Trackpoint>
      <Time>
      2023-08-20T09:18:23.528Z
    </Time><SensorState>
      Present
    </SensorState><Extensions>
      <TPX xmlns="http://www.garmin.com/xmlschemas/ActivityExtension/v2">
      <nax:Nax>
      <nax:DescentInMeters>
      0.010000228881835938
    </nax:DescentInMeters>
    </nax:Nax>
    </TPX>
    </Extensions>
    </Trackpoint>
<Trackpoint>
      <Time>
      2023-08-20T09:18:25.999Z
    </Time><Position>
      <LatitudeDegrees>
      15.005185222282227
    </LatitudeDegrees><LongitudeDegrees>
      120.64232046146792
    </LongitudeDegrees>
    </Position><AltitudeMeters>
      12.216090952939915
    </AltitudeMeters><SensorState>
      Present
    </SensorState>
    </Trackpoint>
<Trackpoint>
      <Time>
      2023-08-20T09:18:26.025Z
    </Time><SensorState>
      Present
    </SensorState><Extensions>
      <TPX xmlns="http://www.garmin.com/xmlschemas/ActivityExtension/v2">
      <ns3:Speed>
      3.338179378432555
    </ns3:Speed><nax:Nax>
      <nax:Pace>
      4.992741484878657
    </nax:Pace>
    </nax:Nax>
    </TPX>
    </Extensions>
    </Trackpoint>
<Trackpoint>
      <Time>
      2023-08-20T09:18:26.026Z
    </Time><DistanceMeters>
      8.337585258297622
    </DistanceMeters><Cadence>
      166.60563468933105
    </Cadence><SensorState>
      Present
    </SensorState>
    </Trackpoint>
<Trackpoint>
      <Time>
      2023-08-20T09:18:26.082Z
    </Time><SensorState>
      Present
    </SensorState><Extensions>
      <TPX xmlns="http://www.garmin.com/xmlschemas/ActivityExtension/v2">
      <nax:Nax>
      <nax:DescentInMeters>
      0.059999942779541016
    </nax:DescentInMeters>
    </nax:Nax>
    </TPX>
    </Extensions>
    </Trackpoint>
<Trackpoint>
      <Time>
      2023-08-20T09:18:28.581Z
    </Time><SensorState>
      Present
    </SensorState><Extensions>
      <TPX xmlns="http://www.garmin.com/xmlschemas/ActivityExtension/v2">
      <ns3:Speed>
      3.359815066354891
    </ns3:Speed><nax:Nax>
      <nax:Pace>
      4.96059049010354
    </nax:Pace>
    </nax:Nax>
    </TPX>
    </Extensions>
    </Trackpoint>
<Trackpoint>
      <Time>
      2023-08-20T09:18:28.582Z
    </Time><DistanceMeters>
      8.130888387560844
    </DistanceMeters><Cadence>
      166.60563468933105
    </Cadence><SensorState>
      Present
    </SensorState>
    </Trackpoint>
<Trackpoint>
      <Time>
      2023-08-20T09:18:28.639Z
    </Time><SensorState>
      Present
    </SensorState><Extensions>
      <TPX xmlns="http://www.garmin.com/xmlschemas/ActivityExtension/v2">
      <nax:Nax>
      <nax:DescentInMeters>
      0.09000015258789062
    </nax:DescentInMeters>
    </nax:Nax>
    </TPX>
    </Extensions>
    </Trackpoint>
<Trackpoint>
      <Time>
      2023-08-20T09:18:29.999Z
    </Time><Position>
      <LatitudeDegrees>
      15.005104277579536
    </LatitudeDegrees><LongitudeDegrees>
      120.64240156851025
    </LongitudeDegrees>
    </Position><AltitudeMeters>
      12.092698819778256
    </AltitudeMeters><SensorState>
      Present
    </SensorState>
    </Trackpoint>
<Trackpoint>
      <Time>
      2023-08-20T09:18:31.137Z
    </Time><SensorState>
      Present
    </SensorState><Extensions>
      <TPX xmlns="http://www.garmin.com/xmlschemas/ActivityExtension/v2">
      <ns3:Speed>
      3.335074568341883
    </ns3:Speed><nax:Nax>
      <nax:Pace>
      4.997389511129559
    </nax:Pace>
    </nax:Nax>
    </TPX>
    </Extensions>
    </Trackpoint>
<Trackpoint>
      <Time>
      2023-08-20T09:18:31.138Z
    </Time><DistanceMeters>
      9.467995365150273
    </DistanceMeters><Cadence>
      166.60563468933105
    </Cadence><SensorState>
      Present
    </SensorState>
    </Trackpoint>
<Trackpoint>
      <Time>
      2023-08-20T09:18:32.999Z
    </Time><Position>
      <LatitudeDegrees>
      15.005035460651916
    </LatitudeDegrees><LongitudeDegrees>
      120.64246941854948
    </LongitudeDegrees>
    </Position><AltitudeMeters>
      11.965379852948423
    </AltitudeMeters><SensorState>
      Present
    </SensorState>
    </Trackpoint>
<Trackpoint>
      <Time>
      2023-08-20T09:18:33.000Z
    </Time><SensorState>
      Present
    </SensorState><Extensions>
      <TPX xmlns="http://www.garmin.com/xmlschemas/ActivityExtension/v2">
      <nax:Nax>
      <nax:NikeFuel>
      8.725510247640862
    </nax:NikeFuel>
    </nax:Nax>
    </TPX>
    </Extensions>
    </Trackpoint>
<Trackpoint>
      <Time>
      2023-08-20T09:18:33.693Z
    </Time><SensorState>
      Present
    </SensorState><Extensions>
      <TPX xmlns="http://www.garmin.com/xmlschemas/ActivityExtension/v2">
      <ns3:Speed>
      3.3286461234974007
    </ns3:Speed><nax:Nax>
      <nax:Pace>
      5.007040715146685
    </nax:Pace>
    </nax:Nax>
    </TPX>
    </Extensions>
    </Trackpoint>
<Trackpoint>
      <Time>
      2023-08-20T09:18:33.694Z
    </Time><DistanceMeters>
      9.49269085098058
    </DistanceMeters><Cadence>
      166.86445713043213
    </Cadence><SensorState>
      Present
    </SensorState>
    </Trackpoint>
<Trackpoint>
      <Time>
      2023-08-20T09:18:35.999Z
    </Time><Position>
      <LatitudeDegrees>
      15.004966869645912
    </LatitudeDegrees><LongitudeDegrees>
      120.64254681857297
    </LongitudeDegrees>
    </Position><AltitudeMeters>
      12.098375067738225
    </AltitudeMeters><SensorState>
      Present
    </SensorState>
    </Trackpoint>
<Trackpoint>
      <Time>
      2023-08-20T09:18:36.249Z
    </Time><SensorState>
      Present
    </SensorState><Extensions>
      <TPX xmlns="http://www.garmin.com/xmlschemas/ActivityExtension/v2">
      <ns3:Speed>
      3.3564165778131465
    </ns3:Speed><nax:Nax>
      <nax:Pace>
      4.965613260534464
    </nax:Pace>
    </nax:Nax>
    </TPX>
    </Extensions>
    </Trackpoint>
<Trackpoint>
      <Time>
      2023-08-20T09:18:36.250Z
    </Time><DistanceMeters>
      10.87090985570103
    </DistanceMeters><Cadence>
      166.92930221557617
    </Cadence><SensorState>
      Present
    </SensorState>
    </Trackpoint>
<Trackpoint>
      <Time>
      2023-08-20T09:18:38.805Z
    </Time><SensorState>
      Present
    </SensorState><Extensions>
      <TPX xmlns="http://www.garmin.com/xmlschemas/ActivityExtension/v2">
      <ns3:Speed>
      3.41903595888355
    </ns3:Speed><nax:Nax>
      <nax:Pace>
      4.8746684349318725
    </nax:Pace>
    </nax:Nax>
    </TPX>
    </Extensions>
    </Trackpoint>
<Trackpoint>
      <Time>
      2023-08-20T09:18:38.806Z
    </Time><DistanceMeters>
      9.974421481601894
    </DistanceMeters><Cadence>
      166.86448574066162
    </Cadence><SensorState>
      Present
    </SensorState>
    </Trackpoint>
<Trackpoint>
      <Time>
      2023-08-20T09:18:38.999Z
    </Time><Position>
      <LatitudeDegrees>
      15.004888497800428
    </LatitudeDegrees><LongitudeDegrees>
      120.64263485054089
    </LongitudeDegrees>
    </Position><AltitudeMeters>
      11.707448631571445
    </AltitudeMeters><SensorState>
      Present
    </SensorState>
    </Trackpoint>
<Trackpoint>
      <Time>
      2023-08-20T09:18:41.361Z
    </Time><SensorState>
      Present
    </SensorState><Extensions>
      <TPX xmlns="http://www.garmin.com/xmlschemas/ActivityExtension/v2">
      <ns3:Speed>
      3.465338656108184
    </ns3:Speed><nax:Nax>
      <nax:Pace>
      4.809534744111992
    </nax:Pace>
    </nax:Nax>
    </TPX>
    </Extensions>
    </Trackpoint>
<Trackpoint>
      <Time>
      2023-08-20T09:18:41.362Z
    </Time><DistanceMeters>
      9.798323663882911
    </DistanceMeters><Cadence>
      167.25419998168945
    </Cadence><SensorState>
      Present
    </SensorState>
    </Trackpoint>
<Trackpoint>
      <Time>
      2023-08-20T09:18:41.999Z
    </Time><Position>
      <LatitudeDegrees>
      15.00481798150786
    </LatitudeDegrees><LongitudeDegrees>
      120.64271728293836
    </LongitudeDegrees>
    </Position><AltitudeMeters>
      11.637340576688246
    </AltitudeMeters><SensorState>
      Present
    </SensorState>
    </Trackpoint>
<Trackpoint>
      <Time>
      2023-08-20T09:18:43.000Z
    </Time><SensorState>
      Present
    </SensorState><Extensions>
      <TPX xmlns="http://www.garmin.com/xmlschemas/ActivityExtension/v2">
      <nax:Nax>
      <nax:NikeFuel>
      8.978233948970722
    </nax:NikeFuel>
    </nax:Nax>
    </TPX>
    </Extensions>
    </Trackpoint>
<Trackpoint>
      <Time>
      2023-08-20T09:18:43.917Z
    </Time><SensorState>
      Present
    </SensorState><Extensions>
      <TPX xmlns="http://www.garmin.com/xmlschemas/ActivityExtension/v2">
      <ns3:Speed>
      3.4928299023498512
    </ns3:Speed><nax:Nax>
      <nax:Pace>
      4.771680022395001
    </nax:Pace>
    </nax:Nax>
    </TPX>
    </Extensions>
    </Trackpoint>
<Trackpoint>
      <Time>
      2023-08-20T09:18:43.918Z
    </Time><DistanceMeters>
      9.847234971821308
    </DistanceMeters><Cadence>
      167.18914031982422
    </Cadence><SensorState>
      Present
    </SensorState>
    </Trackpoint>
<Trackpoint>
      <Time>
      2023-08-20T09:18:43.975Z
    </Time><SensorState>
      Present
    </SensorState><Extensions>
      <TPX xmlns="http://www.garmin.com/xmlschemas/ActivityExtension/v2">
      <nax:Nax>
      <nax:AscentInMeters>
      0.1700000762939453
    </nax:AscentInMeters>
    </nax:Nax>
    </TPX>
    </Extensions>
    </Trackpoint>
<Trackpoint>
      <Time>
      2023-08-20T09:18:44.999Z
    </Time><Position>
      <LatitudeDegrees>
      15.004745612176599
    </LatitudeDegrees><LongitudeDegrees>
      120.64280052203152
    </LongitudeDegrees>
    </Position><AltitudeMeters>
      11.290448245723482
    </AltitudeMeters><SensorState>
      Present
    </SensorState>
    </Trackpoint>
<Trackpoint>
      <Time>
      2023-08-20T09:18:46.473Z
    </Time><SensorState>
      Present
    </SensorState><Extensions>
      <TPX xmlns="http://www.garmin.com/xmlschemas/ActivityExtension/v2">
      <ns3:Speed>
      3.5335178368003306
    </ns3:Speed><nax:Nax>
      <nax:Pace>
      4.716734833793469
    </nax:Pace>
    </nax:Nax>
    </TPX>
    </Extensions>
    </Trackpoint>
<Trackpoint>
      <Time>
      2023-08-20T09:18:46.474Z
    </Time><DistanceMeters>
      7.990836528129876
    </DistanceMeters><Cadence>
      167.44975090026855
    </Cadence><SensorState>
      Present
    </SensorState>
    </Trackpoint>
<Trackpoint>
      <Time>
      2023-08-20T09:18:46.530Z
    </Time><SensorState>
      Present
    </SensorState><Extensions>
      <TPX xmlns="http://www.garmin.com/xmlschemas/ActivityExtension/v2">
      <nax:Nax>
      <nax:AscentInMeters>
      0.019999980926513672
    </nax:AscentInMeters>
    </nax:Nax>
    </TPX>
    </Extensions>
    </Trackpoint>
<Trackpoint>
      <Time>
      2023-08-20T09:18:47.999Z
    </Time><Position>
      <LatitudeDegrees>
      15.004681617184694
    </LatitudeDegrees><LongitudeDegrees>
      120.64287159607319
    </LongitudeDegrees>
    </Position><AltitudeMeters>
      11.22201673975254
    </AltitudeMeters><SensorState>
      Present
    </SensorState>
    </Trackpoint>
<Trackpoint>
      <Time>
      2023-08-20T09:18:49.029Z
    </Time><SensorState>
      Present
    </SensorState><Extensions>
      <TPX xmlns="http://www.garmin.com/xmlschemas/ActivityExtension/v2">
      <ns3:Speed>
      3.514272227373725
    </ns3:Speed><nax:Nax>
      <nax:Pace>
      4.742565626204191
    </nax:Pace>
    </nax:Nax>
    </TPX>
    </Extensions>
    </Trackpoint>
<Trackpoint>
      <Time>
      2023-08-20T09:18:49.030Z
    </Time><DistanceMeters>
      7.753479411825538
    </DistanceMeters><Cadence>
      167.38454818725586
    </Cadence><SensorState>
      Present
    </SensorState>
    </Trackpoint>
<Trackpoint>
      <Time>
      2023-08-20T09:18:51.585Z
    </Time><SensorState>
      Present
    </SensorState><Extensions>
      <TPX xmlns="http://www.garmin.com/xmlschemas/ActivityExtension/v2">
      <ns3:Speed>
      3.444310488010777
    </ns3:Speed><nax:Nax>
      <nax:Pace>
      4.838897864951865
    </nax:Pace>
    </nax:Nax>
    </TPX>
    </Extensions>
    </Trackpoint>
<Trackpoint>
      <Time>
      2023-08-20T09:18:51.586Z
    </Time><DistanceMeters>
      7.404570517130196
    </DistanceMeters><Cadence>
      167.38454818725586
    </Cadence><SensorState>
      Present
    </SensorState>
    </Trackpoint>
<Trackpoint>
      <Time>
      2023-08-20T09:18:51.999Z
    </Time><Position>
      <LatitudeDegrees>
      15.00460534885743
    </LatitudeDegrees><LongitudeDegrees>
      120.64294893013275
    </LongitudeDegrees>
    </Position><AltitudeMeters>
      10.864698793223205
    </AltitudeMeters><SensorState>
      Present
    </SensorState>
    </Trackpoint>
<Trackpoint>
      <Time>
      2023-08-20T09:18:52.497Z
    </Time><HeartRateBpm>
      <Value>
      175
    </Value>
    </HeartRateBpm><SensorState>
      Present
    </SensorState>
    </Trackpoint>
<Trackpoint>
      <Time>
      2023-08-20T09:18:53.000Z
    </Time><SensorState>
      Present
    </SensorState><Extensions>
      <TPX xmlns="http://www.garmin.com/xmlschemas/ActivityExtension/v2">
      <nax:Nax>
      <nax:NikeFuel>
      8.498298921504894
    </nax:NikeFuel>
    </nax:Nax>
    </TPX>
    </Extensions>
    </Trackpoint>
<Trackpoint>
      <Time>
      2023-08-20T09:18:54.141Z
    </Time><SensorState>
      Present
    </SensorState><Extensions>
      <TPX xmlns="http://www.garmin.com/xmlschemas/ActivityExtension/v2">
      <ns3:Speed>
      3.3206867316909543
    </ns3:Speed><nax:Nax>
      <nax:Pace>
      5.019042148001626
    </nax:Pace>
    </nax:Nax>
    </TPX>
    </Extensions>
    </Trackpoint>
<Trackpoint>
      <Time>
      2023-08-20T09:18:54.142Z
    </Time><DistanceMeters>
      7.484177429229021
    </DistanceMeters><Cadence>
      167.1891689300537
    </Cadence><SensorState>
      Present
    </SensorState>
    </Trackpoint>
<Trackpoint>
      <Time>
      2023-08-20T09:18:54.201Z
    </Time><SensorState>
      Present
    </SensorState><Extensions>
      <TPX xmlns="http://www.garmin.com/xmlschemas/ActivityExtension/v2">
      <nax:Nax>
      <nax:DescentInMeters>
      0.07999992370605469
    </nax:DescentInMeters>
    </nax:Nax>
    </TPX>
    </Extensions>
    </Trackpoint>
<Trackpoint>
      <Time>
      2023-08-20T09:18:55.999Z
    </Time><Position>
      <LatitudeDegrees>
      15.004512159201948
    </LatitudeDegrees><LongitudeDegrees>
      120.64299013325407
    </LongitudeDegrees>
    </Position><AltitudeMeters>
      10.94822228474441
    </AltitudeMeters><SensorState>
      Present
    </SensorState>
    </Trackpoint>
<Trackpoint>
      <Time>
      2023-08-20T09:18:56.497Z
    </Time><HeartRateBpm>
      <Value>
      174
    </Value>
    </HeartRateBpm><SensorState>
      Present
    </SensorState>
    </Trackpoint>
<Trackpoint>
      <Time>
      2023-08-20T09:18:56.697Z
    </Time><SensorState>
      Present
    </SensorState><Extensions>
      <TPX xmlns="http://www.garmin.com/xmlschemas/ActivityExtension/v2">
      <ns3:Speed>
      3.2538236428665797
    </ns3:Speed><nax:Nax>
      <nax:Pace>
      5.1221788566216
    </nax:Pace>
    </nax:Nax>
    </TPX>
    </Extensions>
    </Trackpoint>
<Trackpoint>
      <Time>
      2023-08-20T09:18:56.698Z
    </Time><DistanceMeters>
      8.852729750797153
    </DistanceMeters><Cadence>
      167.31940269470215
    </Cadence><SensorState>
      Present
    </SensorState>
    </Trackpoint>
<Trackpoint>
      <Time>
      2023-08-20T09:18:58.999Z
    </Time><Position>
      <LatitudeDegrees>
      15.004438334316154
    </LatitudeDegrees><LongitudeDegrees>
      120.64305513486565
    </LongitudeDegrees>
    </Position><AltitudeMeters>
      11.150691821857777
    </AltitudeMeters><SensorState>
      Present
    </SensorState>
    </Trackpoint>
<Trackpoint>
      <Time>
      2023-08-20T09:18:59.253Z
    </Time><SensorState>
      Present
    </SensorState><Extensions>
      <TPX xmlns="http://www.garmin.com/xmlschemas/ActivityExtension/v2">
      <ns3:Speed>
      3.3619754132879764
    </ns3:Speed><nax:Nax>
      <nax:Pace>
      4.957402900923313
    </nax:Pace>
    </nax:Nax>
    </TPX>
    </Extensions>
    </Trackpoint>
<Trackpoint>
      <Time>
      2023-08-20T09:18:59.254Z
    </Time><DistanceMeters>
      7.695643878541887
    </DistanceMeters><Cadence>
      167.1910285949707
    </Cadence><SensorState>
      Present
    </SensorState>
    </Trackpoint>
<Trackpoint>
      <Time>
      2023-08-20T09:19:00.497Z
    </Time><HeartRateBpm>
      <Value>
      175
    </Value>
    </HeartRateBpm><SensorState>
      Present
    </SensorState>
    </Trackpoint>
<Trackpoint>
      <Time>
      2023-08-20T09:19:01.809Z
    </Time><SensorState>
      Present
    </SensorState><Extensions>
      <TPX xmlns="http://www.garmin.com/xmlschemas/ActivityExtension/v2">
      <ns3:Speed>
      3.259402286967302
    </ns3:Speed><nax:Nax>
      <nax:Pace>
      5.113411969215404
    </nax:Pace>
    </nax:Nax>
    </TPX>
    </Extensions>
    </Trackpoint>
<Trackpoint>
      <Time>
      2023-08-20T09:19:01.810Z
    </Time><DistanceMeters>
      8.084815052337945
    </DistanceMeters><Cadence>
      166.73370838165283
    </Cadence><SensorState>
      Present
    </SensorState>
    </Trackpoint>
<Trackpoint>
      <Time>
      2023-08-20T09:19:02.999Z
    </Time><Position>
      <LatitudeDegrees>
      15.004353744439749
    </LatitudeDegrees><LongitudeDegrees>
      120.64312914352105
    </LongitudeDegrees>
    </Position><AltitudeMeters>
      10.940252542567535
    </AltitudeMeters><SensorState>
      Present
    </SensorState>
    </Trackpoint>
<Trackpoint>
      <Time>
      2023-08-20T09:19:03.000Z
    </Time><SensorState>
      Present
    </SensorState><Extensions>
      <TPX xmlns="http://www.garmin.com/xmlschemas/ActivityExtension/v2">
      <nax:Nax>
      <nax:NikeFuel>
      8.471036383170677
    </nax:NikeFuel>
    </nax:Nax>
    </TPX>
    </Extensions>
    </Trackpoint>
<Trackpoint>
      <Time>
      2023-08-20T09:19:03.497Z
    </Time><HeartRateBpm>
      <Value>
      174
    </Value>
    </HeartRateBpm><SensorState>
      Present
    </SensorState>
    </Trackpoint>
<Trackpoint>
      <Time>
      2023-08-20T09:19:04.365Z
    </Time><SensorState>
      Present
    </SensorState><Extensions>
      <TPX xmlns="http://www.garmin.com/xmlschemas/ActivityExtension/v2">
      <ns3:Speed>
      3.246349282032292
    </ns3:Speed><nax:Nax>
      <nax:Pace>
      5.133972107965208
    </nax:Pace>
    </nax:Nax>
    </TPX>
    </Extensions>
    </Trackpoint>
<Trackpoint>
      <Time>
      2023-08-20T09:19:04.366Z
    </Time><DistanceMeters>
      7.34418538864702
    </DistanceMeters><Cadence>
      166.47354125976562
    </Cadence><SensorState>
      Present
    </SensorState>
    </Trackpoint>
<Trackpoint>
      <Time>
      2023-08-20T09:19:04.422Z
    </Time><SensorState>
      Present
    </SensorState><Extensions>
      <TPX xmlns="http://www.garmin.com/xmlschemas/ActivityExtension/v2">
      <nax:Nax>
      <nax:DescentInMeters>
      0.010000228881835938
    </nax:DescentInMeters>
    </nax:Nax>
    </TPX>
    </Extensions>
    </Trackpoint>
<Trackpoint>
      <Time>
      2023-08-20T09:19:06.921Z
    </Time><SensorState>
      Present
    </SensorState><Extensions>
      <TPX xmlns="http://www.garmin.com/xmlschemas/ActivityExtension/v2">
      <ns3:Speed>
      3.2120438144683314
    </ns3:Speed><nax:Nax>
      <nax:Pace>
      5.188804272094088
    </nax:Pace>
    </nax:Nax>
    </TPX>
    </Extensions>
    </Trackpoint>
<Trackpoint>
      <Time>
      2023-08-20T09:19:06.922Z
    </Time><DistanceMeters>
      9.484185798093677
    </DistanceMeters><Cadence>
      166.8641996383667
    </Cadence><SensorState>
      Present
    </SensorState>
    </Trackpoint>
<Trackpoint>
      <Time>
      2023-08-20T09:19:06.977Z
    </Time><SensorState>
      Present
    </SensorState><Extensions>
      <TPX xmlns="http://www.garmin.com/xmlschemas/ActivityExtension/v2">
      <nax:Nax>
      <nax:DescentInMeters>
      0.039999961853027344
    </nax:DescentInMeters>
    </nax:Nax>
    </TPX>
    </Extensions>
    </Trackpoint>
<Trackpoint>
      <Time>
      2023-08-20T09:19:06.999Z
    </Time><Position>
      <LatitudeDegrees>
      15.004286654446314
    </LatitudeDegrees><LongitudeDegrees>
      120.643211685046
    </LongitudeDegrees>
    </Position><AltitudeMeters>
      11.374819471621429
    </AltitudeMeters><SensorState>
      Present
    </SensorState>
    </Trackpoint>
<Trackpoint>
      <Time>
      2023-08-20T09:19:09.477Z
    </Time><SensorState>
      Present
    </SensorState><Extensions>
      <TPX xmlns="http://www.garmin.com/xmlschemas/ActivityExtension/v2">
      <ns3:Speed>
      3.310106315720237
    </ns3:Speed><nax:Nax>
      <nax:Pace>
      5.035085002410327
    </nax:Pace>
    </nax:Nax>
    </TPX>
    </Extensions>
    </Trackpoint>
<Trackpoint>
      <Time>
      2023-08-20T09:19:09.478Z
    </Time><DistanceMeters>
      9.03912906255573
    </DistanceMeters><Cadence>
      167.0602512359619
    </Cadence><SensorState>
      Present
    </SensorState>
    </Trackpoint>
<Trackpoint>
      <Time>
      2023-08-20T09:19:09.533Z
    </Time><SensorState>
      Present
    </SensorState><Extensions>
      <TPX xmlns="http://www.garmin.com/xmlschemas/ActivityExtension/v2">
      <nax:Nax>
      <nax:DescentInMeters>
      0.009999752044677734
    </nax:DescentInMeters>
    </nax:Nax>
    </TPX>
    </Extensions>
    </Trackpoint>
<Trackpoint>
      <Time>
      2023-08-20T09:19:09.999Z
    </Time><Position>
      <LatitudeDegrees>
      15.004219474283728
    </LatitudeDegrees><LongitudeDegrees>
      120.64329341879956
    </LongitudeDegrees>
    </Position><AltitudeMeters>
      11.654470870932563
    </AltitudeMeters><SensorState>
      Present
    </SensorState>
    </Trackpoint>
<Trackpoint>
      <Time>
      2023-08-20T09:19:12.033Z
    </Time><SensorState>
      Present
    </SensorState><Extensions>
      <TPX xmlns="http://www.garmin.com/xmlschemas/ActivityExtension/v2">
      <ns3:Speed>
      3.3825673911834597
    </ns3:Speed><nax:Nax>
      <nax:Pace>
      4.927223833029235
    </nax:Pace>
    </nax:Nax>
    </TPX>
    </Extensions>
    </Trackpoint>
<Trackpoint>
      <Time>
      2023-08-20T09:19:12.034Z
    </Time><DistanceMeters>
      9.417388055473566
    </DistanceMeters><Cadence>
      167.0602512359619
    </Cadence><SensorState>
      Present
    </SensorState>
    </Trackpoint>
<Trackpoint>
      <Time>
      2023-08-20T09:19:12.089Z
    </Time><SensorState>
      Present
    </SensorState><Extensions>
      <TPX xmlns="http://www.garmin.com/xmlschemas/ActivityExtension/v2">
      <nax:Nax>
      <nax:DescentInMeters>
      0.019999980926513672
    </nax:DescentInMeters>
    </nax:Nax>
    </TPX>
    </Extensions>
    </Trackpoint>
<Trackpoint>
      <Time>
      2023-08-20T09:19:12.999Z
    </Time><Position>
      <LatitudeDegrees>
      15.004146960450658
    </LatitudeDegrees><LongitudeDegrees>
      120.64336766861703
    </LongitudeDegrees>
    </Position><AltitudeMeters>
      11.850451800598798
    </AltitudeMeters><SensorState>
      Present
    </SensorState>
    </Trackpoint>
<Trackpoint>
      <Time>
      2023-08-20T09:19:13.000Z
    </Time><SensorState>
      Present
    </SensorState><Extensions>
      <TPX xmlns="http://www.garmin.com/xmlschemas/ActivityExtension/v2">
      <nax:Nax>
      <nax:NikeFuel>
      8.958054715360117
    </nax:NikeFuel>
    </nax:Nax>
    </TPX>
    </Extensions>
    </Trackpoint>
<Trackpoint>
      <Time>
      2023-08-20T09:19:13.497Z
    </Time><HeartRateBpm>
      <Value>
      174
    </Value>
    </HeartRateBpm><SensorState>
      Present
    </SensorState>
    </Trackpoint>
<Trackpoint>
      <Time>
      2023-08-20T09:19:14.589Z
    </Time><SensorState>
      Present
    </SensorState><Extensions>
      <TPX xmlns="http://www.garmin.com/xmlschemas/ActivityExtension/v2">
      <ns3:Speed>
      3.405727771596081
    </ns3:Speed><nax:Nax>
      <nax:Pace>
      4.893716639852251
    </nax:Pace>
    </nax:Nax>
    </TPX>
    </Extensions>
    </Trackpoint>
<Trackpoint>
      <Time>
      2023-08-20T09:19:14.590Z
    </Time><DistanceMeters>
      8.51446432992816
    </DistanceMeters><Cadence>
      167.0602798461914
    </Cadence><SensorState>
      Present
    </SensorState>
    </Trackpoint>
<Trackpoint>
      <Time>
      2023-08-20T09:19:14.645Z
    </Time><SensorState>
      Present
    </SensorState><Extensions>
      <TPX xmlns="http://www.garmin.com/xmlschemas/ActivityExtension/v2">
      <nax:Nax>
      <nax:DescentInMeters>
      0.019999980926513672
    </nax:DescentInMeters>
    </nax:Nax>
    </TPX>
    </Extensions>
    </Trackpoint>
<Trackpoint>
      <Time>
      2023-08-20T09:19:15.999Z
    </Time><Position>
      <LatitudeDegrees>
      15.004079543575642
    </LatitudeDegrees><LongitudeDegrees>
      120.64343727916591
    </LongitudeDegrees>
    </Position><AltitudeMeters>
      12.002933199037805
    </AltitudeMeters><SensorState>
      Present
    </SensorState>
    </Trackpoint>
<Trackpoint>
      <Time>
      2023-08-20T09:19:17.145Z
    </Time><SensorState>
      Present
    </SensorState><Extensions>
      <TPX xmlns="http://www.garmin.com/xmlschemas/ActivityExtension/v2">
      <ns3:Speed>
      3.4314273786274727
    </ns3:Speed><nax:Nax>
      <nax:Pace>
      4.857065246513573
    </nax:Pace>
    </nax:Nax>
    </TPX>
    </Extensions>
    </Trackpoint>
<Trackpoint>
      <Time>
      2023-08-20T09:19:17.146Z
    </Time><DistanceMeters>
      10.797518116421998
    </DistanceMeters><Cadence>
      167.12575435638428
    </Cadence><SensorState>
      Present
    </SensorState>
    </Trackpoint>
<Trackpoint>
      <Time>
      2023-08-20T09:19:17.201Z
    </Time><SensorState>
      Present
    </SensorState><Extensions>
      <TPX xmlns="http://www.garmin.com/xmlschemas/ActivityExtension/v2">
      <nax:Nax>
      <nax:DescentInMeters>
      0.020000457763671875
    </nax:DescentInMeters>
    </nax:Nax>
    </TPX>
    </Extensions>
    </Trackpoint>
<Trackpoint>
      <Time>
      2023-08-20T09:19:18.497Z
    </Time><HeartRateBpm>
      <Value>
      175
    </Value>
    </HeartRateBpm><SensorState>
      Present
    </SensorState>
    </Trackpoint>
<Trackpoint>
      <Time>
      2023-08-20T09:19:18.999Z
    </Time><Position>
      <LatitudeDegrees>
      15.004012893932623
    </LatitudeDegrees><LongitudeDegrees>
      120.64351382770562
    </LongitudeDegrees>
    </Position><AltitudeMeters>
      12.056026258011983
    </AltitudeMeters><SensorState>
      Present
    </SensorState>
    </Trackpoint>
<Trackpoint>
      <Time>
      2023-08-20T09:19:19.701Z
    </Time><SensorState>
      Present
    </SensorState><Extensions>
      <TPX xmlns="http://www.garmin.com/xmlschemas/ActivityExtension/v2">
      <ns3:Speed>
      3.5082620594784424
    </ns3:Speed><nax:Nax>
      <nax:Pace>
      4.750690337296076
    </nax:Pace>
    </nax:Nax>
    </TPX>
    </Extensions>
    </Trackpoint>
<Trackpoint>
      <Time>
      2023-08-20T09:19:19.702Z
    </Time><DistanceMeters>
      8.88346653804183
    </DistanceMeters><Cadence>
      167.3880672454834
    </Cadence><SensorState>
      Present
    </SensorState>
    </Trackpoint>
<Trackpoint>
      <Time>
      2023-08-20T09:19:19.758Z
    </Time><SensorState>
      Present
    </SensorState><Extensions>
      <TPX xmlns="http://www.garmin.com/xmlschemas/ActivityExtension/v2">
      <nax:Nax>
      <nax:DescentInMeters>
      0.029999732971191406
    </nax:DescentInMeters>
    </nax:Nax>
    </TPX>
    </Extensions>
    </Trackpoint>
<Trackpoint>
      <Time>
      2023-08-20T09:19:21.999Z
    </Time><Position>
      <LatitudeDegrees>
      15.00394819827499
    </LatitudeDegrees><LongitudeDegrees>
      120.64358982639786
    </LongitudeDegrees>
    </Position><AltitudeMeters>
      12.014920441789982
    </AltitudeMeters><SensorState>
      Present
    </SensorState>
    </Trackpoint>
<Trackpoint>
      <Time>
      2023-08-20T09:19:22.257Z
    </Time><SensorState>
      Present
    </SensorState><Extensions>
      <TPX xmlns="http://www.garmin.com/xmlschemas/ActivityExtension/v2">
      <ns3:Speed>
      3.6063373572690156
    </ns3:Speed><nax:Nax>
      <nax:Pace>
      4.621494057696226
    </nax:Pace>
    </nax:Nax>
    </TPX>
    </Extensions>
    </Trackpoint>
<Trackpoint>
      <Time>
      2023-08-20T09:19:22.258Z
    </Time><DistanceMeters>
      10.068733068183064
    </DistanceMeters><Cadence>
      167.4537706375122
    </Cadence><SensorState>
      Present
    </SensorState>
    </Trackpoint>
<Trackpoint>
      <Time>
      2023-08-20T09:19:22.313Z
    </Time><SensorState>
      Present
    </SensorState><Extensions>
      <TPX xmlns="http://www.garmin.com/xmlschemas/ActivityExtension/v2">
      <nax:Nax>
      <nax:DescentInMeters>
      0.019999980926513672
    </nax:DescentInMeters>
    </nax:Nax>
    </TPX>
    </Extensions>
    </Trackpoint>
<Trackpoint>
      <Time>
      2023-08-20T09:19:23.000Z
    </Time><SensorState>
      Present
    </SensorState><Extensions>
      <TPX xmlns="http://www.garmin.com/xmlschemas/ActivityExtension/v2">
      <nax:Nax>
      <nax:NikeFuel>
      9.247536976204364
    </nax:NikeFuel>
    </nax:Nax>
    </TPX>
    </Extensions>
    </Trackpoint>
<Trackpoint>
      <Time>
      2023-08-20T09:19:24.813Z
    </Time><SensorState>
      Present
    </SensorState><Extensions>
      <TPX xmlns="http://www.garmin.com/xmlschemas/ActivityExtension/v2">
      <ns3:Speed>
      3.76075841991694
    </ns3:Speed><nax:Nax>
      <nax:Pace>
      4.431730200589372
    </nax:Pace>
    </nax:Nax>
    </TPX>
    </Extensions>
    </Trackpoint>
<Trackpoint>
      <Time>
      2023-08-20T09:19:24.814Z
    </Time><DistanceMeters>
      9.107397425919771
    </DistanceMeters><Cadence>
      167.3224925994873
    </Cadence><SensorState>
      Present
    </SensorState>
    </Trackpoint>
<Trackpoint>
      <Time>
      2023-08-20T09:19:24.869Z
    </Time><SensorState>
      Present
    </SensorState><Extensions>
      <TPX xmlns="http://www.garmin.com/xmlschemas/ActivityExtension/v2">
      <nax:Nax>
      <nax:DescentInMeters>
      0.009999752044677734
    </nax:DescentInMeters>
    </nax:Nax>
    </TPX>
    </Extensions>
    </Trackpoint>
<Trackpoint>
      <Time>
      2023-08-20T09:19:24.999Z
    </Time><Position>
      <LatitudeDegrees>
      15.003874907740075
    </LatitudeDegrees><LongitudeDegrees>
      120.64366926065559
    </LongitudeDegrees>
    </Position><AltitudeMeters>
      11.79535696269759
    </AltitudeMeters><SensorState>
      Present
    </SensorState>
    </Trackpoint>
<Trackpoint>
      <Time>
      2023-08-20T09:19:25.497Z
    </Time><HeartRateBpm>
      <Value>
      175
    </Value>
    </HeartRateBpm><SensorState>
      Present
    </SensorState>
    </Trackpoint>
<Trackpoint>
      <Time>
      2023-08-20T09:19:27.368Z
    </Time><SensorState>
      Present
    </SensorState><Extensions>
      <TPX xmlns="http://www.garmin.com/xmlschemas/ActivityExtension/v2">
      <ns3:Speed>
      3.669479617040348
    </ns3:Speed><nax:Nax>
      <nax:Pace>
      4.541970090055798
    </nax:Pace>
    </nax:Nax>
    </TPX>
    </Extensions>
    </Trackpoint>
<Trackpoint>
      <Time>
      2023-08-20T09:19:27.369Z
    </Time><DistanceMeters>
      8.94207881577313
    </DistanceMeters><Cadence>
      167.3224925994873
    </Cadence><SensorState>
      Present
    </SensorState>
    </Trackpoint>
<Trackpoint>
      <Time>
      2023-08-20T09:19:28.000Z
    </Time><Position>
      <LatitudeDegrees>
      15.003803582186471
    </LatitudeDegrees><LongitudeDegrees>
      120.64374193615559
    </LongitudeDegrees>
    </Position><AltitudeMeters>
      11.700462705271754
    </AltitudeMeters><SensorState>
      Present
    </SensorState>
    </Trackpoint>
<Trackpoint>
      <Time>
      2023-08-20T09:19:29.497Z
    </Time><HeartRateBpm>
      <Value>
      175
    </Value>
    </HeartRateBpm><SensorState>
      Present
    </SensorState>
    </Trackpoint>
<Trackpoint>
      <Time>
      2023-08-20T09:19:29.924Z
    </Time><SensorState>
      Present
    </SensorState><Extensions>
      <TPX xmlns="http://www.garmin.com/xmlschemas/ActivityExtension/v2">
      <ns3:Speed>
      3.5462880538405788
    </ns3:Speed><nax:Nax>
      <nax:Pace>
      4.6997498267567135
    </nax:Pace>
    </nax:Nax>
    </TPX>
    </Extensions>
    </Trackpoint>
<Trackpoint>
      <Time>
      2023-08-20T09:19:29.925Z
    </Time><DistanceMeters>
      8.335211438126862
    </DistanceMeters><Cadence>
      166.66706085205078
    </Cadence><SensorState>
      Present
    </SensorState>
    </Trackpoint>
<Trackpoint>
      <Time>
      2023-08-20T09:19:29.981Z
    </Time><SensorState>
      Present
    </SensorState><Extensions>
      <TPX xmlns="http://www.garmin.com/xmlschemas/ActivityExtension/v2">
      <nax:Nax>
      <nax:DescentInMeters>
      0.03000020980834961
    </nax:DescentInMeters>
    </nax:Nax>
    </TPX>
    </Extensions>
    </Trackpoint>
<Trackpoint>
      <Time>
      2023-08-20T09:19:31.000Z
    </Time><Position>
      <LatitudeDegrees>
      15.003741792546453
    </LatitudeDegrees><LongitudeDegrees>
      120.6438114757577
    </LongitudeDegrees>
    </Position><AltitudeMeters>
      11.689440449123211
    </AltitudeMeters><SensorState>
      Present
    </SensorState>
    </Trackpoint>
<Trackpoint>
      <Time>
      2023-08-20T09:19:32.480Z
    </Time><SensorState>
      Present
    </SensorState><Extensions>
      <TPX xmlns="http://www.garmin.com/xmlschemas/ActivityExtension/v2">
      <ns3:Speed>
      3.4511549222795916
    </ns3:Speed><nax:Nax>
      <nax:Pace>
      4.829301217129317
    </nax:Pace>
    </nax:Nax>
    </TPX>
    </Extensions>
    </Trackpoint>
<Trackpoint>
      <Time>
      2023-08-20T09:19:32.481Z
    </Time><DistanceMeters>
      9.484383525326848
    </DistanceMeters><Cadence>
      166.66706085205078
    </Cadence><SensorState>
      Present
    </SensorState>
    </Trackpoint>
<Trackpoint>
      <Time>
      2023-08-20T09:19:32.537Z
    </Time><SensorState>
      Present
    </SensorState><Extensions>
      <TPX xmlns="http://www.garmin.com/xmlschemas/ActivityExtension/v2">
      <nax:Nax>
      <nax:DescentInMeters>
      0.09999990463256836
    </nax:DescentInMeters>
    </nax:Nax>
    </TPX>
    </Extensions>
    </Trackpoint>
<Trackpoint>
      <Time>
      2023-08-20T09:19:33.000Z
    </Time><SensorState>
      Present
    </SensorState><Extensions>
      <TPX xmlns="http://www.garmin.com/xmlschemas/ActivityExtension/v2">
      <nax:Nax>
      <nax:NikeFuel>
      8.97610355230065
    </nax:NikeFuel>
    </nax:Nax>
    </TPX>
    </Extensions>
    </Trackpoint>
<Trackpoint>
      <Time>
      2023-08-20T09:19:34.000Z
    </Time><Position>
      <LatitudeDegrees>
      15.003682081678088
    </LatitudeDegrees><LongitudeDegrees>
      120.64388549515381
    </LongitudeDegrees>
    </Position><AltitudeMeters>
      11.505173963960516
    </AltitudeMeters><SensorState>
      Present
    </SensorState>
    </Trackpoint>
<Trackpoint>
      <Time>
      2023-08-20T09:19:35.036Z
    </Time><SensorState>
      Present
    </SensorState><Extensions>
      <TPX xmlns="http://www.garmin.com/xmlschemas/ActivityExtension/v2">
      <ns3:Speed>
      3.5063357156613875
    </ns3:Speed><nax:Nax>
      <nax:Pace>
      4.753300316402502
    </nax:Pace>
    </nax:Nax>
    </TPX>
    </Extensions>
    </Trackpoint>
<Trackpoint>
      <Time>
      2023-08-20T09:19:35.037Z
    </Time><DistanceMeters>
      10.44769240822643
    </DistanceMeters><Cadence>
      166.79926872253418
    </Cadence><SensorState>
      Present
    </SensorState>
    </Trackpoint>
<Trackpoint>
      <Time>
      2023-08-20T09:19:37.000Z
    </Time><Position>
      <LatitudeDegrees>
      15.003622713472849
    </LatitudeDegrees><LongitudeDegrees>
      120.64397420474971
    </LongitudeDegrees>
    </Position><AltitudeMeters>
      11.513970294286494
    </AltitudeMeters><SensorState>
      Present
    </SensorState>
    </Trackpoint>
<Trackpoint>
      <Time>
      2023-08-20T09:19:37.497Z
    </Time><HeartRateBpm>
      <Value>
      176
    </Value>
    </HeartRateBpm><SensorState>
      Present
    </SensorState>
    </Trackpoint>
<Trackpoint>
      <Time>
      2023-08-20T09:19:37.592Z
    </Time><SensorState>
      Present
    </SensorState><Extensions>
      <TPX xmlns="http://www.garmin.com/xmlschemas/ActivityExtension/v2">
      <ns3:Speed>
      3.522172534429512
    </ns3:Speed><nax:Nax>
      <nax:Pace>
      4.73192795178223
    </nax:Pace>
    </nax:Nax>
    </TPX>
    </Extensions>
    </Trackpoint>
<Trackpoint>
      <Time>
      2023-08-20T09:19:37.593Z
    </Time><DistanceMeters>
      8.869436349719763
    </DistanceMeters><Cadence>
      166.79926872253418
    </Cadence><SensorState>
      Present
    </SensorState>
    </Trackpoint>
<Trackpoint>
      <Time>
      2023-08-20T09:19:40.000Z
    </Time><Position>
      <LatitudeDegrees>
      15.00356046060871
    </LatitudeDegrees><LongitudeDegrees>
      120.64404980225241
    </LongitudeDegrees>
    </Position><AltitudeMeters>
      11.642696767321361
    </AltitudeMeters><SensorState>
      Present
    </SensorState>
    </Trackpoint>
<Trackpoint>
      <Time>
      2023-08-20T09:19:40.148Z
    </Time><SensorState>
      Present
    </SensorState><Extensions>
      <TPX xmlns="http://www.garmin.com/xmlschemas/ActivityExtension/v2">
      <ns3:Speed>
      3.4850571724136086
    </ns3:Speed><nax:Nax>
      <nax:Pace>
      4.782322309830002
    </nax:Pace>
    </nax:Nax>
    </TPX>
    </Extensions>
    </Trackpoint>
<Trackpoint>
      <Time>
      2023-08-20T09:19:40.149Z
    </Time><DistanceMeters>
      8.853575909510255
    </DistanceMeters><Cadence>
      166.8645143508911
    </Cadence><SensorState>
      Present
    </SensorState>
    </Trackpoint>
<Trackpoint>
      <Time>
      2023-08-20T09:19:42.497Z
    </Time><HeartRateBpm>
      <Value>
      177
    </Value>
    </HeartRateBpm><SensorState>
      Present
    </SensorState>
    </Trackpoint>
<Trackpoint>
      <Time>
      2023-08-20T09:19:42.704Z
    </Time><SensorState>
      Present
    </SensorState><Extensions>
      <TPX xmlns="http://www.garmin.com/xmlschemas/ActivityExtension/v2">
      <ns3:Speed>
      3.4678625303120163
    </ns3:Speed><nax:Nax>
      <nax:Pace>
      4.806034414855282
    </nax:Pace>
    </nax:Nax>
    </TPX>
    </Extensions>
    </Trackpoint>
<Trackpoint>
      <Time>
      2023-08-20T09:19:42.705Z
    </Time><DistanceMeters>
      8.822616123594344
    </DistanceMeters><Cadence>
      166.8645143508911
    </Cadence><SensorState>
      Present
    </SensorState>
    </Trackpoint>
<Trackpoint>
      <Time>
      2023-08-20T09:19:42.761Z
    </Time><SensorState>
      Present
    </SensorState><Extensions>
      <TPX xmlns="http://www.garmin.com/xmlschemas/ActivityExtension/v2">
      <nax:Nax>
      <nax:AscentInMeters>
      0.09000015258789062
    </nax:AscentInMeters>
    </nax:Nax>
    </TPX>
    </Extensions>
    </Trackpoint>
<Trackpoint>
      <Time>
      2023-08-20T09:19:43.000Z
    </Time><Position>
      <LatitudeDegrees>
      15.003508370441704
    </LatitudeDegrees><LongitudeDegrees>
      120.64413094779191
    </LongitudeDegrees>
    </Position><AltitudeMeters>
      11.487697511487966
    </AltitudeMeters><SensorState>
      Present
    </SensorState><Extensions>
      <TPX xmlns="http://www.garmin.com/xmlschemas/ActivityExtension/v2">
      <nax:Nax>
      <nax:NikeFuel>
      8.953096639654053
    </nax:NikeFuel>
    </nax:Nax>
    </TPX>
    </Extensions>
    </Trackpoint>
<Trackpoint>
      <Time>
      2023-08-20T09:19:44.497Z
    </Time><HeartRateBpm>
      <Value>
      177
    </Value>
    </HeartRateBpm><SensorState>
      Present
    </SensorState>
    </Trackpoint>
<Trackpoint>
      <Time>
      2023-08-20T09:19:45.260Z
    </Time><SensorState>
      Present
    </SensorState><Extensions>
      <TPX xmlns="http://www.garmin.com/xmlschemas/ActivityExtension/v2">
      <ns3:Speed>
      3.504881893623273
    </ns3:Speed><nax:Nax>
      <nax:Pace>
      4.755271981344004
    </nax:Pace>
    </nax:Nax>
    </TPX>
    </Extensions>
    </Trackpoint>
<Trackpoint>
      <Time>
      2023-08-20T09:19:45.261Z
    </Time><DistanceMeters>
      7.9904423132538795
    </DistanceMeters><Cadence>
      166.79929733276367
    </Cadence><SensorState>
      Present
    </SensorState>
    </Trackpoint>
<Trackpoint>
      <Time>
      2023-08-20T09:19:46.000Z
    </Time><Position>
      <LatitudeDegrees>
      15.003460724380455
    </LatitudeDegrees><LongitudeDegrees>
      120.64421876238542
    </LongitudeDegrees>
    </Position><AltitudeMeters>
      10.96203075890864
    </AltitudeMeters><SensorState>
      Present
    </SensorState>
    </Trackpoint>
<Trackpoint>
      <Time>
      2023-08-20T09:19:47.816Z
    </Time><SensorState>
      Present
    </SensorState><Extensions>
      <TPX xmlns="http://www.garmin.com/xmlschemas/ActivityExtension/v2">
      <ns3:Speed>
      3.500958748266419
    </ns3:Speed><nax:Nax>
      <nax:Pace>
      4.760600699713915
    </nax:Pace>
    </nax:Nax>
    </TPX>
    </Extensions>
    </Trackpoint>
<Trackpoint>
      <Time>
      2023-08-20T09:19:47.817Z
    </Time><DistanceMeters>
      7.816280594095587
    </DistanceMeters><Cadence>
      166.60394668579102
    </Cadence><SensorState>
      Present
    </SensorState>
    </Trackpoint>
<Trackpoint>
      <Time>
      2023-08-20T09:19:47.873Z
    </Time><SensorState>
      Present
    </SensorState><Extensions>
      <TPX xmlns="http://www.garmin.com/xmlschemas/ActivityExtension/v2">
      <nax:Nax>
      <nax:AscentInMeters>
      0.23999977111816406
    </nax:AscentInMeters>
    </nax:Nax>
    </TPX>
    </Extensions>
    </Trackpoint>
<Trackpoint>
      <Time>
      2023-08-20T09:19:50.000Z
    </Time><Position>
      <LatitudeDegrees>
      15.003384237113073
    </LatitudeDegrees><LongitudeDegrees>
      120.6442994541209
    </LongitudeDegrees>
    </Position><AltitudeMeters>
      11.210099383258694
    </AltitudeMeters><SensorState>
      Present
    </SensorState>
    </Trackpoint>
<Trackpoint>
      <Time>
      2023-08-20T09:19:50.372Z
    </Time><SensorState>
      Present
    </SensorState><Extensions>
      <TPX xmlns="http://www.garmin.com/xmlschemas/ActivityExtension/v2">
      <ns3:Speed>
      3.469542553277081
    </ns3:Speed><nax:Nax>
      <nax:Pace>
      4.803707235388863
    </nax:Pace>
    </nax:Nax>
    </TPX>
    </Extensions>
    </Trackpoint>
<Trackpoint>
      <Time>
      2023-08-20T09:19:50.373Z
    </Time><DistanceMeters>
      8.28587580472231
    </DistanceMeters><Cadence>
      166.79935455322266
    </Cadence><SensorState>
      Present
    </SensorState>
    </Trackpoint>
<Trackpoint>
      <Time>
      2023-08-20T09:19:50.429Z
    </Time><SensorState>
      Present
    </SensorState><Extensions>
      <TPX xmlns="http://www.garmin.com/xmlschemas/ActivityExtension/v2">
      <nax:Nax>
      <nax:AscentInMeters>
      0.010000228881835938
    </nax:AscentInMeters>
    </nax:Nax>
    </TPX>
    </Extensions>
    </Trackpoint>
<Trackpoint>
      <Time>
      2023-08-20T09:19:51.497Z
    </Time><HeartRateBpm>
      <Value>
      178
    </Value>
    </HeartRateBpm><SensorState>
      Present
    </SensorState>
    </Trackpoint>
<Trackpoint>
      <Time>
      2023-08-20T09:19:52.928Z
    </Time><SensorState>
      Present
    </SensorState><Extensions>
      <TPX xmlns="http://www.garmin.com/xmlschemas/ActivityExtension/v2">
      <ns3:Speed>
      3.46821999374248
    </ns3:Speed><nax:Nax>
      <nax:Pace>
      4.8055390652085
    </nax:Pace>
    </nax:Nax>
    </TPX>
    </Extensions>
    </Trackpoint>
<Trackpoint>
      <Time>
      2023-08-20T09:19:52.929Z
    </Time><DistanceMeters>
      10.789273311384022
    </DistanceMeters><Cadence>
      166.86511516571045
    </Cadence><SensorState>
      Present
    </SensorState>
    </Trackpoint>
<Trackpoint>
      <Time>
      2023-08-20T09:19:52.985Z
    </Time><SensorState>
      Present
    </SensorState><Extensions>
      <TPX xmlns="http://www.garmin.com/xmlschemas/ActivityExtension/v2">
      <nax:Nax>
      <nax:AscentInMeters>
      0.009999752044677734
    </nax:AscentInMeters>
    </nax:Nax>
    </TPX>
    </Extensions>
    </Trackpoint>
<Trackpoint>
      <Time>
      2023-08-20T09:19:53.000Z
    </Time><Position>
      <LatitudeDegrees>
      15.00333152835336
    </LatitudeDegrees><LongitudeDegrees>
      120.64437511650314
    </LongitudeDegrees>
    </Position><AltitudeMeters>
      11.399111742720592
    </AltitudeMeters><SensorState>
      Present
    </SensorState><Extensions>
      <TPX xmlns="http://www.garmin.com/xmlschemas/ActivityExtension/v2">
      <nax:Nax>
      <nax:NikeFuel>
      9.10639814435837
    </nax:NikeFuel>
    </nax:Nax>
    </TPX>
    </Extensions>
    </Trackpoint>
<Trackpoint>
      <Time>
      2023-08-20T09:19:55.484Z
    </Time><SensorState>
      Present
    </SensorState><Extensions>
      <TPX xmlns="http://www.garmin.com/xmlschemas/ActivityExtension/v2">
      <ns3:Speed>
      3.5359510531010323
    </ns3:Speed><nax:Nax>
      <nax:Pace>
      4.713489077302126
    </nax:Pace>
    </nax:Nax>
    </TPX>
    </Extensions>
    </Trackpoint>
<Trackpoint>
      <Time>
      2023-08-20T09:19:55.485Z
    </Time><DistanceMeters>
      9.892842130735517
    </DistanceMeters><Cadence>
      166.9299602508545
    </Cadence><SensorState>
      Present
    </SensorState>
    </Trackpoint>
<Trackpoint>
      <Time>
      2023-08-20T09:19:56.000Z
    </Time><Position>
      <LatitudeDegrees>
      15.003292356196164
    </LatitudeDegrees><LongitudeDegrees>
      120.6444757082083
    </LongitudeDegrees>
    </Position><AltitudeMeters>
      11.81115560744891
    </AltitudeMeters><SensorState>
      Present
    </SensorState>
    </Trackpoint>
<Trackpoint>
      <Time>
      2023-08-20T09:19:57.497Z
    </Time><HeartRateBpm>
      <Value>
      179
    </Value>
    </HeartRateBpm><SensorState>
      Present
    </SensorState>
    </Trackpoint>
<Trackpoint>
      <Time>
      2023-08-20T09:19:58.040Z
    </Time><SensorState>
      Present
    </SensorState><Extensions>
      <TPX xmlns="http://www.garmin.com/xmlschemas/ActivityExtension/v2">
      <ns3:Speed>
      3.565436372161793
    </ns3:Speed><nax:Nax>
      <nax:Pace>
      4.67450963276098
    </nax:Pace>
    </nax:Nax>
    </TPX>
    </Extensions>
    </Trackpoint>
<Trackpoint>
      <Time>
      2023-08-20T09:19:58.041Z
    </Time><DistanceMeters>
      8.640315379016101
    </DistanceMeters><Cadence>
      167.25488662719727
    </Cadence><SensorState>
      Present
    </SensorState>
    </Trackpoint>
<Trackpoint>
      <Time>
      2023-08-20T09:19:59.000Z
    </Time><Position>
      <LatitudeDegrees>
      15.003259225926447
    </LatitudeDegrees><LongitudeDegrees>
      120.64457742698356
    </LongitudeDegrees>
    </Position><AltitudeMeters>
      11.723781082588872
    </AltitudeMeters><SensorState>
      Present
    </SensorState>
    </Trackpoint>
<Trackpoint>
      <Time>
      2023-08-20T09:20:00.596Z
    </Time><SensorState>
      Present
    </SensorState><Extensions>
      <TPX xmlns="http://www.garmin.com/xmlschemas/ActivityExtension/v2">
      <ns3:Speed>
      3.545342715746261
    </ns3:Speed><nax:Nax>
      <nax:Pace>
      4.701002978539549
    </nax:Pace>
    </nax:Nax>
    </TPX>
    </Extensions>
    </Trackpoint>
<Trackpoint>
      <Time>
      2023-08-20T09:20:00.597Z
    </Time><DistanceMeters>
      7.549263721331954
    </DistanceMeters><Cadence>
      167.32006072998047
    </Cadence><SensorState>
      Present
    </SensorState>
    </Trackpoint>
<Trackpoint>
      <Time>
      2023-08-20T09:20:02.497Z
    </Time><HeartRateBpm>
      <Value>
      179
    </Value>
    </HeartRateBpm><SensorState>
      Present
    </SensorState>
    </Trackpoint>
<Trackpoint>
      <Time>
      2023-08-20T09:20:03.000Z
    </Time><Position>
      <LatitudeDegrees>
      15.003217450765332
    </LatitudeDegrees><LongitudeDegrees>
      120.64468768994166
    </LongitudeDegrees>
    </Position><AltitudeMeters>
      11.893681542346677
    </AltitudeMeters><SensorState>
      Present
    </SensorState><Extensions>
      <TPX xmlns="http://www.garmin.com/xmlschemas/ActivityExtension/v2">
      <nax:Nax>
      <nax:NikeFuel>
      8.95247698312473
    </nax:NikeFuel>
    </nax:Nax>
    </TPX>
    </Extensions>
    </Trackpoint>
<Trackpoint>
      <Time>
      2023-08-20T09:20:03.152Z
    </Time><SensorState>
      Present
    </SensorState><Extensions>
      <TPX xmlns="http://www.garmin.com/xmlschemas/ActivityExtension/v2">
      <ns3:Speed>
      3.5197014516209175
    </ns3:Speed><nax:Nax>
      <nax:Pace>
      4.7352501045198645
    </nax:Pace>
    </nax:Nax>
    </TPX>
    </Extensions>
    </Trackpoint>
<Trackpoint>
      <Time>
      2023-08-20T09:20:03.153Z
    </Time><DistanceMeters>
      7.909335345029831
    </DistanceMeters><Cadence>
      167.51578330993652
    </Cadence><SensorState>
      Present
    </SensorState>
    </Trackpoint>
<Trackpoint>
      <Time>
      2023-08-20T09:20:03.497Z
    </Time><HeartRateBpm>
      <Value>
      179
    </Value>
    </HeartRateBpm><SensorState>
      Present
    </SensorState>
    </Trackpoint>
<Trackpoint>
      <Time>
      2023-08-20T09:20:05.708Z
    </Time><SensorState>
      Present
    </SensorState><Extensions>
      <TPX xmlns="http://www.garmin.com/xmlschemas/ActivityExtension/v2">
      <ns3:Speed>
      3.5081400501192954
    </ns3:Speed><nax:Nax>
      <nax:Pace>
      4.750855561225359
    </nax:Pace>
    </nax:Nax>
    </TPX>
    </Extensions>
    </Trackpoint>
<Trackpoint>
      <Time>
      2023-08-20T09:20:05.709Z
    </Time><DistanceMeters>
      8.127891653217375
    </DistanceMeters><Cadence>
      167.51578330993652
    </Cadence><SensorState>
      Present
    </SensorState>
    </Trackpoint>
<Trackpoint>
      <Time>
      2023-08-20T09:20:07.000Z
    </Time><Position>
      <LatitudeDegrees>
      15.003159801489199
    </LatitudeDegrees><LongitudeDegrees>
      120.64479498911504
    </LongitudeDegrees>
    </Position><AltitudeMeters>
      11.931679310661167
    </AltitudeMeters><SensorState>
      Present
    </SensorState>
    </Trackpoint>
<Trackpoint>
      <Time>
      2023-08-20T09:20:08.264Z
    </Time><DistanceMeters>
      8.98633155040443
    </DistanceMeters><SensorState>
      Present
    </SensorState><Extensions>
      <TPX xmlns="http://www.garmin.com/xmlschemas/ActivityExtension/v2">
      <ns3:Speed>
      3.4555517741864623
    </ns3:Speed><nax:Nax>
      <nax:Pace>
      4.823156403318682
    </nax:Pace>
    </nax:Nax>
    </TPX>
    </Extensions>
    </Trackpoint>
<Trackpoint>
      <Time>
      2023-08-20T09:20:08.265Z
    </Time><Cadence>
      167.64653205871582
    </Cadence><SensorState>
      Present
    </SensorState>
    </Trackpoint>
<Trackpoint>
      <Time>
      2023-08-20T09:20:09.497Z
    </Time><HeartRateBpm>
      <Value>
      178
    </Value>
    </HeartRateBpm><SensorState>
      Present
    </SensorState>
    </Trackpoint>
<Trackpoint>
      <Time>
      2023-08-20T09:20:10.820Z
    </Time><SensorState>
      Present
    </SensorState><Extensions>
      <TPX xmlns="http://www.garmin.com/xmlschemas/ActivityExtension/v2">
      <ns3:Speed>
      3.4591911599545098
    </ns3:Speed><nax:Nax>
      <nax:Pace>
      4.8180820012519465
    </nax:Pace>
    </nax:Nax>
    </TPX>
    </Extensions>
    </Trackpoint>
<Trackpoint>
      <Time>
      2023-08-20T09:20:10.821Z
    </Time><DistanceMeters>
      1.2010144852101803
    </DistanceMeters><SensorState>
      Present
    </SensorState>
    </Trackpoint>
<Trackpoint>
      <Time>
      2023-08-20T09:20:10.876Z
    </Time><SensorState>
      Present
    </SensorState><Extensions>
      <TPX xmlns="http://www.garmin.com/xmlschemas/ActivityExtension/v2">
      <nax:Nax>
      <nax:AscentInMeters>
      0.11999988555908203
    </nax:AscentInMeters>
    </nax:Nax>
    </TPX>
    </Extensions>
    </Trackpoint>
<Trackpoint>
      <Time>
      2023-08-20T09:20:11.000Z
    </Time><Position>
      <LatitudeDegrees>
      15.003093946749575
    </LatitudeDegrees><LongitudeDegrees>
      120.64489632959743
    </LongitudeDegrees>
    </Position><AltitudeMeters>
      11.81759824626895
    </AltitudeMeters><SensorState>
      Present
    </SensorState>
    </Trackpoint>
<Trackpoint>
      <Time>
      2023-08-20T09:20:13.000Z
    </Time><SensorState>
      Present
    </SensorState><Extensions>
      <TPX xmlns="http://www.garmin.com/xmlschemas/ActivityExtension/v2">
      <nax:Nax>
      <nax:NikeFuel>
      3.0490237751225875
    </nax:NikeFuel>
    </nax:Nax>
    </TPX>
    </Extensions>
    </Trackpoint>
<Trackpoint>
      <Time>
      2023-08-20T09:20:13.376Z
    </Time><SensorState>
      Present
    </SensorState>
    </Trackpoint>
<Trackpoint>
      <Time>
      2023-08-20T09:20:13.435Z
    </Time><SensorState>
      Present
    </SensorState><Extensions>
      <TPX xmlns="http://www.garmin.com/xmlschemas/ActivityExtension/v2">
      <nax:Nax>
      <nax:AscentInMeters>
      0.05000019073486328
    </nax:AscentInMeters>
    </nax:Nax>
    </TPX>
    </Extensions>
    </Trackpoint>
<Trackpoint>
      <Time>
      2023-08-20T09:20:13.497Z
    </Time><HeartRateBpm>
      <Value>
      178
    </Value>
    </HeartRateBpm><SensorState>
      Present
    </SensorState>
    </Trackpoint>
<Trackpoint>
      <Time>
      2023-08-20T09:20:15.000Z
    </Time><Position>
      <LatitudeDegrees>
      15.003054484466015
    </LatitudeDegrees><LongitudeDegrees>
      120.64498893371362
    </LongitudeDegrees>
    </Position><AltitudeMeters>
      11.830456225158784
    </AltitudeMeters><SensorState>
      Present
    </SensorState>
    </Trackpoint>
<Trackpoint>
      <Time>
      2023-08-20T09:20:15.933Z
    </Time><SensorState>
      Present
    </SensorState>
    </Trackpoint>
<Trackpoint>
      <Time>
      2023-08-20T09:20:15.988Z
    </Time><SensorState>
      Present
    </SensorState><Extensions>
      <TPX xmlns="http://www.garmin.com/xmlschemas/ActivityExtension/v2">
      <nax:Nax>
      <nax:AscentInMeters>
      0.23000001907348633
    </nax:AscentInMeters>
    </nax:Nax>
    </TPX>
    </Extensions>
    </Trackpoint>
<Trackpoint>
      <Time>
      2023-08-20T09:20:18.488Z
    </Time><SensorState>
      Present
    </SensorState>
    </Trackpoint>
<Trackpoint>
      <Time>
      2023-08-20T09:20:18.544Z
    </Time><SensorState>
      Present
    </SensorState><Extensions>
      <TPX xmlns="http://www.garmin.com/xmlschemas/ActivityExtension/v2">
      <nax:Nax>
      <nax:AscentInMeters>
      0.309999942779541
    </nax:AscentInMeters>
    </nax:Nax>
    </TPX>
    </Extensions>
    </Trackpoint>
<Trackpoint>
      <Time>
      2023-08-20T09:20:21.054Z
    </Time><SensorState>
      Present
    </SensorState>
    </Trackpoint>
<Trackpoint>
      <Time>
      2023-08-20T09:20:21.111Z
    </Time><SensorState>
      Present
    </SensorState><Extensions>
      <TPX xmlns="http://www.garmin.com/xmlschemas/ActivityExtension/v2">
      <nax:Nax>
      <nax:AscentInMeters>
      0.06999969482421875
    </nax:AscentInMeters>
    </nax:Nax>
    </TPX>
    </Extensions>
    </Trackpoint>
<Trackpoint>
      <Time>
      2023-08-20T09:20:22.497Z
    </Time><HeartRateBpm>
      <Value>
      179
    </Value>
    </HeartRateBpm><SensorState>
      Present
    </SensorState>
    </Trackpoint>
<Trackpoint>
      <Time>
      2023-08-20T09:20:23.000Z
    </Time><SensorState>
      Present
    </SensorState><Extensions>
      <TPX xmlns="http://www.garmin.com/xmlschemas/ActivityExtension/v2">
      <nax:Nax>
      <nax:NikeFuel>
      0.7717113856697124
    </nax:NikeFuel>
    </nax:Nax>
    </TPX>
    </Extensions>
    </Trackpoint>
<Trackpoint>
      <Time>
      2023-08-20T09:20:23.619Z
    </Time><SensorState>
      Present
    </SensorState>
    </Trackpoint>
<Trackpoint>
      <Time>
      2023-08-20T09:20:24.497Z
    </Time><HeartRateBpm>
      <Value>
      178
    </Value>
    </HeartRateBpm><SensorState>
      Present
    </SensorState>
    </Trackpoint>
<Trackpoint>
      <Time>
      2023-08-20T09:20:26.184Z
    </Time><SensorState>
      Present
    </SensorState>
    </Trackpoint>
<Trackpoint>
      <Time>
      2023-08-20T09:20:28.749Z
    </Time><SensorState>
      Present
    </SensorState>
    </Trackpoint>
<Trackpoint>
      <Time>
      2023-08-20T09:20:29.497Z
    </Time><HeartRateBpm>
      <Value>
      175
    </Value>
    </HeartRateBpm><SensorState>
      Present
    </SensorState>
    </Trackpoint>
<Trackpoint>
      <Time>
      2023-08-20T09:20:31.314Z
    </Time><SensorState>
      Present
    </SensorState>
    </Trackpoint>
<Trackpoint>
      <Time>
      2023-08-20T09:20:31.370Z
    </Time><SensorState>
      Present
    </SensorState><Extensions>
      <TPX xmlns="http://www.garmin.com/xmlschemas/ActivityExtension/v2">
      <nax:Nax>
      <nax:DescentInMeters>
      0.039999961853027344
    </nax:DescentInMeters>
    </nax:Nax>
    </TPX>
    </Extensions>
    </Trackpoint>
<Trackpoint>
      <Time>
      2023-08-20T09:20:33.000Z
    </Time><SensorState>
      Present
    </SensorState><Extensions>
      <TPX xmlns="http://www.garmin.com/xmlschemas/ActivityExtension/v2">
      <nax:Nax>
      <nax:NikeFuel>
      1.4234372755748872
    </nax:NikeFuel>
    </nax:Nax>
    </TPX>
    </Extensions>
    </Trackpoint>
<Trackpoint>
      <Time>
      2023-08-20T09:20:33.879Z
    </Time><SensorState>
      Present
    </SensorState>
    </Trackpoint>
<Trackpoint>
      <Time>
      2023-08-20T09:20:33.935Z
    </Time><SensorState>
      Present
    </SensorState><Extensions>
      <TPX xmlns="http://www.garmin.com/xmlschemas/ActivityExtension/v2">
      <nax:Nax>
      <nax:DescentInMeters>
      0.21000003814697266
    </nax:DescentInMeters>
    </nax:Nax>
    </TPX>
    </Extensions>
    </Trackpoint>
<Trackpoint>
      <Time>
      2023-08-20T09:20:35.497Z
    </Time><HeartRateBpm>
      <Value>
      171
    </Value>
    </HeartRateBpm><SensorState>
      Present
    </SensorState>
    </Trackpoint>
<Trackpoint>
      <Time>
      2023-08-20T09:20:36.444Z
    </Time><SensorState>
      Present
    </SensorState>
    </Trackpoint>
<Trackpoint>
      <Time>
      2023-08-20T09:20:39.008Z
    </Time><SensorState>
      Present
    </SensorState>
    </Trackpoint>
<Trackpoint>
      <Time>
      2023-08-20T09:20:40.297Z
    </Time><Cadence>
      78.45065116882324
    </Cadence><SensorState>
      Present
    </SensorState>
    </Trackpoint>
<Trackpoint>
      <Time>
      2023-08-20T09:20:41.497Z
    </Time><HeartRateBpm>
      <Value>
      169
    </Value>
    </HeartRateBpm><SensorState>
      Present
    </SensorState>
    </Trackpoint>
<Trackpoint>
      <Time>
      2023-08-20T09:20:41.573Z
    </Time><SensorState>
      Present
    </SensorState><Extensions>
      <TPX xmlns="http://www.garmin.com/xmlschemas/ActivityExtension/v2">
      <ns3:Speed>
      0.5271091593147844
    </ns3:Speed><nax:Nax>
      <nax:Pace>
      31.61900409458356
    </nax:Pace>
    </nax:Nax>
    </TPX>
    </Extensions>
    </Trackpoint>
<Trackpoint>
      <Time>
      2023-08-20T09:20:41.574Z
    </Time><DistanceMeters>
      6.04537492711097
    </DistanceMeters><Cadence>
      78.45065116882324
    </Cadence><SensorState>
      Present
    </SensorState>
    </Trackpoint>
<Trackpoint>
      <Time>
      2023-08-20T09:20:43.000Z
    </Time><SensorState>
      Present
    </SensorState><Extensions>
      <TPX xmlns="http://www.garmin.com/xmlschemas/ActivityExtension/v2">
      <nax:Nax>
      <nax:NikeFuel>
      5.9742643439251815
    </nax:NikeFuel>
    </nax:Nax>
    </TPX>
    </Extensions>
    </Trackpoint>
<Trackpoint>
      <Time>
      2023-08-20T09:20:44.138Z
    </Time><SensorState>
      Present
    </SensorState><Extensions>
      <TPX xmlns="http://www.garmin.com/xmlschemas/ActivityExtension/v2">
      <ns3:Speed>
      0.8047931618577442
    </ns3:Speed><nax:Nax>
      <nax:Pace>
      20.709254820448734
    </nax:Pace>
    </nax:Nax>
    </TPX>
    </Extensions>
    </Trackpoint>
<Trackpoint>
      <Time>
      2023-08-20T09:20:44.139Z
    </Time><DistanceMeters>
      8.714809567667544
    </DistanceMeters><Cadence>
      159.9926233291626
    </Cadence><SensorState>
      Present
    </SensorState>
    </Trackpoint>
<Trackpoint>
      <Time>
      2023-08-20T09:20:44.198Z
    </Time><SensorState>
      Present
    </SensorState><Extensions>
      <TPX xmlns="http://www.garmin.com/xmlschemas/ActivityExtension/v2">
      <nax:Nax>
      <nax:AscentInMeters>
      0.029999732971191406
    </nax:AscentInMeters>
    </nax:Nax>
    </TPX>
    </Extensions>
    </Trackpoint>
<Trackpoint>
      <Time>
      2023-08-20T09:20:46.703Z
    </Time><SensorState>
      Present
    </SensorState><Extensions>
      <TPX xmlns="http://www.garmin.com/xmlschemas/ActivityExtension/v2">
      <ns3:Speed>
      1.4131159184815183
    </ns3:Speed><nax:Nax>
      <nax:Pace>
      11.794267157202535
    </nax:Pace>
    </nax:Nax>
    </TPX>
    </Extensions>
    </Trackpoint>
<Trackpoint>
      <Time>
      2023-08-20T09:20:46.704Z
    </Time><DistanceMeters>
      8.36621718481183
    </DistanceMeters><Cadence>
      163.9383602142334
    </Cadence><SensorState>
      Present
    </SensorState>
    </Trackpoint>
<Trackpoint>
      <Time>
      2023-08-20T09:20:47.497Z
    </Time><HeartRateBpm>
      <Value>
      167
    </Value>
    </HeartRateBpm><SensorState>
      Present
    </SensorState>
    </Trackpoint>
<Trackpoint>
      <Time>
      2023-08-20T09:20:48.497Z
    </Time><HeartRateBpm>
      <Value>
      167
    </Value>
    </HeartRateBpm><SensorState>
      Present
    </SensorState>
    </Trackpoint>
<Trackpoint>
      <Time>
      2023-08-20T09:20:49.261Z
    </Time><SensorState>
      Present
    </SensorState><Extensions>
      <TPX xmlns="http://www.garmin.com/xmlschemas/ActivityExtension/v2">
      <ns3:Speed>
      2.9085465711973466
    </ns3:Speed><nax:Nax>
      <nax:Pace>
      5.730238886910992
    </nax:Pace>
    </nax:Nax>
    </TPX>
    </Extensions>
    </Trackpoint>
<Trackpoint>
      <Time>
      2023-08-20T09:20:49.262Z
    </Time><DistanceMeters>
      9.641069327481091
    </DistanceMeters><Cadence>
      165.42665004730225
    </Cadence><SensorState>
      Present
    </SensorState>
    </Trackpoint>
<Trackpoint>
      <Time>
      2023-08-20T09:20:50.000Z
    </Time><Position>
      <LatitudeDegrees>
      15.003086134500345
    </LatitudeDegrees><LongitudeDegrees>
      120.6449009382004
    </LongitudeDegrees>
    </Position><AltitudeMeters>
      12.078058615312948
    </AltitudeMeters><SensorState>
      Present
    </SensorState>
    </Trackpoint>
<Trackpoint>
      <Time>
      2023-08-20T09:20:51.817Z
    </Time><DistanceMeters>
      12.986434335820377
    </DistanceMeters><SensorState>
      Present
    </SensorState><Extensions>
      <TPX xmlns="http://www.garmin.com/xmlschemas/ActivityExtension/v2">
      <ns3:Speed>
      3.9197660400789758
    </ns3:Speed><nax:Nax>
      <nax:Pace>
      4.251954452447592
    </nax:Pace>
    </nax:Nax>
    </TPX>
    </Extensions>
    </Trackpoint>
<Trackpoint>
      <Time>
      2023-08-20T09:20:51.818Z
    </Time><Cadence>
      166.42014026641846
    </Cadence><SensorState>
      Present
    </SensorState>
    </Trackpoint>
<Trackpoint>
      <Time>
      2023-08-20T09:20:52.000Z
    </Time><Position>
      <LatitudeDegrees>
      15.003116980351544
    </LatitudeDegrees><LongitudeDegrees>
      120.6448094211035
    </LongitudeDegrees>
    </Position><AltitudeMeters>
      12.33425321661747
    </AltitudeMeters><SensorState>
      Present
    </SensorState>
    </Trackpoint>
<Trackpoint>
      <Time>
      2023-08-20T09:20:53.000Z
    </Time><SensorState>
      Present
    </SensorState><Extensions>
      <TPX xmlns="http://www.garmin.com/xmlschemas/ActivityExtension/v2">
      <nax:Nax>
      <nax:NikeFuel>
      11.639919516080804
    </nax:NikeFuel>
    </nax:Nax>
    </TPX>
    </Extensions>
    </Trackpoint>
<Trackpoint>
      <Time>
      2023-08-20T09:20:54.000Z
    </Time><Position>
      <LatitudeDegrees>
      15.003145813900028
    </LatitudeDegrees><LongitudeDegrees>
      120.64471434061426
    </LongitudeDegrees>
    </Position><AltitudeMeters>
      12.47743742137849
    </AltitudeMeters><SensorState>
      Present
    </SensorState>
    </Trackpoint>
<Trackpoint>
      <Time>
      2023-08-20T09:20:54.373Z
    </Time><SensorState>
      Present
    </SensorState><Extensions>
      <TPX xmlns="http://www.garmin.com/xmlschemas/ActivityExtension/v2">
      <ns3:Speed>
      4.086492873225719
    </ns3:Speed><nax:Nax>
      <nax:Pace>
      4.078476870928848
    </nax:Pace>
    </nax:Nax>
    </TPX>
    </Extensions>
    </Trackpoint>
<Trackpoint>
      <Time>
      2023-08-20T09:20:54.374Z
    </Time><DistanceMeters>
      12.118356194347143
    </DistanceMeters><Cadence>
      166.77565097808838
    </Cadence><SensorState>
      Present
    </SensorState>
    </Trackpoint>
<Trackpoint>
      <Time>
      2023-08-20T09:20:54.429Z
    </Time><SensorState>
      Present
    </SensorState><Extensions>
      <TPX xmlns="http://www.garmin.com/xmlschemas/ActivityExtension/v2">
      <nax:Nax>
      <nax:DescentInMeters>
      0.22999954223632812
    </nax:DescentInMeters>
    </nax:Nax>
    </TPX>
    </Extensions>
    </Trackpoint>
<Trackpoint>
      <Time>
      2023-08-20T09:20:55.497Z
    </Time><HeartRateBpm>
      <Value>
      167
    </Value>
    </HeartRateBpm><SensorState>
      Present
    </SensorState>
    </Trackpoint>
<Trackpoint>
      <Time>
      2023-08-20T09:20:56.929Z
    </Time><DistanceMeters>
      10.494403779506683
    </DistanceMeters><SensorState>
      Present
    </SensorState><Extensions>
      <TPX xmlns="http://www.garmin.com/xmlschemas/ActivityExtension/v2">
      <ns3:Speed>
      4.795953981833748
    </ns3:Speed><nax:Nax>
      <nax:Pace>
      3.475151498491675
    </nax:Pace>
    </nax:Nax>
    </TPX>
    </Extensions>
    </Trackpoint>
<Trackpoint>
      <Time>
      2023-08-20T09:20:56.930Z
    </Time><Cadence>
      167.44919300079346
    </Cadence><SensorState>
      Present
    </SensorState>
    </Trackpoint>
<Trackpoint>
      <Time>
      2023-08-20T09:20:56.986Z
    </Time><SensorState>
      Present
    </SensorState><Extensions>
      <TPX xmlns="http://www.garmin.com/xmlschemas/ActivityExtension/v2">
      <nax:Nax>
      <nax:DescentInMeters>
      0.43000030517578125
    </nax:DescentInMeters>
    </nax:Nax>
    </TPX>
    </Extensions>
    </Trackpoint>
<Trackpoint>
      <Time>
      2023-08-20T09:20:57.000Z
    </Time><Position>
      <LatitudeDegrees>
      15.003191899319123
    </LatitudeDegrees><LongitudeDegrees>
      120.64458843048799
    </LongitudeDegrees>
    </Position><AltitudeMeters>
      11.901898882062191
    </AltitudeMeters><SensorState>
      Present
    </SensorState>
    </Trackpoint>
<Trackpoint>
      <Time>
      2023-08-20T09:20:59.485Z
    </Time><SensorState>
      Present
    </SensorState><Extensions>
      <TPX xmlns="http://www.garmin.com/xmlschemas/ActivityExtension/v2">
      <ns3:Speed>
      4.763300681331706
    </ns3:Speed><nax:Nax>
      <nax:Pace>
      3.498974299898083
    </nax:Pace>
    </nax:Nax>
    </TPX>
    </Extensions>
    </Trackpoint>
<Trackpoint>
      <Time>
      2023-08-20T09:20:59.486Z
    </Time><DistanceMeters>
      10.144737917929888
    </DistanceMeters><Cadence>
      167.56293296813965
    </Cadence><SensorState>
      Present
    </SensorState>
    </Trackpoint>
<Trackpoint>
      <Time>
      2023-08-20T09:20:59.497Z
    </Time><HeartRateBpm>
      <Value>
      168
    </Value>
    </HeartRateBpm><SensorState>
      Present
    </SensorState>
    </Trackpoint>
<Trackpoint>
      <Time>
      2023-08-20T09:20:59.541Z
    </Time><SensorState>
      Present
    </SensorState><Extensions>
      <TPX xmlns="http://www.garmin.com/xmlschemas/ActivityExtension/v2">
      <nax:Nax>
      <nax:DescentInMeters>
      0.25999975204467773
    </nax:DescentInMeters>
    </nax:Nax>
    </TPX>
    </Extensions>
    </Trackpoint>
<Trackpoint>
      <Time>
      2023-08-20T09:21:00.000Z
    </Time><Position>
      <LatitudeDegrees>
      15.003229726630682
    </LatitudeDegrees><LongitudeDegrees>
      120.64447818430688
    </LongitudeDegrees>
    </Position><AltitudeMeters>
      12.070267518426377
    </AltitudeMeters><SensorState>
      Present
    </SensorState>
    </Trackpoint>
<Trackpoint>
      <Time>
      2023-08-20T09:21:02.040Z
    </Time><SensorState>
      Present
    </SensorState><Extensions>
      <TPX xmlns="http://www.garmin.com/xmlschemas/ActivityExtension/v2">
      <ns3:Speed>
      4.715155901472871
    </ns3:Speed><nax:Nax>
      <nax:Pace>
      3.5347010819855407
    </nax:Pace>
    </nax:Nax>
    </TPX>
    </Extensions>
    </Trackpoint>
<Trackpoint>
      <Time>
      2023-08-20T09:21:02.041Z
    </Time><DistanceMeters>
      9.677355399355292
    </DistanceMeters><Cadence>
      167.56293296813965
    </Cadence><SensorState>
      Present
    </SensorState>
    </Trackpoint>
<Trackpoint>
      <Time>
      2023-08-20T09:21:02.097Z
    </Time><SensorState>
      Present
    </SensorState><Extensions>
      <TPX xmlns="http://www.garmin.com/xmlschemas/ActivityExtension/v2">
      <nax:Nax>
      <nax:DescentInMeters>
      0.15000009536743164
    </nax:DescentInMeters>
    </nax:Nax>
    </TPX>
    </Extensions>
    </Trackpoint>
<Trackpoint>
      <Time>
      2023-08-20T09:21:03.000Z
    </Time><Position>
      <LatitudeDegrees>
      15.003295157044063
    </LatitudeDegrees><LongitudeDegrees>
      120.64438558039691
    </LongitudeDegrees>
    </Position><AltitudeMeters>
      11.94506530309014
    </AltitudeMeters><SensorState>
      Present
    </SensorState><Extensions>
      <TPX xmlns="http://www.garmin.com/xmlschemas/ActivityExtension/v2">
      <nax:Nax>
      <nax:NikeFuel>
      9.94495751902074
    </nax:NikeFuel>
    </nax:Nax>
    </TPX>
    </Extensions>
    </Trackpoint>
<Trackpoint>
      <Time>
      2023-08-20T09:21:03.497Z
    </Time><HeartRateBpm>
      <Value>
      168
    </Value>
    </HeartRateBpm><SensorState>
      Present
    </SensorState>
    </Trackpoint>
<Trackpoint>
      <Time>
      2023-08-20T09:21:04.596Z
    </Time><SensorState>
      Present
    </SensorState><Extensions>
      <TPX xmlns="http://www.garmin.com/xmlschemas/ActivityExtension/v2">
      <ns3:Speed>
      4.041696227260929
    </ns3:Speed><nax:Nax>
      <nax:Pace>
      4.1236811797609345
    </nax:Pace>
    </nax:Nax>
    </TPX>
    </Extensions>
    </Trackpoint>
<Trackpoint>
      <Time>
      2023-08-20T09:21:04.597Z
    </Time><DistanceMeters>
      7.0770571026951075
    </DistanceMeters><Cadence>
      167.15799808502197
    </Cadence><SensorState>
      Present
    </SensorState>
    </Trackpoint>
<Trackpoint>
      <Time>
      2023-08-20T09:21:04.653Z
    </Time><SensorState>
      Present
    </SensorState><Extensions>
      <TPX xmlns="http://www.garmin.com/xmlschemas/ActivityExtension/v2">
      <nax:Nax>
      <nax:DescentInMeters>
      0.1700000762939453
    </nax:DescentInMeters>
    </nax:Nax>
    </TPX>
    </Extensions>
    </Trackpoint>
<Trackpoint>
      <Time>
      2023-08-20T09:21:07.000Z
    </Time><Position>
      <LatitudeDegrees>
      15.003364338287506
    </LatitudeDegrees><LongitudeDegrees>
      120.64430008696945
    </LongitudeDegrees>
    </Position><AltitudeMeters>
      11.5769912509503
    </AltitudeMeters><SensorState>
      Present
    </SensorState>
    </Trackpoint>
<Trackpoint>
      <Time>
      2023-08-20T09:21:07.152Z
    </Time><SensorState>
      Present
    </SensorState><Extensions>
      <TPX xmlns="http://www.garmin.com/xmlschemas/ActivityExtension/v2">
      <ns3:Speed>
      3.812616576087511
    </ns3:Speed><nax:Nax>
      <nax:Pace>
      4.371451032133401
    </nax:Pace>
    </nax:Nax>
    </TPX>
    </Extensions>
    </Trackpoint>
<Trackpoint>
      <Time>
      2023-08-20T09:21:07.153Z
    </Time><DistanceMeters>
      9.202681289054453
    </DistanceMeters><Cadence>
      167.56010055541992
    </Cadence><SensorState>
      Present
    </SensorState>
    </Trackpoint>
<Trackpoint>
      <Time>
      2023-08-20T09:21:07.209Z
    </Time><SensorState>
      Present
    </SensorState><Extensions>
      <TPX xmlns="http://www.garmin.com/xmlschemas/ActivityExtension/v2">
      <nax:Nax>
      <nax:DescentInMeters>
      0.039999961853027344
    </nax:DescentInMeters>
    </nax:Nax>
    </TPX>
    </Extensions>
    </Trackpoint>
<Trackpoint>
      <Time>
      2023-08-20T09:21:09.708Z
    </Time><SensorState>
      Present
    </SensorState><Extensions>
      <TPX xmlns="http://www.garmin.com/xmlschemas/ActivityExtension/v2">
      <ns3:Speed>
      3.858628050262158
    </ns3:Speed><nax:Nax>
      <nax:Pace>
      4.319324498129411
    </nax:Pace>
    </nax:Nax>
    </TPX>
    </Extensions>
    </Trackpoint>
<Trackpoint>
      <Time>
      2023-08-20T09:21:09.709Z
    </Time><DistanceMeters>
      9.374799219891429
    </DistanceMeters><Cadence>
      167.23966598510742
    </Cadence><SensorState>
      Present
    </SensorState>
    </Trackpoint>
<Trackpoint>
      <Time>
      2023-08-20T09:21:11.000Z
    </Time><Position>
      <LatitudeDegrees>
      15.003423068496128
    </LatitudeDegrees><LongitudeDegrees>
      120.64418819190027
    </LongitudeDegrees>
    </Position><AltitudeMeters>
      11.30035723789512
    </AltitudeMeters><SensorState>
      Present
    </SensorState>
    </Trackpoint>
<Trackpoint>
      <Time>
      2023-08-20T09:21:11.497Z
    </Time><HeartRateBpm>
      <Value>
      171
    </Value>
    </HeartRateBpm><SensorState>
      Present
    </SensorState>
    </Trackpoint>
<Trackpoint>
      <Time>
      2023-08-20T09:21:12.264Z
    </Time><DistanceMeters>
      9.135442507453263
    </DistanceMeters><SensorState>
      Present
    </SensorState><Extensions>
      <TPX xmlns="http://www.garmin.com/xmlschemas/ActivityExtension/v2">
      <ns3:Speed>
      3.861341956123459
    </ns3:Speed><nax:Nax>
      <nax:Pace>
      4.316288703784975
    </nax:Pace>
    </nax:Nax>
    </TPX>
    </Extensions>
    </Trackpoint>
<Trackpoint>
      <Time>
      2023-08-20T09:21:12.265Z
    </Time><Cadence>
      167.448091506958
    </Cadence><SensorState>
      Present
    </SensorState>
    </Trackpoint>
<Trackpoint>
      <Time>
      2023-08-20T09:21:13.000Z
    </Time><SensorState>
      Present
    </SensorState><Extensions>
      <TPX xmlns="http://www.garmin.com/xmlschemas/ActivityExtension/v2">
      <nax:Nax>
      <nax:NikeFuel>
      9.92962260792905
    </nax:NikeFuel>
    </nax:Nax>
    </TPX>
    </Extensions>
    </Trackpoint>
<Trackpoint>
      <Time>
      2023-08-20T09:21:14.000Z
    </Time><Position>
      <LatitudeDegrees>
      15.00347293420039
    </LatitudeDegrees><LongitudeDegrees>
      120.64409968017988
    </LongitudeDegrees>
    </Position><AltitudeMeters>
      11.054364679476485
    </AltitudeMeters><SensorState>
      Present
    </SensorState>
    </Trackpoint>
<Trackpoint>
      <Time>
      2023-08-20T09:21:14.820Z
    </Time><SensorState>
      Present
    </SensorState><Extensions>
      <TPX xmlns="http://www.garmin.com/xmlschemas/ActivityExtension/v2">
      <ns3:Speed>
      3.9268903907382375
    </ns3:Speed><nax:Nax>
      <nax:Pace>
      4.244240355161379
    </nax:Pace>
    </nax:Nax>
    </TPX>
    </Extensions>
    </Trackpoint>
<Trackpoint>
      <Time>
      2023-08-20T09:21:14.821Z
    </Time><DistanceMeters>
      9.86618475895375
    </DistanceMeters><Cadence>
      167.448091506958
    </Cadence><SensorState>
      Present
    </SensorState>
    </Trackpoint>
<Trackpoint>
      <Time>
      2023-08-20T09:21:17.000Z
    </Time><Position>
      <LatitudeDegrees>
      15.003525093426147
    </LatitudeDegrees><LongitudeDegrees>
      120.64400653756164
    </LongitudeDegrees>
    </Position><AltitudeMeters>
      11.037758190553973
    </AltitudeMeters><SensorState>
      Present
    </SensorState>
    </Trackpoint>
<Trackpoint>
      <Time>
      2023-08-20T09:21:17.376Z
    </Time><DistanceMeters>
      9.553541374392807
    </DistanceMeters><SensorState>
      Present
    </SensorState><Extensions>
      <TPX xmlns="http://www.garmin.com/xmlschemas/ActivityExtension/v2">
      <ns3:Speed>
      3.863413008587992
    </ns3:Speed><nax:Nax>
      <nax:Pace>
      4.313974879107743
    </nax:Pace>
    </nax:Nax>
    </TPX>
    </Extensions>
    </Trackpoint>
<Trackpoint>
      <Time>
      2023-08-20T09:21:17.377Z
    </Time><Cadence>
      167.29745864868164
    </Cadence><SensorState>
      Present
    </SensorState>
    </Trackpoint>
<Trackpoint>
      <Time>
      2023-08-20T09:21:17.433Z
    </Time><SensorState>
      Present
    </SensorState><Extensions>
      <TPX xmlns="http://www.garmin.com/xmlschemas/ActivityExtension/v2">
      <nax:Nax>
      <nax:AscentInMeters>
      0.29000043869018555
    </nax:AscentInMeters>
    </nax:Nax>
    </TPX>
    </Extensions>
    </Trackpoint>
<Trackpoint>
      <Time>
      2023-08-20T09:21:19.932Z
    </Time><SensorState>
      Present
    </SensorState><Extensions>
      <TPX xmlns="http://www.garmin.com/xmlschemas/ActivityExtension/v2">
      <ns3:Speed>
      3.880251251328613
    </ns3:Speed><nax:Nax>
      <nax:Pace>
      4.295254504707636
    </nax:Pace>
    </nax:Nax>
    </TPX>
    </Extensions>
    </Trackpoint>
<Trackpoint>
      <Time>
      2023-08-20T09:21:19.933Z
    </Time><DistanceMeters>
      9.133346655406058
    </DistanceMeters><Cadence>
      167.36995697021484
    </Cadence><SensorState>
      Present
    </SensorState>
    </Trackpoint>
<Trackpoint>
      <Time>
      2023-08-20T09:21:19.988Z
    </Time><SensorState>
      Present
    </SensorState><Extensions>
      <TPX xmlns="http://www.garmin.com/xmlschemas/ActivityExtension/v2">
      <nax:Nax>
      <nax:AscentInMeters>
      0.19999980926513672
    </nax:AscentInMeters>
    </nax:Nax>
    </TPX>
    </Extensions>
    </Trackpoint>
<Trackpoint>
      <Time>
      2023-08-20T09:21:20.000Z
    </Time><Position>
      <LatitudeDegrees>
      15.003584581932904
    </LatitudeDegrees><LongitudeDegrees>
      120.64392124796926
    </LongitudeDegrees>
    </Position><AltitudeMeters>
      11.362774182106598
    </AltitudeMeters><SensorState>
      Present
    </SensorState>
    </Trackpoint>
<Trackpoint>
      <Time>
      2023-08-20T09:21:22.488Z
    </Time><DistanceMeters>
      9.336083409376442
    </DistanceMeters><SensorState>
      Present
    </SensorState><Extensions>
      <TPX xmlns="http://www.garmin.com/xmlschemas/ActivityExtension/v2">
      <ns3:Speed>
      3.8785166324179867
    </ns3:Speed><nax:Nax>
      <nax:Pace>
      4.297175504511412
    </nax:Pace>
    </nax:Nax>
    </TPX>
    </Extensions>
    </Trackpoint>
<Trackpoint>
      <Time>
      2023-08-20T09:21:22.489Z
    </Time><Cadence>
      167.33910083770752
    </Cadence><SensorState>
      Present
    </SensorState>
    </Trackpoint>
<Trackpoint>
      <Time>
      2023-08-20T09:21:22.545Z
    </Time><SensorState>
      Present
    </SensorState><Extensions>
      <TPX xmlns="http://www.garmin.com/xmlschemas/ActivityExtension/v2">
      <nax:Nax>
      <nax:AscentInMeters>
      0.09999990463256836
    </nax:AscentInMeters>
    </nax:Nax>
    </TPX>
    </Extensions>
    </Trackpoint>
<Trackpoint>
      <Time>
      2023-08-20T09:21:23.000Z
    </Time><Position>
      <LatitudeDegrees>
      15.00364981893163
    </LatitudeDegrees><LongitudeDegrees>
      120.64384266376025
    </LongitudeDegrees>
    </Position><AltitudeMeters>
      11.704337698182776
    </AltitudeMeters><SensorState>
      Present
    </SensorState><Extensions>
      <TPX xmlns="http://www.garmin.com/xmlschemas/ActivityExtension/v2">
      <nax:Nax>
      <nax:NikeFuel>
      9.749874353666321
    </nax:NikeFuel>
    </nax:Nax>
    </TPX>
    </Extensions>
    </Trackpoint>
<Trackpoint>
      <Time>
      2023-08-20T09:21:25.044Z
    </Time><SensorState>
      Present
    </SensorState><Extensions>
      <TPX xmlns="http://www.garmin.com/xmlschemas/ActivityExtension/v2">
      <ns3:Speed>
      3.8357666228809824
    </ns3:Speed><nax:Nax>
      <nax:Pace>
      4.3450679630109
    </nax:Pace>
    </nax:Nax>
    </TPX>
    </Extensions>
    </Trackpoint>
<Trackpoint>
      <Time>
      2023-08-20T09:21:25.045Z
    </Time><DistanceMeters>
      10.227666527964175
    </DistanceMeters><Cadence>
      167.22530364990234
    </Cadence><SensorState>
      Present
    </SensorState>
    </Trackpoint>
<Trackpoint>
      <Time>
      2023-08-20T09:21:25.100Z
    </Time><SensorState>
      Present
    </SensorState><Extensions>
      <TPX xmlns="http://www.garmin.com/xmlschemas/ActivityExtension/v2">
      <nax:Nax>
      <nax:AscentInMeters>
      0.13000011444091797
    </nax:AscentInMeters>
    </nax:Nax>
    </TPX>
    </Extensions>
    </Trackpoint>
<Trackpoint>
      <Time>
      2023-08-20T09:21:26.000Z
    </Time><Position>
      <LatitudeDegrees>
      15.003707916795763
    </LatitudeDegrees><LongitudeDegrees>
      120.64375413383655
    </LongitudeDegrees>
    </Position><AltitudeMeters>
      11.792321790364717
    </AltitudeMeters><SensorState>
      Present
    </SensorState>
    </Trackpoint>
<Trackpoint>
      <Time>
      2023-08-20T09:21:27.600Z
    </Time><DistanceMeters>
      9.149905050173402
    </DistanceMeters><SensorState>
      Present
    </SensorState><Extensions>
      <TPX xmlns="http://www.garmin.com/xmlschemas/ActivityExtension/v2">
      <ns3:Speed>
      3.8163587107850105
    </ns3:Speed><nax:Nax>
      <nax:Pace>
      4.3671646010546
    </nax:Pace>
    </nax:Nax>
    </TPX>
    </Extensions>
    </Trackpoint>
<Trackpoint>
      <Time>
      2023-08-20T09:21:27.601Z
    </Time><Cadence>
      167.22530364990234
    </Cadence><SensorState>
      Present
    </SensorState>
    </Trackpoint>
<Trackpoint>
      <Time>
      2023-08-20T09:21:29.000Z
    </Time><Position>
      <LatitudeDegrees>
      15.003768487895277
    </LatitudeDegrees><LongitudeDegrees>
      120.6436674824274
    </LongitudeDegrees>
    </Position><AltitudeMeters>
      11.675075960526868
    </AltitudeMeters><SensorState>
      Present
    </SensorState>
    </Trackpoint>
<Trackpoint>
      <Time>
      2023-08-20T09:21:30.156Z
    </Time><SensorState>
      Present
    </SensorState><Extensions>
      <TPX xmlns="http://www.garmin.com/xmlschemas/ActivityExtension/v2">
      <ns3:Speed>
      3.8174779744542913
    </ns3:Speed><nax:Nax>
      <nax:Pace>
      4.3658841722719215
    </nax:Pace>
    </nax:Nax>
    </TPX>
    </Extensions>
    </Trackpoint>
<Trackpoint>
      <Time>
      2023-08-20T09:21:30.157Z
    </Time><DistanceMeters>
      9.759040263481438
    </DistanceMeters><Cadence>
      167.12559700012207
    </Cadence><SensorState>
      Present
    </SensorState>
    </Trackpoint>
<Trackpoint>
      <Time>
      2023-08-20T09:21:32.000Z
    </Time><Position>
      <LatitudeDegrees>
      15.003829533517786
    </LatitudeDegrees><LongitudeDegrees>
      120.64358404462519
    </LongitudeDegrees>
    </Position><AltitudeMeters>
      11.667244113115927
    </AltitudeMeters><SensorState>
      Present
    </SensorState>
    </Trackpoint>
<Trackpoint>
      <Time>
      2023-08-20T09:21:32.712Z
    </Time><DistanceMeters>
      11.002214913256466
    </DistanceMeters><SensorState>
      Present
    </SensorState><Extensions>
      <TPX xmlns="http://www.garmin.com/xmlschemas/ActivityExtension/v2">
      <ns3:Speed>
      3.78395091081325
    </ns3:Speed><nax:Nax>
      <nax:Pace>
      4.404567358164974
    </nax:Pace>
    </nax:Nax>
    </TPX>
    </Extensions>
    </Trackpoint>
<Trackpoint>
      <Time>
      2023-08-20T09:21:32.713Z
    </Time><Cadence>
      167.2653293609619
    </Cadence><SensorState>
      Present
    </SensorState>
    </Trackpoint>
<Trackpoint>
      <Time>
      2023-08-20T09:21:33.000Z
    </Time><SensorState>
      Present
    </SensorState><Extensions>
      <TPX xmlns="http://www.garmin.com/xmlschemas/ActivityExtension/v2">
      <nax:Nax>
      <nax:NikeFuel>
      9.610490234997425
    </nax:NikeFuel>
    </nax:Nax>
    </TPX>
    </Extensions>
    </Trackpoint>
<Trackpoint>
      <Time>
      2023-08-20T09:21:35.000Z
    </Time><Position>
      <LatitudeDegrees>
      15.003887864613764
    </LatitudeDegrees><LongitudeDegrees>
      120.64349538101376
    </LongitudeDegrees>
    </Position><AltitudeMeters>
      11.821099772439887
    </AltitudeMeters><SensorState>
      Present
    </SensorState>
    </Trackpoint>
<Trackpoint>
      <Time>
      2023-08-20T09:21:35.268Z
    </Time><SensorState>
      Present
    </SensorState><Extensions>
      <TPX xmlns="http://www.garmin.com/xmlschemas/ActivityExtension/v2">
      <ns3:Speed>
      3.7723914375635226
    </ns3:Speed><nax:Nax>
      <nax:Pace>
      4.418063963540109
    </nax:Pace>
    </nax:Nax>
    </TPX>
    </Extensions>
    </Trackpoint>
<Trackpoint>
      <Time>
      2023-08-20T09:21:35.269Z
    </Time><DistanceMeters>
      10.310788146220148
    </DistanceMeters><Cadence>
      167.24711894989014
    </Cadence><SensorState>
      Present
    </SensorState>
    </Trackpoint>
<Trackpoint>
      <Time>
      2023-08-20T09:21:37.824Z
    </Time><DistanceMeters>
      9.258191354572773
    </DistanceMeters><SensorState>
      Present
    </SensorState><Extensions>
      <TPX xmlns="http://www.garmin.com/xmlschemas/ActivityExtension/v2">
      <ns3:Speed>
      3.766624468863794
    </ns3:Speed><nax:Nax>
      <nax:Pace>
      4.424828332221338
    </nax:Pace>
    </nax:Nax>
    </TPX>
    </Extensions>
    </Trackpoint>
<Trackpoint>
      <Time>
      2023-08-20T09:21:37.825Z
    </Time><Cadence>
      167.2992753982544
    </Cadence><SensorState>
      Present
    </SensorState>
    </Trackpoint>
<Trackpoint>
      <Time>
      2023-08-20T09:21:37.881Z
    </Time><SensorState>
      Present
    </SensorState><Extensions>
      <TPX xmlns="http://www.garmin.com/xmlschemas/ActivityExtension/v2">
      <nax:Nax>
      <nax:DescentInMeters>
      0.009999752044677734
    </nax:DescentInMeters>
    </nax:Nax>
    </TPX>
    </Extensions>
    </Trackpoint>
<Trackpoint>
      <Time>
      2023-08-20T09:21:38.000Z
    </Time><Position>
      <LatitudeDegrees>
      15.003971266736647
    </LatitudeDegrees><LongitudeDegrees>
      120.64341798101044
    </LongitudeDegrees>
    </Position><AltitudeMeters>
      11.895153344116522
    </AltitudeMeters><SensorState>
      Present
    </SensorState>
    </Trackpoint>
<Trackpoint>
      <Time>
      2023-08-20T09:21:40.380Z
    </Time><SensorState>
      Present
    </SensorState><Extensions>
      <TPX xmlns="http://www.garmin.com/xmlschemas/ActivityExtension/v2">
      <ns3:Speed>
      3.7302149634464374
    </ns3:Speed><nax:Nax>
      <nax:Pace>
      4.468017749644091
    </nax:Pace>
    </nax:Nax>
    </TPX>
    </Extensions>
    </Trackpoint>
<Trackpoint>
      <Time>
      2023-08-20T09:21:40.381Z
    </Time><DistanceMeters>
      9.343309844844043
    </DistanceMeters><Cadence>
      167.2992753982544
    </Cadence><SensorState>
      Present
    </SensorState>
    </Trackpoint>
<Trackpoint>
      <Time>
      2023-08-20T09:21:40.437Z
    </Time><SensorState>
      Present
    </SensorState><Extensions>
      <TPX xmlns="http://www.garmin.com/xmlschemas/ActivityExtension/v2">
      <nax:Nax>
      <nax:DescentInMeters>
      0.13000011444091797
    </nax:DescentInMeters>
    </nax:Nax>
    </TPX>
    </Extensions>
    </Trackpoint>
<Trackpoint>
      <Time>
      2023-08-20T09:21:41.000Z
    </Time><Position>
      <LatitudeDegrees>
      15.00402803762978
    </LatitudeDegrees><LongitudeDegrees>
      120.64333017705913
    </LongitudeDegrees>
    </Position><AltitudeMeters>
      11.976727597747903
    </AltitudeMeters><SensorState>
      Present
    </SensorState>
    </Trackpoint>
<Trackpoint>
      <Time>
      2023-08-20T09:21:42.497Z
    </Time><HeartRateBpm>
      <Value>
      177
    </Value>
    </HeartRateBpm><SensorState>
      Present
    </SensorState>
    </Trackpoint>
<Trackpoint>
      <Time>
      2023-08-20T09:21:42.936Z
    </Time><SensorState>
      Present
    </SensorState><Extensions>
      <TPX xmlns="http://www.garmin.com/xmlschemas/ActivityExtension/v2">
      <ns3:Speed>
      3.755167379197229
    </ns3:Speed><nax:Nax>
      <nax:Pace>
      4.438328570650725
    </nax:Pace>
    </nax:Nax>
    </TPX>
    </Extensions>
    </Trackpoint>
<Trackpoint>
      <Time>
      2023-08-20T09:21:42.937Z
    </Time><DistanceMeters>
      8.874395100399852
    </DistanceMeters><Cadence>
      167.2992753982544
    </Cadence><SensorState>
      Present
    </SensorState>
    </Trackpoint>
<Trackpoint>
      <Time>
      2023-08-20T09:21:42.992Z
    </Time><SensorState>
      Present
    </SensorState><Extensions>
      <TPX xmlns="http://www.garmin.com/xmlschemas/ActivityExtension/v2">
      <nax:Nax>
      <nax:DescentInMeters>
      0.21000003814697266
    </nax:DescentInMeters>
    </nax:Nax>
    </TPX>
    </Extensions>
    </Trackpoint>
<Trackpoint>
      <Time>
      2023-08-20T09:21:43.000Z
    </Time><SensorState>
      Present
    </SensorState><Extensions>
      <TPX xmlns="http://www.garmin.com/xmlschemas/ActivityExtension/v2">
      <nax:Nax>
      <nax:NikeFuel>
      9.65217281982428
    </nax:NikeFuel>
    </nax:Nax>
    </TPX>
    </Extensions>
    </Trackpoint>
<Trackpoint>
      <Time>
      2023-08-20T09:21:44.000Z
    </Time><Position>
      <LatitudeDegrees>
      15.00409089199339
    </LatitudeDegrees><LongitudeDegrees>
      120.64324967056024
    </LongitudeDegrees>
    </Position><AltitudeMeters>
      11.923187325606378
    </AltitudeMeters><SensorState>
      Present
    </SensorState>
    </Trackpoint>
<Trackpoint>
      <Time>
      2023-08-20T09:21:45.492Z
    </Time><SensorState>
      Present
    </SensorState><Extensions>
      <TPX xmlns="http://www.garmin.com/xmlschemas/ActivityExtension/v2">
      <ns3:Speed>
      3.7797081424774657
    </ns3:Speed><nax:Nax>
      <nax:Pace>
      4.409511538566111
    </nax:Pace>
    </nax:Nax>
    </TPX>
    </Extensions>
    </Trackpoint>
<Trackpoint>
      <Time>
      2023-08-20T09:21:45.493Z
    </Time><DistanceMeters>
      9.977384485304356
    </DistanceMeters><Cadence>
      167.40822315216064
    </Cadence><SensorState>
      Present
    </SensorState>
    </Trackpoint>
<Trackpoint>
      <Time>
      2023-08-20T09:21:47.000Z
    </Time><Position>
      <LatitudeDegrees>
      15.004164588993225
    </LatitudeDegrees><LongitudeDegrees>
      120.64318436509318
    </LongitudeDegrees>
    </Position><AltitudeMeters>
      11.900824914861772
    </AltitudeMeters><SensorState>
      Present
    </SensorState>
    </Trackpoint>
<Trackpoint>
      <Time>
      2023-08-20T09:21:48.048Z
    </Time><SensorState>
      Present
    </SensorState><Extensions>
      <TPX xmlns="http://www.garmin.com/xmlschemas/ActivityExtension/v2">
      <ns3:Speed>
      3.7851431700790776
    </ns3:Speed><nax:Nax>
      <nax:Pace>
      4.403179990234946
    </nax:Pace>
    </nax:Nax>
    </TPX>
    </Extensions>
    </Trackpoint>
<Trackpoint>
      <Time>
      2023-08-20T09:21:48.049Z
    </Time><DistanceMeters>
      8.638877319172025
    </DistanceMeters><Cadence>
      167.76291847229004
    </Cadence><SensorState>
      Present
    </SensorState>
    </Trackpoint>
<Trackpoint>
      <Time>
      2023-08-20T09:21:50.000Z
    </Time><Position>
      <LatitudeDegrees>
      15.004234451620292
    </LatitudeDegrees><LongitudeDegrees>
      120.64312381712897
    </LongitudeDegrees>
    </Position><AltitudeMeters>
      11.874315326073159
    </AltitudeMeters><SensorState>
      Present
    </SensorState>
    </Trackpoint>
<Trackpoint>
      <Time>
      2023-08-20T09:21:50.604Z
    </Time><SensorState>
      Present
    </SensorState><Extensions>
      <TPX xmlns="http://www.garmin.com/xmlschemas/ActivityExtension/v2">
      <ns3:Speed>
      3.7548439030097676
    </ns3:Speed><nax:Nax>
      <nax:Pace>
      4.438710928384314
    </nax:Pace>
    </nax:Nax>
    </TPX>
    </Extensions>
    </Trackpoint>
<Trackpoint>
      <Time>
      2023-08-20T09:21:50.605Z
    </Time><DistanceMeters>
      8.709731737151742
    </DistanceMeters><Cadence>
      167.64173984527588
    </Cadence><SensorState>
      Present
    </SensorState>
    </Trackpoint>
<Trackpoint>
      <Time>
      2023-08-20T09:21:53.000Z
    </Time><Position>
      <LatitudeDegrees>
      15.004299168767695
    </LatitudeDegrees><LongitudeDegrees>
      120.64305207257507
    </LongitudeDegrees>
    </Position><AltitudeMeters>
      11.621786044101306
    </AltitudeMeters><SensorState>
      Present
    </SensorState><Extensions>
      <TPX xmlns="http://www.garmin.com/xmlschemas/ActivityExtension/v2">
      <nax:Nax>
      <nax:NikeFuel>
      9.47729913171149
    </nax:NikeFuel>
    </nax:Nax>
    </TPX>
    </Extensions>
    </Trackpoint>
<Trackpoint>
      <Time>
      2023-08-20T09:21:53.160Z
    </Time><SensorState>
      Present
    </SensorState><Extensions>
      <TPX xmlns="http://www.garmin.com/xmlschemas/ActivityExtension/v2">
      <ns3:Speed>
      3.7063244368121206
    </ns3:Speed><nax:Nax>
      <nax:Pace>
      4.496818060806889
    </nax:Pace>
    </nax:Nax>
    </TPX>
    </Extensions>
    </Trackpoint>
<Trackpoint>
      <Time>
      2023-08-20T09:21:53.161Z
    </Time><DistanceMeters>
      8.51181773468852
    </DistanceMeters><Cadence>
      167.51606941223145
    </Cadence><SensorState>
      Present
    </SensorState>
    </Trackpoint>
<Trackpoint>
      <Time>
      2023-08-20T09:21:53.218Z
    </Time><SensorState>
      Present
    </SensorState><Extensions>
      <TPX xmlns="http://www.garmin.com/xmlschemas/ActivityExtension/v2">
      <nax:Nax>
      <nax:AscentInMeters>
      0.009999752044677734
    </nax:AscentInMeters>
    </nax:Nax>
    </TPX>
    </Extensions>
    </Trackpoint>
<Trackpoint>
      <Time>
      2023-08-20T09:21:53.497Z
    </Time><HeartRateBpm>
      <Value>
      179
    </Value>
    </HeartRateBpm><SensorState>
      Present
    </SensorState>
    </Trackpoint>
<Trackpoint>
      <Time>
      2023-08-20T09:21:55.715Z
    </Time><SensorState>
      Present
    </SensorState><Extensions>
      <TPX xmlns="http://www.garmin.com/xmlschemas/ActivityExtension/v2">
      <ns3:Speed>
      3.6944191959824706
    </ns3:Speed><nax:Nax>
      <nax:Pace>
      4.5113090265422455
    </nax:Pace>
    </nax:Nax>
    </TPX>
    </Extensions>
    </Trackpoint>
<Trackpoint>
      <Time>
      2023-08-20T09:21:55.716Z
    </Time><DistanceMeters>
      9.027524497359991
    </DistanceMeters><Cadence>
      167.58150100708008
    </Cadence><SensorState>
      Present
    </SensorState>
    </Trackpoint>
<Trackpoint>
      <Time>
      2023-08-20T09:21:55.771Z
    </Time><SensorState>
      Present
    </SensorState><Extensions>
      <TPX xmlns="http://www.garmin.com/xmlschemas/ActivityExtension/v2">
      <nax:Nax>
      <nax:AscentInMeters>
      0.059999942779541016
    </nax:AscentInMeters>
    </nax:Nax>
    </TPX>
    </Extensions>
    </Trackpoint>
<Trackpoint>
      <Time>
      2023-08-20T09:21:56.000Z
    </Time><Position>
      <LatitudeDegrees>
      15.004365606506799
    </LatitudeDegrees><LongitudeDegrees>
      120.64298840770701
    </LongitudeDegrees>
    </Position><AltitudeMeters>
      11.375749189246406
    </AltitudeMeters><SensorState>
      Present
    </SensorState>
    </Trackpoint>
<Trackpoint>
      <Time>
      2023-08-20T09:21:58.271Z
    </Time><DistanceMeters>
      8.997935383580625
    </DistanceMeters><SensorState>
      Present
    </SensorState><Extensions>
      <TPX xmlns="http://www.garmin.com/xmlschemas/ActivityExtension/v2">
      <ns3:Speed>
      3.698293276344865
    </ns3:Speed><nax:Nax>
      <nax:Pace>
      4.5065832862067765
    </nax:Pace>
    </nax:Nax>
    </TPX>
    </Extensions>
    </Trackpoint>
<Trackpoint>
      <Time>
      2023-08-20T09:21:58.272Z
    </Time><Cadence>
      167.7123785018921
    </Cadence><SensorState>
      Present
    </SensorState>
    </Trackpoint>
<Trackpoint>
      <Time>
      2023-08-20T09:21:59.000Z
    </Time><Position>
      <LatitudeDegrees>
      15.004441586056277
    </LatitudeDegrees><LongitudeDegrees>
      120.64291676504943
    </LongitudeDegrees>
    </Position><AltitudeMeters>
      11.371409300120582
    </AltitudeMeters><SensorState>
      Present
    </SensorState>
    </Trackpoint>
<Trackpoint>
      <Time>
      2023-08-20T09:22:00.827Z
    </Time><SensorState>
      Present
    </SensorState><Extensions>
      <TPX xmlns="http://www.garmin.com/xmlschemas/ActivityExtension/v2">
      <ns3:Speed>
      3.7063870640812437
    </ns3:Speed><nax:Nax>
      <nax:Pace>
      4.496742077529908
    </nax:Pace>
    </nax:Nax>
    </TPX>
    </Extensions>
    </Trackpoint>
<Trackpoint>
      <Time>
      2023-08-20T09:22:00.828Z
    </Time><DistanceMeters>
      11.08404274750501
    </DistanceMeters><Cadence>
      167.7720308303833
    </Cadence><SensorState>
      Present
    </SensorState>
    </Trackpoint>
<Trackpoint>
      <Time>
      2023-08-20T09:22:02.000Z
    </Time><Position>
      <LatitudeDegrees>
      15.004523822821769
    </LatitudeDegrees><LongitudeDegrees>
      120.64285827557362
    </LongitudeDegrees>
    </Position><AltitudeMeters>
      11.36932876363744
    </AltitudeMeters><SensorState>
      Present
    </SensorState>
    </Trackpoint>
<Trackpoint>
      <Time>
      2023-08-20T09:22:03.000Z
    </Time><SensorState>
      Present
    </SensorState><Extensions>
      <TPX xmlns="http://www.garmin.com/xmlschemas/ActivityExtension/v2">
      <nax:Nax>
      <nax:NikeFuel>
      9.675848263447113
    </nax:NikeFuel>
    </nax:Nax>
    </TPX>
    </Extensions>
    </Trackpoint>
<Trackpoint>
      <Time>
      2023-08-20T09:22:03.383Z
    </Time><DistanceMeters>
      9.608956788666546
    </DistanceMeters><SensorState>
      Present
    </SensorState><Extensions>
      <TPX xmlns="http://www.garmin.com/xmlschemas/ActivityExtension/v2">
      <ns3:Speed>
      3.746553347714419
    </ns3:Speed><nax:Nax>
      <nax:Pace>
      4.448533123606567
    </nax:Pace>
    </nax:Nax>
    </TPX>
    </Extensions>
    </Trackpoint>
<Trackpoint>
      <Time>
      2023-08-20T09:22:03.384Z
    </Time><Cadence>
      167.90229320526123
    </Cadence><SensorState>
      Present
    </SensorState>
    </Trackpoint>
<Trackpoint>
      <Time>
      2023-08-20T09:22:05.000Z
    </Time><Position>
      <LatitudeDegrees>
      15.004606270263176
    </LatitudeDegrees><LongitudeDegrees>
      120.64278764482046
    </LongitudeDegrees>
    </Position><AltitudeMeters>
      11.36571624900354
    </AltitudeMeters><SensorState>
      Present
    </SensorState>
    </Trackpoint>
<Trackpoint>
      <Time>
      2023-08-20T09:22:05.939Z
    </Time><SensorState>
      Present
    </SensorState><Extensions>
      <TPX xmlns="http://www.garmin.com/xmlschemas/ActivityExtension/v2">
      <ns3:Speed>
      3.765218410740998
    </ns3:Speed><nax:Nax>
      <nax:Pace>
      4.426480710686489
    </nax:Pace>
    </nax:Nax>
    </TPX>
    </Extensions>
    </Trackpoint>
<Trackpoint>
      <Time>
      2023-08-20T09:22:05.940Z
    </Time><DistanceMeters>
      10.006714877672493
    </DistanceMeters><Cadence>
      168.2287359237671
    </Cadence><SensorState>
      Present
    </SensorState>
    </Trackpoint>
<Trackpoint>
      <Time>
      2023-08-20T09:22:05.995Z
    </Time><SensorState>
      Present
    </SensorState><Extensions>
      <TPX xmlns="http://www.garmin.com/xmlschemas/ActivityExtension/v2">
      <nax:Nax>
      <nax:DescentInMeters>
      0.019999980926513672
    </nax:DescentInMeters>
    </nax:Nax>
    </TPX>
    </Extensions>
    </Trackpoint>
<Trackpoint>
      <Time>
      2023-08-20T09:22:08.000Z
    </Time><Position>
      <LatitudeDegrees>
      15.004689661532922
    </LatitudeDegrees><LongitudeDegrees>
      120.64271317694946
    </LongitudeDegrees>
    </Position><AltitudeMeters>
      11.234692141411657
    </AltitudeMeters><SensorState>
      Present
    </SensorState>
    </Trackpoint>
<Trackpoint>
      <Time>
      2023-08-20T09:22:08.495Z
    </Time><DistanceMeters>
      9.780090325511992
    </DistanceMeters><SensorState>
      Present
    </SensorState><Extensions>
      <TPX xmlns="http://www.garmin.com/xmlschemas/ActivityExtension/v2">
      <ns3:Speed>
      3.805203273695164
    </ns3:Speed><nax:Nax>
      <nax:Pace>
      4.379967499208516
    </nax:Pace>
    </nax:Nax>
    </TPX>
    </Extensions>
    </Trackpoint>
<Trackpoint>
      <Time>
      2023-08-20T09:22:08.496Z
    </Time><Cadence>
      168.1720733642578
    </Cadence><SensorState>
      Present
    </SensorState>
    </Trackpoint>
<Trackpoint>
      <Time>
      2023-08-20T09:22:08.497Z
    </Time><HeartRateBpm>
      <Value>
      180
    </Value>
    </HeartRateBpm><SensorState>
      Present
    </SensorState>
    </Trackpoint>
<Trackpoint>
      <Time>
      2023-08-20T09:22:08.553Z
    </Time><SensorState>
      Present
    </SensorState><Extensions>
      <TPX xmlns="http://www.garmin.com/xmlschemas/ActivityExtension/v2">
      <nax:Nax>
      <nax:DescentInMeters>
      0.09999990463256836
    </nax:DescentInMeters>
    </nax:Nax>
    </TPX>
    </Extensions>
    </Trackpoint>
<Trackpoint>
      <Time>
      2023-08-20T09:22:11.000Z
    </Time><Position>
      <LatitudeDegrees>
      15.004768601770287
    </LatitudeDegrees><LongitudeDegrees>
      120.64263832170033
    </LongitudeDegrees>
    </Position><AltitudeMeters>
      11.019413722044334
    </AltitudeMeters><SensorState>
      Present
    </SensorState>
    </Trackpoint>
<Trackpoint>
      <Time>
      2023-08-20T09:22:11.051Z
    </Time><SensorState>
      Present
    </SensorState><Extensions>
      <TPX xmlns="http://www.garmin.com/xmlschemas/ActivityExtension/v2">
      <ns3:Speed>
      3.814875791436947
    </ns3:Speed><nax:Nax>
      <nax:Pace>
      4.368862206228959
    </nax:Pace>
    </nax:Nax>
    </TPX>
    </Extensions>
    </Trackpoint>
<Trackpoint>
      <Time>
      2023-08-20T09:22:11.052Z
    </Time><DistanceMeters>
      11.067939950153232
    </DistanceMeters><Cadence>
      168.42530250549316
    </Cadence><SensorState>
      Present
    </SensorState>
    </Trackpoint>
<Trackpoint>
      <Time>
      2023-08-20T09:22:11.108Z
    </Time><SensorState>
      Present
    </SensorState><Extensions>
      <TPX xmlns="http://www.garmin.com/xmlschemas/ActivityExtension/v2">
      <nax:Nax>
      <nax:DescentInMeters>
      0.38000011444091797
    </nax:DescentInMeters>
    </nax:Nax>
    </TPX>
    </Extensions>
    </Trackpoint>
<Trackpoint>
      <Time>
      2023-08-20T09:22:13.000Z
    </Time><SensorState>
      Present
    </SensorState><Extensions>
      <TPX xmlns="http://www.garmin.com/xmlschemas/ActivityExtension/v2">
      <nax:Nax>
      <nax:NikeFuel>
      9.709465394767218
    </nax:NikeFuel>
    </nax:Nax>
    </TPX>
    </Extensions>
    </Trackpoint>
<Trackpoint>
      <Time>
      2023-08-20T09:22:13.607Z
    </Time><SensorState>
      Present
    </SensorState><Extensions>
      <TPX xmlns="http://www.garmin.com/xmlschemas/ActivityExtension/v2">
      <ns3:Speed>
      3.8220393658665905
    </ns3:Speed><nax:Nax>
      <nax:Pace>
      4.360673732330265
    </nax:Pace>
    </nax:Nax>
    </TPX>
    </Extensions>
    </Trackpoint>
<Trackpoint>
      <Time>
      2023-08-20T09:22:13.608Z
    </Time><DistanceMeters>
      9.420615798793733
    </DistanceMeters><Cadence>
      168.3598279953003
    </Cadence><SensorState>
      Present
    </SensorState>
    </Trackpoint>
<Trackpoint>
      <Time>
      2023-08-20T09:22:14.000Z
    </Time><Position>
      <LatitudeDegrees>
      15.004846312119993
    </LatitudeDegrees><LongitudeDegrees>
      120.64256632518322
    </LongitudeDegrees>
    </Position><AltitudeMeters>
      11.06757020779775
    </AltitudeMeters><SensorState>
      Present
    </SensorState>
    </Trackpoint>
<Trackpoint>
      <Time>
      2023-08-20T09:22:16.163Z
    </Time><SensorState>
      Present
    </SensorState><Extensions>
      <TPX xmlns="http://www.garmin.com/xmlschemas/ActivityExtension/v2">
      <ns3:Speed>
      3.808137199287386
    </ns3:Speed><nax:Nax>
      <nax:Pace>
      4.376593015027265
    </nax:Pace>
    </nax:Nax>
    </TPX>
    </Extensions>
    </Trackpoint>
<Trackpoint>
      <Time>
      2023-08-20T09:22:16.164Z
    </Time><DistanceMeters>
      9.33991935197264
    </DistanceMeters><Cadence>
      168.62231254577637
    </Cadence><SensorState>
      Present
    </SensorState>
    </Trackpoint>
<Trackpoint>
      <Time>
      2023-08-20T09:22:17.000Z
    </Time><Position>
      <LatitudeDegrees>
      15.004919915114254
    </LatitudeDegrees><LongitudeDegrees>
      120.64248872644595
    </LongitudeDegrees>
    </Position><AltitudeMeters>
      11.214607477363366
    </AltitudeMeters><SensorState>
      Present
    </SensorState>
    </Trackpoint>
<Trackpoint>
      <Time>
      2023-08-20T09:22:17.497Z
    </Time><HeartRateBpm>
      <Value>
      181
    </Value>
    </HeartRateBpm><SensorState>
      Present
    </SensorState>
    </Trackpoint>
<Trackpoint>
      <Time>
      2023-08-20T09:22:18.719Z
    </Time><SensorState>
      Present
    </SensorState><Extensions>
      <TPX xmlns="http://www.garmin.com/xmlschemas/ActivityExtension/v2">
      <ns3:Speed>
      3.794650634273058
    </ns3:Speed><nax:Nax>
      <nax:Pace>
      4.39214786102687
    </nax:Pace>
    </nax:Nax>
    </TPX>
    </Extensions>
    </Trackpoint>
<Trackpoint>
      <Time>
      2023-08-20T09:22:18.720Z
    </Time><DistanceMeters>
      9.366370963864028
    </DistanceMeters><Cadence>
      168.62234115600586
    </Cadence><SensorState>
      Present
    </SensorState>
    </Trackpoint>
<Trackpoint>
      <Time>
      2023-08-20T09:22:20.000Z
    </Time><Position>
      <LatitudeDegrees>
      15.004984366050563
    </LatitudeDegrees><LongitudeDegrees>
      120.64241397302953
    </LongitudeDegrees>
    </Position><AltitudeMeters>
      11.531778633756545
    </AltitudeMeters><SensorState>
      Present
    </SensorState>
    </Trackpoint>
<Trackpoint>
      <Time>
      2023-08-20T09:22:21.275Z
    </Time><SensorState>
      Present
    </SensorState><Extensions>
      <TPX xmlns="http://www.garmin.com/xmlschemas/ActivityExtension/v2">
      <ns3:Speed>
      3.762292232989273
    </ns3:Speed><nax:Nax>
      <nax:Pace>
      4.429923470730612
    </nax:Pace>
    </nax:Nax>
    </TPX>
    </Extensions>
    </Trackpoint>
<Trackpoint>
      <Time>
      2023-08-20T09:22:21.276Z
    </Time><DistanceMeters>
      9.640159935690463
    </DistanceMeters><Cadence>
      168.75389099121094
    </Cadence><SensorState>
      Present
    </SensorState>
    </Trackpoint>
<Trackpoint>
      <Time>
      2023-08-20T09:22:21.332Z
    </Time><SensorState>
      Present
    </SensorState><Extensions>
      <TPX xmlns="http://www.garmin.com/xmlschemas/ActivityExtension/v2">
      <nax:Nax>
      <nax:AscentInMeters>
      0.03000020980834961
    </nax:AscentInMeters>
    </nax:Nax>
    </TPX>
    </Extensions>
    </Trackpoint>
<Trackpoint>
      <Time>
      2023-08-20T09:22:23.000Z
    </Time><Position>
      <LatitudeDegrees>
      15.005056091579373
    </LatitudeDegrees><LongitudeDegrees>
      120.64233372149121
    </LongitudeDegrees>
    </Position><AltitudeMeters>
      11.606484820298348
    </AltitudeMeters><SensorState>
      Present
    </SensorState><Extensions>
      <TPX xmlns="http://www.garmin.com/xmlschemas/ActivityExtension/v2">
      <nax:Nax>
      <nax:NikeFuel>
      9.788244395893685
    </nax:NikeFuel>
    </nax:Nax>
    </TPX>
    </Extensions>
    </Trackpoint>
<Trackpoint>
      <Time>
      2023-08-20T09:22:23.831Z
    </Time><SensorState>
      Present
    </SensorState><Extensions>
      <TPX xmlns="http://www.garmin.com/xmlschemas/ActivityExtension/v2">
      <ns3:Speed>
      3.776193016643227
    </ns3:Speed><nax:Nax>
      <nax:Pace>
      4.413616198433144
    </nax:Pace>
    </nax:Nax>
    </TPX>
    </Extensions>
    </Trackpoint>
<Trackpoint>
      <Time>
      2023-08-20T09:22:23.832Z
    </Time><DistanceMeters>
      11.927095611579716
    </DistanceMeters><Cadence>
      168.93752574920654
    </Cadence><SensorState>
      Present
    </SensorState>
    </Trackpoint>
<Trackpoint>
      <Time>
      2023-08-20T09:22:26.000Z
    </Time><Position>
      <LatitudeDegrees>
      15.005133986738239
    </LatitudeDegrees><LongitudeDegrees>
      120.64224771410667
    </LongitudeDegrees>
    </Position><AltitudeMeters>
      11.736463034780051
    </AltitudeMeters><SensorState>
      Present
    </SensorState>
    </Trackpoint>
<Trackpoint>
      <Time>
      2023-08-20T09:22:26.387Z
    </Time><SensorState>
      Present
    </SensorState><Extensions>
      <TPX xmlns="http://www.garmin.com/xmlschemas/ActivityExtension/v2">
      <ns3:Speed>
      3.822947402130497
    </ns3:Speed><nax:Nax>
      <nax:Pace>
      4.359637973930394
    </nax:Pace>
    </nax:Nax>
    </TPX>
    </Extensions>
    </Trackpoint>
<Trackpoint>
      <Time>
      2023-08-20T09:22:26.388Z
    </Time><DistanceMeters>
      10.126453316770494
    </DistanceMeters><Cadence>
      169.1343069076538
    </Cadence><SensorState>
      Present
    </SensorState>
    </Trackpoint>
<Trackpoint>
      <Time>
      2023-08-20T09:22:28.943Z
    </Time><SensorState>
      Present
    </SensorState><Extensions>
      <TPX xmlns="http://www.garmin.com/xmlschemas/ActivityExtension/v2">
      <ns3:Speed>
      3.856833280261324
    </ns3:Speed><nax:Nax>
      <nax:Pace>
      4.3213344875351725
    </nax:Pace>
    </nax:Nax>
    </TPX>
    </Extensions>
    </Trackpoint>
<Trackpoint>
      <Time>
      2023-08-20T09:22:28.944Z
    </Time><DistanceMeters>
      9.059053990058601
    </DistanceMeters><Cadence>
      169.14981365203857
    </Cadence><SensorState>
      Present
    </SensorState>
    </Trackpoint>
<Trackpoint>
      <Time>
      2023-08-20T09:22:29.000Z
    </Time><Position>
      <LatitudeDegrees>
      15.005208553563177
    </LatitudeDegrees><LongitudeDegrees>
      120.64216311858922
    </LongitudeDegrees>
    </Position><AltitudeMeters>
      11.831444652275394
    </AltitudeMeters><SensorState>
      Present
    </SensorState>
    </Trackpoint>
<Trackpoint>
      <Time>
      2023-08-20T09:22:29.001Z
    </Time><SensorState>
      Present
    </SensorState><Extensions>
      <TPX xmlns="http://www.garmin.com/xmlschemas/ActivityExtension/v2">
      <nax:Nax>
      <nax:AscentInMeters>
      0.1700000762939453
    </nax:AscentInMeters>
    </nax:Nax>
    </TPX>
    </Extensions>
    </Trackpoint>
<Trackpoint>
      <Time>
      2023-08-20T09:22:30.497Z
    </Time><HeartRateBpm>
      <Value>
      185
    </Value>
    </HeartRateBpm><SensorState>
      Present
    </SensorState>
    </Trackpoint>
<Trackpoint>
      <Time>
      2023-08-20T09:22:31.499Z
    </Time><SensorState>
      Present
    </SensorState><Extensions>
      <TPX xmlns="http://www.garmin.com/xmlschemas/ActivityExtension/v2">
      <ns3:Speed>
      3.8606632033795587
    </ns3:Speed><nax:Nax>
      <nax:Pace>
      4.317047561174709
    </nax:Pace>
    </nax:Nax>
    </TPX>
    </Extensions>
    </Trackpoint>
<Trackpoint>
      <Time>
      2023-08-20T09:22:31.500Z
    </Time><DistanceMeters>
      9.560186143033206
    </DistanceMeters><Cadence>
      169.28217887878418
    </Cadence><SensorState>
      Present
    </SensorState>
    </Trackpoint>
<Trackpoint>
      <Time>
      2023-08-20T09:22:31.556Z
    </Time><SensorState>
      Present
    </SensorState><Extensions>
      <TPX xmlns="http://www.garmin.com/xmlschemas/ActivityExtension/v2">
      <nax:Nax>
      <nax:AscentInMeters>
      0.01999950408935547
    </nax:AscentInMeters>
    </nax:Nax>
    </TPX>
    </Extensions>
    </Trackpoint>
<Trackpoint>
      <Time>
      2023-08-20T09:22:32.000Z
    </Time><Position>
      <LatitudeDegrees>
      15.005276718874384
    </LatitudeDegrees><LongitudeDegrees>
      120.64209001643852
    </LongitudeDegrees>
    </Position><AltitudeMeters>
      11.841901540678364
    </AltitudeMeters><SensorState>
      Present
    </SensorState>
    </Trackpoint>
<Trackpoint>
      <Time>
      2023-08-20T09:22:33.000Z
    </Time><SensorState>
      Present
    </SensorState><Extensions>
      <TPX xmlns="http://www.garmin.com/xmlschemas/ActivityExtension/v2">
      <nax:Nax>
      <nax:NikeFuel>
      9.710160603948855
    </nax:NikeFuel>
    </nax:Nax>
    </TPX>
    </Extensions>
    </Trackpoint>
<Trackpoint>
      <Time>
      2023-08-20T09:22:34.055Z
    </Time><SensorState>
      Present
    </SensorState><Extensions>
      <TPX xmlns="http://www.garmin.com/xmlschemas/ActivityExtension/v2">
      <ns3:Speed>
      3.8440781493295355
    </ns3:Speed><nax:Nax>
      <nax:Pace>
      4.33567321454523
    </nax:Pace>
    </nax:Nax>
    </TPX>
    </Extensions>
    </Trackpoint>
<Trackpoint>
      <Time>
      2023-08-20T09:22:34.056Z
    </Time><DistanceMeters>
      10.26972053013742
    </DistanceMeters><Cadence>
      169.2657709121704
    </Cadence><SensorState>
      Present
    </SensorState>
    </Trackpoint>
<Trackpoint>
      <Time>
      2023-08-20T09:22:35.000Z
    </Time><Position>
      <LatitudeDegrees>
      15.005347295164546
    </LatitudeDegrees><LongitudeDegrees>
      120.6420148383675
    </LongitudeDegrees>
    </Position><AltitudeMeters>
      11.916872563368344
    </AltitudeMeters><SensorState>
      Present
    </SensorState>
    </Trackpoint>
<Trackpoint>
      <Time>
      2023-08-20T09:22:35.497Z
    </Time><HeartRateBpm>
      <Value>
      186
    </Value>
    </HeartRateBpm><SensorState>
      Present
    </SensorState>
    </Trackpoint>
<Trackpoint>
      <Time>
      2023-08-20T09:22:36.611Z
    </Time><SensorState>
      Present
    </SensorState><Extensions>
      <TPX xmlns="http://www.garmin.com/xmlschemas/ActivityExtension/v2">
      <ns3:Speed>
      3.7804633028265546
    </ns3:Speed><nax:Nax>
      <nax:Pace>
      4.40863072370136
    </nax:Pace>
    </nax:Nax>
    </TPX>
    </Extensions>
    </Trackpoint>
<Trackpoint>
      <Time>
      2023-08-20T09:22:36.612Z
    </Time><DistanceMeters>
      9.538883966393769
    </DistanceMeters><Cadence>
      169.34845447540283
    </Cadence><SensorState>
      Present
    </SensorState>
    </Trackpoint>
<Trackpoint>
      <Time>
      2023-08-20T09:22:36.668Z
    </Time><SensorState>
      Present
    </SensorState><Extensions>
      <TPX xmlns="http://www.garmin.com/xmlschemas/ActivityExtension/v2">
      <nax:Nax>
      <nax:AscentInMeters>
      0.09000015258789062
    </nax:AscentInMeters>
    </nax:Nax>
    </TPX>
    </Extensions>
    </Trackpoint>
<Trackpoint>
      <Time>
      2023-08-20T09:22:38.000Z
    </Time><Position>
      <LatitudeDegrees>
      15.005419370982251
    </LatitudeDegrees><LongitudeDegrees>
      120.6419411132757
    </LongitudeDegrees>
    </Position><AltitudeMeters>
      12.288301650743726
    </AltitudeMeters><SensorState>
      Present
    </SensorState>
    </Trackpoint>
<Trackpoint>
      <Time>
      2023-08-20T09:22:38.497Z
    </Time><HeartRateBpm>
      <Value>
      186
    </Value>
    </HeartRateBpm><SensorState>
      Present
    </SensorState>
    </Trackpoint>
<Trackpoint>
      <Time>
      2023-08-20T09:22:39.167Z
    </Time><SensorState>
      Present
    </SensorState><Extensions>
      <TPX xmlns="http://www.garmin.com/xmlschemas/ActivityExtension/v2">
      <ns3:Speed>
      3.777796877167909
    </ns3:Speed><nax:Nax>
      <nax:Pace>
      4.411742401344013
    </nax:Pace>
    </nax:Nax>
    </TPX>
    </Extensions>
    </Trackpoint>
<Trackpoint>
      <Time>
      2023-08-20T09:22:39.168Z
    </Time><DistanceMeters>
      10.749475154094398
    </DistanceMeters><Cadence>
      169.34845447540283
    </Cadence><SensorState>
      Present
    </SensorState>
    </Trackpoint>
<Trackpoint>
      <Time>
      2023-08-20T09:22:39.225Z
    </Time><SensorState>
      Present
    </SensorState><Extensions>
      <TPX xmlns="http://www.garmin.com/xmlschemas/ActivityExtension/v2">
      <nax:Nax>
      <nax:AscentInMeters>
      0.13000011444091797
    </nax:AscentInMeters>
    </nax:Nax>
    </TPX>
    </Extensions>
    </Trackpoint>
<Trackpoint>
      <Time>
      2023-08-20T09:22:41.000Z
    </Time><Position>
      <LatitudeDegrees>
      15.00550029490819
    </LatitudeDegrees><LongitudeDegrees>
      120.64186084126439
    </LongitudeDegrees>
    </Position><AltitudeMeters>
      12.864020742702337
    </AltitudeMeters><SensorState>
      Present
    </SensorState>
    </Trackpoint>
<Trackpoint>
      <Time>
      2023-08-20T09:22:41.723Z
    </Time><SensorState>
      Present
    </SensorState><Extensions>
      <TPX xmlns="http://www.garmin.com/xmlschemas/ActivityExtension/v2">
      <ns3:Speed>
      3.7859240692766676
    </ns3:Speed><nax:Nax>
      <nax:Pace>
      4.402271773467176
    </nax:Pace>
    </nax:Nax>
    </TPX>
    </Extensions>
    </Trackpoint>
<Trackpoint>
      <Time>
      2023-08-20T09:22:41.724Z
    </Time><DistanceMeters>
      10.15897212550044
    </DistanceMeters><Cadence>
      169.54753875732422
    </Cadence><SensorState>
      Present
    </SensorState>
    </Trackpoint>
<Trackpoint>
      <Time>
      2023-08-20T09:22:41.779Z
    </Time><SensorState>
      Present
    </SensorState><Extensions>
      <TPX xmlns="http://www.garmin.com/xmlschemas/ActivityExtension/v2">
      <nax:Nax>
      <nax:AscentInMeters>
      0.05000019073486328
    </nax:AscentInMeters>
    </nax:Nax>
    </TPX>
    </Extensions>
    </Trackpoint>
<Trackpoint>
      <Time>
      2023-08-20T09:22:43.000Z
    </Time><SensorState>
      Present
    </SensorState><Extensions>
      <TPX xmlns="http://www.garmin.com/xmlschemas/ActivityExtension/v2">
      <nax:Nax>
      <nax:NikeFuel>
      10.216711741561825
    </nax:NikeFuel>
    </nax:Nax>
    </TPX>
    </Extensions>
    </Trackpoint>
<Trackpoint>
      <Time>
      2023-08-20T09:22:44.000Z
    </Time><Position>
      <LatitudeDegrees>
      15.005575094513755
    </LatitudeDegrees><LongitudeDegrees>
      120.64177385269319
    </LongitudeDegrees>
    </Position><AltitudeMeters>
      13.260126671367921
    </AltitudeMeters><SensorState>
      Present
    </SensorState>
    </Trackpoint>
<Trackpoint>
      <Time>
      2023-08-20T09:22:44.278Z
    </Time><SensorState>
      Present
    </SensorState><Extensions>
      <TPX xmlns="http://www.garmin.com/xmlschemas/ActivityExtension/v2">
      <ns3:Speed>
      3.8449241921098096
    </ns3:Speed><nax:Nax>
      <nax:Pace>
      4.334719186627509
    </nax:Pace>
    </nax:Nax>
    </TPX>
    </Extensions>
    </Trackpoint>
<Trackpoint>
      <Time>
      2023-08-20T09:22:44.279Z
    </Time><DistanceMeters>
      10.947316072881222
    </DistanceMeters><Cadence>
      169.54753875732422
    </Cadence><SensorState>
      Present
    </SensorState>
    </Trackpoint>
<Trackpoint>
      <Time>
      2023-08-20T09:22:46.497Z
    </Time><HeartRateBpm>
      <Value>
      188
    </Value>
    </HeartRateBpm><SensorState>
      Present
    </SensorState>
    </Trackpoint>
<Trackpoint>
      <Time>
      2023-08-20T09:22:46.834Z
    </Time><SensorState>
      Present
    </SensorState><Extensions>
      <TPX xmlns="http://www.garmin.com/xmlschemas/ActivityExtension/v2">
      <ns3:Speed>
      3.963688076540363
    </ns3:Speed><nax:Nax>
      <nax:Pace>
      4.204838106537859
    </nax:Pace>
    </nax:Nax>
    </TPX>
    </Extensions>
    </Trackpoint>
<Trackpoint>
      <Time>
      2023-08-20T09:22:46.835Z
    </Time><DistanceMeters>
      9.973744105547667
    </DistanceMeters><Cadence>
      169.54753875732422
    </Cadence><SensorState>
      Present
    </SensorState>
    </Trackpoint>
<Trackpoint>
      <Time>
      2023-08-20T09:22:46.891Z
    </Time><SensorState>
      Present
    </SensorState><Extensions>
      <TPX xmlns="http://www.garmin.com/xmlschemas/ActivityExtension/v2">
      <nax:Nax>
      <nax:AscentInMeters>
      0.3399996757507324
    </nax:AscentInMeters>
    </nax:Nax>
    </TPX>
    </Extensions>
    </Trackpoint>
<Trackpoint>
      <Time>
      2023-08-20T09:22:47.000Z
    </Time><Position>
      <LatitudeDegrees>
      15.005645853888812
    </LatitudeDegrees><LongitudeDegrees>
      120.64169126354902
    </LongitudeDegrees>
    </Position><AltitudeMeters>
      13.268615511666063
    </AltitudeMeters><SensorState>
      Present
    </SensorState>
    </Trackpoint>
<Trackpoint>
      <Time>
      2023-08-20T09:22:49.390Z
    </Time><SensorState>
      Present
    </SensorState><Extensions>
      <TPX xmlns="http://www.garmin.com/xmlschemas/ActivityExtension/v2">
      <ns3:Speed>
      4.100551814804988
    </ns3:Speed><nax:Nax>
      <nax:Pace>
      4.064493614369629
    </nax:Pace>
    </nax:Nax>
    </TPX>
    </Extensions>
    </Trackpoint>
<Trackpoint>
      <Time>
      2023-08-20T09:22:49.391Z
    </Time><DistanceMeters>
      9.448652787134051
    </DistanceMeters><Cadence>
      169.62315559387207
    </Cadence><SensorState>
      Present
    </SensorState>
    </Trackpoint>
<Trackpoint>
      <Time>
      2023-08-20T09:22:49.447Z
    </Time><SensorState>
      Present
    </SensorState><Extensions>
      <TPX xmlns="http://www.garmin.com/xmlschemas/ActivityExtension/v2">
      <nax:Nax>
      <nax:AscentInMeters>
      0.3000001907348633
    </nax:AscentInMeters>
    </nax:Nax>
    </TPX>
    </Extensions>
    </Trackpoint>
<Trackpoint>
      <Time>
      2023-08-20T09:22:50.000Z
    </Time><Position>
      <LatitudeDegrees>
      15.005723429276445
    </LatitudeDegrees><LongitudeDegrees>
      120.64161244371226
    </LongitudeDegrees>
    </Position><AltitudeMeters>
      13.567991649154095
    </AltitudeMeters><SensorState>
      Present
    </SensorState>
    </Trackpoint>
<Trackpoint>
      <Time>
      2023-08-20T09:22:51.946Z
    </Time><SensorState>
      Present
    </SensorState><Extensions>
      <TPX xmlns="http://www.garmin.com/xmlschemas/ActivityExtension/v2">
      <ns3:Speed>
      4.11189919901393
    </ns3:Speed><nax:Nax>
      <nax:Pace>
      4.053277052770039
    </nax:Pace>
    </nax:Nax>
    </TPX>
    </Extensions>
    </Trackpoint>
<Trackpoint>
      <Time>
      2023-08-20T09:22:51.947Z
    </Time><DistanceMeters>
      10.356298911385238
    </DistanceMeters><Cadence>
      168.9419460296631
    </Cadence><SensorState>
      Present
    </SensorState>
    </Trackpoint>
<Trackpoint>
      <Time>
      2023-08-20T09:22:52.003Z
    </Time><SensorState>
      Present
    </SensorState><Extensions>
      <TPX xmlns="http://www.garmin.com/xmlschemas/ActivityExtension/v2">
      <nax:Nax>
      <nax:AscentInMeters>
      0.01999950408935547
    </nax:AscentInMeters>
    </nax:Nax>
    </TPX>
    </Extensions>
    </Trackpoint>
<Trackpoint>
      <Time>
      2023-08-20T09:22:52.497Z
    </Time><HeartRateBpm>
      <Value>
      190
    </Value>
    </HeartRateBpm><SensorState>
      Present
    </SensorState>
    </Trackpoint>
<Trackpoint>
      <Time>
      2023-08-20T09:22:53.000Z
    </Time><Position>
      <LatitudeDegrees>
      15.00579351137559
    </LatitudeDegrees><LongitudeDegrees>
      120.64152888831111
    </LongitudeDegrees>
    </Position><AltitudeMeters>
      13.719940505789097
    </AltitudeMeters><SensorState>
      Present
    </SensorState><Extensions>
      <TPX xmlns="http://www.garmin.com/xmlschemas/ActivityExtension/v2">
      <nax:Nax>
      <nax:NikeFuel>
      10.598073602143067
    </nax:NikeFuel>
    </nax:Nax>
    </TPX>
    </Extensions>
    </Trackpoint>
<Trackpoint>
      <Time>
      2023-08-20T09:22:54.502Z
    </Time><SensorState>
      Present
    </SensorState><Extensions>
      <TPX xmlns="http://www.garmin.com/xmlschemas/ActivityExtension/v2">
      <ns3:Speed>
      4.1868540244168395
    </ns3:Speed><nax:Nax>
      <nax:Pace>
      3.980713578613017
    </nax:Pace>
    </nax:Nax>
    </TPX>
    </Extensions>
    </Trackpoint>
<Trackpoint>
      <Time>
      2023-08-20T09:22:54.503Z
    </Time><DistanceMeters>
      9.594890947453678
    </DistanceMeters><Cadence>
      169.62315559387207
    </Cadence><SensorState>
      Present
    </SensorState>
    </Trackpoint>
<Trackpoint>
      <Time>
      2023-08-20T09:22:56.000Z
    </Time><Position>
      <LatitudeDegrees>
      15.005865124239273
    </LatitudeDegrees><LongitudeDegrees>
      120.64144281886814
    </LongitudeDegrees>
    </Position><AltitudeMeters>
      13.623761059777884
    </AltitudeMeters><SensorState>
      Present
    </SensorState>
    </Trackpoint>
<Trackpoint>
      <Time>
      2023-08-20T09:22:57.058Z
    </Time><SensorState>
      Present
    </SensorState><Extensions>
      <TPX xmlns="http://www.garmin.com/xmlschemas/ActivityExtension/v2">
      <ns3:Speed>
      4.205932438488828
    </ns3:Speed><nax:Nax>
      <nax:Pace>
      3.9626567735964215
    </nax:Pace>
    </nax:Nax>
    </TPX>
    </Extensions>
    </Trackpoint>
<Trackpoint>
      <Time>
      2023-08-20T09:22:57.059Z
    </Time><DistanceMeters>
      11.151943700388074
    </DistanceMeters><Cadence>
      169.62315559387207
    </Cadence><SensorState>
      Present
    </SensorState>
    </Trackpoint>
<Trackpoint>
      <Time>
      2023-08-20T09:22:59.000Z
    </Time><Position>
      <LatitudeDegrees>
      15.005937087348375
    </LatitudeDegrees><LongitudeDegrees>
      120.64136574331332
    </LongitudeDegrees>
    </Position><AltitudeMeters>
      13.19142883130683
    </AltitudeMeters><SensorState>
      Present
    </SensorState>
    </Trackpoint>
<Trackpoint>
      <Time>
      2023-08-20T09:22:59.614Z
    </Time><SensorState>
      Present
    </SensorState><Extensions>
      <TPX xmlns="http://www.garmin.com/xmlschemas/ActivityExtension/v2">
      <ns3:Speed>
      4.131035790284058
    </ns3:Speed><nax:Nax>
      <nax:Pace>
      4.034500670719349
    </nax:Pace>
    </nax:Nax>
    </TPX>
    </Extensions>
    </Trackpoint>
<Trackpoint>
      <Time>
      2023-08-20T09:22:59.615Z
    </Time><DistanceMeters>
      9.367452408187091
    </DistanceMeters><Cadence>
      170.65531253814697
    </Cadence><SensorState>
      Present
    </SensorState>
    </Trackpoint>
<Trackpoint>
      <Time>
      2023-08-20T09:23:02.000Z
    </Time><Position>
      <LatitudeDegrees>
      15.00600413032305
    </LatitudeDegrees><LongitudeDegrees>
      120.64128182995246
    </LongitudeDegrees>
    </Position><AltitudeMeters>
      12.838542240422285
    </AltitudeMeters><SensorState>
      Present
    </SensorState>
    </Trackpoint>
<Trackpoint>
      <Time>
      2023-08-20T09:23:02.170Z
    </Time><SensorState>
      Present
    </SensorState><Extensions>
      <TPX xmlns="http://www.garmin.com/xmlschemas/ActivityExtension/v2">
      <ns3:Speed>
      4.124223126412521
    </ns3:Speed><nax:Nax>
      <nax:Pace>
      4.041165125118791
    </nax:Pace>
    </nax:Nax>
    </TPX>
    </Extensions>
    </Trackpoint>
<Trackpoint>
      <Time>
      2023-08-20T09:23:02.171Z
    </Time><DistanceMeters>
      9.730974938720465
    </DistanceMeters><Cadence>
      170.65531253814697
    </Cadence><SensorState>
      Present
    </SensorState>
    </Trackpoint>
<Trackpoint>
      <Time>
      2023-08-20T09:23:02.227Z
    </Time><SensorState>
      Present
    </SensorState><Extensions>
      <TPX xmlns="http://www.garmin.com/xmlschemas/ActivityExtension/v2">
      <nax:Nax>
      <nax:DescentInMeters>
      0.2800002098083496
    </nax:DescentInMeters>
    </nax:Nax>
    </TPX>
    </Extensions>
    </Trackpoint>
<Trackpoint>
      <Time>
      2023-08-20T09:23:03.000Z
    </Time><SensorState>
      Present
    </SensorState><Extensions>
      <TPX xmlns="http://www.garmin.com/xmlschemas/ActivityExtension/v2">
      <nax:Nax>
      <nax:NikeFuel>
      10.241197573469103
    </nax:NikeFuel>
    </nax:Nax>
    </TPX>
    </Extensions>
    </Trackpoint>
<Trackpoint>
      <Time>
      2023-08-20T09:23:04.726Z
    </Time><SensorState>
      Present
    </SensorState><Extensions>
      <TPX xmlns="http://www.garmin.com/xmlschemas/ActivityExtension/v2">
      <ns3:Speed>
      4.049534122239571
    </ns3:Speed><nax:Nax>
      <nax:Pace>
      4.1156997727554065
    </nax:Pace>
    </nax:Nax>
    </TPX>
    </Extensions>
    </Trackpoint>
<Trackpoint>
      <Time>
      2023-08-20T09:23:04.727Z
    </Time><DistanceMeters>
      9.143124873749912
    </DistanceMeters><Cadence>
      170.72457790374756
    </Cadence><SensorState>
      Present
    </SensorState>
    </Trackpoint>
<Trackpoint>
      <Time>
      2023-08-20T09:23:04.783Z
    </Time><SensorState>
      Present
    </SensorState><Extensions>
      <TPX xmlns="http://www.garmin.com/xmlschemas/ActivityExtension/v2">
      <nax:Nax>
      <nax:DescentInMeters>
      0.01999950408935547
    </nax:DescentInMeters>
    </nax:Nax>
    </TPX>
    </Extensions>
    </Trackpoint>
<Trackpoint>
      <Time>
      2023-08-20T09:23:05.000Z
    </Time><Position>
      <LatitudeDegrees>
      15.00607547918124
    </LatitudeDegrees><LongitudeDegrees>
      120.64120241999609
    </LongitudeDegrees>
    </Position><AltitudeMeters>
      12.641361881912673
    </AltitudeMeters><SensorState>
      Present
    </SensorState>
    </Trackpoint>
<Trackpoint>
      <Time>
      2023-08-20T09:23:07.282Z
    </Time><SensorState>
      Present
    </SensorState><Extensions>
      <TPX xmlns="http://www.garmin.com/xmlschemas/ActivityExtension/v2">
      <ns3:Speed>
      4.024708697663931
    </ns3:Speed><nax:Nax>
      <nax:Pace>
      4.141086453372522
    </nax:Pace>
    </nax:Nax>
    </TPX>
    </Extensions>
    </Trackpoint>
<Trackpoint>
      <Time>
      2023-08-20T09:23:07.283Z
    </Time><DistanceMeters>
      9.837592764757574
    </DistanceMeters><Cadence>
      170.72457790374756
    </Cadence><SensorState>
      Present
    </SensorState>
    </Trackpoint>
<Trackpoint>
      <Time>
      2023-08-20T09:23:08.000Z
    </Time><Position>
      <LatitudeDegrees>
      15.00614541906065
    </LatitudeDegrees><LongitudeDegrees>
      120.64112795597431
    </LongitudeDegrees>
    </Position><AltitudeMeters>
      12.277356687508174
    </AltitudeMeters><SensorState>
      Present
    </SensorState>
    </Trackpoint>
<Trackpoint>
      <Time>
      2023-08-20T09:23:09.838Z
    </Time><SensorState>
      Present
    </SensorState><Extensions>
      <TPX xmlns="http://www.garmin.com/xmlschemas/ActivityExtension/v2">
      <ns3:Speed>
      3.9947379133407743
    </ns3:Speed><nax:Nax>
      <nax:Pace>
      4.172155227257059
    </nax:Pace>
    </nax:Nax>
    </TPX>
    </Extensions>
    </Trackpoint>
<Trackpoint>
      <Time>
      2023-08-20T09:23:09.839Z
    </Time><DistanceMeters>
      11.246712536551058
    </DistanceMeters><Cadence>
      170.72457790374756
    </Cadence><SensorState>
      Present
    </SensorState>
    </Trackpoint>
<Trackpoint>
      <Time>
      2023-08-20T09:23:09.895Z
    </Time><SensorState>
      Present
    </SensorState><Extensions>
      <TPX xmlns="http://www.garmin.com/xmlschemas/ActivityExtension/v2">
      <nax:Nax>
      <nax:DescentInMeters>
      0.06000041961669922
    </nax:DescentInMeters>
    </nax:Nax>
    </TPX>
    </Extensions>
    </Trackpoint>
<Trackpoint>
      <Time>
      2023-08-20T09:23:11.000Z
    </Time><Position>
      <LatitudeDegrees>
      15.006214017597635
    </LatitudeDegrees><LongitudeDegrees>
      120.6410403470317
    </LongitudeDegrees>
    </Position><AltitudeMeters>
      12.06672482842717
    </AltitudeMeters><SensorState>
      Present
    </SensorState>
    </Trackpoint>
<Trackpoint>
      <Time>
      2023-08-20T09:23:12.394Z
    </Time><SensorState>
      Present
    </SensorState><Extensions>
      <TPX xmlns="http://www.garmin.com/xmlschemas/ActivityExtension/v2">
      <ns3:Speed>
      3.992338746359676
    </ns3:Speed><nax:Nax>
      <nax:Pace>
      4.174662453646698
    </nax:Pace>
    </nax:Nax>
    </TPX>
    </Extensions>
    </Trackpoint>
<Trackpoint>
      <Time>
      2023-08-20T09:23:12.395Z
    </Time><DistanceMeters>
      9.003242067992687
    </DistanceMeters><Cadence>
      170.72457790374756
    </Cadence><SensorState>
      Present
    </SensorState>
    </Trackpoint>
<Trackpoint>
      <Time>
      2023-08-20T09:23:13.000Z
    </Time><SensorState>
      Present
    </SensorState><Extensions>
      <TPX xmlns="http://www.garmin.com/xmlschemas/ActivityExtension/v2">
      <nax:Nax>
      <nax:NikeFuel>
      9.798112226739356
    </nax:NikeFuel>
    </nax:Nax>
    </TPX>
    </Extensions>
    </Trackpoint>
<Trackpoint>
      <Time>
      2023-08-20T09:23:13.497Z
    </Time><HeartRateBpm>
      <Value>
      189
    </Value>
    </HeartRateBpm><SensorState>
      Present
    </SensorState>
    </Trackpoint>
<Trackpoint>
      <Time>
      2023-08-20T09:23:14.000Z
    </Time><Position>
      <LatitudeDegrees>
      15.006281421362308
    </LatitudeDegrees><LongitudeDegrees>
      120.64095977069604
    </LongitudeDegrees>
    </Position><AltitudeMeters>
      11.931092305364139
    </AltitudeMeters><SensorState>
      Present
    </SensorState>
    </Trackpoint>
<Trackpoint>
      <Time>
      2023-08-20T09:23:14.950Z
    </Time><SensorState>
      Present
    </SensorState><Extensions>
      <TPX xmlns="http://www.garmin.com/xmlschemas/ActivityExtension/v2">
      <ns3:Speed>
      3.936860555483863
    </ns3:Speed><nax:Nax>
      <nax:Pace>
      4.2334917459676795
    </nax:Pace>
    </nax:Nax>
    </TPX>
    </Extensions>
    </Trackpoint>
<Trackpoint>
      <Time>
      2023-08-20T09:23:14.951Z
    </Time><DistanceMeters>
      8.865258337929845
    </DistanceMeters><Cadence>
      170.72457790374756
    </Cadence><SensorState>
      Present
    </SensorState>
    </Trackpoint>
<Trackpoint>
      <Time>
      2023-08-20T09:23:15.007Z
    </Time><SensorState>
      Present
    </SensorState><Extensions>
      <TPX xmlns="http://www.garmin.com/xmlschemas/ActivityExtension/v2">
      <nax:Nax>
      <nax:AscentInMeters>
      0.04000043869018555
    </nax:AscentInMeters>
    </nax:Nax>
    </TPX>
    </Extensions>
    </Trackpoint>
<Trackpoint>
      <Time>
      2023-08-20T09:23:17.000Z
    </Time><Position>
      <LatitudeDegrees>
      15.006349328482937
    </LatitudeDegrees><LongitudeDegrees>
      120.64088753330977
    </LongitudeDegrees>
    </Position><AltitudeMeters>
      11.933430617932231
    </AltitudeMeters><SensorState>
      Present
    </SensorState>
    </Trackpoint>
<Trackpoint>
      <Time>
      2023-08-20T09:23:17.506Z
    </Time><SensorState>
      Present
    </SensorState><Extensions>
      <TPX xmlns="http://www.garmin.com/xmlschemas/ActivityExtension/v2">
      <ns3:Speed>
      3.879622181804727
    </ns3:Speed><nax:Nax>
      <nax:Pace>
      4.295950967811419
    </nax:Pace>
    </nax:Nax>
    </TPX>
    </Extensions>
    </Trackpoint>
<Trackpoint>
      <Time>
      2023-08-20T09:23:17.507Z
    </Time><DistanceMeters>
      8.822647348977625
    </DistanceMeters><Cadence>
      170.72457790374756
    </Cadence><SensorState>
      Present
    </SensorState>
    </Trackpoint>
<Trackpoint>
      <Time>
      2023-08-20T09:23:17.563Z
    </Time><SensorState>
      Present
    </SensorState><Extensions>
      <TPX xmlns="http://www.garmin.com/xmlschemas/ActivityExtension/v2">
      <nax:Nax>
      <nax:AscentInMeters>
      0.029999732971191406
    </nax:AscentInMeters>
    </nax:Nax>
    </TPX>
    </Extensions>
    </Trackpoint>
<Trackpoint>
      <Time>
      2023-08-20T09:23:20.062Z
    </Time><SensorState>
      Present
    </SensorState><Extensions>
      <TPX xmlns="http://www.garmin.com/xmlschemas/ActivityExtension/v2">
      <ns3:Speed>
      3.7793486953028657
    </ns3:Speed><nax:Nax>
      <nax:Pace>
      4.409930919414952
    </nax:Pace>
    </nax:Nax>
    </TPX>
    </Extensions>
    </Trackpoint>
<Trackpoint>
      <Time>
      2023-08-20T09:23:20.063Z
    </Time><DistanceMeters>
      8.625583129003644
    </DistanceMeters><Cadence>
      170.72410583496094
    </Cadence><SensorState>
      Present
    </SensorState>
    </Trackpoint>
<Trackpoint>
      <Time>
      2023-08-20T09:23:20.119Z
    </Time><SensorState>
      Present
    </SensorState><Extensions>
      <TPX xmlns="http://www.garmin.com/xmlschemas/ActivityExtension/v2">
      <nax:Nax>
      <nax:AscentInMeters>
      0.010000228881835938
    </nax:AscentInMeters>
    </nax:Nax>
    </TPX>
    </Extensions>
    </Trackpoint>
<Trackpoint>
      <Time>
      2023-08-20T09:23:21.000Z
    </Time><Position>
      <LatitudeDegrees>
      15.006429015402988
    </LatitudeDegrees><LongitudeDegrees>
      120.64080230830093
    </LongitudeDegrees>
    </Position><AltitudeMeters>
      12.023003681564546
    </AltitudeMeters><SensorState>
      Present
    </SensorState>
    </Trackpoint>
<Trackpoint>
      <Time>
      2023-08-20T09:23:22.618Z
    </Time><SensorState>
      Present
    </SensorState><Extensions>
      <TPX xmlns="http://www.garmin.com/xmlschemas/ActivityExtension/v2">
      <ns3:Speed>
      3.737028783996059
    </ns3:Speed><nax:Nax>
      <nax:Pace>
      4.459871098141437
    </nax:Pace>
    </nax:Nax>
    </TPX>
    </Extensions>
    </Trackpoint>
<Trackpoint>
      <Time>
      2023-08-20T09:23:22.619Z
    </Time><DistanceMeters>
      8.557147156447172
    </DistanceMeters><Cadence>
      171.25479698181152
    </Cadence><SensorState>
      Present
    </SensorState>
    </Trackpoint>
<Trackpoint>
      <Time>
      2023-08-20T09:23:22.674Z
    </Time><SensorState>
      Present
    </SensorState><Extensions>
      <TPX xmlns="http://www.garmin.com/xmlschemas/ActivityExtension/v2">
      <nax:Nax>
      <nax:AscentInMeters>
      0.08999967575073242
    </nax:AscentInMeters>
    </nax:Nax>
    </TPX>
    </Extensions>
    </Trackpoint>
<Trackpoint>
      <Time>
      2023-08-20T09:23:23.000Z
    </Time><SensorState>
      Present
    </SensorState><Extensions>
      <TPX xmlns="http://www.garmin.com/xmlschemas/ActivityExtension/v2">
      <nax:Nax>
      <nax:NikeFuel>
      9.555830931420372
    </nax:NikeFuel>
    </nax:Nax>
    </TPX>
    </Extensions>
    </Trackpoint>
<Trackpoint>
      <Time>
      2023-08-20T09:23:24.000Z
    </Time><Position>
      <LatitudeDegrees>
      15.006497986170286
    </LatitudeDegrees><LongitudeDegrees>
      120.64073041318647
    </LongitudeDegrees>
    </Position><AltitudeMeters>
      12.068680949158413
    </AltitudeMeters><SensorState>
      Present
    </SensorState>
    </Trackpoint>
<Trackpoint>
      <Time>
      2023-08-20T09:23:24.497Z
    </Time><HeartRateBpm>
      <Value>
      189
    </Value>
    </HeartRateBpm><SensorState>
      Present
    </SensorState>
    </Trackpoint>
<Trackpoint>
      <Time>
      2023-08-20T09:23:25.174Z
    </Time><SensorState>
      Present
    </SensorState><Extensions>
      <TPX xmlns="http://www.garmin.com/xmlschemas/ActivityExtension/v2">
      <ns3:Speed>
      3.7127286710711265
    </ns3:Speed><nax:Nax>
      <nax:Pace>
      4.4890613193821975
    </nax:Pace>
    </nax:Nax>
    </TPX>
    </Extensions>
    </Trackpoint>
<Trackpoint>
      <Time>
      2023-08-20T09:23:25.175Z
    </Time><DistanceMeters>
      9.845139504410326
    </DistanceMeters><Cadence>
      171.04810237884521
    </Cadence><SensorState>
      Present
    </SensorState>
    </Trackpoint>
<Trackpoint>
      <Time>
      2023-08-20T09:23:25.230Z
    </Time><SensorState>
      Present
    </SensorState><Extensions>
      <TPX xmlns="http://www.garmin.com/xmlschemas/ActivityExtension/v2">
      <nax:Nax>
      <nax:AscentInMeters>
      0.06000041961669922
    </nax:AscentInMeters>
    </nax:Nax>
    </TPX>
    </Extensions>
    </Trackpoint>
<Trackpoint>
      <Time>
      2023-08-20T09:23:27.000Z
    </Time><Position>
      <LatitudeDegrees>
      15.006563383650322
    </LatitudeDegrees><LongitudeDegrees>
      120.64066113480261
    </LongitudeDegrees>
    </Position><AltitudeMeters>
      12.09420995299486
    </AltitudeMeters><SensorState>
      Present
    </SensorState>
    </Trackpoint>
<Trackpoint>
      <Time>
      2023-08-20T09:23:27.730Z
    </Time><SensorState>
      Present
    </SensorState><Extensions>
      <TPX xmlns="http://www.garmin.com/xmlschemas/ActivityExtension/v2">
      <ns3:Speed>
      3.727406643432143
    </ns3:Speed><nax:Nax>
      <nax:Pace>
      4.471384064315622
    </nax:Pace>
    </nax:Nax>
    </TPX>
    </Extensions>
    </Trackpoint>
<Trackpoint>
      <Time>
      2023-08-20T09:23:27.731Z
    </Time><DistanceMeters>
      8.829915160313249
    </DistanceMeters><Cadence>
      170.7766056060791
    </Cadence><SensorState>
      Present
    </SensorState>
    </Trackpoint>
<Trackpoint>
      <Time>
      2023-08-20T09:23:30.000Z
    </Time><Position>
      <LatitudeDegrees>
      15.006627761934515
    </LatitudeDegrees><LongitudeDegrees>
      120.64058770963786
    </LongitudeDegrees>
    </Position><AltitudeMeters>
      12.061206210031123
    </AltitudeMeters><SensorState>
      Present
    </SensorState>
    </Trackpoint>
<Trackpoint>
      <Time>
      2023-08-20T09:23:30.286Z
    </Time><SensorState>
      Present
    </SensorState><Extensions>
      <TPX xmlns="http://www.garmin.com/xmlschemas/ActivityExtension/v2">
      <ns3:Speed>
      3.736613348063612
    </ns3:Speed><nax:Nax>
      <nax:Pace>
      4.460366945727384
    </nax:Pace>
    </nax:Nax>
    </TPX>
    </Extensions>
    </Trackpoint>
<Trackpoint>
      <Time>
      2023-08-20T09:23:30.287Z
    </Time><DistanceMeters>
      9.055838198401034
    </DistanceMeters><Cadence>
      170.81239700317383
    </Cadence><SensorState>
      Present
    </SensorState>
    </Trackpoint>
<Trackpoint>
      <Time>
      2023-08-20T09:23:30.342Z
    </Time><SensorState>
      Present
    </SensorState><Extensions>
      <TPX xmlns="http://www.garmin.com/xmlschemas/ActivityExtension/v2">
      <nax:Nax>
      <nax:AscentInMeters>
      0.06999969482421875
    </nax:AscentInMeters>
    </nax:Nax>
    </TPX>
    </Extensions>
    </Trackpoint>
<Trackpoint>
      <Time>
      2023-08-20T09:23:32.842Z
    </Time><SensorState>
      Present
    </SensorState><Extensions>
      <TPX xmlns="http://www.garmin.com/xmlschemas/ActivityExtension/v2">
      <ns3:Speed>
      3.7577863664842854
    </ns3:Speed><nax:Nax>
      <nax:Pace>
      4.4352352798223835
    </nax:Pace>
    </nax:Nax>
    </TPX>
    </Extensions>
    </Trackpoint>
<Trackpoint>
      <Time>
      2023-08-20T09:23:32.843Z
    </Time><DistanceMeters>
      9.009420809336007
    </DistanceMeters><Cadence>
      170.45830249786377
    </Cadence><SensorState>
      Present
    </SensorState>
    </Trackpoint>
<Trackpoint>
      <Time>
      2023-08-20T09:23:32.899Z
    </Time><SensorState>
      Present
    </SensorState><Extensions>
      <TPX xmlns="http://www.garmin.com/xmlschemas/ActivityExtension/v2">
      <nax:Nax>
      <nax:DescentInMeters>
      0.06999969482421875
    </nax:DescentInMeters>
    </nax:Nax>
    </TPX>
    </Extensions>
    </Trackpoint>
<Trackpoint>
      <Time>
      2023-08-20T09:23:33.000Z
    </Time><Position>
      <LatitudeDegrees>
      15.006695313044279
    </LatitudeDegrees><LongitudeDegrees>
      120.64051294936127
    </LongitudeDegrees>
    </Position><AltitudeMeters>
      12.029221153398979
    </AltitudeMeters><SensorState>
      Present
    </SensorState><Extensions>
      <TPX xmlns="http://www.garmin.com/xmlschemas/ActivityExtension/v2">
      <nax:Nax>
      <nax:NikeFuel>
      9.606723709029502
    </nax:NikeFuel>
    </nax:Nax>
    </TPX>
    </Extensions>
    </Trackpoint>
<Trackpoint>
      <Time>
      2023-08-20T09:23:35.397Z
    </Time><SensorState>
      Present
    </SensorState><Extensions>
      <TPX xmlns="http://www.garmin.com/xmlschemas/ActivityExtension/v2">
      <ns3:Speed>
      3.733824837521997
    </ns3:Speed><nax:Nax>
      <nax:Pace>
      4.463698055457718
    </nax:Pace>
    </nax:Nax>
    </TPX>
    </Extensions>
    </Trackpoint>
<Trackpoint>
      <Time>
      2023-08-20T09:23:35.398Z
    </Time><DistanceMeters>
      9.69924196228385
    </DistanceMeters><Cadence>
      170.35705089569092
    </Cadence><SensorState>
      Present
    </SensorState>
    </Trackpoint>
<Trackpoint>
      <Time>
      2023-08-20T09:23:36.000Z
    </Time><Position>
      <LatitudeDegrees>
      15.00676599260723
    </LatitudeDegrees><LongitudeDegrees>
      120.64044292879447
    </LongitudeDegrees>
    </Position><AltitudeMeters>
      12.229178865137783
    </AltitudeMeters><SensorState>
      Present
    </SensorState>
    </Trackpoint>
<Trackpoint>
      <Time>
      2023-08-20T09:23:37.953Z
    </Time><SensorState>
      Present
    </SensorState><Extensions>
      <TPX xmlns="http://www.garmin.com/xmlschemas/ActivityExtension/v2">
      <ns3:Speed>
      3.768364373443213
    </ns3:Speed><nax:Nax>
      <nax:Pace>
      4.422785329391615
    </nax:Pace>
    </nax:Nax>
    </TPX>
    </Extensions>
    </Trackpoint>
<Trackpoint>
      <Time>
      2023-08-20T09:23:37.954Z
    </Time><DistanceMeters>
      9.93243043962866
    </DistanceMeters><Cadence>
      170.51874160766602
    </Cadence><SensorState>
      Present
    </SensorState>
    </Trackpoint>
<Trackpoint>
      <Time>
      2023-08-20T09:23:39.000Z
    </Time><Position>
      <LatitudeDegrees>
      15.006839421028689
    </LatitudeDegrees><LongitudeDegrees>
      120.64036569646666
    </LongitudeDegrees>
    </Position><AltitudeMeters>
      12.44629532647236
    </AltitudeMeters><SensorState>
      Present
    </SensorState>
    </Trackpoint>
<Trackpoint>
      <Time>
      2023-08-20T09:23:40.509Z
    </Time><SensorState>
      Present
    </SensorState><Extensions>
      <TPX xmlns="http://www.garmin.com/xmlschemas/ActivityExtension/v2">
      <ns3:Speed>
      3.7614651774805385
    </ns3:Speed><nax:Nax>
      <nax:Pace>
      4.430897504102415
    </nax:Pace>
    </nax:Nax>
    </TPX>
    </Extensions>
    </Trackpoint>
<Trackpoint>
      <Time>
      2023-08-20T09:23:40.510Z
    </Time><DistanceMeters>
      9.04729317408055
    </DistanceMeters><Cadence>
      170.69766998291016
    </Cadence><SensorState>
      Present
    </SensorState>
    </Trackpoint>
<Trackpoint>
      <Time>
      2023-08-20T09:23:40.566Z
    </Time><SensorState>
      Present
    </SensorState><Extensions>
      <TPX xmlns="http://www.garmin.com/xmlschemas/ActivityExtension/v2">
      <nax:Nax>
      <nax:DescentInMeters>
      0.18000030517578125
    </nax:DescentInMeters>
    </nax:Nax>
    </TPX>
    </Extensions>
    </Trackpoint>
<Trackpoint>
      <Time>
      2023-08-20T09:23:42.000Z
    </Time><Position>
      <LatitudeDegrees>
      15.006900385461627
    </LatitudeDegrees><LongitudeDegrees>
      120.64028574454782
    </LongitudeDegrees>
    </Position><AltitudeMeters>
      12.549046345073243
    </AltitudeMeters><SensorState>
      Present
    </SensorState>
    </Trackpoint>
<Trackpoint>
      <Time>
      2023-08-20T09:23:43.000Z
    </Time><SensorState>
      Present
    </SensorState><Extensions>
      <TPX xmlns="http://www.garmin.com/xmlschemas/ActivityExtension/v2">
      <nax:Nax>
      <nax:NikeFuel>
      9.604255518905967
    </nax:NikeFuel>
    </nax:Nax>
    </TPX>
    </Extensions>
    </Trackpoint>
<Trackpoint>
      <Time>
      2023-08-20T09:23:43.065Z
    </Time><SensorState>
      Present
    </SensorState><Extensions>
      <TPX xmlns="http://www.garmin.com/xmlschemas/ActivityExtension/v2">
      <ns3:Speed>
      3.7534678767492693
    </ns3:Speed><nax:Nax>
      <nax:Pace>
      4.440338165648832
    </nax:Pace>
    </nax:Nax>
    </TPX>
    </Extensions>
    </Trackpoint>
<Trackpoint>
      <Time>
      2023-08-20T09:23:43.066Z
    </Time><DistanceMeters>
      9.558533699251711
    </DistanceMeters><Cadence>
      170.72426319122314
    </Cadence><SensorState>
      Present
    </SensorState>
    </Trackpoint>
<Trackpoint>
      <Time>
      2023-08-20T09:23:43.124Z
    </Time><SensorState>
      Present
    </SensorState><Extensions>
      <TPX xmlns="http://www.garmin.com/xmlschemas/ActivityExtension/v2">
      <nax:Nax>
      <nax:DescentInMeters>
      0.009999752044677734
    </nax:DescentInMeters>
    </nax:Nax>
    </TPX>
    </Extensions>
    </Trackpoint>
<Trackpoint>
      <Time>
      2023-08-20T09:23:45.000Z
    </Time><Position>
      <LatitudeDegrees>
      15.006963416066913
    </LatitudeDegrees><LongitudeDegrees>
      120.64020100354816
    </LongitudeDegrees>
    </Position><AltitudeMeters>
      12.754995675949338
    </AltitudeMeters><SensorState>
      Present
    </SensorState>
    </Trackpoint>
<Trackpoint>
      <Time>
      2023-08-20T09:23:45.621Z
    </Time><SensorState>
      Present
    </SensorState><Extensions>
      <TPX xmlns="http://www.garmin.com/xmlschemas/ActivityExtension/v2">
      <ns3:Speed>
      3.7424790552898295
    </ns3:Speed><nax:Nax>
      <nax:Pace>
      4.45337606982972
    </nax:Pace>
    </nax:Nax>
    </TPX>
    </Extensions>
    </Trackpoint>
<Trackpoint>
      <Time>
      2023-08-20T09:23:45.622Z
    </Time><DistanceMeters>
      10.915693984366953
    </DistanceMeters><Cadence>
      171.0335111618042
    </Cadence><SensorState>
      Present
    </SensorState>
    </Trackpoint>
<Trackpoint>
      <Time>
      2023-08-20T09:23:48.000Z
    </Time><Position>
      <LatitudeDegrees>
      15.00703292412155
    </LatitudeDegrees><LongitudeDegrees>
      120.64011677595009
    </LongitudeDegrees>
    </Position><AltitudeMeters>
      12.832482383999185
    </AltitudeMeters><SensorState>
      Present
    </SensorState>
    </Trackpoint>
<Trackpoint>
      <Time>
      2023-08-20T09:23:48.177Z
    </Time><SensorState>
      Present
    </SensorState><Extensions>
      <TPX xmlns="http://www.garmin.com/xmlschemas/ActivityExtension/v2">
      <ns3:Speed>
      3.757346639329973
    </ns3:Speed><nax:Nax>
      <nax:Pace>
      4.435754341164205
    </nax:Pace>
    </nax:Nax>
    </TPX>
    </Extensions>
    </Trackpoint>
<Trackpoint>
      <Time>
      2023-08-20T09:23:48.178Z
    </Time><DistanceMeters>
      10.006664274260402
    </DistanceMeters><Cadence>
      171.0311794281006
    </Cadence><SensorState>
      Present
    </SensorState>
    </Trackpoint>
<Trackpoint>
      <Time>
      2023-08-20T09:23:48.235Z
    </Time><SensorState>
      Present
    </SensorState><Extensions>
      <TPX xmlns="http://www.garmin.com/xmlschemas/ActivityExtension/v2">
      <nax:Nax>
      <nax:DescentInMeters>
      0.09999990463256836
    </nax:DescentInMeters>
    </nax:Nax>
    </TPX>
    </Extensions>
    </Trackpoint>
<Trackpoint>
      <Time>
      2023-08-20T09:23:50.733Z
    </Time><SensorState>
      Present
    </SensorState><Extensions>
      <TPX xmlns="http://www.garmin.com/xmlschemas/ActivityExtension/v2">
      <ns3:Speed>
      3.760854425188211
    </ns3:Speed><nax:Nax>
      <nax:Pace>
      4.431617069526053
    </nax:Pace>
    </nax:Nax>
    </TPX>
    </Extensions>
    </Trackpoint>
<Trackpoint>
      <Time>
      2023-08-20T09:23:50.734Z
    </Time><DistanceMeters>
      8.998813069425523
    </DistanceMeters><Cadence>
      171.0311794281006
    </Cadence><SensorState>
      Present
    </SensorState>
    </Trackpoint>
<Trackpoint>
      <Time>
      2023-08-20T09:23:50.790Z
    </Time><SensorState>
      Present
    </SensorState><Extensions>
      <TPX xmlns="http://www.garmin.com/xmlschemas/ActivityExtension/v2">
      <nax:Nax>
      <nax:DescentInMeters>
      0.07999992370605469
    </nax:DescentInMeters>
    </nax:Nax>
    </TPX>
    </Extensions>
    </Trackpoint>
<Trackpoint>
      <Time>
      2023-08-20T09:23:51.000Z
    </Time><Position>
      <LatitudeDegrees>
      15.007110910103705
    </LatitudeDegrees><LongitudeDegrees>
      120.64003649123237
    </LongitudeDegrees>
    </Position><AltitudeMeters>
      12.927933538727245
    </AltitudeMeters><SensorState>
      Present
    </SensorState>
    </Trackpoint>
<Trackpoint>
      <Time>
      2023-08-20T09:23:53.000Z
    </Time><SensorState>
      Present
    </SensorState><Extensions>
      <TPX xmlns="http://www.garmin.com/xmlschemas/ActivityExtension/v2">
      <nax:Nax>
      <nax:NikeFuel>
      9.567213869973154
    </nax:NikeFuel>
    </nax:Nax>
    </TPX>
    </Extensions>
    </Trackpoint>
<Trackpoint>
      <Time>
      2023-08-20T09:23:53.289Z
    </Time><SensorState>
      Present
    </SensorState><Extensions>
      <TPX xmlns="http://www.garmin.com/xmlschemas/ActivityExtension/v2">
      <ns3:Speed>
      3.7911482700437076
    </ns3:Speed><nax:Nax>
      <nax:Pace>
      4.396205444762127
    </nax:Pace>
    </nax:Nax>
    </TPX>
    </Extensions>
    </Trackpoint>
<Trackpoint>
      <Time>
      2023-08-20T09:23:53.290Z
    </Time><DistanceMeters>
      9.773057309910655
    </DistanceMeters><Cadence>
      170.988450050354
    </Cadence><SensorState>
      Present
    </SensorState>
    </Trackpoint>
<Trackpoint>
      <Time>
      2023-08-20T09:23:53.348Z
    </Time><SensorState>
      Present
    </SensorState><Extensions>
      <TPX xmlns="http://www.garmin.com/xmlschemas/ActivityExtension/v2">
      <nax:Nax>
      <nax:DescentInMeters>
      0.08000040054321289
    </nax:DescentInMeters>
    </nax:Nax>
    </TPX>
    </Extensions>
    </Trackpoint>
<Trackpoint>
      <Time>
      2023-08-20T09:23:54.000Z
    </Time><Position>
      <LatitudeDegrees>
      15.007177907193583
    </LatitudeDegrees><LongitudeDegrees>
      120.63996591354402
    </LongitudeDegrees>
    </Position><AltitudeMeters>
      12.951103361098838
    </AltitudeMeters><SensorState>
      Present
    </SensorState>
    </Trackpoint>
<Trackpoint>
      <Time>
      2023-08-20T09:23:55.845Z
    </Time><SensorState>
      Present
    </SensorState><Extensions>
      <TPX xmlns="http://www.garmin.com/xmlschemas/ActivityExtension/v2">
      <ns3:Speed>
      3.7555847876903585
    </ns3:Speed><nax:Nax>
      <nax:Pace>
      4.437835279686622
    </nax:Pace>
    </nax:Nax>
    </TPX>
    </Extensions>
    </Trackpoint>
<Trackpoint>
      <Time>
      2023-08-20T09:23:55.846Z
    </Time><DistanceMeters>
      8.652251198887825
    </DistanceMeters><Cadence>
      171.0778284072876
    </Cadence><SensorState>
      Present
    </SensorState>
    </Trackpoint>
<Trackpoint>
      <Time>
      2023-08-20T09:23:57.000Z
    </Time><Position>
      <LatitudeDegrees>
      15.007243941289289
    </LatitudeDegrees><LongitudeDegrees>
      120.63989244269813
    </LongitudeDegrees>
    </Position><AltitudeMeters>
      12.93178306873984
    </AltitudeMeters><SensorState>
      Present
    </SensorState>
    </Trackpoint>
<Trackpoint>
      <Time>
      2023-08-20T09:23:58.401Z
    </Time><SensorState>
      Present
    </SensorState><Extensions>
      <TPX xmlns="http://www.garmin.com/xmlschemas/ActivityExtension/v2">
      <ns3:Speed>
      3.710111434835466
    </ns3:Speed><nax:Nax>
      <nax:Pace>
      4.492228052822837
    </nax:Pace>
    </nax:Nax>
    </TPX>
    </Extensions>
    </Trackpoint>
<Trackpoint>
      <Time>
      2023-08-20T09:23:58.402Z
    </Time><DistanceMeters>
      9.271362916566432
    </DistanceMeters><Cadence>
      171.07327938079834
    </Cadence><SensorState>
      Present
    </SensorState>
    </Trackpoint>
<Trackpoint>
      <Time>
      2023-08-20T09:23:58.460Z
    </Time><SensorState>
      Present
    </SensorState><Extensions>
      <TPX xmlns="http://www.garmin.com/xmlschemas/ActivityExtension/v2">
      <nax:Nax>
      <nax:AscentInMeters>
      0.059999942779541016
    </nax:AscentInMeters>
    </nax:Nax>
    </TPX>
    </Extensions>
    </Trackpoint>
<Trackpoint>
      <Time>
      2023-08-20T09:24:00.000Z
    </Time><Position>
      <LatitudeDegrees>
      15.007314122500885
    </LatitudeDegrees><LongitudeDegrees>
      120.63982047384586
    </LongitudeDegrees>
    </Position><AltitudeMeters>
      12.91149358603353
    </AltitudeMeters><SensorState>
      Present
    </SensorState>
    </Trackpoint>
<Trackpoint>
      <Time>
      2023-08-20T09:24:00.957Z
    </Time><SensorState>
      Present
    </SensorState><Extensions>
      <TPX xmlns="http://www.garmin.com/xmlschemas/ActivityExtension/v2">
      <ns3:Speed>
      3.6964047798894133
    </ns3:Speed><nax:Nax>
      <nax:Pace>
      4.508885703574188
    </nax:Pace>
    </nax:Nax>
    </TPX>
    </Extensions>
    </Trackpoint>
<Trackpoint>
      <Time>
      2023-08-20T09:24:00.958Z
    </Time><DistanceMeters>
      9.364424119703472
    </DistanceMeters><Cadence>
      171.11326217651367
    </Cadence><SensorState>
      Present
    </SensorState>
    </Trackpoint>
<Trackpoint>
      <Time>
      2023-08-20T09:24:03.000Z
    </Time><Position>
      <LatitudeDegrees>
      15.00738462521212
    </LatitudeDegrees><LongitudeDegrees>
      120.63975501968108
    </LongitudeDegrees>
    </Position><AltitudeMeters>
      12.970857129268119
    </AltitudeMeters><SensorState>
      Present
    </SensorState><Extensions>
      <TPX xmlns="http://www.garmin.com/xmlschemas/ActivityExtension/v2">
      <nax:Nax>
      <nax:NikeFuel>
      9.404618280603184
    </nax:NikeFuel>
    </nax:Nax>
    </TPX>
    </Extensions>
    </Trackpoint>
<Trackpoint>
      <Time>
      2023-08-20T09:24:03.513Z
    </Time><SensorState>
      Present
    </SensorState><Extensions>
      <TPX xmlns="http://www.garmin.com/xmlschemas/ActivityExtension/v2">
      <ns3:Speed>
      3.677866351253041
    </ns3:Speed><nax:Nax>
      <nax:Pace>
      4.531612917633174
    </nax:Pace>
    </nax:Nax>
    </TPX>
    </Extensions>
    </Trackpoint>
<Trackpoint>
      <Time>
      2023-08-20T09:24:03.514Z
    </Time><DistanceMeters>
      8.871177481487393
    </DistanceMeters><Cadence>
      170.88621139526367
    </Cadence><SensorState>
      Present
    </SensorState>
    </Trackpoint>
<Trackpoint>
      <Time>
      2023-08-20T09:24:06.000Z
    </Time><Position>
      <LatitudeDegrees>
      15.007454516213715
    </LatitudeDegrees><LongitudeDegrees>
      120.63969093973785
    </LongitudeDegrees>
    </Position><AltitudeMeters>
      13.016720359251622
    </AltitudeMeters><SensorState>
      Present
    </SensorState>
    </Trackpoint>
<Trackpoint>
      <Time>
      2023-08-20T09:24:06.069Z
    </Time><SensorState>
      Present
    </SensorState><Extensions>
      <TPX xmlns="http://www.garmin.com/xmlschemas/ActivityExtension/v2">
      <ns3:Speed>
      3.650352678941981
    </ns3:Speed><nax:Nax>
      <nax:Pace>
      4.565768881131052
    </nax:Pace>
    </nax:Nax>
    </TPX>
    </Extensions>
    </Trackpoint>
<Trackpoint>
      <Time>
      2023-08-20T09:24:06.070Z
    </Time><DistanceMeters>
      10.129582267254591
    </DistanceMeters><Cadence>
      170.68252086639404
    </Cadence><SensorState>
      Present
    </SensorState>
    </Trackpoint>
<Trackpoint>
      <Time>
      2023-08-20T09:24:06.126Z
    </Time><SensorState>
      Present
    </SensorState><Extensions>
      <TPX xmlns="http://www.garmin.com/xmlschemas/ActivityExtension/v2">
      <nax:Nax>
      <nax:AscentInMeters>
      0.03000020980834961
    </nax:AscentInMeters>
    </nax:Nax>
    </TPX>
    </Extensions>
    </Trackpoint>
<Trackpoint>
      <Time>
      2023-08-20T09:24:08.625Z
    </Time><SensorState>
      Present
    </SensorState><Extensions>
      <TPX xmlns="http://www.garmin.com/xmlschemas/ActivityExtension/v2">
      <ns3:Speed>
      3.689753914817772
    </ns3:Speed><nax:Nax>
      <nax:Pace>
      4.517013072263328
    </nax:Pace>
    </nax:Nax>
    </TPX>
    </Extensions>
    </Trackpoint>
<Trackpoint>
      <Time>
      2023-08-20T09:24:08.626Z
    </Time><DistanceMeters>
      8.37962543219328
    </DistanceMeters><Cadence>
      170.69779872894287
    </Cadence><SensorState>
      Present
    </SensorState>
    </Trackpoint>
<Trackpoint>
      <Time>
      2023-08-20T09:24:08.683Z
    </Time><SensorState>
      Present
    </SensorState><Extensions>
      <TPX xmlns="http://www.garmin.com/xmlschemas/ActivityExtension/v2">
      <nax:Nax>
      <nax:AscentInMeters>
      0.25999975204467773
    </nax:AscentInMeters>
    </nax:Nax>
    </TPX>
    </Extensions>
    </Trackpoint>
<Trackpoint>
      <Time>
      2023-08-20T09:24:09.000Z
    </Time><Position>
      <LatitudeDegrees>
      15.0075300945517
    </LatitudeDegrees><LongitudeDegrees>
      120.63961222806707
    </LongitudeDegrees>
    </Position><AltitudeMeters>
      13.261415069597192
    </AltitudeMeters><SensorState>
      Present
    </SensorState>
    </Trackpoint>
<Trackpoint>
      <Time>
      2023-08-20T09:24:11.181Z
    </Time><SensorState>
      Present
    </SensorState><Extensions>
      <TPX xmlns="http://www.garmin.com/xmlschemas/ActivityExtension/v2">
      <ns3:Speed>
      3.667959287791454
    </ns3:Speed><nax:Nax>
      <nax:Pace>
      4.543852687280499
    </nax:Pace>
    </nax:Nax>
    </TPX>
    </Extensions>
    </Trackpoint>
<Trackpoint>
      <Time>
      2023-08-20T09:24:11.182Z
    </Time><DistanceMeters>
      10.250646103173494
    </DistanceMeters><Cadence>
      170.69779872894287
    </Cadence><SensorState>
      Present
    </SensorState>
    </Trackpoint>
<Trackpoint>
      <Time>
      2023-08-20T09:24:11.237Z
    </Time><SensorState>
      Present
    </SensorState><Extensions>
      <TPX xmlns="http://www.garmin.com/xmlschemas/ActivityExtension/v2">
      <nax:Nax>
      <nax:AscentInMeters>
      0.21000003814697266
    </nax:AscentInMeters>
    </nax:Nax>
    </TPX>
    </Extensions>
    </Trackpoint>
<Trackpoint>
      <Time>
      2023-08-20T09:24:12.000Z
    </Time><Position>
      <LatitudeDegrees>
      15.007596885828528
    </LatitudeDegrees><LongitudeDegrees>
      120.63954569959876
    </LongitudeDegrees>
    </Position><AltitudeMeters>
      13.76752460770632
    </AltitudeMeters><SensorState>
      Present
    </SensorState>
    </Trackpoint>
<Trackpoint>
      <Time>
      2023-08-20T09:24:12.497Z
    </Time><HeartRateBpm>
      <Value>
      189
    </Value>
    </HeartRateBpm><SensorState>
      Present
    </SensorState>
    </Trackpoint>
<Trackpoint>
      <Time>
      2023-08-20T09:24:13.000Z
    </Time><SensorState>
      Present
    </SensorState><Extensions>
      <TPX xmlns="http://www.garmin.com/xmlschemas/ActivityExtension/v2">
      <nax:Nax>
      <nax:NikeFuel>
      9.608381337525241
    </nax:NikeFuel>
    </nax:Nax>
    </TPX>
    </Extensions>
    </Trackpoint>
<Trackpoint>
      <Time>
      2023-08-20T09:24:13.737Z
    </Time><SensorState>
      Present
    </SensorState><Extensions>
      <TPX xmlns="http://www.garmin.com/xmlschemas/ActivityExtension/v2">
      <ns3:Speed>
      3.7246015627553195
    </ns3:Speed><nax:Nax>
      <nax:Pace>
      4.474751563583971
    </nax:Pace>
    </nax:Nax>
    </TPX>
    </Extensions>
    </Trackpoint>
<Trackpoint>
      <Time>
      2023-08-20T09:24:13.738Z
    </Time><DistanceMeters>
      9.358427787199616
    </DistanceMeters><Cadence>
      170.92529296875
    </Cadence><SensorState>
      Present
    </SensorState>
    </Trackpoint>
<Trackpoint>
      <Time>
      2023-08-20T09:24:13.795Z
    </Time><SensorState>
      Present
    </SensorState><Extensions>
      <TPX xmlns="http://www.garmin.com/xmlschemas/ActivityExtension/v2">
      <nax:Nax>
      <nax:AscentInMeters>
      0.08000040054321289
    </nax:AscentInMeters>
    </nax:Nax>
    </TPX>
    </Extensions>
    </Trackpoint>
<Trackpoint>
      <Time>
      2023-08-20T09:24:15.000Z
    </Time><Position>
      <LatitudeDegrees>
      15.007668283093619
    </LatitudeDegrees><LongitudeDegrees>
      120.63946317068434
    </LongitudeDegrees>
    </Position><AltitudeMeters>
      14.323701634265099
    </AltitudeMeters><SensorState>
      Present
    </SensorState>
    </Trackpoint>
<Trackpoint>
      <Time>
      2023-08-20T09:24:16.293Z
    </Time><SensorState>
      Present
    </SensorState><Extensions>
      <TPX xmlns="http://www.garmin.com/xmlschemas/ActivityExtension/v2">
      <ns3:Speed>
      3.76457414780072
    </ns3:Speed><nax:Nax>
      <nax:Pace>
      4.427238251211867
    </nax:Pace>
    </nax:Nax>
    </TPX>
    </Extensions>
    </Trackpoint>
<Trackpoint>
      <Time>
      2023-08-20T09:24:16.294Z
    </Time><DistanceMeters>
      9.576141965575516
    </DistanceMeters><Cadence>
      171.2308645248413
    </Cadence><SensorState>
      Present
    </SensorState>
    </Trackpoint>
<Trackpoint>
      <Time>
      2023-08-20T09:24:18.000Z
    </Time><Position>
      <LatitudeDegrees>
      15.007744297893
    </LatitudeDegrees><LongitudeDegrees>
      120.63939918102604
    </LongitudeDegrees>
    </Position><AltitudeMeters>
      14.582802973748038
    </AltitudeMeters><SensorState>
      Present
    </SensorState>
    </Trackpoint>
<Trackpoint>
      <Time>
      2023-08-20T09:24:18.849Z
    </Time><SensorState>
      Present
    </SensorState><Extensions>
      <TPX xmlns="http://www.garmin.com/xmlschemas/ActivityExtension/v2">
      <ns3:Speed>
      3.7772634845511255
    </ns3:Speed><nax:Nax>
      <nax:Pace>
      4.412365389608838
    </nax:Pace>
    </nax:Nax>
    </TPX>
    </Extensions>
    </Trackpoint>
<Trackpoint>
      <Time>
      2023-08-20T09:24:18.850Z
    </Time><DistanceMeters>
      7.960112632252277
    </DistanceMeters><Cadence>
      171.2977695465088
    </Cadence><SensorState>
      Present
    </SensorState>
    </Trackpoint>
<Trackpoint>
      <Time>
      2023-08-20T09:24:21.000Z
    </Time><Position>
      <LatitudeDegrees>
      15.007805903381179
    </LatitudeDegrees><LongitudeDegrees>
      120.63933099607863
    </LongitudeDegrees>
    </Position><AltitudeMeters>
      14.737704559948831
    </AltitudeMeters><SensorState>
      Present
    </SensorState>
    </Trackpoint>
<Trackpoint>
      <Time>
      2023-08-20T09:24:21.405Z
    </Time><SensorState>
      Present
    </SensorState><Extensions>
      <TPX xmlns="http://www.garmin.com/xmlschemas/ActivityExtension/v2">
      <ns3:Speed>
      3.7544918982347855
    </ns3:Speed><nax:Nax>
      <nax:Pace>
      4.439127082549486
    </nax:Pace>
    </nax:Nax>
    </TPX>
    </Extensions>
    </Trackpoint>
<Trackpoint>
      <Time>
      2023-08-20T09:24:21.406Z
    </Time><DistanceMeters>
      8.245962772518396
    </DistanceMeters><Cadence>
      171.46350860595703
    </Cadence><SensorState>
      Present
    </SensorState>
    </Trackpoint>
<Trackpoint>
      <Time>
      2023-08-20T09:24:21.461Z
    </Time><SensorState>
      Present
    </SensorState><Extensions>
      <TPX xmlns="http://www.garmin.com/xmlschemas/ActivityExtension/v2">
      <nax:Nax>
      <nax:AscentInMeters>
      0.019999980926513672
    </nax:AscentInMeters>
    </nax:Nax>
    </TPX>
    </Extensions>
    </Trackpoint>
<Trackpoint>
      <Time>
      2023-08-20T09:24:23.000Z
    </Time><SensorState>
      Present
    </SensorState><Extensions>
      <TPX xmlns="http://www.garmin.com/xmlschemas/ActivityExtension/v2">
      <nax:Nax>
      <nax:NikeFuel>
      9.40371981908439
    </nax:NikeFuel>
    </nax:Nax>
    </TPX>
    </Extensions>
    </Trackpoint>
<Trackpoint>
      <Time>
      2023-08-20T09:24:23.961Z
    </Time><SensorState>
      Present
    </SensorState><Extensions>
      <TPX xmlns="http://www.garmin.com/xmlschemas/ActivityExtension/v2">
      <ns3:Speed>
      3.7325048318615255
    </ns3:Speed><nax:Nax>
      <nax:Pace>
      4.465276648645205
    </nax:Pace>
    </nax:Nax>
    </TPX>
    </Extensions>
    </Trackpoint>
<Trackpoint>
      <Time>
      2023-08-20T09:24:23.962Z
    </Time><DistanceMeters>
      10.49293612036854
    </DistanceMeters><Cadence>
      171.46350860595703
    </Cadence><SensorState>
      Present
    </SensorState>
    </Trackpoint>
<Trackpoint>
      <Time>
      2023-08-20T09:24:24.000Z
    </Time><Position>
      <LatitudeDegrees>
      15.007864608964399
    </LatitudeDegrees><LongitudeDegrees>
      120.63925606084528
    </LongitudeDegrees>
    </Position><AltitudeMeters>
      14.931331700232931
    </AltitudeMeters><SensorState>
      Present
    </SensorState>
    </Trackpoint>
<Trackpoint>
      <Time>
      2023-08-20T09:24:24.019Z
    </Time><SensorState>
      Present
    </SensorState><Extensions>
      <TPX xmlns="http://www.garmin.com/xmlschemas/ActivityExtension/v2">
      <nax:Nax>
      <nax:DescentInMeters>
      0.009999752044677734
    </nax:DescentInMeters>
    </nax:Nax>
    </TPX>
    </Extensions>
    </Trackpoint>
<Trackpoint>
      <Time>
      2023-08-20T09:24:26.497Z
    </Time><HeartRateBpm>
      <Value>
      190
    </Value>
    </HeartRateBpm><SensorState>
      Present
    </SensorState>
    </Trackpoint>
<Trackpoint>
      <Time>
      2023-08-20T09:24:26.517Z
    </Time><SensorState>
      Present
    </SensorState><Extensions>
      <TPX xmlns="http://www.garmin.com/xmlschemas/ActivityExtension/v2">
      <ns3:Speed>
      3.6833545054234276
    </ns3:Speed><nax:Nax>
      <nax:Pace>
      4.52486086857141
    </nax:Pace>
    </nax:Nax>
    </TPX>
    </Extensions>
    </Trackpoint>
<Trackpoint>
      <Time>
      2023-08-20T09:24:26.518Z
    </Time><DistanceMeters>
      9.261218070983887
    </DistanceMeters><Cadence>
      171.39611721038818
    </Cadence><SensorState>
      Present
    </SensorState>
    </Trackpoint>
<Trackpoint>
      <Time>
      2023-08-20T09:24:26.573Z
    </Time><SensorState>
      Present
    </SensorState><Extensions>
      <TPX xmlns="http://www.garmin.com/xmlschemas/ActivityExtension/v2">
      <nax:Nax>
      <nax:DescentInMeters>
      0.039999961853027344
    </nax:DescentInMeters>
    </nax:Nax>
    </TPX>
    </Extensions>
    </Trackpoint>
<Trackpoint>
      <Time>
      2023-08-20T09:24:27.000Z
    </Time><Position>
      <LatitudeDegrees>
      15.007942415480164
    </LatitudeDegrees><LongitudeDegrees>
      120.63919171353805
    </LongitudeDegrees>
    </Position><AltitudeMeters>
      15.06016708552972
    </AltitudeMeters><SensorState>
      Present
    </SensorState>
    </Trackpoint>
<Trackpoint>
      <Time>
      2023-08-20T09:24:29.072Z
    </Time><SensorState>
      Present
    </SensorState><Extensions>
      <TPX xmlns="http://www.garmin.com/xmlschemas/ActivityExtension/v2">
      <ns3:Speed>
      3.6512351681986703
    </ns3:Speed><nax:Nax>
      <nax:Pace>
      4.56466535265356
    </nax:Pace>
    </nax:Nax>
    </TPX>
    </Extensions>
    </Trackpoint>
<Trackpoint>
      <Time>
      2023-08-20T09:24:29.073Z
    </Time><DistanceMeters>
      8.684207612648606
    </DistanceMeters><Cadence>
      171.32874011993408
    </Cadence><SensorState>
      Present
    </SensorState>
    </Trackpoint>
<Trackpoint>
      <Time>
      2023-08-20T09:24:30.000Z
    </Time><Position>
      <LatitudeDegrees>
      15.00802023959261
    </LatitudeDegrees><LongitudeDegrees>
      120.63912504406628
    </LongitudeDegrees>
    </Position><AltitudeMeters>
      15.292961143844316
    </AltitudeMeters><SensorState>
      Present
    </SensorState>
    </Trackpoint>
<Trackpoint>
      <Time>
      2023-08-20T09:24:31.628Z
    </Time><SensorState>
      Present
    </SensorState><Extensions>
      <TPX xmlns="http://www.garmin.com/xmlschemas/ActivityExtension/v2">
      <ns3:Speed>
      3.617360601930087
    </ns3:Speed><nax:Nax>
      <nax:Pace>
      4.60741090002859
    </nax:Pace>
    </nax:Nax>
    </TPX>
    </Extensions>
    </Trackpoint>
<Trackpoint>
      <Time>
      2023-08-20T09:24:31.629Z
    </Time><DistanceMeters>
      7.2231032671406865
    </DistanceMeters><Cadence>
      171.32876873016357
    </Cadence><SensorState>
      Present
    </SensorState>
    </Trackpoint>
<Trackpoint>
      <Time>
      2023-08-20T09:24:33.000Z
    </Time><SensorState>
      Present
    </SensorState><Extensions>
      <TPX xmlns="http://www.garmin.com/xmlschemas/ActivityExtension/v2">
      <nax:Nax>
      <nax:NikeFuel>
      8.95504325715698
    </nax:NikeFuel>
    </nax:Nax>
    </TPX>
    </Extensions>
    </Trackpoint>
<Trackpoint>
      <Time>
      2023-08-20T09:24:34.000Z
    </Time><Position>
      <LatitudeDegrees>
      15.008099575879738
    </LatitudeDegrees><LongitudeDegrees>
      120.63904532725707
    </LongitudeDegrees>
    </Position><AltitudeMeters>
      15.283670596054137
    </AltitudeMeters><SensorState>
      Present
    </SensorState>
    </Trackpoint>
<Trackpoint>
      <Time>
      2023-08-20T09:24:34.184Z
    </Time><SensorState>
      Present
    </SensorState><Extensions>
      <TPX xmlns="http://www.garmin.com/xmlschemas/ActivityExtension/v2">
      <ns3:Speed>
      3.5553513382660644
    </ns3:Speed><nax:Nax>
      <nax:Pace>
      4.687769247242653
    </nax:Pace>
    </nax:Nax>
    </TPX>
    </Extensions>
    </Trackpoint>
<Trackpoint>
      <Time>
      2023-08-20T09:24:34.185Z
    </Time><DistanceMeters>
      8.253192624077201
    </DistanceMeters><Cadence>
      171.1269235610962
    </Cadence><SensorState>
      Present
    </SensorState>
    </Trackpoint>
<Trackpoint>
      <Time>
      2023-08-20T09:24:36.740Z
    </Time><SensorState>
      Present
    </SensorState><Extensions>
      <TPX xmlns="http://www.garmin.com/xmlschemas/ActivityExtension/v2">
      <ns3:Speed>
      3.512095605931689
    </ns3:Speed><nax:Nax>
      <nax:Pace>
      4.745504831507949
    </nax:Pace>
    </nax:Nax>
    </TPX>
    </Extensions>
    </Trackpoint>
<Trackpoint>
      <Time>
      2023-08-20T09:24:36.741Z
    </Time><DistanceMeters>
      7.780780216678977
    </DistanceMeters><Cadence>
      170.95388889312744
    </Cadence><SensorState>
      Present
    </SensorState>
    </Trackpoint>
<Trackpoint>
      <Time>
      2023-08-20T09:24:38.000Z
    </Time><Position>
      <LatitudeDegrees>
      15.008181641061995
    </LatitudeDegrees><LongitudeDegrees>
      120.63895772206851
    </LongitudeDegrees>
    </Position><AltitudeMeters>
      14.544557892356757
    </AltitudeMeters><SensorState>
      Present
    </SensorState>
    </Trackpoint>
<Trackpoint>
      <Time>
      2023-08-20T09:24:38.497Z
    </Time><HeartRateBpm>
      <Value>
      189
    </Value>
    </HeartRateBpm><SensorState>
      Present
    </SensorState>
    </Trackpoint>
<Trackpoint>
      <Time>
      2023-08-20T09:24:39.296Z
    </Time><SensorState>
      Present
    </SensorState><Extensions>
      <TPX xmlns="http://www.garmin.com/xmlschemas/ActivityExtension/v2">
      <ns3:Speed>
      3.4579316757226697
    </ns3:Speed><nax:Nax>
      <nax:Pace>
      4.819836893736055
    </nax:Pace>
    </nax:Nax>
    </TPX>
    </Extensions>
    </Trackpoint>
<Trackpoint>
      <Time>
      2023-08-20T09:24:39.297Z
    </Time><DistanceMeters>
      8.425035260617733
    </DistanceMeters><Cadence>
      170.41525840759277
    </Cadence><SensorState>
      Present
    </SensorState>
    </Trackpoint>
<Trackpoint>
      <Time>
      2023-08-20T09:24:39.353Z
    </Time><SensorState>
      Present
    </SensorState><Extensions>
      <TPX xmlns="http://www.garmin.com/xmlschemas/ActivityExtension/v2">
      <nax:Nax>
      <nax:DescentInMeters>
      0.06000041961669922
    </nax:DescentInMeters>
    </nax:Nax>
    </TPX>
    </Extensions>
    </Trackpoint>
<Trackpoint>
      <Time>
      2023-08-20T09:24:41.852Z
    </Time><SensorState>
      Present
    </SensorState><Extensions>
      <TPX xmlns="http://www.garmin.com/xmlschemas/ActivityExtension/v2">
      <ns3:Speed>
      3.4214249265768713
    </ns3:Speed><nax:Nax>
      <nax:Pace>
      4.871264757909399
    </nax:Pace>
    </nax:Nax>
    </TPX>
    </Extensions>
    </Trackpoint>
<Trackpoint>
      <Time>
      2023-08-20T09:24:41.853Z
    </Time><DistanceMeters>
      9.276422008872032
    </DistanceMeters><Cadence>
      170.14722347259521
    </Cadence><SensorState>
      Present
    </SensorState>
    </Trackpoint>
<Trackpoint>
      <Time>
      2023-08-20T09:24:41.909Z
    </Time><SensorState>
      Present
    </SensorState><Extensions>
      <TPX xmlns="http://www.garmin.com/xmlschemas/ActivityExtension/v2">
      <nax:Nax>
      <nax:DescentInMeters>
      0.19999980926513672
    </nax:DescentInMeters>
    </nax:Nax>
    </TPX>
    </Extensions>
    </Trackpoint>
<Trackpoint>
      <Time>
      2023-08-20T09:24:42.000Z
    </Time><Position>
      <LatitudeDegrees>
      15.008274225639948
    </LatitudeDegrees><LongitudeDegrees>
      120.63888790405272
    </LongitudeDegrees>
    </Position><AltitudeMeters>
      13.93614683828772
    </AltitudeMeters><SensorState>
      Present
    </SensorState>
    </Trackpoint>
<Trackpoint>
      <Time>
      2023-08-20T09:24:43.000Z
    </Time><SensorState>
      Present
    </SensorState><Extensions>
      <TPX xmlns="http://www.garmin.com/xmlschemas/ActivityExtension/v2">
      <nax:Nax>
      <nax:NikeFuel>
      8.829738840488824
    </nax:NikeFuel>
    </nax:Nax>
    </TPX>
    </Extensions>
    </Trackpoint>
<Trackpoint>
      <Time>
      2023-08-20T09:24:44.408Z
    </Time><SensorState>
      Present
    </SensorState><Extensions>
      <TPX xmlns="http://www.garmin.com/xmlschemas/ActivityExtension/v2">
      <ns3:Speed>
      3.4445930061015972
    </ns3:Speed><nax:Nax>
      <nax:Pace>
      4.838500988983047
    </nax:Pace>
    </nax:Nax>
    </TPX>
    </Extensions>
    </Trackpoint>
<Trackpoint>
      <Time>
      2023-08-20T09:24:44.409Z
    </Time><DistanceMeters>
      8.972406908869743
    </DistanceMeters><Cadence>
      169.6327257156372
    </Cadence><SensorState>
      Present
    </SensorState>
    </Trackpoint>
<Trackpoint>
      <Time>
      2023-08-20T09:24:44.465Z
    </Time><SensorState>
      Present
    </SensorState><Extensions>
      <TPX xmlns="http://www.garmin.com/xmlschemas/ActivityExtension/v2">
      <nax:Nax>
      <nax:DescentInMeters>
      0.059999942779541016
    </nax:DescentInMeters>
    </nax:Nax>
    </TPX>
    </Extensions>
    </Trackpoint>
<Trackpoint>
      <Time>
      2023-08-20T09:24:45.000Z
    </Time><Position>
      <LatitudeDegrees>
      15.008348588358043
    </LatitudeDegrees><LongitudeDegrees>
      120.63882187965667
    </LongitudeDegrees>
    </Position><AltitudeMeters>
      13.519534915315937
    </AltitudeMeters><SensorState>
      Present
    </SensorState>
    </Trackpoint>
<Trackpoint>
      <Time>
      2023-08-20T09:24:46.964Z
    </Time><SensorState>
      Present
    </SensorState><Extensions>
      <TPX xmlns="http://www.garmin.com/xmlschemas/ActivityExtension/v2">
      <ns3:Speed>
      3.429473159256979
    </ns3:Speed><nax:Nax>
      <nax:Pace>
      4.859832951798819
    </nax:Pace>
    </nax:Nax>
    </TPX>
    </Extensions>
    </Trackpoint>
<Trackpoint>
      <Time>
      2023-08-20T09:24:46.965Z
    </Time><DistanceMeters>
      9.839791902340949
    </DistanceMeters><Cadence>
      169.4320821762085
    </Cadence><SensorState>
      Present
    </SensorState>
    </Trackpoint>
<Trackpoint>
      <Time>
      2023-08-20T09:24:48.000Z
    </Time><Position>
      <LatitudeDegrees>
      15.00841759548886
    </LatitudeDegrees><LongitudeDegrees>
      120.63874549122954
    </LongitudeDegrees>
    </Position><AltitudeMeters>
      13.680238159466818
    </AltitudeMeters><SensorState>
      Present
    </SensorState>
    </Trackpoint>
<Trackpoint>
      <Time>
      2023-08-20T09:24:49.520Z
    </Time><SensorState>
      Present
    </SensorState><Extensions>
      <TPX xmlns="http://www.garmin.com/xmlschemas/ActivityExtension/v2">
      <ns3:Speed>
      3.46119870810278
    </ns3:Speed><nax:Nax>
      <nax:Pace>
      4.815287440056374
    </nax:Pace>
    </nax:Nax>
    </TPX>
    </Extensions>
    </Trackpoint>
<Trackpoint>
      <Time>
      2023-08-20T09:24:49.521Z
    </Time><DistanceMeters>
      9.445625541731715
    </DistanceMeters><Cadence>
      169.2319107055664
    </Cadence><SensorState>
      Present
    </SensorState>
    </Trackpoint>
<Trackpoint>
      <Time>
      2023-08-20T09:24:51.000Z
    </Time><Position>
      <LatitudeDegrees>
      15.008490212520911
    </LatitudeDegrees><LongitudeDegrees>
      120.63867874395396
    </LongitudeDegrees>
    </Position><AltitudeMeters>
      14.13610154257185
    </AltitudeMeters><SensorState>
      Present
    </SensorState>
    </Trackpoint>
<Trackpoint>
      <Time>
      2023-08-20T09:24:52.076Z
    </Time><SensorState>
      Present
    </SensorState><Extensions>
      <TPX xmlns="http://www.garmin.com/xmlschemas/ActivityExtension/v2">
      <ns3:Speed>
      3.4055305897344104
    </ns3:Speed><nax:Nax>
      <nax:Pace>
      4.893999988403118
    </nax:Pace>
    </nax:Nax>
    </TPX>
    </Extensions>
    </Trackpoint>
<Trackpoint>
      <Time>
      2023-08-20T09:24:52.077Z
    </Time><DistanceMeters>
      8.039083138108253
    </DistanceMeters><Cadence>
      168.9657497406006
    </Cadence><SensorState>
      Present
    </SensorState>
    </Trackpoint>
<Trackpoint>
      <Time>
      2023-08-20T09:24:53.000Z
    </Time><SensorState>
      Present
    </SensorState><Extensions>
      <TPX xmlns="http://www.garmin.com/xmlschemas/ActivityExtension/v2">
      <nax:Nax>
      <nax:NikeFuel>
      8.58348314652736
    </nax:NikeFuel>
    </nax:Nax>
    </TPX>
    </Extensions>
    </Trackpoint>
<Trackpoint>
      <Time>
      2023-08-20T09:24:54.632Z
    </Time><SensorState>
      Present
    </SensorState><Extensions>
      <TPX xmlns="http://www.garmin.com/xmlschemas/ActivityExtension/v2">
      <ns3:Speed>
      3.368504026379801
    </ns3:Speed><nax:Nax>
      <nax:Pace>
      4.947794788471328
    </nax:Pace>
    </nax:Nax>
    </TPX>
    </Extensions>
    </Trackpoint>
<Trackpoint>
      <Time>
      2023-08-20T09:24:54.633Z
    </Time><DistanceMeters>
      8.277580198831856
    </DistanceMeters><Cadence>
      168.63420009613037
    </Cadence><SensorState>
      Present
    </SensorState>
    </Trackpoint>
<Trackpoint>
      <Time>
      2023-08-20T09:24:54.689Z
    </Time><SensorState>
      Present
    </SensorState><Extensions>
      <TPX xmlns="http://www.garmin.com/xmlschemas/ActivityExtension/v2">
      <nax:Nax>
      <nax:AscentInMeters>
      0.05000019073486328
    </nax:AscentInMeters>
    </nax:Nax>
    </TPX>
    </Extensions>
    </Trackpoint>
<Trackpoint>
      <Time>
      2023-08-20T09:24:55.000Z
    </Time><Position>
      <LatitudeDegrees>
      15.008572652004693
    </LatitudeDegrees><LongitudeDegrees>
      120.63859753746638
    </LongitudeDegrees>
    </Position><AltitudeMeters>
      14.67326399914647
    </AltitudeMeters><SensorState>
      Present
    </SensorState>
    </Trackpoint>
<Trackpoint>
      <Time>
      2023-08-20T09:24:57.188Z
    </Time><SensorState>
      Present
    </SensorState><Extensions>
      <TPX xmlns="http://www.garmin.com/xmlschemas/ActivityExtension/v2">
      <ns3:Speed>
      3.3459655877571204
    </ns3:Speed><nax:Nax>
      <nax:Pace>
      4.98112315549507
    </nax:Pace>
    </nax:Nax>
    </TPX>
    </Extensions>
    </Trackpoint>
<Trackpoint>
      <Time>
      2023-08-20T09:24:57.189Z
    </Time><DistanceMeters>
      6.727780387736857
    </DistanceMeters><Cadence>
      168.63420009613037
    </Cadence><SensorState>
      Present
    </SensorState>
    </Trackpoint>
<Trackpoint>
      <Time>
      2023-08-20T09:24:57.245Z
    </Time><SensorState>
      Present
    </SensorState><Extensions>
      <TPX xmlns="http://www.garmin.com/xmlschemas/ActivityExtension/v2">
      <nax:Nax>
      <nax:AscentInMeters>
      0.039999961853027344
    </nax:AscentInMeters>
    </nax:Nax>
    </TPX>
    </Extensions>
    </Trackpoint>
<Trackpoint>
      <Time>
      2023-08-20T09:24:59.000Z
    </Time><Position>
      <LatitudeDegrees>
      15.008648256049938
    </LatitudeDegrees><LongitudeDegrees>
      120.63851160746776
    </LongitudeDegrees>
    </Position><AltitudeMeters>
      14.58808026949685
    </AltitudeMeters><SensorState>
      Present
    </SensorState>
    </Trackpoint>
<Trackpoint>
      <Time>
      2023-08-20T09:24:59.744Z
    </Time><SensorState>
      Present
    </SensorState><Extensions>
      <TPX xmlns="http://www.garmin.com/xmlschemas/ActivityExtension/v2">
      <ns3:Speed>
      3.287775367363057
    </ns3:Speed><nax:Nax>
      <nax:Pace>
      5.0692838787322865
    </nax:Pace>
    </nax:Nax>
    </TPX>
    </Extensions>
    </Trackpoint>
<Trackpoint>
      <Time>
      2023-08-20T09:24:59.745Z
    </Time><DistanceMeters>
      10.166204882785678
    </DistanceMeters><Cadence>
      167.52070426940918
    </Cadence><SensorState>
      Present
    </SensorState>
    </Trackpoint>
<Trackpoint>
      <Time>
      2023-08-20T09:24:59.801Z
    </Time><SensorState>
      Present
    </SensorState><Extensions>
      <TPX xmlns="http://www.garmin.com/xmlschemas/ActivityExtension/v2">
      <nax:Nax>
      <nax:AscentInMeters>
      0.059999942779541016
    </nax:AscentInMeters>
    </nax:Nax>
    </TPX>
    </Extensions>
    </Trackpoint>
<Trackpoint>
      <Time>
      2023-08-20T09:25:02.000Z
    </Time><Position>
      <LatitudeDegrees>
      15.008713602297387
    </LatitudeDegrees><LongitudeDegrees>
      120.6384361674293
    </LongitudeDegrees>
    </Position><AltitudeMeters>
      14.401834595833847
    </AltitudeMeters><SensorState>
      Present
    </SensorState>
    </Trackpoint>
<Trackpoint>
      <Time>
      2023-08-20T09:25:02.300Z
    </Time><SensorState>
      Present
    </SensorState><Extensions>
      <TPX xmlns="http://www.garmin.com/xmlschemas/ActivityExtension/v2">
      <ns3:Speed>
      3.3336911410275323
    </ns3:Speed><nax:Nax>
      <nax:Pace>
      4.999463346064374
    </nax:Pace>
    </nax:Nax>
    </TPX>
    </Extensions>
    </Trackpoint>
<Trackpoint>
      <Time>
      2023-08-20T09:25:02.301Z
    </Time><DistanceMeters>
      8.837109498679638
    </DistanceMeters><Cadence>
      167.52070426940918
    </Cadence><SensorState>
      Present
    </SensorState>
    </Trackpoint>
<Trackpoint>
      <Time>
      2023-08-20T09:25:02.356Z
    </Time><SensorState>
      Present
    </SensorState><Extensions>
      <TPX xmlns="http://www.garmin.com/xmlschemas/ActivityExtension/v2">
      <nax:Nax>
      <nax:AscentInMeters>
      0.039999961853027344
    </nax:AscentInMeters>
    </nax:Nax>
    </TPX>
    </Extensions>
    </Trackpoint>
<Trackpoint>
      <Time>
      2023-08-20T09:25:03.000Z
    </Time><SensorState>
      Present
    </SensorState><Extensions>
      <TPX xmlns="http://www.garmin.com/xmlschemas/ActivityExtension/v2">
      <nax:Nax>
      <nax:NikeFuel>
      8.917151339767102
    </nax:NikeFuel>
    </nax:Nax>
    </TPX>
    </Extensions>
    </Trackpoint>
<Trackpoint>
      <Time>
      2023-08-20T09:25:04.856Z
    </Time><DistanceMeters>
      10.48446142487228
    </DistanceMeters><SensorState>
      Present
    </SensorState><Extensions>
      <TPX xmlns="http://www.garmin.com/xmlschemas/ActivityExtension/v2">
      <ns3:Speed>
      3.3766130576758178
    </ns3:Speed><nax:Nax>
      <nax:Pace>
      4.935912520026392
    </nax:Pace>
    </nax:Nax>
    </TPX>
    </Extensions>
    </Trackpoint>
<Trackpoint>
      <Time>
      2023-08-20T09:25:04.857Z
    </Time><Cadence>
      168.04068088531494
    </Cadence><SensorState>
      Present
    </SensorState>
    </Trackpoint>
<Trackpoint>
      <Time>
      2023-08-20T09:25:04.912Z
    </Time><SensorState>
      Present
    </SensorState><Extensions>
      <TPX xmlns="http://www.garmin.com/xmlschemas/ActivityExtension/v2">
      <nax:Nax>
      <nax:AscentInMeters>
      0.19000005722045898
    </nax:AscentInMeters>
    </nax:Nax>
    </TPX>
    </Extensions>
    </Trackpoint>
<Trackpoint>
      <Time>
      2023-08-20T09:25:05.000Z
    </Time><Position>
      <LatitudeDegrees>
      15.008785532771117
    </LatitudeDegrees><LongitudeDegrees>
      120.63836877761939
    </LongitudeDegrees>
    </Position><AltitudeMeters>
      14.342964008889439
    </AltitudeMeters><SensorState>
      Present
    </SensorState>
    </Trackpoint>
<Trackpoint>
      <Time>
      2023-08-20T09:25:07.412Z
    </Time><SensorState>
      Present
    </SensorState><Extensions>
      <TPX xmlns="http://www.garmin.com/xmlschemas/ActivityExtension/v2">
      <ns3:Speed>
      3.4531634357142766
    </ns3:Speed><nax:Nax>
      <nax:Pace>
      4.826492280756823
    </nax:Pace>
    </nax:Nax>
    </TPX>
    </Extensions>
    </Trackpoint>
<Trackpoint>
      <Time>
      2023-08-20T09:25:07.413Z
    </Time><DistanceMeters>
      9.249040431343019
    </DistanceMeters><Cadence>
      168.43588829040527
    </Cadence><SensorState>
      Present
    </SensorState>
    </Trackpoint>
<Trackpoint>
      <Time>
      2023-08-20T09:25:07.468Z
    </Time><SensorState>
      Present
    </SensorState><Extensions>
      <TPX xmlns="http://www.garmin.com/xmlschemas/ActivityExtension/v2">
      <nax:Nax>
      <nax:AscentInMeters>
      0.2800002098083496
    </nax:AscentInMeters>
    </nax:Nax>
    </TPX>
    </Extensions>
    </Trackpoint>
<Trackpoint>
      <Time>
      2023-08-20T09:25:08.000Z
    </Time><Position>
      <LatitudeDegrees>
      15.00885955639089
    </LatitudeDegrees><LongitudeDegrees>
      120.63828937471081
    </LongitudeDegrees>
    </Position><AltitudeMeters>
      14.365312073301013
    </AltitudeMeters><SensorState>
      Present
    </SensorState>
    </Trackpoint>
<Trackpoint>
      <Time>
      2023-08-20T09:25:09.968Z
    </Time><DistanceMeters>
      9.762680849991739
    </DistanceMeters><SensorState>
      Present
    </SensorState><Extensions>
      <TPX xmlns="http://www.garmin.com/xmlschemas/ActivityExtension/v2">
      <ns3:Speed>
      3.514580258364493
    </ns3:Speed><nax:Nax>
      <nax:Pace>
      4.742149969971801
    </nax:Pace>
    </nax:Nax>
    </TPX>
    </Extensions>
    </Trackpoint>
<Trackpoint>
      <Time>
      2023-08-20T09:25:09.969Z
    </Time><Cadence>
      168.49093437194824
    </Cadence><SensorState>
      Present
    </SensorState>
    </Trackpoint>
<Trackpoint>
      <Time>
      2023-08-20T09:25:10.025Z
    </Time><SensorState>
      Present
    </SensorState><Extensions>
      <TPX xmlns="http://www.garmin.com/xmlschemas/ActivityExtension/v2">
      <nax:Nax>
      <nax:AscentInMeters>
      0.12999963760375977
    </nax:AscentInMeters>
    </nax:Nax>
    </TPX>
    </Extensions>
    </Trackpoint>
<Trackpoint>
      <Time>
      2023-08-20T09:25:11.000Z
    </Time><Position>
      <LatitudeDegrees>
      15.008934616692821
    </LatitudeDegrees><LongitudeDegrees>
      120.63821897842273
    </LongitudeDegrees>
    </Position><AltitudeMeters>
      14.306894605185647
    </AltitudeMeters><SensorState>
      Present
    </SensorState>
    </Trackpoint>
<Trackpoint>
      <Time>
      2023-08-20T09:25:12.524Z
    </Time><SensorState>
      Present
    </SensorState><Extensions>
      <TPX xmlns="http://www.garmin.com/xmlschemas/ActivityExtension/v2">
      <ns3:Speed>
      3.5401501775789126
    </ns3:Speed><nax:Nax>
      <nax:Pace>
      4.707898205060018
    </nax:Pace>
    </nax:Nax>
    </TPX>
    </Extensions>
    </Trackpoint>
<Trackpoint>
      <Time>
      2023-08-20T09:25:12.525Z
    </Time><DistanceMeters>
      8.384262318722904
    </DistanceMeters><Cadence>
      168.1635046005249
    </Cadence><SensorState>
      Present
    </SensorState>
    </Trackpoint>
<Trackpoint>
      <Time>
      2023-08-20T09:25:12.580Z
    </Time><SensorState>
      Present
    </SensorState><Extensions>
      <TPX xmlns="http://www.garmin.com/xmlschemas/ActivityExtension/v2">
      <nax:Nax>
      <nax:AscentInMeters>
      0.1700000762939453
    </nax:AscentInMeters>
    </nax:Nax>
    </TPX>
    </Extensions>
    </Trackpoint>
<Trackpoint>
      <Time>
      2023-08-20T09:25:13.000Z
    </Time><SensorState>
      Present
    </SensorState><Extensions>
      <TPX xmlns="http://www.garmin.com/xmlschemas/ActivityExtension/v2">
      <nax:Nax>
      <nax:NikeFuel>
      9.074205306749757
    </nax:NikeFuel>
    </nax:Nax>
    </TPX>
    </Extensions>
    </Trackpoint>
<Trackpoint>
      <Time>
      2023-08-20T09:25:14.000Z
    </Time><Position>
      <LatitudeDegrees>
      15.009001623687109
    </LatitudeDegrees><LongitudeDegrees>
      120.63815447660092
    </LongitudeDegrees>
    </Position><AltitudeMeters>
      13.819675019605619
    </AltitudeMeters><SensorState>
      Present
    </SensorState>
    </Trackpoint>
<Trackpoint>
      <Time>
      2023-08-20T09:25:15.080Z
    </Time><DistanceMeters>
      7.847541773691773
    </DistanceMeters><SensorState>
      Present
    </SensorState><Extensions>
      <TPX xmlns="http://www.garmin.com/xmlschemas/ActivityExtension/v2">
      <ns3:Speed>
      3.5527576480523444
    </ns3:Speed><nax:Nax>
      <nax:Pace>
      4.691191552512311
    </nax:Pace>
    </nax:Nax>
    </TPX>
    </Extensions>
    </Trackpoint>
<Trackpoint>
      <Time>
      2023-08-20T09:25:15.081Z
    </Time><Cadence>
      167.84374237060547
    </Cadence><SensorState>
      Present
    </SensorState>
    </Trackpoint>
<Trackpoint>
      <Time>
      2023-08-20T09:25:15.137Z
    </Time><SensorState>
      Present
    </SensorState><Extensions>
      <TPX xmlns="http://www.garmin.com/xmlschemas/ActivityExtension/v2">
      <nax:Nax>
      <nax:AscentInMeters>
      0.1399998664855957
    </nax:AscentInMeters>
    </nax:Nax>
    </TPX>
    </Extensions>
    </Trackpoint>
<Trackpoint>
      <Time>
      2023-08-20T09:25:17.636Z
    </Time><SensorState>
      Present
    </SensorState><Extensions>
      <TPX xmlns="http://www.garmin.com/xmlschemas/ActivityExtension/v2">
      <ns3:Speed>
      3.53186856028637
    </ns3:Speed><nax:Nax>
      <nax:Pace>
      4.718937407261641
    </nax:Pace>
    </nax:Nax>
    </TPX>
    </Extensions>
    </Trackpoint>
<Trackpoint>
      <Time>
      2023-08-20T09:25:17.637Z
    </Time><DistanceMeters>
      9.058631288819015
    </DistanceMeters><Cadence>
      167.5165557861328
    </Cadence><SensorState>
      Present
    </SensorState>
    </Trackpoint>
<Trackpoint>
      <Time>
      2023-08-20T09:25:17.692Z
    </Time><SensorState>
      Present
    </SensorState><Extensions>
      <TPX xmlns="http://www.garmin.com/xmlschemas/ActivityExtension/v2">
      <nax:Nax>
      <nax:AscentInMeters>
      0.3100001811981201
    </nax:AscentInMeters>
    </nax:Nax>
    </TPX>
    </Extensions>
    </Trackpoint>
<Trackpoint>
      <Time>
      2023-08-20T09:25:18.000Z
    </Time><Position>
      <LatitudeDegrees>
      15.009091032460066
    </LatitudeDegrees><LongitudeDegrees>
      120.63807281421107
    </LongitudeDegrees>
    </Position><AltitudeMeters>
      13.362151935348436
    </AltitudeMeters><SensorState>
      Present
    </SensorState>
    </Trackpoint>
<Trackpoint>
      <Time>
      2023-08-20T09:25:20.191Z
    </Time><SensorState>
      Present
    </SensorState><Extensions>
      <TPX xmlns="http://www.garmin.com/xmlschemas/ActivityExtension/v2">
      <ns3:Speed>
      3.5377916681515678
    </ns3:Speed><nax:Nax>
      <nax:Pace>
      4.711036779442329
    </nax:Pace>
    </nax:Nax>
    </TPX>
    </Extensions>
    </Trackpoint>
<Trackpoint>
      <Time>
      2023-08-20T09:25:20.192Z
    </Time><DistanceMeters>
      8.530709262005985
    </DistanceMeters><Cadence>
      167.25573062896729
    </Cadence><SensorState>
      Present
    </SensorState>
    </Trackpoint>
<Trackpoint>
      <Time>
      2023-08-20T09:25:20.248Z
    </Time><SensorState>
      Present
    </SensorState><Extensions>
      <TPX xmlns="http://www.garmin.com/xmlschemas/ActivityExtension/v2">
      <nax:Nax>
      <nax:AscentInMeters>
      0.059999942779541016
    </nax:AscentInMeters>
    </nax:Nax>
    </TPX>
    </Extensions>
    </Trackpoint>
<Trackpoint>
      <Time>
      2023-08-20T09:25:21.000Z
    </Time><Position>
      <LatitudeDegrees>
      15.009157696415437
    </LatitudeDegrees><LongitudeDegrees>
      120.63800266456896
    </LongitudeDegrees>
    </Position><AltitudeMeters>
      13.173189377306613
    </AltitudeMeters><SensorState>
      Present
    </SensorState>
    </Trackpoint>
<Trackpoint>
      <Time>
      2023-08-20T09:25:22.747Z
    </Time><SensorState>
      Present
    </SensorState><Extensions>
      <TPX xmlns="http://www.garmin.com/xmlschemas/ActivityExtension/v2">
      <ns3:Speed>
      3.5202953281948925
    </ns3:Speed><nax:Nax>
      <nax:Pace>
      4.734451264125291
    </nax:Pace>
    </nax:Nax>
    </TPX>
    </Extensions>
    </Trackpoint>
<Trackpoint>
      <Time>
      2023-08-20T09:25:22.748Z
    </Time><DistanceMeters>
      8.490055673755705
    </DistanceMeters><Cadence>
      167.19067096710205
    </Cadence><SensorState>
      Present
    </SensorState>
    </Trackpoint>
<Trackpoint>
      <Time>
      2023-08-20T09:25:23.000Z
    </Time><SensorState>
      Present
    </SensorState><Extensions>
      <TPX xmlns="http://www.garmin.com/xmlschemas/ActivityExtension/v2">
      <nax:Nax>
      <nax:NikeFuel>
      8.946349428195981
    </nax:NikeFuel>
    </nax:Nax>
    </TPX>
    </Extensions>
    </Trackpoint>
<Trackpoint>
      <Time>
      2023-08-20T09:25:24.000Z
    </Time><Position>
      <LatitudeDegrees>
      15.009221306387076
    </LatitudeDegrees><LongitudeDegrees>
      120.63793463432313
    </LongitudeDegrees>
    </Position><AltitudeMeters>
      13.163543706497016
    </AltitudeMeters><SensorState>
      Present
    </SensorState>
    </Trackpoint>
<Trackpoint>
      <Time>
      2023-08-20T09:25:25.303Z
    </Time><SensorState>
      Present
    </SensorState><Extensions>
      <TPX xmlns="http://www.garmin.com/xmlschemas/ActivityExtension/v2">
      <ns3:Speed>
      3.500580496330773
    </ns3:Speed><nax:Nax>
      <nax:Pace>
      4.761115101948456
    </nax:Pace>
    </nax:Nax>
    </TPX>
    </Extensions>
    </Trackpoint>
<Trackpoint>
      <Time>
      2023-08-20T09:25:25.304Z
    </Time><DistanceMeters>
      9.88314458169043
    </DistanceMeters><Cadence>
      167.25351333618164
    </Cadence><SensorState>
      Present
    </SensorState>
    </Trackpoint>
<Trackpoint>
      <Time>
      2023-08-20T09:25:25.360Z
    </Time><SensorState>
      Present
    </SensorState><Extensions>
      <TPX xmlns="http://www.garmin.com/xmlschemas/ActivityExtension/v2">
      <nax:Nax>
      <nax:AscentInMeters>
      0.06000041961669922
    </nax:AscentInMeters>
    </nax:Nax>
    </TPX>
    </Extensions>
    </Trackpoint>
<Trackpoint>
      <Time>
      2023-08-20T09:25:27.000Z
    </Time><Position>
      <LatitudeDegrees>
      15.009284386263142
    </LatitudeDegrees><LongitudeDegrees>
      120.63786005307365
    </LongitudeDegrees>
    </Position><AltitudeMeters>
      13.306716559858955
    </AltitudeMeters><SensorState>
      Present
    </SensorState>
    </Trackpoint>
<Trackpoint>
      <Time>
      2023-08-20T09:25:27.859Z
    </Time><SensorState>
      Present
    </SensorState><Extensions>
      <TPX xmlns="http://www.garmin.com/xmlschemas/ActivityExtension/v2">
      <ns3:Speed>
      3.4975247960122777
    </ns3:Speed><nax:Nax>
      <nax:Pace>
      4.765274769651172
    </nax:Pace>
    </nax:Nax>
    </TPX>
    </Extensions>
    </Trackpoint>
<Trackpoint>
      <Time>
      2023-08-20T09:25:27.860Z
    </Time><DistanceMeters>
      7.727678872644901
    </DistanceMeters><Cadence>
      167.25351333618164
    </Cadence><SensorState>
      Present
    </SensorState>
    </Trackpoint>
<Trackpoint>
      <Time>
      2023-08-20T09:25:30.415Z
    </Time><SensorState>
      Present
    </SensorState><Extensions>
      <TPX xmlns="http://www.garmin.com/xmlschemas/ActivityExtension/v2">
      <ns3:Speed>
      3.4605370849875987
    </ns3:Speed><nax:Nax>
      <nax:Pace>
      4.8162080790781046
    </nax:Pace>
    </nax:Nax>
    </TPX>
    </Extensions>
    </Trackpoint>
<Trackpoint>
      <Time>
      2023-08-20T09:25:30.416Z
    </Time><DistanceMeters>
      9.585657907649875
    </DistanceMeters><Cadence>
      167.25351333618164
    </Cadence><SensorState>
      Present
    </SensorState>
    </Trackpoint>
<Trackpoint>
      <Time>
      2023-08-20T09:25:30.472Z
    </Time><SensorState>
      Present
    </SensorState><Extensions>
      <TPX xmlns="http://www.garmin.com/xmlschemas/ActivityExtension/v2">
      <nax:Nax>
      <nax:DescentInMeters>
      0.009999990463256836
    </nax:DescentInMeters>
    </nax:Nax>
    </TPX>
    </Extensions>
    </Trackpoint>
<Trackpoint>
      <Time>
      2023-08-20T09:25:31.000Z
    </Time><Position>
      <LatitudeDegrees>
      15.00936411073414
    </LatitudeDegrees><LongitudeDegrees>
      120.63776683228409
    </LongitudeDegrees>
    </Position><AltitudeMeters>
      13.57660627295705
    </AltitudeMeters><SensorState>
      Present
    </SensorState>
    </Trackpoint>
<Trackpoint>
      <Time>
      2023-08-20T09:25:32.971Z
    </Time><SensorState>
      Present
    </SensorState><Extensions>
      <TPX xmlns="http://www.garmin.com/xmlschemas/ActivityExtension/v2">
      <ns3:Speed>
      3.4738679855069696
    </ns3:Speed><nax:Nax>
      <nax:Pace>
      4.797725974677292
    </nax:Pace>
    </nax:Nax>
    </TPX>
    </Extensions>
    </Trackpoint>
<Trackpoint>
      <Time>
      2023-08-20T09:25:32.972Z
    </Time><DistanceMeters>
      8.627133634872735
    </DistanceMeters><Cadence>
      167.3829174041748
    </Cadence><SensorState>
      Present
    </SensorState>
    </Trackpoint>
<Trackpoint>
      <Time>
      2023-08-20T09:25:33.000Z
    </Time><SensorState>
      Present
    </SensorState><Extensions>
      <TPX xmlns="http://www.garmin.com/xmlschemas/ActivityExtension/v2">
      <nax:Nax>
      <nax:NikeFuel>
      8.959809633060104
    </nax:NikeFuel>
    </nax:Nax>
    </TPX>
    </Extensions>
    </Trackpoint>
<Trackpoint>
      <Time>
      2023-08-20T09:25:33.030Z
    </Time><SensorState>
      Present
    </SensorState><Extensions>
      <TPX xmlns="http://www.garmin.com/xmlschemas/ActivityExtension/v2">
      <nax:Nax>
      <nax:DescentInMeters>
      0.059999942779541016
    </nax:DescentInMeters>
    </nax:Nax>
    </TPX>
    </Extensions>
    </Trackpoint>
<Trackpoint>
      <Time>
      2023-08-20T09:25:34.000Z
    </Time><Position>
      <LatitudeDegrees>
      15.009432336410228
    </LatitudeDegrees><LongitudeDegrees>
      120.63769762751956
    </LongitudeDegrees>
    </Position><AltitudeMeters>
      13.708792074242325
    </AltitudeMeters><SensorState>
      Present
    </SensorState>
    </Trackpoint>
<Trackpoint>
      <Time>
      2023-08-20T09:25:35.527Z
    </Time><SensorState>
      Present
    </SensorState><Extensions>
      <TPX xmlns="http://www.garmin.com/xmlschemas/ActivityExtension/v2">
      <ns3:Speed>
      3.483936981831788
    </ns3:Speed><nax:Nax>
      <nax:Pace>
      4.783859970367101
    </nax:Pace>
    </nax:Nax>
    </TPX>
    </Extensions>
    </Trackpoint>
<Trackpoint>
      <Time>
      2023-08-20T09:25:35.528Z
    </Time><DistanceMeters>
      8.578059737570584
    </DistanceMeters><Cadence>
      167.64231204986572
    </Cadence><SensorState>
      Present
    </SensorState>
    </Trackpoint>
<Trackpoint>
      <Time>
      2023-08-20T09:25:35.584Z
    </Time><SensorState>
      Present
    </SensorState><Extensions>
      <TPX xmlns="http://www.garmin.com/xmlschemas/ActivityExtension/v2">
      <nax:Nax>
      <nax:DescentInMeters>
      0.24000024795532227
    </nax:DescentInMeters>
    </nax:Nax>
    </TPX>
    </Extensions>
    </Trackpoint>
<Trackpoint>
      <Time>
      2023-08-20T09:25:37.000Z
    </Time><Position>
      <LatitudeDegrees>
      15.009510417183149
    </LatitudeDegrees><LongitudeDegrees>
      120.63764372109442
    </LongitudeDegrees>
    </Position><AltitudeMeters>
      13.596175004973631
    </AltitudeMeters><SensorState>
      Present
    </SensorState>
    </Trackpoint>
<Trackpoint>
      <Time>
      2023-08-20T09:25:38.083Z
    </Time><SensorState>
      Present
    </SensorState><Extensions>
      <TPX xmlns="http://www.garmin.com/xmlschemas/ActivityExtension/v2">
      <ns3:Speed>
      3.4849583164333495
    </ns3:Speed><nax:Nax>
      <nax:Pace>
      4.782457967452541
    </nax:Pace>
    </nax:Nax>
    </TPX>
    </Extensions>
    </Trackpoint>
<Trackpoint>
      <Time>
      2023-08-20T09:25:38.084Z
    </Time><DistanceMeters>
      10.375761375762522
    </DistanceMeters><Cadence>
      167.76649475097656
    </Cadence><SensorState>
      Present
    </SensorState>
    </Trackpoint>
<Trackpoint>
      <Time>
      2023-08-20T09:25:38.143Z
    </Time><SensorState>
      Present
    </SensorState><Extensions>
      <TPX xmlns="http://www.garmin.com/xmlschemas/ActivityExtension/v2">
      <nax:Nax>
      <nax:DescentInMeters>
      0.04999995231628418
    </nax:DescentInMeters>
    </nax:Nax>
    </TPX>
    </Extensions>
    </Trackpoint>
<Trackpoint>
      <Time>
      2023-08-20T09:25:40.000Z
    </Time><Position>
      <LatitudeDegrees>
      15.00959094713465
    </LatitudeDegrees><LongitudeDegrees>
      120.63758477806233
    </LongitudeDegrees>
    </Position><AltitudeMeters>
      13.485268702643246
    </AltitudeMeters><SensorState>
      Present
    </SensorState>
    </Trackpoint>
<Trackpoint>
      <Time>
      2023-08-20T09:25:40.639Z
    </Time><DistanceMeters>
      9.357970093376935
    </DistanceMeters><SensorState>
      Present
    </SensorState><Extensions>
      <TPX xmlns="http://www.garmin.com/xmlschemas/ActivityExtension/v2">
      <ns3:Speed>
      3.497084520551269
    </ns3:Speed><nax:Nax>
      <nax:Pace>
      4.765874707551932
    </nax:Pace>
    </nax:Nax>
    </TPX>
    </Extensions>
    </Trackpoint>
<Trackpoint>
      <Time>
      2023-08-20T09:25:40.640Z
    </Time><Cadence>
      168.09011936187744
    </Cadence><SensorState>
      Present
    </SensorState>
    </Trackpoint>
<Trackpoint>
      <Time>
      2023-08-20T09:25:43.000Z
    </Time><Position>
      <LatitudeDegrees>
      15.009672301979004
    </LatitudeDegrees><LongitudeDegrees>
      120.63752329929642
    </LongitudeDegrees>
    </Position><AltitudeMeters>
      13.269886502756094
    </AltitudeMeters><SensorState>
      Present
    </SensorState><Extensions>
      <TPX xmlns="http://www.garmin.com/xmlschemas/ActivityExtension/v2">
      <nax:Nax>
      <nax:NikeFuel>
      9.680412850037234
    </nax:NikeFuel>
    </nax:Nax>
    </TPX>
    </Extensions>
    </Trackpoint>
<Trackpoint>
      <Time>
      2023-08-20T09:25:43.195Z
    </Time><SensorState>
      Present
    </SensorState><Extensions>
      <TPX xmlns="http://www.garmin.com/xmlschemas/ActivityExtension/v2">
      <ns3:Speed>
      3.52418654733272
    </ns3:Speed><nax:Nax>
      <nax:Pace>
      4.729223735128559
    </nax:Pace>
    </nax:Nax>
    </TPX>
    </Extensions>
    </Trackpoint>
<Trackpoint>
      <Time>
      2023-08-20T09:25:43.196Z
    </Time><DistanceMeters>
      10.153924447484314
    </DistanceMeters><Cadence>
      168.34991455078125
    </Cadence><SensorState>
      Present
    </SensorState>
    </Trackpoint>
<Trackpoint>
      <Time>
      2023-08-20T09:25:45.751Z
    </Time><DistanceMeters>
      10.988717252388597
    </DistanceMeters><SensorState>
      Present
    </SensorState><Extensions>
      <TPX xmlns="http://www.garmin.com/xmlschemas/ActivityExtension/v2">
      <ns3:Speed>
      3.585866625325866
    </ns3:Speed><nax:Nax>
      <nax:Pace>
      4.647876903439509
    </nax:Pace>
    </nax:Nax>
    </TPX>
    </Extensions>
    </Trackpoint>
<Trackpoint>
      <Time>
      2023-08-20T09:25:45.752Z
    </Time><Cadence>
      168.67578506469727
    </Cadence><SensorState>
      Present
    </SensorState>
    </Trackpoint>
<Trackpoint>
      <Time>
      2023-08-20T09:25:46.000Z
    </Time><Position>
      <LatitudeDegrees>
      15.009759887469414
    </LatitudeDegrees><LongitudeDegrees>
      120.63745119812332
    </LongitudeDegrees>
    </Position><AltitudeMeters>
      12.977761010593625
    </AltitudeMeters><SensorState>
      Present
    </SensorState>
    </Trackpoint>
<Trackpoint>
      <Time>
      2023-08-20T09:25:48.307Z
    </Time><SensorState>
      Present
    </SensorState><Extensions>
      <TPX xmlns="http://www.garmin.com/xmlschemas/ActivityExtension/v2">
      <ns3:Speed>
      3.708889615794646
    </ns3:Speed><nax:Nax>
      <nax:Pace>
      4.49370792694669
    </nax:Pace>
    </nax:Nax>
    </TPX>
    </Extensions>
    </Trackpoint>
<Trackpoint>
      <Time>
      2023-08-20T09:25:48.308Z
    </Time><DistanceMeters>
      11.176972615532577
    </DistanceMeters><Cadence>
      168.67578506469727
    </Cadence><SensorState>
      Present
    </SensorState>
    </Trackpoint>
<Trackpoint>
      <Time>
      2023-08-20T09:25:48.365Z
    </Time><SensorState>
      Present
    </SensorState><Extensions>
      <TPX xmlns="http://www.garmin.com/xmlschemas/ActivityExtension/v2">
      <nax:Nax>
      <nax:AscentInMeters>
      0.3299996852874756
    </nax:AscentInMeters>
    </nax:Nax>
    </TPX>
    </Extensions>
    </Trackpoint>
<Trackpoint>
      <Time>
      2023-08-20T09:25:49.000Z
    </Time><Position>
      <LatitudeDegrees>
      15.009849330451157
    </LatitudeDegrees><LongitudeDegrees>
      120.63737352236488
    </LongitudeDegrees>
    </Position><AltitudeMeters>
      13.441706750784277
    </AltitudeMeters><SensorState>
      Present
    </SensorState>
    </Trackpoint>
<Trackpoint>
      <Time>
      2023-08-20T09:25:50.863Z
    </Time><DistanceMeters>
      9.4188760118559
    </DistanceMeters><SensorState>
      Present
    </SensorState><Extensions>
      <TPX xmlns="http://www.garmin.com/xmlschemas/ActivityExtension/v2">
      <ns3:Speed>
      4.320412493153398
    </ns3:Speed><nax:Nax>
      <nax:Pace>
      3.8576563448695014
    </nax:Pace>
    </nax:Nax>
    </TPX>
    </Extensions>
    </Trackpoint>
<Trackpoint>
      <Time>
      2023-08-20T09:25:50.864Z
    </Time><Cadence>
      168.93739700317383
    </Cadence><SensorState>
      Present
    </SensorState>
    </Trackpoint>
<Trackpoint>
      <Time>
      2023-08-20T09:25:50.920Z
    </Time><SensorState>
      Present
    </SensorState><Extensions>
      <TPX xmlns="http://www.garmin.com/xmlschemas/ActivityExtension/v2">
      <nax:Nax>
      <nax:AscentInMeters>
      0.029999971389770508
    </nax:AscentInMeters>
    </nax:Nax>
    </TPX>
    </Extensions>
    </Trackpoint>
<Trackpoint>
      <Time>
      2023-08-20T09:25:52.000Z
    </Time><Position>
      <LatitudeDegrees>
      15.009928376696736
    </LatitudeDegrees><LongitudeDegrees>
      120.63729482986899
    </LongitudeDegrees>
    </Position><AltitudeMeters>
      14.15885516476473
    </AltitudeMeters><SensorState>
      Present
    </SensorState>
    </Trackpoint>
<Trackpoint>
      <Time>
      2023-08-20T09:25:53.000Z
    </Time><SensorState>
      Present
    </SensorState><Extensions>
      <TPX xmlns="http://www.garmin.com/xmlschemas/ActivityExtension/v2">
      <nax:Nax>
      <nax:NikeFuel>
      10.201299929359083
    </nax:NikeFuel>
    </nax:Nax>
    </TPX>
    </Extensions>
    </Trackpoint>
<Trackpoint>
      <Time>
      2023-08-20T09:25:53.419Z
    </Time><SensorState>
      Present
    </SensorState><Extensions>
      <TPX xmlns="http://www.garmin.com/xmlschemas/ActivityExtension/v2">
      <ns3:Speed>
      4.099138488865876
    </ns3:Speed><nax:Nax>
      <nax:Pace>
      4.065894995237865
    </nax:Pace>
    </nax:Nax>
    </TPX>
    </Extensions>
    </Trackpoint>
<Trackpoint>
      <Time>
      2023-08-20T09:25:53.420Z
    </Time><DistanceMeters>
      9.905402612872422
    </DistanceMeters><Cadence>
      169.08350944519043
    </Cadence><SensorState>
      Present
    </SensorState>
    </Trackpoint>
<Trackpoint>
      <Time>
      2023-08-20T09:25:53.477Z
    </Time><SensorState>
      Present
    </SensorState><Extensions>
      <TPX xmlns="http://www.garmin.com/xmlschemas/ActivityExtension/v2">
      <nax:Nax>
      <nax:AscentInMeters>
      0.13000011444091797
    </nax:AscentInMeters>
    </nax:Nax>
    </TPX>
    </Extensions>
    </Trackpoint>
<Trackpoint>
      <Time>
      2023-08-20T09:25:55.000Z
    </Time><Position>
      <LatitudeDegrees>
      15.010001266771061
    </LatitudeDegrees><LongitudeDegrees>
      120.63721367842113
    </LongitudeDegrees>
    </Position><AltitudeMeters>
      14.962983686998243
    </AltitudeMeters><SensorState>
      Present
    </SensorState>
    </Trackpoint>
<Trackpoint>
      <Time>
      2023-08-20T09:25:55.975Z
    </Time><DistanceMeters>
      10.574193556793034
    </DistanceMeters><SensorState>
      Present
    </SensorState><Extensions>
      <TPX xmlns="http://www.garmin.com/xmlschemas/ActivityExtension/v2">
      <ns3:Speed>
      3.957073084842681
    </ns3:Speed><nax:Nax>
      <nax:Pace>
      4.2118672840558045
    </nax:Pace>
    </nax:Nax>
    </TPX>
    </Extensions>
    </Trackpoint>
<Trackpoint>
      <Time>
      2023-08-20T09:25:55.976Z
    </Time><Cadence>
      169.52899932861328
    </Cadence><SensorState>
      Present
    </SensorState>
    </Trackpoint>
<Trackpoint>
      <Time>
      2023-08-20T09:25:56.032Z
    </Time><SensorState>
      Present
    </SensorState><Extensions>
      <TPX xmlns="http://www.garmin.com/xmlschemas/ActivityExtension/v2">
      <nax:Nax>
      <nax:AscentInMeters>
      0.04999995231628418
    </nax:AscentInMeters>
    </nax:Nax>
    </TPX>
    </Extensions>
    </Trackpoint>
<Trackpoint>
      <Time>
      2023-08-20T09:25:58.000Z
    </Time><Position>
      <LatitudeDegrees>
      15.010074860125988
    </LatitudeDegrees><LongitudeDegrees>
      120.63713526703249
    </LongitudeDegrees>
    </Position><AltitudeMeters>
      15.284198457757448
    </AltitudeMeters><SensorState>
      Present
    </SensorState>
    </Trackpoint>
<Trackpoint>
      <Time>
      2023-08-20T09:25:58.531Z
    </Time><SensorState>
      Present
    </SensorState><Extensions>
      <TPX xmlns="http://www.garmin.com/xmlschemas/ActivityExtension/v2">
      <ns3:Speed>
      3.970751336130415
    </ns3:Speed><nax:Nax>
      <nax:Pace>
      4.1973584482650335
    </nax:Pace>
    </nax:Nax>
    </TPX>
    </Extensions>
    </Trackpoint>
<Trackpoint>
      <Time>
      2023-08-20T09:25:58.532Z
    </Time><DistanceMeters>
      8.966234340332448
    </DistanceMeters><Cadence>
      169.9919843673706
    </Cadence><SensorState>
      Present
    </SensorState>
    </Trackpoint>
<Trackpoint>
      <Time>
      2023-08-20T09:25:58.589Z
    </Time><SensorState>
      Present
    </SensorState><Extensions>
      <TPX xmlns="http://www.garmin.com/xmlschemas/ActivityExtension/v2">
      <nax:Nax>
      <nax:AscentInMeters>
      0.19000005722045898
    </nax:AscentInMeters>
    </nax:Nax>
    </TPX>
    </Extensions>
    </Trackpoint>
<Trackpoint>
      <Time>
      2023-08-20T09:26:01.000Z
    </Time><Position>
      <LatitudeDegrees>
      15.010144440013239
    </LatitudeDegrees><LongitudeDegrees>
      120.63706108418009
    </LongitudeDegrees>
    </Position><AltitudeMeters>
      14.720696528531732
    </AltitudeMeters><SensorState>
      Present
    </SensorState>
    </Trackpoint>
<Trackpoint>
      <Time>
      2023-08-20T09:26:01.087Z
    </Time><DistanceMeters>
      10.867681344039738
    </DistanceMeters><SensorState>
      Present
    </SensorState><Extensions>
      <TPX xmlns="http://www.garmin.com/xmlschemas/ActivityExtension/v2">
      <ns3:Speed>
      3.968762415864413
    </ns3:Speed><nax:Nax>
      <nax:Pace>
      4.199461927991624
    </nax:Pace>
    </nax:Nax>
    </TPX>
    </Extensions>
    </Trackpoint>
<Trackpoint>
      <Time>
      2023-08-20T09:26:01.088Z
    </Time><Cadence>
      171.29801273345947
    </Cadence><SensorState>
      Present
    </SensorState>
    </Trackpoint>
<Trackpoint>
      <Time>
      2023-08-20T09:26:03.000Z
    </Time><SensorState>
      Present
    </SensorState><Extensions>
      <TPX xmlns="http://www.garmin.com/xmlschemas/ActivityExtension/v2">
      <nax:Nax>
      <nax:NikeFuel>
      10.031668754426732
    </nax:NikeFuel>
    </nax:Nax>
    </TPX>
    </Extensions>
    </Trackpoint>
<Trackpoint>
      <Time>
      2023-08-20T09:26:03.643Z
    </Time><SensorState>
      Present
    </SensorState><Extensions>
      <TPX xmlns="http://www.garmin.com/xmlschemas/ActivityExtension/v2">
      <ns3:Speed>
      4.009381070216802
    </ns3:Speed><nax:Nax>
      <nax:Pace>
      4.156917582734395
    </nax:Pace>
    </nax:Nax>
    </TPX>
    </Extensions>
    </Trackpoint>
<Trackpoint>
      <Time>
      2023-08-20T09:26:03.644Z
    </Time><DistanceMeters>
      9.851228893734515
    </DistanceMeters><Cadence>
      171.29801273345947
    </Cadence><SensorState>
      Present
    </SensorState>
    </Trackpoint>
<Trackpoint>
      <Time>
      2023-08-20T09:26:03.701Z
    </Time><SensorState>
      Present
    </SensorState><Extensions>
      <TPX xmlns="http://www.garmin.com/xmlschemas/ActivityExtension/v2">
      <nax:Nax>
      <nax:DescentInMeters>
      0.08999991416931152
    </nax:DescentInMeters>
    </nax:Nax>
    </TPX>
    </Extensions>
    </Trackpoint>
<Trackpoint>
      <Time>
      2023-08-20T09:26:04.000Z
    </Time><Position>
      <LatitudeDegrees>
      15.010224439066208
    </LatitudeDegrees><LongitudeDegrees>
      120.6369862291393
    </LongitudeDegrees>
    </Position><AltitudeMeters>
      14.114524959828323
    </AltitudeMeters><SensorState>
      Present
    </SensorState>
    </Trackpoint>
<Trackpoint>
      <Time>
      2023-08-20T09:26:06.199Z
    </Time><DistanceMeters>
      9.27345828525722
    </DistanceMeters><SensorState>
      Present
    </SensorState><Extensions>
      <TPX xmlns="http://www.garmin.com/xmlschemas/ActivityExtension/v2">
      <ns3:Speed>
      3.964365574965766
    </ns3:Speed><nax:Nax>
      <nax:Pace>
      4.2041195120635635
    </nax:Pace>
    </nax:Nax>
    </TPX>
    </Extensions>
    </Trackpoint>
<Trackpoint>
      <Time>
      2023-08-20T09:26:06.200Z
    </Time><Cadence>
      170.85861682891846
    </Cadence><SensorState>
      Present
    </SensorState>
    </Trackpoint>
<Trackpoint>
      <Time>
      2023-08-20T09:26:06.255Z
    </Time><SensorState>
      Present
    </SensorState><Extensions>
      <TPX xmlns="http://www.garmin.com/xmlschemas/ActivityExtension/v2">
      <nax:Nax>
      <nax:DescentInMeters>
      0.06000018119812012
    </nax:DescentInMeters>
    </nax:Nax>
    </TPX>
    </Extensions>
    </Trackpoint>
<Trackpoint>
      <Time>
      2023-08-20T09:26:07.000Z
    </Time><Position>
      <LatitudeDegrees>
      15.010299820785232
    </LatitudeDegrees><LongitudeDegrees>
      120.63690785703898
    </LongitudeDegrees>
    </Position><AltitudeMeters>
      13.465620511029378
    </AltitudeMeters><SensorState>
      Present
    </SensorState>
    </Trackpoint>
<Trackpoint>
      <Time>
      2023-08-20T09:26:08.754Z
    </Time><SensorState>
      Present
    </SensorState><Extensions>
      <TPX xmlns="http://www.garmin.com/xmlschemas/ActivityExtension/v2">
      <ns3:Speed>
      3.9118015034598943
    </ns3:Speed><nax:Nax>
      <nax:Pace>
      4.26061154992793
    </nax:Pace>
    </nax:Nax>
    </TPX>
    </Extensions>
    </Trackpoint>
<Trackpoint>
      <Time>
      2023-08-20T09:26:08.755Z
    </Time><DistanceMeters>
      8.156621301546693
    </DistanceMeters><Cadence>
      170.79164028167725
    </Cadence><SensorState>
      Present
    </SensorState>
    </Trackpoint>
<Trackpoint>
      <Time>
      2023-08-20T09:26:10.000Z
    </Time><Position>
      <LatitudeDegrees>
      15.010365056013503
    </LatitudeDegrees><LongitudeDegrees>
      120.63683507226064
    </LongitudeDegrees>
    </Position><AltitudeMeters>
      13.17929048282138
    </AltitudeMeters><SensorState>
      Present
    </SensorState>
    </Trackpoint>
<Trackpoint>
      <Time>
      2023-08-20T09:26:11.310Z
    </Time><DistanceMeters>
      8.839331987313926
    </DistanceMeters><SensorState>
      Present
    </SensorState><Extensions>
      <TPX xmlns="http://www.garmin.com/xmlschemas/ActivityExtension/v2">
      <ns3:Speed>
      3.8312932067652343
    </ns3:Speed><nax:Nax>
      <nax:Pace>
      4.350141262286306
    </nax:Pace>
    </nax:Nax>
    </TPX>
    </Extensions>
    </Trackpoint>
<Trackpoint>
      <Time>
      2023-08-20T09:26:11.311Z
    </Time><Cadence>
      170.65787315368652
    </Cadence><SensorState>
      Present
    </SensorState>
    </Trackpoint>
<Trackpoint>
      <Time>
      2023-08-20T09:26:11.367Z
    </Time><SensorState>
      Present
    </SensorState><Extensions>
      <TPX xmlns="http://www.garmin.com/xmlschemas/ActivityExtension/v2">
      <nax:Nax>
      <nax:DescentInMeters>
      0.1099998950958252
    </nax:DescentInMeters>
    </nax:Nax>
    </TPX>
    </Extensions>
    </Trackpoint>
<Trackpoint>
      <Time>
      2023-08-20T09:26:13.000Z
    </Time><SensorState>
      Present
    </SensorState><Extensions>
      <TPX xmlns="http://www.garmin.com/xmlschemas/ActivityExtension/v2">
      <nax:Nax>
      <nax:NikeFuel>
      9.370960679758912
    </nax:NikeFuel>
    </nax:Nax>
    </TPX>
    </Extensions>
    </Trackpoint>
<Trackpoint>
      <Time>
      2023-08-20T09:26:13.866Z
    </Time><SensorState>
      Present
    </SensorState><Extensions>
      <TPX xmlns="http://www.garmin.com/xmlschemas/ActivityExtension/v2">
      <ns3:Speed>
      3.7368306897931785
    </ns3:Speed><nax:Nax>
      <nax:Pace>
      4.460107521646669
    </nax:Pace>
    </nax:Nax>
    </TPX>
    </Extensions>
    </Trackpoint>
<Trackpoint>
      <Time>
      2023-08-20T09:26:13.867Z
    </Time><DistanceMeters>
      8.094923673197627
    </DistanceMeters><Cadence>
      170.79169750213623
    </Cadence><SensorState>
      Present
    </SensorState>
    </Trackpoint>
<Trackpoint>
      <Time>
      2023-08-20T09:26:13.924Z
    </Time><SensorState>
      Present
    </SensorState><Extensions>
      <TPX xmlns="http://www.garmin.com/xmlschemas/ActivityExtension/v2">
      <nax:Nax>
      <nax:DescentInMeters>
      0.039999961853027344
    </nax:DescentInMeters>
    </nax:Nax>
    </TPX>
    </Extensions>
    </Trackpoint>
<Trackpoint>
      <Time>
      2023-08-20T09:26:14.000Z
    </Time><Position>
      <LatitudeDegrees>
      15.010443640088303
    </LatitudeDegrees><LongitudeDegrees>
      120.63675032463146
    </LongitudeDegrees>
    </Position><AltitudeMeters>
      13.429726067629908
    </AltitudeMeters><SensorState>
      Present
    </SensorState>
    </Trackpoint>
<Trackpoint>
      <Time>
      2023-08-20T09:26:16.422Z
    </Time><DistanceMeters>
      8.540845343843102
    </DistanceMeters><SensorState>
      Present
    </SensorState><Extensions>
      <TPX xmlns="http://www.garmin.com/xmlschemas/ActivityExtension/v2">
      <ns3:Speed>
      3.6695460722202027
    </ns3:Speed><nax:Nax>
      <nax:Pace>
      4.541887835348189
    </nax:Pace>
    </nax:Nax>
    </TPX>
    </Extensions>
    </Trackpoint>
<Trackpoint>
      <Time>
      2023-08-20T09:26:16.423Z
    </Time><Cadence>
      170.72476387023926
    </Cadence><SensorState>
      Present
    </SensorState>
    </Trackpoint>
<Trackpoint>
      <Time>
      2023-08-20T09:26:16.479Z
    </Time><SensorState>
      Present
    </SensorState><Extensions>
      <TPX xmlns="http://www.garmin.com/xmlschemas/ActivityExtension/v2">
      <nax:Nax>
      <nax:DescentInMeters>
      0.009999990463256836
    </nax:DescentInMeters>
    </nax:Nax>
    </TPX>
    </Extensions>
    </Trackpoint>
<Trackpoint>
      <Time>
      2023-08-20T09:26:17.000Z
    </Time><Position>
      <LatitudeDegrees>
      15.010509467232836
    </LatitudeDegrees><LongitudeDegrees>
      120.63668506817282
    </LongitudeDegrees>
    </Position><AltitudeMeters>
      13.726118941487357
    </AltitudeMeters><SensorState>
      Present
    </SensorState>
    </Trackpoint>
<Trackpoint>
      <Time>
      2023-08-20T09:26:18.978Z
    </Time><SensorState>
      Present
    </SensorState><Extensions>
      <TPX xmlns="http://www.garmin.com/xmlschemas/ActivityExtension/v2">
      <ns3:Speed>
      3.613581556107626
    </ns3:Speed><nax:Nax>
      <nax:Pace>
      4.612229282191485
    </nax:Pace>
    </nax:Nax>
    </TPX>
    </Extensions>
    </Trackpoint>
<Trackpoint>
      <Time>
      2023-08-20T09:26:18.979Z
    </Time><DistanceMeters>
      10.00921304244548
    </DistanceMeters><Cadence>
      171.0309648513794
    </Cadence><SensorState>
      Present
    </SensorState>
    </Trackpoint>
<Trackpoint>
      <Time>
      2023-08-20T09:26:19.037Z
    </Time><SensorState>
      Present
    </SensorState><Extensions>
      <TPX xmlns="http://www.garmin.com/xmlschemas/ActivityExtension/v2">
      <nax:Nax>
      <nax:DescentInMeters>
      0.059999942779541016
    </nax:DescentInMeters>
    </nax:Nax>
    </TPX>
    </Extensions>
    </Trackpoint>
<Trackpoint>
      <Time>
      2023-08-20T09:26:20.000Z
    </Time><Position>
      <LatitudeDegrees>
      15.01056853731483
    </LatitudeDegrees><LongitudeDegrees>
      120.63661403550921
    </LongitudeDegrees>
    </Position><AltitudeMeters>
      14.28570978524067
    </AltitudeMeters><SensorState>
      Present
    </SensorState>
    </Trackpoint>
<Trackpoint>
      <Time>
      2023-08-20T09:26:21.534Z
    </Time><DistanceMeters>
      10.170522559434175
    </DistanceMeters><SensorState>
      Present
    </SensorState><Extensions>
      <TPX xmlns="http://www.garmin.com/xmlschemas/ActivityExtension/v2">
      <ns3:Speed>
      3.6106387714949597
    </ns3:Speed><nax:Nax>
      <nax:Pace>
      4.615988394697803
    </nax:Pace>
    </nax:Nax>
    </TPX>
    </Extensions>
    </Trackpoint>
<Trackpoint>
      <Time>
      2023-08-20T09:26:21.535Z
    </Time><Cadence>
      171.2312364578247
    </Cadence><SensorState>
      Present
    </SensorState>
    </Trackpoint>
<Trackpoint>
      <Time>
      2023-08-20T09:26:21.591Z
    </Time><SensorState>
      Present
    </SensorState><Extensions>
      <TPX xmlns="http://www.garmin.com/xmlschemas/ActivityExtension/v2">
      <nax:Nax>
      <nax:DescentInMeters>
      0.16000032424926758
    </nax:DescentInMeters>
    </nax:Nax>
    </TPX>
    </Extensions>
    </Trackpoint>
<Trackpoint>
      <Time>
      2023-08-20T09:26:23.000Z
    </Time><Position>
      <LatitudeDegrees>
      15.01064605576293
    </LatitudeDegrees><LongitudeDegrees>
      120.63653531496718
    </LongitudeDegrees>
    </Position><AltitudeMeters>
      14.621479859886897
    </AltitudeMeters><SensorState>
      Present
    </SensorState><Extensions>
      <TPX xmlns="http://www.garmin.com/xmlschemas/ActivityExtension/v2">
      <nax:Nax>
      <nax:NikeFuel>
      9.425937823772014
    </nax:NikeFuel>
    </nax:Nax>
    </TPX>
    </Extensions>
    </Trackpoint>
<Trackpoint>
      <Time>
      2023-08-20T09:26:24.090Z
    </Time><SensorState>
      Present
    </SensorState><Extensions>
      <TPX xmlns="http://www.garmin.com/xmlschemas/ActivityExtension/v2">
      <ns3:Speed>
      3.6805789374431535
    </ns3:Speed><nax:Nax>
      <nax:Pace>
      4.528273119512217
    </nax:Pace>
    </nax:Nax>
    </TPX>
    </Extensions>
    </Trackpoint>
<Trackpoint>
      <Time>
      2023-08-20T09:26:24.091Z
    </Time><DistanceMeters>
      10.450764791108668
    </DistanceMeters><Cadence>
      171.36501789093018
    </Cadence><SensorState>
      Present
    </SensorState>
    </Trackpoint>
<Trackpoint>
      <Time>
      2023-08-20T09:26:24.149Z
    </Time><SensorState>
      Present
    </SensorState><Extensions>
      <TPX xmlns="http://www.garmin.com/xmlschemas/ActivityExtension/v2">
      <nax:Nax>
      <nax:DescentInMeters>
      0.009999752044677734
    </nax:DescentInMeters>
    </nax:Nax>
    </TPX>
    </Extensions>
    </Trackpoint>
<Trackpoint>
      <Time>
      2023-08-20T09:26:26.000Z
    </Time><Position>
      <LatitudeDegrees>
      15.010726007407147
    </LatitudeDegrees><LongitudeDegrees>
      120.63645023218615
    </LongitudeDegrees>
    </Position><AltitudeMeters>
      14.672525589458502
    </AltitudeMeters><SensorState>
      Present
    </SensorState>
    </Trackpoint>
<Trackpoint>
      <Time>
      2023-08-20T09:26:26.646Z
    </Time><DistanceMeters>
      9.129013207741082
    </DistanceMeters><SensorState>
      Present
    </SensorState><Extensions>
      <TPX xmlns="http://www.garmin.com/xmlschemas/ActivityExtension/v2">
      <ns3:Speed>
      3.70835397755256
    </ns3:Speed><nax:Nax>
      <nax:Pace>
      4.494357002474271
    </nax:Pace>
    </nax:Nax>
    </TPX>
    </Extensions>
    </Trackpoint>
<Trackpoint>
      <Time>
      2023-08-20T09:26:26.647Z
    </Time><Cadence>
      171.3289976119995
    </Cadence><SensorState>
      Present
    </SensorState>
    </Trackpoint>
<Trackpoint>
      <Time>
      2023-08-20T09:26:26.703Z
    </Time><SensorState>
      Present
    </SensorState><Extensions>
      <TPX xmlns="http://www.garmin.com/xmlschemas/ActivityExtension/v2">
      <nax:Nax>
      <nax:DescentInMeters>
      0.09000015258789062
    </nax:DescentInMeters>
    </nax:Nax>
    </TPX>
    </Extensions>
    </Trackpoint>
<Trackpoint>
      <Time>
      2023-08-20T09:26:29.000Z
    </Time><Position>
      <LatitudeDegrees>
      15.010795139261019
    </LatitudeDegrees><LongitudeDegrees>
      120.6363745050035
    </LongitudeDegrees>
    </Position><AltitudeMeters>
      14.672343146133557
    </AltitudeMeters><SensorState>
      Present
    </SensorState>
    </Trackpoint>
<Trackpoint>
      <Time>
      2023-08-20T09:26:29.202Z
    </Time><SensorState>
      Present
    </SensorState><Extensions>
      <TPX xmlns="http://www.garmin.com/xmlschemas/ActivityExtension/v2">
      <ns3:Speed>
      3.687205868538716
    </ns3:Speed><nax:Nax>
      <nax:Pace>
      4.520134557409962
    </nax:Pace>
    </nax:Nax>
    </TPX>
    </Extensions>
    </Trackpoint>
<Trackpoint>
      <Time>
      2023-08-20T09:26:29.203Z
    </Time><DistanceMeters>
      9.777919775806367
    </DistanceMeters><Cadence>
      171.43198013305664
    </Cadence><SensorState>
      Present
    </SensorState>
    </Trackpoint>
<Trackpoint>
      <Time>
      2023-08-20T09:26:31.758Z
    </Time><DistanceMeters>
      8.858185144141316
    </DistanceMeters><SensorState>
      Present
    </SensorState><Extensions>
      <TPX xmlns="http://www.garmin.com/xmlschemas/ActivityExtension/v2">
      <ns3:Speed>
      3.6448440751125295
    </ns3:Speed><nax:Nax>
      <nax:Pace>
      4.572669316766892
    </nax:Pace>
    </nax:Nax>
    </TPX>
    </Extensions>
    </Trackpoint>
<Trackpoint>
      <Time>
      2023-08-20T09:26:31.759Z
    </Time><Cadence>
      171.43198013305664
    </Cadence><SensorState>
      Present
    </SensorState>
    </Trackpoint>
<Trackpoint>
      <Time>
      2023-08-20T09:26:32.000Z
    </Time><Position>
      <LatitudeDegrees>
      15.010858140310875
    </LatitudeDegrees><LongitudeDegrees>
      120.63630033385552
    </LongitudeDegrees>
    </Position><AltitudeMeters>
      14.688499606552377
    </AltitudeMeters><SensorState>
      Present
    </SensorState>
    </Trackpoint>
<Trackpoint>
      <Time>
      2023-08-20T09:26:33.000Z
    </Time><SensorState>
      Present
    </SensorState><Extensions>
      <TPX xmlns="http://www.garmin.com/xmlschemas/ActivityExtension/v2">
      <nax:Nax>
      <nax:NikeFuel>
      9.198084159667571
    </nax:NikeFuel>
    </nax:Nax>
    </TPX>
    </Extensions>
    </Trackpoint>
<Trackpoint>
      <Time>
      2023-08-20T09:26:34.314Z
    </Time><SensorState>
      Present
    </SensorState><Extensions>
      <TPX xmlns="http://www.garmin.com/xmlschemas/ActivityExtension/v2">
      <ns3:Speed>
      3.587804602646338
    </ns3:Speed><nax:Nax>
      <nax:Pace>
      4.645366320778299
    </nax:Pace>
    </nax:Nax>
    </TPX>
    </Extensions>
    </Trackpoint>
<Trackpoint>
      <Time>
      2023-08-20T09:26:34.315Z
    </Time><DistanceMeters>
      8.384738709777594
    </DistanceMeters><Cadence>
      171.43198013305664
    </Cadence><SensorState>
      Present
    </SensorState>
    </Trackpoint>
<Trackpoint>
      <Time>
      2023-08-20T09:26:34.497Z
    </Time><HeartRateBpm>
      <Value>
      187
    </Value>
    </HeartRateBpm><SensorState>
      Present
    </SensorState>
    </Trackpoint>
<Trackpoint>
      <Time>
      2023-08-20T09:26:35.000Z
    </Time><Position>
      <LatitudeDegrees>
      15.01092072857655
    </LatitudeDegrees><LongitudeDegrees>
      120.63622457722347
    </LongitudeDegrees>
    </Position><AltitudeMeters>
      14.440209761041487
    </AltitudeMeters><SensorState>
      Present
    </SensorState>
    </Trackpoint>
<Trackpoint>
      <Time>
      2023-08-20T09:26:36.870Z
    </Time><DistanceMeters>
      9.909213192760944
    </DistanceMeters><SensorState>
      Present
    </SensorState><Extensions>
      <TPX xmlns="http://www.garmin.com/xmlschemas/ActivityExtension/v2">
      <ns3:Speed>
      3.577659733727524
    </ns3:Speed><nax:Nax>
      <nax:Pace>
      4.6585387954996635
    </nax:Pace>
    </nax:Nax>
    </TPX>
    </Extensions>
    </Trackpoint>
<Trackpoint>
      <Time>
      2023-08-20T09:26:36.871Z
    </Time><Cadence>
      171.49901390075684
    </Cadence><SensorState>
      Present
    </SensorState>
    </Trackpoint>
<Trackpoint>
      <Time>
      2023-08-20T09:26:36.927Z
    </Time><SensorState>
      Present
    </SensorState><Extensions>
      <TPX xmlns="http://www.garmin.com/xmlschemas/ActivityExtension/v2">
      <nax:Nax>
      <nax:AscentInMeters>
      0.559999942779541
    </nax:AscentInMeters>
    </nax:Nax>
    </TPX>
    </Extensions>
    </Trackpoint>
<Trackpoint>
      <Time>
      2023-08-20T09:26:38.000Z
    </Time><Position>
      <LatitudeDegrees>
      15.010979626881165
    </LatitudeDegrees><LongitudeDegrees>
      120.63615099953965
    </LongitudeDegrees>
    </Position><AltitudeMeters>
      14.010097162309577
    </AltitudeMeters><SensorState>
      Present
    </SensorState>
    </Trackpoint>
<Trackpoint>
      <Time>
      2023-08-20T09:26:39.426Z
    </Time><SensorState>
      Present
    </SensorState><Extensions>
      <TPX xmlns="http://www.garmin.com/xmlschemas/ActivityExtension/v2">
      <ns3:Speed>
      3.5826620977546915
    </ns3:Speed><nax:Nax>
      <nax:Pace>
      4.6520342169896285
    </nax:Pace>
    </nax:Nax>
    </TPX>
    </Extensions>
    </Trackpoint>
<Trackpoint>
      <Time>
      2023-08-20T09:26:39.427Z
    </Time><DistanceMeters>
      9.119782340712845
    </DistanceMeters><Cadence>
      171.63321018218994
    </Cadence><SensorState>
      Present
    </SensorState>
    </Trackpoint>
<Trackpoint>
      <Time>
      2023-08-20T09:26:39.483Z
    </Time><SensorState>
      Present
    </SensorState><Extensions>
      <TPX xmlns="http://www.garmin.com/xmlschemas/ActivityExtension/v2">
      <nax:Nax>
      <nax:AscentInMeters>
      0.1100001335144043
    </nax:AscentInMeters>
    </nax:Nax>
    </TPX>
    </Extensions>
    </Trackpoint>
<Trackpoint>
      <Time>
      2023-08-20T09:26:41.000Z
    </Time><Position>
      <LatitudeDegrees>
      15.011047144222566
    </LatitudeDegrees><LongitudeDegrees>
      120.6360735844959
    </LongitudeDegrees>
    </Position><AltitudeMeters>
      13.94227789134284
    </AltitudeMeters><SensorState>
      Present
    </SensorState>
    </Trackpoint>
<Trackpoint>
      <Time>
      2023-08-20T09:26:41.982Z
    </Time><SensorState>
      Present
    </SensorState><Extensions>
      <TPX xmlns="http://www.garmin.com/xmlschemas/ActivityExtension/v2">
      <ns3:Speed>
      3.5982511403351896
    </ns3:Speed><nax:Nax>
      <nax:Pace>
      4.6318797706582835
    </nax:Pace>
    </nax:Nax>
    </TPX>
    </Extensions>
    </Trackpoint>
<Trackpoint>
      <Time>
      2023-08-20T09:26:41.983Z
    </Time><DistanceMeters>
      8.951506742276251
    </DistanceMeters><Cadence>
      171.4989995956421
    </Cadence><SensorState>
      Present
    </SensorState>
    </Trackpoint>
<Trackpoint>
      <Time>
      2023-08-20T09:26:42.038Z
    </Time><SensorState>
      Present
    </SensorState><Extensions>
      <TPX xmlns="http://www.garmin.com/xmlschemas/ActivityExtension/v2">
      <nax:Nax>
      <nax:AscentInMeters>
      0.18999981880187988
    </nax:AscentInMeters>
    </nax:Nax>
    </TPX>
    </Extensions>
    </Trackpoint>
<Trackpoint>
      <Time>
      2023-08-20T09:26:43.000Z
    </Time><SensorState>
      Present
    </SensorState><Extensions>
      <TPX xmlns="http://www.garmin.com/xmlschemas/ActivityExtension/v2">
      <nax:Nax>
      <nax:NikeFuel>
      9.300115384533116
    </nax:NikeFuel>
    </nax:Nax>
    </TPX>
    </Extensions>
    </Trackpoint>
<Trackpoint>
      <Time>
      2023-08-20T09:26:44.000Z
    </Time><Position>
      <LatitudeDegrees>
      15.011112612641897
    </LatitudeDegrees><LongitudeDegrees>
      120.63599908237042
    </LongitudeDegrees>
    </Position><AltitudeMeters>
      13.815805036711616
    </AltitudeMeters><SensorState>
      Present
    </SensorState>
    </Trackpoint>
<Trackpoint>
      <Time>
      2023-08-20T09:26:44.538Z
    </Time><SensorState>
      Present
    </SensorState><Extensions>
      <TPX xmlns="http://www.garmin.com/xmlschemas/ActivityExtension/v2">
      <ns3:Speed>
      3.593020599296064
    </ns3:Speed><nax:Nax>
      <nax:Pace>
      4.638622631312483
    </nax:Pace>
    </nax:Nax>
    </TPX>
    </Extensions>
    </Trackpoint>
<Trackpoint>
      <Time>
      2023-08-20T09:26:44.539Z
    </Time><DistanceMeters>
      8.915669311769307
    </DistanceMeters><Cadence>
      171.4989995956421
    </Cadence><SensorState>
      Present
    </SensorState>
    </Trackpoint>
<Trackpoint>
      <Time>
      2023-08-20T09:26:44.593Z
    </Time><SensorState>
      Present
    </SensorState><Extensions>
      <TPX xmlns="http://www.garmin.com/xmlschemas/ActivityExtension/v2">
      <nax:Nax>
      <nax:AscentInMeters>
      0.1099998950958252
    </nax:AscentInMeters>
    </nax:Nax>
    </TPX>
    </Extensions>
    </Trackpoint>
<Trackpoint>
      <Time>
      2023-08-20T09:26:47.000Z
    </Time><Position>
      <LatitudeDegrees>
      15.011179612324502
    </LatitudeDegrees><LongitudeDegrees>
      120.6359262711101
    </LongitudeDegrees>
    </Position><AltitudeMeters>
      13.802171237010818
    </AltitudeMeters><SensorState>
      Present
    </SensorState>
    </Trackpoint>
<Trackpoint>
      <Time>
      2023-08-20T09:26:47.094Z
    </Time><SensorState>
      Present
    </SensorState><Extensions>
      <TPX xmlns="http://www.garmin.com/xmlschemas/ActivityExtension/v2">
      <ns3:Speed>
      3.6468269263873623
    </ns3:Speed><nax:Nax>
      <nax:Pace>
      4.570183066838624
    </nax:Pace>
    </nax:Nax>
    </TPX>
    </Extensions>
    </Trackpoint>
<Trackpoint>
      <Time>
      2023-08-20T09:26:47.095Z
    </Time><DistanceMeters>
      9.45363843999803
    </DistanceMeters><Cadence>
      171.6670274734497
    </Cadence><SensorState>
      Present
    </SensorState>
    </Trackpoint>
<Trackpoint>
      <Time>
      2023-08-20T09:26:47.152Z
    </Time><SensorState>
      Present
    </SensorState><Extensions>
      <TPX xmlns="http://www.garmin.com/xmlschemas/ActivityExtension/v2">
      <nax:Nax>
      <nax:AscentInMeters>
      0.2200002670288086
    </nax:AscentInMeters>
    </nax:Nax>
    </TPX>
    </Extensions>
    </Trackpoint>
<Trackpoint>
      <Time>
      2023-08-20T09:26:49.650Z
    </Time><SensorState>
      Present
    </SensorState><Extensions>
      <TPX xmlns="http://www.garmin.com/xmlschemas/ActivityExtension/v2">
      <ns3:Speed>
      3.6502239576025186
    </ns3:Speed><nax:Nax>
      <nax:Pace>
      4.565929888207024
    </nax:Pace>
    </nax:Nax>
    </TPX>
    </Extensions>
    </Trackpoint>
<Trackpoint>
      <Time>
      2023-08-20T09:26:49.651Z
    </Time><DistanceMeters>
      8.321819264441729
    </DistanceMeters><Cadence>
      171.6670274734497
    </Cadence><SensorState>
      Present
    </SensorState>
    </Trackpoint>
<Trackpoint>
      <Time>
      2023-08-20T09:26:49.705Z
    </Time><SensorState>
      Present
    </SensorState><Extensions>
      <TPX xmlns="http://www.garmin.com/xmlschemas/ActivityExtension/v2">
      <nax:Nax>
      <nax:AscentInMeters>
      0.1400001049041748
    </nax:AscentInMeters>
    </nax:Nax>
    </TPX>
    </Extensions>
    </Trackpoint>
<Trackpoint>
      <Time>
      2023-08-20T09:26:50.000Z
    </Time><Position>
      <LatitudeDegrees>
      15.011245064974592
    </LatitudeDegrees><LongitudeDegrees>
      120.63585943684629
    </LongitudeDegrees>
    </Position><AltitudeMeters>
      13.911321849564601
    </AltitudeMeters><SensorState>
      Present
    </SensorState>
    </Trackpoint>
<Trackpoint>
      <Time>
      2023-08-20T09:26:52.206Z
    </Time><SensorState>
      Present
    </SensorState><Extensions>
      <TPX xmlns="http://www.garmin.com/xmlschemas/ActivityExtension/v2">
      <ns3:Speed>
      3.624051631441743
    </ns3:Speed><nax:Nax>
      <nax:Pace>
      4.598904309770064
    </nax:Pace>
    </nax:Nax>
    </TPX>
    </Extensions>
    </Trackpoint>
<Trackpoint>
      <Time>
      2023-08-20T09:26:52.207Z
    </Time><DistanceMeters>
      9.296706253662705
    </DistanceMeters><Cadence>
      171.6670274734497
    </Cadence><SensorState>
      Present
    </SensorState>
    </Trackpoint>
<Trackpoint>
      <Time>
      2023-08-20T09:26:52.263Z
    </Time><SensorState>
      Present
    </SensorState><Extensions>
      <TPX xmlns="http://www.garmin.com/xmlschemas/ActivityExtension/v2">
      <nax:Nax>
      <nax:DescentInMeters>
      0.1100001335144043
    </nax:DescentInMeters>
    </nax:Nax>
    </TPX>
    </Extensions>
    </Trackpoint>
<Trackpoint>
      <Time>
      2023-08-20T09:26:53.000Z
    </Time><Position>
      <LatitudeDegrees>
      15.011315654570911
    </LatitudeDegrees><LongitudeDegrees>
      120.63579514207613
    </LongitudeDegrees>
    </Position><AltitudeMeters>
      13.874166683163914
    </AltitudeMeters><SensorState>
      Present
    </SensorState><Extensions>
      <TPX xmlns="http://www.garmin.com/xmlschemas/ActivityExtension/v2">
      <nax:Nax>
      <nax:NikeFuel>
      9.234861169098894
    </nax:NikeFuel>
    </nax:Nax>
    </TPX>
    </Extensions>
    </Trackpoint>
<Trackpoint>
      <Time>
      2023-08-20T09:26:54.762Z
    </Time><SensorState>
      Present
    </SensorState><Extensions>
      <TPX xmlns="http://www.garmin.com/xmlschemas/ActivityExtension/v2">
      <ns3:Speed>
      3.6042843504672666
    </ns3:Speed><nax:Nax>
      <nax:Pace>
      4.624126468963517
    </nax:Pace>
    </nax:Nax>
    </TPX>
    </Extensions>
    </Trackpoint>
<Trackpoint>
      <Time>
      2023-08-20T09:26:54.763Z
    </Time><DistanceMeters>
      9.502262708730996
    </DistanceMeters><Cadence>
      171.00242614746094
    </Cadence><SensorState>
      Present
    </SensorState>
    </Trackpoint>
<Trackpoint>
      <Time>
      2023-08-20T09:26:54.817Z
    </Time><SensorState>
      Present
    </SensorState><Extensions>
      <TPX xmlns="http://www.garmin.com/xmlschemas/ActivityExtension/v2">
      <nax:Nax>
      <nax:DescentInMeters>
      0.06999969482421875
    </nax:DescentInMeters>
    </nax:Nax>
    </TPX>
    </Extensions>
    </Trackpoint>
<Trackpoint>
      <Time>
      2023-08-20T09:26:56.000Z
    </Time><Position>
      <LatitudeDegrees>
      15.011388281349147
    </LatitudeDegrees><LongitudeDegrees>
      120.63572797426309
    </LongitudeDegrees>
    </Position><AltitudeMeters>
      14.038334980448042
    </AltitudeMeters><SensorState>
      Present
    </SensorState>
    </Trackpoint>
<Trackpoint>
      <Time>
      2023-08-20T09:26:57.317Z
    </Time><DistanceMeters>
      9.182879758998752
    </DistanceMeters><SensorState>
      Present
    </SensorState><Extensions>
      <TPX xmlns="http://www.garmin.com/xmlschemas/ActivityExtension/v2">
      <ns3:Speed>
      3.593212156046086
    </ns3:Speed><nax:Nax>
      <nax:Pace>
      4.638375342970676
    </nax:Pace>
    </nax:Nax>
    </TPX>
    </Extensions>
    </Trackpoint>
<Trackpoint>
      <Time>
      2023-08-20T09:26:57.318Z
    </Time><Cadence>
      170.63185214996338
    </Cadence><SensorState>
      Present
    </SensorState>
    </Trackpoint>
<Trackpoint>
      <Time>
      2023-08-20T09:26:59.000Z
    </Time><Position>
      <LatitudeDegrees>
      15.011451754604876
    </LatitudeDegrees><LongitudeDegrees>
      120.63565108819458
    </LongitudeDegrees>
    </Position><AltitudeMeters>
      14.004032447079261
    </AltitudeMeters><SensorState>
      Present
    </SensorState>
    </Trackpoint>
<Trackpoint>
      <Time>
      2023-08-20T09:26:59.873Z
    </Time><SensorState>
      Present
    </SensorState><Extensions>
      <TPX xmlns="http://www.garmin.com/xmlschemas/ActivityExtension/v2">
      <ns3:Speed>
      3.603435829339394
    </ns3:Speed><nax:Nax>
      <nax:Pace>
      4.625215337807781
    </nax:Pace>
    </nax:Nax>
    </TPX>
    </Extensions>
    </Trackpoint>
<Trackpoint>
      <Time>
      2023-08-20T09:26:59.874Z
    </Time><DistanceMeters>
      8.989065766334534
    </DistanceMeters><Cadence>
      170.4329538345337
    </Cadence><SensorState>
      Present
    </SensorState>
    </Trackpoint>
<Trackpoint>
      <Time>
      2023-08-20T09:27:02.000Z
    </Time><Position>
      <LatitudeDegrees>
      15.01151669042204
    </LatitudeDegrees><LongitudeDegrees>
      120.63557400821257
    </LongitudeDegrees>
    </Position><AltitudeMeters>
      13.910908819005805
    </AltitudeMeters><SensorState>
      Present
    </SensorState>
    </Trackpoint>
<Trackpoint>
      <Time>
      2023-08-20T09:27:02.429Z
    </Time><DistanceMeters>
      8.10609089024365
    </DistanceMeters><SensorState>
      Present
    </SensorState><Extensions>
      <TPX xmlns="http://www.garmin.com/xmlschemas/ActivityExtension/v2">
      <ns3:Speed>
      3.605908879270793
    </ns3:Speed><nax:Nax>
      <nax:Pace>
      4.6220432142581185
    </nax:Pace>
    </nax:Nax>
    </TPX>
    </Extensions>
    </Trackpoint>
<Trackpoint>
      <Time>
      2023-08-20T09:27:02.430Z
    </Time><Cadence>
      170.12479305267334
    </Cadence><SensorState>
      Present
    </SensorState>
    </Trackpoint>
<Trackpoint>
      <Time>
      2023-08-20T09:27:03.000Z
    </Time><SensorState>
      Present
    </SensorState><Extensions>
      <TPX xmlns="http://www.garmin.com/xmlschemas/ActivityExtension/v2">
      <nax:Nax>
      <nax:NikeFuel>
      9.27857130968903
    </nax:NikeFuel>
    </nax:Nax>
    </TPX>
    </Extensions>
    </Trackpoint>
<Trackpoint>
      <Time>
      2023-08-20T09:27:04.985Z
    </Time><SensorState>
      Present
    </SensorState><Extensions>
      <TPX xmlns="http://www.garmin.com/xmlschemas/ActivityExtension/v2">
      <ns3:Speed>
      3.602482393206237
    </ns3:Speed><nax:Nax>
      <nax:Pace>
      4.626439451334336
    </nax:Pace>
    </nax:Nax>
    </TPX>
    </Extensions>
    </Trackpoint>
<Trackpoint>
      <Time>
      2023-08-20T09:27:04.986Z
    </Time><DistanceMeters>
      9.508901108056307
    </DistanceMeters><Cadence>
      170.36673545837402
    </Cadence><SensorState>
      Present
    </SensorState>
    </Trackpoint>
<Trackpoint>
      <Time>
      2023-08-20T09:27:05.041Z
    </Time><SensorState>
      Present
    </SensorState><Extensions>
      <TPX xmlns="http://www.garmin.com/xmlschemas/ActivityExtension/v2">
      <nax:Nax>
      <nax:DescentInMeters>
      0.05000019073486328
    </nax:DescentInMeters>
    </nax:Nax>
    </TPX>
    </Extensions>
    </Trackpoint>
<Trackpoint>
      <Time>
      2023-08-20T09:27:06.000Z
    </Time><Position>
      <LatitudeDegrees>
      15.011590379014647
    </LatitudeDegrees><LongitudeDegrees>
      120.63547835549703
    </LongitudeDegrees>
    </Position><AltitudeMeters>
      13.991679644246354
    </AltitudeMeters><SensorState>
      Present
    </SensorState>
    </Trackpoint>
<Trackpoint>
      <Time>
      2023-08-20T09:27:07.541Z
    </Time><DistanceMeters>
      8.281224095262587
    </DistanceMeters><SensorState>
      Present
    </SensorState><Extensions>
      <TPX xmlns="http://www.garmin.com/xmlschemas/ActivityExtension/v2">
      <ns3:Speed>
      3.60422226327241
    </ns3:Speed><nax:Nax>
      <nax:Pace>
      4.624206125272188
    </nax:Pace>
    </nax:Nax>
    </TPX>
    </Extensions>
    </Trackpoint>
<Trackpoint>
      <Time>
      2023-08-20T09:27:07.542Z
    </Time><Cadence>
      170.36673545837402
    </Cadence><SensorState>
      Present
    </SensorState>
    </Trackpoint>
<Trackpoint>
      <Time>
      2023-08-20T09:27:07.598Z
    </Time><SensorState>
      Present
    </SensorState><Extensions>
      <TPX xmlns="http://www.garmin.com/xmlschemas/ActivityExtension/v2">
      <nax:Nax>
      <nax:DescentInMeters>
      0.029999971389770508
    </nax:DescentInMeters>
    </nax:Nax>
    </TPX>
    </Extensions>
    </Trackpoint>
<Trackpoint>
      <Time>
      2023-08-20T09:27:09.000Z
    </Time><Position>
      <LatitudeDegrees>
      15.01165747602861
    </LatitudeDegrees><LongitudeDegrees>
      120.63540922484843
    </LongitudeDegrees>
    </Position><AltitudeMeters>
      14.114895020595746
    </AltitudeMeters><SensorState>
      Present
    </SensorState>
    </Trackpoint>
<Trackpoint>
      <Time>
      2023-08-20T09:27:10.097Z
    </Time><SensorState>
      Present
    </SensorState><Extensions>
      <TPX xmlns="http://www.garmin.com/xmlschemas/ActivityExtension/v2">
      <ns3:Speed>
      3.613234189825218
    </ns3:Speed><nax:Nax>
      <nax:Pace>
      4.612672689082707
    </nax:Pace>
    </nax:Nax>
    </TPX>
    </Extensions>
    </Trackpoint>
<Trackpoint>
      <Time>
      2023-08-20T09:27:10.098Z
    </Time><DistanceMeters>
      9.128009122796357
    </DistanceMeters><Cadence>
      170.52422046661377
    </Cadence><SensorState>
      Present
    </SensorState>
    </Trackpoint>
<Trackpoint>
      <Time>
      2023-08-20T09:27:10.155Z
    </Time><SensorState>
      Present
    </SensorState><Extensions>
      <TPX xmlns="http://www.garmin.com/xmlschemas/ActivityExtension/v2">
      <nax:Nax>
      <nax:DescentInMeters>
      0.06000018119812012
    </nax:DescentInMeters>
    </nax:Nax>
    </TPX>
    </Extensions>
    </Trackpoint>
<Trackpoint>
      <Time>
      2023-08-20T09:27:12.000Z
    </Time><Position>
      <LatitudeDegrees>
      15.01173303474426
    </LatitudeDegrees><LongitudeDegrees>
      120.63534316590638
    </LongitudeDegrees>
    </Position><AltitudeMeters>
      14.316111088547999
    </AltitudeMeters><SensorState>
      Present
    </SensorState>
    </Trackpoint>
<Trackpoint>
      <Time>
      2023-08-20T09:27:12.653Z
    </Time><SensorState>
      Present
    </SensorState><Extensions>
      <TPX xmlns="http://www.garmin.com/xmlschemas/ActivityExtension/v2">
      <ns3:Speed>
      3.6587644988486683
    </ns3:Speed><nax:Nax>
      <nax:Pace>
      4.555271778741512
    </nax:Pace>
    </nax:Nax>
    </TPX>
    </Extensions>
    </Trackpoint>
<Trackpoint>
      <Time>
      2023-08-20T09:27:12.654Z
    </Time><DistanceMeters>
      9.972456841729581
    </DistanceMeters><Cadence>
      170.2344560623169
    </Cadence><SensorState>
      Present
    </SensorState>
    </Trackpoint>
<Trackpoint>
      <Time>
      2023-08-20T09:27:12.710Z
    </Time><SensorState>
      Present
    </SensorState><Extensions>
      <TPX xmlns="http://www.garmin.com/xmlschemas/ActivityExtension/v2">
      <nax:Nax>
      <nax:DescentInMeters>
      0.23999977111816406
    </nax:DescentInMeters>
    </nax:Nax>
    </TPX>
    </Extensions>
    </Trackpoint>
<Trackpoint>
      <Time>
      2023-08-20T09:27:13.000Z
    </Time><SensorState>
      Present
    </SensorState><Extensions>
      <TPX xmlns="http://www.garmin.com/xmlschemas/ActivityExtension/v2">
      <nax:Nax>
      <nax:NikeFuel>
      9.261097890919565
    </nax:NikeFuel>
    </nax:Nax>
    </TPX>
    </Extensions>
    </Trackpoint>
<Trackpoint>
      <Time>
      2023-08-20T09:27:15.000Z
    </Time><Position>
      <LatitudeDegrees>
      15.011801546471403
    </LatitudeDegrees><LongitudeDegrees>
      120.63527597715763
    </LongitudeDegrees>
    </Position><AltitudeMeters>
      14.409241183254338
    </AltitudeMeters><SensorState>
      Present
    </SensorState>
    </Trackpoint>
<Trackpoint>
      <Time>
      2023-08-20T09:27:15.209Z
    </Time><SensorState>
      Present
    </SensorState><Extensions>
      <TPX xmlns="http://www.garmin.com/xmlschemas/ActivityExtension/v2">
      <ns3:Speed>
      3.632353342275338
    </ns3:Speed><nax:Nax>
      <nax:Pace>
      4.588393555409596
    </nax:Pace>
    </nax:Nax>
    </TPX>
    </Extensions>
    </Trackpoint>
<Trackpoint>
      <Time>
      2023-08-20T09:27:15.210Z
    </Time><DistanceMeters>
      8.74381377082318
    </DistanceMeters><Cadence>
      170.16839504241943
    </Cadence><SensorState>
      Present
    </SensorState>
    </Trackpoint>
<Trackpoint>
      <Time>
      2023-08-20T09:27:15.266Z
    </Time><SensorState>
      Present
    </SensorState><Extensions>
      <TPX xmlns="http://www.garmin.com/xmlschemas/ActivityExtension/v2">
      <nax:Nax>
      <nax:DescentInMeters>
      0.2799999713897705
    </nax:DescentInMeters>
    </nax:Nax>
    </TPX>
    </Extensions>
    </Trackpoint>
<Trackpoint>
      <Time>
      2023-08-20T09:27:17.765Z
    </Time><SensorState>
      Present
    </SensorState><Extensions>
      <TPX xmlns="http://www.garmin.com/xmlschemas/ActivityExtension/v2">
      <ns3:Speed>
      3.59903792652836
    </ns3:Speed><nax:Nax>
      <nax:Pace>
      4.630867194762621
    </nax:Pace>
    </nax:Nax>
    </TPX>
    </Extensions>
    </Trackpoint>
<Trackpoint>
      <Time>
      2023-08-20T09:27:17.766Z
    </Time><DistanceMeters>
      9.138537207618356
    </DistanceMeters><Cadence>
      169.92565155029297
    </Cadence><SensorState>
      Present
    </SensorState>
    </Trackpoint>
<Trackpoint>
      <Time>
      2023-08-20T09:27:17.822Z
    </Time><SensorState>
      Present
    </SensorState><Extensions>
      <TPX xmlns="http://www.garmin.com/xmlschemas/ActivityExtension/v2">
      <nax:Nax>
      <nax:DescentInMeters>
      0.12000012397766113
    </nax:DescentInMeters>
    </nax:Nax>
    </TPX>
    </Extensions>
    </Trackpoint>
<Trackpoint>
      <Time>
      2023-08-20T09:27:18.000Z
    </Time><Position>
      <LatitudeDegrees>
      15.01186820114423
    </LatitudeDegrees><LongitudeDegrees>
      120.6352069524164
    </LongitudeDegrees>
    </Position><AltitudeMeters>
      14.462725072792509
    </AltitudeMeters><SensorState>
      Present
    </SensorState>
    </Trackpoint>
<Trackpoint>
      <Time>
      2023-08-20T09:27:20.321Z
    </Time><SensorState>
      Present
    </SensorState><Extensions>
      <TPX xmlns="http://www.garmin.com/xmlschemas/ActivityExtension/v2">
      <ns3:Speed>
      3.602043842592728
    </ns3:Speed><nax:Nax>
      <nax:Pace>
      4.627002722618197
    </nax:Pace>
    </nax:Nax>
    </TPX>
    </Extensions>
    </Trackpoint>
<Trackpoint>
      <Time>
      2023-08-20T09:27:20.322Z
    </Time><DistanceMeters>
      9.136065463535488
    </DistanceMeters><Cadence>
      169.66092109680176
    </Cadence><SensorState>
      Present
    </SensorState>
    </Trackpoint>
<Trackpoint>
      <Time>
      2023-08-20T09:27:20.378Z
    </Time><SensorState>
      Present
    </SensorState><Extensions>
      <TPX xmlns="http://www.garmin.com/xmlschemas/ActivityExtension/v2">
      <nax:Nax>
      <nax:DescentInMeters>
      0.04999995231628418
    </nax:DescentInMeters>
    </nax:Nax>
    </TPX>
    </Extensions>
    </Trackpoint>
<Trackpoint>
      <Time>
      2023-08-20T09:27:21.000Z
    </Time><Position>
      <LatitudeDegrees>
      15.011934867931378
    </LatitudeDegrees><LongitudeDegrees>
      120.63513155974724
    </LongitudeDegrees>
    </Position><AltitudeMeters>
      14.454664173879983
    </AltitudeMeters><SensorState>
      Present
    </SensorState>
    </Trackpoint>
<Trackpoint>
      <Time>
      2023-08-20T09:27:22.877Z
    </Time><SensorState>
      Present
    </SensorState><Extensions>
      <TPX xmlns="http://www.garmin.com/xmlschemas/ActivityExtension/v2">
      <ns3:Speed>
      3.6165408703866646
    </ns3:Speed><nax:Nax>
      <nax:Pace>
      4.6084552239236105
    </nax:Pace>
    </nax:Nax>
    </TPX>
    </Extensions>
    </Trackpoint>
<Trackpoint>
      <Time>
      2023-08-20T09:27:22.878Z
    </Time><DistanceMeters>
      9.907019964419305
    </DistanceMeters><Cadence>
      169.5288848876953
    </Cadence><SensorState>
      Present
    </SensorState>
    </Trackpoint>
<Trackpoint>
      <Time>
      2023-08-20T09:27:22.934Z
    </Time><SensorState>
      Present
    </SensorState><Extensions>
      <TPX xmlns="http://www.garmin.com/xmlschemas/ActivityExtension/v2">
      <nax:Nax>
      <nax:DescentInMeters>
      0.12999987602233887
    </nax:DescentInMeters>
    </nax:Nax>
    </TPX>
    </Extensions>
    </Trackpoint>
<Trackpoint>
      <Time>
      2023-08-20T09:27:23.000Z
    </Time><SensorState>
      Present
    </SensorState><Extensions>
      <TPX xmlns="http://www.garmin.com/xmlschemas/ActivityExtension/v2">
      <nax:Nax>
      <nax:NikeFuel>
      9.270672115174081
    </nax:NikeFuel>
    </nax:Nax>
    </TPX>
    </Extensions>
    </Trackpoint>
<Trackpoint>
      <Time>
      2023-08-20T09:27:24.000Z
    </Time><Position>
      <LatitudeDegrees>
      15.01200964855391
    </LatitudeDegrees><LongitudeDegrees>
      120.63505951950769
    </LongitudeDegrees>
    </Position><AltitudeMeters>
      14.48750051261191
    </AltitudeMeters><SensorState>
      Present
    </SensorState>
    </Trackpoint>
<Trackpoint>
      <Time>
      2023-08-20T09:27:25.433Z
    </Time><SensorState>
      Present
    </SensorState><Extensions>
      <TPX xmlns="http://www.garmin.com/xmlschemas/ActivityExtension/v2">
      <ns3:Speed>
      3.6376157923122245
    </ns3:Speed><nax:Nax>
      <nax:Pace>
      4.581755638374502
    </nax:Pace>
    </nax:Nax>
    </TPX>
    </Extensions>
    </Trackpoint>
<Trackpoint>
      <Time>
      2023-08-20T09:27:25.434Z
    </Time><DistanceMeters>
      9.450660474598408
    </DistanceMeters><Cadence>
      169.39703464508057
    </Cadence><SensorState>
      Present
    </SensorState>
    </Trackpoint>
<Trackpoint>
      <Time>
      2023-08-20T09:27:27.000Z
    </Time><Position>
      <LatitudeDegrees>
      15.01208699889903
    </LatitudeDegrees><LongitudeDegrees>
      120.63498630541778
    </LongitudeDegrees>
    </Position><AltitudeMeters>
      14.554886830483284
    </AltitudeMeters><SensorState>
      Present
    </SensorState>
    </Trackpoint>
<Trackpoint>
      <Time>
      2023-08-20T09:27:27.989Z
    </Time><SensorState>
      Present
    </SensorState><Extensions>
      <TPX xmlns="http://www.garmin.com/xmlschemas/ActivityExtension/v2">
      <ns3:Speed>
      3.624512582748264
    </ns3:Speed><nax:Nax>
      <nax:Pace>
      4.598319439142151
    </nax:Pace>
    </nax:Nax>
    </TPX>
    </Extensions>
    </Trackpoint>
<Trackpoint>
      <Time>
      2023-08-20T09:27:27.990Z
    </Time><DistanceMeters>
      9.030648821033537
    </DistanceMeters><Cadence>
      169.14945602416992
    </Cadence><SensorState>
      Present
    </SensorState>
    </Trackpoint>
<Trackpoint>
      <Time>
      2023-08-20T09:27:30.000Z
    </Time><Position>
      <LatitudeDegrees>
      15.012154014827102
    </LatitudeDegrees><LongitudeDegrees>
      120.63491338861793
    </LongitudeDegrees>
    </Position><AltitudeMeters>
      14.369289117639198
    </AltitudeMeters><SensorState>
      Present
    </SensorState>
    </Trackpoint>
<Trackpoint>
      <Time>
      2023-08-20T09:27:30.545Z
    </Time><SensorState>
      Present
    </SensorState><Extensions>
      <TPX xmlns="http://www.garmin.com/xmlschemas/ActivityExtension/v2">
      <ns3:Speed>
      3.587159066584494
    </ns3:Speed><nax:Nax>
      <nax:Pace>
      4.646202289137905
    </nax:Pace>
    </nax:Nax>
    </TPX>
    </Extensions>
    </Trackpoint>
<Trackpoint>
      <Time>
      2023-08-20T09:27:30.546Z
    </Time><DistanceMeters>
      9.6111277397722
    </DistanceMeters><Cadence>
      169.14945602416992
    </Cadence><SensorState>
      Present
    </SensorState>
    </Trackpoint>
<Trackpoint>
      <Time>
      2023-08-20T09:27:33.000Z
    </Time><Position>
      <LatitudeDegrees>
      15.012229893060924
    </LatitudeDegrees><LongitudeDegrees>
      120.63484114552709
    </LongitudeDegrees>
    </Position><AltitudeMeters>
      14.148062324076577
    </AltitudeMeters><SensorState>
      Present
    </SensorState><Extensions>
      <TPX xmlns="http://www.garmin.com/xmlschemas/ActivityExtension/v2">
      <nax:Nax>
      <nax:NikeFuel>
      10.023331217406456
    </nax:NikeFuel>
    </nax:Nax>
    </TPX>
    </Extensions>
    </Trackpoint>
<Trackpoint>
      <Time>
      2023-08-20T09:27:33.101Z
    </Time><SensorState>
      Present
    </SensorState><Extensions>
      <TPX xmlns="http://www.garmin.com/xmlschemas/ActivityExtension/v2">
      <ns3:Speed>
      3.630609670039039
    </ns3:Speed><nax:Nax>
      <nax:Pace>
      4.590597222335789
    </nax:Pace>
    </nax:Nax>
    </TPX>
    </Extensions>
    </Trackpoint>
<Trackpoint>
      <Time>
      2023-08-20T09:27:33.102Z
    </Time><DistanceMeters>
      10.282759964466095
    </DistanceMeters><Cadence>
      169.14945602416992
    </Cadence><SensorState>
      Present
    </SensorState>
    </Trackpoint>
<Trackpoint>
      <Time>
      2023-08-20T09:27:33.159Z
    </Time><SensorState>
      Present
    </SensorState><Extensions>
      <TPX xmlns="http://www.garmin.com/xmlschemas/ActivityExtension/v2">
      <nax:Nax>
      <nax:AscentInMeters>
      0.019999980926513672
    </nax:AscentInMeters>
    </nax:Nax>
    </TPX>
    </Extensions>
    </Trackpoint>
<Trackpoint>
      <Time>
      2023-08-20T09:27:35.657Z
    </Time><SensorState>
      Present
    </SensorState><Extensions>
      <TPX xmlns="http://www.garmin.com/xmlschemas/ActivityExtension/v2">
      <ns3:Speed>
      3.714529253179847
    </ns3:Speed><nax:Nax>
      <nax:Pace>
      4.486885290349795
    </nax:Pace>
    </nax:Nax>
    </TPX>
    </Extensions>
    </Trackpoint>
<Trackpoint>
      <Time>
      2023-08-20T09:27:35.658Z
    </Time><DistanceMeters>
      12.127784984186292
    </DistanceMeters><Cadence>
      179.3882131576538
    </Cadence><SensorState>
      Present
    </SensorState>
    </Trackpoint>
<Trackpoint>
      <Time>
      2023-08-20T09:27:35.712Z
    </Time><SensorState>
      Present
    </SensorState><Extensions>
      <TPX xmlns="http://www.garmin.com/xmlschemas/ActivityExtension/v2">
      <nax:Nax>
      <nax:AscentInMeters>
      0.039999961853027344
    </nax:AscentInMeters>
    </nax:Nax>
    </TPX>
    </Extensions>
    </Trackpoint>
<Trackpoint>
      <Time>
      2023-08-20T09:27:36.000Z
    </Time><Position>
      <LatitudeDegrees>
      15.012301160463208
    </LatitudeDegrees><LongitudeDegrees>
      120.63476458394169
    </LongitudeDegrees>
    </Position><AltitudeMeters>
      14.059339517758993
    </AltitudeMeters><SensorState>
      Present
    </SensorState>
    </Trackpoint>
<Trackpoint>
      <Time>
      2023-08-20T09:27:38.213Z
    </Time><SensorState>
      Present
    </SensorState><Extensions>
      <TPX xmlns="http://www.garmin.com/xmlschemas/ActivityExtension/v2">
      <ns3:Speed>
      3.829909388907336
    </ns3:Speed><nax:Nax>
      <nax:Pace>
      4.351713049645184
    </nax:Pace>
    </nax:Nax>
    </TPX>
    </Extensions>
    </Trackpoint>
<Trackpoint>
      <Time>
      2023-08-20T09:27:38.214Z
    </Time><DistanceMeters>
      10.79211113974452
    </DistanceMeters><Cadence>
      181.00898265838623
    </Cadence><SensorState>
      Present
    </SensorState>
    </Trackpoint>
<Trackpoint>
      <Time>
      2023-08-20T09:27:38.271Z
    </Time><SensorState>
      Present
    </SensorState><Extensions>
      <TPX xmlns="http://www.garmin.com/xmlschemas/ActivityExtension/v2">
      <nax:Nax>
      <nax:AscentInMeters>
      0.19000005722045898
    </nax:AscentInMeters>
    </nax:Nax>
    </TPX>
    </Extensions>
    </Trackpoint>
<Trackpoint>
      <Time>
      2023-08-20T09:27:38.614Z
    </Time><HeartRateBpm>
      <Value>
      184
    </Value>
    </HeartRateBpm><SensorState>
      Present
    </SensorState>
    </Trackpoint>
<Trackpoint>
      <Time>
      2023-08-20T09:27:39.000Z
    </Time><Position>
      <LatitudeDegrees>
      15.012392341324091
    </LatitudeDegrees><LongitudeDegrees>
      120.63467540235904
    </LongitudeDegrees>
    </Position><AltitudeMeters>
      14.55960645752586
    </AltitudeMeters><SensorState>
      Present
    </SensorState>
    </Trackpoint>
<Trackpoint>
      <Time>
      2023-08-20T09:27:40.769Z
    </Time><SensorState>
      Present
    </SensorState><Extensions>
      <TPX xmlns="http://www.garmin.com/xmlschemas/ActivityExtension/v2">
      <ns3:Speed>
      4.528085625245673
    </ns3:Speed><nax:Nax>
      <nax:Pace>
      3.680731339033018
    </nax:Pace>
    </nax:Nax>
    </TPX>
    </Extensions>
    </Trackpoint>
<Trackpoint>
      <Time>
      2023-08-20T09:27:40.770Z
    </Time><DistanceMeters>
      12.090362473390996
    </DistanceMeters><Cadence>
      181.38909816741943
    </Cadence><SensorState>
      Present
    </SensorState>
    </Trackpoint>
<Trackpoint>
      <Time>
      2023-08-20T09:27:40.824Z
    </Time><SensorState>
      Present
    </SensorState><Extensions>
      <TPX xmlns="http://www.garmin.com/xmlschemas/ActivityExtension/v2">
      <nax:Nax>
      <nax:AscentInMeters>
      0.4099998474121094
    </nax:AscentInMeters>
    </nax:Nax>
    </TPX>
    </Extensions>
    </Trackpoint>
<Trackpoint>
      <Time>
      2023-08-20T09:27:42.000Z
    </Time><Position>
      <LatitudeDegrees>
      15.012476967575305
    </LatitudeDegrees><LongitudeDegrees>
      120.63458214086117
    </LongitudeDegrees>
    </Position><AltitudeMeters>
      15.138335116206974
    </AltitudeMeters><SensorState>
      Present
    </SensorState>
    </Trackpoint>
<Trackpoint>
      <Time>
      2023-08-20T09:27:43.000Z
    </Time><SensorState>
      Present
    </SensorState><Extensions>
      <TPX xmlns="http://www.garmin.com/xmlschemas/ActivityExtension/v2">
      <nax:Nax>
      <nax:NikeFuel>
      11.428514344415785
    </nax:NikeFuel>
    </nax:Nax>
    </TPX>
    </Extensions>
    </Trackpoint>
<Trackpoint>
      <Time>
      2023-08-20T09:27:43.325Z
    </Time><SensorState>
      Present
    </SensorState><Extensions>
      <TPX xmlns="http://www.garmin.com/xmlschemas/ActivityExtension/v2">
      <ns3:Speed>
      4.458390474378175
    </ns3:Speed><nax:Nax>
      <nax:Pace>
      3.7382698447899445
    </nax:Pace>
    </nax:Nax>
    </TPX>
    </Extensions>
    </Trackpoint>
<Trackpoint>
      <Time>
      2023-08-20T09:27:43.326Z
    </Time><DistanceMeters>
      12.411660749465227
    </DistanceMeters><Cadence>
      181.57363414764404
    </Cadence><SensorState>
      Present
    </SensorState>
    </Trackpoint>
<Trackpoint>
      <Time>
      2023-08-20T09:27:43.383Z
    </Time><SensorState>
      Present
    </SensorState><Extensions>
      <TPX xmlns="http://www.garmin.com/xmlschemas/ActivityExtension/v2">
      <nax:Nax>
      <nax:AscentInMeters>
      0.25
    </nax:AscentInMeters>
    </nax:Nax>
    </TPX>
    </Extensions>
    </Trackpoint>
<Trackpoint>
      <Time>
      2023-08-20T09:27:45.000Z
    </Time><Position>
      <LatitudeDegrees>
      15.012565013601847
    </LatitudeDegrees><LongitudeDegrees>
      120.63448785379083
    </LongitudeDegrees>
    </Position><AltitudeMeters>
      15.526610473968667
    </AltitudeMeters><SensorState>
      Present
    </SensorState>
    </Trackpoint>
<Trackpoint>
      <Time>
      2023-08-20T09:27:45.881Z
    </Time><SensorState>
      Present
    </SensorState><Extensions>
      <TPX xmlns="http://www.garmin.com/xmlschemas/ActivityExtension/v2">
      <ns3:Speed>
      4.443632554106358
    </ns3:Speed><nax:Nax>
      <nax:Pace>
      3.750685157634155
    </nax:Pace>
    </nax:Nax>
    </TPX>
    </Extensions>
    </Trackpoint>
<Trackpoint>
      <Time>
      2023-08-20T09:27:45.882Z
    </Time><DistanceMeters>
      13.185253150761127
    </DistanceMeters><Cadence>
      181.9647216796875
    </Cadence><SensorState>
      Present
    </SensorState>
    </Trackpoint>
<Trackpoint>
      <Time>
      2023-08-20T09:27:45.937Z
    </Time><SensorState>
      Present
    </SensorState><Extensions>
      <TPX xmlns="http://www.garmin.com/xmlschemas/ActivityExtension/v2">
      <nax:Nax>
      <nax:AscentInMeters>
      0.039999961853027344
    </nax:AscentInMeters>
    </nax:Nax>
    </TPX>
    </Extensions>
    </Trackpoint>
<Trackpoint>
      <Time>
      2023-08-20T09:27:48.000Z
    </Time><Position>
      <LatitudeDegrees>
      15.012660975488265
    </LatitudeDegrees><LongitudeDegrees>
      120.63438960557333
    </LongitudeDegrees>
    </Position><AltitudeMeters>
      15.415452634539044
    </AltitudeMeters><SensorState>
      Present
    </SensorState>
    </Trackpoint>
<Trackpoint>
      <Time>
      2023-08-20T09:27:48.437Z
    </Time><SensorState>
      Present
    </SensorState><Extensions>
      <TPX xmlns="http://www.garmin.com/xmlschemas/ActivityExtension/v2">
      <ns3:Speed>
      4.529655276831717
    </ns3:Speed><nax:Nax>
      <nax:Pace>
      3.6794558632117864
    </nax:Pace>
    </nax:Nax>
    </TPX>
    </Extensions>
    </Trackpoint>
<Trackpoint>
      <Time>
      2023-08-20T09:27:48.438Z
    </Time><DistanceMeters>
      11.470264917239547
    </DistanceMeters><Cadence>
      181.38911247253418
    </Cadence><SensorState>
      Present
    </SensorState>
    </Trackpoint>
<Trackpoint>
      <Time>
      2023-08-20T09:27:48.495Z
    </Time><SensorState>
      Present
    </SensorState><Extensions>
      <TPX xmlns="http://www.garmin.com/xmlschemas/ActivityExtension/v2">
      <nax:Nax>
      <nax:AscentInMeters>
      0.3299999237060547
    </nax:AscentInMeters>
    </nax:Nax>
    </TPX>
    </Extensions>
    </Trackpoint>
<Trackpoint>
      <Time>
      2023-08-20T09:27:50.000Z
    </Time><Position>
      <LatitudeDegrees>
      15.012724837755345
    </LatitudeDegrees><LongitudeDegrees>
      120.63432268934383
    </LongitudeDegrees>
    </Position><AltitudeMeters>
      15.281848127067406
    </AltitudeMeters><SensorState>
      Present
    </SensorState>
    </Trackpoint>
<Trackpoint>
      <Time>
      2023-08-20T09:27:50.992Z
    </Time><SensorState>
      Present
    </SensorState><Extensions>
      <TPX xmlns="http://www.garmin.com/xmlschemas/ActivityExtension/v2">
      <ns3:Speed>
      4.581662170500904
    </ns3:Speed><nax:Nax>
      <nax:Pace>
      3.637690001234756
    </nax:Pace>
    </nax:Nax>
    </TPX>
    </Extensions>
    </Trackpoint>
<Trackpoint>
      <Time>
      2023-08-20T09:27:50.993Z
    </Time><DistanceMeters>
      12.875136075541377
    </DistanceMeters><Cadence>
      181.08990669250488
    </Cadence><SensorState>
      Present
    </SensorState>
    </Trackpoint>
<Trackpoint>
      <Time>
      2023-08-20T09:27:51.049Z
    </Time><SensorState>
      Present
    </SensorState><Extensions>
      <TPX xmlns="http://www.garmin.com/xmlschemas/ActivityExtension/v2">
      <nax:Nax>
      <nax:AscentInMeters>
      0.32000017166137695
    </nax:AscentInMeters>
    </nax:Nax>
    </TPX>
    </Extensions>
    </Trackpoint>
<Trackpoint>
      <Time>
      2023-08-20T09:27:53.000Z
    </Time><Position>
      <LatitudeDegrees>
      15.01281222697943
    </LatitudeDegrees><LongitudeDegrees>
      120.63422565021614
    </LongitudeDegrees>
    </Position><AltitudeMeters>
      15.060370289548707
    </AltitudeMeters><SensorState>
      Present
    </SensorState><Extensions>
      <TPX xmlns="http://www.garmin.com/xmlschemas/ActivityExtension/v2">
      <nax:Nax>
      <nax:NikeFuel>
      11.726229796554794
    </nax:NikeFuel>
    </nax:Nax>
    </TPX>
    </Extensions>
    </Trackpoint>
<Trackpoint>
      <Time>
      2023-08-20T09:27:53.548Z
    </Time><SensorState>
      Present
    </SensorState><Extensions>
      <TPX xmlns="http://www.garmin.com/xmlschemas/ActivityExtension/v2">
      <ns3:Speed>
      4.596042749063909
    </ns3:Speed><nax:Nax>
      <nax:Pace>
      3.6263080168393165
    </nax:Pace>
    </nax:Nax>
    </TPX>
    </Extensions>
    </Trackpoint>
<Trackpoint>
      <Time>
      2023-08-20T09:27:53.549Z
    </Time><DistanceMeters>
      12.303618063218892
    </DistanceMeters><Cadence>
      181.75078868865967
    </Cadence><SensorState>
      Present
    </SensorState>
    </Trackpoint>
<Trackpoint>
      <Time>
      2023-08-20T09:27:53.606Z
    </Time><SensorState>
      Present
    </SensorState><Extensions>
      <TPX xmlns="http://www.garmin.com/xmlschemas/ActivityExtension/v2">
      <nax:Nax>
      <nax:AscentInMeters>
      0.09999990463256836
    </nax:AscentInMeters>
    </nax:Nax>
    </TPX>
    </Extensions>
    </Trackpoint>
<Trackpoint>
      <Time>
      2023-08-20T09:27:56.000Z
    </Time><Position>
      <LatitudeDegrees>
      15.012900366431117
    </LatitudeDegrees><LongitudeDegrees>
      120.634127979164
    </LongitudeDegrees>
    </Position><AltitudeMeters>
      14.892815700119066
    </AltitudeMeters><SensorState>
      Present
    </SensorState>
    </Trackpoint>
<Trackpoint>
      <Time>
      2023-08-20T09:27:56.104Z
    </Time><SensorState>
      Present
    </SensorState><Extensions>
      <TPX xmlns="http://www.garmin.com/xmlschemas/ActivityExtension/v2">
      <ns3:Speed>
      4.582493273189902
    </ns3:Speed><nax:Nax>
      <nax:Pace>
      3.637030252543043
    </nax:Pace>
    </nax:Nax>
    </TPX>
    </Extensions>
    </Trackpoint>
<Trackpoint>
      <Time>
      2023-08-20T09:27:56.105Z
    </Time><DistanceMeters>
      12.959773558191955
    </DistanceMeters><Cadence>
      181.94857120513916
    </Cadence><SensorState>
      Present
    </SensorState>
    </Trackpoint>
<Trackpoint>
      <Time>
      2023-08-20T09:27:56.162Z
    </Time><SensorState>
      Present
    </SensorState><Extensions>
      <TPX xmlns="http://www.garmin.com/xmlschemas/ActivityExtension/v2">
      <nax:Nax>
      <nax:AscentInMeters>
      0.08000016212463379
    </nax:AscentInMeters>
    </nax:Nax>
    </TPX>
    </Extensions>
    </Trackpoint>
<Trackpoint>
      <Time>
      2023-08-20T09:27:57.614Z
    </Time><HeartRateBpm>
      <Value>
      190
    </Value>
    </HeartRateBpm><SensorState>
      Present
    </SensorState>
    </Trackpoint>
<Trackpoint>
      <Time>
      2023-08-20T09:27:58.660Z
    </Time><SensorState>
      Present
    </SensorState><Extensions>
      <TPX xmlns="http://www.garmin.com/xmlschemas/ActivityExtension/v2">
      <ns3:Speed>
      4.62101954958117
    </ns3:Speed><nax:Nax>
      <nax:Pace>
      3.6067076730236427
    </nax:Pace>
    </nax:Nax>
    </TPX>
    </Extensions>
    </Trackpoint>
<Trackpoint>
      <Time>
      2023-08-20T09:27:58.661Z
    </Time><DistanceMeters>
      11.97171013429761
    </DistanceMeters><Cadence>
      181.7484426498413
    </Cadence><SensorState>
      Present
    </SensorState>
    </Trackpoint>
<Trackpoint>
      <Time>
      2023-08-20T09:27:58.718Z
    </Time><SensorState>
      Present
    </SensorState><Extensions>
      <TPX xmlns="http://www.garmin.com/xmlschemas/ActivityExtension/v2">
      <nax:Nax>
      <nax:AscentInMeters>
      0.039999961853027344
    </nax:AscentInMeters>
    </nax:Nax>
    </TPX>
    </Extensions>
    </Trackpoint>
<Trackpoint>
      <Time>
      2023-08-20T09:27:59.000Z
    </Time><Position>
      <LatitudeDegrees>
      15.013000716202942
    </LatitudeDegrees><LongitudeDegrees>
      120.63403482874018
    </LongitudeDegrees>
    </Position><AltitudeMeters>
      14.732016673865722
    </AltitudeMeters><SensorState>
      Present
    </SensorState>
    </Trackpoint>
<Trackpoint>
      <Time>
      2023-08-20T09:28:01.000Z
    </Time><Position>
      <LatitudeDegrees>
      15.01306902919268
    </LatitudeDegrees><LongitudeDegrees>
      120.63397070427608
    </LongitudeDegrees>
    </Position><AltitudeMeters>
      14.458006444841388
    </AltitudeMeters><SensorState>
      Present
    </SensorState>
    </Trackpoint>
<Trackpoint>
      <Time>
      2023-08-20T09:28:01.216Z
    </Time><SensorState>
      Present
    </SensorState><Extensions>
      <TPX xmlns="http://www.garmin.com/xmlschemas/ActivityExtension/v2">
      <ns3:Speed>
      4.703247217404301
    </ns3:Speed><nax:Nax>
      <nax:Pace>
      3.5436509918066603
    </nax:Pace>
    </nax:Nax>
    </TPX>
    </Extensions>
    </Trackpoint>
<Trackpoint>
      <Time>
      2023-08-20T09:28:01.217Z
    </Time><DistanceMeters>
      15.025401506572962
    </DistanceMeters><Cadence>
      181.7484426498413
    </Cadence><SensorState>
      Present
    </SensorState>
    </Trackpoint>
<Trackpoint>
      <Time>
      2023-08-20T09:28:01.273Z
    </Time><SensorState>
      Present
    </SensorState><Extensions>
      <TPX xmlns="http://www.garmin.com/xmlschemas/ActivityExtension/v2">
      <nax:Nax>
      <nax:AscentInMeters>
      0.04999995231628418
    </nax:AscentInMeters>
    </nax:Nax>
    </TPX>
    </Extensions>
    </Trackpoint>
<Trackpoint>
      <Time>
      2023-08-20T09:28:02.614Z
    </Time><HeartRateBpm>
      <Value>
      190
    </Value>
    </HeartRateBpm><SensorState>
      Present
    </SensorState>
    </Trackpoint>
<Trackpoint>
      <Time>
      2023-08-20T09:28:03.000Z
    </Time><Position>
      <LatitudeDegrees>
      15.01314249634679
    </LatitudeDegrees><LongitudeDegrees>
      120.63389744007786
    </LongitudeDegrees>
    </Position><AltitudeMeters>
      14.35306413264177
    </AltitudeMeters><SensorState>
      Present
    </SensorState><Extensions>
      <TPX xmlns="http://www.garmin.com/xmlschemas/ActivityExtension/v2">
      <nax:Nax>
      <nax:NikeFuel>
      12.202178676858354
    </nax:NikeFuel>
    </nax:Nax>
    </TPX>
    </Extensions>
    </Trackpoint>
<Trackpoint>
      <Time>
      2023-08-20T09:28:03.772Z
    </Time><SensorState>
      Present
    </SensorState><Extensions>
      <TPX xmlns="http://www.garmin.com/xmlschemas/ActivityExtension/v2">
      <ns3:Speed>
      4.8213229251370135
    </ns3:Speed><nax:Nax>
      <nax:Pace>
      3.456865869691362
    </nax:Pace>
    </nax:Nax>
    </TPX>
    </Extensions>
    </Trackpoint>
<Trackpoint>
      <Time>
      2023-08-20T09:28:03.773Z
    </Time><SensorState>
      Present
    </SensorState>
    </Trackpoint>
<Trackpoint>
      <Time>
      2023-08-20T09:28:05.000Z
    </Time><Position>
      <LatitudeDegrees>
      15.013214579438952
    </LatitudeDegrees><LongitudeDegrees>
      120.63382275193665
    </LongitudeDegrees>
    </Position><AltitudeMeters>
      14.506904088258928
    </AltitudeMeters><SensorState>
      Present
    </SensorState>
    </Trackpoint>
<Trackpoint>
      <Time>
      2023-08-20T09:28:05.614Z
    </Time><HeartRateBpm>
      <Value>
      190
    </Value>
    </HeartRateBpm><SensorState>
      Present
    </SensorState>
    </Trackpoint>
<Trackpoint>
      <Time>
      2023-08-20T09:28:06.329Z
    </Time><SensorState>
      Present
    </SensorState>
    </Trackpoint>
<Trackpoint>
      <Time>
      2023-08-20T09:28:08.000Z
    </Time><Position>
      <LatitudeDegrees>
      15.01330963083187
    </LatitudeDegrees><LongitudeDegrees>
      120.63375211562837
    </LongitudeDegrees>
    </Position><AltitudeMeters>
      15.396279033732299
    </AltitudeMeters><SensorState>
      Present
    </SensorState>
    </Trackpoint>
<Trackpoint>
      <Time>
      2023-08-20T09:28:08.885Z
    </Time><SensorState>
      Present
    </SensorState>
    </Trackpoint>
<Trackpoint>
      <Time>
      2023-08-20T09:28:08.942Z
    </Time><SensorState>
      Present
    </SensorState><Extensions>
      <TPX xmlns="http://www.garmin.com/xmlschemas/ActivityExtension/v2">
      <nax:Nax>
      <nax:AscentInMeters>
      0.029999971389770508
    </nax:AscentInMeters>
    </nax:Nax>
    </TPX>
    </Extensions>
    </Trackpoint>
<Trackpoint>
      <Time>
      2023-08-20T09:28:10.614Z
    </Time><HeartRateBpm>
      <Value>
      191
    </Value>
    </HeartRateBpm><SensorState>
      Present
    </SensorState>
    </Trackpoint>
<Trackpoint>
      <Time>
      2023-08-20T09:28:11.441Z
    </Time><SensorState>
      Present
    </SensorState>
    </Trackpoint>
<Trackpoint>
      <Time>
      2023-08-20T09:28:13.000Z
    </Time><SensorState>
      Present
    </SensorState><Extensions>
      <TPX xmlns="http://www.garmin.com/xmlschemas/ActivityExtension/v2">
      <nax:Nax>
      <nax:NikeFuel>
      3.2262719195732115
    </nax:NikeFuel>
    </nax:Nax>
    </TPX>
    </Extensions>
    </Trackpoint>
<Trackpoint>
      <Time>
      2023-08-20T09:28:14.006Z
    </Time><SensorState>
      Present
    </SensorState>
    </Trackpoint>
<Trackpoint>
      <Time>
      2023-08-20T09:28:15.435Z
    </Time><SensorState>
      Present
    </SensorState><Extensions>
      <TPX xmlns="http://www.garmin.com/xmlschemas/ActivityExtension/v2">
      <nax:Nax>
      <nax:AscentInMeters>
      0.18000006675720215
    </nax:AscentInMeters>
    </nax:Nax>
    </TPX>
    </Extensions>
    </Trackpoint>
<Trackpoint>
      <Time>
      2023-08-20T09:28:16.572Z
    </Time><SensorState>
      Present
    </SensorState>
    </Trackpoint>
<Trackpoint>
      <Time>
      2023-08-20T09:28:16.614Z
    </Time><HeartRateBpm>
      <Value>
      195
    </Value>
    </HeartRateBpm><SensorState>
      Present
    </SensorState>
    </Trackpoint>
<Trackpoint>
      <Time>
      2023-08-20T09:28:18.018Z
    </Time><SensorState>
      Present
    </SensorState><Extensions>
      <TPX xmlns="http://www.garmin.com/xmlschemas/ActivityExtension/v2">
      <nax:Nax>
      <nax:AscentInMeters>
      0.12999987602233887
    </nax:AscentInMeters>
    </nax:Nax>
    </TPX>
    </Extensions>
    </Trackpoint>
<Trackpoint>
      <Time>
      2023-08-20T09:28:19.137Z
    </Time><SensorState>
      Present
    </SensorState>
    </Trackpoint>
<Trackpoint>
      <Time>
      2023-08-20T09:28:19.614Z
    </Time><HeartRateBpm>
      <Value>
      193
    </Value>
    </HeartRateBpm><SensorState>
      Present
    </SensorState>
    </Trackpoint>
<Trackpoint>
      <Time>
      2023-08-20T09:28:20.598Z
    </Time><SensorState>
      Present
    </SensorState><Extensions>
      <TPX xmlns="http://www.garmin.com/xmlschemas/ActivityExtension/v2">
      <nax:Nax>
      <nax:AscentInMeters>
      0.019999980926513672
    </nax:AscentInMeters>
    </nax:Nax>
    </TPX>
    </Extensions>
    </Trackpoint>
<Trackpoint>
      <Time>
      2023-08-20T09:28:21.703Z
    </Time><SensorState>
      Present
    </SensorState>
    </Trackpoint>
<Trackpoint>
      <Time>
      2023-08-20T09:28:23.000Z
    </Time><Position>
      <LatitudeDegrees>
      15.013385607603958
    </LatitudeDegrees><LongitudeDegrees>
      120.63370009174443
    </LongitudeDegrees>
    </Position><AltitudeMeters>
      16.109129920013686
    </AltitudeMeters><SensorState>
      Present
    </SensorState><Extensions>
      <TPX xmlns="http://www.garmin.com/xmlschemas/ActivityExtension/v2">
      <nax:Nax>
      <nax:NikeFuel>
      1.017233735652998
    </nax:NikeFuel>
    </nax:Nax>
    </TPX>
    </Extensions>
    </Trackpoint>
<Trackpoint>
      <Time>
      2023-08-20T09:28:24.268Z
    </Time><SensorState>
      Present
    </SensorState>
    </Trackpoint>
<Trackpoint>
      <Time>
      2023-08-20T09:28:26.833Z
    </Time><SensorState>
      Present
    </SensorState>
    </Trackpoint>
<Trackpoint>
      <Time>
      2023-08-20T09:28:28.614Z
    </Time><HeartRateBpm>
      <Value>
      193
    </Value>
    </HeartRateBpm><SensorState>
      Present
    </SensorState>
    </Trackpoint>
<Trackpoint>
      <Time>
      2023-08-20T09:28:29.398Z
    </Time><SensorState>
      Present
    </SensorState>
    </Trackpoint>
<Trackpoint>
      <Time>
      2023-08-20T09:28:29.614Z
    </Time><HeartRateBpm>
      <Value>
      192
    </Value>
    </HeartRateBpm><SensorState>
      Present
    </SensorState>
    </Trackpoint>
<Trackpoint>
      <Time>
      2023-08-20T09:28:30.924Z
    </Time><SensorState>
      Present
    </SensorState><Extensions>
      <TPX xmlns="http://www.garmin.com/xmlschemas/ActivityExtension/v2">
      <nax:Nax>
      <nax:DescentInMeters>
      0.019999980926513672
    </nax:DescentInMeters>
    </nax:Nax>
    </TPX>
    </Extensions>
    </Trackpoint>
<Trackpoint>
      <Time>
      2023-08-20T09:28:31.964Z
    </Time><SensorState>
      Present
    </SensorState>
    </Trackpoint>
<Trackpoint>
      <Time>
      2023-08-20T09:28:33.000Z
    </Time><SensorState>
      Present
    </SensorState><Extensions>
      <TPX xmlns="http://www.garmin.com/xmlschemas/ActivityExtension/v2">
      <nax:Nax>
      <nax:NikeFuel>
      0.9730564082300133
    </nax:NikeFuel>
    </nax:Nax>
    </TPX>
    </Extensions>
    </Trackpoint>
<Trackpoint>
      <Time>
      2023-08-20T09:28:34.529Z
    </Time><SensorState>
      Present
    </SensorState>
    </Trackpoint>
<Trackpoint>
      <Time>
      2023-08-20T09:28:37.095Z
    </Time><SensorState>
      Present
    </SensorState>
    </Trackpoint>
<Trackpoint>
      <Time>
      2023-08-20T09:28:39.026Z
    </Time><Position>
      <LatitudeDegrees>
      15.013385680389828
    </LatitudeDegrees><LongitudeDegrees>
      120.63386641773872
    </LongitudeDegrees>
    </Position><SensorState>
      Present
    </SensorState>
    </Trackpoint>
<Trackpoint>
      <Time>
      2023-08-20T09:28:39.659Z
    </Time><SensorState>
      Present
    </SensorState>
    </Trackpoint>
<Trackpoint>
      <Time>
      2023-08-20T09:28:41.249Z
    </Time><SensorState>
      Present
    </SensorState><Extensions>
      <TPX xmlns="http://www.garmin.com/xmlschemas/ActivityExtension/v2">
      <nax:Nax>
      <nax:AscentInMeters>
      0.009999990463256836
    </nax:AscentInMeters>
    </nax:Nax>
    </TPX>
    </Extensions>
    </Trackpoint>
<Trackpoint>
      <Time>
      2023-08-20T09:28:42.225Z
    </Time><SensorState>
      Present
    </SensorState>
    </Trackpoint>
<Trackpoint>
      <Time>
      2023-08-20T09:28:43.000Z
    </Time><SensorState>
      Present
    </SensorState><Extensions>
      <TPX xmlns="http://www.garmin.com/xmlschemas/ActivityExtension/v2">
      <nax:Nax>
      <nax:NikeFuel>
      0.19167355889724308
    </nax:NikeFuel>
    </nax:Nax>
    </TPX>
    </Extensions>
    </Trackpoint>
<Trackpoint>
      <Time>
      2023-08-20T09:28:43.830Z
    </Time><SensorState>
      Present
    </SensorState><Extensions>
      <TPX xmlns="http://www.garmin.com/xmlschemas/ActivityExtension/v2">
      <nax:Nax>
      <nax:AscentInMeters>
      0.009999990463256836
    </nax:AscentInMeters>
    </nax:Nax>
    </TPX>
    </Extensions>
    </Trackpoint>
    </Track><Notes>
      Mean Pace: 4.6718798253342255 MKM
    </Notes>
    </Lap><Extensions>
      <nax:NAX>
      <nax:ActivityType>
      Running
    </nax:ActivityType><nax:Tags>
      <nax:Tag>
      <nax:Key>
      com.nike.name
    </nax:Key><nax:Value>
      Sunday Night Run
    </nax:Value><nax:Key>
      com.nike.running.goaltype
    </nax:Key><nax:Value>
      freeRun
    </nax:Value><nax:Key>
      com.nike.running.originalactivityid
    </nax:Key><nax:Value>
      DC22BE8A-FA85-403E-B699-15DF2972C66A
    </nax:Value><nax:Key>
      com.nike.running.recordingappversion
    </nax:Key><nax:Value>
      7.17.0
    </nax:Value><nax:Key>
      com.nike.running.recordingsource
    </nax:Key><nax:Value>
      watch
    </nax:Value><nax:Key>
      com.nike.running.syncappversion
    </nax:Key><nax:Value>
      7.17.0
    </nax:Value><nax:Key>
      com.nike.running.syncsource
    </nax:Key><nax:Value>
      watch
    </nax:Value><nax:Key>
      com.nike.temperature
    </nax:Key><nax:Value>
      30.83
    </nax:Value><nax:Key>
      com.nike.weather
    </nax:Key><nax:Value>
      mostly-clear-day
    </nax:Value><nax:Key>
      com.nike.weathersource
    </nax:Key><nax:Value>
      appleWeatherKit
    </nax:Value><nax:Key>
      location
    </nax:Key><nax:Value>
      outdoors
    </nax:Value>
    </nax:Tag>
    </nax:Tags>
    </nax:NAX>
    </Extensions>
    </Activity>
    </Activities>
    </TrainingCenterDatabase>