<?xml version="1.0" encoding="utf-8"?>
<TrainingCenterDatabase xmlns="http://www.garmin.com/xmlschemas/TrainingCenterDatabase/v2" xmlns:ns3="http://www.garmin.com/xmlschemas/ActivityExtension/v2" xsi:schemaLocation="http://www.garmin.com/xmlschemas/TrainingCenterDatabase/v2 http://www.garmin.com/xmlschemas/TrainingCenterDatabasev2.xsd" xmlns:nax="https://www.nike.com/xmlschemas/NikeActivityExtension/v1" xmlns:xsi="http://www.w3.org/2001/XMLSchema-instance" xmlns:ns5="http://www.garmin.com/xmlschemas/ActivityGoals/v1" xmlns:ns2="http://www.garmin.com/xmlschemas/UserProfile/v2">
      <Activities>
      <Activity Sport="Running">
      <Id>
      2025-04-30T13:35:02.035Z
    </Id><Lap StartTime="2025-04-30T13:35:02.035Z">
      <TotalTimeSeconds>
      691.929
    </TotalTimeSeconds><DistanceMeters>
      1712.3062163495936
    </DistanceMeters><MaximumSpeed>
      3.3257177478949043
    </MaximumSpeed><Calories>
      67
    </Calories><Intensity>
      Active
    </Intensity><Cadence>
      155
    </Cadence><TriggerMethod>
      Manual
    </TriggerMethod><Track>
      <Trackpoint>
      <Time>
      2025-04-30T13:35:02.035Z
    </Time><DistanceMeters>
      11.977501108078286
    </DistanceMeters><Cadence>
      0
    </Cadence><SensorState>
      Present
    </SensorState><Extensions>
      <TPX xmlns="http://www.garmin.com/xmlschemas/ActivityExtension/v2">
      <nax:Nax>
      <nax:NikeFuel>
      1.6451396806141099
    </nax:NikeFuel><nax:AscentInMeters>
      0.2087421417236328
    </nax:AscentInMeters>
    </nax:Nax>
    </TPX>
    </Extensions>
    </Trackpoint>
<Trackpoint>
      <Time>
      2025-04-30T13:35:05.979Z
    </Time><Position>
      <LatitudeDegrees>
      47.429886260716685
    </LatitudeDegrees><LongitudeDegrees>
      -122.29016263213951
    </LongitudeDegrees>
    </Position><AltitudeMeters>
      115.69737039728133
    </AltitudeMeters><SensorState>
      Present
    </SensorState>
    </Trackpoint>
<Trackpoint>
      <Time>
      2025-04-30T13:35:06.475Z
    </Time><DistanceMeters>
      4.537590646301396
    </DistanceMeters><SensorState>
      Present
    </SensorState><Extensions>
      <TPX xmlns="http://www.garmin.com/xmlschemas/ActivityExtension/v2">
      <ns3:Speed>
      0
    </ns3:Speed>
    </TPX>
    </Extensions>
    </Trackpoint>
<Trackpoint>
      <Time>
      2025-04-30T13:35:06.476Z
    </Time><Cadence>
      0
    </Cadence><SensorState>
      Present
    </SensorState>
    </Trackpoint>
<Trackpoint>
      <Time>
      2025-04-30T13:35:06.858Z
    </Time><SensorState>
      Present
    </SensorState><Extensions>
      <TPX xmlns="http://www.garmin.com/xmlschemas/ActivityExtension/v2">
      <nax:Nax>
      <nax:AscentInMeters>
      0.08983993530273438
    </nax:AscentInMeters>
    </nax:Nax>
    </TPX>
    </Extensions>
    </Trackpoint>
<Trackpoint>
      <Time>
      2025-04-30T13:35:07.918Z
    </Time><SensorState>
      Present
    </SensorState><Extensions>
      <TPX xmlns="http://www.garmin.com/xmlschemas/ActivityExtension/v2">
      <nax:Nax>
      <nax:AscentInMeters>
      0.10040664672851562
    </nax:AscentInMeters>
    </nax:Nax>
    </TPX>
    </Extensions>
    </Trackpoint>
<Trackpoint>
      <Time>
      2025-04-30T13:35:08.977Z
    </Time><SensorState>
      Present
    </SensorState><Extensions>
      <TPX xmlns="http://www.garmin.com/xmlschemas/ActivityExtension/v2">
      <nax:Nax>
      <nax:AscentInMeters>
      0.00792694091796875
    </nax:AscentInMeters>
    </nax:Nax>
    </TPX>
    </Extensions>
    </Trackpoint>
<Trackpoint>
      <Time>
      2025-04-30T13:35:09.031Z
    </Time><SensorState>
      Present
    </SensorState><Extensions>
      <TPX xmlns="http://www.garmin.com/xmlschemas/ActivityExtension/v2">
      <ns3:Speed>
      0
    </ns3:Speed>
    </TPX>
    </Extensions>
    </Trackpoint>
<Trackpoint>
      <Time>
      2025-04-30T13:35:09.032Z
    </Time><DistanceMeters>
      6.989272439852357
    </DistanceMeters><Cadence>
      166.80421829223633
    </Cadence><SensorState>
      Present
    </SensorState>
    </Trackpoint>
<Trackpoint>
      <Time>
      2025-04-30T13:35:09.979Z
    </Time><Position>
      <LatitudeDegrees>
      47.42998135251886
    </LatitudeDegrees><LongitudeDegrees>
      -122.29009546855242
    </LongitudeDegrees>
    </Position><AltitudeMeters>
      115.22855840549552
    </AltitudeMeters><SensorState>
      Present
    </SensorState>
    </Trackpoint>
<Trackpoint>
      <Time>
      2025-04-30T13:35:10.036Z
    </Time><SensorState>
      Present
    </SensorState><Extensions>
      <TPX xmlns="http://www.garmin.com/xmlschemas/ActivityExtension/v2">
      <nax:Nax>
      <nax:AscentInMeters>
      0.11097908020019531
    </nax:AscentInMeters>
    </nax:Nax>
    </TPX>
    </Extensions>
    </Trackpoint>
<Trackpoint>
      <Time>
      2025-04-30T13:35:11.096Z
    </Time><SensorState>
      Present
    </SensorState><Extensions>
      <TPX xmlns="http://www.garmin.com/xmlschemas/ActivityExtension/v2">
      <nax:Nax>
      <nax:AscentInMeters>
      0.044918060302734375
    </nax:AscentInMeters>
    </nax:Nax>
    </TPX>
    </Extensions>
    </Trackpoint>
<Trackpoint>
      <Time>
      2025-04-30T13:35:11.588Z
    </Time><SensorState>
      Present
    </SensorState><Extensions>
      <TPX xmlns="http://www.garmin.com/xmlschemas/ActivityExtension/v2">
      <ns3:Speed>
      2.8001758105484438
    </ns3:Speed><nax:Nax>
      <nax:Pace>
      5.9520072289326444
    </nax:Pace>
    </nax:Nax>
    </TPX>
    </Extensions>
    </Trackpoint>
<Trackpoint>
      <Time>
      2025-04-30T13:35:11.589Z
    </Time><DistanceMeters>
      4.183979010791518
    </DistanceMeters><Cadence>
      165.57137489318848
    </Cadence><SensorState>
      Present
    </SensorState>
    </Trackpoint>
<Trackpoint>
      <Time>
      2025-04-30T13:35:12.000Z
    </Time><SensorState>
      Present
    </SensorState><Extensions>
      <TPX xmlns="http://www.garmin.com/xmlschemas/ActivityExtension/v2">
      <nax:Nax>
      <nax:NikeFuel>
      7.229368835974952
    </nax:NikeFuel>
    </nax:Nax>
    </TPX>
    </Extensions>
    </Trackpoint>
<Trackpoint>
      <Time>
      2025-04-30T13:35:12.155Z
    </Time><SensorState>
      Present
    </SensorState><Extensions>
      <TPX xmlns="http://www.garmin.com/xmlschemas/ActivityExtension/v2">
      <nax:Nax>
      <nax:AscentInMeters>
      0.0792694091796875
    </nax:AscentInMeters>
    </nax:Nax>
    </TPX>
    </Extensions>
    </Trackpoint>
<Trackpoint>
      <Time>
      2025-04-30T13:35:13.214Z
    </Time><SensorState>
      Present
    </SensorState><Extensions>
      <TPX xmlns="http://www.garmin.com/xmlschemas/ActivityExtension/v2">
      <nax:Nax>
      <nax:AscentInMeters>
      0.04491996765136719
    </nax:AscentInMeters>
    </nax:Nax>
    </TPX>
    </Extensions>
    </Trackpoint>
<Trackpoint>
      <Time>
      2025-04-30T13:35:14.144Z
    </Time><SensorState>
      Present
    </SensorState><Extensions>
      <TPX xmlns="http://www.garmin.com/xmlschemas/ActivityExtension/v2">
      <ns3:Speed>
      2.8032910797356982
    </ns3:Speed><nax:Nax>
      <nax:Pace>
      5.945392823152009
    </nax:Pace>
    </nax:Nax>
    </TPX>
    </Extensions>
    </Trackpoint>
<Trackpoint>
      <Time>
      2025-04-30T13:35:14.145Z
    </Time><DistanceMeters>
      5.6481915027834475
    </DistanceMeters><Cadence>
      164.30425643920898
    </Cadence><SensorState>
      Present
    </SensorState>
    </Trackpoint>
<Trackpoint>
      <Time>
      2025-04-30T13:35:14.273Z
    </Time><SensorState>
      Present
    </SensorState><Extensions>
      <TPX xmlns="http://www.garmin.com/xmlschemas/ActivityExtension/v2">
      <nax:Nax>
      <nax:AscentInMeters>
      0.12947463989257812
    </nax:AscentInMeters>
    </nax:Nax>
    </TPX>
    </Extensions>
    </Trackpoint>
<Trackpoint>
      <Time>
      2025-04-30T13:35:14.979Z
    </Time><Position>
      <LatitudeDegrees>
      47.4300860379749
    </LatitudeDegrees><LongitudeDegrees>
      -122.29007095621213
    </LongitudeDegrees>
    </Position><AltitudeMeters>
      116.03290874138474
    </AltitudeMeters><SensorState>
      Present
    </SensorState>
    </Trackpoint>
<Trackpoint>
      <Time>
      2025-04-30T13:35:15.332Z
    </Time><SensorState>
      Present
    </SensorState><Extensions>
      <TPX xmlns="http://www.garmin.com/xmlschemas/ActivityExtension/v2">
      <nax:Nax>
      <nax:AscentInMeters>
      0.12418746948242188
    </nax:AscentInMeters>
    </nax:Nax>
    </TPX>
    </Extensions>
    </Trackpoint>
<Trackpoint>
      <Time>
      2025-04-30T13:35:16.392Z
    </Time><SensorState>
      Present
    </SensorState><Extensions>
      <TPX xmlns="http://www.garmin.com/xmlschemas/ActivityExtension/v2">
      <nax:Nax>
      <nax:AscentInMeters>
      0.16382408142089844
    </nax:AscentInMeters>
    </nax:Nax>
    </TPX>
    </Extensions>
    </Trackpoint>
<Trackpoint>
      <Time>
      2025-04-30T13:35:16.699Z
    </Time><DistanceMeters>
      7.256536899716593
    </DistanceMeters><SensorState>
      Present
    </SensorState><Extensions>
      <TPX xmlns="http://www.garmin.com/xmlschemas/ActivityExtension/v2">
      <ns3:Speed>
      2.7761599780084034
    </ns3:Speed><nax:Nax>
      <nax:Pace>
      6.003496483881743
    </nax:Pace>
    </nax:Nax>
    </TPX>
    </Extensions>
    </Trackpoint>
<Trackpoint>
      <Time>
      2025-04-30T13:35:16.700Z
    </Time><Cadence>
      164.6388816833496
    </Cadence><SensorState>
      Present
    </SensorState>
    </Trackpoint>
<Trackpoint>
      <Time>
      2025-04-30T13:35:17.451Z
    </Time><SensorState>
      Present
    </SensorState><Extensions>
      <TPX xmlns="http://www.garmin.com/xmlschemas/ActivityExtension/v2">
      <nax:Nax>
      <nax:AscentInMeters>
      0.16646575927734375
    </nax:AscentInMeters>
    </nax:Nax>
    </TPX>
    </Extensions>
    </Trackpoint>
<Trackpoint>
      <Time>
      2025-04-30T13:35:18.510Z
    </Time><SensorState>
      Present
    </SensorState><Extensions>
      <TPX xmlns="http://www.garmin.com/xmlschemas/ActivityExtension/v2">
      <nax:Nax>
      <nax:AscentInMeters>
      0.13211631774902344
    </nax:AscentInMeters>
    </nax:Nax>
    </TPX>
    </Extensions>
    </Trackpoint>
<Trackpoint>
      <Time>
      2025-04-30T13:35:18.979Z
    </Time><Position>
      <LatitudeDegrees>
      47.43019295956711
    </LatitudeDegrees><LongitudeDegrees>
      -122.29009579488142
    </LongitudeDegrees>
    </Position><AltitudeMeters>
      116.81875949539244
    </AltitudeMeters><SensorState>
      Present
    </SensorState>
    </Trackpoint>
<Trackpoint>
      <Time>
      2025-04-30T13:35:19.255Z
    </Time><SensorState>
      Present
    </SensorState><Extensions>
      <TPX xmlns="http://www.garmin.com/xmlschemas/ActivityExtension/v2">
      <ns3:Speed>
      2.7708107075732387
    </ns3:Speed><nax:Nax>
      <nax:Pace>
      6.01508671130546
    </nax:Pace>
    </nax:Nax>
    </TPX>
    </Extensions>
    </Trackpoint>
<Trackpoint>
      <Time>
      2025-04-30T13:35:19.256Z
    </Time><DistanceMeters>
      7.858399633318187
    </DistanceMeters><Cadence>
      165.35914421081543
    </Cadence><SensorState>
      Present
    </SensorState>
    </Trackpoint>
<Trackpoint>
      <Time>
      2025-04-30T13:35:19.569Z
    </Time><SensorState>
      Present
    </SensorState><Extensions>
      <TPX xmlns="http://www.garmin.com/xmlschemas/ActivityExtension/v2">
      <nax:Nax>
      <nax:AscentInMeters>
      0.14532852172851562
    </nax:AscentInMeters>
    </nax:Nax>
    </TPX>
    </Extensions>
    </Trackpoint>
<Trackpoint>
      <Time>
      2025-04-30T13:35:20.628Z
    </Time><SensorState>
      Present
    </SensorState><Extensions>
      <TPX xmlns="http://www.garmin.com/xmlschemas/ActivityExtension/v2">
      <nax:Nax>
      <nax:AscentInMeters>
      0.10833549499511719
    </nax:AscentInMeters>
    </nax:Nax>
    </TPX>
    </Extensions>
    </Trackpoint>
<Trackpoint>
      <Time>
      2025-04-30T13:35:21.688Z
    </Time><SensorState>
      Present
    </SensorState><Extensions>
      <TPX xmlns="http://www.garmin.com/xmlschemas/ActivityExtension/v2">
      <nax:Nax>
      <nax:AscentInMeters>
      0.18496131896972656
    </nax:AscentInMeters>
    </nax:Nax>
    </TPX>
    </Extensions>
    </Trackpoint>
<Trackpoint>
      <Time>
      2025-04-30T13:35:21.810Z
    </Time><DistanceMeters>
      8.194091149955057
    </DistanceMeters><SensorState>
      Present
    </SensorState><Extensions>
      <TPX xmlns="http://www.garmin.com/xmlschemas/ActivityExtension/v2">
      <ns3:Speed>
      2.7594280595490015
    </ns3:Speed><nax:Nax>
      <nax:Pace>
      6.039898959855708
    </nax:Pace>
    </nax:Nax>
    </TPX>
    </Extensions>
    </Trackpoint>
<Trackpoint>
      <Time>
      2025-04-30T13:35:21.811Z
    </Time><Cadence>
      165.35914421081543
    </Cadence><SensorState>
      Present
    </SensorState>
    </Trackpoint>
<Trackpoint>
      <Time>
      2025-04-30T13:35:22.000Z
    </Time><SensorState>
      Present
    </SensorState><Extensions>
      <TPX xmlns="http://www.garmin.com/xmlschemas/ActivityExtension/v2">
      <nax:Nax>
      <nax:NikeFuel>
      7.180794585830743
    </nax:NikeFuel>
    </nax:Nax>
    </TPX>
    </Extensions>
    </Trackpoint>
<Trackpoint>
      <Time>
      2025-04-30T13:35:22.747Z
    </Time><SensorState>
      Present
    </SensorState><Extensions>
      <TPX xmlns="http://www.garmin.com/xmlschemas/ActivityExtension/v2">
      <nax:Nax>
      <nax:AscentInMeters>
      0.10569381713867188
    </nax:AscentInMeters>
    </nax:Nax>
    </TPX>
    </Extensions>
    </Trackpoint>
<Trackpoint>
      <Time>
      2025-04-30T13:35:22.979Z
    </Time><Position>
      <LatitudeDegrees>
      47.43028772426507
    </LatitudeDegrees><LongitudeDegrees>
      -122.29017135139613
    </LongitudeDegrees>
    </Position><AltitudeMeters>
      116.93231073394418
    </AltitudeMeters><SensorState>
      Present
    </SensorState>
    </Trackpoint>
<Trackpoint>
      <Time>
      2025-04-30T13:35:23.806Z
    </Time><SensorState>
      Present
    </SensorState><Extensions>
      <TPX xmlns="http://www.garmin.com/xmlschemas/ActivityExtension/v2">
      <nax:Nax>
      <nax:AscentInMeters>
      0.16646575927734375
    </nax:AscentInMeters>
    </nax:Nax>
    </TPX>
    </Extensions>
    </Trackpoint>
<Trackpoint>
      <Time>
      2025-04-30T13:35:24.368Z
    </Time><SensorState>
      Present
    </SensorState><Extensions>
      <TPX xmlns="http://www.garmin.com/xmlschemas/ActivityExtension/v2">
      <ns3:Speed>
      2.7594280595490015
    </ns3:Speed><nax:Nax>
      <nax:Pace>
      6.039898959855708
    </nax:Pace>
    </nax:Nax>
    </TPX>
    </Extensions>
    </Trackpoint>
<Trackpoint>
      <Time>
      2025-04-30T13:35:24.369Z
    </Time><DistanceMeters>
      5.646523867384531
    </DistanceMeters><Cadence>
      165.35914421081543
    </Cadence><SensorState>
      Present
    </SensorState>
    </Trackpoint>
<Trackpoint>
      <Time>
      2025-04-30T13:35:24.865Z
    </Time><SensorState>
      Present
    </SensorState><Extensions>
      <TPX xmlns="http://www.garmin.com/xmlschemas/ActivityExtension/v2">
      <nax:Nax>
      <nax:AscentInMeters>
      0.1400432586669922
    </nax:AscentInMeters>
    </nax:Nax>
    </TPX>
    </Extensions>
    </Trackpoint>
<Trackpoint>
      <Time>
      2025-04-30T13:35:25.924Z
    </Time><SensorState>
      Present
    </SensorState><Extensions>
      <TPX xmlns="http://www.garmin.com/xmlschemas/ActivityExtension/v2">
      <nax:Nax>
      <nax:AscentInMeters>
      0.1109771728515625
    </nax:AscentInMeters>
    </nax:Nax>
    </TPX>
    </Extensions>
    </Trackpoint>
<Trackpoint>
      <Time>
      2025-04-30T13:35:26.923Z
    </Time><SensorState>
      Present
    </SensorState><Extensions>
      <TPX xmlns="http://www.garmin.com/xmlschemas/ActivityExtension/v2">
      <ns3:Speed>
      2.7594280595490015
    </ns3:Speed><nax:Nax>
      <nax:Pace>
      6.039898959855708
    </nax:Pace>
    </nax:Nax>
    </TPX>
    </Extensions>
    </Trackpoint>
<Trackpoint>
      <Time>
      2025-04-30T13:35:26.924Z
    </Time><DistanceMeters>
      6.2969108775723726
    </DistanceMeters><Cadence>
      166.28035068511963
    </Cadence><SensorState>
      Present
    </SensorState>
    </Trackpoint>
<Trackpoint>
      <Time>
      2025-04-30T13:35:26.983Z
    </Time><SensorState>
      Present
    </SensorState><Extensions>
      <TPX xmlns="http://www.garmin.com/xmlschemas/ActivityExtension/v2">
      <nax:Nax>
      <nax:AscentInMeters>
      0.0475616455078125
    </nax:AscentInMeters>
    </nax:Nax>
    </TPX>
    </Extensions>
    </Trackpoint>
<Trackpoint>
      <Time>
      2025-04-30T13:35:27.979Z
    </Time><Position>
      <LatitudeDegrees>
      47.43038798096919
    </LatitudeDegrees><LongitudeDegrees>
      -122.29022839298491
    </LongitudeDegrees>
    </Position><AltitudeMeters>
      117.26226012408733
    </AltitudeMeters><SensorState>
      Present
    </SensorState>
    </Trackpoint>
<Trackpoint>
      <Time>
      2025-04-30T13:35:28.043Z
    </Time><SensorState>
      Present
    </SensorState><Extensions>
      <TPX xmlns="http://www.garmin.com/xmlschemas/ActivityExtension/v2">
      <nax:Nax>
      <nax:AscentInMeters>
      0.10305023193359375
    </nax:AscentInMeters>
    </nax:Nax>
    </TPX>
    </Extensions>
    </Trackpoint>
<Trackpoint>
      <Time>
      2025-04-30T13:35:29.102Z
    </Time><SensorState>
      Present
    </SensorState><Extensions>
      <TPX xmlns="http://www.garmin.com/xmlschemas/ActivityExtension/v2">
      <nax:Nax>
      <nax:AscentInMeters>
      0.08983802795410156
    </nax:AscentInMeters>
    </nax:Nax>
    </TPX>
    </Extensions>
    </Trackpoint>
<Trackpoint>
      <Time>
      2025-04-30T13:35:29.479Z
    </Time><SensorState>
      Present
    </SensorState><Extensions>
      <TPX xmlns="http://www.garmin.com/xmlschemas/ActivityExtension/v2">
      <ns3:Speed>
      2.753516983036083
    </ns3:Speed><nax:Nax>
      <nax:Pace>
      6.052865033826546
    </nax:Pace>
    </nax:Nax>
    </TPX>
    </Extensions>
    </Trackpoint>
<Trackpoint>
      <Time>
      2025-04-30T13:35:29.480Z
    </Time><DistanceMeters>
      8.740362049662508
    </DistanceMeters><Cadence>
      168.23058128356934
    </Cadence><SensorState>
      Present
    </SensorState>
    </Trackpoint>
<Trackpoint>
      <Time>
      2025-04-30T13:35:30.161Z
    </Time><SensorState>
      Present
    </SensorState><Extensions>
      <TPX xmlns="http://www.garmin.com/xmlschemas/ActivityExtension/v2">
      <nax:Nax>
      <nax:AscentInMeters>
      0.07134437561035156
    </nax:AscentInMeters>
    </nax:Nax>
    </TPX>
    </Extensions>
    </Trackpoint>
<Trackpoint>
      <Time>
      2025-04-30T13:35:30.978Z
    </Time><Position>
      <LatitudeDegrees>
      47.43047764439882
    </LatitudeDegrees><LongitudeDegrees>
      -122.29019866767567
    </LongitudeDegrees>
    </Position><AltitudeMeters>
      117.3687167884782
    </AltitudeMeters><SensorState>
      Present
    </SensorState>
    </Trackpoint>
<Trackpoint>
      <Time>
      2025-04-30T13:35:31.220Z
    </Time><SensorState>
      Present
    </SensorState><Extensions>
      <TPX xmlns="http://www.garmin.com/xmlschemas/ActivityExtension/v2">
      <nax:Nax>
      <nax:AscentInMeters>
      0.04227638244628906
    </nax:AscentInMeters>
    </nax:Nax>
    </TPX>
    </Extensions>
    </Trackpoint>
<Trackpoint>
      <Time>
      2025-04-30T13:35:32.000Z
    </Time><SensorState>
      Present
    </SensorState><Extensions>
      <TPX xmlns="http://www.garmin.com/xmlschemas/ActivityExtension/v2">
      <nax:Nax>
      <nax:NikeFuel>
      7.289400756503683
    </nax:NikeFuel>
    </nax:Nax>
    </TPX>
    </Extensions>
    </Trackpoint>
<Trackpoint>
      <Time>
      2025-04-30T13:35:32.036Z
    </Time><SensorState>
      Present
    </SensorState><Extensions>
      <TPX xmlns="http://www.garmin.com/xmlschemas/ActivityExtension/v2">
      <ns3:Speed>
      2.8441773628485056
    </ns3:Speed><nax:Nax>
      <nax:Pace>
      5.859925222797862
    </nax:Pace>
    </nax:Nax>
    </TPX>
    </Extensions>
    </Trackpoint>
<Trackpoint>
      <Time>
      2025-04-30T13:35:32.037Z
    </Time><DistanceMeters>
      5.869143309304491
    </DistanceMeters><Cadence>
      168.23058128356934
    </Cadence><SensorState>
      Present
    </SensorState>
    </Trackpoint>
<Trackpoint>
      <Time>
      2025-04-30T13:35:32.280Z
    </Time><SensorState>
      Present
    </SensorState><Extensions>
      <TPX xmlns="http://www.garmin.com/xmlschemas/ActivityExtension/v2">
      <nax:Nax>
      <nax:AscentInMeters>
      0.06605720520019531
    </nax:AscentInMeters>
    </nax:Nax>
    </TPX>
    </Extensions>
    </Trackpoint>
<Trackpoint>
      <Time>
      2025-04-30T13:35:33.339Z
    </Time><SensorState>
      Present
    </SensorState><Extensions>
      <TPX xmlns="http://www.garmin.com/xmlschemas/ActivityExtension/v2">
      <nax:Nax>
      <nax:AscentInMeters>
      0.050205230712890625
    </nax:AscentInMeters>
    </nax:Nax>
    </TPX>
    </Extensions>
    </Trackpoint>
<Trackpoint>
      <Time>
      2025-04-30T13:35:34.398Z
    </Time><SensorState>
      Present
    </SensorState><Extensions>
      <TPX xmlns="http://www.garmin.com/xmlschemas/ActivityExtension/v2">
      <nax:Nax>
      <nax:AscentInMeters>
      0.060771942138671875
    </nax:AscentInMeters>
    </nax:Nax>
    </TPX>
    </Extensions>
    </Trackpoint>
<Trackpoint>
      <Time>
      2025-04-30T13:35:34.592Z
    </Time><SensorState>
      Present
    </SensorState><Extensions>
      <TPX xmlns="http://www.garmin.com/xmlschemas/ActivityExtension/v2">
      <ns3:Speed>
      2.8231829468683807
    </ns3:Speed><nax:Nax>
      <nax:Pace>
      5.903502174789696
    </nax:Pace>
    </nax:Nax>
    </TPX>
    </Extensions>
    </Trackpoint>
<Trackpoint>
      <Time>
      2025-04-30T13:35:34.593Z
    </Time><DistanceMeters>
      4.86396310152486
    </DistanceMeters><Cadence>
      169.2377758026123
    </Cadence><SensorState>
      Present
    </SensorState>
    </Trackpoint>
<Trackpoint>
      <Time>
      2025-04-30T13:35:35.457Z
    </Time><SensorState>
      Present
    </SensorState><Extensions>
      <TPX xmlns="http://www.garmin.com/xmlschemas/ActivityExtension/v2">
      <nax:Nax>
      <nax:AscentInMeters>
      0.09512519836425781
    </nax:AscentInMeters>
    </nax:Nax>
    </TPX>
    </Extensions>
    </Trackpoint>
<Trackpoint>
      <Time>
      2025-04-30T13:35:35.978Z
    </Time><Position>
      <LatitudeDegrees>
      47.43057526414162
    </LatitudeDegrees><LongitudeDegrees>
      -122.29019920810934
    </LongitudeDegrees>
    </Position><AltitudeMeters>
      115.7557024024427
    </AltitudeMeters><SensorState>
      Present
    </SensorState>
    </Trackpoint>
<Trackpoint>
      <Time>
      2025-04-30T13:35:36.517Z
    </Time><SensorState>
      Present
    </SensorState><Extensions>
      <TPX xmlns="http://www.garmin.com/xmlschemas/ActivityExtension/v2">
      <nax:Nax>
      <nax:AscentInMeters>
      0.11890411376953125
    </nax:AscentInMeters>
    </nax:Nax>
    </TPX>
    </Extensions>
    </Trackpoint>
<Trackpoint>
      <Time>
      2025-04-30T13:35:37.147Z
    </Time><SensorState>
      Present
    </SensorState><Extensions>
      <TPX xmlns="http://www.garmin.com/xmlschemas/ActivityExtension/v2">
      <ns3:Speed>
      2.778223886284247
    </ns3:Speed><nax:Nax>
      <nax:Pace>
      5.99903656035353
    </nax:Pace>
    </nax:Nax>
    </TPX>
    </Extensions>
    </Trackpoint>
<Trackpoint>
      <Time>
      2025-04-30T13:35:37.148Z
    </Time><DistanceMeters>
      8.461466276552528
    </DistanceMeters><Cadence>
      169.39603328704834
    </Cadence><SensorState>
      Present
    </SensorState>
    </Trackpoint>
<Trackpoint>
      <Time>
      2025-04-30T13:35:37.576Z
    </Time><SensorState>
      Present
    </SensorState><Extensions>
      <TPX xmlns="http://www.garmin.com/xmlschemas/ActivityExtension/v2">
      <nax:Nax>
      <nax:AscentInMeters>
      0.1717510223388672
    </nax:AscentInMeters>
    </nax:Nax>
    </TPX>
    </Extensions>
    </Trackpoint>
<Trackpoint>
      <Time>
      2025-04-30T13:35:38.635Z
    </Time><SensorState>
      Present
    </SensorState><Extensions>
      <TPX xmlns="http://www.garmin.com/xmlschemas/ActivityExtension/v2">
      <nax:Nax>
      <nax:AscentInMeters>
      0.08719635009765625
    </nax:AscentInMeters>
    </nax:Nax>
    </TPX>
    </Extensions>
    </Trackpoint>
<Trackpoint>
      <Time>
      2025-04-30T13:35:39.694Z
    </Time><SensorState>
      Present
    </SensorState><Extensions>
      <TPX xmlns="http://www.garmin.com/xmlschemas/ActivityExtension/v2">
      <nax:Nax>
      <nax:AscentInMeters>
      0.06341552734375
    </nax:AscentInMeters><nax:DescentInMeters>
      0.050205230712890625
    </nax:DescentInMeters>
    </nax:Nax>
    </TPX>
    </Extensions>
    </Trackpoint>
<Trackpoint>
      <Time>
      2025-04-30T13:35:39.702Z
    </Time><SensorState>
      Present
    </SensorState><Extensions>
      <TPX xmlns="http://www.garmin.com/xmlschemas/ActivityExtension/v2">
      <ns3:Speed>
      2.762801757971219
    </ns3:Speed><nax:Nax>
      <nax:Pace>
      6.032523549176157
    </nax:Pace>
    </nax:Nax>
    </TPX>
    </Extensions>
    </Trackpoint>
<Trackpoint>
      <Time>
      2025-04-30T13:35:39.703Z
    </Time><DistanceMeters>
      7.7441598566947505
    </DistanceMeters><Cadence>
      169.53904151916504
    </Cadence><SensorState>
      Present
    </SensorState>
    </Trackpoint>
<Trackpoint>
      <Time>
      2025-04-30T13:35:39.978Z
    </Time><Position>
      <LatitudeDegrees>
      47.43067940419326
    </LatitudeDegrees><LongitudeDegrees>
      -122.29012142634544
    </LongitudeDegrees>
    </Position><AltitudeMeters>
      116.08770104963332
    </AltitudeMeters><SensorState>
      Present
    </SensorState>
    </Trackpoint>
<Trackpoint>
      <Time>
      2025-04-30T13:35:42.000Z
    </Time><SensorState>
      Present
    </SensorState><Extensions>
      <TPX xmlns="http://www.garmin.com/xmlschemas/ActivityExtension/v2">
      <nax:Nax>
      <nax:NikeFuel>
      7.194305732871895
    </nax:NikeFuel>
    </nax:Nax>
    </TPX>
    </Extensions>
    </Trackpoint>
<Trackpoint>
      <Time>
      2025-04-30T13:35:42.260Z
    </Time><SensorState>
      Present
    </SensorState><Extensions>
      <TPX xmlns="http://www.garmin.com/xmlschemas/ActivityExtension/v2">
      <ns3:Speed>
      2.765762420689882
    </ns3:Speed><nax:Nax>
      <nax:Pace>
      6.02606592019187
    </nax:Pace>
    </nax:Nax>
    </TPX>
    </Extensions>
    </Trackpoint>
<Trackpoint>
      <Time>
      2025-04-30T13:35:42.261Z
    </Time><DistanceMeters>
      6.592394147184677
    </DistanceMeters><Cadence>
      170.40244102478027
    </Cadence><SensorState>
      Present
    </SensorState>
    </Trackpoint>
<Trackpoint>
      <Time>
      2025-04-30T13:35:43.931Z
    </Time><SensorState>
      Present
    </SensorState><Extensions>
      <TPX xmlns="http://www.garmin.com/xmlschemas/ActivityExtension/v2">
      <nax:Nax>
      <nax:DescentInMeters>
      0.04227638244628906
    </nax:DescentInMeters>
    </nax:Nax>
    </TPX>
    </Extensions>
    </Trackpoint>
<Trackpoint>
      <Time>
      2025-04-30T13:35:43.978Z
    </Time><Position>
      <LatitudeDegrees>
      47.43077534411274
    </LatitudeDegrees><LongitudeDegrees>
      -122.2900815645431
    </LongitudeDegrees>
    </Position><AltitudeMeters>
      116.08882445655763
    </AltitudeMeters><SensorState>
      Present
    </SensorState>
    </Trackpoint>
<Trackpoint>
      <Time>
      2025-04-30T13:35:44.815Z
    </Time><SensorState>
      Present
    </SensorState><Extensions>
      <TPX xmlns="http://www.garmin.com/xmlschemas/ActivityExtension/v2">
      <ns3:Speed>
      2.768715749171721
    </ns3:Speed><nax:Nax>
      <nax:Pace>
      6.019638047586722
    </nax:Pace>
    </nax:Nax>
    </TPX>
    </Extensions>
    </Trackpoint>
<Trackpoint>
      <Time>
      2025-04-30T13:35:44.816Z
    </Time><DistanceMeters>
      7.900920103420503
    </DistanceMeters><Cadence>
      170.40244102478027
    </Cadence><SensorState>
      Present
    </SensorState>
    </Trackpoint>
<Trackpoint>
      <Time>
      2025-04-30T13:35:47.370Z
    </Time><DistanceMeters>
      4.55251578008756
    </DistanceMeters><SensorState>
      Present
    </SensorState><Extensions>
      <TPX xmlns="http://www.garmin.com/xmlschemas/ActivityExtension/v2">
      <ns3:Speed>
      2.768978933460717
    </ns3:Speed><nax:Nax>
      <nax:Pace>
      6.019065896552844
    </nax:Pace>
    </nax:Nax>
    </TPX>
    </Extensions>
    </Trackpoint>
<Trackpoint>
      <Time>
      2025-04-30T13:35:47.371Z
    </Time><Cadence>
      170.26954650878906
    </Cadence><SensorState>
      Present
    </SensorState>
    </Trackpoint>
<Trackpoint>
      <Time>
      2025-04-30T13:35:47.978Z
    </Time><Position>
      <LatitudeDegrees>
      47.43086581075899
    </LatitudeDegrees><LongitudeDegrees>
      -122.29004209920737
    </LongitudeDegrees>
    </Position><AltitudeMeters>
      116.24968661554158
    </AltitudeMeters><SensorState>
      Present
    </SensorState>
    </Trackpoint>
<Trackpoint>
      <Time>
      2025-04-30T13:35:49.227Z
    </Time><SensorState>
      Present
    </SensorState><Extensions>
      <TPX xmlns="http://www.garmin.com/xmlschemas/ActivityExtension/v2">
      <nax:Nax>
      <nax:AscentInMeters>
      0.029066085815429688
    </nax:AscentInMeters>
    </nax:Nax>
    </TPX>
    </Extensions>
    </Trackpoint>
<Trackpoint>
      <Time>
      2025-04-30T13:35:49.925Z
    </Time><SensorState>
      Present
    </SensorState><Extensions>
      <TPX xmlns="http://www.garmin.com/xmlschemas/ActivityExtension/v2">
      <ns3:Speed>
      2.7485868471452415
    </ns3:Speed><nax:Nax>
      <nax:Pace>
      6.0637220482871514
    </nax:Pace>
    </nax:Nax>
    </TPX>
    </Extensions>
    </Trackpoint>
<Trackpoint>
      <Time>
      2025-04-30T13:35:49.926Z
    </Time><DistanceMeters>
      6.9737110829446465
    </DistanceMeters><Cadence>
      170.0850248336792
    </Cadence><SensorState>
      Present
    </SensorState>
    </Trackpoint>
<Trackpoint>
      <Time>
      2025-04-30T13:35:50.287Z
    </Time><SensorState>
      Present
    </SensorState><Extensions>
      <TPX xmlns="http://www.garmin.com/xmlschemas/ActivityExtension/v2">
      <nax:Nax>
      <nax:AscentInMeters>
      0.029066085815429688
    </nax:AscentInMeters>
    </nax:Nax>
    </TPX>
    </Extensions>
    </Trackpoint>
<Trackpoint>
      <Time>
      2025-04-30T13:35:51.978Z
    </Time><Position>
      <LatitudeDegrees>
      47.43085852857839
    </LatitudeDegrees><LongitudeDegrees>
      -122.28988110296928
    </LongitudeDegrees>
    </Position><AltitudeMeters>
      116.76949887815863
    </AltitudeMeters><SensorState>
      Present
    </SensorState>
    </Trackpoint>
<Trackpoint>
      <Time>
      2025-04-30T13:35:52.000Z
    </Time><SensorState>
      Present
    </SensorState><Extensions>
      <TPX xmlns="http://www.garmin.com/xmlschemas/ActivityExtension/v2">
      <nax:Nax>
      <nax:NikeFuel>
      7.1282032114651415
    </nax:NikeFuel>
    </nax:Nax>
    </TPX>
    </Extensions>
    </Trackpoint>
<Trackpoint>
      <Time>
      2025-04-30T13:35:52.481Z
    </Time><DistanceMeters>
      7.103974098688923
    </DistanceMeters><SensorState>
      Present
    </SensorState><Extensions>
      <TPX xmlns="http://www.garmin.com/xmlschemas/ActivityExtension/v2">
      <ns3:Speed>
      2.742020486179539
    </ns3:Speed><nax:Nax>
      <nax:Pace>
      6.078242941900247
    </nax:Pace>
    </nax:Nax>
    </TPX>
    </Extensions>
    </Trackpoint>
<Trackpoint>
      <Time>
      2025-04-30T13:35:52.482Z
    </Time><Cadence>
      169.76818084716797
    </Cadence><SensorState>
      Present
    </SensorState>
    </Trackpoint>
<Trackpoint>
      <Time>
      2025-04-30T13:35:54.523Z
    </Time><SensorState>
      Present
    </SensorState><Extensions>
      <TPX xmlns="http://www.garmin.com/xmlschemas/ActivityExtension/v2">
      <nax:Nax>
      <nax:DescentInMeters>
      0.06341552734375
    </nax:DescentInMeters>
    </nax:Nax>
    </TPX>
    </Extensions>
    </Trackpoint>
<Trackpoint>
      <Time>
      2025-04-30T13:35:55.036Z
    </Time><SensorState>
      Present
    </SensorState><Extensions>
      <TPX xmlns="http://www.garmin.com/xmlschemas/ActivityExtension/v2">
      <ns3:Speed>
      2.7373747884407758
    </ns3:Speed><nax:Nax>
      <nax:Pace>
      6.088558547790269
    </nax:Pace>
    </nax:Nax>
    </TPX>
    </Extensions>
    </Trackpoint>
<Trackpoint>
      <Time>
      2025-04-30T13:35:55.037Z
    </Time><DistanceMeters>
      6.625395548180677
    </DistanceMeters><Cadence>
      169.8517942428589
    </Cadence><SensorState>
      Present
    </SensorState>
    </Trackpoint>
<Trackpoint>
      <Time>
      2025-04-30T13:35:55.583Z
    </Time><SensorState>
      Present
    </SensorState><Extensions>
      <TPX xmlns="http://www.garmin.com/xmlschemas/ActivityExtension/v2">
      <nax:Nax>
      <nax:DescentInMeters>
      0.06870079040527344
    </nax:DescentInMeters>
    </nax:Nax>
    </TPX>
    </Extensions>
    </Trackpoint>
<Trackpoint>
      <Time>
      2025-04-30T13:35:55.978Z
    </Time><Position>
      <LatitudeDegrees>
      47.43084611645364
    </LatitudeDegrees><LongitudeDegrees>
      -122.28974266717121
    </LongitudeDegrees>
    </Position><AltitudeMeters>
      116.808908556588
    </AltitudeMeters><SensorState>
      Present
    </SensorState>
    </Trackpoint>
<Trackpoint>
      <Time>
      2025-04-30T13:35:56.642Z
    </Time><SensorState>
      Present
    </SensorState><Extensions>
      <TPX xmlns="http://www.garmin.com/xmlschemas/ActivityExtension/v2">
      <nax:Nax>
      <nax:DescentInMeters>
      0.08719635009765625
    </nax:DescentInMeters>
    </nax:Nax>
    </TPX>
    </Extensions>
    </Trackpoint>
<Trackpoint>
      <Time>
      2025-04-30T13:35:57.591Z
    </Time><SensorState>
      Present
    </SensorState><Extensions>
      <TPX xmlns="http://www.garmin.com/xmlschemas/ActivityExtension/v2">
      <ns3:Speed>
      2.733452959019408
    </ns3:Speed><nax:Nax>
      <nax:Pace>
      6.0972941245148125
    </nax:Pace>
    </nax:Nax>
    </TPX>
    </Extensions>
    </Trackpoint>
<Trackpoint>
      <Time>
      2025-04-30T13:35:57.592Z
    </Time><DistanceMeters>
      6.969221059582196
    </DistanceMeters><Cadence>
      169.67295169830322
    </Cadence><SensorState>
      Present
    </SensorState>
    </Trackpoint>
<Trackpoint>
      <Time>
      2025-04-30T13:35:57.701Z
    </Time><SensorState>
      Present
    </SensorState><Extensions>
      <TPX xmlns="http://www.garmin.com/xmlschemas/ActivityExtension/v2">
      <nax:Nax>
      <nax:DescentInMeters>
      0.10305023193359375
    </nax:DescentInMeters>
    </nax:Nax>
    </TPX>
    </Extensions>
    </Trackpoint>
<Trackpoint>
      <Time>
      2025-04-30T13:35:58.760Z
    </Time><SensorState>
      Present
    </SensorState><Extensions>
      <TPX xmlns="http://www.garmin.com/xmlschemas/ActivityExtension/v2">
      <nax:Nax>
      <nax:DescentInMeters>
      0.10040855407714844
    </nax:DescentInMeters>
    </nax:Nax>
    </TPX>
    </Extensions>
    </Trackpoint>
<Trackpoint>
      <Time>
      2025-04-30T13:35:59.819Z
    </Time><SensorState>
      Present
    </SensorState><Extensions>
      <TPX xmlns="http://www.garmin.com/xmlschemas/ActivityExtension/v2">
      <nax:Nax>
      <nax:DescentInMeters>
      0.12154769897460938
    </nax:DescentInMeters>
    </nax:Nax>
    </TPX>
    </Extensions>
    </Trackpoint>
<Trackpoint>
      <Time>
      2025-04-30T13:35:59.978Z
    </Time><Position>
      <LatitudeDegrees>
      47.43085793452963
    </LatitudeDegrees><LongitudeDegrees>
      -122.28959645033805
    </LongitudeDegrees>
    </Position><AltitudeMeters>
      116.98709372151643
    </AltitudeMeters><SensorState>
      Present
    </SensorState>
    </Trackpoint>
<Trackpoint>
      <Time>
      2025-04-30T13:36:00.146Z
    </Time><DistanceMeters>
      6.18126447184477
    </DistanceMeters><SensorState>
      Present
    </SensorState><Extensions>
      <TPX xmlns="http://www.garmin.com/xmlschemas/ActivityExtension/v2">
      <ns3:Speed>
      2.730519150602184
    </ns3:Speed><nax:Nax>
      <nax:Pace>
      6.103845366911647
    </nax:Pace>
    </nax:Nax>
    </TPX>
    </Extensions>
    </Trackpoint>
<Trackpoint>
      <Time>
      2025-04-30T13:36:00.147Z
    </Time><Cadence>
      169.59424495697021
    </Cadence><SensorState>
      Present
    </SensorState>
    </Trackpoint>
<Trackpoint>
      <Time>
      2025-04-30T13:36:00.878Z
    </Time><SensorState>
      Present
    </SensorState><Extensions>
      <TPX xmlns="http://www.garmin.com/xmlschemas/ActivityExtension/v2">
      <nax:Nax>
      <nax:DescentInMeters>
      0.1294727325439453
    </nax:DescentInMeters>
    </nax:Nax>
    </TPX>
    </Extensions>
    </Trackpoint>
<Trackpoint>
      <Time>
      2025-04-30T13:36:01.937Z
    </Time><SensorState>
      Present
    </SensorState><Extensions>
      <TPX xmlns="http://www.garmin.com/xmlschemas/ActivityExtension/v2">
      <nax:Nax>
      <nax:DescentInMeters>
      0.13475799560546875
    </nax:DescentInMeters>
    </nax:Nax>
    </TPX>
    </Extensions>
    </Trackpoint>
<Trackpoint>
      <Time>
      2025-04-30T13:36:02.000Z
    </Time><SensorState>
      Present
    </SensorState><Extensions>
      <TPX xmlns="http://www.garmin.com/xmlschemas/ActivityExtension/v2">
      <nax:Nax>
      <nax:NikeFuel>
      7.091009468964786
    </nax:NikeFuel>
    </nax:Nax>
    </TPX>
    </Extensions>
    </Trackpoint>
<Trackpoint>
      <Time>
      2025-04-30T13:36:02.701Z
    </Time><SensorState>
      Present
    </SensorState><Extensions>
      <TPX xmlns="http://www.garmin.com/xmlschemas/ActivityExtension/v2">
      <ns3:Speed>
      2.726411391718541
    </ns3:Speed><nax:Nax>
      <nax:Pace>
      6.113041750519225
    </nax:Pace>
    </nax:Nax>
    </TPX>
    </Extensions>
    </Trackpoint>
<Trackpoint>
      <Time>
      2025-04-30T13:36:02.702Z
    </Time><DistanceMeters>
      8.029564873781055
    </DistanceMeters><Cadence>
      169.43032264709473
    </Cadence><SensorState>
      Present
    </SensorState>
    </Trackpoint>
<Trackpoint>
      <Time>
      2025-04-30T13:36:02.997Z
    </Time><SensorState>
      Present
    </SensorState><Extensions>
      <TPX xmlns="http://www.garmin.com/xmlschemas/ActivityExtension/v2">
      <nax:Nax>
      <nax:DescentInMeters>
      0.13211631774902344
    </nax:DescentInMeters>
    </nax:Nax>
    </TPX>
    </Extensions>
    </Trackpoint>
<Trackpoint>
      <Time>
      2025-04-30T13:36:03.978Z
    </Time><Position>
      <LatitudeDegrees>
      47.43085126453251
    </LatitudeDegrees><LongitudeDegrees>
      -122.28945736321951
    </LongitudeDegrees>
    </Position><AltitudeMeters>
      116.62904869858176
    </AltitudeMeters><SensorState>
      Present
    </SensorState>
    </Trackpoint>
<Trackpoint>
      <Time>
      2025-04-30T13:36:04.056Z
    </Time><SensorState>
      Present
    </SensorState><Extensions>
      <TPX xmlns="http://www.garmin.com/xmlschemas/ActivityExtension/v2">
      <nax:Nax>
      <nax:DescentInMeters>
      0.14532852172851562
    </nax:DescentInMeters>
    </nax:Nax>
    </TPX>
    </Extensions>
    </Trackpoint>
<Trackpoint>
      <Time>
      2025-04-30T13:36:05.115Z
    </Time><SensorState>
      Present
    </SensorState><Extensions>
      <TPX xmlns="http://www.garmin.com/xmlschemas/ActivityExtension/v2">
      <nax:Nax>
      <nax:DescentInMeters>
      0.1294727325439453
    </nax:DescentInMeters>
    </nax:Nax>
    </TPX>
    </Extensions>
    </Trackpoint>
<Trackpoint>
      <Time>
      2025-04-30T13:36:05.256Z
    </Time><SensorState>
      Present
    </SensorState><Extensions>
      <TPX xmlns="http://www.garmin.com/xmlschemas/ActivityExtension/v2">
      <ns3:Speed>
      2.723305049745686
    </ns3:Speed><nax:Nax>
      <nax:Pace>
      6.1200146007231435
    </nax:Pace>
    </nax:Nax>
    </TPX>
    </Extensions>
    </Trackpoint>
<Trackpoint>
      <Time>
      2025-04-30T13:36:05.257Z
    </Time><DistanceMeters>
      5.42919700872153
    </DistanceMeters><Cadence>
      169.1789960861206
    </Cadence><SensorState>
      Present
    </SensorState>
    </Trackpoint>
<Trackpoint>
      <Time>
      2025-04-30T13:36:06.174Z
    </Time><SensorState>
      Present
    </SensorState><Extensions>
      <TPX xmlns="http://www.garmin.com/xmlschemas/ActivityExtension/v2">
      <nax:Nax>
      <nax:DescentInMeters>
      0.12418937683105469
    </nax:DescentInMeters>
    </nax:Nax>
    </TPX>
    </Extensions>
    </Trackpoint>
<Trackpoint>
      <Time>
      2025-04-30T13:36:07.233Z
    </Time><SensorState>
      Present
    </SensorState><Extensions>
      <TPX xmlns="http://www.garmin.com/xmlschemas/ActivityExtension/v2">
      <nax:Nax>
      <nax:DescentInMeters>
      0.12418937683105469
    </nax:DescentInMeters>
    </nax:Nax>
    </TPX>
    </Extensions>
    </Trackpoint>
<Trackpoint>
      <Time>
      2025-04-30T13:36:07.811Z
    </Time><SensorState>
      Present
    </SensorState><Extensions>
      <TPX xmlns="http://www.garmin.com/xmlschemas/ActivityExtension/v2">
      <ns3:Speed>
      2.718671151925113
    </ns3:Speed><nax:Nax>
      <nax:Pace>
      6.130445991919569
    </nax:Pace>
    </nax:Nax>
    </TPX>
    </Extensions>
    </Trackpoint>
<Trackpoint>
      <Time>
      2025-04-30T13:36:07.812Z
    </Time><DistanceMeters>
      7.408272049971856
    </DistanceMeters><Cadence>
      168.92217636108398
    </Cadence><SensorState>
      Present
    </SensorState>
    </Trackpoint>
<Trackpoint>
      <Time>
      2025-04-30T13:36:07.978Z
    </Time><Position>
      <LatitudeDegrees>
      47.43085359600072
    </LatitudeDegrees><LongitudeDegrees>
      -122.28932143412985
    </LongitudeDegrees>
    </Position><AltitudeMeters>
      116.6722674202174
    </AltitudeMeters><SensorState>
      Present
    </SensorState>
    </Trackpoint>
<Trackpoint>
      <Time>
      2025-04-30T13:36:08.291Z
    </Time><SensorState>
      Present
    </SensorState><Extensions>
      <TPX xmlns="http://www.garmin.com/xmlschemas/ActivityExtension/v2">
      <nax:Nax>
      <nax:DescentInMeters>
      0.10833549499511719
    </nax:DescentInMeters>
    </nax:Nax>
    </TPX>
    </Extensions>
    </Trackpoint>
<Trackpoint>
      <Time>
      2025-04-30T13:36:09.350Z
    </Time><SensorState>
      Present
    </SensorState><Extensions>
      <TPX xmlns="http://www.garmin.com/xmlschemas/ActivityExtension/v2">
      <nax:Nax>
      <nax:DescentInMeters>
      0.12154579162597656
    </nax:DescentInMeters>
    </nax:Nax>
    </TPX>
    </Extensions>
    </Trackpoint>
<Trackpoint>
      <Time>
      2025-04-30T13:36:10.366Z
    </Time><SensorState>
      Present
    </SensorState><Extensions>
      <TPX xmlns="http://www.garmin.com/xmlschemas/ActivityExtension/v2">
      <ns3:Speed>
      2.7138310156773033
    </ns3:Speed><nax:Nax>
      <nax:Pace>
      6.1413796844337005
    </nax:Pace>
    </nax:Nax>
    </TPX>
    </Extensions>
    </Trackpoint>
<Trackpoint>
      <Time>
      2025-04-30T13:36:10.367Z
    </Time><DistanceMeters>
      5.604696163441986
    </DistanceMeters><Cadence>
      168.7448501586914
    </Cadence><SensorState>
      Present
    </SensorState>
    </Trackpoint>
<Trackpoint>
      <Time>
      2025-04-30T13:36:10.409Z
    </Time><SensorState>
      Present
    </SensorState><Extensions>
      <TPX xmlns="http://www.garmin.com/xmlschemas/ActivityExtension/v2">
      <nax:Nax>
      <nax:DescentInMeters>
      0.10569381713867188
    </nax:DescentInMeters>
    </nax:Nax>
    </TPX>
    </Extensions>
    </Trackpoint>
<Trackpoint>
      <Time>
      2025-04-30T13:36:11.468Z
    </Time><SensorState>
      Present
    </SensorState><Extensions>
      <TPX xmlns="http://www.garmin.com/xmlschemas/ActivityExtension/v2">
      <nax:Nax>
      <nax:DescentInMeters>
      0.15589523315429688
    </nax:DescentInMeters>
    </nax:Nax>
    </TPX>
    </Extensions>
    </Trackpoint>
<Trackpoint>
      <Time>
      2025-04-30T13:36:12.000Z
    </Time><SensorState>
      Present
    </SensorState><Extensions>
      <TPX xmlns="http://www.garmin.com/xmlschemas/ActivityExtension/v2">
      <nax:Nax>
      <nax:NikeFuel>
      7.040676977246214
    </nax:NikeFuel>
    </nax:Nax>
    </TPX>
    </Extensions>
    </Trackpoint>
<Trackpoint>
      <Time>
      2025-04-30T13:36:12.528Z
    </Time><SensorState>
      Present
    </SensorState><Extensions>
      <TPX xmlns="http://www.garmin.com/xmlschemas/ActivityExtension/v2">
      <nax:Nax>
      <nax:DescentInMeters>
      0.1400432586669922
    </nax:DescentInMeters>
    </nax:Nax>
    </TPX>
    </Extensions>
    </Trackpoint>
<Trackpoint>
      <Time>
      2025-04-30T13:36:12.921Z
    </Time><SensorState>
      Present
    </SensorState><Extensions>
      <TPX xmlns="http://www.garmin.com/xmlschemas/ActivityExtension/v2">
      <ns3:Speed>
      2.7081647298976206
    </ns3:Speed><nax:Nax>
      <nax:Pace>
      6.154229276627768
    </nax:Pace>
    </nax:Nax>
    </TPX>
    </Extensions>
    </Trackpoint>
<Trackpoint>
      <Time>
      2025-04-30T13:36:12.922Z
    </Time><DistanceMeters>
      7.539973090868443
    </DistanceMeters><Cadence>
      168.73379230499268
    </Cadence><SensorState>
      Present
    </SensorState>
    </Trackpoint>
<Trackpoint>
      <Time>
      2025-04-30T13:36:12.978Z
    </Time><Position>
      <LatitudeDegrees>
      47.4308435267968
    </LatitudeDegrees><LongitudeDegrees>
      -122.28914906535331
    </LongitudeDegrees>
    </Position><AltitudeMeters>
      116.45211801677942
    </AltitudeMeters><SensorState>
      Present
    </SensorState>
    </Trackpoint>
<Trackpoint>
      <Time>
      2025-04-30T13:36:13.587Z
    </Time><SensorState>
      Present
    </SensorState><Extensions>
      <TPX xmlns="http://www.garmin.com/xmlschemas/ActivityExtension/v2">
      <nax:Nax>
      <nax:DescentInMeters>
      0.1426849365234375
    </nax:DescentInMeters>
    </nax:Nax>
    </TPX>
    </Extensions>
    </Trackpoint>
<Trackpoint>
      <Time>
      2025-04-30T13:36:14.646Z
    </Time><SensorState>
      Present
    </SensorState><Extensions>
      <TPX xmlns="http://www.garmin.com/xmlschemas/ActivityExtension/v2">
      <nax:Nax>
      <nax:DescentInMeters>
      0.15061378479003906
    </nax:DescentInMeters>
    </nax:Nax>
    </TPX>
    </Extensions>
    </Trackpoint>
<Trackpoint>
      <Time>
      2025-04-30T13:36:15.476Z
    </Time><SensorState>
      Present
    </SensorState><Extensions>
      <TPX xmlns="http://www.garmin.com/xmlschemas/ActivityExtension/v2">
      <ns3:Speed>
      2.703216279378836
    </ns3:Speed><nax:Nax>
      <nax:Pace>
      6.165495078513085
    </nax:Pace>
    </nax:Nax>
    </TPX>
    </Extensions>
    </Trackpoint>
<Trackpoint>
      <Time>
      2025-04-30T13:36:15.477Z
    </Time><DistanceMeters>
      5.267762806499377
    </DistanceMeters><Cadence>
      168.8142442703247
    </Cadence><SensorState>
      Present
    </SensorState>
    </Trackpoint>
<Trackpoint>
      <Time>
      2025-04-30T13:36:15.705Z
    </Time><SensorState>
      Present
    </SensorState><Extensions>
      <TPX xmlns="http://www.garmin.com/xmlschemas/ActivityExtension/v2">
      <nax:Nax>
      <nax:DescentInMeters>
      0.15589523315429688
    </nax:DescentInMeters>
    </nax:Nax>
    </TPX>
    </Extensions>
    </Trackpoint>
<Trackpoint>
      <Time>
      2025-04-30T13:36:16.764Z
    </Time><SensorState>
      Present
    </SensorState><Extensions>
      <TPX xmlns="http://www.garmin.com/xmlschemas/ActivityExtension/v2">
      <nax:Nax>
      <nax:DescentInMeters>
      0.13475990295410156
    </nax:DescentInMeters>
    </nax:Nax>
    </TPX>
    </Extensions>
    </Trackpoint>
<Trackpoint>
      <Time>
      2025-04-30T13:36:17.824Z
    </Time><SensorState>
      Present
    </SensorState><Extensions>
      <TPX xmlns="http://www.garmin.com/xmlschemas/ActivityExtension/v2">
      <nax:Nax>
      <nax:DescentInMeters>
      0.12154579162597656
    </nax:DescentInMeters>
    </nax:Nax>
    </TPX>
    </Extensions>
    </Trackpoint>
<Trackpoint>
      <Time>
      2025-04-30T13:36:17.978Z
    </Time><Position>
      <LatitudeDegrees>
      47.430849263458214
    </LatitudeDegrees><LongitudeDegrees>
      -122.28898991040401
    </LongitudeDegrees>
    </Position><AltitudeMeters>
      116.16035541240126
    </AltitudeMeters><SensorState>
      Present
    </SensorState>
    </Trackpoint>
<Trackpoint>
      <Time>
      2025-04-30T13:36:18.031Z
    </Time><SensorState>
      Present
    </SensorState><Extensions>
      <TPX xmlns="http://www.garmin.com/xmlschemas/ActivityExtension/v2">
      <ns3:Speed>
      2.696621594566652
    </ns3:Speed><nax:Nax>
      <nax:Pace>
      6.180573017826406
    </nax:Pace>
    </nax:Nax>
    </TPX>
    </Extensions>
    </Trackpoint>
<Trackpoint>
      <Time>
      2025-04-30T13:36:18.032Z
    </Time><DistanceMeters>
      7.594130760291591
    </DistanceMeters><Cadence>
      168.8027286529541
    </Cadence><SensorState>
      Present
    </SensorState>
    </Trackpoint>
<Trackpoint>
      <Time>
      2025-04-30T13:36:18.883Z
    </Time><SensorState>
      Present
    </SensorState><Extensions>
      <TPX xmlns="http://www.garmin.com/xmlschemas/ActivityExtension/v2">
      <nax:Nax>
      <nax:DescentInMeters>
      0.1400432586669922
    </nax:DescentInMeters>
    </nax:Nax>
    </TPX>
    </Extensions>
    </Trackpoint>
<Trackpoint>
      <Time>
      2025-04-30T13:36:19.942Z
    </Time><SensorState>
      Present
    </SensorState><Extensions>
      <TPX xmlns="http://www.garmin.com/xmlschemas/ActivityExtension/v2">
      <nax:Nax>
      <nax:DescentInMeters>
      0.12418937683105469
    </nax:DescentInMeters>
    </nax:Nax>
    </TPX>
    </Extensions>
    </Trackpoint>
<Trackpoint>
      <Time>
      2025-04-30T13:36:20.586Z
    </Time><SensorState>
      Present
    </SensorState><Extensions>
      <TPX xmlns="http://www.garmin.com/xmlschemas/ActivityExtension/v2">
      <ns3:Speed>
      2.6914663271001107
    </ns3:Speed><nax:Nax>
      <nax:Pace>
      6.1924113628514075
    </nax:Pace>
    </nax:Nax>
    </TPX>
    </Extensions>
    </Trackpoint>
<Trackpoint>
      <Time>
      2025-04-30T13:36:20.587Z
    </Time><DistanceMeters>
      6.529153267620131
    </DistanceMeters><Cadence>
      168.73764038085938
    </Cadence><SensorState>
      Present
    </SensorState>
    </Trackpoint>
<Trackpoint>
      <Time>
      2025-04-30T13:36:21.001Z
    </Time><SensorState>
      Present
    </SensorState><Extensions>
      <TPX xmlns="http://www.garmin.com/xmlschemas/ActivityExtension/v2">
      <nax:Nax>
      <nax:DescentInMeters>
      0.1426849365234375
    </nax:DescentInMeters>
    </nax:Nax>
    </TPX>
    </Extensions>
    </Trackpoint>
<Trackpoint>
      <Time>
      2025-04-30T13:36:21.978Z
    </Time><Position>
      <LatitudeDegrees>
      47.43084148472216
    </LatitudeDegrees><LongitudeDegrees>
      -122.28884952941937
    </LongitudeDegrees>
    </Position><AltitudeMeters>
      116.10233316756785
    </AltitudeMeters><SensorState>
      Present
    </SensorState>
    </Trackpoint>
<Trackpoint>
      <Time>
      2025-04-30T13:36:22.000Z
    </Time><SensorState>
      Present
    </SensorState><Extensions>
      <TPX xmlns="http://www.garmin.com/xmlschemas/ActivityExtension/v2">
      <nax:Nax>
      <nax:NikeFuel>
      6.988458051693021
    </nax:NikeFuel>
    </nax:Nax>
    </TPX>
    </Extensions>
    </Trackpoint>
<Trackpoint>
      <Time>
      2025-04-30T13:36:22.060Z
    </Time><SensorState>
      Present
    </SensorState><Extensions>
      <TPX xmlns="http://www.garmin.com/xmlschemas/ActivityExtension/v2">
      <nax:Nax>
      <nax:DescentInMeters>
      0.1109771728515625
    </nax:DescentInMeters>
    </nax:Nax>
    </TPX>
    </Extensions>
    </Trackpoint>
<Trackpoint>
      <Time>
      2025-04-30T13:36:23.119Z
    </Time><SensorState>
      Present
    </SensorState><Extensions>
      <TPX xmlns="http://www.garmin.com/xmlschemas/ActivityExtension/v2">
      <nax:Nax>
      <nax:DescentInMeters>
      0.10569190979003906
    </nax:DescentInMeters>
    </nax:Nax>
    </TPX>
    </Extensions>
    </Trackpoint>
<Trackpoint>
      <Time>
      2025-04-30T13:36:23.141Z
    </Time><SensorState>
      Present
    </SensorState><Extensions>
      <TPX xmlns="http://www.garmin.com/xmlschemas/ActivityExtension/v2">
      <ns3:Speed>
      2.6867155469810795
    </ns3:Speed><nax:Nax>
      <nax:Pace>
      6.203361083533431
    </nax:Pace>
    </nax:Nax>
    </TPX>
    </Extensions>
    </Trackpoint>
<Trackpoint>
      <Time>
      2025-04-30T13:36:23.142Z
    </Time><DistanceMeters>
      6.583947532111779
    </DistanceMeters><Cadence>
      168.54008674621582
    </Cadence><SensorState>
      Present
    </SensorState>
    </Trackpoint>
<Trackpoint>
      <Time>
      2025-04-30T13:36:24.178Z
    </Time><SensorState>
      Present
    </SensorState><Extensions>
      <TPX xmlns="http://www.garmin.com/xmlschemas/ActivityExtension/v2">
      <nax:Nax>
      <nax:DescentInMeters>
      0.10305213928222656
    </nax:DescentInMeters>
    </nax:Nax>
    </TPX>
    </Extensions>
    </Trackpoint>
<Trackpoint>
      <Time>
      2025-04-30T13:36:25.237Z
    </Time><SensorState>
      Present
    </SensorState><Extensions>
      <TPX xmlns="http://www.garmin.com/xmlschemas/ActivityExtension/v2">
      <nax:Nax>
      <nax:DescentInMeters>
      0.08455276489257812
    </nax:DescentInMeters>
    </nax:Nax>
    </TPX>
    </Extensions>
    </Trackpoint>
<Trackpoint>
      <Time>
      2025-04-30T13:36:25.696Z
    </Time><SensorState>
      Present
    </SensorState><Extensions>
      <TPX xmlns="http://www.garmin.com/xmlschemas/ActivityExtension/v2">
      <ns3:Speed>
      2.6824792168914238
    </ns3:Speed><nax:Nax>
      <nax:Pace>
      6.213157798844287
    </nax:Pace>
    </nax:Nax>
    </TPX>
    </Extensions>
    </Trackpoint>
<Trackpoint>
      <Time>
      2025-04-30T13:36:25.697Z
    </Time><DistanceMeters>
      5.400658753351308
    </DistanceMeters><Cadence>
      167.76519298553467
    </Cadence><SensorState>
      Present
    </SensorState>
    </Trackpoint>
<Trackpoint>
      <Time>
      2025-04-30T13:36:25.978Z
    </Time><Position>
      <LatitudeDegrees>
      47.43084110200571
    </LatitudeDegrees><LongitudeDegrees>
      -122.28871673889594
    </LongitudeDegrees>
    </Position><AltitudeMeters>
      115.97642576508224
    </AltitudeMeters><SensorState>
      Present
    </SensorState>
    </Trackpoint>
<Trackpoint>
      <Time>
      2025-04-30T13:36:26.297Z
    </Time><SensorState>
      Present
    </SensorState><Extensions>
      <TPX xmlns="http://www.garmin.com/xmlschemas/ActivityExtension/v2">
      <nax:Nax>
      <nax:DescentInMeters>
      0.0475616455078125
    </nax:DescentInMeters>
    </nax:Nax>
    </TPX>
    </Extensions>
    </Trackpoint>
<Trackpoint>
      <Time>
      2025-04-30T13:36:27.356Z
    </Time><SensorState>
      Present
    </SensorState><Extensions>
      <TPX xmlns="http://www.garmin.com/xmlschemas/ActivityExtension/v2">
      <nax:Nax>
      <nax:DescentInMeters>
      0.042278289794921875
    </nax:DescentInMeters>
    </nax:Nax>
    </TPX>
    </Extensions>
    </Trackpoint>
<Trackpoint>
      <Time>
      2025-04-30T13:36:28.252Z
    </Time><SensorState>
      Present
    </SensorState><Extensions>
      <TPX xmlns="http://www.garmin.com/xmlschemas/ActivityExtension/v2">
      <ns3:Speed>
      2.675664820229655
    </ns3:Speed><nax:Nax>
      <nax:Pace>
      6.228981500469161
    </nax:Pace>
    </nax:Nax>
    </TPX>
    </Extensions>
    </Trackpoint>
<Trackpoint>
      <Time>
      2025-04-30T13:36:28.253Z
    </Time><DistanceMeters>
      6.167780888965353
    </DistanceMeters><Cadence>
      167.2398805618286
    </Cadence><SensorState>
      Present
    </SensorState>
    </Trackpoint>
<Trackpoint>
      <Time>
      2025-04-30T13:36:28.415Z
    </Time><SensorState>
      Present
    </SensorState><Extensions>
      <TPX xmlns="http://www.garmin.com/xmlschemas/ActivityExtension/v2">
      <nax:Nax>
      <nax:DescentInMeters>
      0.013210296630859375
    </nax:DescentInMeters>
    </nax:Nax>
    </TPX>
    </Extensions>
    </Trackpoint>
<Trackpoint>
      <Time>
      2025-04-30T13:36:30.807Z
    </Time><SensorState>
      Present
    </SensorState><Extensions>
      <TPX xmlns="http://www.garmin.com/xmlschemas/ActivityExtension/v2">
      <ns3:Speed>
      2.6687582567412798
    </ns3:Speed><nax:Nax>
      <nax:Pace>
      6.245101677743456
    </nax:Pace>
    </nax:Nax>
    </TPX>
    </Extensions>
    </Trackpoint>
<Trackpoint>
      <Time>
      2025-04-30T13:36:30.808Z
    </Time><DistanceMeters>
      5.958274176809937
    </DistanceMeters><Cadence>
      166.78153038024902
    </Cadence><SensorState>
      Present
    </SensorState>
    </Trackpoint>
<Trackpoint>
      <Time>
      2025-04-30T13:36:30.977Z
    </Time><Position>
      <LatitudeDegrees>
      47.43084270814707
    </LatitudeDegrees><LongitudeDegrees>
      -122.28856823968648
    </LongitudeDegrees>
    </Position><AltitudeMeters>
      115.97097285278141
    </AltitudeMeters><SensorState>
      Present
    </SensorState>
    </Trackpoint>
<Trackpoint>
      <Time>
      2025-04-30T13:36:32.000Z
    </Time><SensorState>
      Present
    </SensorState><Extensions>
      <TPX xmlns="http://www.garmin.com/xmlschemas/ActivityExtension/v2">
      <nax:Nax>
      <nax:NikeFuel>
      6.924028419389801
    </nax:NikeFuel>
    </nax:Nax>
    </TPX>
    </Extensions>
    </Trackpoint>
<Trackpoint>
      <Time>
      2025-04-30T13:36:33.362Z
    </Time><SensorState>
      Present
    </SensorState><Extensions>
      <TPX xmlns="http://www.garmin.com/xmlschemas/ActivityExtension/v2">
      <ns3:Speed>
      2.661362504758557
    </ns3:Speed><nax:Nax>
      <nax:Pace>
      6.262456406020002
    </nax:Pace>
    </nax:Nax>
    </TPX>
    </Extensions>
    </Trackpoint>
<Trackpoint>
      <Time>
      2025-04-30T13:36:33.363Z
    </Time><DistanceMeters>
      5.592948033590801
    </DistanceMeters><Cadence>
      166.72456741333008
    </Cadence><SensorState>
      Present
    </SensorState>
    </Trackpoint>
<Trackpoint>
      <Time>
      2025-04-30T13:36:34.769Z
    </Time><SensorState>
      Present
    </SensorState><Extensions>
      <TPX xmlns="http://www.garmin.com/xmlschemas/ActivityExtension/v2">
      <nax:Nax>
      <nax:AscentInMeters>
      0.010568618774414062
    </nax:AscentInMeters>
    </nax:Nax>
    </TPX>
    </Extensions>
    </Trackpoint>
<Trackpoint>
      <Time>
      2025-04-30T13:36:35.828Z
    </Time><SensorState>
      Present
    </SensorState><Extensions>
      <TPX xmlns="http://www.garmin.com/xmlschemas/ActivityExtension/v2">
      <nax:Nax>
      <nax:AscentInMeters>
      0.0475616455078125
    </nax:AscentInMeters>
    </nax:Nax>
    </TPX>
    </Extensions>
    </Trackpoint>
<Trackpoint>
      <Time>
      2025-04-30T13:36:35.917Z
    </Time><SensorState>
      Present
    </SensorState><Extensions>
      <TPX xmlns="http://www.garmin.com/xmlschemas/ActivityExtension/v2">
      <ns3:Speed>
      2.6542210679897082
    </ns3:Speed><nax:Nax>
      <nax:Pace>
      6.279306146601384
    </nax:Pace>
    </nax:Nax>
    </TPX>
    </Extensions>
    </Trackpoint>
<Trackpoint>
      <Time>
      2025-04-30T13:36:35.918Z
    </Time><DistanceMeters>
      6.792153384536505
    </DistanceMeters><Cadence>
      166.0676622390747
    </Cadence><SensorState>
      Present
    </SensorState>
    </Trackpoint>
<Trackpoint>
      <Time>
      2025-04-30T13:36:35.977Z
    </Time><Position>
      <LatitudeDegrees>
      47.43083867874026
    </LatitudeDegrees><LongitudeDegrees>
      -122.28841755880109
    </LongitudeDegrees>
    </Position><AltitudeMeters>
      116.13876629061997
    </AltitudeMeters><SensorState>
      Present
    </SensorState>
    </Trackpoint>
<Trackpoint>
      <Time>
      2025-04-30T13:36:36.887Z
    </Time><SensorState>
      Present
    </SensorState><Extensions>
      <TPX xmlns="http://www.garmin.com/xmlschemas/ActivityExtension/v2">
      <nax:Nax>
      <nax:AscentInMeters>
      0.050205230712890625
    </nax:AscentInMeters>
    </nax:Nax>
    </TPX>
    </Extensions>
    </Trackpoint>
<Trackpoint>
      <Time>
      2025-04-30T13:36:37.946Z
    </Time><SensorState>
      Present
    </SensorState><Extensions>
      <TPX xmlns="http://www.garmin.com/xmlschemas/ActivityExtension/v2">
      <nax:Nax>
      <nax:AscentInMeters>
      0.12154579162597656
    </nax:AscentInMeters>
    </nax:Nax>
    </TPX>
    </Extensions>
    </Trackpoint>
<Trackpoint>
      <Time>
      2025-04-30T13:36:38.473Z
    </Time><SensorState>
      Present
    </SensorState><Extensions>
      <TPX xmlns="http://www.garmin.com/xmlschemas/ActivityExtension/v2">
      <ns3:Speed>
      2.6486759031189844
    </ns3:Speed><nax:Nax>
      <nax:Pace>
      6.292452257764192
    </nax:Pace>
    </nax:Nax>
    </TPX>
    </Extensions>
    </Trackpoint>
<Trackpoint>
      <Time>
      2025-04-30T13:36:38.474Z
    </Time><DistanceMeters>
      6.3644407513784245
    </DistanceMeters><Cadence>
      166.13915920257568
    </Cadence><SensorState>
      Present
    </SensorState>
    </Trackpoint>
<Trackpoint>
      <Time>
      2025-04-30T13:36:39.005Z
    </Time><SensorState>
      Present
    </SensorState><Extensions>
      <TPX xmlns="http://www.garmin.com/xmlschemas/ActivityExtension/v2">
      <nax:Nax>
      <nax:AscentInMeters>
      0.06870079040527344
    </nax:AscentInMeters>
    </nax:Nax>
    </TPX>
    </Extensions>
    </Trackpoint>
<Trackpoint>
      <Time>
      2025-04-30T13:36:39.977Z
    </Time><Position>
      <LatitudeDegrees>
      47.43082840511226
    </LatitudeDegrees><LongitudeDegrees>
      -122.28827399472728
    </LongitudeDegrees>
    </Position><AltitudeMeters>
      116.8092903168872
    </AltitudeMeters><SensorState>
      Present
    </SensorState>
    </Trackpoint>
<Trackpoint>
      <Time>
      2025-04-30T13:36:40.064Z
    </Time><SensorState>
      Present
    </SensorState><Extensions>
      <TPX xmlns="http://www.garmin.com/xmlschemas/ActivityExtension/v2">
      <nax:Nax>
      <nax:AscentInMeters>
      0.09776496887207031
    </nax:AscentInMeters>
    </nax:Nax>
    </TPX>
    </Extensions>
    </Trackpoint>
<Trackpoint>
      <Time>
      2025-04-30T13:36:41.028Z
    </Time><SensorState>
      Present
    </SensorState><Extensions>
      <TPX xmlns="http://www.garmin.com/xmlschemas/ActivityExtension/v2">
      <ns3:Speed>
      2.643432130199007
    </ns3:Speed><nax:Nax>
      <nax:Pace>
      6.304934587222386
    </nax:Pace>
    </nax:Nax>
    </TPX>
    </Extensions>
    </Trackpoint>
<Trackpoint>
      <Time>
      2025-04-30T13:36:41.029Z
    </Time><DistanceMeters>
      6.648200195748359
    </DistanceMeters><Cadence>
      166.13915920257568
    </Cadence><SensorState>
      Present
    </SensorState>
    </Trackpoint>
<Trackpoint>
      <Time>
      2025-04-30T13:36:41.123Z
    </Time><SensorState>
      Present
    </SensorState><Extensions>
      <TPX xmlns="http://www.garmin.com/xmlschemas/ActivityExtension/v2">
      <nax:Nax>
      <nax:AscentInMeters>
      0.0792694091796875
    </nax:AscentInMeters>
    </nax:Nax>
    </TPX>
    </Extensions>
    </Trackpoint>
<Trackpoint>
      <Time>
      2025-04-30T13:36:42.000Z
    </Time><SensorState>
      Present
    </SensorState><Extensions>
      <TPX xmlns="http://www.garmin.com/xmlschemas/ActivityExtension/v2">
      <nax:Nax>
      <nax:NikeFuel>
      5.784775246977755
    </nax:NikeFuel>
    </nax:Nax>
    </TPX>
    </Extensions>
    </Trackpoint>
<Trackpoint>
      <Time>
      2025-04-30T13:36:42.182Z
    </Time><SensorState>
      Present
    </SensorState><Extensions>
      <TPX xmlns="http://www.garmin.com/xmlschemas/ActivityExtension/v2">
      <nax:Nax>
      <nax:AscentInMeters>
      0.04491996765136719
    </nax:AscentInMeters>
    </nax:Nax>
    </TPX>
    </Extensions>
    </Trackpoint>
<Trackpoint>
      <Time>
      2025-04-30T13:36:43.241Z
    </Time><SensorState>
      Present
    </SensorState><Extensions>
      <TPX xmlns="http://www.garmin.com/xmlschemas/ActivityExtension/v2">
      <nax:Nax>
      <nax:AscentInMeters>
      0.00792694091796875
    </nax:AscentInMeters>
    </nax:Nax>
    </TPX>
    </Extensions>
    </Trackpoint>
<Trackpoint>
      <Time>
      2025-04-30T13:36:43.583Z
    </Time><SensorState>
      Present
    </SensorState><Extensions>
      <TPX xmlns="http://www.garmin.com/xmlschemas/ActivityExtension/v2">
      <ns3:Speed>
      2.638417686086274
    </ns3:Speed><nax:Nax>
      <nax:Pace>
      6.316917429169203
    </nax:Pace>
    </nax:Nax>
    </TPX>
    </Extensions>
    </Trackpoint>
<Trackpoint>
      <Time>
      2025-04-30T13:36:43.584Z
    </Time><DistanceMeters>
      6.407117731869221
    </DistanceMeters><Cadence>
      166.13915920257568
    </Cadence><SensorState>
      Present
    </SensorState>
    </Trackpoint>
<Trackpoint>
      <Time>
      2025-04-30T13:36:44.300Z
    </Time><SensorState>
      Present
    </SensorState><Extensions>
      <TPX xmlns="http://www.garmin.com/xmlschemas/ActivityExtension/v2">
      <nax:Nax>
      <nax:AscentInMeters>
      0.021139144897460938
    </nax:AscentInMeters>
    </nax:Nax>
    </TPX>
    </Extensions>
    </Trackpoint>
<Trackpoint>
      <Time>
      2025-04-30T13:36:44.977Z
    </Time><Position>
      <LatitudeDegrees>
      47.430823011156924
    </LatitudeDegrees><LongitudeDegrees>
      -122.28810699654042
    </LongitudeDegrees>
    </Position><AltitudeMeters>
      115.82325423136353
    </AltitudeMeters><SensorState>
      Present
    </SensorState>
    </Trackpoint>
<Trackpoint>
      <Time>
      2025-04-30T13:36:45.359Z
    </Time><SensorState>
      Present
    </SensorState><Extensions>
      <TPX xmlns="http://www.garmin.com/xmlschemas/ActivityExtension/v2">
      <nax:Nax>
      <nax:AscentInMeters>
      0.018495559692382812
    </nax:AscentInMeters>
    </nax:Nax>
    </TPX>
    </Extensions>
    </Trackpoint>
<Trackpoint>
      <Time>
      2025-04-30T13:36:46.138Z
    </Time><SensorState>
      Present
    </SensorState><Extensions>
      <TPX xmlns="http://www.garmin.com/xmlschemas/ActivityExtension/v2">
      <ns3:Speed>
      2.633820684779157
    </ns3:Speed><nax:Nax>
      <nax:Pace>
      6.3279428106033535
    </nax:Pace>
    </nax:Nax>
    </TPX>
    </Extensions>
    </Trackpoint>
<Trackpoint>
      <Time>
      2025-04-30T13:36:46.139Z
    </Time><DistanceMeters>
      5.695057338452898
    </DistanceMeters><Cadence>
      121.20400428771973
    </Cadence><SensorState>
      Present
    </SensorState>
    </Trackpoint>
<Trackpoint>
      <Time>
      2025-04-30T13:36:46.418Z
    </Time><SensorState>
      Present
    </SensorState><Extensions>
      <TPX xmlns="http://www.garmin.com/xmlschemas/ActivityExtension/v2">
      <nax:Nax>
      <nax:AscentInMeters>
      0.013212203979492188
    </nax:AscentInMeters>
    </nax:Nax>
    </TPX>
    </Extensions>
    </Trackpoint>
<Trackpoint>
      <Time>
      2025-04-30T13:36:47.477Z
    </Time><SensorState>
      Present
    </SensorState><Extensions>
      <TPX xmlns="http://www.garmin.com/xmlschemas/ActivityExtension/v2">
      <nax:Nax>
      <nax:AscentInMeters>
      0.0475616455078125
    </nax:AscentInMeters>
    </nax:Nax>
    </TPX>
    </Extensions>
    </Trackpoint>
<Trackpoint>
      <Time>
      2025-04-30T13:36:48.536Z
    </Time><SensorState>
      Present
    </SensorState><Extensions>
      <TPX xmlns="http://www.garmin.com/xmlschemas/ActivityExtension/v2">
      <nax:Nax>
      <nax:AscentInMeters>
      0.07398414611816406
    </nax:AscentInMeters>
    </nax:Nax>
    </TPX>
    </Extensions>
    </Trackpoint>
<Trackpoint>
      <Time>
      2025-04-30T13:36:48.693Z
    </Time><SensorState>
      Present
    </SensorState><Extensions>
      <TPX xmlns="http://www.garmin.com/xmlschemas/ActivityExtension/v2">
      <ns3:Speed>
      1.786651893529616
    </ns3:Speed><nax:Nax>
      <nax:Pace>
      9.328435341559945
    </nax:Pace>
    </nax:Nax>
    </TPX>
    </Extensions>
    </Trackpoint>
<Trackpoint>
      <Time>
      2025-04-30T13:36:48.694Z
    </Time><DistanceMeters>
      5.546553977299482
    </DistanceMeters><Cadence>
      121.20400428771973
    </Cadence><SensorState>
      Present
    </SensorState>
    </Trackpoint>
<Trackpoint>
      <Time>
      2025-04-30T13:36:49.595Z
    </Time><SensorState>
      Present
    </SensorState><Extensions>
      <TPX xmlns="http://www.garmin.com/xmlschemas/ActivityExtension/v2">
      <nax:Nax>
      <nax:AscentInMeters>
      0.06605911254882812
    </nax:AscentInMeters>
    </nax:Nax>
    </TPX>
    </Extensions>
    </Trackpoint>
<Trackpoint>
      <Time>
      2025-04-30T13:36:49.977Z
    </Time><Position>
      <LatitudeDegrees>
      47.430830236662985
    </LatitudeDegrees><LongitudeDegrees>
      -122.2879564339853
    </LongitudeDegrees>
    </Position><AltitudeMeters>
      115.5877518793568
    </AltitudeMeters><SensorState>
      Present
    </SensorState>
    </Trackpoint>
<Trackpoint>
      <Time>
      2025-04-30T13:36:50.654Z
    </Time><SensorState>
      Present
    </SensorState><Extensions>
      <TPX xmlns="http://www.garmin.com/xmlschemas/ActivityExtension/v2">
      <nax:Nax>
      <nax:AscentInMeters>
      0.0792694091796875
    </nax:AscentInMeters>
    </nax:Nax>
    </TPX>
    </Extensions>
    </Trackpoint>
<Trackpoint>
      <Time>
      2025-04-30T13:36:51.248Z
    </Time><SensorState>
      Present
    </SensorState><Extensions>
      <TPX xmlns="http://www.garmin.com/xmlschemas/ActivityExtension/v2">
      <ns3:Speed>
      1.786651893529616
    </ns3:Speed><nax:Nax>
      <nax:Pace>
      9.328435341559945
    </nax:Pace>
    </nax:Nax>
    </TPX>
    </Extensions>
    </Trackpoint>
<Trackpoint>
      <Time>
      2025-04-30T13:36:51.249Z
    </Time><DistanceMeters>
      6.272121356916614
    </DistanceMeters><Cadence>
      121.20400428771973
    </Cadence><SensorState>
      Present
    </SensorState>
    </Trackpoint>
<Trackpoint>
      <Time>
      2025-04-30T13:36:51.712Z
    </Time><SensorState>
      Present
    </SensorState><Extensions>
      <TPX xmlns="http://www.garmin.com/xmlschemas/ActivityExtension/v2">
      <nax:Nax>
      <nax:AscentInMeters>
      0.08455467224121094
    </nax:AscentInMeters>
    </nax:Nax>
    </TPX>
    </Extensions>
    </Trackpoint>
<Trackpoint>
      <Time>
      2025-04-30T13:36:52.000Z
    </Time><SensorState>
      Present
    </SensorState><Extensions>
      <TPX xmlns="http://www.garmin.com/xmlschemas/ActivityExtension/v2">
      <nax:Nax>
      <nax:NikeFuel>
      4.205066479447418
    </nax:NikeFuel>
    </nax:Nax>
    </TPX>
    </Extensions>
    </Trackpoint>
<Trackpoint>
      <Time>
      2025-04-30T13:36:52.771Z
    </Time><SensorState>
      Present
    </SensorState><Extensions>
      <TPX xmlns="http://www.garmin.com/xmlschemas/ActivityExtension/v2">
      <nax:Nax>
      <nax:AscentInMeters>
      0.08191108703613281
    </nax:AscentInMeters>
    </nax:Nax>
    </TPX>
    </Extensions>
    </Trackpoint>
<Trackpoint>
      <Time>
      2025-04-30T13:36:53.803Z
    </Time><SensorState>
      Present
    </SensorState><Extensions>
      <TPX xmlns="http://www.garmin.com/xmlschemas/ActivityExtension/v2">
      <ns3:Speed>
      1.786651893529616
    </ns3:Speed><nax:Nax>
      <nax:Pace>
      9.328435341559945
    </nax:Pace>
    </nax:Nax>
    </TPX>
    </Extensions>
    </Trackpoint>
<Trackpoint>
      <Time>
      2025-04-30T13:36:53.804Z
    </Time><DistanceMeters>
      5.827713830512948
    </DistanceMeters><Cadence>
      121.20400428771973
    </Cadence><SensorState>
      Present
    </SensorState>
    </Trackpoint>
<Trackpoint>
      <Time>
      2025-04-30T13:36:53.830Z
    </Time><SensorState>
      Present
    </SensorState><Extensions>
      <TPX xmlns="http://www.garmin.com/xmlschemas/ActivityExtension/v2">
      <nax:Nax>
      <nax:AscentInMeters>
      0.06077384948730469
    </nax:AscentInMeters>
    </nax:Nax>
    </TPX>
    </Extensions>
    </Trackpoint>
<Trackpoint>
      <Time>
      2025-04-30T13:36:54.889Z
    </Time><SensorState>
      Present
    </SensorState><Extensions>
      <TPX xmlns="http://www.garmin.com/xmlschemas/ActivityExtension/v2">
      <nax:Nax>
      <nax:AscentInMeters>
      0.06605720520019531
    </nax:AscentInMeters>
    </nax:Nax>
    </TPX>
    </Extensions>
    </Trackpoint>
<Trackpoint>
      <Time>
      2025-04-30T13:36:54.977Z
    </Time><Position>
      <LatitudeDegrees>
      47.430827576866385
    </LatitudeDegrees><LongitudeDegrees>
      -122.28780818090314
    </LongitudeDegrees>
    </Position><AltitudeMeters>
      115.13521968014538
    </AltitudeMeters><SensorState>
      Present
    </SensorState>
    </Trackpoint>
<Trackpoint>
      <Time>
      2025-04-30T13:36:55.949Z
    </Time><SensorState>
      Present
    </SensorState><Extensions>
      <TPX xmlns="http://www.garmin.com/xmlschemas/ActivityExtension/v2">
      <nax:Nax>
      <nax:AscentInMeters>
      0.06077384948730469
    </nax:AscentInMeters>
    </nax:Nax>
    </TPX>
    </Extensions>
    </Trackpoint>
<Trackpoint>
      <Time>
      2025-04-30T13:36:56.358Z
    </Time><SensorState>
      Present
    </SensorState><Extensions>
      <TPX xmlns="http://www.garmin.com/xmlschemas/ActivityExtension/v2">
      <ns3:Speed>
      1.786651893529616
    </ns3:Speed><nax:Nax>
      <nax:Pace>
      9.328435341559945
    </nax:Pace>
    </nax:Nax>
    </TPX>
    </Extensions>
    </Trackpoint>
<Trackpoint>
      <Time>
      2025-04-30T13:36:56.359Z
    </Time><DistanceMeters>
      5.872031310922466
    </DistanceMeters><Cadence>
      121.20400428771973
    </Cadence><SensorState>
      Present
    </SensorState>
    </Trackpoint>
<Trackpoint>
      <Time>
      2025-04-30T13:36:57.007Z
    </Time><SensorState>
      Present
    </SensorState><Extensions>
      <TPX xmlns="http://www.garmin.com/xmlschemas/ActivityExtension/v2">
      <nax:Nax>
      <nax:AscentInMeters>
      0.05020332336425781
    </nax:AscentInMeters>
    </nax:Nax>
    </TPX>
    </Extensions>
    </Trackpoint>
<Trackpoint>
      <Time>
      2025-04-30T13:36:58.066Z
    </Time><SensorState>
      Present
    </SensorState><Extensions>
      <TPX xmlns="http://www.garmin.com/xmlschemas/ActivityExtension/v2">
      <nax:Nax>
      <nax:AscentInMeters>
      0.05548858642578125
    </nax:AscentInMeters>
    </nax:Nax>
    </TPX>
    </Extensions>
    </Trackpoint>
<Trackpoint>
      <Time>
      2025-04-30T13:36:58.913Z
    </Time><SensorState>
      Present
    </SensorState><Extensions>
      <TPX xmlns="http://www.garmin.com/xmlschemas/ActivityExtension/v2">
      <ns3:Speed>
      1.786651893529616
    </ns3:Speed><nax:Nax>
      <nax:Pace>
      9.328435341559945
    </nax:Pace>
    </nax:Nax>
    </TPX>
    </Extensions>
    </Trackpoint>
<Trackpoint>
      <Time>
      2025-04-30T13:36:58.914Z
    </Time><DistanceMeters>
      6.022354220971465
    </DistanceMeters><Cadence>
      143.13591957092285
    </Cadence><SensorState>
      Present
    </SensorState>
    </Trackpoint>
<Trackpoint>
      <Time>
      2025-04-30T13:36:59.125Z
    </Time><SensorState>
      Present
    </SensorState><Extensions>
      <TPX xmlns="http://www.garmin.com/xmlschemas/ActivityExtension/v2">
      <nax:Nax>
      <nax:AscentInMeters>
      0.07134437561035156
    </nax:AscentInMeters>
    </nax:Nax>
    </TPX>
    </Extensions>
    </Trackpoint>
<Trackpoint>
      <Time>
      2025-04-30T13:36:59.977Z
    </Time><Position>
      <LatitudeDegrees>
      47.43081764166191
    </LatitudeDegrees><LongitudeDegrees>
      -122.28765052237802
    </LongitudeDegrees>
    </Position><AltitudeMeters>
      115.35041299648583
    </AltitudeMeters><SensorState>
      Present
    </SensorState>
    </Trackpoint>
<Trackpoint>
      <Time>
      2025-04-30T13:37:00.184Z
    </Time><SensorState>
      Present
    </SensorState><Extensions>
      <TPX xmlns="http://www.garmin.com/xmlschemas/ActivityExtension/v2">
      <nax:Nax>
      <nax:AscentInMeters>
      0.036991119384765625
    </nax:AscentInMeters>
    </nax:Nax>
    </TPX>
    </Extensions>
    </Trackpoint>
<Trackpoint>
      <Time>
      2025-04-30T13:37:01.243Z
    </Time><SensorState>
      Present
    </SensorState><Extensions>
      <TPX xmlns="http://www.garmin.com/xmlschemas/ActivityExtension/v2">
      <nax:Nax>
      <nax:AscentInMeters>
      0.018497467041015625
    </nax:AscentInMeters>
    </nax:Nax>
    </TPX>
    </Extensions>
    </Trackpoint>
<Trackpoint>
      <Time>
      2025-04-30T13:37:01.468Z
    </Time><DistanceMeters>
      6.394483217620291
    </DistanceMeters><SensorState>
      Present
    </SensorState><Extensions>
      <TPX xmlns="http://www.garmin.com/xmlschemas/ActivityExtension/v2">
      <ns3:Speed>
      2.278319555264484
    </ns3:Speed><nax:Nax>
      <nax:Pace>
      7.315333192903169
    </nax:Pace>
    </nax:Nax>
    </TPX>
    </Extensions>
    </Trackpoint>
<Trackpoint>
      <Time>
      2025-04-30T13:37:01.469Z
    </Time><Cadence>
      156.3039779663086
    </Cadence><SensorState>
      Present
    </SensorState>
    </Trackpoint>
<Trackpoint>
      <Time>
      2025-04-30T13:37:02.000Z
    </Time><SensorState>
      Present
    </SensorState><Extensions>
      <TPX xmlns="http://www.garmin.com/xmlschemas/ActivityExtension/v2">
      <nax:Nax>
      <nax:NikeFuel>
      6.1528492980245035
    </nax:NikeFuel>
    </nax:Nax>
    </TPX>
    </Extensions>
    </Trackpoint>
<Trackpoint>
      <Time>
      2025-04-30T13:37:02.302Z
    </Time><SensorState>
      Present
    </SensorState><Extensions>
      <TPX xmlns="http://www.garmin.com/xmlschemas/ActivityExtension/v2">
      <nax:Nax>
      <nax:AscentInMeters>
      0.010568618774414062
    </nax:AscentInMeters>
    </nax:Nax>
    </TPX>
    </Extensions>
    </Trackpoint>
<Trackpoint>
      <Time>
      2025-04-30T13:37:03.361Z
    </Time><SensorState>
      Present
    </SensorState><Extensions>
      <TPX xmlns="http://www.garmin.com/xmlschemas/ActivityExtension/v2">
      <nax:Nax>
      <nax:AscentInMeters>
      0.0026416778564453125
    </nax:AscentInMeters>
    </nax:Nax>
    </TPX>
    </Extensions>
    </Trackpoint>
<Trackpoint>
      <Time>
      2025-04-30T13:37:03.977Z
    </Time><Position>
      <LatitudeDegrees>
      47.43082187889282
    </LatitudeDegrees><LongitudeDegrees>
      -122.28751168312841
    </LongitudeDegrees>
    </Position><AltitudeMeters>
      115.15637391153723
    </AltitudeMeters><SensorState>
      Present
    </SensorState>
    </Trackpoint>
<Trackpoint>
      <Time>
      2025-04-30T13:37:04.023Z
    </Time><SensorState>
      Present
    </SensorState><Extensions>
      <TPX xmlns="http://www.garmin.com/xmlschemas/ActivityExtension/v2">
      <ns3:Speed>
      2.34561628140581
    </ns3:Speed><nax:Nax>
      <nax:Pace>
      7.105453180380276
    </nax:Pace>
    </nax:Nax>
    </TPX>
    </Extensions>
    </Trackpoint>
<Trackpoint>
      <Time>
      2025-04-30T13:37:04.024Z
    </Time><DistanceMeters>
      7.7400217581307516
    </DistanceMeters><Cadence>
      156.3039779663086
    </Cadence><SensorState>
      Present
    </SensorState>
    </Trackpoint>
<Trackpoint>
      <Time>
      2025-04-30T13:37:04.420Z
    </Time><SensorState>
      Present
    </SensorState><Extensions>
      <TPX xmlns="http://www.garmin.com/xmlschemas/ActivityExtension/v2">
      <nax:Nax>
      <nax:AscentInMeters>
      0.018497467041015625
    </nax:AscentInMeters>
    </nax:Nax>
    </TPX>
    </Extensions>
    </Trackpoint>
<Trackpoint>
      <Time>
      2025-04-30T13:37:05.479Z
    </Time><SensorState>
      Present
    </SensorState><Extensions>
      <TPX xmlns="http://www.garmin.com/xmlschemas/ActivityExtension/v2">
      <nax:Nax>
      <nax:AscentInMeters>
      0.018495559692382812
    </nax:AscentInMeters>
    </nax:Nax>
    </TPX>
    </Extensions>
    </Trackpoint>
<Trackpoint>
      <Time>
      2025-04-30T13:37:06.578Z
    </Time><SensorState>
      Present
    </SensorState><Extensions>
      <TPX xmlns="http://www.garmin.com/xmlschemas/ActivityExtension/v2">
      <ns3:Speed>
      2.34561628140581
    </ns3:Speed><nax:Nax>
      <nax:Pace>
      7.105453180380276
    </nax:Pace>
    </nax:Nax>
    </TPX>
    </Extensions>
    </Trackpoint>
<Trackpoint>
      <Time>
      2025-04-30T13:37:06.579Z
    </Time><DistanceMeters>
      7.570418908027932
    </DistanceMeters><Cadence>
      151.89146518707275
    </Cadence><SensorState>
      Present
    </SensorState>
    </Trackpoint>
<Trackpoint>
      <Time>
      2025-04-30T13:37:06.978Z
    </Time><Position>
      <LatitudeDegrees>
      47.43081978379967
    </LatitudeDegrees><LongitudeDegrees>
      -122.28737802396537
    </LongitudeDegrees>
    </Position><AltitudeMeters>
      114.80331372655928
    </AltitudeMeters><SensorState>
      Present
    </SensorState>
    </Trackpoint>
<Trackpoint>
      <Time>
      2025-04-30T13:37:07.597Z
    </Time><SensorState>
      Present
    </SensorState><Extensions>
      <TPX xmlns="http://www.garmin.com/xmlschemas/ActivityExtension/v2">
      <nax:Nax>
      <nax:AscentInMeters>
      0.04491996765136719
    </nax:AscentInMeters>
    </nax:Nax>
    </TPX>
    </Extensions>
    </Trackpoint>
<Trackpoint>
      <Time>
      2025-04-30T13:37:08.656Z
    </Time><SensorState>
      Present
    </SensorState><Extensions>
      <TPX xmlns="http://www.garmin.com/xmlschemas/ActivityExtension/v2">
      <nax:Nax>
      <nax:AscentInMeters>
      0.005283355712890625
    </nax:AscentInMeters>
    </nax:Nax>
    </TPX>
    </Extensions>
    </Trackpoint>
<Trackpoint>
      <Time>
      2025-04-30T13:37:09.133Z
    </Time><DistanceMeters>
      8.740580214420334
    </DistanceMeters><SensorState>
      Present
    </SensorState><Extensions>
      <TPX xmlns="http://www.garmin.com/xmlschemas/ActivityExtension/v2">
      <ns3:Speed>
      2.3204339263690024
    </ns3:Speed><nax:Nax>
      <nax:Pace>
      7.182564638996872
    </nax:Pace>
    </nax:Nax>
    </TPX>
    </Extensions>
    </Trackpoint>
<Trackpoint>
      <Time>
      2025-04-30T13:37:09.134Z
    </Time><Cadence>
      156.37450218200684
    </Cadence><SensorState>
      Present
    </SensorState>
    </Trackpoint>
<Trackpoint>
      <Time>
      2025-04-30T13:37:09.716Z
    </Time><SensorState>
      Present
    </SensorState><Extensions>
      <TPX xmlns="http://www.garmin.com/xmlschemas/ActivityExtension/v2">
      <nax:Nax>
      <nax:AscentInMeters>
      0.058132171630859375
    </nax:AscentInMeters>
    </nax:Nax>
    </TPX>
    </Extensions>
    </Trackpoint>
<Trackpoint>
      <Time>
      2025-04-30T13:37:10.776Z
    </Time><SensorState>
      Present
    </SensorState><Extensions>
      <TPX xmlns="http://www.garmin.com/xmlschemas/ActivityExtension/v2">
      <nax:Nax>
      <nax:AscentInMeters>
      0.05284690856933594
    </nax:AscentInMeters>
    </nax:Nax>
    </TPX>
    </Extensions>
    </Trackpoint>
<Trackpoint>
      <Time>
      2025-04-30T13:37:10.979Z
    </Time><Position>
      <LatitudeDegrees>
      47.430817934871406
    </LatitudeDegrees><LongitudeDegrees>
      -122.28722571909053
    </LongitudeDegrees>
    </Position><AltitudeMeters>
      116.41165114287287
    </AltitudeMeters><SensorState>
      Present
    </SensorState>
    </Trackpoint>
<Trackpoint>
      <Time>
      2025-04-30T13:37:11.688Z
    </Time><SensorState>
      Present
    </SensorState><Extensions>
      <TPX xmlns="http://www.garmin.com/xmlschemas/ActivityExtension/v2">
      <ns3:Speed>
      2.3281597303417843
    </ns3:Speed><nax:Nax>
      <nax:Pace>
      7.158729897033279
    </nax:Pace>
    </nax:Nax>
    </TPX>
    </Extensions>
    </Trackpoint>
<Trackpoint>
      <Time>
      2025-04-30T13:37:11.689Z
    </Time><DistanceMeters>
      6.2149822791107
    </DistanceMeters><Cadence>
      158.6951494216919
    </Cadence><SensorState>
      Present
    </SensorState>
    </Trackpoint>
<Trackpoint>
      <Time>
      2025-04-30T13:37:11.836Z
    </Time><SensorState>
      Present
    </SensorState><Extensions>
      <TPX xmlns="http://www.garmin.com/xmlschemas/ActivityExtension/v2">
      <nax:Nax>
      <nax:AscentInMeters>
      0.06869888305664062
    </nax:AscentInMeters>
    </nax:Nax>
    </TPX>
    </Extensions>
    </Trackpoint>
<Trackpoint>
      <Time>
      2025-04-30T13:37:12.000Z
    </Time><SensorState>
      Present
    </SensorState><Extensions>
      <TPX xmlns="http://www.garmin.com/xmlschemas/ActivityExtension/v2">
      <nax:Nax>
      <nax:NikeFuel>
      6.155616260684232
    </nax:NikeFuel>
    </nax:Nax>
    </TPX>
    </Extensions>
    </Trackpoint>
<Trackpoint>
      <Time>
      2025-04-30T13:37:12.896Z
    </Time><SensorState>
      Present
    </SensorState><Extensions>
      <TPX xmlns="http://www.garmin.com/xmlschemas/ActivityExtension/v2">
      <nax:Nax>
      <nax:AscentInMeters>
      0.06077384948730469
    </nax:AscentInMeters>
    </nax:Nax>
    </TPX>
    </Extensions>
    </Trackpoint>
<Trackpoint>
      <Time>
      2025-04-30T13:37:13.957Z
    </Time><SensorState>
      Present
    </SensorState><Extensions>
      <TPX xmlns="http://www.garmin.com/xmlschemas/ActivityExtension/v2">
      <nax:Nax>
      <nax:AscentInMeters>
      0.07134246826171875
    </nax:AscentInMeters>
    </nax:Nax>
    </TPX>
    </Extensions>
    </Trackpoint>
<Trackpoint>
      <Time>
      2025-04-30T13:37:14.243Z
    </Time><SensorState>
      Present
    </SensorState><Extensions>
      <TPX xmlns="http://www.garmin.com/xmlschemas/ActivityExtension/v2">
      <ns3:Speed>
      2.3318422182829415
    </ns3:Speed><nax:Nax>
      <nax:Pace>
      7.147424699660517
    </nax:Pace>
    </nax:Nax>
    </TPX>
    </Extensions>
    </Trackpoint>
<Trackpoint>
      <Time>
      2025-04-30T13:37:14.244Z
    </Time><DistanceMeters>
      6.504548834054731
    </DistanceMeters><Cadence>
      160.6793975830078
    </Cadence><SensorState>
      Present
    </SensorState>
    </Trackpoint>
<Trackpoint>
      <Time>
      2025-04-30T13:37:14.983Z
    </Time><Position>
      <LatitudeDegrees>
      47.43081412693447
    </LatitudeDegrees><LongitudeDegrees>
      -122.28708785980434
    </LongitudeDegrees>
    </Position><AltitudeMeters>
      116.50227142404765
    </AltitudeMeters><SensorState>
      Present
    </SensorState>
    </Trackpoint>
<Trackpoint>
      <Time>
      2025-04-30T13:37:15.017Z
    </Time><SensorState>
      Present
    </SensorState><Extensions>
      <TPX xmlns="http://www.garmin.com/xmlschemas/ActivityExtension/v2">
      <nax:Nax>
      <nax:AscentInMeters>
      0.06870079040527344
    </nax:AscentInMeters>
    </nax:Nax>
    </TPX>
    </Extensions>
    </Trackpoint>
<Trackpoint>
      <Time>
      2025-04-30T13:37:16.077Z
    </Time><SensorState>
      Present
    </SensorState><Extensions>
      <TPX xmlns="http://www.garmin.com/xmlschemas/ActivityExtension/v2">
      <nax:Nax>
      <nax:AscentInMeters>
      0.06870079040527344
    </nax:AscentInMeters>
    </nax:Nax>
    </TPX>
    </Extensions>
    </Trackpoint>
<Trackpoint>
      <Time>
      2025-04-30T13:37:16.798Z
    </Time><SensorState>
      Present
    </SensorState><Extensions>
      <TPX xmlns="http://www.garmin.com/xmlschemas/ActivityExtension/v2">
      <ns3:Speed>
      2.3375110187223633
    </ns3:Speed><nax:Nax>
      <nax:Pace>
      7.13009116670446
    </nax:Pace>
    </nax:Nax>
    </TPX>
    </Extensions>
    </Trackpoint>
<Trackpoint>
      <Time>
      2025-04-30T13:37:16.799Z
    </Time><DistanceMeters>
      5.965735096600838
    </DistanceMeters><Cadence>
      160.6793975830078
    </Cadence><SensorState>
      Present
    </SensorState>
    </Trackpoint>
<Trackpoint>
      <Time>
      2025-04-30T13:37:17.137Z
    </Time><SensorState>
      Present
    </SensorState><Extensions>
      <TPX xmlns="http://www.garmin.com/xmlschemas/ActivityExtension/v2">
      <nax:Nax>
      <nax:AscentInMeters>
      0.07134246826171875
    </nax:AscentInMeters>
    </nax:Nax>
    </TPX>
    </Extensions>
    </Trackpoint>
<Trackpoint>
      <Time>
      2025-04-30T13:37:18.197Z
    </Time><SensorState>
      Present
    </SensorState><Extensions>
      <TPX xmlns="http://www.garmin.com/xmlschemas/ActivityExtension/v2">
      <nax:Nax>
      <nax:AscentInMeters>
      0.07398414611816406
    </nax:AscentInMeters>
    </nax:Nax>
    </TPX>
    </Extensions>
    </Trackpoint>
<Trackpoint>
      <Time>
      2025-04-30T13:37:18.987Z
    </Time><Position>
      <LatitudeDegrees>
      47.43080066302709
    </LatitudeDegrees><LongitudeDegrees>
      -122.28695465904757
    </LongitudeDegrees>
    </Position><AltitudeMeters>
      116.76440074201673
    </AltitudeMeters><SensorState>
      Present
    </SensorState>
    </Trackpoint>
<Trackpoint>
      <Time>
      2025-04-30T13:37:19.256Z
    </Time><SensorState>
      Present
    </SensorState><Extensions>
      <TPX xmlns="http://www.garmin.com/xmlschemas/ActivityExtension/v2">
      <nax:Nax>
      <nax:AscentInMeters>
      0.07398605346679688
    </nax:AscentInMeters>
    </nax:Nax>
    </TPX>
    </Extensions>
    </Trackpoint>
<Trackpoint>
      <Time>
      2025-04-30T13:37:19.355Z
    </Time><SensorState>
      Present
    </SensorState><Extensions>
      <TPX xmlns="http://www.garmin.com/xmlschemas/ActivityExtension/v2">
      <ns3:Speed>
      2.3375110187223633
    </ns3:Speed><nax:Nax>
      <nax:Pace>
      7.13009116670446
    </nax:Pace>
    </nax:Nax>
    </TPX>
    </Extensions>
    </Trackpoint>
<Trackpoint>
      <Time>
      2025-04-30T13:37:19.356Z
    </Time><DistanceMeters>
      7.103635500650853
    </DistanceMeters><Cadence>
      160.6793975830078
    </Cadence><SensorState>
      Present
    </SensorState>
    </Trackpoint>
<Trackpoint>
      <Time>
      2025-04-30T13:37:20.316Z
    </Time><SensorState>
      Present
    </SensorState><Extensions>
      <TPX xmlns="http://www.garmin.com/xmlschemas/ActivityExtension/v2">
      <nax:Nax>
      <nax:AscentInMeters>
      0.036991119384765625
    </nax:AscentInMeters>
    </nax:Nax>
    </TPX>
    </Extensions>
    </Trackpoint>
<Trackpoint>
      <Time>
      2025-04-30T13:37:21.376Z
    </Time><SensorState>
      Present
    </SensorState><Extensions>
      <TPX xmlns="http://www.garmin.com/xmlschemas/ActivityExtension/v2">
      <nax:Nax>
      <nax:AscentInMeters>
      0.042278289794921875
    </nax:AscentInMeters>
    </nax:Nax>
    </TPX>
    </Extensions>
    </Trackpoint>
<Trackpoint>
      <Time>
      2025-04-30T13:37:21.910Z
    </Time><SensorState>
      Present
    </SensorState><Extensions>
      <TPX xmlns="http://www.garmin.com/xmlschemas/ActivityExtension/v2">
      <ns3:Speed>
      2.3375110187223633
    </ns3:Speed><nax:Nax>
      <nax:Pace>
      7.13009116670446
    </nax:Pace>
    </nax:Nax>
    </TPX>
    </Extensions>
    </Trackpoint>
<Trackpoint>
      <Time>
      2025-04-30T13:37:21.911Z
    </Time><DistanceMeters>
      6.166061652242206
    </DistanceMeters><Cadence>
      158.73786449432373
    </Cadence><SensorState>
      Present
    </SensorState>
    </Trackpoint>
<Trackpoint>
      <Time>
      2025-04-30T13:37:22.000Z
    </Time><SensorState>
      Present
    </SensorState><Extensions>
      <TPX xmlns="http://www.garmin.com/xmlschemas/ActivityExtension/v2">
      <nax:Nax>
      <nax:NikeFuel>
      6.929200432137194
    </nax:NikeFuel>
    </nax:Nax>
    </TPX>
    </Extensions>
    </Trackpoint>
<Trackpoint>
      <Time>
      2025-04-30T13:37:22.435Z
    </Time><SensorState>
      Present
    </SensorState><Extensions>
      <TPX xmlns="http://www.garmin.com/xmlschemas/ActivityExtension/v2">
      <nax:Nax>
      <nax:AscentInMeters>
      0.036991119384765625
    </nax:AscentInMeters>
    </nax:Nax>
    </TPX>
    </Extensions>
    </Trackpoint>
<Trackpoint>
      <Time>
      2025-04-30T13:37:22.991Z
    </Time><Position>
      <LatitudeDegrees>
      47.43081037938282
    </LatitudeDegrees><LongitudeDegrees>
      -122.28682115290916
    </LongitudeDegrees>
    </Position><AltitudeMeters>
      116.69642457086593
    </AltitudeMeters><SensorState>
      Present
    </SensorState>
    </Trackpoint>
<Trackpoint>
      <Time>
      2025-04-30T13:37:23.495Z
    </Time><SensorState>
      Present
    </SensorState><Extensions>
      <TPX xmlns="http://www.garmin.com/xmlschemas/ActivityExtension/v2">
      <nax:Nax>
      <nax:AscentInMeters>
      0.04491996765136719
    </nax:AscentInMeters>
    </nax:Nax>
    </TPX>
    </Extensions>
    </Trackpoint>
<Trackpoint>
      <Time>
      2025-04-30T13:37:24.465Z
    </Time><SensorState>
      Present
    </SensorState><Extensions>
      <TPX xmlns="http://www.garmin.com/xmlschemas/ActivityExtension/v2">
      <ns3:Speed>
      2.6536245964781946
    </ns3:Speed><nax:Nax>
      <nax:Pace>
      6.280717584840799
    </nax:Pace>
    </nax:Nax>
    </TPX>
    </Extensions>
    </Trackpoint>
<Trackpoint>
      <Time>
      2025-04-30T13:37:24.466Z
    </Time><DistanceMeters>
      5.4309566407464445
    </DistanceMeters><Cadence>
      158.73786449432373
    </Cadence><SensorState>
      Present
    </SensorState>
    </Trackpoint>
<Trackpoint>
      <Time>
      2025-04-30T13:37:24.554Z
    </Time><SensorState>
      Present
    </SensorState><Extensions>
      <TPX xmlns="http://www.garmin.com/xmlschemas/ActivityExtension/v2">
      <nax:Nax>
      <nax:AscentInMeters>
      0.031707763671875
    </nax:AscentInMeters>
    </nax:Nax>
    </TPX>
    </Extensions>
    </Trackpoint>
<Trackpoint>
      <Time>
      2025-04-30T13:37:25.613Z
    </Time><SensorState>
      Present
    </SensorState><Extensions>
      <TPX xmlns="http://www.garmin.com/xmlschemas/ActivityExtension/v2">
      <nax:Nax>
      <nax:AscentInMeters>
      0.058132171630859375
    </nax:AscentInMeters>
    </nax:Nax>
    </TPX>
    </Extensions>
    </Trackpoint>
<Trackpoint>
      <Time>
      2025-04-30T13:37:26.674Z
    </Time><SensorState>
      Present
    </SensorState><Extensions>
      <TPX xmlns="http://www.garmin.com/xmlschemas/ActivityExtension/v2">
      <nax:Nax>
      <nax:AscentInMeters>
      0.05813026428222656
    </nax:AscentInMeters>
    </nax:Nax>
    </TPX>
    </Extensions>
    </Trackpoint>
<Trackpoint>
      <Time>
      2025-04-30T13:37:26.993Z
    </Time><Position>
      <LatitudeDegrees>
      47.43079410819551
    </LatitudeDegrees><LongitudeDegrees>
      -122.28667608864457
    </LongitudeDegrees>
    </Position><AltitudeMeters>
      116.25033921469003
    </AltitudeMeters><SensorState>
      Present
    </SensorState>
    </Trackpoint>
<Trackpoint>
      <Time>
      2025-04-30T13:37:27.020Z
    </Time><SensorState>
      Present
    </SensorState><Extensions>
      <TPX xmlns="http://www.garmin.com/xmlschemas/ActivityExtension/v2">
      <ns3:Speed>
      2.648969150001179
    </ns3:Speed><nax:Nax>
      <nax:Pace>
      6.2917556690530905
    </nax:Pace>
    </nax:Nax>
    </TPX>
    </Extensions>
    </Trackpoint>
<Trackpoint>
      <Time>
      2025-04-30T13:37:27.021Z
    </Time><DistanceMeters>
      8.3280037434306
    </DistanceMeters><Cadence>
      158.73786449432373
    </Cadence><SensorState>
      Present
    </SensorState>
    </Trackpoint>
<Trackpoint>
      <Time>
      2025-04-30T13:37:27.733Z
    </Time><SensorState>
      Present
    </SensorState><Extensions>
      <TPX xmlns="http://www.garmin.com/xmlschemas/ActivityExtension/v2">
      <nax:Nax>
      <nax:AscentInMeters>
      0.03963470458984375
    </nax:AscentInMeters>
    </nax:Nax>
    </TPX>
    </Extensions>
    </Trackpoint>
<Trackpoint>
      <Time>
      2025-04-30T13:37:28.791Z
    </Time><SensorState>
      Present
    </SensorState><Extensions>
      <TPX xmlns="http://www.garmin.com/xmlschemas/ActivityExtension/v2">
      <nax:Nax>
      <nax:AscentInMeters>
      0.0158538818359375
    </nax:AscentInMeters>
    </nax:Nax>
    </TPX>
    </Extensions>
    </Trackpoint>
<Trackpoint>
      <Time>
      2025-04-30T13:37:29.575Z
    </Time><SensorState>
      Present
    </SensorState><Extensions>
      <TPX xmlns="http://www.garmin.com/xmlschemas/ActivityExtension/v2">
      <ns3:Speed>
      2.6595522857489797
    </ns3:Speed><nax:Nax>
      <nax:Pace>
      6.266718934601815
    </nax:Pace>
    </nax:Nax>
    </TPX>
    </Extensions>
    </Trackpoint>
<Trackpoint>
      <Time>
      2025-04-30T13:37:29.576Z
    </Time><DistanceMeters>
      7.710206111660227
    </DistanceMeters><Cadence>
      164.7120237350464
    </Cadence><SensorState>
      Present
    </SensorState>
    </Trackpoint>
<Trackpoint>
      <Time>
      2025-04-30T13:37:29.852Z
    </Time><SensorState>
      Present
    </SensorState><Extensions>
      <TPX xmlns="http://www.garmin.com/xmlschemas/ActivityExtension/v2">
      <nax:Nax>
      <nax:AscentInMeters>
      0.018495559692382812
    </nax:AscentInMeters>
    </nax:Nax>
    </TPX>
    </Extensions>
    </Trackpoint>
<Trackpoint>
      <Time>
      2025-04-30T13:37:30.911Z
    </Time><SensorState>
      Present
    </SensorState><Extensions>
      <TPX xmlns="http://www.garmin.com/xmlschemas/ActivityExtension/v2">
      <nax:Nax>
      <nax:AscentInMeters>
      0.013212203979492188
    </nax:AscentInMeters>
    </nax:Nax>
    </TPX>
    </Extensions>
    </Trackpoint>
<Trackpoint>
      <Time>
      2025-04-30T13:37:30.995Z
    </Time><Position>
      <LatitudeDegrees>
      47.43079615400402
    </LatitudeDegrees><LongitudeDegrees>
      -122.28653337599671
    </LongitudeDegrees>
    </Position><AltitudeMeters>
      117.2277347324416
    </AltitudeMeters><SensorState>
      Present
    </SensorState>
    </Trackpoint>
<Trackpoint>
      <Time>
      2025-04-30T13:37:31.970Z
    </Time><SensorState>
      Present
    </SensorState><Extensions>
      <TPX xmlns="http://www.garmin.com/xmlschemas/ActivityExtension/v2">
      <nax:Nax>
      <nax:AscentInMeters>
      0.0052852630615234375
    </nax:AscentInMeters>
    </nax:Nax>
    </TPX>
    </Extensions>
    </Trackpoint>
<Trackpoint>
      <Time>
      2025-04-30T13:37:32.000Z
    </Time><SensorState>
      Present
    </SensorState><Extensions>
      <TPX xmlns="http://www.garmin.com/xmlschemas/ActivityExtension/v2">
      <nax:Nax>
      <nax:NikeFuel>
      7.3418662155569665
    </nax:NikeFuel>
    </nax:Nax>
    </TPX>
    </Extensions>
    </Trackpoint>
<Trackpoint>
      <Time>
      2025-04-30T13:37:32.130Z
    </Time><SensorState>
      Present
    </SensorState><Extensions>
      <TPX xmlns="http://www.garmin.com/xmlschemas/ActivityExtension/v2">
      <ns3:Speed>
      2.8241887609679703
    </ns3:Speed><nax:Nax>
      <nax:Pace>
      5.901399685817845
    </nax:Pace>
    </nax:Nax>
    </TPX>
    </Extensions>
    </Trackpoint>
<Trackpoint>
      <Time>
      2025-04-30T13:37:32.131Z
    </Time><DistanceMeters>
      6.274054312962107
    </DistanceMeters><Cadence>
      167.6207399368286
    </Cadence><SensorState>
      Present
    </SensorState>
    </Trackpoint>
<Trackpoint>
      <Time>
      2025-04-30T13:37:33.030Z
    </Time><SensorState>
      Present
    </SensorState><Extensions>
      <TPX xmlns="http://www.garmin.com/xmlschemas/ActivityExtension/v2">
      <nax:Nax>
      <nax:AscentInMeters>
      0.021137237548828125
    </nax:AscentInMeters>
    </nax:Nax>
    </TPX>
    </Extensions>
    </Trackpoint>
<Trackpoint>
      <Time>
      2025-04-30T13:37:34.089Z
    </Time><SensorState>
      Present
    </SensorState><Extensions>
      <TPX xmlns="http://www.garmin.com/xmlschemas/ActivityExtension/v2">
      <nax:Nax>
      <nax:AscentInMeters>
      0.0158538818359375
    </nax:AscentInMeters>
    </nax:Nax>
    </TPX>
    </Extensions>
    </Trackpoint>
<Trackpoint>
      <Time>
      2025-04-30T13:37:34.685Z
    </Time><DistanceMeters>
      5.923543684184551
    </DistanceMeters><SensorState>
      Present
    </SensorState><Extensions>
      <TPX xmlns="http://www.garmin.com/xmlschemas/ActivityExtension/v2">
      <ns3:Speed>
      2.8316981128307384
    </ns3:Speed><nax:Nax>
      <nax:Pace>
      5.885749823100191
    </nax:Pace>
    </nax:Nax>
    </TPX>
    </Extensions>
    </Trackpoint>
<Trackpoint>
      <Time>
      2025-04-30T13:37:34.686Z
    </Time><Cadence>
      167.84783363342285
    </Cadence><SensorState>
      Present
    </SensorState>
    </Trackpoint>
<Trackpoint>
      <Time>
      2025-04-30T13:37:35.148Z
    </Time><SensorState>
      Present
    </SensorState><Extensions>
      <TPX xmlns="http://www.garmin.com/xmlschemas/ActivityExtension/v2">
      <nax:Nax>
      <nax:AscentInMeters>
      0.026424407958984375
    </nax:AscentInMeters>
    </nax:Nax>
    </TPX>
    </Extensions>
    </Trackpoint>
<Trackpoint>
      <Time>
      2025-04-30T13:37:35.997Z
    </Time><Position>
      <LatitudeDegrees>
      47.43082412941496
    </LatitudeDegrees><LongitudeDegrees>
      -122.28637468236873
    </LongitudeDegrees>
    </Position><AltitudeMeters>
      116.98580018151551
    </AltitudeMeters><SensorState>
      Present
    </SensorState>
    </Trackpoint>
<Trackpoint>
      <Time>
      2025-04-30T13:37:36.207Z
    </Time><SensorState>
      Present
    </SensorState><Extensions>
      <TPX xmlns="http://www.garmin.com/xmlschemas/ActivityExtension/v2">
      <nax:Nax>
      <nax:AscentInMeters>
      0.005283355712890625
    </nax:AscentInMeters>
    </nax:Nax>
    </TPX>
    </Extensions>
    </Trackpoint>
<Trackpoint>
      <Time>
      2025-04-30T13:37:37.240Z
    </Time><SensorState>
      Present
    </SensorState><Extensions>
      <TPX xmlns="http://www.garmin.com/xmlschemas/ActivityExtension/v2">
      <ns3:Speed>
      2.8193647888302182
    </ns3:Speed><nax:Nax>
      <nax:Pace>
      5.911497062280411
    </nax:Pace>
    </nax:Nax>
    </TPX>
    </Extensions>
    </Trackpoint>
<Trackpoint>
      <Time>
      2025-04-30T13:37:37.241Z
    </Time><DistanceMeters>
      6.746033515664749
    </DistanceMeters><Cadence>
      167.96530723571777
    </Cadence><SensorState>
      Present
    </SensorState>
    </Trackpoint>
<Trackpoint>
      <Time>
      2025-04-30T13:37:37.266Z
    </Time><SensorState>
      Present
    </SensorState><Extensions>
      <TPX xmlns="http://www.garmin.com/xmlschemas/ActivityExtension/v2">
      <nax:Nax>
      <nax:AscentInMeters>
      0.00792694091796875
    </nax:AscentInMeters>
    </nax:Nax>
    </TPX>
    </Extensions>
    </Trackpoint>
<Trackpoint>
      <Time>
      2025-04-30T13:37:39.795Z
    </Time><SensorState>
      Present
    </SensorState><Extensions>
      <TPX xmlns="http://www.garmin.com/xmlschemas/ActivityExtension/v2">
      <ns3:Speed>
      2.8193906975140512
    </ns3:Speed><nax:Nax>
      <nax:Pace>
      5.911442738802469
    </nax:Pace>
    </nax:Nax>
    </TPX>
    </Extensions>
    </Trackpoint>
<Trackpoint>
      <Time>
      2025-04-30T13:37:39.796Z
    </Time><DistanceMeters>
      3.8500478320056573
    </DistanceMeters><Cadence>
      169.49166297912598
    </Cadence><SensorState>
      Present
    </SensorState>
    </Trackpoint>
<Trackpoint>
      <Time>
      2025-04-30T13:37:39.998Z
    </Time><Position>
      <LatitudeDegrees>
      47.43085484759848
    </LatitudeDegrees><LongitudeDegrees>
      -122.28624862838313
    </LongitudeDegrees>
    </Position><AltitudeMeters>
      117.08757867012173
    </AltitudeMeters><SensorState>
      Present
    </SensorState>
    </Trackpoint>
<Trackpoint>
      <Time>
      2025-04-30T13:37:41.503Z
    </Time><SensorState>
      Present
    </SensorState><Extensions>
      <TPX xmlns="http://www.garmin.com/xmlschemas/ActivityExtension/v2">
      <nax:Nax>
      <nax:DescentInMeters>
      0.021139144897460938
    </nax:DescentInMeters>
    </nax:Nax>
    </TPX>
    </Extensions>
    </Trackpoint>
<Trackpoint>
      <Time>
      2025-04-30T13:37:42.000Z
    </Time><SensorState>
      Present
    </SensorState><Extensions>
      <TPX xmlns="http://www.garmin.com/xmlschemas/ActivityExtension/v2">
      <nax:Nax>
      <nax:NikeFuel>
      7.343192497152246
    </nax:NikeFuel>
    </nax:Nax>
    </TPX>
    </Extensions>
    </Trackpoint>
<Trackpoint>
      <Time>
      2025-04-30T13:37:42.350Z
    </Time><DistanceMeters>
      9.914425524766557
    </DistanceMeters><SensorState>
      Present
    </SensorState><Extensions>
      <TPX xmlns="http://www.garmin.com/xmlschemas/ActivityExtension/v2">
      <ns3:Speed>
      2.8375764795393756
    </ns3:Speed><nax:Nax>
      <nax:Pace>
      5.873556814007766
    </nax:Pace>
    </nax:Nax>
    </TPX>
    </Extensions>
    </Trackpoint>
<Trackpoint>
      <Time>
      2025-04-30T13:37:42.351Z
    </Time><Cadence>
      169.49166297912598
    </Cadence><SensorState>
      Present
    </SensorState>
    </Trackpoint>
<Trackpoint>
      <Time>
      2025-04-30T13:37:42.562Z
    </Time><SensorState>
      Present
    </SensorState><Extensions>
      <TPX xmlns="http://www.garmin.com/xmlschemas/ActivityExtension/v2">
      <nax:Nax>
      <nax:DescentInMeters>
      0.0026416778564453125
    </nax:DescentInMeters>
    </nax:Nax>
    </TPX>
    </Extensions>
    </Trackpoint>
<Trackpoint>
      <Time>
      2025-04-30T13:37:43.998Z
    </Time><Position>
      <LatitudeDegrees>
      47.43083284050695
    </LatitudeDegrees><LongitudeDegrees>
      -122.28609532164528
    </LongitudeDegrees>
    </Position><AltitudeMeters>
      117.4861479671672
    </AltitudeMeters><SensorState>
      Present
    </SensorState>
    </Trackpoint>
<Trackpoint>
      <Time>
      2025-04-30T13:37:44.904Z
    </Time><SensorState>
      Present
    </SensorState><Extensions>
      <TPX xmlns="http://www.garmin.com/xmlschemas/ActivityExtension/v2">
      <ns3:Speed>
      2.8375764795393756
    </ns3:Speed><nax:Nax>
      <nax:Pace>
      5.873556814007766
    </nax:Pace>
    </nax:Nax>
    </TPX>
    </Extensions>
    </Trackpoint>
<Trackpoint>
      <Time>
      2025-04-30T13:37:44.905Z
    </Time><DistanceMeters>
      5.078608495532535
    </DistanceMeters><Cadence>
      170.5524444580078
    </Cadence><SensorState>
      Present
    </SensorState>
    </Trackpoint>
<Trackpoint>
      <Time>
      2025-04-30T13:37:46.797Z
    </Time><SensorState>
      Present
    </SensorState><Extensions>
      <TPX xmlns="http://www.garmin.com/xmlschemas/ActivityExtension/v2">
      <nax:Nax>
      <nax:AscentInMeters>
      0.029066085815429688
    </nax:AscentInMeters>
    </nax:Nax>
    </TPX>
    </Extensions>
    </Trackpoint>
<Trackpoint>
      <Time>
      2025-04-30T13:37:47.459Z
    </Time><SensorState>
      Present
    </SensorState><Extensions>
      <TPX xmlns="http://www.garmin.com/xmlschemas/ActivityExtension/v2">
      <ns3:Speed>
      2.831135554983826
    </ns3:Speed><nax:Nax>
      <nax:Pace>
      5.886919344899358
    </nax:Pace>
    </nax:Nax>
    </TPX>
    </Extensions>
    </Trackpoint>
<Trackpoint>
      <Time>
      2025-04-30T13:37:47.460Z
    </Time><DistanceMeters>
      7.067579627269879
    </DistanceMeters><Cadence>
      169.15396213531494
    </Cadence><SensorState>
      Present
    </SensorState>
    </Trackpoint>
<Trackpoint>
      <Time>
      2025-04-30T13:37:47.858Z
    </Time><SensorState>
      Present
    </SensorState><Extensions>
      <TPX xmlns="http://www.garmin.com/xmlschemas/ActivityExtension/v2">
      <nax:Nax>
      <nax:AscentInMeters>
      0.03963470458984375
    </nax:AscentInMeters>
    </nax:Nax>
    </TPX>
    </Extensions>
    </Trackpoint>
<Trackpoint>
      <Time>
      2025-04-30T13:37:48.916Z
    </Time><SensorState>
      Present
    </SensorState><Extensions>
      <TPX xmlns="http://www.garmin.com/xmlschemas/ActivityExtension/v2">
      <nax:Nax>
      <nax:AscentInMeters>
      0.010568618774414062
    </nax:AscentInMeters>
    </nax:Nax>
    </TPX>
    </Extensions>
    </Trackpoint>
<Trackpoint>
      <Time>
      2025-04-30T13:37:48.999Z
    </Time><Position>
      <LatitudeDegrees>
      47.43084787254214
    </LatitudeDegrees><LongitudeDegrees>
      -122.28593596059129
    </LongitudeDegrees>
    </Position><AltitudeMeters>
      117.22708371281624
    </AltitudeMeters><SensorState>
      Present
    </SensorState>
    </Trackpoint>
<Trackpoint>
      <Time>
      2025-04-30T13:37:49.975Z
    </Time><SensorState>
      Present
    </SensorState><Extensions>
      <TPX xmlns="http://www.garmin.com/xmlschemas/ActivityExtension/v2">
      <nax:Nax>
      <nax:AscentInMeters>
      0.010570526123046875
    </nax:AscentInMeters>
    </nax:Nax>
    </TPX>
    </Extensions>
    </Trackpoint>
<Trackpoint>
      <Time>
      2025-04-30T13:37:50.014Z
    </Time><DistanceMeters>
      5.818881802260876
    </DistanceMeters><SensorState>
      Present
    </SensorState><Extensions>
      <TPX xmlns="http://www.garmin.com/xmlschemas/ActivityExtension/v2">
      <ns3:Speed>
      2.79053433370108
    </ns3:Speed><nax:Nax>
      <nax:Pace>
      5.972571799380694
    </nax:Pace>
    </nax:Nax>
    </TPX>
    </Extensions>
    </Trackpoint>
<Trackpoint>
      <Time>
      2025-04-30T13:37:50.015Z
    </Time><Cadence>
      168.91193389892578
    </Cadence><SensorState>
      Present
    </SensorState>
    </Trackpoint>
<Trackpoint>
      <Time>
      2025-04-30T13:37:51.034Z
    </Time><SensorState>
      Present
    </SensorState><Extensions>
      <TPX xmlns="http://www.garmin.com/xmlschemas/ActivityExtension/v2">
      <nax:Nax>
      <nax:AscentInMeters>
      0.0026416778564453125
    </nax:AscentInMeters>
    </nax:Nax>
    </TPX>
    </Extensions>
    </Trackpoint>
<Trackpoint>
      <Time>
      2025-04-30T13:37:52.000Z
    </Time><SensorState>
      Present
    </SensorState><Extensions>
      <TPX xmlns="http://www.garmin.com/xmlschemas/ActivityExtension/v2">
      <nax:Nax>
      <nax:NikeFuel>
      6.925920422178953
    </nax:NikeFuel>
    </nax:Nax>
    </TPX>
    </Extensions>
    </Trackpoint>
<Trackpoint>
      <Time>
      2025-04-30T13:37:52.093Z
    </Time><SensorState>
      Present
    </SensorState><Extensions>
      <TPX xmlns="http://www.garmin.com/xmlschemas/ActivityExtension/v2">
      <nax:Nax>
      <nax:AscentInMeters>
      0.026422500610351562
    </nax:AscentInMeters>
    </nax:Nax>
    </TPX>
    </Extensions>
    </Trackpoint>
<Trackpoint>
      <Time>
      2025-04-30T13:37:52.569Z
    </Time><SensorState>
      Present
    </SensorState><Extensions>
      <TPX xmlns="http://www.garmin.com/xmlschemas/ActivityExtension/v2">
      <ns3:Speed>
      2.780128397078976
    </ns3:Speed><nax:Nax>
      <nax:Pace>
      5.994926955236309
    </nax:Pace>
    </nax:Nax>
    </TPX>
    </Extensions>
    </Trackpoint>
<Trackpoint>
      <Time>
      2025-04-30T13:37:52.570Z
    </Time><DistanceMeters>
      7.59445228765253
    </DistanceMeters><Cadence>
      168.96909713745117
    </Cadence><SensorState>
      Present
    </SensorState>
    </Trackpoint>
<Trackpoint>
      <Time>
      2025-04-30T13:37:52.999Z
    </Time><Position>
      <LatitudeDegrees>
      47.430856833105295
    </LatitudeDegrees><LongitudeDegrees>
      -122.28579156049821
    </LongitudeDegrees>
    </Position><AltitudeMeters>
      117.98049425147474
    </AltitudeMeters><SensorState>
      Present
    </SensorState>
    </Trackpoint>
<Trackpoint>
      <Time>
      2025-04-30T13:37:53.153Z
    </Time><SensorState>
      Present
    </SensorState><Extensions>
      <TPX xmlns="http://www.garmin.com/xmlschemas/ActivityExtension/v2">
      <nax:Nax>
      <nax:AscentInMeters>
      0.029066085815429688
    </nax:AscentInMeters>
    </nax:Nax>
    </TPX>
    </Extensions>
    </Trackpoint>
<Trackpoint>
      <Time>
      2025-04-30T13:37:54.212Z
    </Time><SensorState>
      Present
    </SensorState><Extensions>
      <TPX xmlns="http://www.garmin.com/xmlschemas/ActivityExtension/v2">
      <nax:Nax>
      <nax:AscentInMeters>
      0.029066085815429688
    </nax:AscentInMeters>
    </nax:Nax>
    </TPX>
    </Extensions>
    </Trackpoint>
<Trackpoint>
      <Time>
      2025-04-30T13:37:55.124Z
    </Time><SensorState>
      Present
    </SensorState><Extensions>
      <TPX xmlns="http://www.garmin.com/xmlschemas/ActivityExtension/v2">
      <ns3:Speed>
      2.6106900380916556
    </ns3:Speed><nax:Nax>
      <nax:Pace>
      6.38400822138562
    </nax:Pace>
    </nax:Nax>
    </TPX>
    </Extensions>
    </Trackpoint>
<Trackpoint>
      <Time>
      2025-04-30T13:37:55.125Z
    </Time><DistanceMeters>
      7.463018476380967
    </DistanceMeters><Cadence>
      168.87760162353516
    </Cadence><SensorState>
      Present
    </SensorState>
    </Trackpoint>
<Trackpoint>
      <Time>
      2025-04-30T13:37:55.271Z
    </Time><SensorState>
      Present
    </SensorState><Extensions>
      <TPX xmlns="http://www.garmin.com/xmlschemas/ActivityExtension/v2">
      <nax:Nax>
      <nax:AscentInMeters>
      0.02378082275390625
    </nax:AscentInMeters>
    </nax:Nax>
    </TPX>
    </Extensions>
    </Trackpoint>
<Trackpoint>
      <Time>
      2025-04-30T13:37:56.329Z
    </Time><SensorState>
      Present
    </SensorState><Extensions>
      <TPX xmlns="http://www.garmin.com/xmlschemas/ActivityExtension/v2">
      <nax:Nax>
      <nax:AscentInMeters>
      0.05020332336425781
    </nax:AscentInMeters>
    </nax:Nax>
    </TPX>
    </Extensions>
    </Trackpoint>
<Trackpoint>
      <Time>
      2025-04-30T13:37:57.000Z
    </Time><Position>
      <LatitudeDegrees>
      47.430856737041104
    </LatitudeDegrees><LongitudeDegrees>
      -122.28565415260822
    </LongitudeDegrees>
    </Position><AltitudeMeters>
      118.00107280071825
    </AltitudeMeters><SensorState>
      Present
    </SensorState>
    </Trackpoint>
<Trackpoint>
      <Time>
      2025-04-30T13:37:57.388Z
    </Time><SensorState>
      Present
    </SensorState><Extensions>
      <TPX xmlns="http://www.garmin.com/xmlschemas/ActivityExtension/v2">
      <nax:Nax>
      <nax:AscentInMeters>
      0.010568618774414062
    </nax:AscentInMeters>
    </nax:Nax>
    </TPX>
    </Extensions>
    </Trackpoint>
<Trackpoint>
      <Time>
      2025-04-30T13:37:57.679Z
    </Time><DistanceMeters>
      6.352364556863904
    </DistanceMeters><SensorState>
      Present
    </SensorState><Extensions>
      <TPX xmlns="http://www.garmin.com/xmlschemas/ActivityExtension/v2">
      <ns3:Speed>
      2.6122885938914484
    </ns3:Speed><nax:Nax>
      <nax:Pace>
      6.380101611146581
    </nax:Pace>
    </nax:Nax>
    </TPX>
    </Extensions>
    </Trackpoint>
<Trackpoint>
      <Time>
      2025-04-30T13:37:57.680Z
    </Time><Cadence>
      168.33736896514893
    </Cadence><SensorState>
      Present
    </SensorState>
    </Trackpoint>
<Trackpoint>
      <Time>
      2025-04-30T13:37:58.447Z
    </Time><SensorState>
      Present
    </SensorState><Extensions>
      <TPX xmlns="http://www.garmin.com/xmlschemas/ActivityExtension/v2">
      <nax:Nax>
      <nax:AscentInMeters>
      0.013212203979492188
    </nax:AscentInMeters>
    </nax:Nax>
    </TPX>
    </Extensions>
    </Trackpoint>
<Trackpoint>
      <Time>
      2025-04-30T13:38:00.234Z
    </Time><SensorState>
      Present
    </SensorState><Extensions>
      <TPX xmlns="http://www.garmin.com/xmlschemas/ActivityExtension/v2">
      <ns3:Speed>
      2.607695144680545
    </ns3:Speed><nax:Nax>
      <nax:Pace>
      6.39134014597723
    </nax:Pace>
    </nax:Nax>
    </TPX>
    </Extensions>
    </Trackpoint>
<Trackpoint>
      <Time>
      2025-04-30T13:38:00.235Z
    </Time><DistanceMeters>
      6.122129884199239
    </DistanceMeters><Cadence>
      168.33736896514893
    </Cadence><SensorState>
      Present
    </SensorState>
    </Trackpoint>
<Trackpoint>
      <Time>
      2025-04-30T13:38:01.000Z
    </Time><Position>
      <LatitudeDegrees>
      47.430847992956004
    </LatitudeDegrees><LongitudeDegrees>
      -122.28552199228056
    </LongitudeDegrees>
    </Position><AltitudeMeters>
      117.7376541160047
    </AltitudeMeters><SensorState>
      Present
    </SensorState>
    </Trackpoint>
<Trackpoint>
      <Time>
      2025-04-30T13:38:02.000Z
    </Time><SensorState>
      Present
    </SensorState><Extensions>
      <TPX xmlns="http://www.garmin.com/xmlschemas/ActivityExtension/v2">
      <nax:Nax>
      <nax:NikeFuel>
      6.779546638768495
    </nax:NikeFuel>
    </nax:Nax>
    </TPX>
    </Extensions>
    </Trackpoint>
<Trackpoint>
      <Time>
      2025-04-30T13:38:02.683Z
    </Time><SensorState>
      Present
    </SensorState><Extensions>
      <TPX xmlns="http://www.garmin.com/xmlschemas/ActivityExtension/v2">
      <nax:Nax>
      <nax:DescentInMeters>
      0.010568618774414062
    </nax:DescentInMeters>
    </nax:Nax>
    </TPX>
    </Extensions>
    </Trackpoint>
<Trackpoint>
      <Time>
      2025-04-30T13:38:02.788Z
    </Time><SensorState>
      Present
    </SensorState><Extensions>
      <TPX xmlns="http://www.garmin.com/xmlschemas/ActivityExtension/v2">
      <ns3:Speed>
      2.605353857425724
    </ns3:Speed><nax:Nax>
      <nax:Pace>
      6.39708368948183
    </nax:Pace>
    </nax:Nax>
    </TPX>
    </Extensions>
    </Trackpoint>
<Trackpoint>
      <Time>
      2025-04-30T13:38:02.789Z
    </Time><DistanceMeters>
      5.369942088029347
    </DistanceMeters><Cadence>
      168.24010848999023
    </Cadence><SensorState>
      Present
    </SensorState>
    </Trackpoint>
<Trackpoint>
      <Time>
      2025-04-30T13:38:03.742Z
    </Time><SensorState>
      Present
    </SensorState><Extensions>
      <TPX xmlns="http://www.garmin.com/xmlschemas/ActivityExtension/v2">
      <nax:Nax>
      <nax:DescentInMeters>
      0.0158538818359375
    </nax:DescentInMeters>
    </nax:Nax>
    </TPX>
    </Extensions>
    </Trackpoint>
<Trackpoint>
      <Time>
      2025-04-30T13:38:04.801Z
    </Time><SensorState>
      Present
    </SensorState><Extensions>
      <TPX xmlns="http://www.garmin.com/xmlschemas/ActivityExtension/v2">
      <nax:Nax>
      <nax:DescentInMeters>
      0.034351348876953125
    </nax:DescentInMeters>
    </nax:Nax>
    </TPX>
    </Extensions>
    </Trackpoint>
<Trackpoint>
      <Time>
      2025-04-30T13:38:05.343Z
    </Time><DistanceMeters>
      6.2122254454297945
    </DistanceMeters><SensorState>
      Present
    </SensorState><Extensions>
      <TPX xmlns="http://www.garmin.com/xmlschemas/ActivityExtension/v2">
      <ns3:Speed>
      2.598696670691556
    </ns3:Speed><nax:Nax>
      <nax:Pace>
      6.413471358406517
    </nax:Pace>
    </nax:Nax>
    </TPX>
    </Extensions>
    </Trackpoint>
<Trackpoint>
      <Time>
      2025-04-30T13:38:05.344Z
    </Time><Cadence>
      168.24010848999023
    </Cadence><SensorState>
      Present
    </SensorState>
    </Trackpoint>
<Trackpoint>
      <Time>
      2025-04-30T13:38:05.860Z
    </Time><SensorState>
      Present
    </SensorState><Extensions>
      <TPX xmlns="http://www.garmin.com/xmlschemas/ActivityExtension/v2">
      <nax:Nax>
      <nax:DescentInMeters>
      0.04227638244628906
    </nax:DescentInMeters>
    </nax:Nax>
    </TPX>
    </Extensions>
    </Trackpoint>
<Trackpoint>
      <Time>
      2025-04-30T13:38:06.000Z
    </Time><Position>
      <LatitudeDegrees>
      47.430846217429504
    </LatitudeDegrees><LongitudeDegrees>
      -122.2853608347305
    </LongitudeDegrees>
    </Position><AltitudeMeters>
      117.36755655054003
    </AltitudeMeters><SensorState>
      Present
    </SensorState>
    </Trackpoint>
<Trackpoint>
      <Time>
      2025-04-30T13:38:06.919Z
    </Time><SensorState>
      Present
    </SensorState><Extensions>
      <TPX xmlns="http://www.garmin.com/xmlschemas/ActivityExtension/v2">
      <nax:Nax>
      <nax:DescentInMeters>
      0.04227638244628906
    </nax:DescentInMeters>
    </nax:Nax>
    </TPX>
    </Extensions>
    </Trackpoint>
<Trackpoint>
      <Time>
      2025-04-30T13:38:07.898Z
    </Time><SensorState>
      Present
    </SensorState><Extensions>
      <TPX xmlns="http://www.garmin.com/xmlschemas/ActivityExtension/v2">
      <ns3:Speed>
      2.5863928468048996
    </ns3:Speed><nax:Nax>
      <nax:Pace>
      6.443981117275294
    </nax:Pace>
    </nax:Nax>
    </TPX>
    </Extensions>
    </Trackpoint>
<Trackpoint>
      <Time>
      2025-04-30T13:38:07.899Z
    </Time><DistanceMeters>
      7.803435329464264
    </DistanceMeters><Cadence>
      169.25042152404785
    </Cadence><SensorState>
      Present
    </SensorState>
    </Trackpoint>
<Trackpoint>
      <Time>
      2025-04-30T13:38:07.978Z
    </Time><SensorState>
      Present
    </SensorState><Extensions>
      <TPX xmlns="http://www.garmin.com/xmlschemas/ActivityExtension/v2">
      <nax:Nax>
      <nax:DescentInMeters>
      0.058132171630859375
    </nax:DescentInMeters>
    </nax:Nax>
    </TPX>
    </Extensions>
    </Trackpoint>
<Trackpoint>
      <Time>
      2025-04-30T13:38:09.037Z
    </Time><SensorState>
      Present
    </SensorState><Extensions>
      <TPX xmlns="http://www.garmin.com/xmlschemas/ActivityExtension/v2">
      <nax:Nax>
      <nax:DescentInMeters>
      0.04491996765136719
    </nax:DescentInMeters>
    </nax:Nax>
    </TPX>
    </Extensions>
    </Trackpoint>
<Trackpoint>
      <Time>
      2025-04-30T13:38:10.095Z
    </Time><SensorState>
      Present
    </SensorState><Extensions>
      <TPX xmlns="http://www.garmin.com/xmlschemas/ActivityExtension/v2">
      <nax:Nax>
      <nax:DescentInMeters>
      0.026422500610351562
    </nax:DescentInMeters>
    </nax:Nax>
    </TPX>
    </Extensions>
    </Trackpoint>
<Trackpoint>
      <Time>
      2025-04-30T13:38:10.453Z
    </Time><SensorState>
      Present
    </SensorState><Extensions>
      <TPX xmlns="http://www.garmin.com/xmlschemas/ActivityExtension/v2">
      <ns3:Speed>
      2.579711394939711
    </ns3:Speed><nax:Nax>
      <nax:Pace>
      6.460671026751105
    </nax:Pace>
    </nax:Nax>
    </TPX>
    </Extensions>
    </Trackpoint>
<Trackpoint>
      <Time>
      2025-04-30T13:38:10.454Z
    </Time><DistanceMeters>
      5.771048248163424
    </DistanceMeters><Cadence>
      169.25042152404785
    </Cadence><SensorState>
      Present
    </SensorState>
    </Trackpoint>
<Trackpoint>
      <Time>
      2025-04-30T13:38:11.000Z
    </Time><Position>
      <LatitudeDegrees>
      47.43085610379921
    </LatitudeDegrees><LongitudeDegrees>
      -122.28518672649233
    </LongitudeDegrees>
    </Position><AltitudeMeters>
      117.55020963679999
    </AltitudeMeters><SensorState>
      Present
    </SensorState>
    </Trackpoint>
<Trackpoint>
      <Time>
      2025-04-30T13:38:11.154Z
    </Time><SensorState>
      Present
    </SensorState><Extensions>
      <TPX xmlns="http://www.garmin.com/xmlschemas/ActivityExtension/v2">
      <nax:Nax>
      <nax:DescentInMeters>
      0.04227638244628906
    </nax:DescentInMeters>
    </nax:Nax>
    </TPX>
    </Extensions>
    </Trackpoint>
<Trackpoint>
      <Time>
      2025-04-30T13:38:12.000Z
    </Time><SensorState>
      Present
    </SensorState><Extensions>
      <TPX xmlns="http://www.garmin.com/xmlschemas/ActivityExtension/v2">
      <nax:Nax>
      <nax:NikeFuel>
      6.730302459484162
    </nax:NikeFuel>
    </nax:Nax>
    </TPX>
    </Extensions>
    </Trackpoint>
<Trackpoint>
      <Time>
      2025-04-30T13:38:12.212Z
    </Time><SensorState>
      Present
    </SensorState><Extensions>
      <TPX xmlns="http://www.garmin.com/xmlschemas/ActivityExtension/v2">
      <nax:Nax>
      <nax:DescentInMeters>
      0.0475616455078125
    </nax:DescentInMeters>
    </nax:Nax>
    </TPX>
    </Extensions>
    </Trackpoint>
<Trackpoint>
      <Time>
      2025-04-30T13:38:13.008Z
    </Time><DistanceMeters>
      6.904313797713257
    </DistanceMeters><SensorState>
      Present
    </SensorState><Extensions>
      <TPX xmlns="http://www.garmin.com/xmlschemas/ActivityExtension/v2">
      <ns3:Speed>
      2.5774693159310766
    </ns3:Speed><nax:Nax>
      <nax:Pace>
      6.466291010198138
    </nax:Pace>
    </nax:Nax>
    </TPX>
    </Extensions>
    </Trackpoint>
<Trackpoint>
      <Time>
      2025-04-30T13:38:13.009Z
    </Time><Cadence>
      169.06858921051025
    </Cadence><SensorState>
      Present
    </SensorState>
    </Trackpoint>
<Trackpoint>
      <Time>
      2025-04-30T13:38:13.271Z
    </Time><SensorState>
      Present
    </SensorState><Extensions>
      <TPX xmlns="http://www.garmin.com/xmlschemas/ActivityExtension/v2">
      <nax:Nax>
      <nax:DescentInMeters>
      0.034351348876953125
    </nax:DescentInMeters>
    </nax:Nax>
    </TPX>
    </Extensions>
    </Trackpoint>
<Trackpoint>
      <Time>
      2025-04-30T13:38:14.330Z
    </Time><SensorState>
      Present
    </SensorState><Extensions>
      <TPX xmlns="http://www.garmin.com/xmlschemas/ActivityExtension/v2">
      <nax:Nax>
      <nax:DescentInMeters>
      0.044918060302734375
    </nax:DescentInMeters>
    </nax:Nax>
    </TPX>
    </Extensions>
    </Trackpoint>
<Trackpoint>
      <Time>
      2025-04-30T13:38:15.389Z
    </Time><SensorState>
      Present
    </SensorState><Extensions>
      <TPX xmlns="http://www.garmin.com/xmlschemas/ActivityExtension/v2">
      <nax:Nax>
      <nax:DescentInMeters>
      0.058132171630859375
    </nax:DescentInMeters>
    </nax:Nax>
    </TPX>
    </Extensions>
    </Trackpoint>
<Trackpoint>
      <Time>
      2025-04-30T13:38:15.562Z
    </Time><SensorState>
      Present
    </SensorState><Extensions>
      <TPX xmlns="http://www.garmin.com/xmlschemas/ActivityExtension/v2">
      <ns3:Speed>
      2.574172651101836
    </ns3:Speed><nax:Nax>
      <nax:Pace>
      6.474572192946246
    </nax:Pace>
    </nax:Nax>
    </TPX>
    </Extensions>
    </Trackpoint>
<Trackpoint>
      <Time>
      2025-04-30T13:38:15.563Z
    </Time><DistanceMeters>
      6.74887735908851
    </DistanceMeters><Cadence>
      168.40129852294922
    </Cadence><SensorState>
      Present
    </SensorState>
    </Trackpoint>
<Trackpoint>
      <Time>
      2025-04-30T13:38:16.000Z
    </Time><Position>
      <LatitudeDegrees>
      47.43084812441922
    </LatitudeDegrees><LongitudeDegrees>
      -122.28503010371844
    </LongitudeDegrees>
    </Position><AltitudeMeters>
      117.46367721538991
    </AltitudeMeters><SensorState>
      Present
    </SensorState>
    </Trackpoint>
<Trackpoint>
      <Time>
      2025-04-30T13:38:16.449Z
    </Time><SensorState>
      Present
    </SensorState><Extensions>
      <TPX xmlns="http://www.garmin.com/xmlschemas/ActivityExtension/v2">
      <nax:Nax>
      <nax:DescentInMeters>
      0.03963470458984375
    </nax:DescentInMeters>
    </nax:Nax>
    </TPX>
    </Extensions>
    </Trackpoint>
<Trackpoint>
      <Time>
      2025-04-30T13:38:17.507Z
    </Time><SensorState>
      Present
    </SensorState><Extensions>
      <TPX xmlns="http://www.garmin.com/xmlschemas/ActivityExtension/v2">
      <nax:Nax>
      <nax:DescentInMeters>
      0.04227638244628906
    </nax:DescentInMeters>
    </nax:Nax>
    </TPX>
    </Extensions>
    </Trackpoint>
<Trackpoint>
      <Time>
      2025-04-30T13:38:18.117Z
    </Time><SensorState>
      Present
    </SensorState><Extensions>
      <TPX xmlns="http://www.garmin.com/xmlschemas/ActivityExtension/v2">
      <ns3:Speed>
      2.5715770532894533
    </ns3:Speed><nax:Nax>
      <nax:Pace>
      6.481107243256572
    </nax:Pace>
    </nax:Nax>
    </TPX>
    </Extensions>
    </Trackpoint>
<Trackpoint>
      <Time>
      2025-04-30T13:38:18.118Z
    </Time><DistanceMeters>
      5.298480815836228
    </DistanceMeters><Cadence>
      168.40129852294922
    </Cadence><SensorState>
      Present
    </SensorState>
    </Trackpoint>
<Trackpoint>
      <Time>
      2025-04-30T13:38:18.566Z
    </Time><SensorState>
      Present
    </SensorState><Extensions>
      <TPX xmlns="http://www.garmin.com/xmlschemas/ActivityExtension/v2">
      <nax:Nax>
      <nax:DescentInMeters>
      0.02378082275390625
    </nax:DescentInMeters>
    </nax:Nax>
    </TPX>
    </Extensions>
    </Trackpoint>
<Trackpoint>
      <Time>
      2025-04-30T13:38:19.625Z
    </Time><SensorState>
      Present
    </SensorState><Extensions>
      <TPX xmlns="http://www.garmin.com/xmlschemas/ActivityExtension/v2">
      <nax:Nax>
      <nax:DescentInMeters>
      0.0475616455078125
    </nax:DescentInMeters>
    </nax:Nax>
    </TPX>
    </Extensions>
    </Trackpoint>
<Trackpoint>
      <Time>
      2025-04-30T13:38:20.672Z
    </Time><DistanceMeters>
      5.105063715833239
    </DistanceMeters><SensorState>
      Present
    </SensorState><Extensions>
      <TPX xmlns="http://www.garmin.com/xmlschemas/ActivityExtension/v2">
      <ns3:Speed>
      2.5659753232603086
    </ns3:Speed><nax:Nax>
      <nax:Pace>
      6.495256020424284
    </nax:Pace>
    </nax:Nax>
    </TPX>
    </Extensions>
    </Trackpoint>
<Trackpoint>
      <Time>
      2025-04-30T13:38:20.673Z
    </Time><Cadence>
      168.82840633392334
    </Cadence><SensorState>
      Present
    </SensorState>
    </Trackpoint>
<Trackpoint>
      <Time>
      2025-04-30T13:38:20.684Z
    </Time><SensorState>
      Present
    </SensorState><Extensions>
      <TPX xmlns="http://www.garmin.com/xmlschemas/ActivityExtension/v2">
      <nax:Nax>
      <nax:DescentInMeters>
      0.029066085815429688
    </nax:DescentInMeters>
    </nax:Nax>
    </TPX>
    </Extensions>
    </Trackpoint>
<Trackpoint>
      <Time>
      2025-04-30T13:38:21.001Z
    </Time><Position>
      <LatitudeDegrees>
      47.43085025800233
    </LatitudeDegrees><LongitudeDegrees>
      -122.28486630213959
    </LongitudeDegrees>
    </Position><AltitudeMeters>
      117.0797945363447
    </AltitudeMeters><SensorState>
      Present
    </SensorState>
    </Trackpoint>
<Trackpoint>
      <Time>
      2025-04-30T13:38:21.743Z
    </Time><SensorState>
      Present
    </SensorState><Extensions>
      <TPX xmlns="http://www.garmin.com/xmlschemas/ActivityExtension/v2">
      <nax:Nax>
      <nax:DescentInMeters>
      0.03699302673339844
    </nax:DescentInMeters>
    </nax:Nax>
    </TPX>
    </Extensions>
    </Trackpoint>
<Trackpoint>
      <Time>
      2025-04-30T13:38:22.000Z
    </Time><SensorState>
      Present
    </SensorState><Extensions>
      <TPX xmlns="http://www.garmin.com/xmlschemas/ActivityExtension/v2">
      <nax:Nax>
      <nax:NikeFuel>
      6.680176317719514
    </nax:NikeFuel>
    </nax:Nax>
    </TPX>
    </Extensions>
    </Trackpoint>
<Trackpoint>
      <Time>
      2025-04-30T13:38:22.802Z
    </Time><SensorState>
      Present
    </SensorState><Extensions>
      <TPX xmlns="http://www.garmin.com/xmlschemas/ActivityExtension/v2">
      <nax:Nax>
      <nax:DescentInMeters>
      0.02378082275390625
    </nax:DescentInMeters>
    </nax:Nax>
    </TPX>
    </Extensions>
    </Trackpoint>
<Trackpoint>
      <Time>
      2025-04-30T13:38:23.227Z
    </Time><SensorState>
      Present
    </SensorState><Extensions>
      <TPX xmlns="http://www.garmin.com/xmlschemas/ActivityExtension/v2">
      <ns3:Speed>
      2.5606425190470423
    </ns3:Speed><nax:Nax>
      <nax:Pace>
      6.508783066239664
    </nax:Pace>
    </nax:Nax>
    </TPX>
    </Extensions>
    </Trackpoint>
<Trackpoint>
      <Time>
      2025-04-30T13:38:23.228Z
    </Time><DistanceMeters>
      6.838875255663879
    </DistanceMeters><Cadence>
      168.62857818603516
    </Cadence><SensorState>
      Present
    </SensorState>
    </Trackpoint>
<Trackpoint>
      <Time>
      2025-04-30T13:38:23.860Z
    </Time><SensorState>
      Present
    </SensorState><Extensions>
      <TPX xmlns="http://www.garmin.com/xmlschemas/ActivityExtension/v2">
      <nax:Nax>
      <nax:DescentInMeters>
      0.05284690856933594
    </nax:DescentInMeters>
    </nax:Nax>
    </TPX>
    </Extensions>
    </Trackpoint>
<Trackpoint>
      <Time>
      2025-04-30T13:38:24.919Z
    </Time><SensorState>
      Present
    </SensorState><Extensions>
      <TPX xmlns="http://www.garmin.com/xmlschemas/ActivityExtension/v2">
      <nax:Nax>
      <nax:DescentInMeters>
      0.013210296630859375
    </nax:DescentInMeters>
    </nax:Nax>
    </TPX>
    </Extensions>
    </Trackpoint>
<Trackpoint>
      <Time>
      2025-04-30T13:38:25.782Z
    </Time><SensorState>
      Present
    </SensorState><Extensions>
      <TPX xmlns="http://www.garmin.com/xmlschemas/ActivityExtension/v2">
      <ns3:Speed>
      2.5548551614104174
    </ns3:Speed><nax:Nax>
      <nax:Pace>
      6.523527015702045
    </nax:Pace>
    </nax:Nax>
    </TPX>
    </Extensions>
    </Trackpoint>
<Trackpoint>
      <Time>
      2025-04-30T13:38:25.783Z
    </Time><DistanceMeters>
      6.870119801256806
    </DistanceMeters><Cadence>
      168.5271120071411
    </Cadence><SensorState>
      Present
    </SensorState>
    </Trackpoint>
<Trackpoint>
      <Time>
      2025-04-30T13:38:25.978Z
    </Time><SensorState>
      Present
    </SensorState><Extensions>
      <TPX xmlns="http://www.garmin.com/xmlschemas/ActivityExtension/v2">
      <nax:Nax>
      <nax:DescentInMeters>
      0.02378082275390625
    </nax:DescentInMeters>
    </nax:Nax>
    </TPX>
    </Extensions>
    </Trackpoint>
<Trackpoint>
      <Time>
      2025-04-30T13:38:26.001Z
    </Time><Position>
      <LatitudeDegrees>
      47.43087292756321
    </LatitudeDegrees><LongitudeDegrees>
      -122.28470693544422
    </LongitudeDegrees>
    </Position><AltitudeMeters>
      117.95068792905658
    </AltitudeMeters><SensorState>
      Present
    </SensorState>
    </Trackpoint>
<Trackpoint>
      <Time>
      2025-04-30T13:38:27.037Z
    </Time><SensorState>
      Present
    </SensorState><Extensions>
      <TPX xmlns="http://www.garmin.com/xmlschemas/ActivityExtension/v2">
      <nax:Nax>
      <nax:DescentInMeters>
      0.002643585205078125
    </nax:DescentInMeters>
    </nax:Nax>
    </TPX>
    </Extensions>
    </Trackpoint>
<Trackpoint>
      <Time>
      2025-04-30T13:38:28.096Z
    </Time><SensorState>
      Present
    </SensorState><Extensions>
      <TPX xmlns="http://www.garmin.com/xmlschemas/ActivityExtension/v2">
      <nax:Nax>
      <nax:DescentInMeters>
      0.005283355712890625
    </nax:DescentInMeters>
    </nax:Nax>
    </TPX>
    </Extensions>
    </Trackpoint>
<Trackpoint>
      <Time>
      2025-04-30T13:38:28.337Z
    </Time><DistanceMeters>
      5.078384537016973
    </DistanceMeters><SensorState>
      Present
    </SensorState><Extensions>
      <TPX xmlns="http://www.garmin.com/xmlschemas/ActivityExtension/v2">
      <ns3:Speed>
      2.5489298020310573
    </ns3:Speed><nax:Nax>
      <nax:Pace>
      6.538691906456666
    </nax:Pace>
    </nax:Nax>
    </TPX>
    </Extensions>
    </Trackpoint>
<Trackpoint>
      <Time>
      2025-04-30T13:38:28.338Z
    </Time><Cadence>
      168.52001667022705
    </Cadence><SensorState>
      Present
    </SensorState>
    </Trackpoint>
<Trackpoint>
      <Time>
      2025-04-30T13:38:29.154Z
    </Time><SensorState>
      Present
    </SensorState><Extensions>
      <TPX xmlns="http://www.garmin.com/xmlschemas/ActivityExtension/v2">
      <nax:Nax>
      <nax:DescentInMeters>
      0.002643585205078125
    </nax:DescentInMeters>
    </nax:Nax>
    </TPX>
    </Extensions>
    </Trackpoint>
<Trackpoint>
      <Time>
      2025-04-30T13:38:30.212Z
    </Time><SensorState>
      Present
    </SensorState><Extensions>
      <TPX xmlns="http://www.garmin.com/xmlschemas/ActivityExtension/v2">
      <nax:Nax>
      <nax:DescentInMeters>
      0.021137237548828125
    </nax:DescentInMeters>
    </nax:Nax>
    </TPX>
    </Extensions>
    </Trackpoint>
<Trackpoint>
      <Time>
      2025-04-30T13:38:30.894Z
    </Time><SensorState>
      Present
    </SensorState><Extensions>
      <TPX xmlns="http://www.garmin.com/xmlschemas/ActivityExtension/v2">
      <ns3:Speed>
      2.542356434847306
    </ns3:Speed><nax:Nax>
      <nax:Pace>
      6.555597963456947
    </nax:Pace>
    </nax:Nax>
    </TPX>
    </Extensions>
    </Trackpoint>
<Trackpoint>
      <Time>
      2025-04-30T13:38:30.895Z
    </Time><DistanceMeters>
      7.5437050892505795
    </DistanceMeters><Cadence>
      168.56666564941406
    </Cadence><SensorState>
      Present
    </SensorState>
    </Trackpoint>
<Trackpoint>
      <Time>
      2025-04-30T13:38:31.001Z
    </Time><Position>
      <LatitudeDegrees>
      47.4308667195706
    </LatitudeDegrees><LongitudeDegrees>
      -122.28455081902658
    </LongitudeDegrees>
    </Position><AltitudeMeters>
      118.09154097549617
    </AltitudeMeters><SensorState>
      Present
    </SensorState>
    </Trackpoint>
<Trackpoint>
      <Time>
      2025-04-30T13:38:31.271Z
    </Time><SensorState>
      Present
    </SensorState><Extensions>
      <TPX xmlns="http://www.garmin.com/xmlschemas/ActivityExtension/v2">
      <nax:Nax>
      <nax:DescentInMeters>
      0.00792694091796875
    </nax:DescentInMeters>
    </nax:Nax>
    </TPX>
    </Extensions>
    </Trackpoint>
<Trackpoint>
      <Time>
      2025-04-30T13:38:32.000Z
    </Time><SensorState>
      Present
    </SensorState><Extensions>
      <TPX xmlns="http://www.garmin.com/xmlschemas/ActivityExtension/v2">
      <nax:Nax>
      <nax:NikeFuel>
      6.644302195604423
    </nax:NikeFuel>
    </nax:Nax>
    </TPX>
    </Extensions>
    </Trackpoint>
<Trackpoint>
      <Time>
      2025-04-30T13:38:32.330Z
    </Time><SensorState>
      Present
    </SensorState><Extensions>
      <TPX xmlns="http://www.garmin.com/xmlschemas/ActivityExtension/v2">
      <nax:Nax>
      <nax:DescentInMeters>
      0.05548858642578125
    </nax:DescentInMeters>
    </nax:Nax>
    </TPX>
    </Extensions>
    </Trackpoint>
<Trackpoint>
      <Time>
      2025-04-30T13:38:33.389Z
    </Time><SensorState>
      Present
    </SensorState><Extensions>
      <TPX xmlns="http://www.garmin.com/xmlschemas/ActivityExtension/v2">
      <nax:Nax>
      <nax:DescentInMeters>
      0.042278289794921875
    </nax:DescentInMeters>
    </nax:Nax>
    </TPX>
    </Extensions>
    </Trackpoint>
<Trackpoint>
      <Time>
      2025-04-30T13:38:33.449Z
    </Time><DistanceMeters>
      5.950084431795403
    </DistanceMeters><SensorState>
      Present
    </SensorState><Extensions>
      <TPX xmlns="http://www.garmin.com/xmlschemas/ActivityExtension/v2">
      <ns3:Speed>
      2.538897026475876
    </ns3:Speed><nax:Nax>
      <nax:Pace>
      6.564530381841002
    </nax:Pace>
    </nax:Nax>
    </TPX>
    </Extensions>
    </Trackpoint>
<Trackpoint>
      <Time>
      2025-04-30T13:38:33.450Z
    </Time><Cadence>
      168.723464012146
    </Cadence><SensorState>
      Present
    </SensorState>
    </Trackpoint>
<Trackpoint>
      <Time>
      2025-04-30T13:38:34.449Z
    </Time><SensorState>
      Present
    </SensorState><Extensions>
      <TPX xmlns="http://www.garmin.com/xmlschemas/ActivityExtension/v2">
      <nax:Nax>
      <nax:DescentInMeters>
      0.0792694091796875
    </nax:DescentInMeters>
    </nax:Nax>
    </TPX>
    </Extensions>
    </Trackpoint>
<Trackpoint>
      <Time>
      2025-04-30T13:38:35.001Z
    </Time><Position>
      <LatitudeDegrees>
      47.430834527086795
    </LatitudeDegrees><LongitudeDegrees>
      -122.28441257097757
    </LongitudeDegrees>
    </Position><AltitudeMeters>
      116.87936827074736
    </AltitudeMeters><SensorState>
      Present
    </SensorState>
    </Trackpoint>
<Trackpoint>
      <Time>
      2025-04-30T13:38:35.507Z
    </Time><SensorState>
      Present
    </SensorState><Extensions>
      <TPX xmlns="http://www.garmin.com/xmlschemas/ActivityExtension/v2">
      <nax:Nax>
      <nax:DescentInMeters>
      0.06341552734375
    </nax:DescentInMeters>
    </nax:Nax>
    </TPX>
    </Extensions>
    </Trackpoint>
<Trackpoint>
      <Time>
      2025-04-30T13:38:36.004Z
    </Time><SensorState>
      Present
    </SensorState><Extensions>
      <TPX xmlns="http://www.garmin.com/xmlschemas/ActivityExtension/v2">
      <ns3:Speed>
      2.537184941430512
    </ns3:Speed><nax:Nax>
      <nax:Pace>
      6.568960107917749
    </nax:Pace>
    </nax:Nax>
    </TPX>
    </Extensions>
    </Trackpoint>
<Trackpoint>
      <Time>
      2025-04-30T13:38:36.005Z
    </Time><DistanceMeters>
      7.112107994151302
    </DistanceMeters><Cadence>
      168.723464012146
    </Cadence><SensorState>
      Present
    </SensorState>
    </Trackpoint>
<Trackpoint>
      <Time>
      2025-04-30T13:38:36.566Z
    </Time><SensorState>
      Present
    </SensorState><Extensions>
      <TPX xmlns="http://www.garmin.com/xmlschemas/ActivityExtension/v2">
      <nax:Nax>
      <nax:DescentInMeters>
      0.08983802795410156
    </nax:DescentInMeters>
    </nax:Nax>
    </TPX>
    </Extensions>
    </Trackpoint>
<Trackpoint>
      <Time>
      2025-04-30T13:38:37.625Z
    </Time><SensorState>
      Present
    </SensorState><Extensions>
      <TPX xmlns="http://www.garmin.com/xmlschemas/ActivityExtension/v2">
      <nax:Nax>
      <nax:DescentInMeters>
      0.07134246826171875
    </nax:DescentInMeters>
    </nax:Nax>
    </TPX>
    </Extensions>
    </Trackpoint>
<Trackpoint>
      <Time>
      2025-04-30T13:38:38.558Z
    </Time><SensorState>
      Present
    </SensorState><Extensions>
      <TPX xmlns="http://www.garmin.com/xmlschemas/ActivityExtension/v2">
      <ns3:Speed>
      2.536182368589445
    </ns3:Speed><nax:Nax>
      <nax:Pace>
      6.571556869522837
    </nax:Pace>
    </nax:Nax>
    </TPX>
    </Extensions>
    </Trackpoint>
<Trackpoint>
      <Time>
      2025-04-30T13:38:38.559Z
    </Time><DistanceMeters>
      6.985331674804911
    </DistanceMeters><Cadence>
      168.12111854553223
    </Cadence><SensorState>
      Present
    </SensorState>
    </Trackpoint>
<Trackpoint>
      <Time>
      2025-04-30T13:38:38.684Z
    </Time><SensorState>
      Present
    </SensorState><Extensions>
      <TPX xmlns="http://www.garmin.com/xmlschemas/ActivityExtension/v2">
      <nax:Nax>
      <nax:DescentInMeters>
      0.06077384948730469
    </nax:DescentInMeters>
    </nax:Nax>
    </TPX>
    </Extensions>
    </Trackpoint>
<Trackpoint>
      <Time>
      2025-04-30T13:38:39.001Z
    </Time><Position>
      <LatitudeDegrees>
      47.43080519652688
    </LatitudeDegrees><LongitudeDegrees>
      -122.28427876936375
    </LongitudeDegrees>
    </Position><AltitudeMeters>
      117.44141833577305
    </AltitudeMeters><SensorState>
      Present
    </SensorState>
    </Trackpoint>
<Trackpoint>
      <Time>
      2025-04-30T13:38:39.743Z
    </Time><SensorState>
      Present
    </SensorState><Extensions>
      <TPX xmlns="http://www.garmin.com/xmlschemas/ActivityExtension/v2">
      <nax:Nax>
      <nax:DescentInMeters>
      0.03963470458984375
    </nax:DescentInMeters>
    </nax:Nax>
    </TPX>
    </Extensions>
    </Trackpoint>
<Trackpoint>
      <Time>
      2025-04-30T13:38:40.802Z
    </Time><SensorState>
      Present
    </SensorState><Extensions>
      <TPX xmlns="http://www.garmin.com/xmlschemas/ActivityExtension/v2">
      <nax:Nax>
      <nax:DescentInMeters>
      0.026424407958984375
    </nax:DescentInMeters>
    </nax:Nax>
    </TPX>
    </Extensions>
    </Trackpoint>
<Trackpoint>
      <Time>
      2025-04-30T13:38:41.113Z
    </Time><DistanceMeters>
      5.3017162529286
    </DistanceMeters><SensorState>
      Present
    </SensorState><Extensions>
      <TPX xmlns="http://www.garmin.com/xmlschemas/ActivityExtension/v2">
      <ns3:Speed>
      2.5355403418509366
    </ns3:Speed><nax:Nax>
      <nax:Pace>
      6.5732208600948745
    </nax:Pace>
    </nax:Nax>
    </TPX>
    </Extensions>
    </Trackpoint>
<Trackpoint>
      <Time>
      2025-04-30T13:38:41.114Z
    </Time><Cadence>
      168.455171585083
    </Cadence><SensorState>
      Present
    </SensorState>
    </Trackpoint>
<Trackpoint>
      <Time>
      2025-04-30T13:38:41.860Z
    </Time><SensorState>
      Present
    </SensorState><Extensions>
      <TPX xmlns="http://www.garmin.com/xmlschemas/ActivityExtension/v2">
      <nax:Nax>
      <nax:DescentInMeters>
      0.013210296630859375
    </nax:DescentInMeters>
    </nax:Nax>
    </TPX>
    </Extensions>
    </Trackpoint>
<Trackpoint>
      <Time>
      2025-04-30T13:38:42.000Z
    </Time><SensorState>
      Present
    </SensorState><Extensions>
      <TPX xmlns="http://www.garmin.com/xmlschemas/ActivityExtension/v2">
      <nax:Nax>
      <nax:NikeFuel>
      6.637144139421521
    </nax:NikeFuel>
    </nax:Nax>
    </TPX>
    </Extensions>
    </Trackpoint>
<Trackpoint>
      <Time>
      2025-04-30T13:38:42.919Z
    </Time><SensorState>
      Present
    </SensorState><Extensions>
      <TPX xmlns="http://www.garmin.com/xmlschemas/ActivityExtension/v2">
      <nax:Nax>
      <nax:DescentInMeters>
      0.026424407958984375
    </nax:DescentInMeters>
    </nax:Nax>
    </TPX>
    </Extensions>
    </Trackpoint>
<Trackpoint>
      <Time>
      2025-04-30T13:38:43.668Z
    </Time><SensorState>
      Present
    </SensorState><Extensions>
      <TPX xmlns="http://www.garmin.com/xmlschemas/ActivityExtension/v2">
      <ns3:Speed>
      2.532891035960639
    </ns3:Speed><nax:Nax>
      <nax:Pace>
      6.580096194444294
    </nax:Pace>
    </nax:Nax>
    </TPX>
    </Extensions>
    </Trackpoint>
<Trackpoint>
      <Time>
      2025-04-30T13:38:43.669Z
    </Time><DistanceMeters>
      8.204209032468498
    </DistanceMeters><Cadence>
      168.455171585083
    </Cadence><SensorState>
      Present
    </SensorState>
    </Trackpoint>
<Trackpoint>
      <Time>
      2025-04-30T13:38:43.978Z
    </Time><SensorState>
      Present
    </SensorState><Extensions>
      <TPX xmlns="http://www.garmin.com/xmlschemas/ActivityExtension/v2">
      <nax:Nax>
      <nax:DescentInMeters>
      0.052845001220703125
    </nax:DescentInMeters>
    </nax:Nax>
    </TPX>
    </Extensions>
    </Trackpoint>
<Trackpoint>
      <Time>
      2025-04-30T13:38:44.001Z
    </Time><Position>
      <LatitudeDegrees>
      47.43071944856618
    </LatitudeDegrees><LongitudeDegrees>
      -122.28418383951188
    </LongitudeDegrees>
    </Position><AltitudeMeters>
      115.2636893177405
    </AltitudeMeters><SensorState>
      Present
    </SensorState>
    </Trackpoint>
<Trackpoint>
      <Time>
      2025-04-30T13:38:45.037Z
    </Time><SensorState>
      Present
    </SensorState><Extensions>
      <TPX xmlns="http://www.garmin.com/xmlschemas/ActivityExtension/v2">
      <nax:Nax>
      <nax:DescentInMeters>
      0.03963470458984375
    </nax:DescentInMeters>
    </nax:Nax>
    </TPX>
    </Extensions>
    </Trackpoint>
<Trackpoint>
      <Time>
      2025-04-30T13:38:46.096Z
    </Time><SensorState>
      Present
    </SensorState><Extensions>
      <TPX xmlns="http://www.garmin.com/xmlschemas/ActivityExtension/v2">
      <nax:Nax>
      <nax:DescentInMeters>
      0.06077384948730469
    </nax:DescentInMeters>
    </nax:Nax>
    </TPX>
    </Extensions>
    </Trackpoint>
<Trackpoint>
      <Time>
      2025-04-30T13:38:46.224Z
    </Time><SensorState>
      Present
    </SensorState><Extensions>
      <TPX xmlns="http://www.garmin.com/xmlschemas/ActivityExtension/v2">
      <ns3:Speed>
      2.533668132618546
    </ns3:Speed><nax:Nax>
      <nax:Pace>
      6.578078025333833
    </nax:Pace>
    </nax:Nax>
    </TPX>
    </Extensions>
    </Trackpoint>
<Trackpoint>
      <Time>
      2025-04-30T13:38:46.225Z
    </Time><DistanceMeters>
      6.56291728047654
    </DistanceMeters><Cadence>
      168.455171585083
    </Cadence><SensorState>
      Present
    </SensorState>
    </Trackpoint>
<Trackpoint>
      <Time>
      2025-04-30T13:38:47.155Z
    </Time><SensorState>
      Present
    </SensorState><Extensions>
      <TPX xmlns="http://www.garmin.com/xmlschemas/ActivityExtension/v2">
      <nax:Nax>
      <nax:DescentInMeters>
      0.029066085815429688
    </nax:DescentInMeters>
    </nax:Nax>
    </TPX>
    </Extensions>
    </Trackpoint>
<Trackpoint>
      <Time>
      2025-04-30T13:38:48.001Z
    </Time><Position>
      <LatitudeDegrees>
      47.4306166139996
    </LatitudeDegrees><LongitudeDegrees>
      -122.28417935112195
    </LongitudeDegrees>
    </Position><AltitudeMeters>
      115.20993080548942
    </AltitudeMeters><SensorState>
      Present
    </SensorState>
    </Trackpoint>
<Trackpoint>
      <Time>
      2025-04-30T13:38:48.212Z
    </Time><SensorState>
      Present
    </SensorState><Extensions>
      <TPX xmlns="http://www.garmin.com/xmlschemas/ActivityExtension/v2">
      <nax:Nax>
      <nax:DescentInMeters>
      0.029066085815429688
    </nax:DescentInMeters>
    </nax:Nax>
    </TPX>
    </Extensions>
    </Trackpoint>
<Trackpoint>
      <Time>
      2025-04-30T13:38:48.779Z
    </Time><SensorState>
      Present
    </SensorState><Extensions>
      <TPX xmlns="http://www.garmin.com/xmlschemas/ActivityExtension/v2">
      <ns3:Speed>
      2.5343469312802256
    </ns3:Speed><nax:Nax>
      <nax:Pace>
      6.57631615504492
    </nax:Pace>
    </nax:Nax>
    </TPX>
    </Extensions>
    </Trackpoint>
<Trackpoint>
      <Time>
      2025-04-30T13:38:48.780Z
    </Time><DistanceMeters>
      6.184088253066875
    </DistanceMeters><Cadence>
      167.59366035461426
    </Cadence><SensorState>
      Present
    </SensorState>
    </Trackpoint>
<Trackpoint>
      <Time>
      2025-04-30T13:38:51.334Z
    </Time><SensorState>
      Present
    </SensorState><Extensions>
      <TPX xmlns="http://www.garmin.com/xmlschemas/ActivityExtension/v2">
      <ns3:Speed>
      2.5351302986963162
    </ns3:Speed><nax:Nax>
      <nax:Pace>
      6.57428404182517
    </nax:Pace>
    </nax:Nax>
    </TPX>
    </Extensions>
    </Trackpoint>
<Trackpoint>
      <Time>
      2025-04-30T13:38:51.335Z
    </Time><DistanceMeters>
      4.897741427994333
    </DistanceMeters><Cadence>
      167.25910663604736
    </Cadence><SensorState>
      Present
    </SensorState>
    </Trackpoint>
<Trackpoint>
      <Time>
      2025-04-30T13:38:52.000Z
    </Time><SensorState>
      Present
    </SensorState><Extensions>
      <TPX xmlns="http://www.garmin.com/xmlschemas/ActivityExtension/v2">
      <nax:Nax>
      <nax:NikeFuel>
      6.642481049501388
    </nax:NikeFuel>
    </nax:Nax>
    </TPX>
    </Extensions>
    </Trackpoint>
<Trackpoint>
      <Time>
      2025-04-30T13:38:52.449Z
    </Time><SensorState>
      Present
    </SensorState><Extensions>
      <TPX xmlns="http://www.garmin.com/xmlschemas/ActivityExtension/v2">
      <nax:Nax>
      <nax:AscentInMeters>
      0.029064178466796875
    </nax:AscentInMeters>
    </nax:Nax>
    </TPX>
    </Extensions>
    </Trackpoint>
<Trackpoint>
      <Time>
      2025-04-30T13:38:53.001Z
    </Time><Position>
      <LatitudeDegrees>
      47.43050815802524
    </LatitudeDegrees><LongitudeDegrees>
      -122.284170442503
    </LongitudeDegrees>
    </Position><AltitudeMeters>
      115.41730585508049
    </AltitudeMeters><SensorState>
      Present
    </SensorState>
    </Trackpoint>
<Trackpoint>
      <Time>
      2025-04-30T13:38:53.507Z
    </Time><SensorState>
      Present
    </SensorState><Extensions>
      <TPX xmlns="http://www.garmin.com/xmlschemas/ActivityExtension/v2">
      <nax:Nax>
      <nax:AscentInMeters>
      0.05549049377441406
    </nax:AscentInMeters>
    </nax:Nax>
    </TPX>
    </Extensions>
    </Trackpoint>
<Trackpoint>
      <Time>
      2025-04-30T13:38:53.889Z
    </Time><DistanceMeters>
      7.489658814040013
    </DistanceMeters><SensorState>
      Present
    </SensorState><Extensions>
      <TPX xmlns="http://www.garmin.com/xmlschemas/ActivityExtension/v2">
      <ns3:Speed>
      2.534495475392455
    </ns3:Speed><nax:Nax>
      <nax:Pace>
      6.5759307240767155
    </nax:Pace>
    </nax:Nax>
    </TPX>
    </Extensions>
    </Trackpoint>
<Trackpoint>
      <Time>
      2025-04-30T13:38:53.890Z
    </Time><Cadence>
      167.25910663604736
    </Cadence><SensorState>
      Present
    </SensorState>
    </Trackpoint>
<Trackpoint>
      <Time>
      2025-04-30T13:38:54.566Z
    </Time><SensorState>
      Present
    </SensorState><Extensions>
      <TPX xmlns="http://www.garmin.com/xmlschemas/ActivityExtension/v2">
      <nax:Nax>
      <nax:AscentInMeters>
      0.05813026428222656
    </nax:AscentInMeters>
    </nax:Nax>
    </TPX>
    </Extensions>
    </Trackpoint>
<Trackpoint>
      <Time>
      2025-04-30T13:38:55.625Z
    </Time><SensorState>
      Present
    </SensorState><Extensions>
      <TPX xmlns="http://www.garmin.com/xmlschemas/ActivityExtension/v2">
      <nax:Nax>
      <nax:AscentInMeters>
      0.05813026428222656
    </nax:AscentInMeters>
    </nax:Nax>
    </TPX>
    </Extensions>
    </Trackpoint>
<Trackpoint>
      <Time>
      2025-04-30T13:38:56.444Z
    </Time><SensorState>
      Present
    </SensorState><Extensions>
      <TPX xmlns="http://www.garmin.com/xmlschemas/ActivityExtension/v2">
      <ns3:Speed>
      2.534913019821393
    </ns3:Speed><nax:Nax>
      <nax:Pace>
      6.574847553483702
    </nax:Pace>
    </nax:Nax>
    </TPX>
    </Extensions>
    </Trackpoint>
<Trackpoint>
      <Time>
      2025-04-30T13:38:56.445Z
    </Time><DistanceMeters>
      8.030454984284006
    </DistanceMeters><Cadence>
      166.80164337158203
    </Cadence><SensorState>
      Present
    </SensorState>
    </Trackpoint>
<Trackpoint>
      <Time>
      2025-04-30T13:38:56.684Z
    </Time><SensorState>
      Present
    </SensorState><Extensions>
      <TPX xmlns="http://www.garmin.com/xmlschemas/ActivityExtension/v2">
      <nax:Nax>
      <nax:AscentInMeters>
      0.07398605346679688
    </nax:AscentInMeters>
    </nax:Nax>
    </TPX>
    </Extensions>
    </Trackpoint>
<Trackpoint>
      <Time>
      2025-04-30T13:38:57.001Z
    </Time><Position>
      <LatitudeDegrees>
      47.43041065042184
    </LatitudeDegrees><LongitudeDegrees>
      -122.28418459844819
    </LongitudeDegrees>
    </Position><AltitudeMeters>
      115.87246497627348
    </AltitudeMeters><SensorState>
      Present
    </SensorState>
    </Trackpoint>
<Trackpoint>
      <Time>
      2025-04-30T13:38:57.743Z
    </Time><SensorState>
      Present
    </SensorState><Extensions>
      <TPX xmlns="http://www.garmin.com/xmlschemas/ActivityExtension/v2">
      <nax:Nax>
      <nax:AscentInMeters>
      0.07662773132324219
    </nax:AscentInMeters>
    </nax:Nax>
    </TPX>
    </Extensions>
    </Trackpoint>
<Trackpoint>
      <Time>
      2025-04-30T13:38:58.801Z
    </Time><SensorState>
      Present
    </SensorState><Extensions>
      <TPX xmlns="http://www.garmin.com/xmlschemas/ActivityExtension/v2">
      <nax:Nax>
      <nax:AscentInMeters>
      0.031707763671875
    </nax:AscentInMeters>
    </nax:Nax>
    </TPX>
    </Extensions>
    </Trackpoint>
<Trackpoint>
      <Time>
      2025-04-30T13:38:58.998Z
    </Time><SensorState>
      Present
    </SensorState><Extensions>
      <TPX xmlns="http://www.garmin.com/xmlschemas/ActivityExtension/v2">
      <ns3:Speed>
      2.5365737600608527
    </ns3:Speed><nax:Nax>
      <nax:Pace>
      6.5705428831160155
    </nax:Pace>
    </nax:Nax>
    </TPX>
    </Extensions>
    </Trackpoint>
<Trackpoint>
      <Time>
      2025-04-30T13:38:58.999Z
    </Time><DistanceMeters>
      5.843677541590296
    </DistanceMeters><Cadence>
      166.99593544006348
    </Cadence><SensorState>
      Present
    </SensorState>
    </Trackpoint>
<Trackpoint>
      <Time>
      2025-04-30T13:38:59.860Z
    </Time><SensorState>
      Present
    </SensorState><Extensions>
      <TPX xmlns="http://www.garmin.com/xmlschemas/ActivityExtension/v2">
      <nax:Nax>
      <nax:AscentInMeters>
      0.026422500610351562
    </nax:AscentInMeters>
    </nax:Nax>
    </TPX>
    </Extensions>
    </Trackpoint>
<Trackpoint>
      <Time>
      2025-04-30T13:39:00.919Z
    </Time><SensorState>
      Present
    </SensorState><Extensions>
      <TPX xmlns="http://www.garmin.com/xmlschemas/ActivityExtension/v2">
      <nax:Nax>
      <nax:AscentInMeters>
      0.0052852630615234375
    </nax:AscentInMeters>
    </nax:Nax>
    </TPX>
    </Extensions>
    </Trackpoint>
<Trackpoint>
      <Time>
      2025-04-30T13:39:01.001Z
    </Time><Position>
      <LatitudeDegrees>
      47.4303093437611
    </LatitudeDegrees><LongitudeDegrees>
      -122.28418883235423
    </LongitudeDegrees>
    </Position><AltitudeMeters>
      115.99763020128012
    </AltitudeMeters><SensorState>
      Present
    </SensorState>
    </Trackpoint>
<Trackpoint>
      <Time>
      2025-04-30T13:39:01.553Z
    </Time><SensorState>
      Present
    </SensorState><Extensions>
      <TPX xmlns="http://www.garmin.com/xmlschemas/ActivityExtension/v2">
      <ns3:Speed>
      2.5388283480979066
    </ns3:Speed><nax:Nax>
      <nax:Pace>
      6.564707960328769
    </nax:Pace>
    </nax:Nax>
    </TPX>
    </Extensions>
    </Trackpoint>
<Trackpoint>
      <Time>
      2025-04-30T13:39:01.554Z
    </Time><DistanceMeters>
      6.165075252531096
    </DistanceMeters><Cadence>
      166.7373561859131
    </Cadence><SensorState>
      Present
    </SensorState>
    </Trackpoint>
<Trackpoint>
      <Time>
      2025-04-30T13:39:01.978Z
    </Time><SensorState>
      Present
    </SensorState><Extensions>
      <TPX xmlns="http://www.garmin.com/xmlschemas/ActivityExtension/v2">
      <nax:Nax>
      <nax:AscentInMeters>
      0.044918060302734375
    </nax:AscentInMeters>
    </nax:Nax>
    </TPX>
    </Extensions>
    </Trackpoint>
<Trackpoint>
      <Time>
      2025-04-30T13:39:02.000Z
    </Time><SensorState>
      Present
    </SensorState><Extensions>
      <TPX xmlns="http://www.garmin.com/xmlschemas/ActivityExtension/v2">
      <nax:Nax>
      <nax:NikeFuel>
      6.643534144396008
    </nax:NikeFuel>
    </nax:Nax>
    </TPX>
    </Extensions>
    </Trackpoint>
<Trackpoint>
      <Time>
      2025-04-30T13:39:04.108Z
    </Time><SensorState>
      Present
    </SensorState><Extensions>
      <TPX xmlns="http://www.garmin.com/xmlschemas/ActivityExtension/v2">
      <ns3:Speed>
      2.5379221297641554
    </ns3:Speed><nax:Nax>
      <nax:Pace>
      6.56705202701214
    </nax:Pace>
    </nax:Nax>
    </TPX>
    </Extensions>
    </Trackpoint>
<Trackpoint>
      <Time>
      2025-04-30T13:39:04.109Z
    </Time><DistanceMeters>
      5.443173336214386
    </DistanceMeters><Cadence>
      166.53714179992676
    </Cadence><SensorState>
      Present
    </SensorState>
    </Trackpoint>
<Trackpoint>
      <Time>
      2025-04-30T13:39:06.000Z
    </Time><Position>
      <LatitudeDegrees>
      47.43021229239098
    </LatitudeDegrees><LongitudeDegrees>
      -122.28419236140242
    </LongitudeDegrees>
    </Position><AltitudeMeters>
      114.70200607180595
    </AltitudeMeters><SensorState>
      Present
    </SensorState>
    </Trackpoint>
<Trackpoint>
      <Time>
      2025-04-30T13:39:06.212Z
    </Time><SensorState>
      Present
    </SensorState><Extensions>
      <TPX xmlns="http://www.garmin.com/xmlschemas/ActivityExtension/v2">
      <nax:Nax>
      <nax:DescentInMeters>
      0.05020332336425781
    </nax:DescentInMeters>
    </nax:Nax>
    </TPX>
    </Extensions>
    </Trackpoint>
<Trackpoint>
      <Time>
      2025-04-30T13:39:06.663Z
    </Time><SensorState>
      Present
    </SensorState><Extensions>
      <TPX xmlns="http://www.garmin.com/xmlschemas/ActivityExtension/v2">
      <ns3:Speed>
      2.53694120509048
    </ns3:Speed><nax:Nax>
      <nax:Pace>
      6.569591220018933
    </nax:Pace>
    </nax:Nax>
    </TPX>
    </Extensions>
    </Trackpoint>
<Trackpoint>
      <Time>
      2025-04-30T13:39:06.664Z
    </Time><DistanceMeters>
      7.168446789262816
    </DistanceMeters><Cadence>
      166.27614498138428
    </Cadence><SensorState>
      Present
    </SensorState>
    </Trackpoint>
<Trackpoint>
      <Time>
      2025-04-30T13:39:07.271Z
    </Time><SensorState>
      Present
    </SensorState><Extensions>
      <TPX xmlns="http://www.garmin.com/xmlschemas/ActivityExtension/v2">
      <nax:Nax>
      <nax:DescentInMeters>
      0.09512519836425781
    </nax:DescentInMeters>
    </nax:Nax>
    </TPX>
    </Extensions>
    </Trackpoint>
<Trackpoint>
      <Time>
      2025-04-30T13:39:08.330Z
    </Time><SensorState>
      Present
    </SensorState><Extensions>
      <TPX xmlns="http://www.garmin.com/xmlschemas/ActivityExtension/v2">
      <nax:Nax>
      <nax:DescentInMeters>
      0.11626052856445312
    </nax:DescentInMeters>
    </nax:Nax>
    </TPX>
    </Extensions>
    </Trackpoint>
<Trackpoint>
      <Time>
      2025-04-30T13:39:09.217Z
    </Time><SensorState>
      Present
    </SensorState><Extensions>
      <TPX xmlns="http://www.garmin.com/xmlschemas/ActivityExtension/v2">
      <ns3:Speed>
      2.5357996466233965
    </ns3:Speed><nax:Nax>
      <nax:Pace>
      6.572548698340405
    </nax:Pace>
    </nax:Nax>
    </TPX>
    </Extensions>
    </Trackpoint>
<Trackpoint>
      <Time>
      2025-04-30T13:39:09.218Z
    </Time><DistanceMeters>
      7.035705924383365
    </DistanceMeters><Cadence>
      166.40706539154053
    </Cadence><SensorState>
      Present
    </SensorState>
    </Trackpoint>
<Trackpoint>
      <Time>
      2025-04-30T13:39:09.389Z
    </Time><SensorState>
      Present
    </SensorState><Extensions>
      <TPX xmlns="http://www.garmin.com/xmlschemas/ActivityExtension/v2">
      <nax:Nax>
      <nax:DescentInMeters>
      0.13475990295410156
    </nax:DescentInMeters>
    </nax:Nax>
    </TPX>
    </Extensions>
    </Trackpoint>
<Trackpoint>
      <Time>
      2025-04-30T13:39:10.000Z
    </Time><Position>
      <LatitudeDegrees>
      47.43011869887878
    </LatitudeDegrees><LongitudeDegrees>
      -122.2841892219097
    </LongitudeDegrees>
    </Position><AltitudeMeters>
      114.85916471201926
    </AltitudeMeters><SensorState>
      Present
    </SensorState>
    </Trackpoint>
<Trackpoint>
      <Time>
      2025-04-30T13:39:10.448Z
    </Time><SensorState>
      Present
    </SensorState><Extensions>
      <TPX xmlns="http://www.garmin.com/xmlschemas/ActivityExtension/v2">
      <nax:Nax>
      <nax:DescentInMeters>
      0.16646575927734375
    </nax:DescentInMeters>
    </nax:Nax>
    </TPX>
    </Extensions>
    </Trackpoint>
<Trackpoint>
      <Time>
      2025-04-30T13:39:11.507Z
    </Time><SensorState>
      Present
    </SensorState><Extensions>
      <TPX xmlns="http://www.garmin.com/xmlschemas/ActivityExtension/v2">
      <nax:Nax>
      <nax:DescentInMeters>
      0.15061187744140625
    </nax:DescentInMeters>
    </nax:Nax>
    </TPX>
    </Extensions>
    </Trackpoint>
<Trackpoint>
      <Time>
      2025-04-30T13:39:11.772Z
    </Time><SensorState>
      Present
    </SensorState><Extensions>
      <TPX xmlns="http://www.garmin.com/xmlschemas/ActivityExtension/v2">
      <ns3:Speed>
      2.535878973961354
    </ns3:Speed><nax:Nax>
      <nax:Pace>
      6.57234309594487
    </nax:Pace>
    </nax:Nax>
    </TPX>
    </Extensions>
    </Trackpoint>
<Trackpoint>
      <Time>
      2025-04-30T13:39:11.773Z
    </Time><DistanceMeters>
      7.516642879927531
    </DistanceMeters><Cadence>
      166.40706539154053
    </Cadence><SensorState>
      Present
    </SensorState>
    </Trackpoint>
<Trackpoint>
      <Time>
      2025-04-30T13:39:12.000Z
    </Time><SensorState>
      Present
    </SensorState><Extensions>
      <TPX xmlns="http://www.garmin.com/xmlschemas/ActivityExtension/v2">
      <nax:Nax>
      <nax:NikeFuel>
      6.655252626858381
    </nax:NikeFuel>
    </nax:Nax>
    </TPX>
    </Extensions>
    </Trackpoint>
<Trackpoint>
      <Time>
      2025-04-30T13:39:12.566Z
    </Time><SensorState>
      Present
    </SensorState><Extensions>
      <TPX xmlns="http://www.garmin.com/xmlschemas/ActivityExtension/v2">
      <nax:Nax>
      <nax:DescentInMeters>
      0.14797019958496094
    </nax:DescentInMeters>
    </nax:Nax>
    </TPX>
    </Extensions>
    </Trackpoint>
<Trackpoint>
      <Time>
      2025-04-30T13:39:13.624Z
    </Time><SensorState>
      Present
    </SensorState><Extensions>
      <TPX xmlns="http://www.garmin.com/xmlschemas/ActivityExtension/v2">
      <nax:Nax>
      <nax:DescentInMeters>
      0.1426849365234375
    </nax:DescentInMeters>
    </nax:Nax>
    </TPX>
    </Extensions>
    </Trackpoint>
<Trackpoint>
      <Time>
      2025-04-30T13:39:14.000Z
    </Time><Position>
      <LatitudeDegrees>
      47.43000830898548
    </LatitudeDegrees><LongitudeDegrees>
      -122.28419005090453
    </LongitudeDegrees>
    </Position><AltitudeMeters>
      114.21362251508981
    </AltitudeMeters><SensorState>
      Present
    </SensorState>
    </Trackpoint>
<Trackpoint>
      <Time>
      2025-04-30T13:39:14.327Z
    </Time><SensorState>
      Present
    </SensorState><Extensions>
      <TPX xmlns="http://www.garmin.com/xmlschemas/ActivityExtension/v2">
      <ns3:Speed>
      2.5381026033405303
    </ns3:Speed><nax:Nax>
      <nax:Pace>
      6.5665850721443615
    </nax:Pace>
    </nax:Nax>
    </TPX>
    </Extensions>
    </Trackpoint>
<Trackpoint>
      <Time>
      2025-04-30T13:39:14.328Z
    </Time><DistanceMeters>
      7.009817395708524
    </DistanceMeters><Cadence>
      165.89232444763184
    </Cadence><SensorState>
      Present
    </SensorState>
    </Trackpoint>
<Trackpoint>
      <Time>
      2025-04-30T13:39:14.683Z
    </Time><SensorState>
      Present
    </SensorState><Extensions>
      <TPX xmlns="http://www.garmin.com/xmlschemas/ActivityExtension/v2">
      <nax:Nax>
      <nax:DescentInMeters>
      0.16382408142089844
    </nax:DescentInMeters>
    </nax:Nax>
    </TPX>
    </Extensions>
    </Trackpoint>
<Trackpoint>
      <Time>
      2025-04-30T13:39:15.742Z
    </Time><SensorState>
      Present
    </SensorState><Extensions>
      <TPX xmlns="http://www.garmin.com/xmlschemas/ActivityExtension/v2">
      <nax:Nax>
      <nax:DescentInMeters>
      0.12418937683105469
    </nax:DescentInMeters>
    </nax:Nax>
    </TPX>
    </Extensions>
    </Trackpoint>
<Trackpoint>
      <Time>
      2025-04-30T13:39:16.801Z
    </Time><SensorState>
      Present
    </SensorState><Extensions>
      <TPX xmlns="http://www.garmin.com/xmlschemas/ActivityExtension/v2">
      <nax:Nax>
      <nax:DescentInMeters>
      0.1294727325439453
    </nax:DescentInMeters>
    </nax:Nax>
    </TPX>
    </Extensions>
    </Trackpoint>
<Trackpoint>
      <Time>
      2025-04-30T13:39:16.882Z
    </Time><SensorState>
      Present
    </SensorState><Extensions>
      <TPX xmlns="http://www.garmin.com/xmlschemas/ActivityExtension/v2">
      <ns3:Speed>
      2.5401148884106406
    </ns3:Speed><nax:Nax>
      <nax:Pace>
      6.5613830077957855
    </nax:Pace>
    </nax:Nax>
    </TPX>
    </Extensions>
    </Trackpoint>
<Trackpoint>
      <Time>
      2025-04-30T13:39:16.883Z
    </Time><DistanceMeters>
      6.325313172652386
    </DistanceMeters><Cadence>
      165.35529613494873
    </Cadence><SensorState>
      Present
    </SensorState>
    </Trackpoint>
<Trackpoint>
      <Time>
      2025-04-30T13:39:17.859Z
    </Time><SensorState>
      Present
    </SensorState><Extensions>
      <TPX xmlns="http://www.garmin.com/xmlschemas/ActivityExtension/v2">
      <nax:Nax>
      <nax:DescentInMeters>
      0.12418937683105469
    </nax:DescentInMeters>
    </nax:Nax>
    </TPX>
    </Extensions>
    </Trackpoint>
<Trackpoint>
      <Time>
      2025-04-30T13:39:18.918Z
    </Time><SensorState>
      Present
    </SensorState><Extensions>
      <TPX xmlns="http://www.garmin.com/xmlschemas/ActivityExtension/v2">
      <nax:Nax>
      <nax:DescentInMeters>
      0.1453266143798828
    </nax:DescentInMeters>
    </nax:Nax>
    </TPX>
    </Extensions>
    </Trackpoint>
<Trackpoint>
      <Time>
      2025-04-30T13:39:19.001Z
    </Time><Position>
      <LatitudeDegrees>
      47.42989327026096
    </LatitudeDegrees><LongitudeDegrees>
      -122.28419288477666
    </LongitudeDegrees>
    </Position><AltitudeMeters>
      113.81303636357188
    </AltitudeMeters><SensorState>
      Present
    </SensorState>
    </Trackpoint>
<Trackpoint>
      <Time>
      2025-04-30T13:39:19.437Z
    </Time><SensorState>
      Present
    </SensorState><Extensions>
      <TPX xmlns="http://www.garmin.com/xmlschemas/ActivityExtension/v2">
      <ns3:Speed>
      2.54201890031977
    </ns3:Speed><nax:Nax>
      <nax:Pace>
      6.556468429314237
    </nax:Pace>
    </nax:Nax>
    </TPX>
    </Extensions>
    </Trackpoint>
<Trackpoint>
      <Time>
      2025-04-30T13:39:19.438Z
    </Time><DistanceMeters>
      7.776827465975657
    </DistanceMeters><Cadence>
      165.2783489227295
    </Cadence><SensorState>
      Present
    </SensorState>
    </Trackpoint>
<Trackpoint>
      <Time>
      2025-04-30T13:39:19.977Z
    </Time><SensorState>
      Present
    </SensorState><Extensions>
      <TPX xmlns="http://www.garmin.com/xmlschemas/ActivityExtension/v2">
      <nax:Nax>
      <nax:DescentInMeters>
      0.1400432586669922
    </nax:DescentInMeters>
    </nax:Nax>
    </TPX>
    </Extensions>
    </Trackpoint>
<Trackpoint>
      <Time>
      2025-04-30T13:39:21.034Z
    </Time><SensorState>
      Present
    </SensorState><Extensions>
      <TPX xmlns="http://www.garmin.com/xmlschemas/ActivityExtension/v2">
      <nax:Nax>
      <nax:DescentInMeters>
      0.14797019958496094
    </nax:DescentInMeters>
    </nax:Nax>
    </TPX>
    </Extensions>
    </Trackpoint>
<Trackpoint>
      <Time>
      2025-04-30T13:39:21.992Z
    </Time><SensorState>
      Present
    </SensorState><Extensions>
      <TPX xmlns="http://www.garmin.com/xmlschemas/ActivityExtension/v2">
      <ns3:Speed>
      2.5455714613748146
    </ns3:Speed><nax:Nax>
      <nax:Pace>
      6.54731832107566
    </nax:Pace>
    </nax:Nax>
    </TPX>
    </Extensions>
    </Trackpoint>
<Trackpoint>
      <Time>
      2025-04-30T13:39:21.993Z
    </Time><DistanceMeters>
      7.544934756588191
    </DistanceMeters><Cadence>
      165.80320358276367
    </Cadence><SensorState>
      Present
    </SensorState>
    </Trackpoint>
<Trackpoint>
      <Time>
      2025-04-30T13:39:22.000Z
    </Time><SensorState>
      Present
    </SensorState><Extensions>
      <TPX xmlns="http://www.garmin.com/xmlschemas/ActivityExtension/v2">
      <nax:Nax>
      <nax:NikeFuel>
      6.6867545386766
    </nax:NikeFuel>
    </nax:Nax>
    </TPX>
    </Extensions>
    </Trackpoint>
<Trackpoint>
      <Time>
      2025-04-30T13:39:22.093Z
    </Time><SensorState>
      Present
    </SensorState><Extensions>
      <TPX xmlns="http://www.garmin.com/xmlschemas/ActivityExtension/v2">
      <nax:Nax>
      <nax:DescentInMeters>
      0.16118240356445312
    </nax:DescentInMeters>
    </nax:Nax>
    </TPX>
    </Extensions>
    </Trackpoint>
<Trackpoint>
      <Time>
      2025-04-30T13:39:23.001Z
    </Time><Position>
      <LatitudeDegrees>
      47.42978460558895
    </LatitudeDegrees><LongitudeDegrees>
      -122.28419510448926
    </LongitudeDegrees>
    </Position><AltitudeMeters>
      113.11301746126264
    </AltitudeMeters><SensorState>
      Present
    </SensorState>
    </Trackpoint>
<Trackpoint>
      <Time>
      2025-04-30T13:39:23.153Z
    </Time><SensorState>
      Present
    </SensorState><Extensions>
      <TPX xmlns="http://www.garmin.com/xmlschemas/ActivityExtension/v2">
      <nax:Nax>
      <nax:DescentInMeters>
      0.1453266143798828
    </nax:DescentInMeters>
    </nax:Nax>
    </TPX>
    </Extensions>
    </Trackpoint>
<Trackpoint>
      <Time>
      2025-04-30T13:39:24.211Z
    </Time><SensorState>
      Present
    </SensorState><Extensions>
      <TPX xmlns="http://www.garmin.com/xmlschemas/ActivityExtension/v2">
      <nax:Nax>
      <nax:DescentInMeters>
      0.16910934448242188
    </nax:DescentInMeters>
    </nax:Nax>
    </TPX>
    </Extensions>
    </Trackpoint>
<Trackpoint>
      <Time>
      2025-04-30T13:39:24.546Z
    </Time><SensorState>
      Present
    </SensorState><Extensions>
      <TPX xmlns="http://www.garmin.com/xmlschemas/ActivityExtension/v2">
      <ns3:Speed>
      2.550330896901465
    </ns3:Speed><nax:Nax>
      <nax:Pace>
      6.535099695069334
    </nax:Pace>
    </nax:Nax>
    </TPX>
    </Extensions>
    </Trackpoint>
<Trackpoint>
      <Time>
      2025-04-30T13:39:24.547Z
    </Time><DistanceMeters>
      7.306682946742512
    </DistanceMeters><Cadence>
      165.88540077209473
    </Cadence><SensorState>
      Present
    </SensorState>
    </Trackpoint>
<Trackpoint>
      <Time>
      2025-04-30T13:39:25.270Z
    </Time><SensorState>
      Present
    </SensorState><Extensions>
      <TPX xmlns="http://www.garmin.com/xmlschemas/ActivityExtension/v2">
      <nax:Nax>
      <nax:DescentInMeters>
      0.16382408142089844
    </nax:DescentInMeters>
    </nax:Nax>
    </TPX>
    </Extensions>
    </Trackpoint>
<Trackpoint>
      <Time>
      2025-04-30T13:39:26.329Z
    </Time><SensorState>
      Present
    </SensorState><Extensions>
      <TPX xmlns="http://www.garmin.com/xmlschemas/ActivityExtension/v2">
      <nax:Nax>
      <nax:DescentInMeters>
      0.1770343780517578
    </nax:DescentInMeters>
    </nax:Nax>
    </TPX>
    </Extensions>
    </Trackpoint>
<Trackpoint>
      <Time>
      2025-04-30T13:39:27.001Z
    </Time><Position>
      <LatitudeDegrees>
      47.4296823776194
    </LatitudeDegrees><LongitudeDegrees>
      -122.28418963171421
    </LongitudeDegrees>
    </Position><AltitudeMeters>
      112.80257783737034
    </AltitudeMeters><SensorState>
      Present
    </SensorState>
    </Trackpoint>
<Trackpoint>
      <Time>
      2025-04-30T13:39:27.101Z
    </Time><SensorState>
      Present
    </SensorState><Extensions>
      <TPX xmlns="http://www.garmin.com/xmlschemas/ActivityExtension/v2">
      <ns3:Speed>
      2.554634469123795
    </ns3:Speed><nax:Nax>
      <nax:Pace>
      6.524090576599441
    </nax:Pace>
    </nax:Nax>
    </TPX>
    </Extensions>
    </Trackpoint>
<Trackpoint>
      <Time>
      2025-04-30T13:39:27.102Z
    </Time><DistanceMeters>
      5.408149447059259
    </DistanceMeters><Cadence>
      166.0671329498291
    </Cadence><SensorState>
      Present
    </SensorState>
    </Trackpoint>
<Trackpoint>
      <Time>
      2025-04-30T13:39:27.387Z
    </Time><SensorState>
      Present
    </SensorState><Extensions>
      <TPX xmlns="http://www.garmin.com/xmlschemas/ActivityExtension/v2">
      <nax:Nax>
      <nax:DescentInMeters>
      0.1400432586669922
    </nax:DescentInMeters>
    </nax:Nax>
    </TPX>
    </Extensions>
    </Trackpoint>
<Trackpoint>
      <Time>
      2025-04-30T13:39:28.446Z
    </Time><SensorState>
      Present
    </SensorState><Extensions>
      <TPX xmlns="http://www.garmin.com/xmlschemas/ActivityExtension/v2">
      <nax:Nax>
      <nax:DescentInMeters>
      0.1743927001953125
    </nax:DescentInMeters>
    </nax:Nax>
    </TPX>
    </Extensions>
    </Trackpoint>
<Trackpoint>
      <Time>
      2025-04-30T13:39:29.504Z
    </Time><SensorState>
      Present
    </SensorState><Extensions>
      <TPX xmlns="http://www.garmin.com/xmlschemas/ActivityExtension/v2">
      <nax:Nax>
      <nax:DescentInMeters>
      0.12418937683105469
    </nax:DescentInMeters>
    </nax:Nax>
    </TPX>
    </Extensions>
    </Trackpoint>
<Trackpoint>
      <Time>
      2025-04-30T13:39:29.656Z
    </Time><SensorState>
      Present
    </SensorState><Extensions>
      <TPX xmlns="http://www.garmin.com/xmlschemas/ActivityExtension/v2">
      <ns3:Speed>
      2.558233818532817
    </ns3:Speed><nax:Nax>
      <nax:Pace>
      6.514911399390863
    </nax:Pace>
    </nax:Nax>
    </TPX>
    </Extensions>
    </Trackpoint>
<Trackpoint>
      <Time>
      2025-04-30T13:39:29.657Z
    </Time><DistanceMeters>
      6.839081489597447
    </DistanceMeters><Cadence>
      166.0671329498291
    </Cadence><SensorState>
      Present
    </SensorState>
    </Trackpoint>
<Trackpoint>
      <Time>
      2025-04-30T13:39:30.563Z
    </Time><SensorState>
      Present
    </SensorState><Extensions>
      <TPX xmlns="http://www.garmin.com/xmlschemas/ActivityExtension/v2">
      <nax:Nax>
      <nax:DescentInMeters>
      0.13740158081054688
    </nax:DescentInMeters>
    </nax:Nax>
    </TPX>
    </Extensions>
    </Trackpoint>
<Trackpoint>
      <Time>
      2025-04-30T13:39:31.622Z
    </Time><SensorState>
      Present
    </SensorState><Extensions>
      <TPX xmlns="http://www.garmin.com/xmlschemas/ActivityExtension/v2">
      <nax:Nax>
      <nax:DescentInMeters>
      0.09247970581054688
    </nax:DescentInMeters>
    </nax:Nax>
    </TPX>
    </Extensions>
    </Trackpoint>
<Trackpoint>
      <Time>
      2025-04-30T13:39:32.000Z
    </Time><SensorState>
      Present
    </SensorState><Extensions>
      <TPX xmlns="http://www.garmin.com/xmlschemas/ActivityExtension/v2">
      <nax:Nax>
      <nax:NikeFuel>
      6.713738514124217
    </nax:NikeFuel>
    </nax:Nax>
    </TPX>
    </Extensions>
    </Trackpoint>
<Trackpoint>
      <Time>
      2025-04-30T13:39:32.001Z
    </Time><Position>
      <LatitudeDegrees>
      47.42957238905785
    </LatitudeDegrees><LongitudeDegrees>
      -122.28419692094465
    </LongitudeDegrees>
    </Position><AltitudeMeters>
      112.194754736498
    </AltitudeMeters><SensorState>
      Present
    </SensorState>
    </Trackpoint>
<Trackpoint>
      <Time>
      2025-04-30T13:39:32.211Z
    </Time><SensorState>
      Present
    </SensorState><Extensions>
      <TPX xmlns="http://www.garmin.com/xmlschemas/ActivityExtension/v2">
      <ns3:Speed>
      2.5611034113744346
    </ns3:Speed><nax:Nax>
      <nax:Pace>
      6.507611755404432
    </nax:Pace>
    </nax:Nax>
    </TPX>
    </Extensions>
    </Trackpoint>
<Trackpoint>
      <Time>
      2025-04-30T13:39:32.212Z
    </Time><DistanceMeters>
      6.306161783868447
    </DistanceMeters><Cadence>
      166.0671329498291
    </Cadence><SensorState>
      Present
    </SensorState>
    </Trackpoint>
<Trackpoint>
      <Time>
      2025-04-30T13:39:32.679Z
    </Time><SensorState>
      Present
    </SensorState><Extensions>
      <TPX xmlns="http://www.garmin.com/xmlschemas/ActivityExtension/v2">
      <nax:Nax>
      <nax:DescentInMeters>
      0.1268310546875
    </nax:DescentInMeters>
    </nax:Nax>
    </TPX>
    </Extensions>
    </Trackpoint>
<Trackpoint>
      <Time>
      2025-04-30T13:39:33.738Z
    </Time><SensorState>
      Present
    </SensorState><Extensions>
      <TPX xmlns="http://www.garmin.com/xmlschemas/ActivityExtension/v2">
      <nax:Nax>
      <nax:DescentInMeters>
      0.12154769897460938
    </nax:DescentInMeters>
    </nax:Nax>
    </TPX>
    </Extensions>
    </Trackpoint>
<Trackpoint>
      <Time>
      2025-04-30T13:39:34.765Z
    </Time><SensorState>
      Present
    </SensorState><Extensions>
      <TPX xmlns="http://www.garmin.com/xmlschemas/ActivityExtension/v2">
      <ns3:Speed>
      2.564612097468143
    </ns3:Speed><nax:Nax>
      <nax:Pace>
      6.498708589544777
    </nax:Pace>
    </nax:Nax>
    </TPX>
    </Extensions>
    </Trackpoint>
<Trackpoint>
      <Time>
      2025-04-30T13:39:34.766Z
    </Time><DistanceMeters>
      7.652262686286122
    </DistanceMeters><Cadence>
      166.53053283691406
    </Cadence><SensorState>
      Present
    </SensorState>
    </Trackpoint>
<Trackpoint>
      <Time>
      2025-04-30T13:39:34.797Z
    </Time><SensorState>
      Present
    </SensorState><Extensions>
      <TPX xmlns="http://www.garmin.com/xmlschemas/ActivityExtension/v2">
      <nax:Nax>
      <nax:DescentInMeters>
      0.11890411376953125
    </nax:DescentInMeters>
    </nax:Nax>
    </TPX>
    </Extensions>
    </Trackpoint>
<Trackpoint>
      <Time>
      2025-04-30T13:39:35.856Z
    </Time><SensorState>
      Present
    </SensorState><Extensions>
      <TPX xmlns="http://www.garmin.com/xmlschemas/ActivityExtension/v2">
      <nax:Nax>
      <nax:DescentInMeters>
      0.0792694091796875
    </nax:DescentInMeters>
    </nax:Nax>
    </TPX>
    </Extensions>
    </Trackpoint>
<Trackpoint>
      <Time>
      2025-04-30T13:39:36.001Z
    </Time><Position>
      <LatitudeDegrees>
      47.4294735131427
    </LatitudeDegrees><LongitudeDegrees>
      -122.28421198353459
    </LongitudeDegrees>
    </Position><AltitudeMeters>
      112.97491623740643
    </AltitudeMeters><SensorState>
      Present
    </SensorState>
    </Trackpoint>
<Trackpoint>
      <Time>
      2025-04-30T13:39:36.915Z
    </Time><SensorState>
      Present
    </SensorState><Extensions>
      <TPX xmlns="http://www.garmin.com/xmlschemas/ActivityExtension/v2">
      <nax:Nax>
      <nax:DescentInMeters>
      0.10569381713867188
    </nax:DescentInMeters>
    </nax:Nax>
    </TPX>
    </Extensions>
    </Trackpoint>
<Trackpoint>
      <Time>
      2025-04-30T13:39:37.320Z
    </Time><SensorState>
      Present
    </SensorState><Extensions>
      <TPX xmlns="http://www.garmin.com/xmlschemas/ActivityExtension/v2">
      <ns3:Speed>
      2.5675443797838957
    </ns3:Speed><nax:Nax>
      <nax:Pace>
      6.49128669319027
    </nax:Pace>
    </nax:Nax>
    </TPX>
    </Extensions>
    </Trackpoint>
<Trackpoint>
      <Time>
      2025-04-30T13:39:37.321Z
    </Time><DistanceMeters>
      6.536499689682387
    </DistanceMeters><Cadence>
      166.93928718566895
    </Cadence><SensorState>
      Present
    </SensorState>
    </Trackpoint>
<Trackpoint>
      <Time>
      2025-04-30T13:39:37.974Z
    </Time><SensorState>
      Present
    </SensorState><Extensions>
      <TPX xmlns="http://www.garmin.com/xmlschemas/ActivityExtension/v2">
      <nax:Nax>
      <nax:DescentInMeters>
      0.07134246826171875
    </nax:DescentInMeters>
    </nax:Nax>
    </TPX>
    </Extensions>
    </Trackpoint>
<Trackpoint>
      <Time>
      2025-04-30T13:39:39.033Z
    </Time><SensorState>
      Present
    </SensorState><Extensions>
      <TPX xmlns="http://www.garmin.com/xmlschemas/ActivityExtension/v2">
      <nax:Nax>
      <nax:DescentInMeters>
      0.04227638244628906
    </nax:DescentInMeters>
    </nax:Nax>
    </TPX>
    </Extensions>
    </Trackpoint>
<Trackpoint>
      <Time>
      2025-04-30T13:39:39.875Z
    </Time><SensorState>
      Present
    </SensorState><Extensions>
      <TPX xmlns="http://www.garmin.com/xmlschemas/ActivityExtension/v2">
      <ns3:Speed>
      2.568702321195504
    </ns3:Speed><nax:Nax>
      <nax:Pace>
      6.488360495937033
    </nax:Pace>
    </nax:Nax>
    </TPX>
    </Extensions>
    </Trackpoint>
<Trackpoint>
      <Time>
      2025-04-30T13:39:39.876Z
    </Time><DistanceMeters>
      5.7666399193694815
    </DistanceMeters><Cadence>
      166.73855781555176
    </Cadence><SensorState>
      Present
    </SensorState>
    </Trackpoint>
<Trackpoint>
      <Time>
      2025-04-30T13:39:40.001Z
    </Time><Position>
      <LatitudeDegrees>
      47.429396327244596
    </LatitudeDegrees><LongitudeDegrees>
      -122.28428358953134
    </LongitudeDegrees>
    </Position><AltitudeMeters>
      111.76491002738476
    </AltitudeMeters><SensorState>
      Present
    </SensorState>
    </Trackpoint>
<Trackpoint>
      <Time>
      2025-04-30T13:39:40.091Z
    </Time><SensorState>
      Present
    </SensorState><Extensions>
      <TPX xmlns="http://www.garmin.com/xmlschemas/ActivityExtension/v2">
      <nax:Nax>
      <nax:DescentInMeters>
      0.031707763671875
    </nax:DescentInMeters>
    </nax:Nax>
    </TPX>
    </Extensions>
    </Trackpoint>
<Trackpoint>
      <Time>
      2025-04-30T13:39:41.150Z
    </Time><SensorState>
      Present
    </SensorState><Extensions>
      <TPX xmlns="http://www.garmin.com/xmlschemas/ActivityExtension/v2">
      <nax:Nax>
      <nax:DescentInMeters>
      0.0475616455078125
    </nax:DescentInMeters>
    </nax:Nax>
    </TPX>
    </Extensions>
    </Trackpoint>
<Trackpoint>
      <Time>
      2025-04-30T13:39:42.000Z
    </Time><SensorState>
      Present
    </SensorState><Extensions>
      <TPX xmlns="http://www.garmin.com/xmlschemas/ActivityExtension/v2">
      <nax:Nax>
      <nax:NikeFuel>
      6.732424707328956
    </nax:NikeFuel>
    </nax:Nax>
    </TPX>
    </Extensions>
    </Trackpoint>
<Trackpoint>
      <Time>
      2025-04-30T13:39:42.209Z
    </Time><SensorState>
      Present
    </SensorState><Extensions>
      <TPX xmlns="http://www.garmin.com/xmlschemas/ActivityExtension/v2">
      <nax:Nax>
      <nax:DescentInMeters>
      0.03963470458984375
    </nax:DescentInMeters>
    </nax:Nax>
    </TPX>
    </Extensions>
    </Trackpoint>
<Trackpoint>
      <Time>
      2025-04-30T13:39:42.430Z
    </Time><SensorState>
      Present
    </SensorState><Extensions>
      <TPX xmlns="http://www.garmin.com/xmlschemas/ActivityExtension/v2">
      <ns3:Speed>
      2.5704478449819845
    </ns3:Speed><nax:Nax>
      <nax:Pace>
      6.483954420317553
    </nax:Pace>
    </nax:Nax>
    </TPX>
    </Extensions>
    </Trackpoint>
<Trackpoint>
      <Time>
      2025-04-30T13:39:42.431Z
    </Time><DistanceMeters>
      7.477633496047929
    </DistanceMeters><Cadence>
      166.73855781555176
    </Cadence><SensorState>
      Present
    </SensorState>
    </Trackpoint>
<Trackpoint>
      <Time>
      2025-04-30T13:39:43.268Z
    </Time><SensorState>
      Present
    </SensorState><Extensions>
      <TPX xmlns="http://www.garmin.com/xmlschemas/ActivityExtension/v2">
      <nax:Nax>
      <nax:DescentInMeters>
      0.03963470458984375
    </nax:DescentInMeters>
    </nax:Nax>
    </TPX>
    </Extensions>
    </Trackpoint>
<Trackpoint>
      <Time>
      2025-04-30T13:39:44.001Z
    </Time><Position>
      <LatitudeDegrees>
      47.429339839624085
    </LatitudeDegrees><LongitudeDegrees>
      -122.28440384708314
    </LongitudeDegrees>
    </Position><AltitudeMeters>
      112.40125962439924
    </AltitudeMeters><SensorState>
      Present
    </SensorState>
    </Trackpoint>
<Trackpoint>
      <Time>
      2025-04-30T13:39:44.326Z
    </Time><SensorState>
      Present
    </SensorState><Extensions>
      <TPX xmlns="http://www.garmin.com/xmlschemas/ActivityExtension/v2">
      <nax:Nax>
      <nax:DescentInMeters>
      0.02378082275390625
    </nax:DescentInMeters>
    </nax:Nax>
    </TPX>
    </Extensions>
    </Trackpoint>
<Trackpoint>
      <Time>
      2025-04-30T13:39:44.984Z
    </Time><SensorState>
      Present
    </SensorState><Extensions>
      <TPX xmlns="http://www.garmin.com/xmlschemas/ActivityExtension/v2">
      <ns3:Speed>
      2.571490801089632
    </ns3:Speed><nax:Nax>
      <nax:Pace>
      6.481324630678985
    </nax:Pace>
    </nax:Nax>
    </TPX>
    </Extensions>
    </Trackpoint>
<Trackpoint>
      <Time>
      2025-04-30T13:39:44.985Z
    </Time><DistanceMeters>
      8.329436624539085
    </DistanceMeters><Cadence>
      166.80842399597168
    </Cadence><SensorState>
      Present
    </SensorState>
    </Trackpoint>
<Trackpoint>
      <Time>
      2025-04-30T13:39:45.385Z
    </Time><SensorState>
      Present
    </SensorState><Extensions>
      <TPX xmlns="http://www.garmin.com/xmlschemas/ActivityExtension/v2">
      <nax:Nax>
      <nax:DescentInMeters>
      0.0158538818359375
    </nax:DescentInMeters>
    </nax:Nax>
    </TPX>
    </Extensions>
    </Trackpoint>
<Trackpoint>
      <Time>
      2025-04-30T13:39:47.539Z
    </Time><SensorState>
      Present
    </SensorState><Extensions>
      <TPX xmlns="http://www.garmin.com/xmlschemas/ActivityExtension/v2">
      <ns3:Speed>
      2.5742029465336786
    </ns3:Speed><nax:Nax>
      <nax:Pace>
      6.474495994618198
    </nax:Pace>
    </nax:Nax>
    </TPX>
    </Extensions>
    </Trackpoint>
<Trackpoint>
      <Time>
      2025-04-30T13:39:47.540Z
    </Time><DistanceMeters>
      5.539185584289953
    </DistanceMeters><Cadence>
      167.33821392059326
    </Cadence><SensorState>
      Present
    </SensorState>
    </Trackpoint>
<Trackpoint>
      <Time>
      2025-04-30T13:39:48.000Z
    </Time><Position>
      <LatitudeDegrees>
      47.42935809965618
    </LatitudeDegrees><LongitudeDegrees>
      -122.28456988669578
    </LongitudeDegrees>
    </Position><AltitudeMeters>
      112.37000085320324
    </AltitudeMeters><SensorState>
      Present
    </SensorState>
    </Trackpoint>
<Trackpoint>
      <Time>
      2025-04-30T13:39:49.620Z
    </Time><SensorState>
      Present
    </SensorState><Extensions>
      <TPX xmlns="http://www.garmin.com/xmlschemas/ActivityExtension/v2">
      <nax:Nax>
      <nax:AscentInMeters>
      0.021139144897460938
    </nax:AscentInMeters>
    </nax:Nax>
    </TPX>
    </Extensions>
    </Trackpoint>
<Trackpoint>
      <Time>
      2025-04-30T13:39:50.094Z
    </Time><SensorState>
      Present
    </SensorState><Extensions>
      <TPX xmlns="http://www.garmin.com/xmlschemas/ActivityExtension/v2">
      <ns3:Speed>
      2.5765418555310906
    </ns3:Speed><nax:Nax>
      <nax:Pace>
      6.468618637375578
    </nax:Pace>
    </nax:Nax>
    </TPX>
    </Extensions>
    </Trackpoint>
<Trackpoint>
      <Time>
      2025-04-30T13:39:50.095Z
    </Time><DistanceMeters>
      7.78188384976238
    </DistanceMeters><Cadence>
      167.2045612335205
    </Cadence><SensorState>
      Present
    </SensorState>
    </Trackpoint>
<Trackpoint>
      <Time>
      2025-04-30T13:39:50.679Z
    </Time><SensorState>
      Present
    </SensorState><Extensions>
      <TPX xmlns="http://www.garmin.com/xmlschemas/ActivityExtension/v2">
      <nax:Nax>
      <nax:AscentInMeters>
      0.05020332336425781
    </nax:AscentInMeters>
    </nax:Nax>
    </TPX>
    </Extensions>
    </Trackpoint>
<Trackpoint>
      <Time>
      2025-04-30T13:39:52.000Z
    </Time><Position>
      <LatitudeDegrees>
      47.42939638364501
    </LatitudeDegrees><LongitudeDegrees>
      -122.28469570132116
    </LongitudeDegrees>
    </Position><AltitudeMeters>
      111.50738016795367
    </AltitudeMeters><SensorState>
      Present
    </SensorState><Extensions>
      <TPX xmlns="http://www.garmin.com/xmlschemas/ActivityExtension/v2">
      <nax:Nax>
      <nax:NikeFuel>
      6.759956208713961
    </nax:NikeFuel>
    </nax:Nax>
    </TPX>
    </Extensions>
    </Trackpoint>
<Trackpoint>
      <Time>
      2025-04-30T13:39:52.649Z
    </Time><SensorState>
      Present
    </SensorState><Extensions>
      <TPX xmlns="http://www.garmin.com/xmlschemas/ActivityExtension/v2">
      <ns3:Speed>
      2.579422987579218
    </ns3:Speed><nax:Nax>
      <nax:Pace>
      6.461393399578986
    </nax:Pace>
    </nax:Nax>
    </TPX>
    </Extensions>
    </Trackpoint>
<Trackpoint>
      <Time>
      2025-04-30T13:39:52.650Z
    </Time><DistanceMeters>
      6.16784723859746
    </DistanceMeters><Cadence>
      168.20021152496338
    </Cadence><SensorState>
      Present
    </SensorState>
    </Trackpoint>
<Trackpoint>
      <Time>
      2025-04-30T13:39:54.913Z
    </Time><SensorState>
      Present
    </SensorState><Extensions>
      <TPX xmlns="http://www.garmin.com/xmlschemas/ActivityExtension/v2">
      <nax:Nax>
      <nax:DescentInMeters>
      0.0158538818359375
    </nax:DescentInMeters>
    </nax:Nax>
    </TPX>
    </Extensions>
    </Trackpoint>
<Trackpoint>
      <Time>
      2025-04-30T13:39:55.000Z
    </Time><Position>
      <LatitudeDegrees>
      47.42945275298998
    </LatitudeDegrees><LongitudeDegrees>
      -122.2848042125268
    </LongitudeDegrees>
    </Position><AltitudeMeters>
      111.76152937766165
    </AltitudeMeters><SensorState>
      Present
    </SensorState>
    </Trackpoint>
<Trackpoint>
      <Time>
      2025-04-30T13:39:55.203Z
    </Time><SensorState>
      Present
    </SensorState><Extensions>
      <TPX xmlns="http://www.garmin.com/xmlschemas/ActivityExtension/v2">
      <ns3:Speed>
      2.5827327757847214
    </ns3:Speed><nax:Nax>
      <nax:Pace>
      6.453113083525558
    </nax:Pace>
    </nax:Nax>
    </TPX>
    </Extensions>
    </Trackpoint>
<Trackpoint>
      <Time>
      2025-04-30T13:39:55.204Z
    </Time><DistanceMeters>
      8.154664833913557
    </DistanceMeters><Cadence>
      168.3156394958496
    </Cadence><SensorState>
      Present
    </SensorState>
    </Trackpoint>
<Trackpoint>
      <Time>
      2025-04-30T13:39:55.972Z
    </Time><SensorState>
      Present
    </SensorState><Extensions>
      <TPX xmlns="http://www.garmin.com/xmlschemas/ActivityExtension/v2">
      <nax:Nax>
      <nax:DescentInMeters>
      0.029066085815429688
    </nax:DescentInMeters>
    </nax:Nax>
    </TPX>
    </Extensions>
    </Trackpoint>
<Trackpoint>
      <Time>
      2025-04-30T13:39:57.031Z
    </Time><SensorState>
      Present
    </SensorState><Extensions>
      <TPX xmlns="http://www.garmin.com/xmlschemas/ActivityExtension/v2">
      <nax:Nax>
      <nax:DescentInMeters>
      0.021137237548828125
    </nax:DescentInMeters>
    </nax:Nax>
    </TPX>
    </Extensions>
    </Trackpoint>
<Trackpoint>
      <Time>
      2025-04-30T13:39:57.758Z
    </Time><DistanceMeters>
      7.267952123307623
    </DistanceMeters><SensorState>
      Present
    </SensorState><Extensions>
      <TPX xmlns="http://www.garmin.com/xmlschemas/ActivityExtension/v2">
      <ns3:Speed>
      2.586263682053885
    </ns3:Speed><nax:Nax>
      <nax:Pace>
      6.444302946492605
    </nax:Pace>
    </nax:Nax>
    </TPX>
    </Extensions>
    </Trackpoint>
<Trackpoint>
      <Time>
      2025-04-30T13:39:57.759Z
    </Time><Cadence>
      168.51389408111572
    </Cadence><SensorState>
      Present
    </SensorState>
    </Trackpoint>
<Trackpoint>
      <Time>
      2025-04-30T13:39:58.089Z
    </Time><SensorState>
      Present
    </SensorState><Extensions>
      <TPX xmlns="http://www.garmin.com/xmlschemas/ActivityExtension/v2">
      <nax:Nax>
      <nax:DescentInMeters>
      0.04491996765136719
    </nax:DescentInMeters>
    </nax:Nax>
    </TPX>
    </Extensions>
    </Trackpoint>
<Trackpoint>
      <Time>
      2025-04-30T13:39:59.148Z
    </Time><SensorState>
      Present
    </SensorState><Extensions>
      <TPX xmlns="http://www.garmin.com/xmlschemas/ActivityExtension/v2">
      <nax:Nax>
      <nax:DescentInMeters>
      0.0158538818359375
    </nax:DescentInMeters>
    </nax:Nax>
    </TPX>
    </Extensions>
    </Trackpoint>
<Trackpoint>
      <Time>
      2025-04-30T13:40:00.000Z
    </Time><Position>
      <LatitudeDegrees>
      47.429531016071756
    </LatitudeDegrees><LongitudeDegrees>
      -122.28492784698064
    </LongitudeDegrees>
    </Position><AltitudeMeters>
      111.78414441365749
    </AltitudeMeters><SensorState>
      Present
    </SensorState>
    </Trackpoint>
<Trackpoint>
      <Time>
      2025-04-30T13:40:00.207Z
    </Time><SensorState>
      Present
    </SensorState><Extensions>
      <TPX xmlns="http://www.garmin.com/xmlschemas/ActivityExtension/v2">
      <nax:Nax>
      <nax:DescentInMeters>
      0.010568618774414062
    </nax:DescentInMeters>
    </nax:Nax>
    </TPX>
    </Extensions>
    </Trackpoint>
<Trackpoint>
      <Time>
      2025-04-30T13:40:00.313Z
    </Time><SensorState>
      Present
    </SensorState><Extensions>
      <TPX xmlns="http://www.garmin.com/xmlschemas/ActivityExtension/v2">
      <ns3:Speed>
      2.589527465743642
    </ns3:Speed><nax:Nax>
      <nax:Pace>
      6.43618068823242
    </nax:Pace>
    </nax:Nax>
    </TPX>
    </Extensions>
    </Trackpoint>
<Trackpoint>
      <Time>
      2025-04-30T13:40:00.314Z
    </Time><DistanceMeters>
      5.758743252255954
    </DistanceMeters><Cadence>
      168.51389408111572
    </Cadence><SensorState>
      Present
    </SensorState>
    </Trackpoint>
<Trackpoint>
      <Time>
      2025-04-30T13:40:02.000Z
    </Time><SensorState>
      Present
    </SensorState><Extensions>
      <TPX xmlns="http://www.garmin.com/xmlschemas/ActivityExtension/v2">
      <nax:Nax>
      <nax:NikeFuel>
      6.7941863090885715
    </nax:NikeFuel>
    </nax:Nax>
    </TPX>
    </Extensions>
    </Trackpoint>
<Trackpoint>
      <Time>
      2025-04-30T13:40:02.867Z
    </Time><SensorState>
      Present
    </SensorState><Extensions>
      <TPX xmlns="http://www.garmin.com/xmlschemas/ActivityExtension/v2">
      <ns3:Speed>
      2.592916654112861
    </ns3:Speed><nax:Nax>
      <nax:Pace>
      6.427767988697266
    </nax:Pace>
    </nax:Nax>
    </TPX>
    </Extensions>
    </Trackpoint>
<Trackpoint>
      <Time>
      2025-04-30T13:40:02.868Z
    </Time><DistanceMeters>
      7.111423492315225
    </DistanceMeters><Cadence>
      168.7544059753418
    </Cadence><SensorState>
      Present
    </SensorState>
    </Trackpoint>
<Trackpoint>
      <Time>
      2025-04-30T13:40:03.383Z
    </Time><SensorState>
      Present
    </SensorState><Extensions>
      <TPX xmlns="http://www.garmin.com/xmlschemas/ActivityExtension/v2">
      <nax:Nax>
      <nax:DescentInMeters>
      0.0052852630615234375
    </nax:DescentInMeters>
    </nax:Nax>
    </TPX>
    </Extensions>
    </Trackpoint>
<Trackpoint>
      <Time>
      2025-04-30T13:40:04.000Z
    </Time><Position>
      <LatitudeDegrees>
      47.429597488071124
    </LatitudeDegrees><LongitudeDegrees>
      -122.28501994306286
    </LongitudeDegrees>
    </Position><AltitudeMeters>
      111.61027355864644
    </AltitudeMeters><SensorState>
      Present
    </SensorState>
    </Trackpoint>
<Trackpoint>
      <Time>
      2025-04-30T13:40:04.441Z
    </Time><SensorState>
      Present
    </SensorState><Extensions>
      <TPX xmlns="http://www.garmin.com/xmlschemas/ActivityExtension/v2">
      <nax:Nax>
      <nax:DescentInMeters>
      0.05284690856933594
    </nax:DescentInMeters>
    </nax:Nax>
    </TPX>
    </Extensions>
    </Trackpoint>
<Trackpoint>
      <Time>
      2025-04-30T13:40:05.422Z
    </Time><DistanceMeters>
      8.227478859364055
    </DistanceMeters><SensorState>
      Present
    </SensorState><Extensions>
      <TPX xmlns="http://www.garmin.com/xmlschemas/ActivityExtension/v2">
      <ns3:Speed>
      2.5962475826497053
    </ns3:Speed><nax:Nax>
      <nax:Pace>
      6.419521303764422
    </nax:Pace>
    </nax:Nax>
    </TPX>
    </Extensions>
    </Trackpoint>
<Trackpoint>
      <Time>
      2025-04-30T13:40:05.423Z
    </Time><Cadence>
      169.2134714126587
    </Cadence><SensorState>
      Present
    </SensorState>
    </Trackpoint>
<Trackpoint>
      <Time>
      2025-04-30T13:40:07.617Z
    </Time><SensorState>
      Present
    </SensorState><Extensions>
      <TPX xmlns="http://www.garmin.com/xmlschemas/ActivityExtension/v2">
      <nax:Nax>
      <nax:DescentInMeters>
      0.10040855407714844
    </nax:DescentInMeters>
    </nax:Nax>
    </TPX>
    </Extensions>
    </Trackpoint>
<Trackpoint>
      <Time>
      2025-04-30T13:40:07.977Z
    </Time><SensorState>
      Present
    </SensorState><Extensions>
      <TPX xmlns="http://www.garmin.com/xmlschemas/ActivityExtension/v2">
      <ns3:Speed>
      2.600974259806171
    </ns3:Speed><nax:Nax>
      <nax:Pace>
      6.4078552887750195
    </nax:Pace>
    </nax:Nax>
    </TPX>
    </Extensions>
    </Trackpoint>
<Trackpoint>
      <Time>
      2025-04-30T13:40:07.978Z
    </Time><DistanceMeters>
      4.939263927866705
    </DistanceMeters><Cadence>
      169.41106796264648
    </Cadence><SensorState>
      Present
    </SensorState>
    </Trackpoint>
<Trackpoint>
      <Time>
      2025-04-30T13:40:08.000Z
    </Time><Position>
      <LatitudeDegrees>
      47.42965760869503
    </LatitudeDegrees><LongitudeDegrees>
      -122.28513149489196
    </LongitudeDegrees>
    </Position><AltitudeMeters>
      111.38831269927323
    </AltitudeMeters><SensorState>
      Present
    </SensorState>
    </Trackpoint>
<Trackpoint>
      <Time>
      2025-04-30T13:40:08.676Z
    </Time><SensorState>
      Present
    </SensorState><Extensions>
      <TPX xmlns="http://www.garmin.com/xmlschemas/ActivityExtension/v2">
      <nax:Nax>
      <nax:DescentInMeters>
      0.06869888305664062
    </nax:DescentInMeters>
    </nax:Nax>
    </TPX>
    </Extensions>
    </Trackpoint>
<Trackpoint>
      <Time>
      2025-04-30T13:40:09.735Z
    </Time><SensorState>
      Present
    </SensorState><Extensions>
      <TPX xmlns="http://www.garmin.com/xmlschemas/ActivityExtension/v2">
      <nax:Nax>
      <nax:DescentInMeters>
      0.08191299438476562
    </nax:DescentInMeters>
    </nax:Nax>
    </TPX>
    </Extensions>
    </Trackpoint>
<Trackpoint>
      <Time>
      2025-04-30T13:40:10.531Z
    </Time><SensorState>
      Present
    </SensorState><Extensions>
      <TPX xmlns="http://www.garmin.com/xmlschemas/ActivityExtension/v2">
      <ns3:Speed>
      2.604084781834175
    </ns3:Speed><nax:Nax>
      <nax:Pace>
      6.40020124649228
    </nax:Pace>
    </nax:Nax>
    </TPX>
    </Extensions>
    </Trackpoint>
<Trackpoint>
      <Time>
      2025-04-30T13:40:10.532Z
    </Time><DistanceMeters>
      7.050804043537937
    </DistanceMeters><Cadence>
      169.41106796264648
    </Cadence><SensorState>
      Present
    </SensorState>
    </Trackpoint>
<Trackpoint>
      <Time>
      2025-04-30T13:40:10.793Z
    </Time><SensorState>
      Present
    </SensorState><Extensions>
      <TPX xmlns="http://www.garmin.com/xmlschemas/ActivityExtension/v2">
      <nax:Nax>
      <nax:DescentInMeters>
      0.05813026428222656
    </nax:DescentInMeters>
    </nax:Nax>
    </TPX>
    </Extensions>
    </Trackpoint>
<Trackpoint>
      <Time>
      2025-04-30T13:40:11.852Z
    </Time><SensorState>
      Present
    </SensorState><Extensions>
      <TPX xmlns="http://www.garmin.com/xmlschemas/ActivityExtension/v2">
      <nax:Nax>
      <nax:DescentInMeters>
      0.08191299438476562
    </nax:DescentInMeters>
    </nax:Nax>
    </TPX>
    </Extensions>
    </Trackpoint>
<Trackpoint>
      <Time>
      2025-04-30T13:40:12.000Z
    </Time><Position>
      <LatitudeDegrees>
      47.42968221142469
    </LatitudeDegrees><LongitudeDegrees>
      -122.2852685415023
    </LongitudeDegrees>
    </Position><AltitudeMeters>
      110.72986339591444
    </AltitudeMeters><SensorState>
      Present
    </SensorState><Extensions>
      <TPX xmlns="http://www.garmin.com/xmlschemas/ActivityExtension/v2">
      <nax:Nax>
      <nax:NikeFuel>
      5.716262343792018
    </nax:NikeFuel>
    </nax:Nax>
    </TPX>
    </Extensions>
    </Trackpoint>
<Trackpoint>
      <Time>
      2025-04-30T13:40:13.086Z
    </Time><SensorState>
      Present
    </SensorState><Extensions>
      <TPX xmlns="http://www.garmin.com/xmlschemas/ActivityExtension/v2">
      <ns3:Speed>
      2.6069793110161266
    </ns3:Speed><nax:Nax>
      <nax:Pace>
      6.393095102918355
    </nax:Pace>
    </nax:Nax>
    </TPX>
    </Extensions>
    </Trackpoint>
<Trackpoint>
      <Time>
      2025-04-30T13:40:13.087Z
    </Time><DistanceMeters>
      7.48771718214266
    </DistanceMeters><Cadence>
      169.41106796264648
    </Cadence><SensorState>
      Present
    </SensorState>
    </Trackpoint>
<Trackpoint>
      <Time>
      2025-04-30T13:40:15.640Z
    </Time><SensorState>
      Present
    </SensorState><Extensions>
      <TPX xmlns="http://www.garmin.com/xmlschemas/ActivityExtension/v2">
      <ns3:Speed>
      2.6101127936941193
    </ns3:Speed><nax:Nax>
      <nax:Pace>
      6.38542008871508
    </nax:Pace>
    </nax:Nax>
    </TPX>
    </Extensions>
    </Trackpoint>
<Trackpoint>
      <Time>
      2025-04-30T13:40:15.641Z
    </Time><DistanceMeters>
      5.028433566913009
    </DistanceMeters><Cadence>
      121.46591663360596
    </Cadence><SensorState>
      Present
    </SensorState>
    </Trackpoint>
<Trackpoint>
      <Time>
      2025-04-30T13:40:16.000Z
    </Time><Position>
      <LatitudeDegrees>
      47.4297103542047
    </LatitudeDegrees><LongitudeDegrees>
      -122.2854043865273
    </LongitudeDegrees>
    </Position><AltitudeMeters>
      110.6616041092202
    </AltitudeMeters><SensorState>
      Present
    </SensorState>
    </Trackpoint>
<Trackpoint>
      <Time>
      2025-04-30T13:40:16.086Z
    </Time><SensorState>
      Present
    </SensorState><Extensions>
      <TPX xmlns="http://www.garmin.com/xmlschemas/ActivityExtension/v2">
      <nax:Nax>
      <nax:AscentInMeters>
      0.05284690856933594
    </nax:AscentInMeters>
    </nax:Nax>
    </TPX>
    </Extensions>
    </Trackpoint>
<Trackpoint>
      <Time>
      2025-04-30T13:40:17.145Z
    </Time><SensorState>
      Present
    </SensorState><Extensions>
      <TPX xmlns="http://www.garmin.com/xmlschemas/ActivityExtension/v2">
      <nax:Nax>
      <nax:AscentInMeters>
      0.08191108703613281
    </nax:AscentInMeters>
    </nax:Nax>
    </TPX>
    </Extensions>
    </Trackpoint>
<Trackpoint>
      <Time>
      2025-04-30T13:40:18.195Z
    </Time><SensorState>
      Present
    </SensorState><Extensions>
      <TPX xmlns="http://www.garmin.com/xmlschemas/ActivityExtension/v2">
      <ns3:Speed>
      1.7880450865285937
    </ns3:Speed><nax:Nax>
      <nax:Pace>
      9.321166894635876
    </nax:Pace>
    </nax:Nax>
    </TPX>
    </Extensions>
    </Trackpoint>
<Trackpoint>
      <Time>
      2025-04-30T13:40:18.196Z
    </Time><DistanceMeters>
      6.917724847444333
    </DistanceMeters><Cadence>
      121.46591663360596
    </Cadence><SensorState>
      Present
    </SensorState>
    </Trackpoint>
<Trackpoint>
      <Time>
      2025-04-30T13:40:18.204Z
    </Time><SensorState>
      Present
    </SensorState><Extensions>
      <TPX xmlns="http://www.garmin.com/xmlschemas/ActivityExtension/v2">
      <nax:Nax>
      <nax:AscentInMeters>
      0.08191299438476562
    </nax:AscentInMeters>
    </nax:Nax>
    </TPX>
    </Extensions>
    </Trackpoint>
<Trackpoint>
      <Time>
      2025-04-30T13:40:19.262Z
    </Time><SensorState>
      Present
    </SensorState><Extensions>
      <TPX xmlns="http://www.garmin.com/xmlschemas/ActivityExtension/v2">
      <nax:Nax>
      <nax:AscentInMeters>
      0.12154579162597656
    </nax:AscentInMeters>
    </nax:Nax>
    </TPX>
    </Extensions>
    </Trackpoint>
<Trackpoint>
      <Time>
      2025-04-30T13:40:20.321Z
    </Time><SensorState>
      Present
    </SensorState><Extensions>
      <TPX xmlns="http://www.garmin.com/xmlschemas/ActivityExtension/v2">
      <nax:Nax>
      <nax:AscentInMeters>
      0.10040855407714844
    </nax:AscentInMeters>
    </nax:Nax>
    </TPX>
    </Extensions>
    </Trackpoint>
<Trackpoint>
      <Time>
      2025-04-30T13:40:20.750Z
    </Time><SensorState>
      Present
    </SensorState><Extensions>
      <TPX xmlns="http://www.garmin.com/xmlschemas/ActivityExtension/v2">
      <ns3:Speed>
      1.7880450865285937
    </ns3:Speed><nax:Nax>
      <nax:Pace>
      9.321166894635876
    </nax:Pace>
    </nax:Nax>
    </TPX>
    </Extensions>
    </Trackpoint>
<Trackpoint>
      <Time>
      2025-04-30T13:40:20.751Z
    </Time><DistanceMeters>
      5.940586031996645
    </DistanceMeters><Cadence>
      121.46591663360596
    </Cadence><SensorState>
      Present
    </SensorState>
    </Trackpoint>
<Trackpoint>
      <Time>
      2025-04-30T13:40:21.000Z
    </Time><Position>
      <LatitudeDegrees>
      47.42972598621463
    </LatitudeDegrees><LongitudeDegrees>
      -122.28555468978334
    </LongitudeDegrees>
    </Position><AltitudeMeters>
      112.10854921955615
    </AltitudeMeters><SensorState>
      Present
    </SensorState>
    </Trackpoint>
<Trackpoint>
      <Time>
      2025-04-30T13:40:21.380Z
    </Time><SensorState>
      Present
    </SensorState><Extensions>
      <TPX xmlns="http://www.garmin.com/xmlschemas/ActivityExtension/v2">
      <nax:Nax>
      <nax:AscentInMeters>
      0.12418937683105469
    </nax:AscentInMeters>
    </nax:Nax>
    </TPX>
    </Extensions>
    </Trackpoint>
<Trackpoint>
      <Time>
      2025-04-30T13:40:22.000Z
    </Time><SensorState>
      Present
    </SensorState><Extensions>
      <TPX xmlns="http://www.garmin.com/xmlschemas/ActivityExtension/v2">
      <nax:Nax>
      <nax:NikeFuel>
      5.159162733451155
    </nax:NikeFuel>
    </nax:Nax>
    </TPX>
    </Extensions>
    </Trackpoint>
<Trackpoint>
      <Time>
      2025-04-30T13:40:22.438Z
    </Time><SensorState>
      Present
    </SensorState><Extensions>
      <TPX xmlns="http://www.garmin.com/xmlschemas/ActivityExtension/v2">
      <nax:Nax>
      <nax:AscentInMeters>
      0.12418937683105469
    </nax:AscentInMeters>
    </nax:Nax>
    </TPX>
    </Extensions>
    </Trackpoint>
<Trackpoint>
      <Time>
      2025-04-30T13:40:23.304Z
    </Time><DistanceMeters>
      4.729480536538176
    </DistanceMeters><SensorState>
      Present
    </SensorState><Extensions>
      <TPX xmlns="http://www.garmin.com/xmlschemas/ActivityExtension/v2">
      <ns3:Speed>
      1.7880450865285937
    </ns3:Speed><nax:Nax>
      <nax:Pace>
      9.321166894635876
    </nax:Pace>
    </nax:Nax>
    </TPX>
    </Extensions>
    </Trackpoint>
<Trackpoint>
      <Time>
      2025-04-30T13:40:23.305Z
    </Time><Cadence>
      144.53331470489502
    </Cadence><SensorState>
      Present
    </SensorState>
    </Trackpoint>
<Trackpoint>
      <Time>
      2025-04-30T13:40:23.497Z
    </Time><SensorState>
      Present
    </SensorState><Extensions>
      <TPX xmlns="http://www.garmin.com/xmlschemas/ActivityExtension/v2">
      <nax:Nax>
      <nax:AscentInMeters>
      0.11890411376953125
    </nax:AscentInMeters>
    </nax:Nax>
    </TPX>
    </Extensions>
    </Trackpoint>
<Trackpoint>
      <Time>
      2025-04-30T13:40:24.556Z
    </Time><SensorState>
      Present
    </SensorState><Extensions>
      <TPX xmlns="http://www.garmin.com/xmlschemas/ActivityExtension/v2">
      <nax:Nax>
      <nax:AscentInMeters>
      0.0158538818359375
    </nax:AscentInMeters>
    </nax:Nax>
    </TPX>
    </Extensions>
    </Trackpoint>
<Trackpoint>
      <Time>
      2025-04-30T13:40:25.613Z
    </Time><SensorState>
      Present
    </SensorState><Extensions>
      <TPX xmlns="http://www.garmin.com/xmlschemas/ActivityExtension/v2">
      <nax:Nax>
      <nax:AscentInMeters>
      0.06605720520019531
    </nax:AscentInMeters>
    </nax:Nax>
    </TPX>
    </Extensions>
    </Trackpoint>
<Trackpoint>
      <Time>
      2025-04-30T13:40:25.859Z
    </Time><SensorState>
      Present
    </SensorState><Extensions>
      <TPX xmlns="http://www.garmin.com/xmlschemas/ActivityExtension/v2">
      <ns3:Speed>
      2.1670477619885387
    </ns3:Speed><nax:Nax>
      <nax:Pace>
      7.690954929102672
    </nax:Pace>
    </nax:Nax>
    </TPX>
    </Extensions>
    </Trackpoint>
<Trackpoint>
      <Time>
      2025-04-30T13:40:25.860Z
    </Time><DistanceMeters>
      5.985299014952034
    </DistanceMeters><Cadence>
      146.8602991104126
    </Cadence><SensorState>
      Present
    </SensorState>
    </Trackpoint>
<Trackpoint>
      <Time>
      2025-04-30T13:40:26.000Z
    </Time><Position>
      <LatitudeDegrees>
      47.429726571120575
    </LatitudeDegrees><LongitudeDegrees>
      -122.28569440370627
    </LongitudeDegrees>
    </Position><AltitudeMeters>
      111.34890025574714
    </AltitudeMeters><SensorState>
      Present
    </SensorState>
    </Trackpoint>
<Trackpoint>
      <Time>
      2025-04-30T13:40:28.413Z
    </Time><SensorState>
      Present
    </SensorState><Extensions>
      <TPX xmlns="http://www.garmin.com/xmlschemas/ActivityExtension/v2">
      <ns3:Speed>
      2.2061675230543187
    </ns3:Speed><nax:Nax>
      <nax:Pace>
      7.554578921365217
    </nax:Pace>
    </nax:Nax>
    </TPX>
    </Extensions>
    </Trackpoint>
<Trackpoint>
      <Time>
      2025-04-30T13:40:28.414Z
    </Time><DistanceMeters>
      6.385590126621537
    </DistanceMeters><Cadence>
      146.8602991104126
    </Cadence><SensorState>
      Present
    </SensorState>
    </Trackpoint>
<Trackpoint>
      <Time>
      2025-04-30T13:40:29.849Z
    </Time><SensorState>
      Present
    </SensorState><Extensions>
      <TPX xmlns="http://www.garmin.com/xmlschemas/ActivityExtension/v2">
      <nax:Nax>
      <nax:DescentInMeters>
      0.07398414611816406
    </nax:DescentInMeters>
    </nax:Nax>
    </TPX>
    </Extensions>
    </Trackpoint>
<Trackpoint>
      <Time>
      2025-04-30T13:40:30.907Z
    </Time><SensorState>
      Present
    </SensorState><Extensions>
      <TPX xmlns="http://www.garmin.com/xmlschemas/ActivityExtension/v2">
      <nax:Nax>
      <nax:DescentInMeters>
      0.10040855407714844
    </nax:DescentInMeters>
    </nax:Nax>
    </TPX>
    </Extensions>
    </Trackpoint>
<Trackpoint>
      <Time>
      2025-04-30T13:40:30.968Z
    </Time><DistanceMeters>
      7.354464089032263
    </DistanceMeters><SensorState>
      Present
    </SensorState><Extensions>
      <TPX xmlns="http://www.garmin.com/xmlschemas/ActivityExtension/v2">
      <ns3:Speed>
      2.2061675230543187
    </ns3:Speed><nax:Nax>
      <nax:Pace>
      7.554578921365217
    </nax:Pace>
    </nax:Nax>
    </TPX>
    </Extensions>
    </Trackpoint>
<Trackpoint>
      <Time>
      2025-04-30T13:40:30.969Z
    </Time><Cadence>
      146.8602991104126
    </Cadence><SensorState>
      Present
    </SensorState>
    </Trackpoint>
<Trackpoint>
      <Time>
      2025-04-30T13:40:31.000Z
    </Time><Position>
      <LatitudeDegrees>
      47.4297351387944
    </LatitudeDegrees><LongitudeDegrees>
      -122.28585793135446
    </LongitudeDegrees>
    </Position><AltitudeMeters>
      111.03084786701947
    </AltitudeMeters><SensorState>
      Present
    </SensorState>
    </Trackpoint>
<Trackpoint>
      <Time>
      2025-04-30T13:40:31.966Z
    </Time><SensorState>
      Present
    </SensorState><Extensions>
      <TPX xmlns="http://www.garmin.com/xmlschemas/ActivityExtension/v2">
      <nax:Nax>
      <nax:DescentInMeters>
      0.08719635009765625
    </nax:DescentInMeters>
    </nax:Nax>
    </TPX>
    </Extensions>
    </Trackpoint>
<Trackpoint>
      <Time>
      2025-04-30T13:40:32.000Z
    </Time><SensorState>
      Present
    </SensorState><Extensions>
      <TPX xmlns="http://www.garmin.com/xmlschemas/ActivityExtension/v2">
      <nax:Nax>
      <nax:NikeFuel>
      6.425137644049123
    </nax:NikeFuel>
    </nax:Nax>
    </TPX>
    </Extensions>
    </Trackpoint>
<Trackpoint>
      <Time>
      2025-04-30T13:40:33.025Z
    </Time><SensorState>
      Present
    </SensorState><Extensions>
      <TPX xmlns="http://www.garmin.com/xmlschemas/ActivityExtension/v2">
      <nax:Nax>
      <nax:DescentInMeters>
      0.16382408142089844
    </nax:DescentInMeters>
    </nax:Nax>
    </TPX>
    </Extensions>
    </Trackpoint>
<Trackpoint>
      <Time>
      2025-04-30T13:40:33.523Z
    </Time><SensorState>
      Present
    </SensorState><Extensions>
      <TPX xmlns="http://www.garmin.com/xmlschemas/ActivityExtension/v2">
      <ns3:Speed>
      2.2061675230543187
    </ns3:Speed><nax:Nax>
      <nax:Pace>
      7.554578921365217
    </nax:Pace>
    </nax:Nax>
    </TPX>
    </Extensions>
    </Trackpoint>
<Trackpoint>
      <Time>
      2025-04-30T13:40:33.524Z
    </Time><DistanceMeters>
      5.4013354810886085
    </DistanceMeters><Cadence>
      146.8602991104126
    </Cadence><SensorState>
      Present
    </SensorState>
    </Trackpoint>
<Trackpoint>
      <Time>
      2025-04-30T13:40:34.083Z
    </Time><SensorState>
      Present
    </SensorState><Extensions>
      <TPX xmlns="http://www.garmin.com/xmlschemas/ActivityExtension/v2">
      <nax:Nax>
      <nax:DescentInMeters>
      0.10040855407714844
    </nax:DescentInMeters>
    </nax:Nax>
    </TPX>
    </Extensions>
    </Trackpoint>
<Trackpoint>
      <Time>
      2025-04-30T13:40:35.000Z
    </Time><Position>
      <LatitudeDegrees>
      47.42974999031577
    </LatitudeDegrees><LongitudeDegrees>
      -122.2860054031649
    </LongitudeDegrees>
    </Position><AltitudeMeters>
      110.56881941668689
    </AltitudeMeters><SensorState>
      Present
    </SensorState>
    </Trackpoint>
<Trackpoint>
      <Time>
      2025-04-30T13:40:35.142Z
    </Time><SensorState>
      Present
    </SensorState><Extensions>
      <TPX xmlns="http://www.garmin.com/xmlschemas/ActivityExtension/v2">
      <nax:Nax>
      <nax:DescentInMeters>
      0.15325355529785156
    </nax:DescentInMeters>
    </nax:Nax>
    </TPX>
    </Extensions>
    </Trackpoint>
<Trackpoint>
      <Time>
      2025-04-30T13:40:36.077Z
    </Time><SensorState>
      Present
    </SensorState><Extensions>
      <TPX xmlns="http://www.garmin.com/xmlschemas/ActivityExtension/v2">
      <ns3:Speed>
      2.2061675230543187
    </ns3:Speed><nax:Nax>
      <nax:Pace>
      7.554578921365217
    </nax:Pace>
    </nax:Nax>
    </TPX>
    </Extensions>
    </Trackpoint>
<Trackpoint>
      <Time>
      2025-04-30T13:40:36.078Z
    </Time><DistanceMeters>
      7.703141143661924
    </DistanceMeters><Cadence>
      170.5698823928833
    </Cadence><SensorState>
      Present
    </SensorState>
    </Trackpoint>
<Trackpoint>
      <Time>
      2025-04-30T13:40:36.199Z
    </Time><SensorState>
      Present
    </SensorState><Extensions>
      <TPX xmlns="http://www.garmin.com/xmlschemas/ActivityExtension/v2">
      <nax:Nax>
      <nax:DescentInMeters>
      0.1109771728515625
    </nax:DescentInMeters>
    </nax:Nax>
    </TPX>
    </Extensions>
    </Trackpoint>
<Trackpoint>
      <Time>
      2025-04-30T13:40:37.258Z
    </Time><SensorState>
      Present
    </SensorState><Extensions>
      <TPX xmlns="http://www.garmin.com/xmlschemas/ActivityExtension/v2">
      <nax:Nax>
      <nax:DescentInMeters>
      0.14797019958496094
    </nax:DescentInMeters>
    </nax:Nax>
    </TPX>
    </Extensions>
    </Trackpoint>
<Trackpoint>
      <Time>
      2025-04-30T13:40:38.317Z
    </Time><SensorState>
      Present
    </SensorState><Extensions>
      <TPX xmlns="http://www.garmin.com/xmlschemas/ActivityExtension/v2">
      <nax:Nax>
      <nax:DescentInMeters>
      0.08455467224121094
    </nax:DescentInMeters>
    </nax:Nax>
    </TPX>
    </Extensions>
    </Trackpoint>
<Trackpoint>
      <Time>
      2025-04-30T13:40:38.632Z
    </Time><SensorState>
      Present
    </SensorState><Extensions>
      <TPX xmlns="http://www.garmin.com/xmlschemas/ActivityExtension/v2">
      <ns3:Speed>
      2.66111210394899
    </ns3:Speed><nax:Nax>
      <nax:Pace>
      6.263045680012488
    </nax:Pace>
    </nax:Nax>
    </TPX>
    </Extensions>
    </Trackpoint>
<Trackpoint>
      <Time>
      2025-04-30T13:40:38.633Z
    </Time><DistanceMeters>
      7.446097758715041
    </DistanceMeters><Cadence>
      169.96740818023682
    </Cadence><SensorState>
      Present
    </SensorState>
    </Trackpoint>
<Trackpoint>
      <Time>
      2025-04-30T13:40:39.000Z
    </Time><Position>
      <LatitudeDegrees>
      47.42976716497968
    </LatitudeDegrees><LongitudeDegrees>
      -122.28613822223683
    </LongitudeDegrees>
    </Position><AltitudeMeters>
      109.65952516254038
    </AltitudeMeters><SensorState>
      Present
    </SensorState>
    </Trackpoint>
<Trackpoint>
      <Time>
      2025-04-30T13:40:39.376Z
    </Time><SensorState>
      Present
    </SensorState><Extensions>
      <TPX xmlns="http://www.garmin.com/xmlschemas/ActivityExtension/v2">
      <nax:Nax>
      <nax:DescentInMeters>
      0.1400432586669922
    </nax:DescentInMeters>
    </nax:Nax>
    </TPX>
    </Extensions>
    </Trackpoint>
<Trackpoint>
      <Time>
      2025-04-30T13:40:40.434Z
    </Time><SensorState>
      Present
    </SensorState><Extensions>
      <TPX xmlns="http://www.garmin.com/xmlschemas/ActivityExtension/v2">
      <nax:Nax>
      <nax:DescentInMeters>
      0.08719635009765625
    </nax:DescentInMeters>
    </nax:Nax>
    </TPX>
    </Extensions>
    </Trackpoint>
<Trackpoint>
      <Time>
      2025-04-30T13:40:41.186Z
    </Time><SensorState>
      Present
    </SensorState><Extensions>
      <TPX xmlns="http://www.garmin.com/xmlschemas/ActivityExtension/v2">
      <ns3:Speed>
      2.714037673697608
    </ns3:Speed><nax:Nax>
      <nax:Pace>
      6.140912054459429
    </nax:Pace>
    </nax:Nax>
    </TPX>
    </Extensions>
    </Trackpoint>
<Trackpoint>
      <Time>
      2025-04-30T13:40:41.187Z
    </Time><DistanceMeters>
      8.269599710474722
    </DistanceMeters><Cadence>
      167.42116928100586
    </Cadence><SensorState>
      Present
    </SensorState>
    </Trackpoint>
<Trackpoint>
      <Time>
      2025-04-30T13:40:41.493Z
    </Time><SensorState>
      Present
    </SensorState><Extensions>
      <TPX xmlns="http://www.garmin.com/xmlschemas/ActivityExtension/v2">
      <nax:Nax>
      <nax:DescentInMeters>
      0.08983802795410156
    </nax:DescentInMeters>
    </nax:Nax>
    </TPX>
    </Extensions>
    </Trackpoint>
<Trackpoint>
      <Time>
      2025-04-30T13:40:42.000Z
    </Time><SensorState>
      Present
    </SensorState><Extensions>
      <TPX xmlns="http://www.garmin.com/xmlschemas/ActivityExtension/v2">
      <nax:Nax>
      <nax:NikeFuel>
      6.945972166516601
    </nax:NikeFuel>
    </nax:Nax>
    </TPX>
    </Extensions>
    </Trackpoint>
<Trackpoint>
      <Time>
      2025-04-30T13:40:42.552Z
    </Time><SensorState>
      Present
    </SensorState><Extensions>
      <TPX xmlns="http://www.garmin.com/xmlschemas/ActivityExtension/v2">
      <nax:Nax>
      <nax:DescentInMeters>
      0.07134246826171875
    </nax:DescentInMeters>
    </nax:Nax>
    </TPX>
    </Extensions>
    </Trackpoint>
<Trackpoint>
      <Time>
      2025-04-30T13:40:43.000Z
    </Time><Position>
      <LatitudeDegrees>
      47.429768419519526
    </LatitudeDegrees><LongitudeDegrees>
      -122.2863038190246
    </LongitudeDegrees>
    </Position><AltitudeMeters>
      111.0427403608337
    </AltitudeMeters><SensorState>
      Present
    </SensorState>
    </Trackpoint>
<Trackpoint>
      <Time>
      2025-04-30T13:40:43.610Z
    </Time><SensorState>
      Present
    </SensorState><Extensions>
      <TPX xmlns="http://www.garmin.com/xmlschemas/ActivityExtension/v2">
      <nax:Nax>
      <nax:DescentInMeters>
      0.013212203979492188
    </nax:DescentInMeters>
    </nax:Nax>
    </TPX>
    </Extensions>
    </Trackpoint>
<Trackpoint>
      <Time>
      2025-04-30T13:40:43.741Z
    </Time><SensorState>
      Present
    </SensorState><Extensions>
      <TPX xmlns="http://www.garmin.com/xmlschemas/ActivityExtension/v2">
      <ns3:Speed>
      2.675682722795686
    </ns3:Speed><nax:Nax>
      <nax:Pace>
      6.228939823348153
    </nax:Pace>
    </nax:Nax>
    </TPX>
    </Extensions>
    </Trackpoint>
<Trackpoint>
      <Time>
      2025-04-30T13:40:43.742Z
    </Time><DistanceMeters>
      6.915627107606269
    </DistanceMeters><Cadence>
      169.52848434448242
    </Cadence><SensorState>
      Present
    </SensorState>
    </Trackpoint>
<Trackpoint>
      <Time>
      2025-04-30T13:40:44.669Z
    </Time><SensorState>
      Present
    </SensorState><Extensions>
      <TPX xmlns="http://www.garmin.com/xmlschemas/ActivityExtension/v2">
      <nax:Nax>
      <nax:DescentInMeters>
      0.03963470458984375
    </nax:DescentInMeters>
    </nax:Nax>
    </TPX>
    </Extensions>
    </Trackpoint>
<Trackpoint>
      <Time>
      2025-04-30T13:40:46.296Z
    </Time><SensorState>
      Present
    </SensorState><Extensions>
      <TPX xmlns="http://www.garmin.com/xmlschemas/ActivityExtension/v2">
      <ns3:Speed>
      2.674933058998129
    </ns3:Speed><nax:Nax>
      <nax:Pace>
      6.230685515886895
    </nax:Pace>
    </nax:Nax>
    </TPX>
    </Extensions>
    </Trackpoint>
<Trackpoint>
      <Time>
      2025-04-30T13:40:46.297Z
    </Time><DistanceMeters>
      5.05891393031925
    </DistanceMeters><Cadence>
      170.43532848358154
    </Cadence><SensorState>
      Present
    </SensorState>
    </Trackpoint>
<Trackpoint>
      <Time>
      2025-04-30T13:40:47.000Z
    </Time><Position>
      <LatitudeDegrees>
      47.42979603207207
    </LatitudeDegrees><LongitudeDegrees>
      -122.28644006640239
    </LongitudeDegrees>
    </Position><AltitudeMeters>
      110.69993455149233
    </AltitudeMeters><SensorState>
      Present
    </SensorState>
    </Trackpoint>
<Trackpoint>
      <Time>
      2025-04-30T13:40:48.850Z
    </Time><DistanceMeters>
      8.524806931847706
    </DistanceMeters><SensorState>
      Present
    </SensorState><Extensions>
      <TPX xmlns="http://www.garmin.com/xmlschemas/ActivityExtension/v2">
      <ns3:Speed>
      2.666635014737936
    </ns3:Speed><nax:Nax>
      <nax:Pace>
      6.2500741850885
    </nax:Pace>
    </nax:Nax>
    </TPX>
    </Extensions>
    </Trackpoint>
<Trackpoint>
      <Time>
      2025-04-30T13:40:48.851Z
    </Time><Cadence>
      168.93663883209229
    </Cadence><SensorState>
      Present
    </SensorState>
    </Trackpoint>
<Trackpoint>
      <Time>
      2025-04-30T13:40:48.903Z
    </Time><SensorState>
      Present
    </SensorState><Extensions>
      <TPX xmlns="http://www.garmin.com/xmlschemas/ActivityExtension/v2">
      <nax:Nax>
      <nax:AscentInMeters>
      0.0158538818359375
    </nax:AscentInMeters>
    </nax:Nax>
    </TPX>
    </Extensions>
    </Trackpoint>
<Trackpoint>
      <Time>
      2025-04-30T13:40:49.962Z
    </Time><SensorState>
      Present
    </SensorState><Extensions>
      <TPX xmlns="http://www.garmin.com/xmlschemas/ActivityExtension/v2">
      <nax:Nax>
      <nax:AscentInMeters>
      0.010570526123046875
    </nax:AscentInMeters>
    </nax:Nax>
    </TPX>
    </Extensions>
    </Trackpoint>
<Trackpoint>
      <Time>
      2025-04-30T13:40:51.000Z
    </Time><Position>
      <LatitudeDegrees>
      47.42980933951733
    </LatitudeDegrees><LongitudeDegrees>
      -122.2865843583415
    </LongitudeDegrees>
    </Position><AltitudeMeters>
      109.76470021996647
    </AltitudeMeters><SensorState>
      Present
    </SensorState>
    </Trackpoint>
<Trackpoint>
      <Time>
      2025-04-30T13:40:51.020Z
    </Time><SensorState>
      Present
    </SensorState><Extensions>
      <TPX xmlns="http://www.garmin.com/xmlschemas/ActivityExtension/v2">
      <nax:Nax>
      <nax:AscentInMeters>
      0.02378082275390625
    </nax:AscentInMeters>
    </nax:Nax>
    </TPX>
    </Extensions>
    </Trackpoint>
<Trackpoint>
      <Time>
      2025-04-30T13:40:51.405Z
    </Time><SensorState>
      Present
    </SensorState><Extensions>
      <TPX xmlns="http://www.garmin.com/xmlschemas/ActivityExtension/v2">
      <ns3:Speed>
      2.6265176646546027
    </ns3:Speed><nax:Nax>
      <nax:Pace>
      6.345537626094131
    </nax:Pace>
    </nax:Nax>
    </TPX>
    </Extensions>
    </Trackpoint>
<Trackpoint>
      <Time>
      2025-04-30T13:40:51.406Z
    </Time><DistanceMeters>
      6.982523034326732
    </DistanceMeters><Cadence>
      168.63890647888184
    </Cadence><SensorState>
      Present
    </SensorState>
    </Trackpoint>
<Trackpoint>
      <Time>
      2025-04-30T13:40:52.000Z
    </Time><SensorState>
      Present
    </SensorState><Extensions>
      <TPX xmlns="http://www.garmin.com/xmlschemas/ActivityExtension/v2">
      <nax:Nax>
      <nax:NikeFuel>
      6.842239061244058
    </nax:NikeFuel>
    </nax:Nax>
    </TPX>
    </Extensions>
    </Trackpoint>
<Trackpoint>
      <Time>
      2025-04-30T13:40:52.079Z
    </Time><SensorState>
      Present
    </SensorState><Extensions>
      <TPX xmlns="http://www.garmin.com/xmlschemas/ActivityExtension/v2">
      <nax:Nax>
      <nax:AscentInMeters>
      0.010568618774414062
    </nax:AscentInMeters>
    </nax:Nax>
    </TPX>
    </Extensions>
    </Trackpoint>
<Trackpoint>
      <Time>
      2025-04-30T13:40:53.960Z
    </Time><SensorState>
      Present
    </SensorState><Extensions>
      <TPX xmlns="http://www.garmin.com/xmlschemas/ActivityExtension/v2">
      <ns3:Speed>
      2.6056039508094897
    </ns3:Speed><nax:Nax>
      <nax:Pace>
      6.3964696789352
    </nax:Pace>
    </nax:Nax>
    </TPX>
    </Extensions>
    </Trackpoint>
<Trackpoint>
      <Time>
      2025-04-30T13:40:53.961Z
    </Time><DistanceMeters>
      5.624054727260955
    </DistanceMeters><Cadence>
      168.63245487213135
    </Cadence><SensorState>
      Present
    </SensorState>
    </Trackpoint>
<Trackpoint>
      <Time>
      2025-04-30T13:40:54.196Z
    </Time><SensorState>
      Present
    </SensorState><Extensions>
      <TPX xmlns="http://www.garmin.com/xmlschemas/ActivityExtension/v2">
      <nax:Nax>
      <nax:AscentInMeters>
      0.029066085815429688
    </nax:AscentInMeters>
    </nax:Nax>
    </TPX>
    </Extensions>
    </Trackpoint>
<Trackpoint>
      <Time>
      2025-04-30T13:40:55.000Z
    </Time><Position>
      <LatitudeDegrees>
      47.429802793209504
    </LatitudeDegrees><LongitudeDegrees>
      -122.28672122378079
    </LongitudeDegrees>
    </Position><AltitudeMeters>
      110.94148609694093
    </AltitudeMeters><SensorState>
      Present
    </SensorState>
    </Trackpoint>
<Trackpoint>
      <Time>
      2025-04-30T13:40:55.255Z
    </Time><SensorState>
      Present
    </SensorState><Extensions>
      <TPX xmlns="http://www.garmin.com/xmlschemas/ActivityExtension/v2">
      <nax:Nax>
      <nax:AscentInMeters>
      0.06077384948730469
    </nax:AscentInMeters>
    </nax:Nax>
    </TPX>
    </Extensions>
    </Trackpoint>
<Trackpoint>
      <Time>
      2025-04-30T13:40:56.313Z
    </Time><SensorState>
      Present
    </SensorState><Extensions>
      <TPX xmlns="http://www.garmin.com/xmlschemas/ActivityExtension/v2">
      <nax:Nax>
      <nax:AscentInMeters>
      0.06341552734375
    </nax:AscentInMeters>
    </nax:Nax>
    </TPX>
    </Extensions>
    </Trackpoint>
<Trackpoint>
      <Time>
      2025-04-30T13:40:56.514Z
    </Time><DistanceMeters>
      7.16852716030553
    </DistanceMeters><SensorState>
      Present
    </SensorState><Extensions>
      <TPX xmlns="http://www.garmin.com/xmlschemas/ActivityExtension/v2">
      <ns3:Speed>
      2.598719642375502
    </ns3:Speed><nax:Nax>
      <nax:Pace>
      6.413414665781949
    </nax:Pace>
    </nax:Nax>
    </TPX>
    </Extensions>
    </Trackpoint>
<Trackpoint>
      <Time>
      2025-04-30T13:40:56.515Z
    </Time><Cadence>
      168.86547088623047
    </Cadence><SensorState>
      Present
    </SensorState>
    </Trackpoint>
<Trackpoint>
      <Time>
      2025-04-30T13:40:57.372Z
    </Time><SensorState>
      Present
    </SensorState><Extensions>
      <TPX xmlns="http://www.garmin.com/xmlschemas/ActivityExtension/v2">
      <nax:Nax>
      <nax:AscentInMeters>
      0.036991119384765625
    </nax:AscentInMeters>
    </nax:Nax>
    </TPX>
    </Extensions>
    </Trackpoint>
<Trackpoint>
      <Time>
      2025-04-30T13:40:58.429Z
    </Time><SensorState>
      Present
    </SensorState><Extensions>
      <TPX xmlns="http://www.garmin.com/xmlschemas/ActivityExtension/v2">
      <nax:Nax>
      <nax:AscentInMeters>
      0.05284690856933594
    </nax:AscentInMeters>
    </nax:Nax>
    </TPX>
    </Extensions>
    </Trackpoint>
<Trackpoint>
      <Time>
      2025-04-30T13:40:59.069Z
    </Time><SensorState>
      Present
    </SensorState><Extensions>
      <TPX xmlns="http://www.garmin.com/xmlschemas/ActivityExtension/v2">
      <ns3:Speed>
      2.639718266089763
    </ns3:Speed><nax:Nax>
      <nax:Pace>
      6.31380510593471
    </nax:Pace>
    </nax:Nax>
    </TPX>
    </Extensions>
    </Trackpoint>
<Trackpoint>
      <Time>
      2025-04-30T13:40:59.070Z
    </Time><DistanceMeters>
      6.810583696002141
    </DistanceMeters><Cadence>
      169.30585384368896
    </Cadence><SensorState>
      Present
    </SensorState>
    </Trackpoint>
<Trackpoint>
      <Time>
      2025-04-30T13:40:59.488Z
    </Time><SensorState>
      Present
    </SensorState><Extensions>
      <TPX xmlns="http://www.garmin.com/xmlschemas/ActivityExtension/v2">
      <nax:Nax>
      <nax:AscentInMeters>
      0.03699302673339844
    </nax:AscentInMeters>
    </nax:Nax>
    </TPX>
    </Extensions>
    </Trackpoint>
<Trackpoint>
      <Time>
      2025-04-30T13:41:00.000Z
    </Time><Position>
      <LatitudeDegrees>
      47.42981126486719
    </LatitudeDegrees><LongitudeDegrees>
      -122.28688947404426
    </LongitudeDegrees>
    </Position><AltitudeMeters>
      110.94757171813399
    </AltitudeMeters><SensorState>
      Present
    </SensorState>
    </Trackpoint>
<Trackpoint>
      <Time>
      2025-04-30T13:41:00.547Z
    </Time><SensorState>
      Present
    </SensorState><Extensions>
      <TPX xmlns="http://www.garmin.com/xmlschemas/ActivityExtension/v2">
      <nax:Nax>
      <nax:AscentInMeters>
      0.05020332336425781
    </nax:AscentInMeters>
    </nax:Nax>
    </TPX>
    </Extensions>
    </Trackpoint>
<Trackpoint>
      <Time>
      2025-04-30T13:41:01.606Z
    </Time><SensorState>
      Present
    </SensorState><Extensions>
      <TPX xmlns="http://www.garmin.com/xmlschemas/ActivityExtension/v2">
      <nax:Nax>
      <nax:AscentInMeters>
      0.07134246826171875
    </nax:AscentInMeters>
    </nax:Nax>
    </TPX>
    </Extensions>
    </Trackpoint>
<Trackpoint>
      <Time>
      2025-04-30T13:41:01.623Z
    </Time><SensorState>
      Present
    </SensorState><Extensions>
      <TPX xmlns="http://www.garmin.com/xmlschemas/ActivityExtension/v2">
      <ns3:Speed>
      2.6291830667327383
    </ns3:Speed><nax:Nax>
      <nax:Pace>
      6.339104673824855
    </nax:Pace>
    </nax:Nax>
    </TPX>
    </Extensions>
    </Trackpoint>
<Trackpoint>
      <Time>
      2025-04-30T13:41:01.624Z
    </Time><DistanceMeters>
      5.408027402940206
    </DistanceMeters><Cadence>
      169.25105094909668
    </Cadence><SensorState>
      Present
    </SensorState>
    </Trackpoint>
<Trackpoint>
      <Time>
      2025-04-30T13:41:02.000Z
    </Time><SensorState>
      Present
    </SensorState><Extensions>
      <TPX xmlns="http://www.garmin.com/xmlschemas/ActivityExtension/v2">
      <nax:Nax>
      <nax:NikeFuel>
      6.811765859266039
    </nax:NikeFuel>
    </nax:Nax>
    </TPX>
    </Extensions>
    </Trackpoint>
<Trackpoint>
      <Time>
      2025-04-30T13:41:02.665Z
    </Time><SensorState>
      Present
    </SensorState><Extensions>
      <TPX xmlns="http://www.garmin.com/xmlschemas/ActivityExtension/v2">
      <nax:Nax>
      <nax:AscentInMeters>
      0.11890411376953125
    </nax:AscentInMeters>
    </nax:Nax>
    </TPX>
    </Extensions>
    </Trackpoint>
<Trackpoint>
      <Time>
      2025-04-30T13:41:03.723Z
    </Time><SensorState>
      Present
    </SensorState><Extensions>
      <TPX xmlns="http://www.garmin.com/xmlschemas/ActivityExtension/v2">
      <nax:Nax>
      <nax:AscentInMeters>
      0.06077384948730469
    </nax:AscentInMeters>
    </nax:Nax>
    </TPX>
    </Extensions>
    </Trackpoint>
<Trackpoint>
      <Time>
      2025-04-30T13:41:04.178Z
    </Time><SensorState>
      Present
    </SensorState><Extensions>
      <TPX xmlns="http://www.garmin.com/xmlschemas/ActivityExtension/v2">
      <ns3:Speed>
      2.6191934892759834
    </ns3:Speed><nax:Nax>
      <nax:Pace>
      6.363281954886726
    </nax:Pace>
    </nax:Nax>
    </TPX>
    </Extensions>
    </Trackpoint>
<Trackpoint>
      <Time>
      2025-04-30T13:41:04.179Z
    </Time><DistanceMeters>
      7.243751878035255
    </DistanceMeters><Cadence>
      169.25105094909668
    </Cadence><SensorState>
      Present
    </SensorState>
    </Trackpoint>
<Trackpoint>
      <Time>
      2025-04-30T13:41:04.782Z
    </Time><SensorState>
      Present
    </SensorState><Extensions>
      <TPX xmlns="http://www.garmin.com/xmlschemas/ActivityExtension/v2">
      <nax:Nax>
      <nax:AscentInMeters>
      0.07134246826171875
    </nax:AscentInMeters>
    </nax:Nax>
    </TPX>
    </Extensions>
    </Trackpoint>
<Trackpoint>
      <Time>
      2025-04-30T13:41:05.000Z
    </Time><Position>
      <LatitudeDegrees>
      47.429814110721814
    </LatitudeDegrees><LongitudeDegrees>
      -122.28705957385334
    </LongitudeDegrees>
    </Position><AltitudeMeters>
      111.88625739142299
    </AltitudeMeters><SensorState>
      Present
    </SensorState>
    </Trackpoint>
<Trackpoint>
      <Time>
      2025-04-30T13:41:05.840Z
    </Time><SensorState>
      Present
    </SensorState><Extensions>
      <TPX xmlns="http://www.garmin.com/xmlschemas/ActivityExtension/v2">
      <nax:Nax>
      <nax:AscentInMeters>
      0.029066085815429688
    </nax:AscentInMeters>
    </nax:Nax>
    </TPX>
    </Extensions>
    </Trackpoint>
<Trackpoint>
      <Time>
      2025-04-30T13:41:06.733Z
    </Time><SensorState>
      Present
    </SensorState><Extensions>
      <TPX xmlns="http://www.garmin.com/xmlschemas/ActivityExtension/v2">
      <ns3:Speed>
      2.610334707357668
    </ns3:Speed><nax:Nax>
      <nax:Pace>
      6.384877241868201
    </nax:Pace>
    </nax:Nax>
    </TPX>
    </Extensions>
    </Trackpoint>
<Trackpoint>
      <Time>
      2025-04-30T13:41:06.734Z
    </Time><DistanceMeters>
      5.349061236367561
    </DistanceMeters><Cadence>
      169.20395851135254
    </Cadence><SensorState>
      Present
    </SensorState>
    </Trackpoint>
<Trackpoint>
      <Time>
      2025-04-30T13:41:06.899Z
    </Time><SensorState>
      Present
    </SensorState><Extensions>
      <TPX xmlns="http://www.garmin.com/xmlschemas/ActivityExtension/v2">
      <nax:Nax>
      <nax:AscentInMeters>
      0.04491996765136719
    </nax:AscentInMeters>
    </nax:Nax>
    </TPX>
    </Extensions>
    </Trackpoint>
<Trackpoint>
      <Time>
      2025-04-30T13:41:07.957Z
    </Time><SensorState>
      Present
    </SensorState><Extensions>
      <TPX xmlns="http://www.garmin.com/xmlschemas/ActivityExtension/v2">
      <nax:Nax>
      <nax:AscentInMeters>
      0.02378082275390625
    </nax:AscentInMeters>
    </nax:Nax>
    </TPX>
    </Extensions>
    </Trackpoint>
<Trackpoint>
      <Time>
      2025-04-30T13:41:09.016Z
    </Time><SensorState>
      Present
    </SensorState><Extensions>
      <TPX xmlns="http://www.garmin.com/xmlschemas/ActivityExtension/v2">
      <nax:Nax>
      <nax:AscentInMeters>
      0.08983802795410156
    </nax:AscentInMeters>
    </nax:Nax>
    </TPX>
    </Extensions>
    </Trackpoint>
<Trackpoint>
      <Time>
      2025-04-30T13:41:09.287Z
    </Time><SensorState>
      Present
    </SensorState><Extensions>
      <TPX xmlns="http://www.garmin.com/xmlschemas/ActivityExtension/v2">
      <ns3:Speed>
      2.601199895636924
    </ns3:Speed><nax:Nax>
      <nax:Pace>
      6.407299452311297
    </nax:Pace>
    </nax:Nax>
    </TPX>
    </Extensions>
    </Trackpoint>
<Trackpoint>
      <Time>
      2025-04-30T13:41:09.288Z
    </Time><DistanceMeters>
      7.107877356465906
    </DistanceMeters><Cadence>
      169.11718368530273
    </Cadence><SensorState>
      Present
    </SensorState>
    </Trackpoint>
<Trackpoint>
      <Time>
      2025-04-30T13:41:10.000Z
    </Time><Position>
      <LatitudeDegrees>
      47.429806370221975
    </LatitudeDegrees><LongitudeDegrees>
      -122.28722344544033
    </LongitudeDegrees>
    </Position><AltitudeMeters>
      111.67123030405492
    </AltitudeMeters><SensorState>
      Present
    </SensorState>
    </Trackpoint>
<Trackpoint>
      <Time>
      2025-04-30T13:41:10.074Z
    </Time><SensorState>
      Present
    </SensorState><Extensions>
      <TPX xmlns="http://www.garmin.com/xmlschemas/ActivityExtension/v2">
      <nax:Nax>
      <nax:AscentInMeters>
      0.095123291015625
    </nax:AscentInMeters>
    </nax:Nax>
    </TPX>
    </Extensions>
    </Trackpoint>
<Trackpoint>
      <Time>
      2025-04-30T13:41:11.133Z
    </Time><SensorState>
      Present
    </SensorState><Extensions>
      <TPX xmlns="http://www.garmin.com/xmlschemas/ActivityExtension/v2">
      <nax:Nax>
      <nax:AscentInMeters>
      0.13475799560546875
    </nax:AscentInMeters>
    </nax:Nax>
    </TPX>
    </Extensions>
    </Trackpoint>
<Trackpoint>
      <Time>
      2025-04-30T13:41:11.842Z
    </Time><SensorState>
      Present
    </SensorState><Extensions>
      <TPX xmlns="http://www.garmin.com/xmlschemas/ActivityExtension/v2">
      <ns3:Speed>
      2.5923970359925352
    </ns3:Speed><nax:Nax>
      <nax:Pace>
      6.429056365698861
    </nax:Pace>
    </nax:Nax>
    </TPX>
    </Extensions>
    </Trackpoint>
<Trackpoint>
      <Time>
      2025-04-30T13:41:11.843Z
    </Time><DistanceMeters>
      5.391783982980996
    </DistanceMeters><Cadence>
      169.08475399017334
    </Cadence><SensorState>
      Present
    </SensorState>
    </Trackpoint>
<Trackpoint>
      <Time>
      2025-04-30T13:41:12.000Z
    </Time><SensorState>
      Present
    </SensorState><Extensions>
      <TPX xmlns="http://www.garmin.com/xmlschemas/ActivityExtension/v2">
      <nax:Nax>
      <nax:NikeFuel>
      6.74164225228951
    </nax:NikeFuel>
    </nax:Nax>
    </TPX>
    </Extensions>
    </Trackpoint>
<Trackpoint>
      <Time>
      2025-04-30T13:41:12.192Z
    </Time><SensorState>
      Present
    </SensorState><Extensions>
      <TPX xmlns="http://www.garmin.com/xmlschemas/ActivityExtension/v2">
      <nax:Nax>
      <nax:AscentInMeters>
      0.1268329620361328
    </nax:AscentInMeters>
    </nax:Nax>
    </TPX>
    </Extensions>
    </Trackpoint>
<Trackpoint>
      <Time>
      2025-04-30T13:41:13.250Z
    </Time><SensorState>
      Present
    </SensorState><Extensions>
      <TPX xmlns="http://www.garmin.com/xmlschemas/ActivityExtension/v2">
      <nax:Nax>
      <nax:AscentInMeters>
      0.15061187744140625
    </nax:AscentInMeters>
    </nax:Nax>
    </TPX>
    </Extensions>
    </Trackpoint>
<Trackpoint>
      <Time>
      2025-04-30T13:41:14.309Z
    </Time><SensorState>
      Present
    </SensorState><Extensions>
      <TPX xmlns="http://www.garmin.com/xmlschemas/ActivityExtension/v2">
      <nax:Nax>
      <nax:AscentInMeters>
      0.1109771728515625
    </nax:AscentInMeters>
    </nax:Nax>
    </TPX>
    </Extensions>
    </Trackpoint>
<Trackpoint>
      <Time>
      2025-04-30T13:41:14.396Z
    </Time><DistanceMeters>
      6.915864872629754
    </DistanceMeters><SensorState>
      Present
    </SensorState><Extensions>
      <TPX xmlns="http://www.garmin.com/xmlschemas/ActivityExtension/v2">
      <ns3:Speed>
      2.582464199480935
    </ns3:Speed><nax:Nax>
      <nax:Pace>
      6.453784207353812
    </nax:Pace>
    </nax:Nax>
    </TPX>
    </Extensions>
    </Trackpoint>
<Trackpoint>
      <Time>
      2025-04-30T13:41:14.397Z
    </Time><Cadence>
      169.106125831604
    </Cadence><SensorState>
      Present
    </SensorState>
    </Trackpoint>
<Trackpoint>
      <Time>
      2025-04-30T13:41:15.000Z
    </Time><Position>
      <LatitudeDegrees>
      47.42979279409285
    </LatitudeDegrees><LongitudeDegrees>
      -122.28738101145214
    </LongitudeDegrees>
    </Position><AltitudeMeters>
      112.88026469573379
    </AltitudeMeters><SensorState>
      Present
    </SensorState>
    </Trackpoint>
<Trackpoint>
      <Time>
      2025-04-30T13:41:15.367Z
    </Time><SensorState>
      Present
    </SensorState><Extensions>
      <TPX xmlns="http://www.garmin.com/xmlschemas/ActivityExtension/v2">
      <nax:Nax>
      <nax:AscentInMeters>
      0.1426849365234375
    </nax:AscentInMeters>
    </nax:Nax>
    </TPX>
    </Extensions>
    </Trackpoint>
<Trackpoint>
      <Time>
      2025-04-30T13:41:16.426Z
    </Time><SensorState>
      Present
    </SensorState><Extensions>
      <TPX xmlns="http://www.garmin.com/xmlschemas/ActivityExtension/v2">
      <nax:Nax>
      <nax:AscentInMeters>
      0.09248161315917969
    </nax:AscentInMeters>
    </nax:Nax>
    </TPX>
    </Extensions>
    </Trackpoint>
<Trackpoint>
      <Time>
      2025-04-30T13:41:16.951Z
    </Time><SensorState>
      Present
    </SensorState><Extensions>
      <TPX xmlns="http://www.garmin.com/xmlschemas/ActivityExtension/v2">
      <ns3:Speed>
      2.575562032085155
    </ns3:Speed><nax:Nax>
      <nax:Pace>
      6.471079499946449
    </nax:Pace>
    </nax:Nax>
    </TPX>
    </Extensions>
    </Trackpoint>
<Trackpoint>
      <Time>
      2025-04-30T13:41:16.952Z
    </Time><DistanceMeters>
      7.070001033251174
    </DistanceMeters><Cadence>
      169.0426254272461
    </Cadence><SensorState>
      Present
    </SensorState>
    </Trackpoint>
<Trackpoint>
      <Time>
      2025-04-30T13:41:17.484Z
    </Time><SensorState>
      Present
    </SensorState><Extensions>
      <TPX xmlns="http://www.garmin.com/xmlschemas/ActivityExtension/v2">
      <nax:Nax>
      <nax:AscentInMeters>
      0.09776496887207031
    </nax:AscentInMeters>
    </nax:Nax>
    </TPX>
    </Extensions>
    </Trackpoint>
<Trackpoint>
      <Time>
      2025-04-30T13:41:18.543Z
    </Time><SensorState>
      Present
    </SensorState><Extensions>
      <TPX xmlns="http://www.garmin.com/xmlschemas/ActivityExtension/v2">
      <nax:Nax>
      <nax:AscentInMeters>
      0.058132171630859375
    </nax:AscentInMeters>
    </nax:Nax>
    </TPX>
    </Extensions>
    </Trackpoint>
<Trackpoint>
      <Time>
      2025-04-30T13:41:19.505Z
    </Time><SensorState>
      Present
    </SensorState><Extensions>
      <TPX xmlns="http://www.garmin.com/xmlschemas/ActivityExtension/v2">
      <ns3:Speed>
      2.572852008001737
    </ns3:Speed><nax:Nax>
      <nax:Pace>
      6.477895586233584
    </nax:Pace>
    </nax:Nax>
    </TPX>
    </Extensions>
    </Trackpoint>
<Trackpoint>
      <Time>
      2025-04-30T13:41:19.506Z
    </Time><DistanceMeters>
      5.698455344303511
    </DistanceMeters><Cadence>
      168.70885848999023
    </Cadence><SensorState>
      Present
    </SensorState>
    </Trackpoint>
<Trackpoint>
      <Time>
      2025-04-30T13:41:19.600Z
    </Time><SensorState>
      Present
    </SensorState><Extensions>
      <TPX xmlns="http://www.garmin.com/xmlschemas/ActivityExtension/v2">
      <nax:Nax>
      <nax:AscentInMeters>
      0.07662773132324219
    </nax:AscentInMeters>
    </nax:Nax>
    </TPX>
    </Extensions>
    </Trackpoint>
<Trackpoint>
      <Time>
      2025-04-30T13:41:20.000Z
    </Time><Position>
      <LatitudeDegrees>
      47.42977316900123
    </LatitudeDegrees><LongitudeDegrees>
      -122.28754613212598
    </LongitudeDegrees>
    </Position><AltitudeMeters>
      111.69652809202671
    </AltitudeMeters><SensorState>
      Present
    </SensorState>
    </Trackpoint>
<Trackpoint>
      <Time>
      2025-04-30T13:41:20.659Z
    </Time><SensorState>
      Present
    </SensorState><Extensions>
      <TPX xmlns="http://www.garmin.com/xmlschemas/ActivityExtension/v2">
      <nax:Nax>
      <nax:AscentInMeters>
      0.031707763671875
    </nax:AscentInMeters>
    </nax:Nax>
    </TPX>
    </Extensions>
    </Trackpoint>
<Trackpoint>
      <Time>
      2025-04-30T13:41:21.718Z
    </Time><SensorState>
      Present
    </SensorState><Extensions>
      <TPX xmlns="http://www.garmin.com/xmlschemas/ActivityExtension/v2">
      <nax:Nax>
      <nax:AscentInMeters>
      0.06341552734375
    </nax:AscentInMeters>
    </nax:Nax>
    </TPX>
    </Extensions>
    </Trackpoint>
<Trackpoint>
      <Time>
      2025-04-30T13:41:22.000Z
    </Time><SensorState>
      Present
    </SensorState><Extensions>
      <TPX xmlns="http://www.garmin.com/xmlschemas/ActivityExtension/v2">
      <nax:Nax>
      <nax:NikeFuel>
      6.7229537981887875
    </nax:NikeFuel>
    </nax:Nax>
    </TPX>
    </Extensions>
    </Trackpoint>
<Trackpoint>
      <Time>
      2025-04-30T13:41:22.060Z
    </Time><DistanceMeters>
      7.06198576267343
    </DistanceMeters><SensorState>
      Present
    </SensorState><Extensions>
      <TPX xmlns="http://www.garmin.com/xmlschemas/ActivityExtension/v2">
      <ns3:Speed>
      2.570640707718099
    </ns3:Speed><nax:Nax>
      <nax:Pace>
      6.483467960585321
    </nax:Pace>
    </nax:Nax>
    </TPX>
    </Extensions>
    </Trackpoint>
<Trackpoint>
      <Time>
      2025-04-30T13:41:22.061Z
    </Time><Cadence>
      167.59636402130127
    </Cadence><SensorState>
      Present
    </SensorState>
    </Trackpoint>
<Trackpoint>
      <Time>
      2025-04-30T13:41:22.777Z
    </Time><SensorState>
      Present
    </SensorState><Extensions>
      <TPX xmlns="http://www.garmin.com/xmlschemas/ActivityExtension/v2">
      <nax:Nax>
      <nax:AscentInMeters>
      0.0026416778564453125
    </nax:AscentInMeters>
    </nax:Nax>
    </TPX>
    </Extensions>
    </Trackpoint>
<Trackpoint>
      <Time>
      2025-04-30T13:41:23.835Z
    </Time><SensorState>
      Present
    </SensorState><Extensions>
      <TPX xmlns="http://www.garmin.com/xmlschemas/ActivityExtension/v2">
      <nax:Nax>
      <nax:AscentInMeters>
      0.0475616455078125
    </nax:AscentInMeters>
    </nax:Nax>
    </TPX>
    </Extensions>
    </Trackpoint>
<Trackpoint>
      <Time>
      2025-04-30T13:41:24.000Z
    </Time><Position>
      <LatitudeDegrees>
      47.42975879903444
    </LatitudeDegrees><LongitudeDegrees>
      -122.28767780847247
    </LongitudeDegrees>
    </Position><AltitudeMeters>
      112.31673842296004
    </AltitudeMeters><SensorState>
      Present
    </SensorState>
    </Trackpoint>
<Trackpoint>
      <Time>
      2025-04-30T13:41:24.615Z
    </Time><SensorState>
      Present
    </SensorState><Extensions>
      <TPX xmlns="http://www.garmin.com/xmlschemas/ActivityExtension/v2">
      <ns3:Speed>
      2.5686308555901025
    </ns3:Speed><nax:Nax>
      <nax:Pace>
      6.488541018027194
    </nax:Pace>
    </nax:Nax>
    </TPX>
    </Extensions>
    </Trackpoint>
<Trackpoint>
      <Time>
      2025-04-30T13:41:24.616Z
    </Time><DistanceMeters>
      6.079785459442064
    </DistanceMeters><Cadence>
      167.59636402130127
    </Cadence><SensorState>
      Present
    </SensorState>
    </Trackpoint>
<Trackpoint>
      <Time>
      2025-04-30T13:41:27.169Z
    </Time><SensorState>
      Present
    </SensorState><Extensions>
      <TPX xmlns="http://www.garmin.com/xmlschemas/ActivityExtension/v2">
      <ns3:Speed>
      2.5686015322509363
    </ns3:Speed><nax:Nax>
      <nax:Pace>
      6.4886150916764445
    </nax:Pace>
    </nax:Nax>
    </TPX>
    </Extensions>
    </Trackpoint>
<Trackpoint>
      <Time>
      2025-04-30T13:41:27.170Z
    </Time><DistanceMeters>
      7.504483265220188
    </DistanceMeters><Cadence>
      167.56286144256592
    </Cadence><SensorState>
      Present
    </SensorState>
    </Trackpoint>
<Trackpoint>
      <Time>
      2025-04-30T13:41:28.000Z
    </Time><Position>
      <LatitudeDegrees>
      47.42971224214501
    </LatitudeDegrees><LongitudeDegrees>
      -122.28780885818348
    </LongitudeDegrees>
    </Position><AltitudeMeters>
      112.73771774023771
    </AltitudeMeters><SensorState>
      Present
    </SensorState>
    </Trackpoint>
<Trackpoint>
      <Time>
      2025-04-30T13:41:28.070Z
    </Time><SensorState>
      Present
    </SensorState><Extensions>
      <TPX xmlns="http://www.garmin.com/xmlschemas/ActivityExtension/v2">
      <nax:Nax>
      <nax:DescentInMeters>
      0.03699302673339844
    </nax:DescentInMeters>
    </nax:Nax>
    </TPX>
    </Extensions>
    </Trackpoint>
<Trackpoint>
      <Time>
      2025-04-30T13:41:29.128Z
    </Time><SensorState>
      Present
    </SensorState><Extensions>
      <TPX xmlns="http://www.garmin.com/xmlschemas/ActivityExtension/v2">
      <nax:Nax>
      <nax:DescentInMeters>
      0.08719635009765625
    </nax:DescentInMeters>
    </nax:Nax>
    </TPX>
    </Extensions>
    </Trackpoint>
<Trackpoint>
      <Time>
      2025-04-30T13:41:29.724Z
    </Time><SensorState>
      Present
    </SensorState><Extensions>
      <TPX xmlns="http://www.garmin.com/xmlschemas/ActivityExtension/v2">
      <ns3:Speed>
      2.569239601833031
    </ns3:Speed><nax:Nax>
      <nax:Pace>
      6.487003646828341
    </nax:Pace>
    </nax:Nax>
    </TPX>
    </Extensions>
    </Trackpoint>
<Trackpoint>
      <Time>
      2025-04-30T13:41:29.725Z
    </Time><DistanceMeters>
      7.4594332402339205
    </DistanceMeters><Cadence>
      167.5974941253662
    </Cadence><SensorState>
      Present
    </SensorState>
    </Trackpoint>
<Trackpoint>
      <Time>
      2025-04-30T13:41:30.187Z
    </Time><SensorState>
      Present
    </SensorState><Extensions>
      <TPX xmlns="http://www.garmin.com/xmlschemas/ActivityExtension/v2">
      <nax:Nax>
      <nax:DescentInMeters>
      0.05284690856933594
    </nax:DescentInMeters>
    </nax:Nax>
    </TPX>
    </Extensions>
    </Trackpoint>
<Trackpoint>
      <Time>
      2025-04-30T13:41:31.245Z
    </Time><SensorState>
      Present
    </SensorState><Extensions>
      <TPX xmlns="http://www.garmin.com/xmlschemas/ActivityExtension/v2">
      <nax:Nax>
      <nax:DescentInMeters>
      0.1109771728515625
    </nax:DescentInMeters>
    </nax:Nax>
    </TPX>
    </Extensions>
    </Trackpoint>
<Trackpoint>
      <Time>
      2025-04-30T13:41:32.000Z
    </Time><Position>
      <LatitudeDegrees>
      47.42968315373464
    </LatitudeDegrees><LongitudeDegrees>
      -122.28794685428622
    </LongitudeDegrees>
    </Position><AltitudeMeters>
      112.19130076654255
    </AltitudeMeters><SensorState>
      Present
    </SensorState><Extensions>
      <TPX xmlns="http://www.garmin.com/xmlschemas/ActivityExtension/v2">
      <nax:Nax>
      <nax:NikeFuel>
      6.723477355188637
    </nax:NikeFuel>
    </nax:Nax>
    </TPX>
    </Extensions>
    </Trackpoint>
<Trackpoint>
      <Time>
      2025-04-30T13:41:32.278Z
    </Time><SensorState>
      Present
    </SensorState><Extensions>
      <TPX xmlns="http://www.garmin.com/xmlschemas/ActivityExtension/v2">
      <ns3:Speed>
      2.569929227074171
    </ns3:Speed><nax:Nax>
      <nax:Pace>
      6.485262897936468
    </nax:Pace>
    </nax:Nax>
    </TPX>
    </Extensions>
    </Trackpoint>
<Trackpoint>
      <Time>
      2025-04-30T13:41:32.279Z
    </Time><DistanceMeters>
      5.591200729832053
    </DistanceMeters><Cadence>
      167.54047393798828
    </Cadence><SensorState>
      Present
    </SensorState>
    </Trackpoint>
<Trackpoint>
      <Time>
      2025-04-30T13:41:32.304Z
    </Time><SensorState>
      Present
    </SensorState><Extensions>
      <TPX xmlns="http://www.garmin.com/xmlschemas/ActivityExtension/v2">
      <nax:Nax>
      <nax:DescentInMeters>
      0.05548858642578125
    </nax:DescentInMeters>
    </nax:Nax>
    </TPX>
    </Extensions>
    </Trackpoint>
<Trackpoint>
      <Time>
      2025-04-30T13:41:33.362Z
    </Time><SensorState>
      Present
    </SensorState><Extensions>
      <TPX xmlns="http://www.garmin.com/xmlschemas/ActivityExtension/v2">
      <nax:Nax>
      <nax:DescentInMeters>
      0.05548858642578125
    </nax:DescentInMeters>
    </nax:Nax>
    </TPX>
    </Extensions>
    </Trackpoint>
<Trackpoint>
      <Time>
      2025-04-30T13:41:34.421Z
    </Time><SensorState>
      Present
    </SensorState><Extensions>
      <TPX xmlns="http://www.garmin.com/xmlschemas/ActivityExtension/v2">
      <nax:Nax>
      <nax:DescentInMeters>
      0.05813026428222656
    </nax:DescentInMeters>
    </nax:Nax>
    </TPX>
    </Extensions>
    </Trackpoint>
<Trackpoint>
      <Time>
      2025-04-30T13:41:34.833Z
    </Time><SensorState>
      Present
    </SensorState><Extensions>
      <TPX xmlns="http://www.garmin.com/xmlschemas/ActivityExtension/v2">
      <ns3:Speed>
      2.5703001643243546
    </ns3:Speed><nax:Nax>
      <nax:Pace>
      6.48432696616497
    </nax:Pace>
    </nax:Nax>
    </TPX>
    </Extensions>
    </Trackpoint>
<Trackpoint>
      <Time>
      2025-04-30T13:41:34.834Z
    </Time><DistanceMeters>
      6.549747507786378
    </DistanceMeters><Cadence>
      167.47547149658203
    </Cadence><SensorState>
      Present
    </SensorState>
    </Trackpoint>
<Trackpoint>
      <Time>
      2025-04-30T13:41:35.479Z
    </Time><SensorState>
      Present
    </SensorState><Extensions>
      <TPX xmlns="http://www.garmin.com/xmlschemas/ActivityExtension/v2">
      <nax:Nax>
      <nax:DescentInMeters>
      0.07398605346679688
    </nax:DescentInMeters>
    </nax:Nax>
    </TPX>
    </Extensions>
    </Trackpoint>
<Trackpoint>
      <Time>
      2025-04-30T13:41:36.538Z
    </Time><SensorState>
      Present
    </SensorState><Extensions>
      <TPX xmlns="http://www.garmin.com/xmlschemas/ActivityExtension/v2">
      <nax:Nax>
      <nax:DescentInMeters>
      0.04227638244628906
    </nax:DescentInMeters>
    </nax:Nax>
    </TPX>
    </Extensions>
    </Trackpoint>
<Trackpoint>
      <Time>
      2025-04-30T13:41:37.000Z
    </Time><Position>
      <LatitudeDegrees>
      47.42966778132728
    </LatitudeDegrees><LongitudeDegrees>
      -122.28810222621105
    </LongitudeDegrees>
    </Position><AltitudeMeters>
      112.62434205319732
    </AltitudeMeters><SensorState>
      Present
    </SensorState>
    </Trackpoint>
<Trackpoint>
      <Time>
      2025-04-30T13:41:37.387Z
    </Time><SensorState>
      Present
    </SensorState><Extensions>
      <TPX xmlns="http://www.garmin.com/xmlschemas/ActivityExtension/v2">
      <ns3:Speed>
      2.5692256560290727
    </ns3:Speed><nax:Nax>
      <nax:Pace>
      6.487038858403051
    </nax:Pace>
    </nax:Nax>
    </TPX>
    </Extensions>
    </Trackpoint>
<Trackpoint>
      <Time>
      2025-04-30T13:41:37.388Z
    </Time><DistanceMeters>
      3.4964272379875183
    </DistanceMeters><Cadence>
      167.61849403381348
    </Cadence><SensorState>
      Present
    </SensorState>
    </Trackpoint>
<Trackpoint>
      <Time>
      2025-04-30T13:41:37.597Z
    </Time><SensorState>
      Present
    </SensorState><Extensions>
      <TPX xmlns="http://www.garmin.com/xmlschemas/ActivityExtension/v2">
      <nax:Nax>
      <nax:DescentInMeters>
      0.018495559692382812
    </nax:DescentInMeters>
    </nax:Nax>
    </TPX>
    </Extensions>
    </Trackpoint>
<Trackpoint>
      <Time>
      2025-04-30T13:41:38.655Z
    </Time><SensorState>
      Present
    </SensorState><Extensions>
      <TPX xmlns="http://www.garmin.com/xmlschemas/ActivityExtension/v2">
      <nax:Nax>
      <nax:DescentInMeters>
      0.06341743469238281
    </nax:DescentInMeters>
    </nax:Nax>
    </TPX>
    </Extensions>
    </Trackpoint>
<Trackpoint>
      <Time>
      2025-04-30T13:41:39.714Z
    </Time><SensorState>
      Present
    </SensorState><Extensions>
      <TPX xmlns="http://www.garmin.com/xmlschemas/ActivityExtension/v2">
      <nax:Nax>
      <nax:DescentInMeters>
      0.04227638244628906
    </nax:DescentInMeters>
    </nax:Nax>
    </TPX>
    </Extensions>
    </Trackpoint>
<Trackpoint>
      <Time>
      2025-04-30T13:41:39.942Z
    </Time><DistanceMeters>
      9.423175642848946
    </DistanceMeters><SensorState>
      Present
    </SensorState><Extensions>
      <TPX xmlns="http://www.garmin.com/xmlschemas/ActivityExtension/v2">
      <ns3:Speed>
      2.5685184095204274
    </ns3:Speed><nax:Nax>
      <nax:Pace>
      6.488825077091245
    </nax:Pace>
    </nax:Nax>
    </TPX>
    </Extensions>
    </Trackpoint>
<Trackpoint>
      <Time>
      2025-04-30T13:41:39.943Z
    </Time><Cadence>
      167.08521366119385
    </Cadence><SensorState>
      Present
    </SensorState>
    </Trackpoint>
<Trackpoint>
      <Time>
      2025-04-30T13:41:40.771Z
    </Time><SensorState>
      Present
    </SensorState><Extensions>
      <TPX xmlns="http://www.garmin.com/xmlschemas/ActivityExtension/v2">
      <nax:Nax>
      <nax:DescentInMeters>
      0.1268310546875
    </nax:DescentInMeters>
    </nax:Nax>
    </TPX>
    </Extensions>
    </Trackpoint>
<Trackpoint>
      <Time>
      2025-04-30T13:41:41.000Z
    </Time><Position>
      <LatitudeDegrees>
      47.42965204818648
    </LatitudeDegrees><LongitudeDegrees>
      -122.28823475888787
    </LongitudeDegrees>
    </Position><AltitudeMeters>
      111.7138697123155
    </AltitudeMeters><SensorState>
      Present
    </SensorState>
    </Trackpoint>
<Trackpoint>
      <Time>
      2025-04-30T13:41:41.830Z
    </Time><SensorState>
      Present
    </SensorState><Extensions>
      <TPX xmlns="http://www.garmin.com/xmlschemas/ActivityExtension/v2">
      <nax:Nax>
      <nax:DescentInMeters>
      0.11362075805664062
    </nax:DescentInMeters>
    </nax:Nax>
    </TPX>
    </Extensions>
    </Trackpoint>
<Trackpoint>
      <Time>
      2025-04-30T13:41:42.000Z
    </Time><SensorState>
      Present
    </SensorState><Extensions>
      <TPX xmlns="http://www.garmin.com/xmlschemas/ActivityExtension/v2">
      <nax:Nax>
      <nax:NikeFuel>
      6.722104498107795
    </nax:NikeFuel>
    </nax:Nax>
    </TPX>
    </Extensions>
    </Trackpoint>
<Trackpoint>
      <Time>
      2025-04-30T13:41:42.496Z
    </Time><SensorState>
      Present
    </SensorState><Extensions>
      <TPX xmlns="http://www.garmin.com/xmlschemas/ActivityExtension/v2">
      <ns3:Speed>
      2.5675624534744763
    </ns3:Speed><nax:Nax>
      <nax:Pace>
      6.491240999459625
    </nax:Pace>
    </nax:Nax>
    </TPX>
    </Extensions>
    </Trackpoint>
<Trackpoint>
      <Time>
      2025-04-30T13:41:42.497Z
    </Time><DistanceMeters>
      7.691345413331874
    </DistanceMeters><Cadence>
      167.2129726409912
    </Cadence><SensorState>
      Present
    </SensorState>
    </Trackpoint>
<Trackpoint>
      <Time>
      2025-04-30T13:41:42.889Z
    </Time><SensorState>
      Present
    </SensorState><Extensions>
      <TPX xmlns="http://www.garmin.com/xmlschemas/ActivityExtension/v2">
      <nax:Nax>
      <nax:DescentInMeters>
      0.15325355529785156
    </nax:DescentInMeters>
    </nax:Nax>
    </TPX>
    </Extensions>
    </Trackpoint>
<Trackpoint>
      <Time>
      2025-04-30T13:41:43.948Z
    </Time><SensorState>
      Present
    </SensorState><Extensions>
      <TPX xmlns="http://www.garmin.com/xmlschemas/ActivityExtension/v2">
      <nax:Nax>
      <nax:DescentInMeters>
      0.14797019958496094
    </nax:DescentInMeters>
    </nax:Nax>
    </TPX>
    </Extensions>
    </Trackpoint>
<Trackpoint>
      <Time>
      2025-04-30T13:41:45.000Z
    </Time><Position>
      <LatitudeDegrees>
      47.42962760097211
    </LatitudeDegrees><LongitudeDegrees>
      -122.28837965888214
    </LongitudeDegrees>
    </Position><AltitudeMeters>
      111.36146105080843
    </AltitudeMeters><SensorState>
      Present
    </SensorState>
    </Trackpoint>
<Trackpoint>
      <Time>
      2025-04-30T13:41:45.006Z
    </Time><SensorState>
      Present
    </SensorState><Extensions>
      <TPX xmlns="http://www.garmin.com/xmlschemas/ActivityExtension/v2">
      <nax:Nax>
      <nax:DescentInMeters>
      0.1426849365234375
    </nax:DescentInMeters>
    </nax:Nax>
    </TPX>
    </Extensions>
    </Trackpoint>
<Trackpoint>
      <Time>
      2025-04-30T13:41:45.051Z
    </Time><SensorState>
      Present
    </SensorState><Extensions>
      <TPX xmlns="http://www.garmin.com/xmlschemas/ActivityExtension/v2">
      <ns3:Speed>
      2.5680602889245314
    </ns3:Speed><nax:Nax>
      <nax:Pace>
      6.489982629514682
    </nax:Pace>
    </nax:Nax>
    </TPX>
    </Extensions>
    </Trackpoint>
<Trackpoint>
      <Time>
      2025-04-30T13:41:45.052Z
    </Time><DistanceMeters>
      6.01206561352592
    </DistanceMeters><Cadence>
      167.2129726409912
    </Cadence><SensorState>
      Present
    </SensorState>
    </Trackpoint>
<Trackpoint>
      <Time>
      2025-04-30T13:41:46.065Z
    </Time><SensorState>
      Present
    </SensorState><Extensions>
      <TPX xmlns="http://www.garmin.com/xmlschemas/ActivityExtension/v2">
      <nax:Nax>
      <nax:DescentInMeters>
      0.08983993530273438
    </nax:DescentInMeters>
    </nax:Nax>
    </TPX>
    </Extensions>
    </Trackpoint>
<Trackpoint>
      <Time>
      2025-04-30T13:41:47.123Z
    </Time><SensorState>
      Present
    </SensorState><Extensions>
      <TPX xmlns="http://www.garmin.com/xmlschemas/ActivityExtension/v2">
      <nax:Nax>
      <nax:DescentInMeters>
      0.1453266143798828
    </nax:DescentInMeters>
    </nax:Nax>
    </TPX>
    </Extensions>
    </Trackpoint>
<Trackpoint>
      <Time>
      2025-04-30T13:41:47.606Z
    </Time><DistanceMeters>
      7.748193100793287
    </DistanceMeters><SensorState>
      Present
    </SensorState><Extensions>
      <TPX xmlns="http://www.garmin.com/xmlschemas/ActivityExtension/v2">
      <ns3:Speed>
      2.569296326423162
    </ns3:Speed><nax:Nax>
      <nax:Pace>
      6.486860427605529
    </nax:Pace>
    </nax:Nax>
    </TPX>
    </Extensions>
    </Trackpoint>
<Trackpoint>
      <Time>
      2025-04-30T13:41:47.607Z
    </Time><Cadence>
      167.47020721435547
    </Cadence><SensorState>
      Present
    </SensorState>
    </Trackpoint>
<Trackpoint>
      <Time>
      2025-04-30T13:41:48.182Z
    </Time><SensorState>
      Present
    </SensorState><Extensions>
      <TPX xmlns="http://www.garmin.com/xmlschemas/ActivityExtension/v2">
      <nax:Nax>
      <nax:DescentInMeters>
      0.10305023193359375
    </nax:DescentInMeters>
    </nax:Nax>
    </TPX>
    </Extensions>
    </Trackpoint>
<Trackpoint>
      <Time>
      2025-04-30T13:41:49.000Z
    </Time><Position>
      <LatitudeDegrees>
      47.42959942242908
    </LatitudeDegrees><LongitudeDegrees>
      -122.2885136790772
    </LongitudeDegrees>
    </Position><AltitudeMeters>
      111.01910721417516
    </AltitudeMeters><SensorState>
      Present
    </SensorState>
    </Trackpoint>
<Trackpoint>
      <Time>
      2025-04-30T13:41:49.241Z
    </Time><SensorState>
      Present
    </SensorState><Extensions>
      <TPX xmlns="http://www.garmin.com/xmlschemas/ActivityExtension/v2">
      <nax:Nax>
      <nax:DescentInMeters>
      0.15325546264648438
    </nax:DescentInMeters>
    </nax:Nax>
    </TPX>
    </Extensions>
    </Trackpoint>
<Trackpoint>
      <Time>
      2025-04-30T13:41:50.160Z
    </Time><SensorState>
      Present
    </SensorState><Extensions>
      <TPX xmlns="http://www.garmin.com/xmlschemas/ActivityExtension/v2">
      <ns3:Speed>
      2.57079732757371
    </ns3:Speed><nax:Nax>
      <nax:Pace>
      6.483072970359931
    </nax:Pace>
    </nax:Nax>
    </TPX>
    </Extensions>
    </Trackpoint>
<Trackpoint>
      <Time>
      2025-04-30T13:41:50.161Z
    </Time><DistanceMeters>
      5.940005773212761
    </DistanceMeters><Cadence>
      167.41144180297852
    </Cadence><SensorState>
      Present
    </SensorState>
    </Trackpoint>
<Trackpoint>
      <Time>
      2025-04-30T13:41:50.299Z
    </Time><SensorState>
      Present
    </SensorState><Extensions>
      <TPX xmlns="http://www.garmin.com/xmlschemas/ActivityExtension/v2">
      <nax:Nax>
      <nax:DescentInMeters>
      0.1109771728515625
    </nax:DescentInMeters>
    </nax:Nax>
    </TPX>
    </Extensions>
    </Trackpoint>
<Trackpoint>
      <Time>
      2025-04-30T13:41:51.358Z
    </Time><SensorState>
      Present
    </SensorState><Extensions>
      <TPX xmlns="http://www.garmin.com/xmlschemas/ActivityExtension/v2">
      <nax:Nax>
      <nax:DescentInMeters>
      0.1611804962158203
    </nax:DescentInMeters>
    </nax:Nax>
    </TPX>
    </Extensions>
    </Trackpoint>
<Trackpoint>
      <Time>
      2025-04-30T13:41:52.000Z
    </Time><SensorState>
      Present
    </SensorState><Extensions>
      <TPX xmlns="http://www.garmin.com/xmlschemas/ActivityExtension/v2">
      <nax:Nax>
      <nax:NikeFuel>
      6.737051487252654
    </nax:NikeFuel>
    </nax:Nax>
    </TPX>
    </Extensions>
    </Trackpoint>
<Trackpoint>
      <Time>
      2025-04-30T13:41:52.416Z
    </Time><SensorState>
      Present
    </SensorState><Extensions>
      <TPX xmlns="http://www.garmin.com/xmlschemas/ActivityExtension/v2">
      <nax:Nax>
      <nax:DescentInMeters>
      0.0792694091796875
    </nax:DescentInMeters>
    </nax:Nax>
    </TPX>
    </Extensions>
    </Trackpoint>
<Trackpoint>
      <Time>
      2025-04-30T13:41:52.715Z
    </Time><SensorState>
      Present
    </SensorState><Extensions>
      <TPX xmlns="http://www.garmin.com/xmlschemas/ActivityExtension/v2">
      <ns3:Speed>
      2.57301765318544
    </ns3:Speed><nax:Nax>
      <nax:Pace>
      6.477478553648106
    </nax:Pace>
    </nax:Nax>
    </TPX>
    </Extensions>
    </Trackpoint>
<Trackpoint>
      <Time>
      2025-04-30T13:41:52.716Z
    </Time><DistanceMeters>
      7.2569241838064045
    </DistanceMeters><Cadence>
      167.3423194885254
    </Cadence><SensorState>
      Present
    </SensorState>
    </Trackpoint>
<Trackpoint>
      <Time>
      2025-04-30T13:41:53.000Z
    </Time><Position>
      <LatitudeDegrees>
      47.42958108421935
    </LatitudeDegrees><LongitudeDegrees>
      -122.2886556707971
    </LongitudeDegrees>
    </Position><AltitudeMeters>
      111.13582772668451
    </AltitudeMeters><SensorState>
      Present
    </SensorState>
    </Trackpoint>
<Trackpoint>
      <Time>
      2025-04-30T13:41:53.475Z
    </Time><SensorState>
      Present
    </SensorState><Extensions>
      <TPX xmlns="http://www.garmin.com/xmlschemas/ActivityExtension/v2">
      <nax:Nax>
      <nax:DescentInMeters>
      0.15325546264648438
    </nax:DescentInMeters>
    </nax:Nax>
    </TPX>
    </Extensions>
    </Trackpoint>
<Trackpoint>
      <Time>
      2025-04-30T13:41:54.533Z
    </Time><SensorState>
      Present
    </SensorState><Extensions>
      <TPX xmlns="http://www.garmin.com/xmlschemas/ActivityExtension/v2">
      <nax:Nax>
      <nax:DescentInMeters>
      0.05020332336425781
    </nax:DescentInMeters>
    </nax:Nax>
    </TPX>
    </Extensions>
    </Trackpoint>
<Trackpoint>
      <Time>
      2025-04-30T13:41:55.269Z
    </Time><SensorState>
      Present
    </SensorState><Extensions>
      <TPX xmlns="http://www.garmin.com/xmlschemas/ActivityExtension/v2">
      <ns3:Speed>
      2.5743900868892764
    </ns3:Speed><nax:Nax>
      <nax:Pace>
      6.474025343535085
    </nax:Pace>
    </nax:Nax>
    </TPX>
    </Extensions>
    </Trackpoint>
<Trackpoint>
      <Time>
      2025-04-30T13:41:55.270Z
    </Time><DistanceMeters>
      6.777305680909194
    </DistanceMeters><Cadence>
      166.89325332641602
    </Cadence><SensorState>
      Present
    </SensorState>
    </Trackpoint>
<Trackpoint>
      <Time>
      2025-04-30T13:41:55.592Z
    </Time><SensorState>
      Present
    </SensorState><Extensions>
      <TPX xmlns="http://www.garmin.com/xmlschemas/ActivityExtension/v2">
      <nax:Nax>
      <nax:DescentInMeters>
      0.1109771728515625
    </nax:DescentInMeters>
    </nax:Nax>
    </TPX>
    </Extensions>
    </Trackpoint>
<Trackpoint>
      <Time>
      2025-04-30T13:41:56.651Z
    </Time><SensorState>
      Present
    </SensorState><Extensions>
      <TPX xmlns="http://www.garmin.com/xmlschemas/ActivityExtension/v2">
      <nax:Nax>
      <nax:DescentInMeters>
      0.10305213928222656
    </nax:DescentInMeters>
    </nax:Nax>
    </TPX>
    </Extensions>
    </Trackpoint>
<Trackpoint>
      <Time>
      2025-04-30T13:41:57.000Z
    </Time><Position>
      <LatitudeDegrees>
      47.42956123672254
    </LatitudeDegrees><LongitudeDegrees>
      -122.28878696376937
    </LongitudeDegrees>
    </Position><AltitudeMeters>
      110.00018714461476
    </AltitudeMeters><SensorState>
      Present
    </SensorState>
    </Trackpoint>
<Trackpoint>
      <Time>
      2025-04-30T13:41:57.709Z
    </Time><SensorState>
      Present
    </SensorState><Extensions>
      <TPX xmlns="http://www.garmin.com/xmlschemas/ActivityExtension/v2">
      <nax:Nax>
      <nax:DescentInMeters>
      0.12154579162597656
    </nax:DescentInMeters>
    </nax:Nax>
    </TPX>
    </Extensions>
    </Trackpoint>
<Trackpoint>
      <Time>
      2025-04-30T13:41:57.824Z
    </Time><DistanceMeters>
      6.351438026293181
    </DistanceMeters><SensorState>
      Present
    </SensorState><Extensions>
      <TPX xmlns="http://www.garmin.com/xmlschemas/ActivityExtension/v2">
      <ns3:Speed>
      2.5756635006099757
    </ns3:Speed><nax:Nax>
      <nax:Pace>
      6.470824571113277
    </nax:Pace>
    </nax:Nax>
    </TPX>
    </Extensions>
    </Trackpoint>
<Trackpoint>
      <Time>
      2025-04-30T13:41:57.825Z
    </Time><Cadence>
      166.89263820648193
    </Cadence><SensorState>
      Present
    </SensorState>
    </Trackpoint>
<Trackpoint>
      <Time>
      2025-04-30T13:41:58.768Z
    </Time><SensorState>
      Present
    </SensorState><Extensions>
      <TPX xmlns="http://www.garmin.com/xmlschemas/ActivityExtension/v2">
      <nax:Nax>
      <nax:DescentInMeters>
      0.058132171630859375
    </nax:DescentInMeters>
    </nax:Nax>
    </TPX>
    </Extensions>
    </Trackpoint>
<Trackpoint>
      <Time>
      2025-04-30T13:41:59.826Z
    </Time><SensorState>
      Present
    </SensorState><Extensions>
      <TPX xmlns="http://www.garmin.com/xmlschemas/ActivityExtension/v2">
      <nax:Nax>
      <nax:DescentInMeters>
      0.10833358764648438
    </nax:DescentInMeters>
    </nax:Nax>
    </TPX>
    </Extensions>
    </Trackpoint>
<Trackpoint>
      <Time>
      2025-04-30T13:42:00.378Z
    </Time><SensorState>
      Present
    </SensorState><Extensions>
      <TPX xmlns="http://www.garmin.com/xmlschemas/ActivityExtension/v2">
      <ns3:Speed>
      2.5772189150944342
    </ns3:Speed><nax:Nax>
      <nax:Pace>
      6.466919270634007
    </nax:Pace>
    </nax:Nax>
    </TPX>
    </Extensions>
    </Trackpoint>
<Trackpoint>
      <Time>
      2025-04-30T13:42:00.379Z
    </Time><DistanceMeters>
      5.834754425915889
    </DistanceMeters><Cadence>
      166.69878959655762
    </Cadence><SensorState>
      Present
    </SensorState>
    </Trackpoint>
<Trackpoint>
      <Time>
      2025-04-30T13:42:00.885Z
    </Time><SensorState>
      Present
    </SensorState><Extensions>
      <TPX xmlns="http://www.garmin.com/xmlschemas/ActivityExtension/v2">
      <nax:Nax>
      <nax:DescentInMeters>
      0.12947463989257812
    </nax:DescentInMeters>
    </nax:Nax>
    </TPX>
    </Extensions>
    </Trackpoint>
<Trackpoint>
      <Time>
      2025-04-30T13:42:01.000Z
    </Time><Position>
      <LatitudeDegrees>
      47.42952807154754
    </LatitudeDegrees><LongitudeDegrees>
      -122.28891775532486
    </LongitudeDegrees>
    </Position><AltitudeMeters>
      110.21706492826343
    </AltitudeMeters><SensorState>
      Present
    </SensorState>
    </Trackpoint>
<Trackpoint>
      <Time>
      2025-04-30T13:42:01.942Z
    </Time><SensorState>
      Present
    </SensorState><Extensions>
      <TPX xmlns="http://www.garmin.com/xmlschemas/ActivityExtension/v2">
      <nax:Nax>
      <nax:DescentInMeters>
      0.07662773132324219
    </nax:DescentInMeters>
    </nax:Nax>
    </TPX>
    </Extensions>
    </Trackpoint>
<Trackpoint>
      <Time>
      2025-04-30T13:42:02.000Z
    </Time><SensorState>
      Present
    </SensorState><Extensions>
      <TPX xmlns="http://www.garmin.com/xmlschemas/ActivityExtension/v2">
      <nax:Nax>
      <nax:NikeFuel>
      6.743123036483205
    </nax:NikeFuel>
    </nax:Nax>
    </TPX>
    </Extensions>
    </Trackpoint>
<Trackpoint>
      <Time>
      2025-04-30T13:42:02.933Z
    </Time><SensorState>
      Present
    </SensorState><Extensions>
      <TPX xmlns="http://www.garmin.com/xmlschemas/ActivityExtension/v2">
      <ns3:Speed>
      2.578654502211185
    </ns3:Speed><nax:Nax>
      <nax:Pace>
      6.463319010893112
    </nax:Pace>
    </nax:Nax>
    </TPX>
    </Extensions>
    </Trackpoint>
<Trackpoint>
      <Time>
      2025-04-30T13:42:02.934Z
    </Time><DistanceMeters>
      6.515074514900334
    </DistanceMeters><Cadence>
      166.83118343353271
    </Cadence><SensorState>
      Present
    </SensorState>
    </Trackpoint>
<Trackpoint>
      <Time>
      2025-04-30T13:42:03.001Z
    </Time><SensorState>
      Present
    </SensorState><Extensions>
      <TPX xmlns="http://www.garmin.com/xmlschemas/ActivityExtension/v2">
      <nax:Nax>
      <nax:DescentInMeters>
      0.09776496887207031
    </nax:DescentInMeters>
    </nax:Nax>
    </TPX>
    </Extensions>
    </Trackpoint>
<Trackpoint>
      <Time>
      2025-04-30T13:42:04.060Z
    </Time><SensorState>
      Present
    </SensorState><Extensions>
      <TPX xmlns="http://www.garmin.com/xmlschemas/ActivityExtension/v2">
      <nax:Nax>
      <nax:DescentInMeters>
      0.07398414611816406
    </nax:DescentInMeters>
    </nax:Nax>
    </TPX>
    </Extensions>
    </Trackpoint>
<Trackpoint>
      <Time>
      2025-04-30T13:42:05.119Z
    </Time><SensorState>
      Present
    </SensorState><Extensions>
      <TPX xmlns="http://www.garmin.com/xmlschemas/ActivityExtension/v2">
      <nax:Nax>
      <nax:DescentInMeters>
      0.09776687622070312
    </nax:DescentInMeters>
    </nax:Nax>
    </TPX>
    </Extensions>
    </Trackpoint>
<Trackpoint>
      <Time>
      2025-04-30T13:42:05.487Z
    </Time><SensorState>
      Present
    </SensorState><Extensions>
      <TPX xmlns="http://www.garmin.com/xmlschemas/ActivityExtension/v2">
      <ns3:Speed>
      2.578624864605153
    </ns3:Speed><nax:Nax>
      <nax:Pace>
      6.463393297504218
    </nax:Pace>
    </nax:Nax>
    </TPX>
    </Extensions>
    </Trackpoint>
<Trackpoint>
      <Time>
      2025-04-30T13:42:05.488Z
    </Time><DistanceMeters>
      4.731210588361137
    </DistanceMeters><Cadence>
      166.44098281860352
    </Cadence><SensorState>
      Present
    </SensorState>
    </Trackpoint>
<Trackpoint>
      <Time>
      2025-04-30T13:42:06.000Z
    </Time><Position>
      <LatitudeDegrees>
      47.429488289706164
    </LatitudeDegrees><LongitudeDegrees>
      -122.28905335207895
    </LongitudeDegrees>
    </Position><AltitudeMeters>
      110.24577146209776
    </AltitudeMeters><SensorState>
      Present
    </SensorState>
    </Trackpoint>
<Trackpoint>
      <Time>
      2025-04-30T13:42:06.177Z
    </Time><SensorState>
      Present
    </SensorState><Extensions>
      <TPX xmlns="http://www.garmin.com/xmlschemas/ActivityExtension/v2">
      <nax:Nax>
      <nax:DescentInMeters>
      0.05548858642578125
    </nax:DescentInMeters>
    </nax:Nax>
    </TPX>
    </Extensions>
    </Trackpoint>
<Trackpoint>
      <Time>
      2025-04-30T13:42:07.236Z
    </Time><SensorState>
      Present
    </SensorState><Extensions>
      <TPX xmlns="http://www.garmin.com/xmlschemas/ActivityExtension/v2">
      <nax:Nax>
      <nax:DescentInMeters>
      0.07662773132324219
    </nax:DescentInMeters>
    </nax:Nax>
    </TPX>
    </Extensions>
    </Trackpoint>
<Trackpoint>
      <Time>
      2025-04-30T13:42:08.042Z
    </Time><SensorState>
      Present
    </SensorState><Extensions>
      <TPX xmlns="http://www.garmin.com/xmlschemas/ActivityExtension/v2">
      <ns3:Speed>
      2.5768733425846087
    </ns3:Speed><nax:Nax>
      <nax:Pace>
      6.4677865191270785
    </nax:Pace>
    </nax:Nax>
    </TPX>
    </Extensions>
    </Trackpoint>
<Trackpoint>
      <Time>
      2025-04-30T13:42:08.043Z
    </Time><DistanceMeters>
      7.512252124026418
    </DistanceMeters><Cadence>
      166.70379638671875
    </Cadence><SensorState>
      Present
    </SensorState>
    </Trackpoint>
<Trackpoint>
      <Time>
      2025-04-30T13:42:08.294Z
    </Time><SensorState>
      Present
    </SensorState><Extensions>
      <TPX xmlns="http://www.garmin.com/xmlschemas/ActivityExtension/v2">
      <nax:Nax>
      <nax:DescentInMeters>
      0.06869888305664062
    </nax:DescentInMeters>
    </nax:Nax>
    </TPX>
    </Extensions>
    </Trackpoint>
<Trackpoint>
      <Time>
      2025-04-30T13:42:09.352Z
    </Time><SensorState>
      Present
    </SensorState><Extensions>
      <TPX xmlns="http://www.garmin.com/xmlschemas/ActivityExtension/v2">
      <nax:Nax>
      <nax:DescentInMeters>
      0.09248161315917969
    </nax:DescentInMeters>
    </nax:Nax>
    </TPX>
    </Extensions>
    </Trackpoint>
<Trackpoint>
      <Time>
      2025-04-30T13:42:10.000Z
    </Time><Position>
      <LatitudeDegrees>
      47.42945332991235
    </LatitudeDegrees><LongitudeDegrees>
      -122.28918730953681
    </LongitudeDegrees>
    </Position><AltitudeMeters>
      110.91608919203281
    </AltitudeMeters><SensorState>
      Present
    </SensorState>
    </Trackpoint>
<Trackpoint>
      <Time>
      2025-04-30T13:42:10.411Z
    </Time><SensorState>
      Present
    </SensorState><Extensions>
      <TPX xmlns="http://www.garmin.com/xmlschemas/ActivityExtension/v2">
      <nax:Nax>
      <nax:DescentInMeters>
      0.026424407958984375
    </nax:DescentInMeters>
    </nax:Nax>
    </TPX>
    </Extensions>
    </Trackpoint>
<Trackpoint>
      <Time>
      2025-04-30T13:42:10.596Z
    </Time><SensorState>
      Present
    </SensorState><Extensions>
      <TPX xmlns="http://www.garmin.com/xmlschemas/ActivityExtension/v2">
      <ns3:Speed>
      2.576119442647068
    </ns3:Speed><nax:Nax>
      <nax:Pace>
      6.469679313293402
    </nax:Pace>
    </nax:Nax>
    </TPX>
    </Extensions>
    </Trackpoint>
<Trackpoint>
      <Time>
      2025-04-30T13:42:10.597Z
    </Time><DistanceMeters>
      6.127013805089518
    </DistanceMeters><Cadence>
      166.70379638671875
    </Cadence><SensorState>
      Present
    </SensorState>
    </Trackpoint>
<Trackpoint>
      <Time>
      2025-04-30T13:42:11.468Z
    </Time><SensorState>
      Present
    </SensorState><Extensions>
      <TPX xmlns="http://www.garmin.com/xmlschemas/ActivityExtension/v2">
      <nax:Nax>
      <nax:DescentInMeters>
      0.018495559692382812
    </nax:DescentInMeters>
    </nax:Nax>
    </TPX>
    </Extensions>
    </Trackpoint>
<Trackpoint>
      <Time>
      2025-04-30T13:42:12.000Z
    </Time><SensorState>
      Present
    </SensorState><Extensions>
      <TPX xmlns="http://www.garmin.com/xmlschemas/ActivityExtension/v2">
      <nax:Nax>
      <nax:NikeFuel>
      6.7300702349262345
    </nax:NikeFuel>
    </nax:Nax>
    </TPX>
    </Extensions>
    </Trackpoint>
<Trackpoint>
      <Time>
      2025-04-30T13:42:13.151Z
    </Time><SensorState>
      Present
    </SensorState><Extensions>
      <TPX xmlns="http://www.garmin.com/xmlschemas/ActivityExtension/v2">
      <ns3:Speed>
      2.5757194849597678
    </ns3:Speed><nax:Nax>
      <nax:Pace>
      6.470683925010956
    </nax:Pace>
    </nax:Nax>
    </TPX>
    </Extensions>
    </Trackpoint>
<Trackpoint>
      <Time>
      2025-04-30T13:42:13.152Z
    </Time><DistanceMeters>
      6.324640202336013
    </DistanceMeters><Cadence>
      166.57645225524902
    </Cadence><SensorState>
      Present
    </SensorState>
    </Trackpoint>
<Trackpoint>
      <Time>
      2025-04-30T13:42:15.000Z
    </Time><Position>
      <LatitudeDegrees>
      47.42942327445796
    </LatitudeDegrees><LongitudeDegrees>
      -122.28933566460181
    </LongitudeDegrees>
    </Position><AltitudeMeters>
      110.64977208897471
    </AltitudeMeters><SensorState>
      Present
    </SensorState>
    </Trackpoint>
<Trackpoint>
      <Time>
      2025-04-30T13:42:15.703Z
    </Time><SensorState>
      Present
    </SensorState><Extensions>
      <TPX xmlns="http://www.garmin.com/xmlschemas/ActivityExtension/v2">
      <nax:Nax>
      <nax:AscentInMeters>
      0.06077384948730469
    </nax:AscentInMeters>
    </nax:Nax>
    </TPX>
    </Extensions>
    </Trackpoint>
<Trackpoint>
      <Time>
      2025-04-30T13:42:15.705Z
    </Time><DistanceMeters>
      6.264652950456366
    </DistanceMeters><SensorState>
      Present
    </SensorState><Extensions>
      <TPX xmlns="http://www.garmin.com/xmlschemas/ActivityExtension/v2">
      <ns3:Speed>
      2.5737034465977557
    </ns3:Speed><nax:Nax>
      <nax:Pace>
      6.47575255365911
    </nax:Pace>
    </nax:Nax>
    </TPX>
    </Extensions>
    </Trackpoint>
<Trackpoint>
      <Time>
      2025-04-30T13:42:15.706Z
    </Time><Cadence>
      166.70388221740723
    </Cadence><SensorState>
      Present
    </SensorState>
    </Trackpoint>
<Trackpoint>
      <Time>
      2025-04-30T13:42:16.762Z
    </Time><SensorState>
      Present
    </SensorState><Extensions>
      <TPX xmlns="http://www.garmin.com/xmlschemas/ActivityExtension/v2">
      <nax:Nax>
      <nax:AscentInMeters>
      0.021139144897460938
    </nax:AscentInMeters>
    </nax:Nax>
    </TPX>
    </Extensions>
    </Trackpoint>
<Trackpoint>
      <Time>
      2025-04-30T13:42:17.820Z
    </Time><SensorState>
      Present
    </SensorState><Extensions>
      <TPX xmlns="http://www.garmin.com/xmlschemas/ActivityExtension/v2">
      <nax:Nax>
      <nax:AscentInMeters>
      0.03699302673339844
    </nax:AscentInMeters>
    </nax:Nax>
    </TPX>
    </Extensions>
    </Trackpoint>
<Trackpoint>
      <Time>
      2025-04-30T13:42:18.260Z
    </Time><SensorState>
      Present
    </SensorState><Extensions>
      <TPX xmlns="http://www.garmin.com/xmlschemas/ActivityExtension/v2">
      <ns3:Speed>
      2.5707664321465717
    </ns3:Speed><nax:Nax>
      <nax:Pace>
      6.483150883820324
    </nax:Pace>
    </nax:Nax>
    </TPX>
    </Extensions>
    </Trackpoint>
<Trackpoint>
      <Time>
      2025-04-30T13:42:18.261Z
    </Time><DistanceMeters>
      5.479749389109202
    </DistanceMeters><Cadence>
      167.08720207214355
    </Cadence><SensorState>
      Present
    </SensorState>
    </Trackpoint>
<Trackpoint>
      <Time>
      2025-04-30T13:42:18.878Z
    </Time><SensorState>
      Present
    </SensorState><Extensions>
      <TPX xmlns="http://www.garmin.com/xmlschemas/ActivityExtension/v2">
      <nax:Nax>
      <nax:AscentInMeters>
      0.013210296630859375
    </nax:AscentInMeters>
    </nax:Nax>
    </TPX>
    </Extensions>
    </Trackpoint>
<Trackpoint>
      <Time>
      2025-04-30T13:42:19.937Z
    </Time><SensorState>
      Present
    </SensorState><Extensions>
      <TPX xmlns="http://www.garmin.com/xmlschemas/ActivityExtension/v2">
      <nax:Nax>
      <nax:AscentInMeters>
      0.0158538818359375
    </nax:AscentInMeters>
    </nax:Nax>
    </TPX>
    </Extensions>
    </Trackpoint>
<Trackpoint>
      <Time>
      2025-04-30T13:42:20.000Z
    </Time><Position>
      <LatitudeDegrees>
      47.429358719084874
    </LatitudeDegrees><LongitudeDegrees>
      -122.28947280757828
    </LongitudeDegrees>
    </Position><AltitudeMeters>
      110.38766857609153
    </AltitudeMeters><SensorState>
      Present
    </SensorState>
    </Trackpoint>
<Trackpoint>
      <Time>
      2025-04-30T13:42:20.814Z
    </Time><SensorState>
      Present
    </SensorState><Extensions>
      <TPX xmlns="http://www.garmin.com/xmlschemas/ActivityExtension/v2">
      <ns3:Speed>
      2.568623188579067
    </ns3:Speed><nax:Nax>
      <nax:Pace>
      6.488560385490593
    </nax:Pace>
    </nax:Nax>
    </TPX>
    </Extensions>
    </Trackpoint>
<Trackpoint>
      <Time>
      2025-04-30T13:42:20.815Z
    </Time><DistanceMeters>
      7.366581396199763
    </DistanceMeters><Cadence>
      168.1106472015381
    </Cadence><SensorState>
      Present
    </SensorState>
    </Trackpoint>
<Trackpoint>
      <Time>
      2025-04-30T13:42:20.995Z
    </Time><SensorState>
      Present
    </SensorState><Extensions>
      <TPX xmlns="http://www.garmin.com/xmlschemas/ActivityExtension/v2">
      <nax:Nax>
      <nax:AscentInMeters>
      0.0158538818359375
    </nax:AscentInMeters>
    </nax:Nax>
    </TPX>
    </Extensions>
    </Trackpoint>
<Trackpoint>
      <Time>
      2025-04-30T13:42:22.000Z
    </Time><SensorState>
      Present
    </SensorState><Extensions>
      <TPX xmlns="http://www.garmin.com/xmlschemas/ActivityExtension/v2">
      <nax:Nax>
      <nax:NikeFuel>
      6.7141370487589995
    </nax:NikeFuel>
    </nax:Nax>
    </TPX>
    </Extensions>
    </Trackpoint>
<Trackpoint>
      <Time>
      2025-04-30T13:42:22.054Z
    </Time><SensorState>
      Present
    </SensorState><Extensions>
      <TPX xmlns="http://www.garmin.com/xmlschemas/ActivityExtension/v2">
      <nax:Nax>
      <nax:AscentInMeters>
      0.042278289794921875
    </nax:AscentInMeters>
    </nax:Nax>
    </TPX>
    </Extensions>
    </Trackpoint>
<Trackpoint>
      <Time>
      2025-04-30T13:42:23.112Z
    </Time><SensorState>
      Present
    </SensorState><Extensions>
      <TPX xmlns="http://www.garmin.com/xmlschemas/ActivityExtension/v2">
      <nax:Nax>
      <nax:AscentInMeters>
      0.018495559692382812
    </nax:AscentInMeters>
    </nax:Nax>
    </TPX>
    </Extensions>
    </Trackpoint>
<Trackpoint>
      <Time>
      2025-04-30T13:42:23.369Z
    </Time><SensorState>
      Present
    </SensorState><Extensions>
      <TPX xmlns="http://www.garmin.com/xmlschemas/ActivityExtension/v2">
      <ns3:Speed>
      2.566669283139215
    </ns3:Speed><nax:Nax>
      <nax:Pace>
      6.4934998740009755
    </nax:Pace>
    </nax:Nax>
    </TPX>
    </Extensions>
    </Trackpoint>
<Trackpoint>
      <Time>
      2025-04-30T13:42:23.370Z
    </Time><DistanceMeters>
      6.009941314579919
    </DistanceMeters><Cadence>
      168.58384609222412
    </Cadence><SensorState>
      Present
    </SensorState>
    </Trackpoint>
<Trackpoint>
      <Time>
      2025-04-30T13:42:24.000Z
    </Time><Position>
      <LatitudeDegrees>
      47.429307773595895
    </LatitudeDegrees><LongitudeDegrees>
      -122.28959559312477
    </LongitudeDegrees>
    </Position><AltitudeMeters>
      111.1702243834734
    </AltitudeMeters><SensorState>
      Present
    </SensorState>
    </Trackpoint>
<Trackpoint>
      <Time>
      2025-04-30T13:42:24.171Z
    </Time><SensorState>
      Present
    </SensorState><Extensions>
      <TPX xmlns="http://www.garmin.com/xmlschemas/ActivityExtension/v2">
      <nax:Nax>
      <nax:AscentInMeters>
      0.03963470458984375
    </nax:AscentInMeters>
    </nax:Nax>
    </TPX>
    </Extensions>
    </Trackpoint>
<Trackpoint>
      <Time>
      2025-04-30T13:42:25.229Z
    </Time><SensorState>
      Present
    </SensorState><Extensions>
      <TPX xmlns="http://www.garmin.com/xmlschemas/ActivityExtension/v2">
      <nax:Nax>
      <nax:AscentInMeters>
      0.02378082275390625
    </nax:AscentInMeters>
    </nax:Nax>
    </TPX>
    </Extensions>
    </Trackpoint>
<Trackpoint>
      <Time>
      2025-04-30T13:42:25.924Z
    </Time><SensorState>
      Present
    </SensorState><Extensions>
      <TPX xmlns="http://www.garmin.com/xmlschemas/ActivityExtension/v2">
      <ns3:Speed>
      2.5667692497491377
    </ns3:Speed><nax:Nax>
      <nax:Pace>
      6.493246975081838
    </nax:Pace>
    </nax:Nax>
    </TPX>
    </Extensions>
    </Trackpoint>
<Trackpoint>
      <Time>
      2025-04-30T13:42:25.925Z
    </Time><DistanceMeters>
      7.185364305507392
    </DistanceMeters><Cadence>
      168.58376026153564
    </Cadence><SensorState>
      Present
    </SensorState>
    </Trackpoint>
<Trackpoint>
      <Time>
      2025-04-30T13:42:26.287Z
    </Time><SensorState>
      Present
    </SensorState><Extensions>
      <TPX xmlns="http://www.garmin.com/xmlschemas/ActivityExtension/v2">
      <nax:Nax>
      <nax:AscentInMeters>
      0.042278289794921875
    </nax:AscentInMeters>
    </nax:Nax>
    </TPX>
    </Extensions>
    </Trackpoint>
<Trackpoint>
      <Time>
      2025-04-30T13:42:27.346Z
    </Time><SensorState>
      Present
    </SensorState><Extensions>
      <TPX xmlns="http://www.garmin.com/xmlschemas/ActivityExtension/v2">
      <nax:Nax>
      <nax:AscentInMeters>
      0.031707763671875
    </nax:AscentInMeters>
    </nax:Nax>
    </TPX>
    </Extensions>
    </Trackpoint>
<Trackpoint>
      <Time>
      2025-04-30T13:42:28.404Z
    </Time><SensorState>
      Present
    </SensorState><Extensions>
      <TPX xmlns="http://www.garmin.com/xmlschemas/ActivityExtension/v2">
      <nax:Nax>
      <nax:AscentInMeters>
      0.09776496887207031
    </nax:AscentInMeters>
    </nax:Nax>
    </TPX>
    </Extensions>
    </Trackpoint>
<Trackpoint>
      <Time>
      2025-04-30T13:42:28.478Z
    </Time><SensorState>
      Present
    </SensorState><Extensions>
      <TPX xmlns="http://www.garmin.com/xmlschemas/ActivityExtension/v2">
      <ns3:Speed>
      2.5656933563739184
    </ns3:Speed><nax:Nax>
      <nax:Pace>
      6.495969841938392
    </nax:Pace>
    </nax:Nax>
    </TPX>
    </Extensions>
    </Trackpoint>
<Trackpoint>
      <Time>
      2025-04-30T13:42:28.479Z
    </Time><DistanceMeters>
      6.229096772498451
    </DistanceMeters><Cadence>
      168.30386638641357
    </Cadence><SensorState>
      Present
    </SensorState>
    </Trackpoint>
<Trackpoint>
      <Time>
      2025-04-30T13:42:29.000Z
    </Time><Position>
      <LatitudeDegrees>
      47.42926029774271
    </LatitudeDegrees><LongitudeDegrees>
      -122.28973204861194
    </LongitudeDegrees>
    </Position><AltitudeMeters>
      111.33153287973255
    </AltitudeMeters><SensorState>
      Present
    </SensorState>
    </Trackpoint>
<Trackpoint>
      <Time>
      2025-04-30T13:42:29.462Z
    </Time><SensorState>
      Present
    </SensorState><Extensions>
      <TPX xmlns="http://www.garmin.com/xmlschemas/ActivityExtension/v2">
      <nax:Nax>
      <nax:AscentInMeters>
      0.08719635009765625
    </nax:AscentInMeters>
    </nax:Nax>
    </TPX>
    </Extensions>
    </Trackpoint>
<Trackpoint>
      <Time>
      2025-04-30T13:42:30.521Z
    </Time><SensorState>
      Present
    </SensorState><Extensions>
      <TPX xmlns="http://www.garmin.com/xmlschemas/ActivityExtension/v2">
      <nax:Nax>
      <nax:AscentInMeters>
      0.10305023193359375
    </nax:AscentInMeters>
    </nax:Nax>
    </TPX>
    </Extensions>
    </Trackpoint>
<Trackpoint>
      <Time>
      2025-04-30T13:42:31.033Z
    </Time><SensorState>
      Present
    </SensorState><Extensions>
      <TPX xmlns="http://www.garmin.com/xmlschemas/ActivityExtension/v2">
      <ns3:Speed>
      2.563485535742249
    </ns3:Speed><nax:Nax>
      <nax:Pace>
      6.501564543386778
    </nax:Pace>
    </nax:Nax>
    </TPX>
    </Extensions>
    </Trackpoint>
<Trackpoint>
      <Time>
      2025-04-30T13:42:31.034Z
    </Time><DistanceMeters>
      5.109206963446923
    </DistanceMeters><Cadence>
      168.84690284729004
    </Cadence><SensorState>
      Present
    </SensorState>
    </Trackpoint>
<Trackpoint>
      <Time>
      2025-04-30T13:42:31.580Z
    </Time><SensorState>
      Present
    </SensorState><Extensions>
      <TPX xmlns="http://www.garmin.com/xmlschemas/ActivityExtension/v2">
      <nax:Nax>
      <nax:AscentInMeters>
      0.07398605346679688
    </nax:AscentInMeters>
    </nax:Nax>
    </TPX>
    </Extensions>
    </Trackpoint>
<Trackpoint>
      <Time>
      2025-04-30T13:42:32.000Z
    </Time><SensorState>
      Present
    </SensorState><Extensions>
      <TPX xmlns="http://www.garmin.com/xmlschemas/ActivityExtension/v2">
      <nax:Nax>
      <nax:NikeFuel>
      6.695782166923667
    </nax:NikeFuel>
    </nax:Nax>
    </TPX>
    </Extensions>
    </Trackpoint>
<Trackpoint>
      <Time>
      2025-04-30T13:42:32.638Z
    </Time><SensorState>
      Present
    </SensorState><Extensions>
      <TPX xmlns="http://www.garmin.com/xmlschemas/ActivityExtension/v2">
      <nax:Nax>
      <nax:AscentInMeters>
      0.08983802795410156
    </nax:AscentInMeters>
    </nax:Nax>
    </TPX>
    </Extensions>
    </Trackpoint>
<Trackpoint>
      <Time>
      2025-04-30T13:42:33.587Z
    </Time><DistanceMeters>
      7.0013569799484685
    </DistanceMeters><SensorState>
      Present
    </SensorState><Extensions>
      <TPX xmlns="http://www.garmin.com/xmlschemas/ActivityExtension/v2">
      <ns3:Speed>
      2.5613530088734517
    </ns3:Speed><nax:Nax>
      <nax:Pace>
      6.506977604776583
    </nax:Pace>
    </nax:Nax>
    </TPX>
    </Extensions>
    </Trackpoint>
<Trackpoint>
      <Time>
      2025-04-30T13:42:33.588Z
    </Time><Cadence>
      168.84690284729004
    </Cadence><SensorState>
      Present
    </SensorState>
    </Trackpoint>
<Trackpoint>
      <Time>
      2025-04-30T13:42:33.696Z
    </Time><SensorState>
      Present
    </SensorState><Extensions>
      <TPX xmlns="http://www.garmin.com/xmlschemas/ActivityExtension/v2">
      <nax:Nax>
      <nax:AscentInMeters>
      0.10305023193359375
    </nax:AscentInMeters>
    </nax:Nax>
    </TPX>
    </Extensions>
    </Trackpoint>
<Trackpoint>
      <Time>
      2025-04-30T13:42:34.000Z
    </Time><Position>
      <LatitudeDegrees>
      47.429212819774186
    </LatitudeDegrees><LongitudeDegrees>
      -122.28987542846602
    </LongitudeDegrees>
    </Position><AltitudeMeters>
      111.75782065838575
    </AltitudeMeters><SensorState>
      Present
    </SensorState>
    </Trackpoint>
<Trackpoint>
      <Time>
      2025-04-30T13:42:34.755Z
    </Time><SensorState>
      Present
    </SensorState><Extensions>
      <TPX xmlns="http://www.garmin.com/xmlschemas/ActivityExtension/v2">
      <nax:Nax>
      <nax:AscentInMeters>
      0.095123291015625
    </nax:AscentInMeters>
    </nax:Nax>
    </TPX>
    </Extensions>
    </Trackpoint>
<Trackpoint>
      <Time>
      2025-04-30T13:42:35.813Z
    </Time><SensorState>
      Present
    </SensorState><Extensions>
      <TPX xmlns="http://www.garmin.com/xmlschemas/ActivityExtension/v2">
      <nax:Nax>
      <nax:AscentInMeters>
      0.058132171630859375
    </nax:AscentInMeters>
    </nax:Nax>
    </TPX>
    </Extensions>
    </Trackpoint>
<Trackpoint>
      <Time>
      2025-04-30T13:42:36.142Z
    </Time><SensorState>
      Present
    </SensorState><Extensions>
      <TPX xmlns="http://www.garmin.com/xmlschemas/ActivityExtension/v2">
      <ns3:Speed>
      2.559086967626656
    </ns3:Speed><nax:Nax>
      <nax:Pace>
      6.512739456495939
    </nax:Pace>
    </nax:Nax>
    </TPX>
    </Extensions>
    </Trackpoint>
<Trackpoint>
      <Time>
      2025-04-30T13:42:36.143Z
    </Time><DistanceMeters>
      6.860574954072945
    </DistanceMeters><Cadence>
      168.84690284729004
    </Cadence><SensorState>
      Present
    </SensorState>
    </Trackpoint>
<Trackpoint>
      <Time>
      2025-04-30T13:42:36.872Z
    </Time><SensorState>
      Present
    </SensorState><Extensions>
      <TPX xmlns="http://www.garmin.com/xmlschemas/ActivityExtension/v2">
      <nax:Nax>
      <nax:AscentInMeters>
      0.10569190979003906
    </nax:AscentInMeters>
    </nax:Nax>
    </TPX>
    </Extensions>
    </Trackpoint>
<Trackpoint>
      <Time>
      2025-04-30T13:42:37.929Z
    </Time><SensorState>
      Present
    </SensorState><Extensions>
      <TPX xmlns="http://www.garmin.com/xmlschemas/ActivityExtension/v2">
      <nax:Nax>
      <nax:AscentInMeters>
      0.06605911254882812
    </nax:AscentInMeters>
    </nax:Nax>
    </TPX>
    </Extensions>
    </Trackpoint>
<Trackpoint>
      <Time>
      2025-04-30T13:42:38.000Z
    </Time><Position>
      <LatitudeDegrees>
      47.42915777061083
    </LatitudeDegrees><LongitudeDegrees>
      -122.28998668270262
    </LongitudeDegrees>
    </Position><AltitudeMeters>
      110.71933846734464
    </AltitudeMeters><SensorState>
      Present
    </SensorState>
    </Trackpoint>
<Trackpoint>
      <Time>
      2025-04-30T13:42:38.698Z
    </Time><SensorState>
      Present
    </SensorState><Extensions>
      <TPX xmlns="http://www.garmin.com/xmlschemas/ActivityExtension/v2">
      <ns3:Speed>
      2.5572342413981217
    </ns3:Speed><nax:Nax>
      <nax:Pace>
      6.517457961752642
    </nax:Pace>
    </nax:Nax>
    </TPX>
    </Extensions>
    </Trackpoint>
<Trackpoint>
      <Time>
      2025-04-30T13:42:38.699Z
    </Time><DistanceMeters>
      4.642396227922291
    </DistanceMeters><Cadence>
      168.84690284729004
    </Cadence><SensorState>
      Present
    </SensorState>
    </Trackpoint>
<Trackpoint>
      <Time>
      2025-04-30T13:42:38.988Z
    </Time><SensorState>
      Present
    </SensorState><Extensions>
      <TPX xmlns="http://www.garmin.com/xmlschemas/ActivityExtension/v2">
      <nax:Nax>
      <nax:AscentInMeters>
      0.052845001220703125
    </nax:AscentInMeters>
    </nax:Nax>
    </TPX>
    </Extensions>
    </Trackpoint>
<Trackpoint>
      <Time>
      2025-04-30T13:42:40.047Z
    </Time><SensorState>
      Present
    </SensorState><Extensions>
      <TPX xmlns="http://www.garmin.com/xmlschemas/ActivityExtension/v2">
      <nax:Nax>
      <nax:AscentInMeters>
      0.00792694091796875
    </nax:AscentInMeters>
    </nax:Nax>
    </TPX>
    </Extensions>
    </Trackpoint>
<Trackpoint>
      <Time>
      2025-04-30T13:42:41.105Z
    </Time><SensorState>
      Present
    </SensorState><Extensions>
      <TPX xmlns="http://www.garmin.com/xmlschemas/ActivityExtension/v2">
      <nax:Nax>
      <nax:AscentInMeters>
      0.010570526123046875
    </nax:AscentInMeters>
    </nax:Nax>
    </TPX>
    </Extensions>
    </Trackpoint>
<Trackpoint>
      <Time>
      2025-04-30T13:42:41.252Z
    </Time><SensorState>
      Present
    </SensorState><Extensions>
      <TPX xmlns="http://www.garmin.com/xmlschemas/ActivityExtension/v2">
      <ns3:Speed>
      2.5547666648369414
    </ns3:Speed><nax:Nax>
      <nax:Pace>
      6.5237529892893065
    </nax:Pace>
    </nax:Nax>
    </TPX>
    </Extensions>
    </Trackpoint>
<Trackpoint>
      <Time>
      2025-04-30T13:42:41.253Z
    </Time><DistanceMeters>
      6.89206127054058
    </DistanceMeters><Cadence>
      168.84690284729004
    </Cadence><SensorState>
      Present
    </SensorState>
    </Trackpoint>
<Trackpoint>
      <Time>
      2025-04-30T13:42:42.000Z
    </Time><SensorState>
      Present
    </SensorState><Extensions>
      <TPX xmlns="http://www.garmin.com/xmlschemas/ActivityExtension/v2">
      <nax:Nax>
      <nax:NikeFuel>
      6.669799179276261
    </nax:NikeFuel>
    </nax:Nax>
    </TPX>
    </Extensions>
    </Trackpoint>
<Trackpoint>
      <Time>
      2025-04-30T13:42:43.000Z
    </Time><Position>
      <LatitudeDegrees>
      47.429107049907785
    </LatitudeDegrees><LongitudeDegrees>
      -122.29011940177489
    </LongitudeDegrees>
    </Position><AltitudeMeters>
      111.07421301025897
    </AltitudeMeters><SensorState>
      Present
    </SensorState>
    </Trackpoint>
<Trackpoint>
      <Time>
      2025-04-30T13:42:43.222Z
    </Time><SensorState>
      Present
    </SensorState><Extensions>
      <TPX xmlns="http://www.garmin.com/xmlschemas/ActivityExtension/v2">
      <nax:Nax>
      <nax:AscentInMeters>
      0.013210296630859375
    </nax:AscentInMeters>
    </nax:Nax>
    </TPX>
    </Extensions>
    </Trackpoint>
<Trackpoint>
      <Time>
      2025-04-30T13:42:43.807Z
    </Time><SensorState>
      Present
    </SensorState><Extensions>
      <TPX xmlns="http://www.garmin.com/xmlschemas/ActivityExtension/v2">
      <ns3:Speed>
      2.55197175703158
    </ns3:Speed><nax:Nax>
      <nax:Pace>
      6.530897773748529
    </nax:Pace>
    </nax:Nax>
    </TPX>
    </Extensions>
    </Trackpoint>
<Trackpoint>
      <Time>
      2025-04-30T13:42:43.808Z
    </Time><DistanceMeters>
      5.366948124254122
    </DistanceMeters><Cadence>
      168.84690284729004
    </Cadence><SensorState>
      Present
    </SensorState>
    </Trackpoint>
<Trackpoint>
      <Time>
      2025-04-30T13:42:45.339Z
    </Time><SensorState>
      Present
    </SensorState><Extensions>
      <TPX xmlns="http://www.garmin.com/xmlschemas/ActivityExtension/v2">
      <nax:Nax>
      <nax:AscentInMeters>
      0.026424407958984375
    </nax:AscentInMeters>
    </nax:Nax>
    </TPX>
    </Extensions>
    </Trackpoint>
<Trackpoint>
      <Time>
      2025-04-30T13:42:46.361Z
    </Time><SensorState>
      Present
    </SensorState><Extensions>
      <TPX xmlns="http://www.garmin.com/xmlschemas/ActivityExtension/v2">
      <ns3:Speed>
      2.5496324838058095
    </ns3:Speed><nax:Nax>
      <nax:Pace>
      6.536889835114004
    </nax:Pace>
    </nax:Nax>
    </TPX>
    </Extensions>
    </Trackpoint>
<Trackpoint>
      <Time>
      2025-04-30T13:42:46.362Z
    </Time><DistanceMeters>
      6.654394090990536
    </DistanceMeters><Cadence>
      168.84690284729004
    </Cadence><SensorState>
      Present
    </SensorState>
    </Trackpoint>
<Trackpoint>
      <Time>
      2025-04-30T13:42:46.398Z
    </Time><SensorState>
      Present
    </SensorState><Extensions>
      <TPX xmlns="http://www.garmin.com/xmlschemas/ActivityExtension/v2">
      <nax:Nax>
      <nax:AscentInMeters>
      0.095123291015625
    </nax:AscentInMeters>
    </nax:Nax>
    </TPX>
    </Extensions>
    </Trackpoint>
<Trackpoint>
      <Time>
      2025-04-30T13:42:47.000Z
    </Time><Position>
      <LatitudeDegrees>
      47.42905867363793
    </LatitudeDegrees><LongitudeDegrees>
      -122.29023416848818
    </LongitudeDegrees>
    </Position><AltitudeMeters>
      111.14772238116711
    </AltitudeMeters><SensorState>
      Present
    </SensorState>
    </Trackpoint>
<Trackpoint>
      <Time>
      2025-04-30T13:42:47.455Z
    </Time><SensorState>
      Present
    </SensorState><Extensions>
      <TPX xmlns="http://www.garmin.com/xmlschemas/ActivityExtension/v2">
      <nax:Nax>
      <nax:AscentInMeters>
      0.06605720520019531
    </nax:AscentInMeters>
    </nax:Nax>
    </TPX>
    </Extensions>
    </Trackpoint>
<Trackpoint>
      <Time>
      2025-04-30T13:42:48.514Z
    </Time><SensorState>
      Present
    </SensorState><Extensions>
      <TPX xmlns="http://www.garmin.com/xmlschemas/ActivityExtension/v2">
      <nax:Nax>
      <nax:AscentInMeters>
      0.03699302673339844
    </nax:AscentInMeters>
    </nax:Nax>
    </TPX>
    </Extensions>
    </Trackpoint>
<Trackpoint>
      <Time>
      2025-04-30T13:42:48.916Z
    </Time><DistanceMeters>
      6.488790031522512
    </DistanceMeters><SensorState>
      Present
    </SensorState><Extensions>
      <TPX xmlns="http://www.garmin.com/xmlschemas/ActivityExtension/v2">
      <ns3:Speed>
      2.5457150681681275
    </ns3:Speed><nax:Nax>
      <nax:Pace>
      6.546948979117228
    </nax:Pace>
    </nax:Nax>
    </TPX>
    </Extensions>
    </Trackpoint>
<Trackpoint>
      <Time>
      2025-04-30T13:42:48.917Z
    </Time><Cadence>
      169.37560558319092
    </Cadence><SensorState>
      Present
    </SensorState>
    </Trackpoint>
<Trackpoint>
      <Time>
      2025-04-30T13:42:49.573Z
    </Time><SensorState>
      Present
    </SensorState><Extensions>
      <TPX xmlns="http://www.garmin.com/xmlschemas/ActivityExtension/v2">
      <nax:Nax>
      <nax:AscentInMeters>
      0.05284690856933594
    </nax:AscentInMeters>
    </nax:Nax>
    </TPX>
    </Extensions>
    </Trackpoint>
<Trackpoint>
      <Time>
      2025-04-30T13:42:50.631Z
    </Time><SensorState>
      Present
    </SensorState><Extensions>
      <TPX xmlns="http://www.garmin.com/xmlschemas/ActivityExtension/v2">
      <nax:Nax>
      <nax:AscentInMeters>
      0.0475616455078125
    </nax:AscentInMeters>
    </nax:Nax>
    </TPX>
    </Extensions>
    </Trackpoint>
<Trackpoint>
      <Time>
      2025-04-30T13:42:51.470Z
    </Time><SensorState>
      Present
    </SensorState><Extensions>
      <TPX xmlns="http://www.garmin.com/xmlschemas/ActivityExtension/v2">
      <ns3:Speed>
      2.542403961485663
    </ns3:Speed><nax:Nax>
      <nax:Pace>
      6.555475415845183
    </nax:Pace>
    </nax:Nax>
    </TPX>
    </Extensions>
    </Trackpoint>
<Trackpoint>
      <Time>
      2025-04-30T13:42:51.471Z
    </Time><DistanceMeters>
      5.709618340013549
    </DistanceMeters><Cadence>
      169.37560558319092
    </Cadence><SensorState>
      Present
    </SensorState>
    </Trackpoint>
<Trackpoint>
      <Time>
      2025-04-30T13:42:51.690Z
    </Time><SensorState>
      Present
    </SensorState><Extensions>
      <TPX xmlns="http://www.garmin.com/xmlschemas/ActivityExtension/v2">
      <nax:Nax>
      <nax:AscentInMeters>
      0.05813026428222656
    </nax:AscentInMeters>
    </nax:Nax>
    </TPX>
    </Extensions>
    </Trackpoint>
<Trackpoint>
      <Time>
      2025-04-30T13:42:52.000Z
    </Time><Position>
      <LatitudeDegrees>
      47.429011791657395
    </LatitudeDegrees><LongitudeDegrees>
      -122.29035746638411
    </LongitudeDegrees>
    </Position><AltitudeMeters>
      112.00639641750604
    </AltitudeMeters><SensorState>
      Present
    </SensorState><Extensions>
      <TPX xmlns="http://www.garmin.com/xmlschemas/ActivityExtension/v2">
      <nax:Nax>
      <nax:NikeFuel>
      6.635852373516816
    </nax:NikeFuel>
    </nax:Nax>
    </TPX>
    </Extensions>
    </Trackpoint>
<Trackpoint>
      <Time>
      2025-04-30T13:42:52.748Z
    </Time><SensorState>
      Present
    </SensorState><Extensions>
      <TPX xmlns="http://www.garmin.com/xmlschemas/ActivityExtension/v2">
      <nax:Nax>
      <nax:AscentInMeters>
      0.07134246826171875
    </nax:AscentInMeters>
    </nax:Nax>
    </TPX>
    </Extensions>
    </Trackpoint>
<Trackpoint>
      <Time>
      2025-04-30T13:42:53.807Z
    </Time><SensorState>
      Present
    </SensorState><Extensions>
      <TPX xmlns="http://www.garmin.com/xmlschemas/ActivityExtension/v2">
      <nax:Nax>
      <nax:AscentInMeters>
      0.031707763671875
    </nax:AscentInMeters>
    </nax:Nax>
    </TPX>
    </Extensions>
    </Trackpoint>
<Trackpoint>
      <Time>
      2025-04-30T13:42:54.025Z
    </Time><SensorState>
      Present
    </SensorState><Extensions>
      <TPX xmlns="http://www.garmin.com/xmlschemas/ActivityExtension/v2">
      <ns3:Speed>
      2.5385090672282704
    </ns3:Speed><nax:Nax>
      <nax:Pace>
      6.565533636192424
    </nax:Pace>
    </nax:Nax>
    </TPX>
    </Extensions>
    </Trackpoint>
<Trackpoint>
      <Time>
      2025-04-30T13:42:54.026Z
    </Time><DistanceMeters>
      6.321590824518353
    </DistanceMeters><Cadence>
      169.37560558319092
    </Cadence><SensorState>
      Present
    </SensorState>
    </Trackpoint>
<Trackpoint>
      <Time>
      2025-04-30T13:42:54.865Z
    </Time><SensorState>
      Present
    </SensorState><Extensions>
      <TPX xmlns="http://www.garmin.com/xmlschemas/ActivityExtension/v2">
      <nax:Nax>
      <nax:AscentInMeters>
      0.04227638244628906
    </nax:AscentInMeters>
    </nax:Nax>
    </TPX>
    </Extensions>
    </Trackpoint>
<Trackpoint>
      <Time>
      2025-04-30T13:42:56.000Z
    </Time><Position>
      <LatitudeDegrees>
      47.428965324521904
    </LatitudeDegrees><LongitudeDegrees>
      -122.29047441105622
    </LongitudeDegrees>
    </Position><AltitudeMeters>
      112.31283784098923
    </AltitudeMeters><SensorState>
      Present
    </SensorState>
    </Trackpoint>
<Trackpoint>
      <Time>
      2025-04-30T13:42:56.579Z
    </Time><SensorState>
      Present
    </SensorState><Extensions>
      <TPX xmlns="http://www.garmin.com/xmlschemas/ActivityExtension/v2">
      <ns3:Speed>
      2.5347329037788464
    </ns3:Speed><nax:Nax>
      <nax:Pace>
      6.575314756761772
    </nax:Pace>
    </nax:Nax>
    </TPX>
    </Extensions>
    </Trackpoint>
<Trackpoint>
      <Time>
      2025-04-30T13:42:56.580Z
    </Time><DistanceMeters>
      3.3791959735099226
    </DistanceMeters><Cadence>
      170.17576217651367
    </Cadence><SensorState>
      Present
    </SensorState>
    </Trackpoint>
<Trackpoint>
      <Time>
      2025-04-30T13:42:59.099Z
    </Time><SensorState>
      Present
    </SensorState><Extensions>
      <TPX xmlns="http://www.garmin.com/xmlschemas/ActivityExtension/v2">
      <nax:Nax>
      <nax:DescentInMeters>
      0.03963470458984375
    </nax:DescentInMeters>
    </nax:Nax>
    </TPX>
    </Extensions>
    </Trackpoint>
<Trackpoint>
      <Time>
      2025-04-30T13:42:59.134Z
    </Time><SensorState>
      Present
    </SensorState><Extensions>
      <TPX xmlns="http://www.garmin.com/xmlschemas/ActivityExtension/v2">
      <ns3:Speed>
      2.5318858657082512
    </ns3:Speed><nax:Nax>
      <nax:Pace>
      6.582708522686292
    </nax:Pace>
    </nax:Nax>
    </TPX>
    </Extensions>
    </Trackpoint>
<Trackpoint>
      <Time>
      2025-04-30T13:42:59.135Z
    </Time><DistanceMeters>
      9.010407888679765
    </DistanceMeters><Cadence>
      174.51684951782227
    </Cadence><SensorState>
      Present
    </SensorState>
    </Trackpoint>
<Trackpoint>
      <Time>
      2025-04-30T13:43:00.000Z
    </Time><Position>
      <LatitudeDegrees>
      47.42891315262844
    </LatitudeDegrees><LongitudeDegrees>
      -122.29059081629576
    </LongitudeDegrees>
    </Position><AltitudeMeters>
      111.0631387848407
    </AltitudeMeters><SensorState>
      Present
    </SensorState>
    </Trackpoint>
<Trackpoint>
      <Time>
      2025-04-30T13:43:00.158Z
    </Time><SensorState>
      Present
    </SensorState><Extensions>
      <TPX xmlns="http://www.garmin.com/xmlschemas/ActivityExtension/v2">
      <nax:Nax>
      <nax:DescentInMeters>
      0.018495559692382812
    </nax:DescentInMeters>
    </nax:Nax>
    </TPX>
    </Extensions>
    </Trackpoint>
<Trackpoint>
      <Time>
      2025-04-30T13:43:01.216Z
    </Time><SensorState>
      Present
    </SensorState><Extensions>
      <TPX xmlns="http://www.garmin.com/xmlschemas/ActivityExtension/v2">
      <nax:Nax>
      <nax:DescentInMeters>
      0.03699302673339844
    </nax:DescentInMeters>
    </nax:Nax>
    </TPX>
    </Extensions>
    </Trackpoint>
<Trackpoint>
      <Time>
      2025-04-30T13:43:01.688Z
    </Time><SensorState>
      Present
    </SensorState><Extensions>
      <TPX xmlns="http://www.garmin.com/xmlschemas/ActivityExtension/v2">
      <ns3:Speed>
      2.5287848201145766
    </ns3:Speed><nax:Nax>
      <nax:Pace>
      6.590780889736407
    </nax:Pace>
    </nax:Nax>
    </TPX>
    </Extensions>
    </Trackpoint>
<Trackpoint>
      <Time>
      2025-04-30T13:43:01.689Z
    </Time><DistanceMeters>
      7.5866338815540075
    </DistanceMeters><Cadence>
      169.85692977905273
    </Cadence><SensorState>
      Present
    </SensorState>
    </Trackpoint>
<Trackpoint>
      <Time>
      2025-04-30T13:43:02.000Z
    </Time><SensorState>
      Present
    </SensorState><Extensions>
      <TPX xmlns="http://www.garmin.com/xmlschemas/ActivityExtension/v2">
      <nax:Nax>
      <nax:NikeFuel>
      6.608755856576597
    </nax:NikeFuel>
    </nax:Nax>
    </TPX>
    </Extensions>
    </Trackpoint>
<Trackpoint>
      <Time>
      2025-04-30T13:43:02.275Z
    </Time><SensorState>
      Present
    </SensorState><Extensions>
      <TPX xmlns="http://www.garmin.com/xmlschemas/ActivityExtension/v2">
      <nax:Nax>
      <nax:DescentInMeters>
      0.0052852630615234375
    </nax:DescentInMeters>
    </nax:Nax>
    </TPX>
    </Extensions>
    </Trackpoint>
<Trackpoint>
      <Time>
      2025-04-30T13:43:04.243Z
    </Time><SensorState>
      Present
    </SensorState><Extensions>
      <TPX xmlns="http://www.garmin.com/xmlschemas/ActivityExtension/v2">
      <ns3:Speed>
      2.5265177913836916
    </ns3:Speed><nax:Nax>
      <nax:Pace>
      6.5966947565165865
    </nax:Pace>
    </nax:Nax>
    </TPX>
    </Extensions>
    </Trackpoint>
<Trackpoint>
      <Time>
      2025-04-30T13:43:04.244Z
    </Time><DistanceMeters>
      4.717537855030969
    </DistanceMeters><Cadence>
      169.37866687774658
    </Cadence><SensorState>
      Present
    </SensorState>
    </Trackpoint>
<Trackpoint>
      <Time>
      2025-04-30T13:43:04.392Z
    </Time><SensorState>
      Present
    </SensorState><Extensions>
      <TPX xmlns="http://www.garmin.com/xmlschemas/ActivityExtension/v2">
      <nax:Nax>
      <nax:DescentInMeters>
      0.00792694091796875
    </nax:DescentInMeters>
    </nax:Nax>
    </TPX>
    </Extensions>
    </Trackpoint>
<Trackpoint>
      <Time>
      2025-04-30T13:43:05.000Z
    </Time><Position>
      <LatitudeDegrees>
      47.42886398967168
    </LatitudeDegrees><LongitudeDegrees>
      -122.29072833894851
    </LongitudeDegrees>
    </Position><AltitudeMeters>
      110.9747615205124
    </AltitudeMeters><SensorState>
      Present
    </SensorState>
    </Trackpoint>
<Trackpoint>
      <Time>
      2025-04-30T13:43:05.449Z
    </Time><SensorState>
      Present
    </SensorState><Extensions>
      <TPX xmlns="http://www.garmin.com/xmlschemas/ActivityExtension/v2">
      <nax:Nax>
      <nax:DescentInMeters>
      0.06341552734375
    </nax:DescentInMeters>
    </nax:Nax>
    </TPX>
    </Extensions>
    </Trackpoint>
<Trackpoint>
      <Time>
      2025-04-30T13:43:06.508Z
    </Time><SensorState>
      Present
    </SensorState><Extensions>
      <TPX xmlns="http://www.garmin.com/xmlschemas/ActivityExtension/v2">
      <nax:Nax>
      <nax:DescentInMeters>
      0.010568618774414062
    </nax:DescentInMeters>
    </nax:Nax>
    </TPX>
    </Extensions>
    </Trackpoint>
<Trackpoint>
      <Time>
      2025-04-30T13:43:06.797Z
    </Time><DistanceMeters>
      7.052122077555396
    </DistanceMeters><SensorState>
      Present
    </SensorState><Extensions>
      <TPX xmlns="http://www.garmin.com/xmlschemas/ActivityExtension/v2">
      <ns3:Speed>
      2.52396207378551
    </ns3:Speed><nax:Nax>
      <nax:Pace>
      6.603374448360678
    </nax:Pace>
    </nax:Nax>
    </TPX>
    </Extensions>
    </Trackpoint>
<Trackpoint>
      <Time>
      2025-04-30T13:43:06.798Z
    </Time><Cadence>
      168.73124599456787
    </Cadence><SensorState>
      Present
    </SensorState>
    </Trackpoint>
<Trackpoint>
      <Time>
      2025-04-30T13:43:07.567Z
    </Time><SensorState>
      Present
    </SensorState><Extensions>
      <TPX xmlns="http://www.garmin.com/xmlschemas/ActivityExtension/v2">
      <nax:Nax>
      <nax:DescentInMeters>
      0.0475616455078125
    </nax:DescentInMeters>
    </nax:Nax>
    </TPX>
    </Extensions>
    </Trackpoint>
<Trackpoint>
      <Time>
      2025-04-30T13:43:08.626Z
    </Time><SensorState>
      Present
    </SensorState><Extensions>
      <TPX xmlns="http://www.garmin.com/xmlschemas/ActivityExtension/v2">
      <nax:Nax>
      <nax:DescentInMeters>
      0.08191299438476562
    </nax:DescentInMeters>
    </nax:Nax>
    </TPX>
    </Extensions>
    </Trackpoint>
<Trackpoint>
      <Time>
      2025-04-30T13:43:09.352Z
    </Time><SensorState>
      Present
    </SensorState><Extensions>
      <TPX xmlns="http://www.garmin.com/xmlschemas/ActivityExtension/v2">
      <ns3:Speed>
      2.520867018177367
    </ns3:Speed><nax:Nax>
      <nax:Pace>
      6.611481901459828
    </nax:Pace>
    </nax:Nax>
    </TPX>
    </Extensions>
    </Trackpoint>
<Trackpoint>
      <Time>
      2025-04-30T13:43:09.353Z
    </Time><DistanceMeters>
      3.486754688550718
    </DistanceMeters><Cadence>
      168.19496154785156
    </Cadence><SensorState>
      Present
    </SensorState>
    </Trackpoint>
<Trackpoint>
      <Time>
      2025-04-30T13:43:09.684Z
    </Time><SensorState>
      Present
    </SensorState><Extensions>
      <TPX xmlns="http://www.garmin.com/xmlschemas/ActivityExtension/v2">
      <nax:Nax>
      <nax:DescentInMeters>
      0.07134246826171875
    </nax:DescentInMeters>
    </nax:Nax>
    </TPX>
    </Extensions>
    </Trackpoint>
<Trackpoint>
      <Time>
      2025-04-30T13:43:10.000Z
    </Time><Position>
      <LatitudeDegrees>
      47.42882502754986
    </LatitudeDegrees><LongitudeDegrees>
      -122.29087784545474
    </LongitudeDegrees>
    </Position><AltitudeMeters>
      110.95402089785784
    </AltitudeMeters><SensorState>
      Present
    </SensorState>
    </Trackpoint>
<Trackpoint>
      <Time>
      2025-04-30T13:43:10.743Z
    </Time><SensorState>
      Present
    </SensorState><Extensions>
      <TPX xmlns="http://www.garmin.com/xmlschemas/ActivityExtension/v2">
      <nax:Nax>
      <nax:DescentInMeters>
      0.05020332336425781
    </nax:DescentInMeters>
    </nax:Nax>
    </TPX>
    </Extensions>
    </Trackpoint>
<Trackpoint>
      <Time>
      2025-04-30T13:43:11.801Z
    </Time><SensorState>
      Present
    </SensorState><Extensions>
      <TPX xmlns="http://www.garmin.com/xmlschemas/ActivityExtension/v2">
      <nax:Nax>
      <nax:DescentInMeters>
      0.08191299438476562
    </nax:DescentInMeters>
    </nax:Nax>
    </TPX>
    </Extensions>
    </Trackpoint>
<Trackpoint>
      <Time>
      2025-04-30T13:43:11.906Z
    </Time><SensorState>
      Present
    </SensorState><Extensions>
      <TPX xmlns="http://www.garmin.com/xmlschemas/ActivityExtension/v2">
      <ns3:Speed>
      2.5180174513457376
    </ns3:Speed><nax:Nax>
      <nax:Pace>
      6.618963922493578
    </nax:Pace>
    </nax:Nax>
    </TPX>
    </Extensions>
    </Trackpoint>
<Trackpoint>
      <Time>
      2025-04-30T13:43:11.907Z
    </Time><DistanceMeters>
      7.691625351086259
    </DistanceMeters><Cadence>
      166.8579912185669
    </Cadence><SensorState>
      Present
    </SensorState>
    </Trackpoint>
<Trackpoint>
      <Time>
      2025-04-30T13:43:12.000Z
    </Time><SensorState>
      Present
    </SensorState><Extensions>
      <TPX xmlns="http://www.garmin.com/xmlschemas/ActivityExtension/v2">
      <nax:Nax>
      <nax:NikeFuel>
      6.581378558795413
    </nax:NikeFuel>
    </nax:Nax>
    </TPX>
    </Extensions>
    </Trackpoint>
<Trackpoint>
      <Time>
      2025-04-30T13:43:12.859Z
    </Time><SensorState>
      Present
    </SensorState><Extensions>
      <TPX xmlns="http://www.garmin.com/xmlschemas/ActivityExtension/v2">
      <nax:Nax>
      <nax:DescentInMeters>
      0.06341552734375
    </nax:DescentInMeters>
    </nax:Nax>
    </TPX>
    </Extensions>
    </Trackpoint>
<Trackpoint>
      <Time>
      2025-04-30T13:43:13.918Z
    </Time><SensorState>
      Present
    </SensorState><Extensions>
      <TPX xmlns="http://www.garmin.com/xmlschemas/ActivityExtension/v2">
      <nax:Nax>
      <nax:DescentInMeters>
      0.060771942138671875
    </nax:DescentInMeters>
    </nax:Nax>
    </TPX>
    </Extensions>
    </Trackpoint>
<Trackpoint>
      <Time>
      2025-04-30T13:43:14.462Z
    </Time><DistanceMeters>
      5.785213078954257
    </DistanceMeters><SensorState>
      Present
    </SensorState><Extensions>
      <TPX xmlns="http://www.garmin.com/xmlschemas/ActivityExtension/v2">
      <ns3:Speed>
      2.5142139452942
    </ns3:Speed><nax:Nax>
      <nax:Pace>
      6.628977099526994
    </nax:Pace>
    </nax:Nax>
    </TPX>
    </Extensions>
    </Trackpoint>
<Trackpoint>
      <Time>
      2025-04-30T13:43:14.463Z
    </Time><Cadence>
      166.8579912185669
    </Cadence><SensorState>
      Present
    </SensorState>
    </Trackpoint>
<Trackpoint>
      <Time>
      2025-04-30T13:43:14.975Z
    </Time><SensorState>
      Present
    </SensorState><Extensions>
      <TPX xmlns="http://www.garmin.com/xmlschemas/ActivityExtension/v2">
      <nax:Nax>
      <nax:DescentInMeters>
      0.08455467224121094
    </nax:DescentInMeters>
    </nax:Nax>
    </TPX>
    </Extensions>
    </Trackpoint>
<Trackpoint>
      <Time>
      2025-04-30T13:43:16.000Z
    </Time><Position>
      <LatitudeDegrees>
      47.428836002467555
    </LatitudeDegrees><LongitudeDegrees>
      -122.29103607624833
    </LongitudeDegrees>
    </Position><AltitudeMeters>
      110.12113184761256
    </AltitudeMeters><SensorState>
      Present
    </SensorState>
    </Trackpoint>
<Trackpoint>
      <Time>
      2025-04-30T13:43:16.034Z
    </Time><SensorState>
      Present
    </SensorState><Extensions>
      <TPX xmlns="http://www.garmin.com/xmlschemas/ActivityExtension/v2">
      <nax:Nax>
      <nax:DescentInMeters>
      0.021139144897460938
    </nax:DescentInMeters>
    </nax:Nax>
    </TPX>
    </Extensions>
    </Trackpoint>
<Trackpoint>
      <Time>
      2025-04-30T13:43:17.016Z
    </Time><SensorState>
      Present
    </SensorState><Extensions>
      <TPX xmlns="http://www.garmin.com/xmlschemas/ActivityExtension/v2">
      <ns3:Speed>
      2.510601665226472
    </ns3:Speed><nax:Nax>
      <nax:Pace>
      6.638514941462539
    </nax:Pace>
    </nax:Nax>
    </TPX>
    </Extensions>
    </Trackpoint>
<Trackpoint>
      <Time>
      2025-04-30T13:43:17.017Z
    </Time><DistanceMeters>
      7.138384158257395
    </DistanceMeters><Cadence>
      166.73376560211182
    </Cadence><SensorState>
      Present
    </SensorState>
    </Trackpoint>
<Trackpoint>
      <Time>
      2025-04-30T13:43:17.093Z
    </Time><SensorState>
      Present
    </SensorState><Extensions>
      <TPX xmlns="http://www.garmin.com/xmlschemas/ActivityExtension/v2">
      <nax:Nax>
      <nax:DescentInMeters>
      0.03699302673339844
    </nax:DescentInMeters>
    </nax:Nax>
    </TPX>
    </Extensions>
    </Trackpoint>
<Trackpoint>
      <Time>
      2025-04-30T13:43:18.151Z
    </Time><SensorState>
      Present
    </SensorState><Extensions>
      <TPX xmlns="http://www.garmin.com/xmlschemas/ActivityExtension/v2">
      <nax:Nax>
      <nax:DescentInMeters>
      0.05548858642578125
    </nax:DescentInMeters>
    </nax:Nax>
    </TPX>
    </Extensions>
    </Trackpoint>
<Trackpoint>
      <Time>
      2025-04-30T13:43:19.210Z
    </Time><SensorState>
      Present
    </SensorState><Extensions>
      <TPX xmlns="http://www.garmin.com/xmlschemas/ActivityExtension/v2">
      <nax:Nax>
      <nax:DescentInMeters>
      0.08983802795410156
    </nax:DescentInMeters>
    </nax:Nax>
    </TPX>
    </Extensions>
    </Trackpoint>
<Trackpoint>
      <Time>
      2025-04-30T13:43:19.571Z
    </Time><SensorState>
      Present
    </SensorState><Extensions>
      <TPX xmlns="http://www.garmin.com/xmlschemas/ActivityExtension/v2">
      <ns3:Speed>
      2.5084501833084425
    </ns3:Speed><nax:Nax>
      <nax:Pace>
      6.644208753902652
    </nax:Pace>
    </nax:Nax>
    </TPX>
    </Extensions>
    </Trackpoint>
<Trackpoint>
      <Time>
      2025-04-30T13:43:19.572Z
    </Time><DistanceMeters>
      5.60520773625467
    </DistanceMeters><Cadence>
      167.1484136581421
    </Cadence><SensorState>
      Present
    </SensorState>
    </Trackpoint>
<Trackpoint>
      <Time>
      2025-04-30T13:43:20.000Z
    </Time><Position>
      <LatitudeDegrees>
      47.42888757223891
    </LatitudeDegrees><LongitudeDegrees>
      -122.29114854771124
    </LongitudeDegrees>
    </Position><AltitudeMeters>
      110.13567469175905
    </AltitudeMeters><SensorState>
      Present
    </SensorState>
    </Trackpoint>
<Trackpoint>
      <Time>
      2025-04-30T13:43:20.268Z
    </Time><SensorState>
      Present
    </SensorState><Extensions>
      <TPX xmlns="http://www.garmin.com/xmlschemas/ActivityExtension/v2">
      <nax:Nax>
      <nax:DescentInMeters>
      0.03963470458984375
    </nax:DescentInMeters>
    </nax:Nax>
    </TPX>
    </Extensions>
    </Trackpoint>
<Trackpoint>
      <Time>
      2025-04-30T13:43:21.327Z
    </Time><SensorState>
      Present
    </SensorState><Extensions>
      <TPX xmlns="http://www.garmin.com/xmlschemas/ActivityExtension/v2">
      <nax:Nax>
      <nax:DescentInMeters>
      0.12947463989257812
    </nax:DescentInMeters>
    </nax:Nax>
    </TPX>
    </Extensions>
    </Trackpoint>
<Trackpoint>
      <Time>
      2025-04-30T13:43:22.000Z
    </Time><SensorState>
      Present
    </SensorState><Extensions>
      <TPX xmlns="http://www.garmin.com/xmlschemas/ActivityExtension/v2">
      <nax:Nax>
      <nax:NikeFuel>
      6.556157462759158
    </nax:NikeFuel>
    </nax:Nax>
    </TPX>
    </Extensions>
    </Trackpoint>
<Trackpoint>
      <Time>
      2025-04-30T13:43:22.125Z
    </Time><SensorState>
      Present
    </SensorState><Extensions>
      <TPX xmlns="http://www.garmin.com/xmlschemas/ActivityExtension/v2">
      <ns3:Speed>
      2.505630200179343
    </ns3:Speed><nax:Nax>
      <nax:Pace>
      6.651686535975553
    </nax:Pace>
    </nax:Nax>
    </TPX>
    </Extensions>
    </Trackpoint>
<Trackpoint>
      <Time>
      2025-04-30T13:43:22.126Z
    </Time><DistanceMeters>
      5.834048997960053
    </DistanceMeters><Cadence>
      166.55156135559082
    </Cadence><SensorState>
      Present
    </SensorState>
    </Trackpoint>
<Trackpoint>
      <Time>
      2025-04-30T13:43:22.385Z
    </Time><SensorState>
      Present
    </SensorState><Extensions>
      <TPX xmlns="http://www.garmin.com/xmlschemas/ActivityExtension/v2">
      <nax:Nax>
      <nax:DescentInMeters>
      0.11361885070800781
    </nax:DescentInMeters>
    </nax:Nax>
    </TPX>
    </Extensions>
    </Trackpoint>
<Trackpoint>
      <Time>
      2025-04-30T13:43:23.444Z
    </Time><SensorState>
      Present
    </SensorState><Extensions>
      <TPX xmlns="http://www.garmin.com/xmlschemas/ActivityExtension/v2">
      <nax:Nax>
      <nax:DescentInMeters>
      0.1558971405029297
    </nax:DescentInMeters>
    </nax:Nax>
    </TPX>
    </Extensions>
    </Trackpoint>
<Trackpoint>
      <Time>
      2025-04-30T13:43:24.501Z
    </Time><SensorState>
      Present
    </SensorState><Extensions>
      <TPX xmlns="http://www.garmin.com/xmlschemas/ActivityExtension/v2">
      <nax:Nax>
      <nax:DescentInMeters>
      0.08191108703613281
    </nax:DescentInMeters>
    </nax:Nax>
    </TPX>
    </Extensions>
    </Trackpoint>
<Trackpoint>
      <Time>
      2025-04-30T13:43:24.680Z
    </Time><SensorState>
      Present
    </SensorState><Extensions>
      <TPX xmlns="http://www.garmin.com/xmlschemas/ActivityExtension/v2">
      <ns3:Speed>
      2.502172367482624
    </ns3:Speed><nax:Nax>
      <nax:Pace>
      6.660878716135213
    </nax:Pace>
    </nax:Nax>
    </TPX>
    </Extensions>
    </Trackpoint>
<Trackpoint>
      <Time>
      2025-04-30T13:43:24.681Z
    </Time><DistanceMeters>
      5.577138249878772
    </DistanceMeters><Cadence>
      166.55156135559082
    </Cadence><SensorState>
      Present
    </SensorState>
    </Trackpoint>
<Trackpoint>
      <Time>
      2025-04-30T13:43:25.000Z
    </Time><Position>
      <LatitudeDegrees>
      47.42889483746117
    </LatitudeDegrees><LongitudeDegrees>
      -122.29130553653809
    </LongitudeDegrees>
    </Position><AltitudeMeters>
      110.35202175285667
    </AltitudeMeters><SensorState>
      Present
    </SensorState>
    </Trackpoint>
<Trackpoint>
      <Time>
      2025-04-30T13:43:25.560Z
    </Time><SensorState>
      Present
    </SensorState><Extensions>
      <TPX xmlns="http://www.garmin.com/xmlschemas/ActivityExtension/v2">
      <nax:Nax>
      <nax:DescentInMeters>
      0.09776687622070312
    </nax:DescentInMeters>
    </nax:Nax>
    </TPX>
    </Extensions>
    </Trackpoint>
<Trackpoint>
      <Time>
      2025-04-30T13:43:26.619Z
    </Time><SensorState>
      Present
    </SensorState><Extensions>
      <TPX xmlns="http://www.garmin.com/xmlschemas/ActivityExtension/v2">
      <nax:Nax>
      <nax:DescentInMeters>
      0.10305023193359375
    </nax:DescentInMeters>
    </nax:Nax>
    </TPX>
    </Extensions>
    </Trackpoint>
<Trackpoint>
      <Time>
      2025-04-30T13:43:27.234Z
    </Time><SensorState>
      Present
    </SensorState><Extensions>
      <TPX xmlns="http://www.garmin.com/xmlschemas/ActivityExtension/v2">
      <ns3:Speed>
      2.499371769921269
    </ns3:Speed><nax:Nax>
      <nax:Pace>
      6.668342367967
    </nax:Pace>
    </nax:Nax>
    </TPX>
    </Extensions>
    </Trackpoint>
<Trackpoint>
      <Time>
      2025-04-30T13:43:27.235Z
    </Time><DistanceMeters>
      6.637953519122675
    </DistanceMeters><Cadence>
      166.55156135559082
    </Cadence><SensorState>
      Present
    </SensorState>
    </Trackpoint>
<Trackpoint>
      <Time>
      2025-04-30T13:43:27.677Z
    </Time><SensorState>
      Present
    </SensorState><Extensions>
      <TPX xmlns="http://www.garmin.com/xmlschemas/ActivityExtension/v2">
      <nax:Nax>
      <nax:DescentInMeters>
      0.10040855407714844
    </nax:DescentInMeters>
    </nax:Nax>
    </TPX>
    </Extensions>
    </Trackpoint>
<Trackpoint>
      <Time>
      2025-04-30T13:43:28.736Z
    </Time><SensorState>
      Present
    </SensorState><Extensions>
      <TPX xmlns="http://www.garmin.com/xmlschemas/ActivityExtension/v2">
      <nax:Nax>
      <nax:DescentInMeters>
      0.029066085815429688
    </nax:DescentInMeters>
    </nax:Nax>
    </TPX>
    </Extensions>
    </Trackpoint>
<Trackpoint>
      <Time>
      2025-04-30T13:43:29.000Z
    </Time><Position>
      <LatitudeDegrees>
      47.428946245305895
    </LatitudeDegrees><LongitudeDegrees>
      -122.29141541235286
    </LongitudeDegrees>
    </Position><AltitudeMeters>
      110.75705774500966
    </AltitudeMeters><SensorState>
      Present
    </SensorState>
    </Trackpoint>
<Trackpoint>
      <Time>
      2025-04-30T13:43:29.789Z
    </Time><SensorState>
      Present
    </SensorState><Extensions>
      <TPX xmlns="http://www.garmin.com/xmlschemas/ActivityExtension/v2">
      <ns3:Speed>
      2.495715038099719
    </ns3:Speed><nax:Nax>
      <nax:Pace>
      6.678112850318423
    </nax:Pace>
    </nax:Nax>
    </TPX>
    </Extensions>
    </Trackpoint>
<Trackpoint>
      <Time>
      2025-04-30T13:43:29.790Z
    </Time><DistanceMeters>
      7.499778795521706
    </DistanceMeters><Cadence>
      166.55156135559082
    </Cadence><SensorState>
      Present
    </SensorState>
    </Trackpoint>
<Trackpoint>
      <Time>
      2025-04-30T13:43:29.794Z
    </Time><SensorState>
      Present
    </SensorState><Extensions>
      <TPX xmlns="http://www.garmin.com/xmlschemas/ActivityExtension/v2">
      <nax:Nax>
      <nax:DescentInMeters>
      0.021137237548828125
    </nax:DescentInMeters>
    </nax:Nax>
    </TPX>
    </Extensions>
    </Trackpoint>
<Trackpoint>
      <Time>
      2025-04-30T13:43:30.852Z
    </Time><SensorState>
      Present
    </SensorState><Extensions>
      <TPX xmlns="http://www.garmin.com/xmlschemas/ActivityExtension/v2">
      <nax:Nax>
      <nax:DescentInMeters>
      0.026422500610351562
    </nax:DescentInMeters>
    </nax:Nax>
    </TPX>
    </Extensions>
    </Trackpoint>
<Trackpoint>
      <Time>
      2025-04-30T13:43:32.000Z
    </Time><SensorState>
      Present
    </SensorState><Extensions>
      <TPX xmlns="http://www.garmin.com/xmlschemas/ActivityExtension/v2">
      <nax:Nax>
      <nax:NikeFuel>
      6.520561596692973
    </nax:NikeFuel>
    </nax:Nax>
    </TPX>
    </Extensions>
    </Trackpoint>
<Trackpoint>
      <Time>
      2025-04-30T13:43:32.343Z
    </Time><DistanceMeters>
      4.364843925694004
    </DistanceMeters><SensorState>
      Present
    </SensorState><Extensions>
      <TPX xmlns="http://www.garmin.com/xmlschemas/ActivityExtension/v2">
      <ns3:Speed>
      2.4932235832313605
    </ns3:Speed><nax:Nax>
      <nax:Pace>
      6.6847862256563895
    </nax:Pace>
    </nax:Nax>
    </TPX>
    </Extensions>
    </Trackpoint>
<Trackpoint>
      <Time>
      2025-04-30T13:43:32.344Z
    </Time><Cadence>
      166.69355392456055
    </Cadence><SensorState>
      Present
    </SensorState>
    </Trackpoint>
<Trackpoint>
      <Time>
      2025-04-30T13:43:34.000Z
    </Time><Position>
      <LatitudeDegrees>
      47.429034506593524
    </LatitudeDegrees><LongitudeDegrees>
      -122.29150845183007
    </LongitudeDegrees>
    </Position><AltitudeMeters>
      110.38976799789816
    </AltitudeMeters><SensorState>
      Present
    </SensorState>
    </Trackpoint>
<Trackpoint>
      <Time>
      2025-04-30T13:43:34.898Z
    </Time><SensorState>
      Present
    </SensorState><Extensions>
      <TPX xmlns="http://www.garmin.com/xmlschemas/ActivityExtension/v2">
      <ns3:Speed>
      2.489560758152058
    </ns3:Speed><nax:Nax>
      <nax:Pace>
      6.694621375313587
    </nax:Pace>
    </nax:Nax>
    </TPX>
    </Extensions>
    </Trackpoint>
<Trackpoint>
      <Time>
      2025-04-30T13:43:34.899Z
    </Time><DistanceMeters>
      6.502023183507845
    </DistanceMeters><Cadence>
      166.69355392456055
    </Cadence><SensorState>
      Present
    </SensorState>
    </Trackpoint>
<Trackpoint>
      <Time>
      2025-04-30T13:43:35.086Z
    </Time><SensorState>
      Present
    </SensorState><Extensions>
      <TPX xmlns="http://www.garmin.com/xmlschemas/ActivityExtension/v2">
      <nax:Nax>
      <nax:AscentInMeters>
      0.06605911254882812
    </nax:AscentInMeters>
    </nax:Nax>
    </TPX>
    </Extensions>
    </Trackpoint>
<Trackpoint>
      <Time>
      2025-04-30T13:43:36.145Z
    </Time><SensorState>
      Present
    </SensorState><Extensions>
      <TPX xmlns="http://www.garmin.com/xmlschemas/ActivityExtension/v2">
      <nax:Nax>
      <nax:AscentInMeters>
      0.06341552734375
    </nax:AscentInMeters>
    </nax:Nax>
    </TPX>
    </Extensions>
    </Trackpoint>
<Trackpoint>
      <Time>
      2025-04-30T13:43:37.203Z
    </Time><SensorState>
      Present
    </SensorState><Extensions>
      <TPX xmlns="http://www.garmin.com/xmlschemas/ActivityExtension/v2">
      <nax:Nax>
      <nax:AscentInMeters>
      0.029064178466796875
    </nax:AscentInMeters>
    </nax:Nax>
    </TPX>
    </Extensions>
    </Trackpoint>
<Trackpoint>
      <Time>
      2025-04-30T13:43:37.452Z
    </Time><SensorState>
      Present
    </SensorState><Extensions>
      <TPX xmlns="http://www.garmin.com/xmlschemas/ActivityExtension/v2">
      <ns3:Speed>
      2.484378499747674
    </ns3:Speed><nax:Nax>
      <nax:Pace>
      6.7085859374324075
    </nax:Pace>
    </nax:Nax>
    </TPX>
    </Extensions>
    </Trackpoint>
<Trackpoint>
      <Time>
      2025-04-30T13:43:37.453Z
    </Time><DistanceMeters>
      3.736376523389481
    </DistanceMeters><Cadence>
      166.69355392456055
    </Cadence><SensorState>
      Present
    </SensorState>
    </Trackpoint>
<Trackpoint>
      <Time>
      2025-04-30T13:43:38.262Z
    </Time><SensorState>
      Present
    </SensorState><Extensions>
      <TPX xmlns="http://www.garmin.com/xmlschemas/ActivityExtension/v2">
      <nax:Nax>
      <nax:AscentInMeters>
      0.034351348876953125
    </nax:AscentInMeters>
    </nax:Nax>
    </TPX>
    </Extensions>
    </Trackpoint>
<Trackpoint>
      <Time>
      2025-04-30T13:43:39.320Z
    </Time><SensorState>
      Present
    </SensorState><Extensions>
      <TPX xmlns="http://www.garmin.com/xmlschemas/ActivityExtension/v2">
      <nax:Nax>
      <nax:AscentInMeters>
      0.021137237548828125
    </nax:AscentInMeters>
    </nax:Nax>
    </TPX>
    </Extensions>
    </Trackpoint>
<Trackpoint>
      <Time>
      2025-04-30T13:43:40.000Z
    </Time><Position>
      <LatitudeDegrees>
      47.42912904744915
    </LatitudeDegrees><LongitudeDegrees>
      -122.29150955725554
    </LongitudeDegrees>
    </Position><AltitudeMeters>
      110.30944713018835
    </AltitudeMeters><SensorState>
      Present
    </SensorState>
    </Trackpoint>
<Trackpoint>
      <Time>
      2025-04-30T13:43:40.007Z
    </Time><SensorState>
      Present
    </SensorState><Extensions>
      <TPX xmlns="http://www.garmin.com/xmlschemas/ActivityExtension/v2">
      <ns3:Speed>
      2.4772047654335982
    </ns3:Speed><nax:Nax>
      <nax:Pace>
      6.728013323415923
    </nax:Pace>
    </nax:Nax>
    </TPX>
    </Extensions>
    </Trackpoint>
<Trackpoint>
      <Time>
      2025-04-30T13:43:40.008Z
    </Time><DistanceMeters>
      2.988884281483479
    </DistanceMeters><Cadence>
      107.37557888031006
    </Cadence><SensorState>
      Present
    </SensorState>
    </Trackpoint>
<Trackpoint>
      <Time>
      2025-04-30T13:43:40.378Z
    </Time><SensorState>
      Present
    </SensorState><Extensions>
      <TPX xmlns="http://www.garmin.com/xmlschemas/ActivityExtension/v2">
      <nax:Nax>
      <nax:AscentInMeters>
      0.026424407958984375
    </nax:AscentInMeters>
    </nax:Nax>
    </TPX>
    </Extensions>
    </Trackpoint>
<Trackpoint>
      <Time>
      2025-04-30T13:43:41.437Z
    </Time><SensorState>
      Present
    </SensorState><Extensions>
      <TPX xmlns="http://www.garmin.com/xmlschemas/ActivityExtension/v2">
      <nax:Nax>
      <nax:AscentInMeters>
      0.021137237548828125
    </nax:AscentInMeters>
    </nax:Nax>
    </TPX>
    </Extensions>
    </Trackpoint>
<Trackpoint>
      <Time>
      2025-04-30T13:43:42.000Z
    </Time><SensorState>
      Present
    </SensorState><Extensions>
      <TPX xmlns="http://www.garmin.com/xmlschemas/ActivityExtension/v2">
      <nax:Nax>
      <nax:NikeFuel>
      2.577201014964694
    </nax:NikeFuel>
    </nax:Nax>
    </TPX>
    </Extensions>
    </Trackpoint>
<Trackpoint>
      <Time>
      2025-04-30T13:43:42.495Z
    </Time><SensorState>
      Present
    </SensorState><Extensions>
      <TPX xmlns="http://www.garmin.com/xmlschemas/ActivityExtension/v2">
      <nax:Nax>
      <nax:AscentInMeters>
      0.058132171630859375
    </nax:AscentInMeters>
    </nax:Nax>
    </TPX>
    </Extensions>
    </Trackpoint>
<Trackpoint>
      <Time>
      2025-04-30T13:43:42.561Z
    </Time><SensorState>
      Present
    </SensorState><Extensions>
      <TPX xmlns="http://www.garmin.com/xmlschemas/ActivityExtension/v2">
      <ns3:Speed>
      1.3676469913071703
    </ns3:Speed><nax:Nax>
      <nax:Pace>
      12.186380529918024
    </nax:Pace>
    </nax:Nax>
    </TPX>
    </Extensions>
    </Trackpoint>
<Trackpoint>
      <Time>
      2025-04-30T13:43:42.562Z
    </Time><DistanceMeters>
      2.8279175725765526
    </DistanceMeters><Cadence>
      110.44401168823242
    </Cadence><SensorState>
      Present
    </SensorState>
    </Trackpoint>
<Trackpoint>
      <Time>
      2025-04-30T13:43:43.554Z
    </Time><SensorState>
      Present
    </SensorState><Extensions>
      <TPX xmlns="http://www.garmin.com/xmlschemas/ActivityExtension/v2">
      <nax:Nax>
      <nax:AscentInMeters>
      0.05813026428222656
    </nax:AscentInMeters>
    </nax:Nax>
    </TPX>
    </Extensions>
    </Trackpoint>
<Trackpoint>
      <Time>
      2025-04-30T13:43:44.612Z
    </Time><SensorState>
      Present
    </SensorState><Extensions>
      <TPX xmlns="http://www.garmin.com/xmlschemas/ActivityExtension/v2">
      <nax:Nax>
      <nax:AscentInMeters>
      0.06341552734375
    </nax:AscentInMeters>
    </nax:Nax>
    </TPX>
    </Extensions>
    </Trackpoint>
<Trackpoint>
      <Time>
      2025-04-30T13:43:45.115Z
    </Time><SensorState>
      Present
    </SensorState><Extensions>
      <TPX xmlns="http://www.garmin.com/xmlschemas/ActivityExtension/v2">
      <ns3:Speed>
      1.4468921694408863
    </ns3:Speed><nax:Nax>
      <nax:Pace>
      11.518941783413663
    </nax:Pace>
    </nax:Nax>
    </TPX>
    </Extensions>
    </Trackpoint>
<Trackpoint>
      <Time>
      2025-04-30T13:43:45.116Z
    </Time><DistanceMeters>
      3.1272904452634975
    </DistanceMeters><Cadence>
      110.44401168823242
    </Cadence><SensorState>
      Present
    </SensorState>
    </Trackpoint>
<Trackpoint>
      <Time>
      2025-04-30T13:43:45.670Z
    </Time><SensorState>
      Present
    </SensorState><Extensions>
      <TPX xmlns="http://www.garmin.com/xmlschemas/ActivityExtension/v2">
      <nax:Nax>
      <nax:AscentInMeters>
      0.07662773132324219
    </nax:AscentInMeters>
    </nax:Nax>
    </TPX>
    </Extensions>
    </Trackpoint>
<Trackpoint>
      <Time>
      2025-04-30T13:43:46.729Z
    </Time><SensorState>
      Present
    </SensorState><Extensions>
      <TPX xmlns="http://www.garmin.com/xmlschemas/ActivityExtension/v2">
      <nax:Nax>
      <nax:AscentInMeters>
      0.050205230712890625
    </nax:AscentInMeters>
    </nax:Nax>
    </TPX>
    </Extensions>
    </Trackpoint>
<Trackpoint>
      <Time>
      2025-04-30T13:43:47.670Z
    </Time><SensorState>
      Present
    </SensorState><Extensions>
      <TPX xmlns="http://www.garmin.com/xmlschemas/ActivityExtension/v2">
      <ns3:Speed>
      1.4468921694408863
    </ns3:Speed><nax:Nax>
      <nax:Pace>
      11.518941783413663
    </nax:Pace>
    </nax:Nax>
    </TPX>
    </Extensions>
    </Trackpoint>
<Trackpoint>
      <Time>
      2025-04-30T13:43:47.671Z
    </Time><DistanceMeters>
      3.7246333999792114
    </DistanceMeters><Cadence>
      110.44401168823242
    </Cadence><SensorState>
      Present
    </SensorState>
    </Trackpoint>
<Trackpoint>
      <Time>
      2025-04-30T13:43:47.787Z
    </Time><SensorState>
      Present
    </SensorState><Extensions>
      <TPX xmlns="http://www.garmin.com/xmlschemas/ActivityExtension/v2">
      <nax:Nax>
      <nax:AscentInMeters>
      0.05020332336425781
    </nax:AscentInMeters>
    </nax:Nax>
    </TPX>
    </Extensions>
    </Trackpoint>
<Trackpoint>
      <Time>
      2025-04-30T13:43:48.000Z
    </Time><Position>
      <LatitudeDegrees>
      47.42921906615308
    </LatitudeDegrees><LongitudeDegrees>
      -122.29149429648724
    </LongitudeDegrees>
    </Position><AltitudeMeters>
      109.8677388895303
    </AltitudeMeters><SensorState>
      Present
    </SensorState>
    </Trackpoint>
<Trackpoint>
      <Time>
      2025-04-30T13:43:48.846Z
    </Time><SensorState>
      Present
    </SensorState><Extensions>
      <TPX xmlns="http://www.garmin.com/xmlschemas/ActivityExtension/v2">
      <nax:Nax>
      <nax:AscentInMeters>
      0.05020332336425781
    </nax:AscentInMeters>
    </nax:Nax>
    </TPX>
    </Extensions>
    </Trackpoint>
<Trackpoint>
      <Time>
      2025-04-30T13:43:49.904Z
    </Time><SensorState>
      Present
    </SensorState><Extensions>
      <TPX xmlns="http://www.garmin.com/xmlschemas/ActivityExtension/v2">
      <nax:Nax>
      <nax:AscentInMeters>
      0.0475616455078125
    </nax:AscentInMeters>
    </nax:Nax>
    </TPX>
    </Extensions>
    </Trackpoint>
<Trackpoint>
      <Time>
      2025-04-30T13:43:50.224Z
    </Time><SensorState>
      Present
    </SensorState><Extensions>
      <TPX xmlns="http://www.garmin.com/xmlschemas/ActivityExtension/v2">
      <ns3:Speed>
      1.4468921694408863
    </ns3:Speed><nax:Nax>
      <nax:Pace>
      11.518941783413663
    </nax:Pace>
    </nax:Nax>
    </TPX>
    </Extensions>
    </Trackpoint>
<Trackpoint>
      <Time>
      2025-04-30T13:43:50.225Z
    </Time><DistanceMeters>
      3.0389177481411025
    </DistanceMeters><Cadence>
      110.44401168823242
    </Cadence><SensorState>
      Present
    </SensorState>
    </Trackpoint>
<Trackpoint>
      <Time>
      2025-04-30T13:43:50.962Z
    </Time><SensorState>
      Present
    </SensorState><Extensions>
      <TPX xmlns="http://www.garmin.com/xmlschemas/ActivityExtension/v2">
      <nax:Nax>
      <nax:AscentInMeters>
      0.05284690856933594
    </nax:AscentInMeters>
    </nax:Nax>
    </TPX>
    </Extensions>
    </Trackpoint>
<Trackpoint>
      <Time>
      2025-04-30T13:43:52.000Z
    </Time><SensorState>
      Present
    </SensorState><Extensions>
      <TPX xmlns="http://www.garmin.com/xmlschemas/ActivityExtension/v2">
      <nax:Nax>
      <nax:NikeFuel>
      2.56264383314321
    </nax:NikeFuel>
    </nax:Nax>
    </TPX>
    </Extensions>
    </Trackpoint>
<Trackpoint>
      <Time>
      2025-04-30T13:43:52.021Z
    </Time><SensorState>
      Present
    </SensorState><Extensions>
      <TPX xmlns="http://www.garmin.com/xmlschemas/ActivityExtension/v2">
      <nax:Nax>
      <nax:AscentInMeters>
      0.12418937683105469
    </nax:AscentInMeters>
    </nax:Nax>
    </TPX>
    </Extensions>
    </Trackpoint>
<Trackpoint>
      <Time>
      2025-04-30T13:43:52.779Z
    </Time><SensorState>
      Present
    </SensorState><Extensions>
      <TPX xmlns="http://www.garmin.com/xmlschemas/ActivityExtension/v2">
      <ns3:Speed>
      1.4468921694408863
    </ns3:Speed><nax:Nax>
      <nax:Pace>
      11.518941783413663
    </nax:Pace>
    </nax:Nax>
    </TPX>
    </Extensions>
    </Trackpoint>
<Trackpoint>
      <Time>
      2025-04-30T13:43:52.780Z
    </Time><DistanceMeters>
      4.680788009078242
    </DistanceMeters><Cadence>
      103.94100666046143
    </Cadence><SensorState>
      Present
    </SensorState>
    </Trackpoint>
<Trackpoint>
      <Time>
      2025-04-30T13:43:53.079Z
    </Time><SensorState>
      Present
    </SensorState><Extensions>
      <TPX xmlns="http://www.garmin.com/xmlschemas/ActivityExtension/v2">
      <nax:Nax>
      <nax:AscentInMeters>
      0.1426849365234375
    </nax:AscentInMeters>
    </nax:Nax>
    </TPX>
    </Extensions>
    </Trackpoint>
<Trackpoint>
      <Time>
      2025-04-30T13:43:54.138Z
    </Time><SensorState>
      Present
    </SensorState><Extensions>
      <TPX xmlns="http://www.garmin.com/xmlschemas/ActivityExtension/v2">
      <nax:Nax>
      <nax:AscentInMeters>
      0.12418937683105469
    </nax:AscentInMeters>
    </nax:Nax>
    </TPX>
    </Extensions>
    </Trackpoint>
<Trackpoint>
      <Time>
      2025-04-30T13:43:55.000Z
    </Time><Position>
      <LatitudeDegrees>
      47.4293123679875
    </LatitudeDegrees><LongitudeDegrees>
      -122.2914785272766
    </LongitudeDegrees>
    </Position><AltitudeMeters>
      110.31480806879699
    </AltitudeMeters><SensorState>
      Present
    </SensorState>
    </Trackpoint>
<Trackpoint>
      <Time>
      2025-04-30T13:43:55.196Z
    </Time><SensorState>
      Present
    </SensorState><Extensions>
      <TPX xmlns="http://www.garmin.com/xmlschemas/ActivityExtension/v2">
      <nax:Nax>
      <nax:AscentInMeters>
      0.15061187744140625
    </nax:AscentInMeters>
    </nax:Nax>
    </TPX>
    </Extensions>
    </Trackpoint>
<Trackpoint>
      <Time>
      2025-04-30T13:43:55.334Z
    </Time><SensorState>
      Present
    </SensorState><Extensions>
      <TPX xmlns="http://www.garmin.com/xmlschemas/ActivityExtension/v2">
      <ns3:Speed>
      1.4240253427596987
    </ns3:Speed><nax:Nax>
      <nax:Pace>
      11.703911557056559
    </nax:Pace>
    </nax:Nax>
    </TPX>
    </Extensions>
    </Trackpoint>
<Trackpoint>
      <Time>
      2025-04-30T13:43:55.335Z
    </Time><DistanceMeters>
      3.9643032943131407
    </DistanceMeters><Cadence>
      100.6306529045105
    </Cadence><SensorState>
      Present
    </SensorState>
    </Trackpoint>
<Trackpoint>
      <Time>
      2025-04-30T13:43:56.255Z
    </Time><SensorState>
      Present
    </SensorState><Extensions>
      <TPX xmlns="http://www.garmin.com/xmlschemas/ActivityExtension/v2">
      <nax:Nax>
      <nax:AscentInMeters>
      0.1400432586669922
    </nax:AscentInMeters>
    </nax:Nax>
    </TPX>
    </Extensions>
    </Trackpoint>
<Trackpoint>
      <Time>
      2025-04-30T13:43:57.313Z
    </Time><SensorState>
      Present
    </SensorState><Extensions>
      <TPX xmlns="http://www.garmin.com/xmlschemas/ActivityExtension/v2">
      <nax:Nax>
      <nax:AscentInMeters>
      0.15061187744140625
    </nax:AscentInMeters>
    </nax:Nax>
    </TPX>
    </Extensions>
    </Trackpoint>
<Trackpoint>
      <Time>
      2025-04-30T13:43:57.888Z
    </Time><SensorState>
      Present
    </SensorState><Extensions>
      <TPX xmlns="http://www.garmin.com/xmlschemas/ActivityExtension/v2">
      <ns3:Speed>
      1.3959928816686251
    </ns3:Speed><nax:Nax>
      <nax:Pace>
      11.938933848104625
    </nax:Pace>
    </nax:Nax>
    </TPX>
    </Extensions>
    </Trackpoint>
<Trackpoint>
      <Time>
      2025-04-30T13:43:57.889Z
    </Time><DistanceMeters>
      5.515694870846346
    </DistanceMeters><Cadence>
      100.6306529045105
    </Cadence><SensorState>
      Present
    </SensorState>
    </Trackpoint>
<Trackpoint>
      <Time>
      2025-04-30T13:43:58.370Z
    </Time><SensorState>
      Present
    </SensorState><Extensions>
      <TPX xmlns="http://www.garmin.com/xmlschemas/ActivityExtension/v2">
      <nax:Nax>
      <nax:AscentInMeters>
      0.1109771728515625
    </nax:AscentInMeters>
    </nax:Nax>
    </TPX>
    </Extensions>
    </Trackpoint>
<Trackpoint>
      <Time>
      2025-04-30T13:43:59.429Z
    </Time><SensorState>
      Present
    </SensorState><Extensions>
      <TPX xmlns="http://www.garmin.com/xmlschemas/ActivityExtension/v2">
      <nax:Nax>
      <nax:AscentInMeters>
      0.1268310546875
    </nax:AscentInMeters>
    </nax:Nax>
    </TPX>
    </Extensions>
    </Trackpoint>
<Trackpoint>
      <Time>
      2025-04-30T13:44:00.444Z
    </Time><SensorState>
      Present
    </SensorState><Extensions>
      <TPX xmlns="http://www.garmin.com/xmlschemas/ActivityExtension/v2">
      <ns3:Speed>
      1.3959928816686251
    </ns3:Speed><nax:Nax>
      <nax:Pace>
      11.938933848104625
    </nax:Pace>
    </nax:Nax>
    </TPX>
    </Extensions>
    </Trackpoint>
<Trackpoint>
      <Time>
      2025-04-30T13:44:00.445Z
    </Time><DistanceMeters>
      4.739701267913915
    </DistanceMeters><Cadence>
      100.6306529045105
    </Cadence><SensorState>
      Present
    </SensorState>
    </Trackpoint>
<Trackpoint>
      <Time>
      2025-04-30T13:44:00.488Z
    </Time><SensorState>
      Present
    </SensorState><Extensions>
      <TPX xmlns="http://www.garmin.com/xmlschemas/ActivityExtension/v2">
      <nax:Nax>
      <nax:AscentInMeters>
      0.08983993530273438
    </nax:AscentInMeters>
    </nax:Nax>
    </TPX>
    </Extensions>
    </Trackpoint>
<Trackpoint>
      <Time>
      2025-04-30T13:44:01.000Z
    </Time><Position>
      <LatitudeDegrees>
      47.42941851624696
    </LatitudeDegrees><LongitudeDegrees>
      -122.29146298935422
    </LongitudeDegrees>
    </Position><AltitudeMeters>
      111.16342926770449
    </AltitudeMeters><SensorState>
      Present
    </SensorState>
    </Trackpoint>
<Trackpoint>
      <Time>
      2025-04-30T13:44:01.547Z
    </Time><SensorState>
      Present
    </SensorState><Extensions>
      <TPX xmlns="http://www.garmin.com/xmlschemas/ActivityExtension/v2">
      <nax:Nax>
      <nax:AscentInMeters>
      0.08455467224121094
    </nax:AscentInMeters>
    </nax:Nax>
    </TPX>
    </Extensions>
    </Trackpoint>
<Trackpoint>
      <Time>
      2025-04-30T13:44:02.000Z
    </Time><SensorState>
      Present
    </SensorState><Extensions>
      <TPX xmlns="http://www.garmin.com/xmlschemas/ActivityExtension/v2">
      <nax:Nax>
      <nax:NikeFuel>
      2.537346207632511
    </nax:NikeFuel>
    </nax:Nax>
    </TPX>
    </Extensions>
    </Trackpoint>
<Trackpoint>
      <Time>
      2025-04-30T13:44:02.605Z
    </Time><SensorState>
      Present
    </SensorState><Extensions>
      <TPX xmlns="http://www.garmin.com/xmlschemas/ActivityExtension/v2">
      <nax:Nax>
      <nax:AscentInMeters>
      0.029064178466796875
    </nax:AscentInMeters>
    </nax:Nax>
    </TPX>
    </Extensions>
    </Trackpoint>
<Trackpoint>
      <Time>
      2025-04-30T13:44:02.998Z
    </Time><SensorState>
      Present
    </SensorState><Extensions>
      <TPX xmlns="http://www.garmin.com/xmlschemas/ActivityExtension/v2">
      <ns3:Speed>
      1.3959928816686251
    </ns3:Speed><nax:Nax>
      <nax:Pace>
      11.938933848104625
    </nax:Pace>
    </nax:Nax>
    </TPX>
    </Extensions>
    </Trackpoint>
<Trackpoint>
      <Time>
      2025-04-30T13:44:02.999Z
    </Time><DistanceMeters>
      5.802754255593754
    </DistanceMeters><Cadence>
      100.6306529045105
    </Cadence><SensorState>
      Present
    </SensorState>
    </Trackpoint>
<Trackpoint>
      <Time>
      2025-04-30T13:44:03.664Z
    </Time><SensorState>
      Present
    </SensorState><Extensions>
      <TPX xmlns="http://www.garmin.com/xmlschemas/ActivityExtension/v2">
      <nax:Nax>
      <nax:AscentInMeters>
      0.018497467041015625
    </nax:AscentInMeters>
    </nax:Nax>
    </TPX>
    </Extensions>
    </Trackpoint>
<Trackpoint>
      <Time>
      2025-04-30T13:44:04.722Z
    </Time><SensorState>
      Present
    </SensorState><Extensions>
      <TPX xmlns="http://www.garmin.com/xmlschemas/ActivityExtension/v2">
      <nax:Nax>
      <nax:AscentInMeters>
      0.03963470458984375
    </nax:AscentInMeters>
    </nax:Nax>
    </TPX>
    </Extensions>
    </Trackpoint>
<Trackpoint>
      <Time>
      2025-04-30T13:44:05.553Z
    </Time><SensorState>
      Present
    </SensorState><Extensions>
      <TPX xmlns="http://www.garmin.com/xmlschemas/ActivityExtension/v2">
      <ns3:Speed>
      1.3959928816686251
    </ns3:Speed><nax:Nax>
      <nax:Pace>
      11.938933848104625
    </nax:Pace>
    </nax:Nax>
    </TPX>
    </Extensions>
    </Trackpoint>
<Trackpoint>
      <Time>
      2025-04-30T13:44:05.554Z
    </Time><DistanceMeters>
      5.5704616197617725
    </DistanceMeters><Cadence>
      100.6306529045105
    </Cadence><SensorState>
      Present
    </SensorState>
    </Trackpoint>
<Trackpoint>
      <Time>
      2025-04-30T13:44:05.780Z
    </Time><SensorState>
      Present
    </SensorState><Extensions>
      <TPX xmlns="http://www.garmin.com/xmlschemas/ActivityExtension/v2">
      <nax:Nax>
      <nax:AscentInMeters>
      0.029064178466796875
    </nax:AscentInMeters>
    </nax:Nax>
    </TPX>
    </Extensions>
    </Trackpoint>
<Trackpoint>
      <Time>
      2025-04-30T13:44:06.000Z
    </Time><Position>
      <LatitudeDegrees>
      47.42951914001148
    </LatitudeDegrees><LongitudeDegrees>
      -122.29147444880022
    </LongitudeDegrees>
    </Position><AltitudeMeters>
      110.57995312102139
    </AltitudeMeters><SensorState>
      Present
    </SensorState>
    </Trackpoint>
<Trackpoint>
      <Time>
      2025-04-30T13:44:06.839Z
    </Time><SensorState>
      Present
    </SensorState><Extensions>
      <TPX xmlns="http://www.garmin.com/xmlschemas/ActivityExtension/v2">
      <nax:Nax>
      <nax:AscentInMeters>
      0.08455467224121094
    </nax:AscentInMeters>
    </nax:Nax>
    </TPX>
    </Extensions>
    </Trackpoint>
<Trackpoint>
      <Time>
      2025-04-30T13:44:07.896Z
    </Time><SensorState>
      Present
    </SensorState><Extensions>
      <TPX xmlns="http://www.garmin.com/xmlschemas/ActivityExtension/v2">
      <nax:Nax>
      <nax:AscentInMeters>
      0.06341552734375
    </nax:AscentInMeters>
    </nax:Nax>
    </TPX>
    </Extensions>
    </Trackpoint>
<Trackpoint>
      <Time>
      2025-04-30T13:44:08.107Z
    </Time><SensorState>
      Present
    </SensorState><Extensions>
      <TPX xmlns="http://www.garmin.com/xmlschemas/ActivityExtension/v2">
      <ns3:Speed>
      1.3959928816686251
    </ns3:Speed><nax:Nax>
      <nax:Pace>
      11.938933848104625
    </nax:Pace>
    </nax:Nax>
    </TPX>
    </Extensions>
    </Trackpoint>
<Trackpoint>
      <Time>
      2025-04-30T13:44:08.108Z
    </Time><DistanceMeters>
      7.39514968812
    </DistanceMeters><Cadence>
      100.6306529045105
    </Cadence><SensorState>
      Present
    </SensorState>
    </Trackpoint>
<Trackpoint>
      <Time>
      2025-04-30T13:44:08.955Z
    </Time><SensorState>
      Present
    </SensorState><Extensions>
      <TPX xmlns="http://www.garmin.com/xmlschemas/ActivityExtension/v2">
      <nax:Nax>
      <nax:AscentInMeters>
      0.11362075805664062
    </nax:AscentInMeters>
    </nax:Nax>
    </TPX>
    </Extensions>
    </Trackpoint>
<Trackpoint>
      <Time>
      2025-04-30T13:44:10.014Z
    </Time><SensorState>
      Present
    </SensorState><Extensions>
      <TPX xmlns="http://www.garmin.com/xmlschemas/ActivityExtension/v2">
      <nax:Nax>
      <nax:AscentInMeters>
      0.09248161315917969
    </nax:AscentInMeters>
    </nax:Nax>
    </TPX>
    </Extensions>
    </Trackpoint>
<Trackpoint>
      <Time>
      2025-04-30T13:44:10.662Z
    </Time><SensorState>
      Present
    </SensorState><Extensions>
      <TPX xmlns="http://www.garmin.com/xmlschemas/ActivityExtension/v2">
      <ns3:Speed>
      1.3959928816686251
    </ns3:Speed><nax:Nax>
      <nax:Pace>
      11.938933848104625
    </nax:Pace>
    </nax:Nax>
    </TPX>
    </Extensions>
    </Trackpoint>
<Trackpoint>
      <Time>
      2025-04-30T13:44:10.663Z
    </Time><DistanceMeters>
      4.236698441556655
    </DistanceMeters><Cadence>
      100.6306529045105
    </Cadence><SensorState>
      Present
    </SensorState>
    </Trackpoint>
<Trackpoint>
      <Time>
      2025-04-30T13:44:11.000Z
    </Time><Position>
      <LatitudeDegrees>
      47.429626642237935
    </LatitudeDegrees><LongitudeDegrees>
      -122.29148888475058
    </LongitudeDegrees>
    </Position><AltitudeMeters>
      111.13096734974533
    </AltitudeMeters><SensorState>
      Present
    </SensorState>
    </Trackpoint>
<Trackpoint>
      <Time>
      2025-04-30T13:44:11.073Z
    </Time><SensorState>
      Present
    </SensorState><Extensions>
      <TPX xmlns="http://www.garmin.com/xmlschemas/ActivityExtension/v2">
      <nax:Nax>
      <nax:AscentInMeters>
      0.11626052856445312
    </nax:AscentInMeters>
    </nax:Nax>
    </TPX>
    </Extensions>
    </Trackpoint>
<Trackpoint>
      <Time>
      2025-04-30T13:44:12.000Z
    </Time><SensorState>
      Present
    </SensorState><Extensions>
      <TPX xmlns="http://www.garmin.com/xmlschemas/ActivityExtension/v2">
      <nax:Nax>
      <nax:NikeFuel>
      2.4512612494587667
    </nax:NikeFuel>
    </nax:Nax>
    </TPX>
    </Extensions>
    </Trackpoint>
<Trackpoint>
      <Time>
      2025-04-30T13:44:12.131Z
    </Time><SensorState>
      Present
    </SensorState><Extensions>
      <TPX xmlns="http://www.garmin.com/xmlschemas/ActivityExtension/v2">
      <nax:Nax>
      <nax:AscentInMeters>
      0.095123291015625
    </nax:AscentInMeters>
    </nax:Nax>
    </TPX>
    </Extensions>
    </Trackpoint>
<Trackpoint>
      <Time>
      2025-04-30T13:44:13.190Z
    </Time><SensorState>
      Present
    </SensorState><Extensions>
      <TPX xmlns="http://www.garmin.com/xmlschemas/ActivityExtension/v2">
      <nax:Nax>
      <nax:AscentInMeters>
      0.14532852172851562
    </nax:AscentInMeters>
    </nax:Nax>
    </TPX>
    </Extensions>
    </Trackpoint>
<Trackpoint>
      <Time>
      2025-04-30T13:44:13.216Z
    </Time><SensorState>
      Present
    </SensorState><Extensions>
      <TPX xmlns="http://www.garmin.com/xmlschemas/ActivityExtension/v2">
      <ns3:Speed>
      1.3959928816686251
    </ns3:Speed><nax:Nax>
      <nax:Pace>
      11.938933848104625
    </nax:Pace>
    </nax:Nax>
    </TPX>
    </Extensions>
    </Trackpoint>
<Trackpoint>
      <Time>
      2025-04-30T13:44:13.217Z
    </Time><DistanceMeters>
      7.285008880426176
    </DistanceMeters><Cadence>
      82.93933868408203
    </Cadence><SensorState>
      Present
    </SensorState>
    </Trackpoint>
<Trackpoint>
      <Time>
      2025-04-30T13:44:14.248Z
    </Time><SensorState>
      Present
    </SensorState><Extensions>
      <TPX xmlns="http://www.garmin.com/xmlschemas/ActivityExtension/v2">
      <nax:Nax>
      <nax:AscentInMeters>
      0.158538818359375
    </nax:AscentInMeters>
    </nax:Nax>
    </TPX>
    </Extensions>
    </Trackpoint>
<Trackpoint>
      <Time>
      2025-04-30T13:44:15.307Z
    </Time><SensorState>
      Present
    </SensorState><Extensions>
      <TPX xmlns="http://www.garmin.com/xmlschemas/ActivityExtension/v2">
      <nax:Nax>
      <nax:AscentInMeters>
      0.1268310546875
    </nax:AscentInMeters>
    </nax:Nax>
    </TPX>
    </Extensions>
    </Trackpoint>
<Trackpoint>
      <Time>
      2025-04-30T13:44:15.771Z
    </Time><DistanceMeters>
      6.709124764194712
    </DistanceMeters><SensorState>
      Present
    </SensorState><Extensions>
      <TPX xmlns="http://www.garmin.com/xmlschemas/ActivityExtension/v2">
      <ns3:Speed>
      1.3064609438904198
    </ns3:Speed><nax:Nax>
      <nax:Pace>
      12.75711053178226
    </nax:Pace>
    </nax:Nax>
    </TPX>
    </Extensions>
    </Trackpoint>
<Trackpoint>
      <Time>
      2025-04-30T13:44:15.772Z
    </Time><Cadence>
      82.93933868408203
    </Cadence><SensorState>
      Present
    </SensorState>
    </Trackpoint>
<Trackpoint>
      <Time>
      2025-04-30T13:44:16.000Z
    </Time><Position>
      <LatitudeDegrees>
      47.42973159553125
    </LatitudeDegrees><LongitudeDegrees>
      -122.2914907831682
    </LongitudeDegrees>
    </Position><AltitudeMeters>
      111.40776133723557
    </AltitudeMeters><SensorState>
      Present
    </SensorState>
    </Trackpoint>
<Trackpoint>
      <Time>
      2025-04-30T13:44:16.365Z
    </Time><SensorState>
      Present
    </SensorState><Extensions>
      <TPX xmlns="http://www.garmin.com/xmlschemas/ActivityExtension/v2">
      <nax:Nax>
      <nax:AscentInMeters>
      0.16118240356445312
    </nax:AscentInMeters>
    </nax:Nax>
    </TPX>
    </Extensions>
    </Trackpoint>
<Trackpoint>
      <Time>
      2025-04-30T13:44:17.424Z
    </Time><SensorState>
      Present
    </SensorState><Extensions>
      <TPX xmlns="http://www.garmin.com/xmlschemas/ActivityExtension/v2">
      <nax:Nax>
      <nax:AscentInMeters>
      0.13475799560546875
    </nax:AscentInMeters>
    </nax:Nax>
    </TPX>
    </Extensions>
    </Trackpoint>
<Trackpoint>
      <Time>
      2025-04-30T13:44:18.325Z
    </Time><SensorState>
      Present
    </SensorState><Extensions>
      <TPX xmlns="http://www.garmin.com/xmlschemas/ActivityExtension/v2">
      <ns3:Speed>
      1.3064609438904198
    </ns3:Speed><nax:Nax>
      <nax:Pace>
      12.75711053178226
    </nax:Pace>
    </nax:Nax>
    </TPX>
    </Extensions>
    </Trackpoint>
<Trackpoint>
      <Time>
      2025-04-30T13:44:18.326Z
    </Time><DistanceMeters>
      4.589450974017382
    </DistanceMeters><Cadence>
      82.93933868408203
    </Cadence><SensorState>
      Present
    </SensorState>
    </Trackpoint>
<Trackpoint>
      <Time>
      2025-04-30T13:44:18.481Z
    </Time><SensorState>
      Present
    </SensorState><Extensions>
      <TPX xmlns="http://www.garmin.com/xmlschemas/ActivityExtension/v2">
      <nax:Nax>
      <nax:AscentInMeters>
      0.13475799560546875
    </nax:AscentInMeters>
    </nax:Nax>
    </TPX>
    </Extensions>
    </Trackpoint>
<Trackpoint>
      <Time>
      2025-04-30T13:44:19.540Z
    </Time><SensorState>
      Present
    </SensorState><Extensions>
      <TPX xmlns="http://www.garmin.com/xmlschemas/ActivityExtension/v2">
      <nax:Nax>
      <nax:AscentInMeters>
      0.06605911254882812
    </nax:AscentInMeters>
    </nax:Nax>
    </TPX>
    </Extensions>
    </Trackpoint>
<Trackpoint>
      <Time>
      2025-04-30T13:44:20.599Z
    </Time><SensorState>
      Present
    </SensorState><Extensions>
      <TPX xmlns="http://www.garmin.com/xmlschemas/ActivityExtension/v2">
      <nax:Nax>
      <nax:AscentInMeters>
      0.13475799560546875
    </nax:AscentInMeters>
    </nax:Nax>
    </TPX>
    </Extensions>
    </Trackpoint>
<Trackpoint>
      <Time>
      2025-04-30T13:44:20.879Z
    </Time><SensorState>
      Present
    </SensorState><Extensions>
      <TPX xmlns="http://www.garmin.com/xmlschemas/ActivityExtension/v2">
      <ns3:Speed>
      1.3064609438904198
    </ns3:Speed><nax:Nax>
      <nax:Pace>
      12.75711053178226
    </nax:Pace>
    </nax:Nax>
    </TPX>
    </Extensions>
    </Trackpoint>
<Trackpoint>
      <Time>
      2025-04-30T13:44:20.880Z
    </Time><DistanceMeters>
      5.5519434253219515
    </DistanceMeters><Cadence>
      82.93933868408203
    </Cadence><SensorState>
      Present
    </SensorState>
    </Trackpoint>
<Trackpoint>
      <Time>
      2025-04-30T13:44:21.000Z
    </Time><Position>
      <LatitudeDegrees>
      47.429823719144785
    </LatitudeDegrees><LongitudeDegrees>
      -122.29146467925739
    </LongitudeDegrees>
    </Position><AltitudeMeters>
      112.51511639822274
    </AltitudeMeters><SensorState>
      Present
    </SensorState>
    </Trackpoint>
<Trackpoint>
      <Time>
      2025-04-30T13:44:21.657Z
    </Time><SensorState>
      Present
    </SensorState><Extensions>
      <TPX xmlns="http://www.garmin.com/xmlschemas/ActivityExtension/v2">
      <nax:Nax>
      <nax:AscentInMeters>
      0.10040855407714844
    </nax:AscentInMeters>
    </nax:Nax>
    </TPX>
    </Extensions>
    </Trackpoint>
<Trackpoint>
      <Time>
      2025-04-30T13:44:22.000Z
    </Time><SensorState>
      Present
    </SensorState><Extensions>
      <TPX xmlns="http://www.garmin.com/xmlschemas/ActivityExtension/v2">
      <nax:Nax>
      <nax:NikeFuel>
      2.476614196161355
    </nax:NikeFuel>
    </nax:Nax>
    </TPX>
    </Extensions>
    </Trackpoint>
<Trackpoint>
      <Time>
      2025-04-30T13:44:22.716Z
    </Time><SensorState>
      Present
    </SensorState><Extensions>
      <TPX xmlns="http://www.garmin.com/xmlschemas/ActivityExtension/v2">
      <nax:Nax>
      <nax:AscentInMeters>
      0.13211441040039062
    </nax:AscentInMeters>
    </nax:Nax>
    </TPX>
    </Extensions>
    </Trackpoint>
<Trackpoint>
      <Time>
      2025-04-30T13:44:23.434Z
    </Time><SensorState>
      Present
    </SensorState><Extensions>
      <TPX xmlns="http://www.garmin.com/xmlschemas/ActivityExtension/v2">
      <ns3:Speed>
      1.3064609438904198
    </ns3:Speed><nax:Nax>
      <nax:Pace>
      12.75711053178226
    </nax:Pace>
    </nax:Nax>
    </TPX>
    </Extensions>
    </Trackpoint>
<Trackpoint>
      <Time>
      2025-04-30T13:44:23.435Z
    </Time><DistanceMeters>
      4.27488721429836
    </DistanceMeters><Cadence>
      86.25368356704712
    </Cadence><SensorState>
      Present
    </SensorState>
    </Trackpoint>
<Trackpoint>
      <Time>
      2025-04-30T13:44:23.774Z
    </Time><SensorState>
      Present
    </SensorState><Extensions>
      <TPX xmlns="http://www.garmin.com/xmlschemas/ActivityExtension/v2">
      <nax:Nax>
      <nax:AscentInMeters>
      0.08719635009765625
    </nax:AscentInMeters>
    </nax:Nax>
    </TPX>
    </Extensions>
    </Trackpoint>
<Trackpoint>
      <Time>
      2025-04-30T13:44:24.833Z
    </Time><SensorState>
      Present
    </SensorState><Extensions>
      <TPX xmlns="http://www.garmin.com/xmlschemas/ActivityExtension/v2">
      <nax:Nax>
      <nax:AscentInMeters>
      0.12947463989257812
    </nax:AscentInMeters>
    </nax:Nax>
    </TPX>
    </Extensions>
    </Trackpoint>
<Trackpoint>
      <Time>
      2025-04-30T13:44:25.891Z
    </Time><SensorState>
      Present
    </SensorState><Extensions>
      <TPX xmlns="http://www.garmin.com/xmlschemas/ActivityExtension/v2">
      <nax:Nax>
      <nax:AscentInMeters>
      0.10569190979003906
    </nax:AscentInMeters>
    </nax:Nax>
    </TPX>
    </Extensions>
    </Trackpoint>
<Trackpoint>
      <Time>
      2025-04-30T13:44:25.988Z
    </Time><DistanceMeters>
      6.784804921480827
    </DistanceMeters><SensorState>
      Present
    </SensorState><Extensions>
      <TPX xmlns="http://www.garmin.com/xmlschemas/ActivityExtension/v2">
      <ns3:Speed>
      1.3626730424452853
    </ns3:Speed><nax:Nax>
      <nax:Pace>
      12.230862538205585
    </nax:Pace>
    </nax:Nax>
    </TPX>
    </Extensions>
    </Trackpoint>
<Trackpoint>
      <Time>
      2025-04-30T13:44:25.989Z
    </Time><Cadence>
      86.25368356704712
    </Cadence><SensorState>
      Present
    </SensorState>
    </Trackpoint>
<Trackpoint>
      <Time>
      2025-04-30T13:44:26.000Z
    </Time><Position>
      <LatitudeDegrees>
      47.42992377303864
    </LatitudeDegrees><LongitudeDegrees>
      -122.29145976241487
    </LongitudeDegrees>
    </Position><AltitudeMeters>
      113.94661858770996
    </AltitudeMeters><SensorState>
      Present
    </SensorState>
    </Trackpoint>
<Trackpoint>
      <Time>
      2025-04-30T13:44:26.949Z
    </Time><SensorState>
      Present
    </SensorState><Extensions>
      <TPX xmlns="http://www.garmin.com/xmlschemas/ActivityExtension/v2">
      <nax:Nax>
      <nax:AscentInMeters>
      0.10569381713867188
    </nax:AscentInMeters>
    </nax:Nax>
    </TPX>
    </Extensions>
    </Trackpoint>
<Trackpoint>
      <Time>
      2025-04-30T13:44:28.008Z
    </Time><SensorState>
      Present
    </SensorState><Extensions>
      <TPX xmlns="http://www.garmin.com/xmlschemas/ActivityExtension/v2">
      <nax:Nax>
      <nax:AscentInMeters>
      0.10569190979003906
    </nax:AscentInMeters>
    </nax:Nax>
    </TPX>
    </Extensions>
    </Trackpoint>
<Trackpoint>
      <Time>
      2025-04-30T13:44:28.543Z
    </Time><SensorState>
      Present
    </SensorState><Extensions>
      <TPX xmlns="http://www.garmin.com/xmlschemas/ActivityExtension/v2">
      <ns3:Speed>
      1.3626730424452853
    </ns3:Speed><nax:Nax>
      <nax:Pace>
      12.230862538205585
    </nax:Pace>
    </nax:Nax>
    </TPX>
    </Extensions>
    </Trackpoint>
<Trackpoint>
      <Time>
      2025-04-30T13:44:28.544Z
    </Time><DistanceMeters>
      4.920846340013668
    </DistanceMeters><Cadence>
      86.25368356704712
    </Cadence><SensorState>
      Present
    </SensorState>
    </Trackpoint>
<Trackpoint>
      <Time>
      2025-04-30T13:44:29.066Z
    </Time><SensorState>
      Present
    </SensorState><Extensions>
      <TPX xmlns="http://www.garmin.com/xmlschemas/ActivityExtension/v2">
      <nax:Nax>
      <nax:AscentInMeters>
      0.09776687622070312
    </nax:AscentInMeters>
    </nax:Nax>
    </TPX>
    </Extensions>
    </Trackpoint>
<Trackpoint>
      <Time>
      2025-04-30T13:44:30.125Z
    </Time><SensorState>
      Present
    </SensorState><Extensions>
      <TPX xmlns="http://www.garmin.com/xmlschemas/ActivityExtension/v2">
      <nax:Nax>
      <nax:AscentInMeters>
      0.1294727325439453
    </nax:AscentInMeters>
    </nax:Nax>
    </TPX>
    </Extensions>
    </Trackpoint>
<Trackpoint>
      <Time>
      2025-04-30T13:44:31.000Z
    </Time><Position>
      <LatitudeDegrees>
      47.430027396157385
    </LatitudeDegrees><LongitudeDegrees>
      -122.29147983312988
    </LongitudeDegrees>
    </Position><AltitudeMeters>
      114.2616196302697
    </AltitudeMeters><SensorState>
      Present
    </SensorState>
    </Trackpoint>
<Trackpoint>
      <Time>
      2025-04-30T13:44:31.097Z
    </Time><SensorState>
      Present
    </SensorState><Extensions>
      <TPX xmlns="http://www.garmin.com/xmlschemas/ActivityExtension/v2">
      <ns3:Speed>
      1.3626730424452853
    </ns3:Speed><nax:Nax>
      <nax:Pace>
      12.230862538205585
    </nax:Pace>
    </nax:Nax>
    </TPX>
    </Extensions>
    </Trackpoint>
<Trackpoint>
      <Time>
      2025-04-30T13:44:31.098Z
    </Time><DistanceMeters>
      6.944661961169913
    </DistanceMeters><Cadence>
      165.8820104598999
    </Cadence><SensorState>
      Present
    </SensorState>
    </Trackpoint>
<Trackpoint>
      <Time>
      2025-04-30T13:44:31.183Z
    </Time><SensorState>
      Present
    </SensorState><Extensions>
      <TPX xmlns="http://www.garmin.com/xmlschemas/ActivityExtension/v2">
      <nax:Nax>
      <nax:AscentInMeters>
      0.10040855407714844
    </nax:AscentInMeters>
    </nax:Nax>
    </TPX>
    </Extensions>
    </Trackpoint>
<Trackpoint>
      <Time>
      2025-04-30T13:44:32.000Z
    </Time><SensorState>
      Present
    </SensorState><Extensions>
      <TPX xmlns="http://www.garmin.com/xmlschemas/ActivityExtension/v2">
      <nax:Nax>
      <nax:NikeFuel>
      6.344137293505247
    </nax:NikeFuel>
    </nax:Nax>
    </TPX>
    </Extensions>
    </Trackpoint>
<Trackpoint>
      <Time>
      2025-04-30T13:44:32.242Z
    </Time><SensorState>
      Present
    </SensorState><Extensions>
      <TPX xmlns="http://www.garmin.com/xmlschemas/ActivityExtension/v2">
      <nax:Nax>
      <nax:AscentInMeters>
      0.095123291015625
    </nax:AscentInMeters>
    </nax:Nax>
    </TPX>
    </Extensions>
    </Trackpoint>
<Trackpoint>
      <Time>
      2025-04-30T13:44:33.300Z
    </Time><SensorState>
      Present
    </SensorState><Extensions>
      <TPX xmlns="http://www.garmin.com/xmlschemas/ActivityExtension/v2">
      <nax:Nax>
      <nax:AscentInMeters>
      0.09776687622070312
    </nax:AscentInMeters>
    </nax:Nax>
    </TPX>
    </Extensions>
    </Trackpoint>
<Trackpoint>
      <Time>
      2025-04-30T13:44:33.651Z
    </Time><SensorState>
      Present
    </SensorState><Extensions>
      <TPX xmlns="http://www.garmin.com/xmlschemas/ActivityExtension/v2">
      <ns3:Speed>
      2.417779441294518
    </ns3:Speed><nax:Nax>
      <nax:Pace>
      6.893377610053241
    </nax:Pace>
    </nax:Nax>
    </TPX>
    </Extensions>
    </Trackpoint>
<Trackpoint>
      <Time>
      2025-04-30T13:44:33.652Z
    </Time><DistanceMeters>
      5.240831003640778
    </DistanceMeters><Cadence>
      164.42484855651855
    </Cadence><SensorState>
      Present
    </SensorState>
    </Trackpoint>
<Trackpoint>
      <Time>
      2025-04-30T13:44:34.358Z
    </Time><SensorState>
      Present
    </SensorState><Extensions>
      <TPX xmlns="http://www.garmin.com/xmlschemas/ActivityExtension/v2">
      <nax:Nax>
      <nax:AscentInMeters>
      0.12154579162597656
    </nax:AscentInMeters>
    </nax:Nax>
    </TPX>
    </Extensions>
    </Trackpoint>
<Trackpoint>
      <Time>
      2025-04-30T13:44:35.416Z
    </Time><SensorState>
      Present
    </SensorState><Extensions>
      <TPX xmlns="http://www.garmin.com/xmlschemas/ActivityExtension/v2">
      <nax:Nax>
      <nax:AscentInMeters>
      0.10040855407714844
    </nax:AscentInMeters>
    </nax:Nax>
    </TPX>
    </Extensions>
    </Trackpoint>
<Trackpoint>
      <Time>
      2025-04-30T13:44:36.000Z
    </Time><Position>
      <LatitudeDegrees>
      47.43012748027303
    </LatitudeDegrees><LongitudeDegrees>
      -122.29147958614816
    </LongitudeDegrees>
    </Position><AltitudeMeters>
      114.55072157923132
    </AltitudeMeters><SensorState>
      Present
    </SensorState>
    </Trackpoint>
<Trackpoint>
      <Time>
      2025-04-30T13:44:36.206Z
    </Time><SensorState>
      Present
    </SensorState><Extensions>
      <TPX xmlns="http://www.garmin.com/xmlschemas/ActivityExtension/v2">
      <ns3:Speed>
      2.412178626298318
    </ns3:Speed><nax:Nax>
      <nax:Pace>
      6.9093832790662795
    </nax:Pace>
    </nax:Nax>
    </TPX>
    </Extensions>
    </Trackpoint>
<Trackpoint>
      <Time>
      2025-04-30T13:44:36.207Z
    </Time><DistanceMeters>
      7.178539034794085
    </DistanceMeters><Cadence>
      164.42484855651855
    </Cadence><SensorState>
      Present
    </SensorState>
    </Trackpoint>
<Trackpoint>
      <Time>
      2025-04-30T13:44:36.475Z
    </Time><SensorState>
      Present
    </SensorState><Extensions>
      <TPX xmlns="http://www.garmin.com/xmlschemas/ActivityExtension/v2">
      <nax:Nax>
      <nax:AscentInMeters>
      0.1294727325439453
    </nax:AscentInMeters>
    </nax:Nax>
    </TPX>
    </Extensions>
    </Trackpoint>
<Trackpoint>
      <Time>
      2025-04-30T13:44:37.534Z
    </Time><SensorState>
      Present
    </SensorState><Extensions>
      <TPX xmlns="http://www.garmin.com/xmlschemas/ActivityExtension/v2">
      <nax:Nax>
      <nax:AscentInMeters>
      0.1585407257080078
    </nax:AscentInMeters>
    </nax:Nax>
    </TPX>
    </Extensions>
    </Trackpoint>
<Trackpoint>
      <Time>
      2025-04-30T13:44:38.592Z
    </Time><SensorState>
      Present
    </SensorState><Extensions>
      <TPX xmlns="http://www.garmin.com/xmlschemas/ActivityExtension/v2">
      <nax:Nax>
      <nax:AscentInMeters>
      0.15325355529785156
    </nax:AscentInMeters>
    </nax:Nax>
    </TPX>
    </Extensions>
    </Trackpoint>
<Trackpoint>
      <Time>
      2025-04-30T13:44:38.761Z
    </Time><SensorState>
      Present
    </SensorState><Extensions>
      <TPX xmlns="http://www.garmin.com/xmlschemas/ActivityExtension/v2">
      <ns3:Speed>
      2.412178626298318
    </ns3:Speed><nax:Nax>
      <nax:Pace>
      6.9093832790662795
    </nax:Pace>
    </nax:Nax>
    </TPX>
    </Extensions>
    </Trackpoint>
<Trackpoint>
      <Time>
      2025-04-30T13:44:38.762Z
    </Time><DistanceMeters>
      8.025555051164702
    </DistanceMeters><Cadence>
      164.42484855651855
    </Cadence><SensorState>
      Present
    </SensorState>
    </Trackpoint>
<Trackpoint>
      <Time>
      2025-04-30T13:44:39.651Z
    </Time><SensorState>
      Present
    </SensorState><Extensions>
      <TPX xmlns="http://www.garmin.com/xmlschemas/ActivityExtension/v2">
      <nax:Nax>
      <nax:AscentInMeters>
      0.1743927001953125
    </nax:AscentInMeters>
    </nax:Nax>
    </TPX>
    </Extensions>
    </Trackpoint>
<Trackpoint>
      <Time>
      2025-04-30T13:44:40.000Z
    </Time><Position>
      <LatitudeDegrees>
      47.43021906005076
    </LatitudeDegrees><LongitudeDegrees>
      -122.29140702174979
    </LongitudeDegrees>
    </Position><AltitudeMeters>
      115.15154761075974
    </AltitudeMeters><SensorState>
      Present
    </SensorState>
    </Trackpoint>
<Trackpoint>
      <Time>
      2025-04-30T13:44:40.709Z
    </Time><SensorState>
      Present
    </SensorState><Extensions>
      <TPX xmlns="http://www.garmin.com/xmlschemas/ActivityExtension/v2">
      <nax:Nax>
      <nax:AscentInMeters>
      0.21667098999023438
    </nax:AscentInMeters>
    </nax:Nax>
    </TPX>
    </Extensions>
    </Trackpoint>
<Trackpoint>
      <Time>
      2025-04-30T13:44:41.316Z
    </Time><SensorState>
      Present
    </SensorState><Extensions>
      <TPX xmlns="http://www.garmin.com/xmlschemas/ActivityExtension/v2">
      <ns3:Speed>
      2.412178626298318
    </ns3:Speed><nax:Nax>
      <nax:Pace>
      6.9093832790662795
    </nax:Pace>
    </nax:Nax>
    </TPX>
    </Extensions>
    </Trackpoint>
<Trackpoint>
      <Time>
      2025-04-30T13:44:41.317Z
    </Time><DistanceMeters>
      8.589821805711836
    </DistanceMeters><Cadence>
      164.42484855651855
    </Cadence><SensorState>
      Present
    </SensorState>
    </Trackpoint>
<Trackpoint>
      <Time>
      2025-04-30T13:44:41.767Z
    </Time><SensorState>
      Present
    </SensorState><Extensions>
      <TPX xmlns="http://www.garmin.com/xmlschemas/ActivityExtension/v2">
      <nax:Nax>
      <nax:AscentInMeters>
      0.2695159912109375
    </nax:AscentInMeters>
    </nax:Nax>
    </TPX>
    </Extensions>
    </Trackpoint>
<Trackpoint>
      <Time>
      2025-04-30T13:44:42.000Z
    </Time><SensorState>
      Present
    </SensorState><Extensions>
      <TPX xmlns="http://www.garmin.com/xmlschemas/ActivityExtension/v2">
      <nax:Nax>
      <nax:NikeFuel>
      7.578309705197481
    </nax:NikeFuel>
    </nax:Nax>
    </TPX>
    </Extensions>
    </Trackpoint>
<Trackpoint>
      <Time>
      2025-04-30T13:44:42.826Z
    </Time><SensorState>
      Present
    </SensorState><Extensions>
      <TPX xmlns="http://www.garmin.com/xmlschemas/ActivityExtension/v2">
      <nax:Nax>
      <nax:AscentInMeters>
      0.1268310546875
    </nax:AscentInMeters>
    </nax:Nax>
    </TPX>
    </Extensions>
    </Trackpoint>
<Trackpoint>
      <Time>
      2025-04-30T13:44:43.000Z
    </Time><Position>
      <LatitudeDegrees>
      47.430297033710936
    </LatitudeDegrees><LongitudeDegrees>
      -122.29133340827948
    </LongitudeDegrees>
    </Position><AltitudeMeters>
      116.56111414451152
    </AltitudeMeters><SensorState>
      Present
    </SensorState>
    </Trackpoint>
<Trackpoint>
      <Time>
      2025-04-30T13:44:43.870Z
    </Time><DistanceMeters>
      7.170622153673321
    </DistanceMeters><SensorState>
      Present
    </SensorState><Extensions>
      <TPX xmlns="http://www.garmin.com/xmlschemas/ActivityExtension/v2">
      <ns3:Speed>
      2.412178626298318
    </ns3:Speed><nax:Nax>
      <nax:Pace>
      6.9093832790662795
    </nax:Pace>
    </nax:Nax>
    </TPX>
    </Extensions>
    </Trackpoint>
<Trackpoint>
      <Time>
      2025-04-30T13:44:43.871Z
    </Time><Cadence>
      163.1471586227417
    </Cadence><SensorState>
      Present
    </SensorState>
    </Trackpoint>
<Trackpoint>
      <Time>
      2025-04-30T13:44:43.883Z
    </Time><SensorState>
      Present
    </SensorState><Extensions>
      <TPX xmlns="http://www.garmin.com/xmlschemas/ActivityExtension/v2">
      <nax:Nax>
      <nax:AscentInMeters>
      0.2034587860107422
    </nax:AscentInMeters>
    </nax:Nax>
    </TPX>
    </Extensions>
    </Trackpoint>
<Trackpoint>
      <Time>
      2025-04-30T13:44:44.942Z
    </Time><SensorState>
      Present
    </SensorState><Extensions>
      <TPX xmlns="http://www.garmin.com/xmlschemas/ActivityExtension/v2">
      <nax:Nax>
      <nax:AscentInMeters>
      0.12154769897460938
    </nax:AscentInMeters>
    </nax:Nax>
    </TPX>
    </Extensions>
    </Trackpoint>
<Trackpoint>
      <Time>
      2025-04-30T13:44:46.001Z
    </Time><SensorState>
      Present
    </SensorState><Extensions>
      <TPX xmlns="http://www.garmin.com/xmlschemas/ActivityExtension/v2">
      <nax:Nax>
      <nax:AscentInMeters>
      0.13739967346191406
    </nax:AscentInMeters>
    </nax:Nax>
    </TPX>
    </Extensions>
    </Trackpoint>
<Trackpoint>
      <Time>
      2025-04-30T13:44:46.424Z
    </Time><SensorState>
      Present
    </SensorState><Extensions>
      <TPX xmlns="http://www.garmin.com/xmlschemas/ActivityExtension/v2">
      <ns3:Speed>
      3.3257177478949043
    </ns3:Speed><nax:Nax>
      <nax:Pace>
      5.011449536634986
    </nax:Pace>
    </nax:Nax>
    </TPX>
    </Extensions>
    </Trackpoint>
<Trackpoint>
      <Time>
      2025-04-30T13:44:46.425Z
    </Time><DistanceMeters>
      7.697102571837604
    </DistanceMeters><Cadence>
      167.03129768371582
    </Cadence><SensorState>
      Present
    </SensorState>
    </Trackpoint>
<Trackpoint>
      <Time>
      2025-04-30T13:44:47.000Z
    </Time><Position>
      <LatitudeDegrees>
      47.43040733285923
    </LatitudeDegrees><LongitudeDegrees>
      -122.29135494297682
    </LongitudeDegrees>
    </Position><AltitudeMeters>
      115.65446542389691
    </AltitudeMeters><SensorState>
      Present
    </SensorState>
    </Trackpoint>
<Trackpoint>
      <Time>
      2025-04-30T13:44:47.060Z
    </Time><SensorState>
      Present
    </SensorState><Extensions>
      <TPX xmlns="http://www.garmin.com/xmlschemas/ActivityExtension/v2">
      <nax:Nax>
      <nax:AscentInMeters>
      0.1400432586669922
    </nax:AscentInMeters>
    </nax:Nax>
    </TPX>
    </Extensions>
    </Trackpoint>
<Trackpoint>
      <Time>
      2025-04-30T13:44:48.979Z
    </Time><SensorState>
      Present
    </SensorState><Extensions>
      <TPX xmlns="http://www.garmin.com/xmlschemas/ActivityExtension/v2">
      <ns3:Speed>
      3.0179464175783792
    </ns3:Speed><nax:Nax>
      <nax:Pace>
      5.522519077737673
    </nax:Pace>
    </nax:Nax>
    </TPX>
    </Extensions>
    </Trackpoint>
<Trackpoint>
      <Time>
      2025-04-30T13:44:48.980Z
    </Time><DistanceMeters>
      5.601405144203454
    </DistanceMeters><Cadence>
      167.96409130096436
    </Cadence><SensorState>
      Present
    </SensorState>
    </Trackpoint>
<Trackpoint>
      <Time>
      2025-04-30T13:44:49.177Z
    </Time><SensorState>
      Present
    </SensorState><Extensions>
      <TPX xmlns="http://www.garmin.com/xmlschemas/ActivityExtension/v2">
      <nax:Nax>
      <nax:AscentInMeters>
      0.07398605346679688
    </nax:AscentInMeters>
    </nax:Nax>
    </TPX>
    </Extensions>
    </Trackpoint>
<Trackpoint>
      <Time>
      2025-04-30T13:44:50.235Z
    </Time><SensorState>
      Present
    </SensorState><Extensions>
      <TPX xmlns="http://www.garmin.com/xmlschemas/ActivityExtension/v2">
      <nax:Nax>
      <nax:AscentInMeters>
      0.10040664672851562
    </nax:AscentInMeters>
    </nax:Nax>
    </TPX>
    </Extensions>
    </Trackpoint>
<Trackpoint>
      <Time>
      2025-04-30T13:44:51.000Z
    </Time><Position>
      <LatitudeDegrees>
      47.43050812993296
    </LatitudeDegrees><LongitudeDegrees>
      -122.29135155093032
    </LongitudeDegrees>
    </Position><AltitudeMeters>
      115.4595151944086
    </AltitudeMeters><SensorState>
      Present
    </SensorState>
    </Trackpoint>
<Trackpoint>
      <Time>
      2025-04-30T13:44:51.294Z
    </Time><SensorState>
      Present
    </SensorState><Extensions>
      <TPX xmlns="http://www.garmin.com/xmlschemas/ActivityExtension/v2">
      <nax:Nax>
      <nax:AscentInMeters>
      0.05548858642578125
    </nax:AscentInMeters>
    </nax:Nax>
    </TPX>
    </Extensions>
    </Trackpoint>
<Trackpoint>
      <Time>
      2025-04-30T13:44:51.533Z
    </Time><SensorState>
      Present
    </SensorState><Extensions>
      <TPX xmlns="http://www.garmin.com/xmlschemas/ActivityExtension/v2">
      <ns3:Speed>
      2.927527048257138
    </ns3:Speed><nax:Nax>
      <nax:Pace>
      5.693087166039656
    </nax:Pace>
    </nax:Nax>
    </TPX>
    </Extensions>
    </Trackpoint>
<Trackpoint>
      <Time>
      2025-04-30T13:44:51.534Z
    </Time><DistanceMeters>
      7.601097043952905
    </DistanceMeters><Cadence>
      167.96409130096436
    </Cadence><SensorState>
      Present
    </SensorState>
    </Trackpoint>
<Trackpoint>
      <Time>
      2025-04-30T13:44:52.000Z
    </Time><SensorState>
      Present
    </SensorState><Extensions>
      <TPX xmlns="http://www.garmin.com/xmlschemas/ActivityExtension/v2">
      <nax:Nax>
      <nax:NikeFuel>
      7.38499378623453
    </nax:NikeFuel>
    </nax:Nax>
    </TPX>
    </Extensions>
    </Trackpoint>
<Trackpoint>
      <Time>
      2025-04-30T13:44:52.352Z
    </Time><SensorState>
      Present
    </SensorState><Extensions>
      <TPX xmlns="http://www.garmin.com/xmlschemas/ActivityExtension/v2">
      <nax:Nax>
      <nax:AscentInMeters>
      0.10305213928222656
    </nax:AscentInMeters>
    </nax:Nax>
    </TPX>
    </Extensions>
    </Trackpoint>
<Trackpoint>
      <Time>
      2025-04-30T13:44:53.409Z
    </Time><SensorState>
      Present
    </SensorState><Extensions>
      <TPX xmlns="http://www.garmin.com/xmlschemas/ActivityExtension/v2">
      <nax:Nax>
      <nax:AscentInMeters>
      0.05548858642578125
    </nax:AscentInMeters>
    </nax:Nax>
    </TPX>
    </Extensions>
    </Trackpoint>
<Trackpoint>
      <Time>
      2025-04-30T13:44:54.088Z
    </Time><SensorState>
      Present
    </SensorState><Extensions>
      <TPX xmlns="http://www.garmin.com/xmlschemas/ActivityExtension/v2">
      <ns3:Speed>
      2.927527048257138
    </ns3:Speed><nax:Nax>
      <nax:Pace>
      5.693087166039656
    </nax:Pace>
    </nax:Nax>
    </TPX>
    </Extensions>
    </Trackpoint>
<Trackpoint>
      <Time>
      2025-04-30T13:44:54.089Z
    </Time><DistanceMeters>
      5.277591412188485
    </DistanceMeters><Cadence>
      168.4480619430542
    </Cadence><SensorState>
      Present
    </SensorState>
    </Trackpoint>
<Trackpoint>
      <Time>
      2025-04-30T13:44:54.468Z
    </Time><SensorState>
      Present
    </SensorState><Extensions>
      <TPX xmlns="http://www.garmin.com/xmlschemas/ActivityExtension/v2">
      <nax:Nax>
      <nax:AscentInMeters>
      0.06869888305664062
    </nax:AscentInMeters>
    </nax:Nax>
    </TPX>
    </Extensions>
    </Trackpoint>
<Trackpoint>
      <Time>
      2025-04-30T13:44:55.000Z
    </Time><Position>
      <LatitudeDegrees>
      47.430598050259526
    </LatitudeDegrees><LongitudeDegrees>
      -122.29135986472913
    </LongitudeDegrees>
    </Position><AltitudeMeters>
      115.40480635035783
    </AltitudeMeters><SensorState>
      Present
    </SensorState>
    </Trackpoint>
<Trackpoint>
      <Time>
      2025-04-30T13:44:55.527Z
    </Time><SensorState>
      Present
    </SensorState><Extensions>
      <TPX xmlns="http://www.garmin.com/xmlschemas/ActivityExtension/v2">
      <nax:Nax>
      <nax:AscentInMeters>
      0.07134246826171875
    </nax:AscentInMeters>
    </nax:Nax>
    </TPX>
    </Extensions>
    </Trackpoint>
<Trackpoint>
      <Time>
      2025-04-30T13:44:56.586Z
    </Time><SensorState>
      Present
    </SensorState><Extensions>
      <TPX xmlns="http://www.garmin.com/xmlschemas/ActivityExtension/v2">
      <nax:Nax>
      <nax:AscentInMeters>
      0.07927131652832031
    </nax:AscentInMeters>
    </nax:Nax>
    </TPX>
    </Extensions>
    </Trackpoint>
<Trackpoint>
      <Time>
      2025-04-30T13:44:56.643Z
    </Time><SensorState>
      Present
    </SensorState><Extensions>
      <TPX xmlns="http://www.garmin.com/xmlschemas/ActivityExtension/v2">
      <ns3:Speed>
      2.861240947007336
    </ns3:Speed><nax:Nax>
      <nax:Pace>
      5.824978383627171
    </nax:Pace>
    </nax:Nax>
    </TPX>
    </Extensions>
    </Trackpoint>
<Trackpoint>
      <Time>
      2025-04-30T13:44:56.644Z
    </Time><DistanceMeters>
      7.420693084131926
    </DistanceMeters><Cadence>
      170.07049083709717
    </Cadence><SensorState>
      Present
    </SensorState>
    </Trackpoint>
<Trackpoint>
      <Time>
      2025-04-30T13:44:57.644Z
    </Time><SensorState>
      Present
    </SensorState><Extensions>
      <TPX xmlns="http://www.garmin.com/xmlschemas/ActivityExtension/v2">
      <nax:Nax>
      <nax:AscentInMeters>
      0.03963470458984375
    </nax:AscentInMeters>
    </nax:Nax>
    </TPX>
    </Extensions>
    </Trackpoint>
<Trackpoint>
      <Time>
      2025-04-30T13:44:58.703Z
    </Time><SensorState>
      Present
    </SensorState><Extensions>
      <TPX xmlns="http://www.garmin.com/xmlschemas/ActivityExtension/v2">
      <nax:Nax>
      <nax:AscentInMeters>
      0.06605720520019531
    </nax:AscentInMeters>
    </nax:Nax>
    </TPX>
    </Extensions>
    </Trackpoint>
<Trackpoint>
      <Time>
      2025-04-30T13:44:59.000Z
    </Time><Position>
      <LatitudeDegrees>
      47.43069110978767
    </LatitudeDegrees><LongitudeDegrees>
      -122.29136840707092
    </LongitudeDegrees>
    </Position><AltitudeMeters>
      116.26924259029329
    </AltitudeMeters><SensorState>
      Present
    </SensorState>
    </Trackpoint>
<Trackpoint>
      <Time>
      2025-04-30T13:44:59.198Z
    </Time><SensorState>
      Present
    </SensorState><Extensions>
      <TPX xmlns="http://www.garmin.com/xmlschemas/ActivityExtension/v2">
      <ns3:Speed>
      2.814498980710274
    </ns3:Speed><nax:Nax>
      <nax:Pace>
      5.921717073232204
    </nax:Pace>
    </nax:Nax>
    </TPX>
    </Extensions>
    </Trackpoint>
<Trackpoint>
      <Time>
      2025-04-30T13:44:59.199Z
    </Time><DistanceMeters>
      7.689096380025148
    </DistanceMeters><Cadence>
      169.48305130004883
    </Cadence><SensorState>
      Present
    </SensorState>
    </Trackpoint>
<Trackpoint>
      <Time>
      2025-04-30T13:44:59.761Z
    </Time><SensorState>
      Present
    </SensorState><Extensions>
      <TPX xmlns="http://www.garmin.com/xmlschemas/ActivityExtension/v2">
      <nax:Nax>
      <nax:AscentInMeters>
      0.07662773132324219
    </nax:AscentInMeters>
    </nax:Nax>
    </TPX>
    </Extensions>
    </Trackpoint>
<Trackpoint>
      <Time>
      2025-04-30T13:45:00.820Z
    </Time><SensorState>
      Present
    </SensorState><Extensions>
      <TPX xmlns="http://www.garmin.com/xmlschemas/ActivityExtension/v2">
      <nax:Nax>
      <nax:AscentInMeters>
      0.095123291015625
    </nax:AscentInMeters>
    </nax:Nax>
    </TPX>
    </Extensions>
    </Trackpoint>
<Trackpoint>
      <Time>
      2025-04-30T13:45:01.752Z
    </Time><SensorState>
      Present
    </SensorState><Extensions>
      <TPX xmlns="http://www.garmin.com/xmlschemas/ActivityExtension/v2">
      <ns3:Speed>
      2.762279733823082
    </ns3:Speed><nax:Nax>
      <nax:Pace>
      6.033663594092071
    </nax:Pace>
    </nax:Nax>
    </TPX>
    </Extensions>
    </Trackpoint>
<Trackpoint>
      <Time>
      2025-04-30T13:45:01.753Z
    </Time><DistanceMeters>
      3.5220643548527732
    </DistanceMeters><Cadence>
      169.96333122253418
    </Cadence><SensorState>
      Present
    </SensorState>
    </Trackpoint>
<Trackpoint>
      <Time>
      2025-04-30T13:45:01.878Z
    </Time><SensorState>
      Present
    </SensorState><Extensions>
      <TPX xmlns="http://www.garmin.com/xmlschemas/ActivityExtension/v2">
      <nax:Nax>
      <nax:AscentInMeters>
      0.08983802795410156
    </nax:AscentInMeters>
    </nax:Nax>
    </TPX>
    </Extensions>
    </Trackpoint>
<Trackpoint>
      <Time>
      2025-04-30T13:45:02.000Z
    </Time><SensorState>
      Present
    </SensorState><Extensions>
      <TPX xmlns="http://www.garmin.com/xmlschemas/ActivityExtension/v2">
      <nax:Nax>
      <nax:NikeFuel>
      6.683261512175062
    </nax:NikeFuel>
    </nax:Nax>
    </TPX>
    </Extensions>
    </Trackpoint>
<Trackpoint>
      <Time>
      2025-04-30T13:45:02.935Z
    </Time><SensorState>
      Present
    </SensorState><Extensions>
      <TPX xmlns="http://www.garmin.com/xmlschemas/ActivityExtension/v2">
      <nax:Nax>
      <nax:AscentInMeters>
      0.12418937683105469
    </nax:AscentInMeters>
    </nax:Nax>
    </TPX>
    </Extensions>
    </Trackpoint>
<Trackpoint>
      <Time>
      2025-04-30T13:45:03.995Z
    </Time><SensorState>
      Present
    </SensorState><Extensions>
      <TPX xmlns="http://www.garmin.com/xmlschemas/ActivityExtension/v2">
      <nax:Nax>
      <nax:AscentInMeters>
      0.10305023193359375
    </nax:AscentInMeters>
    </nax:Nax>
    </TPX>
    </Extensions>
    </Trackpoint>
<Trackpoint>
      <Time>
      2025-04-30T13:45:04.000Z
    </Time><Position>
      <LatitudeDegrees>
      47.43079453454352
    </LatitudeDegrees><LongitudeDegrees>
      -122.29134960738088
    </LongitudeDegrees>
    </Position><AltitudeMeters>
      116.62663120403886
    </AltitudeMeters><SensorState>
      Present
    </SensorState>
    </Trackpoint>
<Trackpoint>
      <Time>
      2025-04-30T13:45:04.307Z
    </Time><SensorState>
      Present
    </SensorState><Extensions>
      <TPX xmlns="http://www.garmin.com/xmlschemas/ActivityExtension/v2">
      <ns3:Speed>
      2.74896423807356
    </ns3:Speed><nax:Nax>
      <nax:Pace>
      6.062889591589034
    </nax:Pace>
    </nax:Nax>
    </TPX>
    </Extensions>
    </Trackpoint>
<Trackpoint>
      <Time>
      2025-04-30T13:45:04.308Z
    </Time><DistanceMeters>
      6.399455480626784
    </DistanceMeters><Cadence>
      168.35143089294434
    </Cadence><SensorState>
      Present
    </SensorState>
    </Trackpoint>
<Trackpoint>
      <Time>
      2025-04-30T13:45:05.053Z
    </Time><SensorState>
      Present
    </SensorState><Extensions>
      <TPX xmlns="http://www.garmin.com/xmlschemas/ActivityExtension/v2">
      <nax:Nax>
      <nax:AscentInMeters>
      0.0475616455078125
    </nax:AscentInMeters>
    </nax:Nax>
    </TPX>
    </Extensions>
    </Trackpoint>
<Trackpoint>
      <Time>
      2025-04-30T13:45:06.112Z
    </Time><SensorState>
      Present
    </SensorState><Extensions>
      <TPX xmlns="http://www.garmin.com/xmlschemas/ActivityExtension/v2">
      <nax:Nax>
      <nax:AscentInMeters>
      0.058132171630859375
    </nax:AscentInMeters>
    </nax:Nax>
    </TPX>
    </Extensions>
    </Trackpoint>
<Trackpoint>
      <Time>
      2025-04-30T13:45:06.862Z
    </Time><SensorState>
      Present
    </SensorState><Extensions>
      <TPX xmlns="http://www.garmin.com/xmlschemas/ActivityExtension/v2">
      <ns3:Speed>
      2.7097369674484892
    </ns3:Speed><nax:Nax>
      <nax:Pace>
      6.150658483417355
    </nax:Pace>
    </nax:Nax>
    </TPX>
    </Extensions>
    </Trackpoint>
<Trackpoint>
      <Time>
      2025-04-30T13:45:06.863Z
    </Time><DistanceMeters>
      4.878808054723777
    </DistanceMeters><Cadence>
      168.35143089294434
    </Cadence><SensorState>
      Present
    </SensorState>
    </Trackpoint>
<Trackpoint>
      <Time>
      2025-04-30T13:45:07.170Z
    </Time><SensorState>
      Present
    </SensorState><Extensions>
      <TPX xmlns="http://www.garmin.com/xmlschemas/ActivityExtension/v2">
      <nax:Nax>
      <nax:AscentInMeters>
      0.06341552734375
    </nax:AscentInMeters>
    </nax:Nax>
    </TPX>
    </Extensions>
    </Trackpoint>
<Trackpoint>
      <Time>
      2025-04-30T13:45:08.229Z
    </Time><SensorState>
      Present
    </SensorState><Extensions>
      <TPX xmlns="http://www.garmin.com/xmlschemas/ActivityExtension/v2">
      <nax:Nax>
      <nax:AscentInMeters>
      0.08191108703613281
    </nax:AscentInMeters>
    </nax:Nax>
    </TPX>
    </Extensions>
    </Trackpoint>
<Trackpoint>
      <Time>
      2025-04-30T13:45:09.000Z
    </Time><Position>
      <LatitudeDegrees>
      47.43088671642549
    </LatitudeDegrees><LongitudeDegrees>
      -122.29128885622988
    </LongitudeDegrees>
    </Position><AltitudeMeters>
      117.6611269004643
    </AltitudeMeters><SensorState>
      Present
    </SensorState>
    </Trackpoint>
<Trackpoint>
      <Time>
      2025-04-30T13:45:09.287Z
    </Time><SensorState>
      Present
    </SensorState><Extensions>
      <TPX xmlns="http://www.garmin.com/xmlschemas/ActivityExtension/v2">
      <nax:Nax>
      <nax:AscentInMeters>
      0.10833549499511719
    </nax:AscentInMeters>
    </nax:Nax>
    </TPX>
    </Extensions>
    </Trackpoint>
<Trackpoint>
      <Time>
      2025-04-30T13:45:09.416Z
    </Time><DistanceMeters>
      6.437728541670367
    </DistanceMeters><SensorState>
      Present
    </SensorState><Extensions>
      <TPX xmlns="http://www.garmin.com/xmlschemas/ActivityExtension/v2">
      <ns3:Speed>
      2.3804574299760293
    </ns3:Speed><nax:Nax>
      <nax:Pace>
      7.001455458430314
    </nax:Pace>
    </nax:Nax>
    </TPX>
    </Extensions>
    </Trackpoint>
<Trackpoint>
      <Time>
      2025-04-30T13:45:09.417Z
    </Time><Cadence>
      168.02907943725586
    </Cadence><SensorState>
      Present
    </SensorState>
    </Trackpoint>
<Trackpoint>
      <Time>
      2025-04-30T13:45:10.346Z
    </Time><SensorState>
      Present
    </SensorState><Extensions>
      <TPX xmlns="http://www.garmin.com/xmlschemas/ActivityExtension/v2">
      <nax:Nax>
      <nax:AscentInMeters>
      0.13740158081054688
    </nax:AscentInMeters>
    </nax:Nax>
    </TPX>
    </Extensions>
    </Trackpoint>
<Trackpoint>
      <Time>
      2025-04-30T13:45:11.404Z
    </Time><SensorState>
      Present
    </SensorState><Extensions>
      <TPX xmlns="http://www.garmin.com/xmlschemas/ActivityExtension/v2">
      <nax:Nax>
      <nax:AscentInMeters>
      0.1268310546875
    </nax:AscentInMeters>
    </nax:Nax>
    </TPX>
    </Extensions>
    </Trackpoint>
<Trackpoint>
      <Time>
      2025-04-30T13:45:11.972Z
    </Time><SensorState>
      Present
    </SensorState><Extensions>
      <TPX xmlns="http://www.garmin.com/xmlschemas/ActivityExtension/v2">
      <ns3:Speed>
      2.3726975291958174
    </ns3:Speed><nax:Nax>
      <nax:Pace>
      7.024353699359028
    </nax:Pace>
    </nax:Nax>
    </TPX>
    </Extensions>
    </Trackpoint>
<Trackpoint>
      <Time>
      2025-04-30T13:45:11.973Z
    </Time><DistanceMeters>
      5.910536687471904
    </DistanceMeters><Cadence>
      168.30923080444336
    </Cadence><SensorState>
      Present
    </SensorState>
    </Trackpoint>
<Trackpoint>
      <Time>
      2025-04-30T13:45:12.000Z
    </Time><SensorState>
      Present
    </SensorState><Extensions>
      <TPX xmlns="http://www.garmin.com/xmlschemas/ActivityExtension/v2">
      <nax:Nax>
      <nax:NikeFuel>
      6.189099965563585
    </nax:NikeFuel>
    </nax:Nax>
    </TPX>
    </Extensions>
    </Trackpoint>
<Trackpoint>
      <Time>
      2025-04-30T13:45:12.462Z
    </Time><SensorState>
      Present
    </SensorState><Extensions>
      <TPX xmlns="http://www.garmin.com/xmlschemas/ActivityExtension/v2">
      <nax:Nax>
      <nax:AscentInMeters>
      0.10833358764648438
    </nax:AscentInMeters>
    </nax:Nax>
    </TPX>
    </Extensions>
    </Trackpoint>
<Trackpoint>
      <Time>
      2025-04-30T13:45:13.521Z
    </Time><SensorState>
      Present
    </SensorState><Extensions>
      <TPX xmlns="http://www.garmin.com/xmlschemas/ActivityExtension/v2">
      <nax:Nax>
      <nax:AscentInMeters>
      0.10569381713867188
    </nax:AscentInMeters>
    </nax:Nax>
    </TPX>
    </Extensions>
    </Trackpoint>
<Trackpoint>
      <Time>
      2025-04-30T13:45:14.000Z
    </Time><Position>
      <LatitudeDegrees>
      47.43088209128624
    </LatitudeDegrees><LongitudeDegrees>
      -122.29113831121114
    </LongitudeDegrees>
    </Position><AltitudeMeters>
      117.72365698777139
    </AltitudeMeters><SensorState>
      Present
    </SensorState>
    </Trackpoint>
<Trackpoint>
      <Time>
      2025-04-30T13:45:14.526Z
    </Time><SensorState>
      Present
    </SensorState><Extensions>
      <TPX xmlns="http://www.garmin.com/xmlschemas/ActivityExtension/v2">
      <ns3:Speed>
      2.3548122266640683
    </ns3:Speed><nax:Nax>
      <nax:Pace>
      7.077705168143027
    </nax:Pace>
    </nax:Nax>
    </TPX>
    </Extensions>
    </Trackpoint>
<Trackpoint>
      <Time>
      2025-04-30T13:45:14.527Z
    </Time><DistanceMeters>
      5.366339557804167
    </DistanceMeters><Cadence>
      168.2102108001709
    </Cadence><SensorState>
      Present
    </SensorState>
    </Trackpoint>
<Trackpoint>
      <Time>
      2025-04-30T13:45:14.579Z
    </Time><SensorState>
      Present
    </SensorState><Extensions>
      <TPX xmlns="http://www.garmin.com/xmlschemas/ActivityExtension/v2">
      <nax:Nax>
      <nax:AscentInMeters>
      0.08719635009765625
    </nax:AscentInMeters>
    </nax:Nax>
    </TPX>
    </Extensions>
    </Trackpoint>
<Trackpoint>
      <Time>
      2025-04-30T13:45:15.638Z
    </Time><SensorState>
      Present
    </SensorState><Extensions>
      <TPX xmlns="http://www.garmin.com/xmlschemas/ActivityExtension/v2">
      <nax:Nax>
      <nax:AscentInMeters>
      0.08455467224121094
    </nax:AscentInMeters>
    </nax:Nax>
    </TPX>
    </Extensions>
    </Trackpoint>
<Trackpoint>
      <Time>
      2025-04-30T13:45:16.696Z
    </Time><SensorState>
      Present
    </SensorState><Extensions>
      <TPX xmlns="http://www.garmin.com/xmlschemas/ActivityExtension/v2">
      <nax:Nax>
      <nax:AscentInMeters>
      0.0792694091796875
    </nax:AscentInMeters>
    </nax:Nax>
    </TPX>
    </Extensions>
    </Trackpoint>
<Trackpoint>
      <Time>
      2025-04-30T13:45:17.081Z
    </Time><SensorState>
      Present
    </SensorState><Extensions>
      <TPX xmlns="http://www.garmin.com/xmlschemas/ActivityExtension/v2">
      <ns3:Speed>
      2.3477761079938166
    </ns3:Speed><nax:Nax>
      <nax:Pace>
      7.098916549120347
    </nax:Pace>
    </nax:Nax>
    </TPX>
    </Extensions>
    </Trackpoint>
<Trackpoint>
      <Time>
      2025-04-30T13:45:17.082Z
    </Time><DistanceMeters>
      7.057337508886121
    </DistanceMeters><Cadence>
      168.086199760437
    </Cadence><SensorState>
      Present
    </SensorState>
    </Trackpoint>
<Trackpoint>
      <Time>
      2025-04-30T13:45:17.755Z
    </Time><SensorState>
      Present
    </SensorState><Extensions>
      <TPX xmlns="http://www.garmin.com/xmlschemas/ActivityExtension/v2">
      <nax:Nax>
      <nax:AscentInMeters>
      0.09776496887207031
    </nax:AscentInMeters>
    </nax:Nax>
    </TPX>
    </Extensions>
    </Trackpoint>
<Trackpoint>
      <Time>
      2025-04-30T13:45:18.813Z
    </Time><SensorState>
      Present
    </SensorState><Extensions>
      <TPX xmlns="http://www.garmin.com/xmlschemas/ActivityExtension/v2">
      <nax:Nax>
      <nax:AscentInMeters>
      0.058132171630859375
    </nax:AscentInMeters>
    </nax:Nax>
    </TPX>
    </Extensions>
    </Trackpoint>
<Trackpoint>
      <Time>
      2025-04-30T13:45:19.000Z
    </Time><Position>
      <LatitudeDegrees>
      47.43087600657579
    </LatitudeDegrees><LongitudeDegrees>
      -122.29097849311565
    </LongitudeDegrees>
    </Position><AltitudeMeters>
      118.47634994145483
    </AltitudeMeters><SensorState>
      Present
    </SensorState>
    </Trackpoint>
<Trackpoint>
      <Time>
      2025-04-30T13:45:19.637Z
    </Time><SensorState>
      Present
    </SensorState><Extensions>
      <TPX xmlns="http://www.garmin.com/xmlschemas/ActivityExtension/v2">
      <ns3:Speed>
      2.346980056912502
    </ns3:Speed><nax:Nax>
      <nax:Pace>
      7.101324366851242
    </nax:Pace>
    </nax:Nax>
    </TPX>
    </Extensions>
    </Trackpoint>
<Trackpoint>
      <Time>
      2025-04-30T13:45:19.638Z
    </Time><DistanceMeters>
      5.521640731487423
    </DistanceMeters><Cadence>
      168.1189727783203
    </Cadence><SensorState>
      Present
    </SensorState>
    </Trackpoint>
<Trackpoint>
      <Time>
      2025-04-30T13:45:19.870Z
    </Time><SensorState>
      Present
    </SensorState><Extensions>
      <TPX xmlns="http://www.garmin.com/xmlschemas/ActivityExtension/v2">
      <nax:Nax>
      <nax:AscentInMeters>
      0.06605720520019531
    </nax:AscentInMeters>
    </nax:Nax>
    </TPX>
    </Extensions>
    </Trackpoint>
<Trackpoint>
      <Time>
      2025-04-30T13:45:20.929Z
    </Time><SensorState>
      Present
    </SensorState><Extensions>
      <TPX xmlns="http://www.garmin.com/xmlschemas/ActivityExtension/v2">
      <nax:Nax>
      <nax:AscentInMeters>
      0.05284690856933594
    </nax:AscentInMeters>
    </nax:Nax>
    </TPX>
    </Extensions>
    </Trackpoint>
<Trackpoint>
      <Time>
      2025-04-30T13:45:21.988Z
    </Time><SensorState>
      Present
    </SensorState><Extensions>
      <TPX xmlns="http://www.garmin.com/xmlschemas/ActivityExtension/v2">
      <nax:Nax>
      <nax:AscentInMeters>
      0.03963470458984375
    </nax:AscentInMeters>
    </nax:Nax>
    </TPX>
    </Extensions>
    </Trackpoint>
<Trackpoint>
      <Time>
      2025-04-30T13:45:22.000Z
    </Time><SensorState>
      Present
    </SensorState><Extensions>
      <TPX xmlns="http://www.garmin.com/xmlschemas/ActivityExtension/v2">
      <nax:Nax>
      <nax:NikeFuel>
      6.206857373523233
    </nax:NikeFuel>
    </nax:Nax>
    </TPX>
    </Extensions>
    </Trackpoint>
<Trackpoint>
      <Time>
      2025-04-30T13:45:22.192Z
    </Time><DistanceMeters>
      6.347721018595621
    </DistanceMeters><SensorState>
      Present
    </SensorState><Extensions>
      <TPX xmlns="http://www.garmin.com/xmlschemas/ActivityExtension/v2">
      <ns3:Speed>
      2.3521749470793063
    </ns3:Speed><nax:Nax>
      <nax:Pace>
      7.085640754469242
    </nax:Pace>
    </nax:Nax>
    </TPX>
    </Extensions>
    </Trackpoint>
<Trackpoint>
      <Time>
      2025-04-30T13:45:22.193Z
    </Time><Cadence>
      168.5966920852661
    </Cadence><SensorState>
      Present
    </SensorState>
    </Trackpoint>
<Trackpoint>
      <Time>
      2025-04-30T13:45:23.047Z
    </Time><SensorState>
      Present
    </SensorState><Extensions>
      <TPX xmlns="http://www.garmin.com/xmlschemas/ActivityExtension/v2">
      <nax:Nax>
      <nax:AscentInMeters>
      0.02378082275390625
    </nax:AscentInMeters>
    </nax:Nax>
    </TPX>
    </Extensions>
    </Trackpoint>
<Trackpoint>
      <Time>
      2025-04-30T13:45:24.000Z
    </Time><Position>
      <LatitudeDegrees>
      47.430861276982235
    </LatitudeDegrees><LongitudeDegrees>
      -122.29081418131399
    </LongitudeDegrees>
    </Position><AltitudeMeters>
      119.12039209250361
    </AltitudeMeters><SensorState>
      Present
    </SensorState>
    </Trackpoint>
<Trackpoint>
      <Time>
      2025-04-30T13:45:24.105Z
    </Time><SensorState>
      Present
    </SensorState><Extensions>
      <TPX xmlns="http://www.garmin.com/xmlschemas/ActivityExtension/v2">
      <nax:Nax>
      <nax:AscentInMeters>
      0.03434944152832031
    </nax:AscentInMeters>
    </nax:Nax>
    </TPX>
    </Extensions>
    </Trackpoint>
<Trackpoint>
      <Time>
      2025-04-30T13:45:24.746Z
    </Time><SensorState>
      Present
    </SensorState><Extensions>
      <TPX xmlns="http://www.garmin.com/xmlschemas/ActivityExtension/v2">
      <ns3:Speed>
      2.356443384938159
    </ns3:Speed><nax:Nax>
      <nax:Pace>
      7.072805896036435
    </nax:Pace>
    </nax:Nax>
    </TPX>
    </Extensions>
    </Trackpoint>
<Trackpoint>
      <Time>
      2025-04-30T13:45:24.747Z
    </Time><DistanceMeters>
      7.081242939573713
    </DistanceMeters><Cadence>
      169.5351791381836
    </Cadence><SensorState>
      Present
    </SensorState>
    </Trackpoint>
<Trackpoint>
      <Time>
      2025-04-30T13:45:27.301Z
    </Time><SensorState>
      Present
    </SensorState><Extensions>
      <TPX xmlns="http://www.garmin.com/xmlschemas/ActivityExtension/v2">
      <ns3:Speed>
      2.3596278576575007
    </ns3:Speed><nax:Nax>
      <nax:Pace>
      7.063260680102475
    </nax:Pace>
    </nax:Nax>
    </TPX>
    </Extensions>
    </Trackpoint>
<Trackpoint>
      <Time>
      2025-04-30T13:45:27.302Z
    </Time><DistanceMeters>
      5.285196721088141
    </DistanceMeters><Cadence>
      169.5351791381836
    </Cadence><SensorState>
      Present
    </SensorState>
    </Trackpoint>
<Trackpoint>
      <Time>
      2025-04-30T13:45:29.000Z
    </Time><Position>
      <LatitudeDegrees>
      47.4308613865195
    </LatitudeDegrees><LongitudeDegrees>
      -122.29066161834385
    </LongitudeDegrees>
    </Position><AltitudeMeters>
      120.291179520078
    </AltitudeMeters><SensorState>
      Present
    </SensorState>
    </Trackpoint>
<Trackpoint>
      <Time>
      2025-04-30T13:45:29.396Z
    </Time><SensorState>
      Present
    </SensorState><Extensions>
      <TPX xmlns="http://www.garmin.com/xmlschemas/ActivityExtension/v2">
      <nax:Nax>
      <nax:DescentInMeters>
      0.0475616455078125
    </nax:DescentInMeters>
    </nax:Nax>
    </TPX>
    </Extensions>
    </Trackpoint>
<Trackpoint>
      <Time>
      2025-04-30T13:45:29.855Z
    </Time><SensorState>
      Present
    </SensorState><Extensions>
      <TPX xmlns="http://www.garmin.com/xmlschemas/ActivityExtension/v2">
      <ns3:Speed>
      2.360372591292124
    </ns3:Speed><nax:Nax>
      <nax:Pace>
      7.061032113384666
    </nax:Pace>
    </nax:Nax>
    </TPX>
    </Extensions>
    </Trackpoint>
<Trackpoint>
      <Time>
      2025-04-30T13:45:29.856Z
    </Time><DistanceMeters>
      6.368285419186577
    </DistanceMeters><Cadence>
      169.5351791381836
    </Cadence><SensorState>
      Present
    </SensorState>
    </Trackpoint>
<Trackpoint>
      <Time>
      2025-04-30T13:45:30.455Z
    </Time><SensorState>
      Present
    </SensorState><Extensions>
      <TPX xmlns="http://www.garmin.com/xmlschemas/ActivityExtension/v2">
      <nax:Nax>
      <nax:DescentInMeters>
      0.05284690856933594
    </nax:DescentInMeters>
    </nax:Nax>
    </TPX>
    </Extensions>
    </Trackpoint>
<Trackpoint>
      <Time>
      2025-04-30T13:45:31.514Z
    </Time><SensorState>
      Present
    </SensorState><Extensions>
      <TPX xmlns="http://www.garmin.com/xmlschemas/ActivityExtension/v2">
      <nax:Nax>
      <nax:DescentInMeters>
      0.04491996765136719
    </nax:DescentInMeters>
    </nax:Nax>
    </TPX>
    </Extensions>
    </Trackpoint>
<Trackpoint>
      <Time>
      2025-04-30T13:45:32.000Z
    </Time><SensorState>
      Present
    </SensorState><Extensions>
      <TPX xmlns="http://www.garmin.com/xmlschemas/ActivityExtension/v2">
      <nax:Nax>
      <nax:NikeFuel>
      4.2774441650676405
    </nax:NikeFuel>
    </nax:Nax>
    </TPX>
    </Extensions>
    </Trackpoint>
<Trackpoint>
      <Time>
      2025-04-30T13:45:32.410Z
    </Time><SensorState>
      Present
    </SensorState><Extensions>
      <TPX xmlns="http://www.garmin.com/xmlschemas/ActivityExtension/v2">
      <ns3:Speed>
      2.363399834254933
    </ns3:Speed><nax:Nax>
      <nax:Pace>
      7.05198774456243
    </nax:Pace>
    </nax:Nax>
    </TPX>
    </Extensions>
    </Trackpoint>
<Trackpoint>
      <Time>
      2025-04-30T13:45:32.411Z
    </Time><DistanceMeters>
      6.905805321992375
    </DistanceMeters><Cadence>
      129.77803230285645
    </Cadence><SensorState>
      Present
    </SensorState>
    </Trackpoint>
<Trackpoint>
      <Time>
      2025-04-30T13:45:32.573Z
    </Time><SensorState>
      Present
    </SensorState><Extensions>
      <TPX xmlns="http://www.garmin.com/xmlschemas/ActivityExtension/v2">
      <nax:Nax>
      <nax:DescentInMeters>
      0.060771942138671875
    </nax:DescentInMeters>
    </nax:Nax>
    </TPX>
    </Extensions>
    </Trackpoint>
<Trackpoint>
      <Time>
      2025-04-30T13:45:33.000Z
    </Time><Position>
      <LatitudeDegrees>
      47.43086695773167
    </LatitudeDegrees><LongitudeDegrees>
      -122.29051652313728
    </LongitudeDegrees>
    </Position><AltitudeMeters>
      118.99691267963499
    </AltitudeMeters><SensorState>
      Present
    </SensorState>
    </Trackpoint>
<Trackpoint>
      <Time>
      2025-04-30T13:45:33.631Z
    </Time><SensorState>
      Present
    </SensorState><Extensions>
      <TPX xmlns="http://www.garmin.com/xmlschemas/ActivityExtension/v2">
      <nax:Nax>
      <nax:DescentInMeters>
      0.06870079040527344
    </nax:DescentInMeters>
    </nax:Nax>
    </TPX>
    </Extensions>
    </Trackpoint>
<Trackpoint>
      <Time>
      2025-04-30T13:45:34.689Z
    </Time><SensorState>
      Present
    </SensorState><Extensions>
      <TPX xmlns="http://www.garmin.com/xmlschemas/ActivityExtension/v2">
      <nax:Nax>
      <nax:DescentInMeters>
      0.06605720520019531
    </nax:DescentInMeters>
    </nax:Nax>
    </TPX>
    </Extensions>
    </Trackpoint>
<Trackpoint>
      <Time>
      2025-04-30T13:45:34.964Z
    </Time><SensorState>
      Present
    </SensorState><Extensions>
      <TPX xmlns="http://www.garmin.com/xmlschemas/ActivityExtension/v2">
      <ns3:Speed>
      1.776729626445479
    </ns3:Speed><nax:Nax>
      <nax:Pace>
      9.380530621313474
    </nax:Pace>
    </nax:Nax>
    </TPX>
    </Extensions>
    </Trackpoint>
<Trackpoint>
      <Time>
      2025-04-30T13:45:34.965Z
    </Time><DistanceMeters>
      6.474602805217728
    </DistanceMeters><Cadence>
      129.77803230285645
    </Cadence><SensorState>
      Present
    </SensorState>
    </Trackpoint>
<Trackpoint>
      <Time>
      2025-04-30T13:45:35.748Z
    </Time><SensorState>
      Present
    </SensorState><Extensions>
      <TPX xmlns="http://www.garmin.com/xmlschemas/ActivityExtension/v2">
      <nax:Nax>
      <nax:DescentInMeters>
      0.07134246826171875
    </nax:DescentInMeters>
    </nax:Nax>
    </TPX>
    </Extensions>
    </Trackpoint>
<Trackpoint>
      <Time>
      2025-04-30T13:45:36.806Z
    </Time><SensorState>
      Present
    </SensorState><Extensions>
      <TPX xmlns="http://www.garmin.com/xmlschemas/ActivityExtension/v2">
      <nax:Nax>
      <nax:DescentInMeters>
      0.07927131652832031
    </nax:DescentInMeters>
    </nax:Nax>
    </TPX>
    </Extensions>
    </Trackpoint>
<Trackpoint>
      <Time>
      2025-04-30T13:45:37.519Z
    </Time><SensorState>
      Present
    </SensorState><Extensions>
      <TPX xmlns="http://www.garmin.com/xmlschemas/ActivityExtension/v2">
      <ns3:Speed>
      1.776729626445479
    </ns3:Speed><nax:Nax>
      <nax:Pace>
      9.380530621313474
    </nax:Pace>
    </nax:Nax>
    </TPX>
    </Extensions>
    </Trackpoint>
<Trackpoint>
      <Time>
      2025-04-30T13:45:37.520Z
    </Time><DistanceMeters>
      4.5021110095549375
    </DistanceMeters><Cadence>
      129.77803230285645
    </Cadence><SensorState>
      Present
    </SensorState>
    </Trackpoint>
<Trackpoint>
      <Time>
      2025-04-30T13:45:37.865Z
    </Time><SensorState>
      Present
    </SensorState><Extensions>
      <TPX xmlns="http://www.garmin.com/xmlschemas/ActivityExtension/v2">
      <nax:Nax>
      <nax:DescentInMeters>
      0.05020332336425781
    </nax:DescentInMeters>
    </nax:Nax>
    </TPX>
    </Extensions>
    </Trackpoint>
<Trackpoint>
      <Time>
      2025-04-30T13:45:38.000Z
    </Time><Position>
      <LatitudeDegrees>
      47.43085905523216
    </LatitudeDegrees><LongitudeDegrees>
      -122.290364557479
    </LongitudeDegrees>
    </Position><AltitudeMeters>
      118.52493394259363
    </AltitudeMeters><SensorState>
      Present
    </SensorState>
    </Trackpoint>
<Trackpoint>
      <Time>
      2025-04-30T13:45:38.922Z
    </Time><SensorState>
      Present
    </SensorState><Extensions>
      <TPX xmlns="http://www.garmin.com/xmlschemas/ActivityExtension/v2">
      <nax:Nax>
      <nax:DescentInMeters>
      0.06870079040527344
    </nax:DescentInMeters>
    </nax:Nax>
    </TPX>
    </Extensions>
    </Trackpoint>
<Trackpoint>
      <Time>
      2025-04-30T13:45:39.981Z
    </Time><SensorState>
      Present
    </SensorState><Extensions>
      <TPX xmlns="http://www.garmin.com/xmlschemas/ActivityExtension/v2">
      <nax:Nax>
      <nax:DescentInMeters>
      0.05020332336425781
    </nax:DescentInMeters>
    </nax:Nax>
    </TPX>
    </Extensions>
    </Trackpoint>
<Trackpoint>
      <Time>
      2025-04-30T13:45:40.073Z
    </Time><SensorState>
      Present
    </SensorState><Extensions>
      <TPX xmlns="http://www.garmin.com/xmlschemas/ActivityExtension/v2">
      <ns3:Speed>
      1.776729626445479
    </ns3:Speed><nax:Nax>
      <nax:Pace>
      9.380530621313474
    </nax:Pace>
    </nax:Nax>
    </TPX>
    </Extensions>
    </Trackpoint>
<Trackpoint>
      <Time>
      2025-04-30T13:45:40.074Z
    </Time><DistanceMeters>
      6.171629519201815
    </DistanceMeters><Cadence>
      134.31251049041748
    </Cadence><SensorState>
      Present
    </SensorState>
    </Trackpoint>
<Trackpoint>
      <Time>
      2025-04-30T13:45:41.040Z
    </Time><SensorState>
      Present
    </SensorState><Extensions>
      <TPX xmlns="http://www.garmin.com/xmlschemas/ActivityExtension/v2">
      <nax:Nax>
      <nax:DescentInMeters>
      0.06341552734375
    </nax:DescentInMeters>
    </nax:Nax>
    </TPX>
    </Extensions>
    </Trackpoint>
<Trackpoint>
      <Time>
      2025-04-30T13:45:42.000Z
    </Time><SensorState>
      Present
    </SensorState><Extensions>
      <TPX xmlns="http://www.garmin.com/xmlschemas/ActivityExtension/v2">
      <nax:Nax>
      <nax:NikeFuel>
      4.241780746818652
    </nax:NikeFuel>
    </nax:Nax>
    </TPX>
    </Extensions>
    </Trackpoint>
<Trackpoint>
      <Time>
      2025-04-30T13:45:42.099Z
    </Time><SensorState>
      Present
    </SensorState><Extensions>
      <TPX xmlns="http://www.garmin.com/xmlschemas/ActivityExtension/v2">
      <nax:Nax>
      <nax:DescentInMeters>
      0.034351348876953125
    </nax:DescentInMeters>
    </nax:Nax>
    </TPX>
    </Extensions>
    </Trackpoint>
<Trackpoint>
      <Time>
      2025-04-30T13:45:42.627Z
    </Time><SensorState>
      Present
    </SensorState><Extensions>
      <TPX xmlns="http://www.garmin.com/xmlschemas/ActivityExtension/v2">
      <ns3:Speed>
      1.8937964164706695
    </ns3:Speed><nax:Nax>
      <nax:Pace>
      8.800664380666175
    </nax:Pace>
    </nax:Nax>
    </TPX>
    </Extensions>
    </Trackpoint>
<Trackpoint>
      <Time>
      2025-04-30T13:45:42.628Z
    </Time><DistanceMeters>
      4.797909416258335
    </DistanceMeters><Cadence>
      134.31251049041748
    </Cadence><SensorState>
      Present
    </SensorState>
    </Trackpoint>
<Trackpoint>
      <Time>
      2025-04-30T13:45:43.157Z
    </Time><SensorState>
      Present
    </SensorState><Extensions>
      <TPX xmlns="http://www.garmin.com/xmlschemas/ActivityExtension/v2">
      <nax:Nax>
      <nax:DescentInMeters>
      0.03963470458984375
    </nax:DescentInMeters>
    </nax:Nax>
    </TPX>
    </Extensions>
    </Trackpoint>
<Trackpoint>
      <Time>
      2025-04-30T13:45:44.000Z
    </Time><Position>
      <LatitudeDegrees>
      47.43084800565512
    </LatitudeDegrees><LongitudeDegrees>
      -122.29020499287782
    </LongitudeDegrees>
    </Position><AltitudeMeters>
      118.64379415754229
    </AltitudeMeters><SensorState>
      Present
    </SensorState>
    </Trackpoint>
<Trackpoint>
      <Time>
      2025-04-30T13:45:44.216Z
    </Time><SensorState>
      Present
    </SensorState><Extensions>
      <TPX xmlns="http://www.garmin.com/xmlschemas/ActivityExtension/v2">
      <nax:Nax>
      <nax:DescentInMeters>
      0.031707763671875
    </nax:DescentInMeters>
    </nax:Nax>
    </TPX>
    </Extensions>
    </Trackpoint>
<Trackpoint>
      <Time>
      2025-04-30T13:45:45.182Z
    </Time><SensorState>
      Present
    </SensorState><Extensions>
      <TPX xmlns="http://www.garmin.com/xmlschemas/ActivityExtension/v2">
      <ns3:Speed>
      1.8937964164706695
    </ns3:Speed><nax:Nax>
      <nax:Pace>
      8.800664380666175
    </nax:Pace>
    </nax:Nax>
    </TPX>
    </Extensions>
    </Trackpoint>
<Trackpoint>
      <Time>
      2025-04-30T13:45:45.183Z
    </Time><DistanceMeters>
      5.872388111893088
    </DistanceMeters><Cadence>
      133.4676218032837
    </Cadence><SensorState>
      Present
    </SensorState>
    </Trackpoint>
<Trackpoint>
      <Time>
      2025-04-30T13:45:45.274Z
    </Time><SensorState>
      Present
    </SensorState><Extensions>
      <TPX xmlns="http://www.garmin.com/xmlschemas/ActivityExtension/v2">
      <nax:Nax>
      <nax:DescentInMeters>
      0.044918060302734375
    </nax:DescentInMeters>
    </nax:Nax>
    </TPX>
    </Extensions>
    </Trackpoint>
<Trackpoint>
      <Time>
      2025-04-30T13:45:46.333Z
    </Time><SensorState>
      Present
    </SensorState><Extensions>
      <TPX xmlns="http://www.garmin.com/xmlschemas/ActivityExtension/v2">
      <nax:Nax>
      <nax:DescentInMeters>
      0.03963470458984375
    </nax:DescentInMeters>
    </nax:Nax>
    </TPX>
    </Extensions>
    </Trackpoint>
<Trackpoint>
      <Time>
      2025-04-30T13:45:47.391Z
    </Time><SensorState>
      Present
    </SensorState><Extensions>
      <TPX xmlns="http://www.garmin.com/xmlschemas/ActivityExtension/v2">
      <nax:Nax>
      <nax:DescentInMeters>
      0.058132171630859375
    </nax:DescentInMeters>
    </nax:Nax>
    </TPX>
    </Extensions>
    </Trackpoint>
<Trackpoint>
      <Time>
      2025-04-30T13:45:47.736Z
    </Time><SensorState>
      Present
    </SensorState><Extensions>
      <TPX xmlns="http://www.garmin.com/xmlschemas/ActivityExtension/v2">
      <ns3:Speed>
      1.9393703445095813
    </ns3:Speed><nax:Nax>
      <nax:Pace>
      8.593854553799137
    </nax:Pace>
    </nax:Nax>
    </TPX>
    </Extensions>
    </Trackpoint>
<Trackpoint>
      <Time>
      2025-04-30T13:45:47.737Z
    </Time><DistanceMeters>
      4.494137857458554
    </DistanceMeters><Cadence>
      133.4676218032837
    </Cadence><SensorState>
      Present
    </SensorState>
    </Trackpoint>
<Trackpoint>
      <Time>
      2025-04-30T13:45:48.000Z
    </Time><Position>
      <LatitudeDegrees>
      47.43075641366087
    </LatitudeDegrees><LongitudeDegrees>
      -122.29018020055736
    </LongitudeDegrees>
    </Position><AltitudeMeters>
      119.61328080948442
    </AltitudeMeters><SensorState>
      Present
    </SensorState>
    </Trackpoint>
<Trackpoint>
      <Time>
      2025-04-30T13:45:48.449Z
    </Time><SensorState>
      Present
    </SensorState><Extensions>
      <TPX xmlns="http://www.garmin.com/xmlschemas/ActivityExtension/v2">
      <nax:Nax>
      <nax:DescentInMeters>
      0.03434944152832031
    </nax:DescentInMeters>
    </nax:Nax>
    </TPX>
    </Extensions>
    </Trackpoint>
<Trackpoint>
      <Time>
      2025-04-30T13:45:49.508Z
    </Time><SensorState>
      Present
    </SensorState><Extensions>
      <TPX xmlns="http://www.garmin.com/xmlschemas/ActivityExtension/v2">
      <nax:Nax>
      <nax:DescentInMeters>
      0.06605911254882812
    </nax:DescentInMeters>
    </nax:Nax>
    </TPX>
    </Extensions>
    </Trackpoint>
<Trackpoint>
      <Time>
      2025-04-30T13:45:50.292Z
    </Time><SensorState>
      Present
    </SensorState><Extensions>
      <TPX xmlns="http://www.garmin.com/xmlschemas/ActivityExtension/v2">
      <ns3:Speed>
      1.9393703445095813
    </ns3:Speed><nax:Nax>
      <nax:Pace>
      8.593854553799137
    </nax:Pace>
    </nax:Nax>
    </TPX>
    </Extensions>
    </Trackpoint>
<Trackpoint>
      <Time>
      2025-04-30T13:45:50.293Z
    </Time><DistanceMeters>
      6.128645122400485
    </DistanceMeters><Cadence>
      133.4676218032837
    </Cadence><SensorState>
      Present
    </SensorState>
    </Trackpoint>
<Trackpoint>
      <Time>
      2025-04-30T13:45:50.567Z
    </Time><SensorState>
      Present
    </SensorState><Extensions>
      <TPX xmlns="http://www.garmin.com/xmlschemas/ActivityExtension/v2">
      <nax:Nax>
      <nax:DescentInMeters>
      0.0158538818359375
    </nax:DescentInMeters>
    </nax:Nax>
    </TPX>
    </Extensions>
    </Trackpoint>
<Trackpoint>
      <Time>
      2025-04-30T13:45:51.625Z
    </Time><SensorState>
      Present
    </SensorState><Extensions>
      <TPX xmlns="http://www.garmin.com/xmlschemas/ActivityExtension/v2">
      <nax:Nax>
      <nax:DescentInMeters>
      0.018495559692382812
    </nax:DescentInMeters>
    </nax:Nax>
    </TPX>
    </Extensions>
    </Trackpoint>
<Trackpoint>
      <Time>
      2025-04-30T13:45:52.000Z
    </Time><SensorState>
      Present
    </SensorState><Extensions>
      <TPX xmlns="http://www.garmin.com/xmlschemas/ActivityExtension/v2">
      <nax:Nax>
      <nax:NikeFuel>
      5.974577610712214
    </nax:NikeFuel>
    </nax:Nax>
    </TPX>
    </Extensions>
    </Trackpoint>
<Trackpoint>
      <Time>
      2025-04-30T13:45:52.683Z
    </Time><SensorState>
      Present
    </SensorState><Extensions>
      <TPX xmlns="http://www.garmin.com/xmlschemas/ActivityExtension/v2">
      <nax:Nax>
      <nax:DescentInMeters>
      0.00792694091796875
    </nax:DescentInMeters>
    </nax:Nax>
    </TPX>
    </Extensions>
    </Trackpoint>
<Trackpoint>
      <Time>
      2025-04-30T13:45:52.850Z
    </Time><DistanceMeters>
      7.12767169426661
    </DistanceMeters><SensorState>
      Present
    </SensorState><Extensions>
      <TPX xmlns="http://www.garmin.com/xmlschemas/ActivityExtension/v2">
      <ns3:Speed>
      1.9393703445095813
    </ns3:Speed><nax:Nax>
      <nax:Pace>
      8.593854553799137
    </nax:Pace>
    </nax:Nax>
    </TPX>
    </Extensions>
    </Trackpoint>
<Trackpoint>
      <Time>
      2025-04-30T13:45:52.851Z
    </Time><Cadence>
      171.8019962310791
    </Cadence><SensorState>
      Present
    </SensorState>
    </Trackpoint>
<Trackpoint>
      <Time>
      2025-04-30T13:45:53.000Z
    </Time><Position>
      <LatitudeDegrees>
      47.43064409267698
    </LatitudeDegrees><LongitudeDegrees>
      -122.29017204570843
    </LongitudeDegrees>
    </Position><AltitudeMeters>
      117.58467694185674
    </AltitudeMeters><SensorState>
      Present
    </SensorState>
    </Trackpoint>
<Trackpoint>
      <Time>
      2025-04-30T13:45:53.742Z
    </Time><SensorState>
      Present
    </SensorState><Extensions>
      <TPX xmlns="http://www.garmin.com/xmlschemas/ActivityExtension/v2">
      <nax:Nax>
      <nax:DescentInMeters>
      0.0052852630615234375
    </nax:DescentInMeters>
    </nax:Nax>
    </TPX>
    </Extensions>
    </Trackpoint>
<Trackpoint>
      <Time>
      2025-04-30T13:45:54.800Z
    </Time><SensorState>
      Present
    </SensorState><Extensions>
      <TPX xmlns="http://www.garmin.com/xmlschemas/ActivityExtension/v2">
      <nax:Nax>
      <nax:DescentInMeters>
      0.031707763671875
    </nax:DescentInMeters>
    </nax:Nax>
    </TPX>
    </Extensions>
    </Trackpoint>
<Trackpoint>
      <Time>
      2025-04-30T13:45:55.405Z
    </Time><SensorState>
      Present
    </SensorState><Extensions>
      <TPX xmlns="http://www.garmin.com/xmlschemas/ActivityExtension/v2">
      <ns3:Speed>
      2.369122125586662
    </ns3:Speed><nax:Nax>
      <nax:Pace>
      7.034954630099335
    </nax:Pace>
    </nax:Nax>
    </TPX>
    </Extensions>
    </Trackpoint>
<Trackpoint>
      <Time>
      2025-04-30T13:45:55.406Z
    </Time><DistanceMeters>
      7.397471882752143
    </DistanceMeters><Cadence>
      171.8019962310791
    </Cadence><SensorState>
      Present
    </SensorState>
    </Trackpoint>
<Trackpoint>
      <Time>
      2025-04-30T13:45:55.859Z
    </Time><SensorState>
      Present
    </SensorState><Extensions>
      <TPX xmlns="http://www.garmin.com/xmlschemas/ActivityExtension/v2">
      <nax:Nax>
      <nax:DescentInMeters>
      0.029064178466796875
    </nax:DescentInMeters>
    </nax:Nax>
    </TPX>
    </Extensions>
    </Trackpoint>
<Trackpoint>
      <Time>
      2025-04-30T13:45:56.916Z
    </Time><SensorState>
      Present
    </SensorState><Extensions>
      <TPX xmlns="http://www.garmin.com/xmlschemas/ActivityExtension/v2">
      <nax:Nax>
      <nax:DescentInMeters>
      0.042278289794921875
    </nax:DescentInMeters>
    </nax:Nax>
    </TPX>
    </Extensions>
    </Trackpoint>
<Trackpoint>
      <Time>
      2025-04-30T13:45:57.000Z
    </Time><Position>
      <LatitudeDegrees>
      47.4305536396836
    </LatitudeDegrees><LongitudeDegrees>
      -122.29017279282286
    </LongitudeDegrees>
    </Position><AltitudeMeters>
      115.94280749186873
    </AltitudeMeters><SensorState>
      Present
    </SensorState>
    </Trackpoint>
<Trackpoint>
      <Time>
      2025-04-30T13:45:57.959Z
    </Time><SensorState>
      Present
    </SensorState><Extensions>
      <TPX xmlns="http://www.garmin.com/xmlschemas/ActivityExtension/v2">
      <ns3:Speed>
      2.369122125586662
    </ns3:Speed><nax:Nax>
      <nax:Pace>
      7.034954630099335
    </nax:Pace>
    </nax:Nax>
    </TPX>
    </Extensions>
    </Trackpoint>
<Trackpoint>
      <Time>
      2025-04-30T13:45:57.960Z
    </Time><DistanceMeters>
      4.809862443944439
    </DistanceMeters><Cadence>
      171.8019962310791
    </Cadence><SensorState>
      Present
    </SensorState>
    </Trackpoint>
<Trackpoint>
      <Time>
      2025-04-30T13:45:57.975Z
    </Time><SensorState>
      Present
    </SensorState><Extensions>
      <TPX xmlns="http://www.garmin.com/xmlschemas/ActivityExtension/v2">
      <nax:Nax>
      <nax:DescentInMeters>
      0.026422500610351562
    </nax:DescentInMeters>
    </nax:Nax>
    </TPX>
    </Extensions>
    </Trackpoint>
<Trackpoint>
      <Time>
      2025-04-30T13:45:59.034Z
    </Time><SensorState>
      Present
    </SensorState><Extensions>
      <TPX xmlns="http://www.garmin.com/xmlschemas/ActivityExtension/v2">
      <nax:Nax>
      <nax:DescentInMeters>
      0.026424407958984375
    </nax:DescentInMeters>
    </nax:Nax>
    </TPX>
    </Extensions>
    </Trackpoint>
<Trackpoint>
      <Time>
      2025-04-30T13:46:00.093Z
    </Time><SensorState>
      Present
    </SensorState><Extensions>
      <TPX xmlns="http://www.garmin.com/xmlschemas/ActivityExtension/v2">
      <nax:Nax>
      <nax:DescentInMeters>
      0.0026416778564453125
    </nax:DescentInMeters>
    </nax:Nax>
    </TPX>
    </Extensions>
    </Trackpoint>
<Trackpoint>
      <Time>
      2025-04-30T13:46:00.514Z
    </Time><DistanceMeters>
      6.1316329698311165
    </DistanceMeters><SensorState>
      Present
    </SensorState><Extensions>
      <TPX xmlns="http://www.garmin.com/xmlschemas/ActivityExtension/v2">
      <ns3:Speed>
      2.369122125586662
    </ns3:Speed><nax:Nax>
      <nax:Pace>
      7.034954630099335
    </nax:Pace>
    </nax:Nax>
    </TPX>
    </Extensions>
    </Trackpoint>
<Trackpoint>
      <Time>
      2025-04-30T13:46:00.515Z
    </Time><Cadence>
      171.8019962310791
    </Cadence><SensorState>
      Present
    </SensorState>
    </Trackpoint>
<Trackpoint>
      <Time>
      2025-04-30T13:46:01.000Z
    </Time><Position>
      <LatitudeDegrees>
      47.430461066180236
    </LatitudeDegrees><LongitudeDegrees>
      -122.29016656194452
    </LongitudeDegrees>
    </Position><AltitudeMeters>
      116.94261775445193
    </AltitudeMeters><SensorState>
      Present
    </SensorState>
    </Trackpoint>
<Trackpoint>
      <Time>
      2025-04-30T13:46:01.151Z
    </Time><SensorState>
      Present
    </SensorState><Extensions>
      <TPX xmlns="http://www.garmin.com/xmlschemas/ActivityExtension/v2">
      <nax:Nax>
      <nax:DescentInMeters>
      0.04491996765136719
    </nax:DescentInMeters>
    </nax:Nax>
    </TPX>
    </Extensions>
    </Trackpoint>
<Trackpoint>
      <Time>
      2025-04-30T13:46:02.000Z
    </Time><SensorState>
      Present
    </SensorState><Extensions>
      <TPX xmlns="http://www.garmin.com/xmlschemas/ActivityExtension/v2">
      <nax:Nax>
      <nax:NikeFuel>
      5.998280553736753
    </nax:NikeFuel>
    </nax:Nax>
    </TPX>
    </Extensions>
    </Trackpoint>
<Trackpoint>
      <Time>
      2025-04-30T13:46:02.210Z
    </Time><SensorState>
      Present
    </SensorState><Extensions>
      <TPX xmlns="http://www.garmin.com/xmlschemas/ActivityExtension/v2">
      <nax:Nax>
      <nax:DescentInMeters>
      0.010568618774414062
    </nax:DescentInMeters>
    </nax:Nax>
    </TPX>
    </Extensions>
    </Trackpoint>
<Trackpoint>
      <Time>
      2025-04-30T13:46:03.068Z
    </Time><SensorState>
      Present
    </SensorState><Extensions>
      <TPX xmlns="http://www.garmin.com/xmlschemas/ActivityExtension/v2">
      <ns3:Speed>
      2.369122125586662
    </ns3:Speed><nax:Nax>
      <nax:Pace>
      7.034954630099335
    </nax:Pace>
    </nax:Nax>
    </TPX>
    </Extensions>
    </Trackpoint>
<Trackpoint>
      <Time>
      2025-04-30T13:46:03.069Z
    </Time><DistanceMeters>
      8.851496706949547
    </DistanceMeters><Cadence>
      156.69043064117432
    </Cadence><SensorState>
      Present
    </SensorState>
    </Trackpoint>
<Trackpoint>
      <Time>
      2025-04-30T13:46:03.268Z
    </Time><SensorState>
      Present
    </SensorState><Extensions>
      <TPX xmlns="http://www.garmin.com/xmlschemas/ActivityExtension/v2">
      <nax:Nax>
      <nax:DescentInMeters>
      0.08455467224121094
    </nax:DescentInMeters>
    </nax:Nax>
    </TPX>
    </Extensions>
    </Trackpoint>
<Trackpoint>
      <Time>
      2025-04-30T13:46:04.326Z
    </Time><SensorState>
      Present
    </SensorState><Extensions>
      <TPX xmlns="http://www.garmin.com/xmlschemas/ActivityExtension/v2">
      <nax:Nax>
      <nax:DescentInMeters>
      0.07398414611816406
    </nax:DescentInMeters>
    </nax:Nax>
    </TPX>
    </Extensions>
    </Trackpoint>
<Trackpoint>
      <Time>
      2025-04-30T13:46:05.000Z
    </Time><Position>
      <LatitudeDegrees>
      47.43036175111678
    </LatitudeDegrees><LongitudeDegrees>
      -122.29018142941615
    </LongitudeDegrees>
    </Position><AltitudeMeters>
      116.07560076005757
    </AltitudeMeters><SensorState>
      Present
    </SensorState>
    </Trackpoint>
<Trackpoint>
      <Time>
      2025-04-30T13:46:05.385Z
    </Time><SensorState>
      Present
    </SensorState><Extensions>
      <TPX xmlns="http://www.garmin.com/xmlschemas/ActivityExtension/v2">
      <nax:Nax>
      <nax:DescentInMeters>
      0.12947463989257812
    </nax:DescentInMeters>
    </nax:Nax>
    </TPX>
    </Extensions>
    </Trackpoint>
<Trackpoint>
      <Time>
      2025-04-30T13:46:05.623Z
    </Time><SensorState>
      Present
    </SensorState><Extensions>
      <TPX xmlns="http://www.garmin.com/xmlschemas/ActivityExtension/v2">
      <ns3:Speed>
      2.2549372602813835
    </ns3:Speed><nax:Nax>
      <nax:Pace>
      7.391188642023196
    </nax:Pace>
    </nax:Nax>
    </TPX>
    </Extensions>
    </Trackpoint>
<Trackpoint>
      <Time>
      2025-04-30T13:46:05.624Z
    </Time><DistanceMeters>
      5.685584272141568
    </DistanceMeters><Cadence>
      156.36431694030762
    </Cadence><SensorState>
      Present
    </SensorState>
    </Trackpoint>
<Trackpoint>
      <Time>
      2025-04-30T13:46:06.442Z
    </Time><SensorState>
      Present
    </SensorState><Extensions>
      <TPX xmlns="http://www.garmin.com/xmlschemas/ActivityExtension/v2">
      <nax:Nax>
      <nax:DescentInMeters>
      0.08191108703613281
    </nax:DescentInMeters>
    </nax:Nax>
    </TPX>
    </Extensions>
    </Trackpoint>
<Trackpoint>
      <Time>
      2025-04-30T13:46:07.501Z
    </Time><SensorState>
      Present
    </SensorState><Extensions>
      <TPX xmlns="http://www.garmin.com/xmlschemas/ActivityExtension/v2">
      <nax:Nax>
      <nax:DescentInMeters>
      0.10305023193359375
    </nax:DescentInMeters>
    </nax:Nax>
    </TPX>
    </Extensions>
    </Trackpoint>
<Trackpoint>
      <Time>
      2025-04-30T13:46:08.177Z
    </Time><SensorState>
      Present
    </SensorState><Extensions>
      <TPX xmlns="http://www.garmin.com/xmlschemas/ActivityExtension/v2">
      <ns3:Speed>
      2.2308232077949155
    </ns3:Speed><nax:Nax>
      <nax:Pace>
      7.471083593011854
    </nax:Pace>
    </nax:Nax>
    </TPX>
    </Extensions>
    </Trackpoint>
<Trackpoint>
      <Time>
      2025-04-30T13:46:08.178Z
    </Time><DistanceMeters>
      6.837081643519923
    </DistanceMeters><Cadence>
      156.36431694030762
    </Cadence><SensorState>
      Present
    </SensorState>
    </Trackpoint>
<Trackpoint>
      <Time>
      2025-04-30T13:46:08.560Z
    </Time><SensorState>
      Present
    </SensorState><Extensions>
      <TPX xmlns="http://www.garmin.com/xmlschemas/ActivityExtension/v2">
      <nax:Nax>
      <nax:DescentInMeters>
      0.026424407958984375
    </nax:DescentInMeters>
    </nax:Nax>
    </TPX>
    </Extensions>
    </Trackpoint>
<Trackpoint>
      <Time>
      2025-04-30T13:46:09.619Z
    </Time><SensorState>
      Present
    </SensorState><Extensions>
      <TPX xmlns="http://www.garmin.com/xmlschemas/ActivityExtension/v2">
      <nax:Nax>
      <nax:DescentInMeters>
      0.11626052856445312
    </nax:DescentInMeters>
    </nax:Nax>
    </TPX>
    </Extensions>
    </Trackpoint>
<Trackpoint>
      <Time>
      2025-04-30T13:46:10.000Z
    </Time><Position>
      <LatitudeDegrees>
      47.43025192109052
    </LatitudeDegrees><LongitudeDegrees>
      -122.29017915678104
    </LongitudeDegrees>
    </Position><AltitudeMeters>
      115.42277052346617
    </AltitudeMeters><SensorState>
      Present
    </SensorState>
    </Trackpoint>
<Trackpoint>
      <Time>
      2025-04-30T13:46:10.677Z
    </Time><SensorState>
      Present
    </SensorState><Extensions>
      <TPX xmlns="http://www.garmin.com/xmlschemas/ActivityExtension/v2">
      <nax:Nax>
      <nax:DescentInMeters>
      0.0792694091796875
    </nax:DescentInMeters>
    </nax:Nax>
    </TPX>
    </Extensions>
    </Trackpoint>
<Trackpoint>
      <Time>
      2025-04-30T13:46:10.732Z
    </Time><SensorState>
      Present
    </SensorState><Extensions>
      <TPX xmlns="http://www.garmin.com/xmlschemas/ActivityExtension/v2">
      <ns3:Speed>
      2.2308232077949155
    </ns3:Speed><nax:Nax>
      <nax:Pace>
      7.471083593011854
    </nax:Pace>
    </nax:Nax>
    </TPX>
    </Extensions>
    </Trackpoint>
<Trackpoint>
      <Time>
      2025-04-30T13:46:10.733Z
    </Time><DistanceMeters>
      6.015546013019048
    </DistanceMeters><Cadence>
      156.36431694030762
    </Cadence><SensorState>
      Present
    </SensorState>
    </Trackpoint>
<Trackpoint>
      <Time>
      2025-04-30T13:46:11.736Z
    </Time><SensorState>
      Present
    </SensorState><Extensions>
      <TPX xmlns="http://www.garmin.com/xmlschemas/ActivityExtension/v2">
      <nax:Nax>
      <nax:DescentInMeters>
      0.09512519836425781
    </nax:DescentInMeters>
    </nax:Nax>
    </TPX>
    </Extensions>
    </Trackpoint>
<Trackpoint>
      <Time>
      2025-04-30T13:46:12.000Z
    </Time><SensorState>
      Present
    </SensorState><Extensions>
      <TPX xmlns="http://www.garmin.com/xmlschemas/ActivityExtension/v2">
      <nax:Nax>
      <nax:NikeFuel>
      6.205211749793856
    </nax:NikeFuel>
    </nax:Nax>
    </TPX>
    </Extensions>
    </Trackpoint>
<Trackpoint>
      <Time>
      2025-04-30T13:46:12.794Z
    </Time><SensorState>
      Present
    </SensorState><Extensions>
      <TPX xmlns="http://www.garmin.com/xmlschemas/ActivityExtension/v2">
      <nax:Nax>
      <nax:DescentInMeters>
      0.08455276489257812
    </nax:DescentInMeters>
    </nax:Nax>
    </TPX>
    </Extensions>
    </Trackpoint>
<Trackpoint>
      <Time>
      2025-04-30T13:46:13.286Z
    </Time><SensorState>
      Present
    </SensorState><Extensions>
      <TPX xmlns="http://www.garmin.com/xmlschemas/ActivityExtension/v2">
      <ns3:Speed>
      2.2308232077949155
    </ns3:Speed><nax:Nax>
      <nax:Pace>
      7.471083593011854
    </nax:Pace>
    </nax:Nax>
    </TPX>
    </Extensions>
    </Trackpoint>
<Trackpoint>
      <Time>
      2025-04-30T13:46:13.287Z
    </Time><DistanceMeters>
      6.810081018251367
    </DistanceMeters><Cadence>
      156.5859603881836
    </Cadence><SensorState>
      Present
    </SensorState>
    </Trackpoint>
<Trackpoint>
      <Time>
      2025-04-30T13:46:13.852Z
    </Time><SensorState>
      Present
    </SensorState><Extensions>
      <TPX xmlns="http://www.garmin.com/xmlschemas/ActivityExtension/v2">
      <nax:Nax>
      <nax:DescentInMeters>
      0.13475990295410156
    </nax:DescentInMeters>
    </nax:Nax>
    </TPX>
    </Extensions>
    </Trackpoint>
<Trackpoint>
      <Time>
      2025-04-30T13:46:14.911Z
    </Time><SensorState>
      Present
    </SensorState><Extensions>
      <TPX xmlns="http://www.garmin.com/xmlschemas/ActivityExtension/v2">
      <nax:Nax>
      <nax:DescentInMeters>
      0.10569190979003906
    </nax:DescentInMeters>
    </nax:Nax>
    </TPX>
    </Extensions>
    </Trackpoint>
<Trackpoint>
      <Time>
      2025-04-30T13:46:15.000Z
    </Time><Position>
      <LatitudeDegrees>
      47.43014758864706
    </LatitudeDegrees><LongitudeDegrees>
      -122.29015782196856
    </LongitudeDegrees>
    </Position><AltitudeMeters>
      114.42447506077588
    </AltitudeMeters><SensorState>
      Present
    </SensorState>
    </Trackpoint>
<Trackpoint>
      <Time>
      2025-04-30T13:46:15.841Z
    </Time><SensorState>
      Present
    </SensorState><Extensions>
      <TPX xmlns="http://www.garmin.com/xmlschemas/ActivityExtension/v2">
      <ns3:Speed>
      2.262666831425968
    </ns3:Speed><nax:Nax>
      <nax:Pace>
      7.365939357569082
    </nax:Pace>
    </nax:Nax>
    </TPX>
    </Extensions>
    </Trackpoint>
<Trackpoint>
      <Time>
      2025-04-30T13:46:15.842Z
    </Time><DistanceMeters>
      5.486349856597371
    </DistanceMeters><Cadence>
      159.36704635620117
    </Cadence><SensorState>
      Present
    </SensorState>
    </Trackpoint>
<Trackpoint>
      <Time>
      2025-04-30T13:46:15.968Z
    </Time><SensorState>
      Present
    </SensorState><Extensions>
      <TPX xmlns="http://www.garmin.com/xmlschemas/ActivityExtension/v2">
      <nax:Nax>
      <nax:DescentInMeters>
      0.07662773132324219
    </nax:DescentInMeters>
    </nax:Nax>
    </TPX>
    </Extensions>
    </Trackpoint>
<Trackpoint>
      <Time>
      2025-04-30T13:46:17.028Z
    </Time><SensorState>
      Present
    </SensorState><Extensions>
      <TPX xmlns="http://www.garmin.com/xmlschemas/ActivityExtension/v2">
      <nax:Nax>
      <nax:DescentInMeters>
      0.08455467224121094
    </nax:DescentInMeters>
    </nax:Nax>
    </TPX>
    </Extensions>
    </Trackpoint>
<Trackpoint>
      <Time>
      2025-04-30T13:46:18.086Z
    </Time><SensorState>
      Present
    </SensorState><Extensions>
      <TPX xmlns="http://www.garmin.com/xmlschemas/ActivityExtension/v2">
      <nax:Nax>
      <nax:DescentInMeters>
      0.09776496887207031
    </nax:DescentInMeters>
    </nax:Nax>
    </TPX>
    </Extensions>
    </Trackpoint>
<Trackpoint>
      <Time>
      2025-04-30T13:46:18.395Z
    </Time><SensorState>
      Present
    </SensorState><Extensions>
      <TPX xmlns="http://www.garmin.com/xmlschemas/ActivityExtension/v2">
      <ns3:Speed>
      2.462720314896571
    </ns3:Speed><nax:Nax>
      <nax:Pace>
      6.767584027245347
    </nax:Pace>
    </nax:Nax>
    </TPX>
    </Extensions>
    </Trackpoint>
<Trackpoint>
      <Time>
      2025-04-30T13:46:18.396Z
    </Time><DistanceMeters>
      4.362032028613612
    </DistanceMeters><Cadence>
      159.36704635620117
    </Cadence><SensorState>
      Present
    </SensorState>
    </Trackpoint>
<Trackpoint>
      <Time>
      2025-04-30T13:46:19.145Z
    </Time><SensorState>
      Present
    </SensorState><Extensions>
      <TPX xmlns="http://www.garmin.com/xmlschemas/ActivityExtension/v2">
      <nax:Nax>
      <nax:DescentInMeters>
      0.11626243591308594
    </nax:DescentInMeters>
    </nax:Nax>
    </TPX>
    </Extensions>
    </Trackpoint>
<Trackpoint>
      <Time>
      2025-04-30T13:46:20.000Z
    </Time><Position>
      <LatitudeDegrees>
      47.43003559541747
    </LatitudeDegrees><LongitudeDegrees>
      -122.29015200343072
    </LongitudeDegrees>
    </Position><AltitudeMeters>
      115.53635686077178
    </AltitudeMeters><SensorState>
      Present
    </SensorState>
    </Trackpoint>
<Trackpoint>
      <Time>
      2025-04-30T13:46:20.203Z
    </Time><SensorState>
      Present
    </SensorState><Extensions>
      <TPX xmlns="http://www.garmin.com/xmlschemas/ActivityExtension/v2">
      <nax:Nax>
      <nax:DescentInMeters>
      0.07398414611816406
    </nax:DescentInMeters>
    </nax:Nax>
    </TPX>
    </Extensions>
    </Trackpoint>
<Trackpoint>
      <Time>
      2025-04-30T13:46:20.950Z
    </Time><SensorState>
      Present
    </SensorState><Extensions>
      <TPX xmlns="http://www.garmin.com/xmlschemas/ActivityExtension/v2">
      <ns3:Speed>
      2.4697029213348367
    </ns3:Speed><nax:Nax>
      <nax:Pace>
      6.74844999481095
    </nax:Pace>
    </nax:Nax>
    </TPX>
    </Extensions>
    </Trackpoint>
<Trackpoint>
      <Time>
      2025-04-30T13:46:20.951Z
    </Time><DistanceMeters>
      8.174766616197303
    </DistanceMeters><Cadence>
      159.36704635620117
    </Cadence><SensorState>
      Present
    </SensorState>
    </Trackpoint>
<Trackpoint>
      <Time>
      2025-04-30T13:46:21.261Z
    </Time><SensorState>
      Present
    </SensorState><Extensions>
      <TPX xmlns="http://www.garmin.com/xmlschemas/ActivityExtension/v2">
      <nax:Nax>
      <nax:DescentInMeters>
      0.11890411376953125
    </nax:DescentInMeters>
    </nax:Nax>
    </TPX>
    </Extensions>
    </Trackpoint>
<Trackpoint>
      <Time>
      2025-04-30T13:46:22.000Z
    </Time><SensorState>
      Present
    </SensorState><Extensions>
      <TPX xmlns="http://www.garmin.com/xmlschemas/ActivityExtension/v2">
      <nax:Nax>
      <nax:NikeFuel>
      6.4839409182387655
    </nax:NikeFuel>
    </nax:Nax>
    </TPX>
    </Extensions>
    </Trackpoint>
<Trackpoint>
      <Time>
      2025-04-30T13:46:22.320Z
    </Time><SensorState>
      Present
    </SensorState><Extensions>
      <TPX xmlns="http://www.garmin.com/xmlschemas/ActivityExtension/v2">
      <nax:Nax>
      <nax:DescentInMeters>
      0.15061378479003906
    </nax:DescentInMeters>
    </nax:Nax>
    </TPX>
    </Extensions>
    </Trackpoint>
<Trackpoint>
      <Time>
      2025-04-30T13:46:23.378Z
    </Time><SensorState>
      Present
    </SensorState><Extensions>
      <TPX xmlns="http://www.garmin.com/xmlschemas/ActivityExtension/v2">
      <nax:Nax>
      <nax:DescentInMeters>
      0.1109771728515625
    </nax:DescentInMeters>
    </nax:Nax>
    </TPX>
    </Extensions>
    </Trackpoint>
<Trackpoint>
      <Time>
      2025-04-30T13:46:23.505Z
    </Time><SensorState>
      Present
    </SensorState><Extensions>
      <TPX xmlns="http://www.garmin.com/xmlschemas/ActivityExtension/v2">
      <ns3:Speed>
      2.4641823814048904
    </ns3:Speed><nax:Nax>
      <nax:Pace>
      6.763568635355875
    </nax:Pace>
    </nax:Nax>
    </TPX>
    </Extensions>
    </Trackpoint>
<Trackpoint>
      <Time>
      2025-04-30T13:46:23.506Z
    </Time><DistanceMeters>
      6.342237810837105
    </DistanceMeters><Cadence>
      159.36704635620117
    </Cadence><SensorState>
      Present
    </SensorState>
    </Trackpoint>
<Trackpoint>
      <Time>
      2025-04-30T13:46:24.437Z
    </Time><SensorState>
      Present
    </SensorState><Extensions>
      <TPX xmlns="http://www.garmin.com/xmlschemas/ActivityExtension/v2">
      <nax:Nax>
      <nax:DescentInMeters>
      0.09776496887207031
    </nax:DescentInMeters>
    </nax:Nax>
    </TPX>
    </Extensions>
    </Trackpoint>
<Trackpoint>
      <Time>
      2025-04-30T13:46:25.000Z
    </Time><Position>
      <LatitudeDegrees>
      47.429920148344095
    </LatitudeDegrees><LongitudeDegrees>
      -122.29017796910433
    </LongitudeDegrees>
    </Position><AltitudeMeters>
      113.88262059446424
    </AltitudeMeters><SensorState>
      Present
    </SensorState>
    </Trackpoint>
<Trackpoint>
      <Time>
      2025-04-30T13:46:25.495Z
    </Time><SensorState>
      Present
    </SensorState><Extensions>
      <TPX xmlns="http://www.garmin.com/xmlschemas/ActivityExtension/v2">
      <nax:Nax>
      <nax:DescentInMeters>
      0.12947463989257812
    </nax:DescentInMeters>
    </nax:Nax>
    </TPX>
    </Extensions>
    </Trackpoint>
<Trackpoint>
      <Time>
      2025-04-30T13:46:26.059Z
    </Time><SensorState>
      Present
    </SensorState><Extensions>
      <TPX xmlns="http://www.garmin.com/xmlschemas/ActivityExtension/v2">
      <ns3:Speed>
      2.4777866678181333
    </ns3:Speed><nax:Nax>
      <nax:Pace>
      6.726433265274951
    </nax:Pace>
    </nax:Nax>
    </TPX>
    </Extensions>
    </Trackpoint>
<Trackpoint>
      <Time>
      2025-04-30T13:46:26.060Z
    </Time><DistanceMeters>
      6.852363959304057
    </DistanceMeters><Cadence>
      159.36704635620117
    </Cadence><SensorState>
      Present
    </SensorState>
    </Trackpoint>
<Trackpoint>
      <Time>
      2025-04-30T13:46:26.554Z
    </Time><SensorState>
      Present
    </SensorState><Extensions>
      <TPX xmlns="http://www.garmin.com/xmlschemas/ActivityExtension/v2">
      <nax:Nax>
      <nax:DescentInMeters>
      0.17967605590820312
    </nax:DescentInMeters>
    </nax:Nax>
    </TPX>
    </Extensions>
    </Trackpoint>
<Trackpoint>
      <Time>
      2025-04-30T13:46:27.612Z
    </Time><SensorState>
      Present
    </SensorState><Extensions>
      <TPX xmlns="http://www.garmin.com/xmlschemas/ActivityExtension/v2">
      <nax:Nax>
      <nax:DescentInMeters>
      0.12154769897460938
    </nax:DescentInMeters>
    </nax:Nax>
    </TPX>
    </Extensions>
    </Trackpoint>
<Trackpoint>
      <Time>
      2025-04-30T13:46:28.614Z
    </Time><SensorState>
      Present
    </SensorState><Extensions>
      <TPX xmlns="http://www.garmin.com/xmlschemas/ActivityExtension/v2">
      <ns3:Speed>
      2.4776079400097046
    </ns3:Speed><nax:Nax>
      <nax:Pace>
      6.726918491632451
    </nax:Pace>
    </nax:Nax>
    </TPX>
    </Extensions>
    </Trackpoint>
<Trackpoint>
      <Time>
      2025-04-30T13:46:28.615Z
    </Time><DistanceMeters>
      5.126254975213669
    </DistanceMeters><Cadence>
      159.36704635620117
    </Cadence><SensorState>
      Present
    </SensorState>
    </Trackpoint>
<Trackpoint>
      <Time>
      2025-04-30T13:46:28.671Z
    </Time><SensorState>
      Present
    </SensorState><Extensions>
      <TPX xmlns="http://www.garmin.com/xmlschemas/ActivityExtension/v2">
      <nax:Nax>
      <nax:DescentInMeters>
      0.15325355529785156
    </nax:DescentInMeters>
    </nax:Nax>
    </TPX>
    </Extensions>
    </Trackpoint>
<Trackpoint>
      <Time>
      2025-04-30T13:46:29.729Z
    </Time><SensorState>
      Present
    </SensorState><Extensions>
      <TPX xmlns="http://www.garmin.com/xmlschemas/ActivityExtension/v2">
      <nax:Nax>
      <nax:DescentInMeters>
      0.18496322631835938
    </nax:DescentInMeters>
    </nax:Nax>
    </TPX>
    </Extensions>
    </Trackpoint>
<Trackpoint>
      <Time>
      2025-04-30T13:46:30.000Z
    </Time><Position>
      <LatitudeDegrees>
      47.42982764165719
    </LatitudeDegrees><LongitudeDegrees>
      -122.29019830168879
    </LongitudeDegrees>
    </Position><AltitudeMeters>
      114.34534017834812
    </AltitudeMeters><SensorState>
      Present
    </SensorState>
    </Trackpoint>
<Trackpoint>
      <Time>
      2025-04-30T13:46:31.169Z
    </Time><SensorState>
      Present
    </SensorState><Extensions>
      <TPX xmlns="http://www.garmin.com/xmlschemas/ActivityExtension/v2">
      <ns3:Speed>
      2.4645839943081924
    </ns3:Speed><nax:Nax>
      <nax:Pace>
      6.76246648730874
    </nax:Pace>
    </nax:Nax>
    </TPX>
    </Extensions>
    </Trackpoint>
    </Track><Notes>
      Mean Pace: 6.734864295817948 MKM
    </Notes>
    </Lap><Extensions>
      <nax:NAX>
      <nax:ActivityType>
      Running
    </nax:ActivityType><nax:Tags>
      <nax:Tag>
      <nax:Key>
      com.nike.name
    </nax:Key><nax:Value>
      Wednesday Morning Run
    </nax:Value><nax:Key>
      com.nike.running.goaltype
    </nax:Key><nax:Value>
      freeRun
    </nax:Value><nax:Key>
      com.nike.running.originalactivityid
    </nax:Key><nax:Value>
      D72BAADD-FDAC-42C8-870D-21FB89C809AF
    </nax:Value><nax:Key>
      com.nike.running.recordingappversion
    </nax:Key><nax:Value>
      7.65.0
    </nax:Value><nax:Key>
      com.nike.running.recordingsource
    </nax:Key><nax:Value>
      phone
    </nax:Value><nax:Key>
      com.nike.running.syncappversion
    </nax:Key><nax:Value>
      7.65.0
    </nax:Value><nax:Key>
      com.nike.running.syncsource
    </nax:Key><nax:Value>
      phone
    </nax:Value><nax:Key>
      com.nike.temperature
    </nax:Key><nax:Value>
      5.88
    </nax:Value><nax:Key>
      com.nike.weather
    </nax:Key><nax:Value>
      mostly-cloudy-day
    </nax:Value><nax:Key>
      com.nike.weathersource
    </nax:Key><nax:Value>
      appleWeatherKit
    </nax:Value><nax:Key>
      location
    </nax:Key><nax:Value>
      outdoors
    </nax:Value>
    </nax:Tag>
    </nax:Tags>
    </nax:NAX>
    </Extensions>
    </Activity>
    </Activities>
    </TrainingCenterDatabase>