<?xml version="1.0" encoding="utf-8"?>
<TrainingCenterDatabase xmlns="http://www.garmin.com/xmlschemas/TrainingCenterDatabase/v2" xmlns:ns3="http://www.garmin.com/xmlschemas/ActivityExtension/v2" xsi:schemaLocation="http://www.garmin.com/xmlschemas/TrainingCenterDatabase/v2 http://www.garmin.com/xmlschemas/TrainingCenterDatabasev2.xsd" xmlns:nax="https://www.nike.com/xmlschemas/NikeActivityExtension/v1" xmlns:xsi="http://www.w3.org/2001/XMLSchema-instance" xmlns:ns5="http://www.garmin.com/xmlschemas/ActivityGoals/v1" xmlns:ns2="http://www.garmin.com/xmlschemas/UserProfile/v2">
      <Activities>
      <Activity Sport="Running">
      <Id>
      2022-11-17T00:43:19.819Z
    </Id><Lap StartTime="2022-11-17T00:43:19.819Z">
      <TotalTimeSeconds>
      616.435
    </TotalTimeSeconds><DistanceMeters>
      800.3652430661022
    </DistanceMeters><MaximumSpeed>
      2.8532207179440334
    </MaximumSpeed><Calories>
      38
    </Calories><AverageHeartRateBpm>
      <Value>
      127
    </Value>
    </AverageHeartRateBpm><MaximumHeartRateBpm>
      <Value>
      152
    </Value>
    </MaximumHeartRateBpm><Intensity>
      Active
    </Intensity><Cadence>
      107
    </Cadence><TriggerMethod>
      Manual
    </TriggerMethod><Track>
      <Trackpoint>
      <Time>
      2022-11-17T00:43:19.819Z
    </Time><DistanceMeters>
      11.561550030950457
    </DistanceMeters><Cadence>
      0
    </Cadence><SensorState>
      Present
    </SensorState><Extensions>
      <TPX xmlns="http://www.garmin.com/xmlschemas/ActivityExtension/v2">
      <nax:Nax>
      <nax:NikeFuel>
      0.8913131463097465
    </nax:NikeFuel><nax:Moments>
      <nax:Halt xsi:type="nax:Halt_t" action="auto_pause">
      
    </nax:Halt>
    </nax:Moments>
    </nax:Nax>
    </TPX>
    </Extensions>
    </Trackpoint>
<Trackpoint>
      <Time>
      2022-11-17T00:43:22.282Z
    </Time><SensorState>
      Present
    </SensorState><Extensions>
      <TPX xmlns="http://www.garmin.com/xmlschemas/ActivityExtension/v2">
      <nax:Nax>
      <nax:Moments>
      <nax:Halt xsi:type="nax:Halt_t" action="auto_pause">
      
    </nax:Halt>
    </nax:Moments>
    </nax:Nax>
    </TPX>
    </Extensions>
    </Trackpoint>
<Trackpoint>
      <Time>
      2022-11-17T00:43:24.843Z
    </Time><DistanceMeters>
      2.397400991525501
    </DistanceMeters><SensorState>
      Present
    </SensorState><Extensions>
      <TPX xmlns="http://www.garmin.com/xmlschemas/ActivityExtension/v2">
      <ns3:Speed>
      0.3361072066530726
    </ns3:Speed><nax:Nax>
      <nax:Pace>
      49.58735289442894
    </nax:Pace><nax:Moments>
      <nax:Halt xsi:type="nax:Halt_t" action="auto_pause">
      
    </nax:Halt>
    </nax:Moments>
    </nax:Nax>
    </TPX>
    </Extensions>
    </Trackpoint>
<Trackpoint>
      <Time>
      2022-11-17T00:43:24.844Z
    </Time><Cadence>
      0
    </Cadence><SensorState>
      Present
    </SensorState><Extensions>
      <TPX xmlns="http://www.garmin.com/xmlschemas/ActivityExtension/v2">
      <nax:Nax>
      <nax:Moments>
      <nax:Halt xsi:type="nax:Halt_t" action="auto_pause">
      
    </nax:Halt>
    </nax:Moments>
    </nax:Nax>
    </TPX>
    </Extensions>
    </Trackpoint>
<Trackpoint>
      <Time>
      2022-11-17T00:43:26.999Z
    </Time><Position>
      <LatitudeDegrees>
      47.429075424586415
    </LatitudeDegrees><LongitudeDegrees>
      -122.29033991925243
    </LongitudeDegrees>
    </Position><AltitudeMeters>
      111.70050272811204
    </AltitudeMeters><SensorState>
      Present
    </SensorState><Extensions>
      <TPX xmlns="http://www.garmin.com/xmlschemas/ActivityExtension/v2">
      <nax:Nax>
      <nax:Moments>
      <nax:Halt xsi:type="nax:Halt_t" action="auto_pause">
      
    </nax:Halt>
    </nax:Moments>
    </nax:Nax>
    </TPX>
    </Extensions>
    </Trackpoint>
<Trackpoint>
      <Time>
      2022-11-17T00:43:27.408Z
    </Time><SensorState>
      Present
    </SensorState><Extensions>
      <TPX xmlns="http://www.garmin.com/xmlschemas/ActivityExtension/v2">
      <ns3:Speed>
      0
    </ns3:Speed><nax:Nax>
      <nax:Moments>
      <nax:Halt xsi:type="nax:Halt_t" action="auto_pause">
      
    </nax:Halt>
    </nax:Moments>
    </nax:Nax>
    </TPX>
    </Extensions>
    </Trackpoint>
<Trackpoint>
      <Time>
      2022-11-17T00:43:27.409Z
    </Time><DistanceMeters>
      4.077721414156258
    </DistanceMeters><Cadence>
      0
    </Cadence><SensorState>
      Present
    </SensorState><Extensions>
      <TPX xmlns="http://www.garmin.com/xmlschemas/ActivityExtension/v2">
      <nax:Nax>
      <nax:Moments>
      <nax:Halt xsi:type="nax:Halt_t" action="auto_pause">
      
    </nax:Halt>
    </nax:Moments>
    </nax:Nax>
    </TPX>
    </Extensions>
    </Trackpoint>
<Trackpoint>
      <Time>
      2022-11-17T00:43:29.000Z
    </Time><SensorState>
      Present
    </SensorState><Extensions>
      <TPX xmlns="http://www.garmin.com/xmlschemas/ActivityExtension/v2">
      <nax:Nax>
      <nax:NikeFuel>
      2.1406198075531586
    </nax:NikeFuel><nax:Moments>
      <nax:Halt xsi:type="nax:Halt_t" action="auto_pause">
      
    </nax:Halt>
    </nax:Moments>
    </nax:Nax>
    </TPX>
    </Extensions>
    </Trackpoint>
<Trackpoint>
      <Time>
      2022-11-17T00:43:29.975Z
    </Time><DistanceMeters>
      4.560256068594754
    </DistanceMeters><SensorState>
      Present
    </SensorState><Extensions>
      <TPX xmlns="http://www.garmin.com/xmlschemas/ActivityExtension/v2">
      <ns3:Speed>
      0
    </ns3:Speed><nax:Nax>
      <nax:Moments>
      <nax:Halt xsi:type="nax:Halt_t" action="auto_pause">
      
    </nax:Halt>
    </nax:Moments>
    </nax:Nax>
    </TPX>
    </Extensions>
    </Trackpoint>
<Trackpoint>
      <Time>
      2022-11-17T00:43:29.976Z
    </Time><Cadence>
      0
    </Cadence><SensorState>
      Present
    </SensorState><Extensions>
      <TPX xmlns="http://www.garmin.com/xmlschemas/ActivityExtension/v2">
      <nax:Nax>
      <nax:Moments>
      <nax:Halt xsi:type="nax:Halt_t" action="auto_pause">
      
    </nax:Halt>
    </nax:Moments>
    </nax:Nax>
    </TPX>
    </Extensions>
    </Trackpoint>
<Trackpoint>
      <Time>
      2022-11-17T00:43:31.152Z
    </Time><HeartRateBpm>
      <Value>
      131
    </Value>
    </HeartRateBpm><SensorState>
      Present
    </SensorState><Extensions>
      <TPX xmlns="http://www.garmin.com/xmlschemas/ActivityExtension/v2">
      <nax:Nax>
      <nax:Moments>
      <nax:Halt xsi:type="nax:Halt_t" action="auto_pause">
      
    </nax:Halt>
    </nax:Moments>
    </nax:Nax>
    </TPX>
    </Extensions>
    </Trackpoint>
<Trackpoint>
      <Time>
      2022-11-17T00:43:31.999Z
    </Time><Position>
      <LatitudeDegrees>
      47.42901033841527
    </LatitudeDegrees><LongitudeDegrees>
      -122.29043195817718
    </LongitudeDegrees>
    </Position><AltitudeMeters>
      110.70187811832875
    </AltitudeMeters><SensorState>
      Present
    </SensorState><Extensions>
      <TPX xmlns="http://www.garmin.com/xmlschemas/ActivityExtension/v2">
      <nax:Nax>
      <nax:Moments>
      <nax:Halt xsi:type="nax:Halt_t" action="auto_pause">
      
    </nax:Halt>
    </nax:Moments>
    </nax:Nax>
    </TPX>
    </Extensions>
    </Trackpoint>
<Trackpoint>
      <Time>
      2022-11-17T00:43:32.541Z
    </Time><DistanceMeters>
      5.641481354832649
    </DistanceMeters><SensorState>
      Present
    </SensorState><Extensions>
      <TPX xmlns="http://www.garmin.com/xmlschemas/ActivityExtension/v2">
      <ns3:Speed>
      0
    </ns3:Speed><nax:Nax>
      <nax:Moments>
      <nax:Halt xsi:type="nax:Halt_t" action="auto_pause">
      
    </nax:Halt>
    </nax:Moments>
    </nax:Nax>
    </TPX>
    </Extensions>
    </Trackpoint>
<Trackpoint>
      <Time>
      2022-11-17T00:43:32.542Z
    </Time><Cadence>
      167.62418746948242
    </Cadence><SensorState>
      Present
    </SensorState><Extensions>
      <TPX xmlns="http://www.garmin.com/xmlschemas/ActivityExtension/v2">
      <nax:Nax>
      <nax:Moments>
      <nax:Halt xsi:type="nax:Halt_t" action="auto_pause">
      
    </nax:Halt>
    </nax:Moments>
    </nax:Nax>
    </TPX>
    </Extensions>
    </Trackpoint>
<Trackpoint>
      <Time>
      2022-11-17T00:43:35.106Z
    </Time><DistanceMeters>
      4.198908867314458
    </DistanceMeters><SensorState>
      Present
    </SensorState><Extensions>
      <TPX xmlns="http://www.garmin.com/xmlschemas/ActivityExtension/v2">
      <ns3:Speed>
      2.1911708962488508
    </ns3:Speed><nax:Nax>
      <nax:Pace>
      7.606283332440646
    </nax:Pace><nax:Moments>
      <nax:Halt xsi:type="nax:Halt_t" action="auto_pause">
      
    </nax:Halt>
    </nax:Moments>
    </nax:Nax>
    </TPX>
    </Extensions>
    </Trackpoint>
<Trackpoint>
      <Time>
      2022-11-17T00:43:35.107Z
    </Time><Cadence>
      166.95682525634766
    </Cadence><SensorState>
      Present
    </SensorState><Extensions>
      <TPX xmlns="http://www.garmin.com/xmlschemas/ActivityExtension/v2">
      <nax:Nax>
      <nax:Moments>
      <nax:Halt xsi:type="nax:Halt_t" action="auto_pause">
      
    </nax:Halt>
    </nax:Moments>
    </nax:Nax>
    </TPX>
    </Extensions>
    </Trackpoint>
<Trackpoint>
      <Time>
      2022-11-17T00:43:35.108Z
    </Time><SensorState>
      Present
    </SensorState><Extensions>
      <TPX xmlns="http://www.garmin.com/xmlschemas/ActivityExtension/v2">
      <nax:Nax>
      <nax:Moments>
      <nax:Halt xsi:type="nax:Halt_t" action="auto_pause">
      
    </nax:Halt>
    </nax:Moments>
    </nax:Nax>
    </TPX>
    </Extensions>
    </Trackpoint>
<Trackpoint>
      <Time>
      2022-11-17T00:43:37.672Z
    </Time><DistanceMeters>
      5.538795629981905
    </DistanceMeters><SensorState>
      Present
    </SensorState><Extensions>
      <TPX xmlns="http://www.garmin.com/xmlschemas/ActivityExtension/v2">
      <ns3:Speed>
      2.1549647487428025
    </ns3:Speed><nax:Nax>
      <nax:Pace>
      7.734078562718918
    </nax:Pace><nax:Moments>
      <nax:Halt xsi:type="nax:Halt_t" action="auto_pause">
      
    </nax:Halt>
    </nax:Moments>
    </nax:Nax>
    </TPX>
    </Extensions>
    </Trackpoint>
<Trackpoint>
      <Time>
      2022-11-17T00:43:37.673Z
    </Time><Cadence>
      168.41949462890625
    </Cadence><SensorState>
      Present
    </SensorState><Extensions>
      <TPX xmlns="http://www.garmin.com/xmlschemas/ActivityExtension/v2">
      <nax:Nax>
      <nax:Moments>
      <nax:Halt xsi:type="nax:Halt_t" action="auto_pause">
      
    </nax:Halt>
    </nax:Moments>
    </nax:Nax>
    </TPX>
    </Extensions>
    </Trackpoint>
<Trackpoint>
      <Time>
      2022-11-17T00:43:37.999Z
    </Time><Position>
      <LatitudeDegrees>
      47.428955424015335
    </LatitudeDegrees><LongitudeDegrees>
      -122.29055506173822
    </LongitudeDegrees>
    </Position><AltitudeMeters>
      110.6450978005305
    </AltitudeMeters><SensorState>
      Present
    </SensorState><Extensions>
      <TPX xmlns="http://www.garmin.com/xmlschemas/ActivityExtension/v2">
      <nax:Nax>
      <nax:Moments>
      <nax:Halt xsi:type="nax:Halt_t" action="auto_pause">
      
    </nax:Halt>
    </nax:Moments>
    </nax:Nax>
    </TPX>
    </Extensions>
    </Trackpoint>
<Trackpoint>
      <Time>
      2022-11-17T00:43:38.152Z
    </Time><HeartRateBpm>
      <Value>
      138
    </Value>
    </HeartRateBpm><SensorState>
      Present
    </SensorState><Extensions>
      <TPX xmlns="http://www.garmin.com/xmlschemas/ActivityExtension/v2">
      <nax:Nax>
      <nax:Moments>
      <nax:Halt xsi:type="nax:Halt_t" action="auto_pause">
      
    </nax:Halt>
    </nax:Moments>
    </nax:Nax>
    </TPX>
    </Extensions>
    </Trackpoint>
<Trackpoint>
      <Time>
      2022-11-17T00:43:39.000Z
    </Time><SensorState>
      Present
    </SensorState><Extensions>
      <TPX xmlns="http://www.garmin.com/xmlschemas/ActivityExtension/v2">
      <nax:Nax>
      <nax:NikeFuel>
      5.537551511923429
    </nax:NikeFuel><nax:Moments>
      <nax:Halt xsi:type="nax:Halt_t" action="auto_pause">
      
    </nax:Halt>
    </nax:Moments>
    </nax:Nax>
    </TPX>
    </Extensions>
    </Trackpoint>
<Trackpoint>
      <Time>
      2022-11-17T00:43:40.152Z
    </Time><HeartRateBpm>
      <Value>
      140
    </Value>
    </HeartRateBpm><SensorState>
      Present
    </SensorState><Extensions>
      <TPX xmlns="http://www.garmin.com/xmlschemas/ActivityExtension/v2">
      <nax:Nax>
      <nax:Moments>
      <nax:Halt xsi:type="nax:Halt_t" action="auto_pause">
      
    </nax:Halt>
    </nax:Moments>
    </nax:Nax>
    </TPX>
    </Extensions>
    </Trackpoint>
<Trackpoint>
      <Time>
      2022-11-17T00:43:40.238Z
    </Time><DistanceMeters>
      5.628346265759319
    </DistanceMeters><SensorState>
      Present
    </SensorState><Extensions>
      <TPX xmlns="http://www.garmin.com/xmlschemas/ActivityExtension/v2">
      <ns3:Speed>
      2.1395971385441404
    </ns3:Speed><nax:Nax>
      <nax:Pace>
      7.789628414817974
    </nax:Pace><nax:Moments>
      <nax:Halt xsi:type="nax:Halt_t" action="auto_pause">
      
    </nax:Halt>
    </nax:Moments>
    </nax:Nax>
    </TPX>
    </Extensions>
    </Trackpoint>
<Trackpoint>
      <Time>
      2022-11-17T00:43:40.239Z
    </Time><Cadence>
      168.68488311767578
    </Cadence><SensorState>
      Present
    </SensorState><Extensions>
      <TPX xmlns="http://www.garmin.com/xmlschemas/ActivityExtension/v2">
      <nax:Nax>
      <nax:Moments>
      <nax:Halt xsi:type="nax:Halt_t" action="auto_pause">
      
    </nax:Halt>
    </nax:Moments>
    </nax:Nax>
    </TPX>
    </Extensions>
    </Trackpoint>
<Trackpoint>
      <Time>
      2022-11-17T00:43:42.795Z
    </Time><SensorState>
      Present
    </SensorState><Extensions>
      <TPX xmlns="http://www.garmin.com/xmlschemas/ActivityExtension/v2">
      <ns3:Speed>
      2.1508354970858146
    </ns3:Speed><nax:Nax>
      <nax:Pace>
      7.748926726032036
    </nax:Pace><nax:Moments>
      <nax:Halt xsi:type="nax:Halt_t" action="auto_pause">
      
    </nax:Halt>
    </nax:Moments>
    </nax:Nax>
    </TPX>
    </Extensions>
    </Trackpoint>
<Trackpoint>
      <Time>
      2022-11-17T00:43:42.796Z
    </Time><DistanceMeters>
      5.049429788254201
    </DistanceMeters><Cadence>
      168.87933254241943
    </Cadence><SensorState>
      Present
    </SensorState><Extensions>
      <TPX xmlns="http://www.garmin.com/xmlschemas/ActivityExtension/v2">
      <nax:Nax>
      <nax:Moments>
      <nax:Halt xsi:type="nax:Halt_t" action="auto_pause">
      
    </nax:Halt>
    </nax:Moments>
    </nax:Nax>
    </TPX>
    </Extensions>
    </Trackpoint>
<Trackpoint>
      <Time>
      2022-11-17T00:43:42.999Z
    </Time><Position>
      <LatitudeDegrees>
      47.42891346089619
    </LatitudeDegrees><LongitudeDegrees>
      -122.29069209819086
    </LongitudeDegrees>
    </Position><AltitudeMeters>
      110.49166363663971
    </AltitudeMeters><SensorState>
      Present
    </SensorState><Extensions>
      <TPX xmlns="http://www.garmin.com/xmlschemas/ActivityExtension/v2">
      <nax:Nax>
      <nax:Moments>
      <nax:Halt xsi:type="nax:Halt_t" action="auto_pause">
      
    </nax:Halt>
    </nax:Moments>
    </nax:Nax>
    </TPX>
    </Extensions>
    </Trackpoint>
<Trackpoint>
      <Time>
      2022-11-17T00:43:44.152Z
    </Time><HeartRateBpm>
      <Value>
      142
    </Value>
    </HeartRateBpm><SensorState>
      Present
    </SensorState><Extensions>
      <TPX xmlns="http://www.garmin.com/xmlschemas/ActivityExtension/v2">
      <nax:Nax>
      <nax:Moments>
      <nax:Halt xsi:type="nax:Halt_t" action="auto_pause">
      
    </nax:Halt>
    </nax:Moments>
    </nax:Nax>
    </TPX>
    </Extensions>
    </Trackpoint>
<Trackpoint>
      <Time>
      2022-11-17T00:43:45.350Z
    </Time><DistanceMeters>
      6.669441864825785
    </DistanceMeters><SensorState>
      Present
    </SensorState><Extensions>
      <TPX xmlns="http://www.garmin.com/xmlschemas/ActivityExtension/v2">
      <ns3:Speed>
      2.165935227006762
    </ns3:Speed><nax:Nax>
      <nax:Pace>
      7.694905396455161
    </nax:Pace><nax:Moments>
      <nax:Halt xsi:type="nax:Halt_t" action="auto_pause">
      
    </nax:Halt>
    </nax:Moments>
    </nax:Nax>
    </TPX>
    </Extensions>
    </Trackpoint>
<Trackpoint>
      <Time>
      2022-11-17T00:43:45.351Z
    </Time><Cadence>
      170.05070686340332
    </Cadence><SensorState>
      Present
    </SensorState><Extensions>
      <TPX xmlns="http://www.garmin.com/xmlschemas/ActivityExtension/v2">
      <nax:Nax>
      <nax:Moments>
      <nax:Halt xsi:type="nax:Halt_t" action="auto_pause">
      
    </nax:Halt>
    </nax:Moments>
    </nax:Nax>
    </TPX>
    </Extensions>
    </Trackpoint>
<Trackpoint>
      <Time>
      2022-11-17T00:43:47.905Z
    </Time><SensorState>
      Present
    </SensorState><Extensions>
      <TPX xmlns="http://www.garmin.com/xmlschemas/ActivityExtension/v2">
      <ns3:Speed>
      2.2002375470614832
    </ns3:Speed><nax:Nax>
      <nax:Pace>
      7.574939664549291
    </nax:Pace><nax:Moments>
      <nax:Halt xsi:type="nax:Halt_t" action="auto_pause">
      
    </nax:Halt>
    </nax:Moments>
    </nax:Nax>
    </TPX>
    </Extensions>
    </Trackpoint>
<Trackpoint>
      <Time>
      2022-11-17T00:43:47.906Z
    </Time><DistanceMeters>
      6.543050030246377
    </DistanceMeters><Cadence>
      170.75853824615479
    </Cadence><SensorState>
      Present
    </SensorState><Extensions>
      <TPX xmlns="http://www.garmin.com/xmlschemas/ActivityExtension/v2">
      <nax:Nax>
      <nax:Moments>
      <nax:Halt xsi:type="nax:Halt_t" action="auto_pause">
      
    </nax:Halt>
    </nax:Moments>
    </nax:Nax>
    </TPX>
    </Extensions>
    </Trackpoint>
<Trackpoint>
      <Time>
      2022-11-17T00:43:47.999Z
    </Time><Position>
      <LatitudeDegrees>
      47.42886662546982
    </LatitudeDegrees><LongitudeDegrees>
      -122.29081994603447
    </LongitudeDegrees>
    </Position><AltitudeMeters>
      110.2795519605279
    </AltitudeMeters><SensorState>
      Present
    </SensorState><Extensions>
      <TPX xmlns="http://www.garmin.com/xmlschemas/ActivityExtension/v2">
      <nax:Nax>
      <nax:DescentInMeters>
      1.176737460463002
    </nax:DescentInMeters><nax:Moments>
      <nax:Halt xsi:type="nax:Halt_t" action="auto_pause">
      
    </nax:Halt>
    </nax:Moments>
    </nax:Nax>
    </TPX>
    </Extensions>
    </Trackpoint>
<Trackpoint>
      <Time>
      2022-11-17T00:43:49.000Z
    </Time><SensorState>
      Present
    </SensorState><Extensions>
      <TPX xmlns="http://www.garmin.com/xmlschemas/ActivityExtension/v2">
      <nax:Nax>
      <nax:NikeFuel>
      5.799468334508074
    </nax:NikeFuel><nax:Moments>
      <nax:Halt xsi:type="nax:Halt_t" action="auto_pause">
      
    </nax:Halt>
    </nax:Moments>
    </nax:Nax>
    </TPX>
    </Extensions>
    </Trackpoint>
<Trackpoint>
      <Time>
      2022-11-17T00:43:49.152Z
    </Time><HeartRateBpm>
      <Value>
      146
    </Value>
    </HeartRateBpm><SensorState>
      Present
    </SensorState><Extensions>
      <TPX xmlns="http://www.garmin.com/xmlschemas/ActivityExtension/v2">
      <nax:Nax>
      <nax:Moments>
      <nax:Halt xsi:type="nax:Halt_t" action="auto_pause">
      
    </nax:Halt>
    </nax:Moments>
    </nax:Nax>
    </TPX>
    </Extensions>
    </Trackpoint>
<Trackpoint>
      <Time>
      2022-11-17T00:43:50.460Z
    </Time><SensorState>
      Present
    </SensorState><Extensions>
      <TPX xmlns="http://www.garmin.com/xmlschemas/ActivityExtension/v2">
      <ns3:Speed>
      2.216992743562811
    </ns3:Speed><nax:Nax>
      <nax:Pace>
      7.517691122381642
    </nax:Pace><nax:Moments>
      <nax:Halt xsi:type="nax:Halt_t" action="auto_pause">
      
    </nax:Halt>
    </nax:Moments>
    </nax:Nax>
    </TPX>
    </Extensions>
    </Trackpoint>
<Trackpoint>
      <Time>
      2022-11-17T00:43:50.461Z
    </Time><DistanceMeters>
      5.697409893851727
    </DistanceMeters><Cadence>
      171.22474193572998
    </Cadence><SensorState>
      Present
    </SensorState><Extensions>
      <TPX xmlns="http://www.garmin.com/xmlschemas/ActivityExtension/v2">
      <nax:Nax>
      <nax:Moments>
      <nax:Halt xsi:type="nax:Halt_t" action="auto_pause">
      
    </nax:Halt>
    </nax:Moments>
    </nax:Nax>
    </TPX>
    </Extensions>
    </Trackpoint>
<Trackpoint>
      <Time>
      2022-11-17T00:43:52.999Z
    </Time><Position>
      <LatitudeDegrees>
      47.42884232719291
    </LatitudeDegrees><LongitudeDegrees>
      -122.29097834474065
    </LongitudeDegrees>
    </Position><AltitudeMeters>
      109.32389736175537
    </AltitudeMeters><SensorState>
      Present
    </SensorState><Extensions>
      <TPX xmlns="http://www.garmin.com/xmlschemas/ActivityExtension/v2">
      <nax:Nax>
      <nax:Moments>
      <nax:Halt xsi:type="nax:Halt_t" action="auto_pause">
      
    </nax:Halt>
    </nax:Moments>
    </nax:Nax>
    </TPX>
    </Extensions>
    </Trackpoint>
<Trackpoint>
      <Time>
      2022-11-17T00:43:53.015Z
    </Time><SensorState>
      Present
    </SensorState><Extensions>
      <TPX xmlns="http://www.garmin.com/xmlschemas/ActivityExtension/v2">
      <ns3:Speed>
      2.2178995776058454
    </ns3:Speed><nax:Nax>
      <nax:Pace>
      7.514617359122194
    </nax:Pace><nax:Moments>
      <nax:Halt xsi:type="nax:Halt_t" action="auto_pause">
      
    </nax:Halt>
    </nax:Moments>
    </nax:Nax>
    </TPX>
    </Extensions>
    </Trackpoint>
<Trackpoint>
      <Time>
      2022-11-17T00:43:53.016Z
    </Time><DistanceMeters>
      5.454564680811018
    </DistanceMeters><Cadence>
      171.35620594024658
    </Cadence><SensorState>
      Present
    </SensorState><Extensions>
      <TPX xmlns="http://www.garmin.com/xmlschemas/ActivityExtension/v2">
      <nax:Nax>
      <nax:Moments>
      <nax:Halt xsi:type="nax:Halt_t" action="auto_pause">
      
    </nax:Halt>
    </nax:Moments>
    </nax:Nax>
    </TPX>
    </Extensions>
    </Trackpoint>
<Trackpoint>
      <Time>
      2022-11-17T00:43:55.570Z
    </Time><SensorState>
      Present
    </SensorState><Extensions>
      <TPX xmlns="http://www.garmin.com/xmlschemas/ActivityExtension/v2">
      <ns3:Speed>
      2.22005831511057
    </ns3:Speed><nax:Nax>
      <nax:Pace>
      7.507310304971239
    </nax:Pace><nax:Moments>
      <nax:Halt xsi:type="nax:Halt_t" action="auto_pause">
      
    </nax:Halt>
    </nax:Moments>
    </nax:Nax>
    </TPX>
    </Extensions>
    </Trackpoint>
<Trackpoint>
      <Time>
      2022-11-17T00:43:55.571Z
    </Time><DistanceMeters>
      4.478112410288304
    </DistanceMeters><Cadence>
      171.32872581481934
    </Cadence><SensorState>
      Present
    </SensorState><Extensions>
      <TPX xmlns="http://www.garmin.com/xmlschemas/ActivityExtension/v2">
      <nax:Nax>
      <nax:Moments>
      <nax:Halt xsi:type="nax:Halt_t" action="auto_pause">
      
    </nax:Halt>
    </nax:Moments>
    </nax:Nax>
    </TPX>
    </Extensions>
    </Trackpoint>
<Trackpoint>
      <Time>
      2022-11-17T00:43:57.999Z
    </Time><Position>
      <LatitudeDegrees>
      47.42883169189144
    </LatitudeDegrees><LongitudeDegrees>
      -122.29111016551656
    </LongitudeDegrees>
    </Position><AltitudeMeters>
      106.94155681319535
    </AltitudeMeters><SensorState>
      Present
    </SensorState><Extensions>
      <TPX xmlns="http://www.garmin.com/xmlschemas/ActivityExtension/v2">
      <nax:Nax>
      <nax:Moments>
      <nax:Halt xsi:type="nax:Halt_t" action="auto_pause">
      
    </nax:Halt>
    </nax:Moments>
    </nax:Nax>
    </TPX>
    </Extensions>
    </Trackpoint>
<Trackpoint>
      <Time>
      2022-11-17T00:43:58.126Z
    </Time><DistanceMeters>
      6.435329807922244
    </DistanceMeters><SensorState>
      Present
    </SensorState><Extensions>
      <TPX xmlns="http://www.garmin.com/xmlschemas/ActivityExtension/v2">
      <ns3:Speed>
      2.201820476578807
    </ns3:Speed><nax:Nax>
      <nax:Pace>
      7.569493900140017
    </nax:Pace><nax:Moments>
      <nax:Halt xsi:type="nax:Halt_t" action="auto_pause">
      
    </nax:Halt>
    </nax:Moments>
    </nax:Nax>
    </TPX>
    </Extensions>
    </Trackpoint>
<Trackpoint>
      <Time>
      2022-11-17T00:43:58.127Z
    </Time><Cadence>
      171.18414402008057
    </Cadence><SensorState>
      Present
    </SensorState><Extensions>
      <TPX xmlns="http://www.garmin.com/xmlschemas/ActivityExtension/v2">
      <nax:Nax>
      <nax:Moments>
      <nax:Halt xsi:type="nax:Halt_t" action="auto_pause">
      
    </nax:Halt>
    </nax:Moments>
    </nax:Nax>
    </TPX>
    </Extensions>
    </Trackpoint>
<Trackpoint>
      <Time>
      2022-11-17T00:43:59.000Z
    </Time><SensorState>
      Present
    </SensorState><Extensions>
      <TPX xmlns="http://www.garmin.com/xmlschemas/ActivityExtension/v2">
      <nax:Nax>
      <nax:NikeFuel>
      5.921081985103396
    </nax:NikeFuel><nax:Moments>
      <nax:Halt xsi:type="nax:Halt_t" action="auto_pause">
      
    </nax:Halt>
    </nax:Moments>
    </nax:Nax>
    </TPX>
    </Extensions>
    </Trackpoint>
<Trackpoint>
      <Time>
      2022-11-17T00:44:00.679Z
    </Time><DistanceMeters>
      5.936229863204062
    </DistanceMeters><SensorState>
      Present
    </SensorState><Extensions>
      <TPX xmlns="http://www.garmin.com/xmlschemas/ActivityExtension/v2">
      <ns3:Speed>
      2.2216314005709443
    </ns3:Speed><nax:Nax>
      <nax:Pace>
      7.501994553364454
    </nax:Pace><nax:Moments>
      <nax:Halt xsi:type="nax:Halt_t" action="auto_pause">
      
    </nax:Halt>
    </nax:Moments>
    </nax:Nax>
    </TPX>
    </Extensions>
    </Trackpoint>
<Trackpoint>
      <Time>
      2022-11-17T00:44:00.680Z
    </Time><Cadence>
      171.2371301651001
    </Cadence><SensorState>
      Present
    </SensorState><Extensions>
      <TPX xmlns="http://www.garmin.com/xmlschemas/ActivityExtension/v2">
      <nax:Nax>
      <nax:Moments>
      <nax:Halt xsi:type="nax:Halt_t" action="auto_pause">
      
    </nax:Halt>
    </nax:Moments>
    </nax:Nax>
    </TPX>
    </Extensions>
    </Trackpoint>
<Trackpoint>
      <Time>
      2022-11-17T00:44:00.681Z
    </Time><SensorState>
      Present
    </SensorState><Extensions>
      <TPX xmlns="http://www.garmin.com/xmlschemas/ActivityExtension/v2">
      <nax:Nax>
      <nax:Moments>
      <nax:Halt xsi:type="nax:Halt_t" action="auto_pause">
      
    </nax:Halt>
    </nax:Moments>
    </nax:Nax>
    </TPX>
    </Extensions>
    </Trackpoint>
<Trackpoint>
      <Time>
      2022-11-17T00:44:03.000Z
    </Time><Position>
      <LatitudeDegrees>
      47.42883628283515
    </LatitudeDegrees><LongitudeDegrees>
      -122.29126328089075
    </LongitudeDegrees>
    </Position><AltitudeMeters>
      107.68327215407044
    </AltitudeMeters><SensorState>
      Present
    </SensorState><Extensions>
      <TPX xmlns="http://www.garmin.com/xmlschemas/ActivityExtension/v2">
      <nax:Nax>
      <nax:DescentInMeters>
      1.1229550953850946
    </nax:DescentInMeters><nax:Moments>
      <nax:Halt xsi:type="nax:Halt_t" action="auto_pause">
      
    </nax:Halt>
    </nax:Moments>
    </nax:Nax>
    </TPX>
    </Extensions>
    </Trackpoint>
<Trackpoint>
      <Time>
      2022-11-17T00:44:03.234Z
    </Time><SensorState>
      Present
    </SensorState><Extensions>
      <TPX xmlns="http://www.garmin.com/xmlschemas/ActivityExtension/v2">
      <ns3:Speed>
      2.2285643267126276
    </ns3:Speed><nax:Nax>
      <nax:Pace>
      7.47865631110222
    </nax:Pace><nax:Moments>
      <nax:Halt xsi:type="nax:Halt_t" action="auto_pause">
      
    </nax:Halt>
    </nax:Moments>
    </nax:Nax>
    </TPX>
    </Extensions>
    </Trackpoint>
<Trackpoint>
      <Time>
      2022-11-17T00:44:03.235Z
    </Time><DistanceMeters>
      6.603357097133994
    </DistanceMeters><Cadence>
      171.2248134613037
    </Cadence><SensorState>
      Present
    </SensorState><Extensions>
      <TPX xmlns="http://www.garmin.com/xmlschemas/ActivityExtension/v2">
      <nax:Nax>
      <nax:Moments>
      <nax:Halt xsi:type="nax:Halt_t" action="auto_pause">
      
    </nax:Halt>
    </nax:Moments>
    </nax:Nax>
    </TPX>
    </Extensions>
    </Trackpoint>
<Trackpoint>
      <Time>
      2022-11-17T00:44:05.789Z
    </Time><SensorState>
      Present
    </SensorState><Extensions>
      <TPX xmlns="http://www.garmin.com/xmlschemas/ActivityExtension/v2">
      <ns3:Speed>
      2.248341503682524
    </ns3:Speed><nax:Nax>
      <nax:Pace>
      7.41287150522667
    </nax:Pace><nax:Moments>
      <nax:Halt xsi:type="nax:Halt_t" action="auto_pause">
      
    </nax:Halt>
    </nax:Moments>
    </nax:Nax>
    </TPX>
    </Extensions>
    </Trackpoint>
<Trackpoint>
      <Time>
      2022-11-17T00:44:05.790Z
    </Time><DistanceMeters>
      5.52427744679153
    </DistanceMeters><Cadence>
      171.40564441680908
    </Cadence><SensorState>
      Present
    </SensorState><Extensions>
      <TPX xmlns="http://www.garmin.com/xmlschemas/ActivityExtension/v2">
      <nax:Nax>
      <nax:Moments>
      <nax:Halt xsi:type="nax:Halt_t" action="auto_pause">
      
    </nax:Halt>
    </nax:Moments>
    </nax:Nax>
    </TPX>
    </Extensions>
    </Trackpoint>
<Trackpoint>
      <Time>
      2022-11-17T00:44:08.000Z
    </Time><Position>
      <LatitudeDegrees>
      47.42884105057506
    </LatitudeDegrees><LongitudeDegrees>
      -122.29142416027689
    </LongitudeDegrees>
    </Position><AltitudeMeters>
      106.83987097721547
    </AltitudeMeters><SensorState>
      Present
    </SensorState><Extensions>
      <TPX xmlns="http://www.garmin.com/xmlschemas/ActivityExtension/v2">
      <nax:Nax>
      <nax:Moments>
      <nax:Halt xsi:type="nax:Halt_t" action="auto_pause">
      
    </nax:Halt>
    </nax:Moments>
    </nax:Nax>
    </TPX>
    </Extensions>
    </Trackpoint>
<Trackpoint>
      <Time>
      2022-11-17T00:44:08.347Z
    </Time><SensorState>
      Present
    </SensorState><Extensions>
      <TPX xmlns="http://www.garmin.com/xmlschemas/ActivityExtension/v2">
      <ns3:Speed>
      2.260249427650258
    </ns3:Speed><nax:Nax>
      <nax:Pace>
      7.373817448100512
    </nax:Pace><nax:Moments>
      <nax:Halt xsi:type="nax:Halt_t" action="auto_pause">
      
    </nax:Halt>
    </nax:Moments>
    </nax:Nax>
    </TPX>
    </Extensions>
    </Trackpoint>
<Trackpoint>
      <Time>
      2022-11-17T00:44:08.348Z
    </Time><DistanceMeters>
      6.24734898051247
    </DistanceMeters><Cadence>
      171.60996437072754
    </Cadence><SensorState>
      Present
    </SensorState><Extensions>
      <TPX xmlns="http://www.garmin.com/xmlschemas/ActivityExtension/v2">
      <nax:Nax>
      <nax:Moments>
      <nax:Halt xsi:type="nax:Halt_t" action="auto_pause">
      
    </nax:Halt>
    </nax:Moments>
    </nax:Nax>
    </TPX>
    </Extensions>
    </Trackpoint>
<Trackpoint>
      <Time>
      2022-11-17T00:44:09.000Z
    </Time><SensorState>
      Present
    </SensorState><Extensions>
      <TPX xmlns="http://www.garmin.com/xmlschemas/ActivityExtension/v2">
      <nax:Nax>
      <nax:NikeFuel>
      5.991448573518186
    </nax:NikeFuel><nax:Moments>
      <nax:Halt xsi:type="nax:Halt_t" action="auto_pause">
      
    </nax:Halt>
    </nax:Moments>
    </nax:Nax>
    </TPX>
    </Extensions>
    </Trackpoint>
<Trackpoint>
      <Time>
      2022-11-17T00:44:10.899Z
    </Time><SensorState>
      Present
    </SensorState><Extensions>
      <TPX xmlns="http://www.garmin.com/xmlschemas/ActivityExtension/v2">
      <ns3:Speed>
      2.26916296710907
    </ns3:Speed><nax:Nax>
      <nax:Pace>
      7.344852224474702
    </nax:Pace><nax:Moments>
      <nax:Halt xsi:type="nax:Halt_t" action="auto_pause">
      
    </nax:Halt>
    </nax:Moments>
    </nax:Nax>
    </TPX>
    </Extensions>
    </Trackpoint>
<Trackpoint>
      <Time>
      2022-11-17T00:44:10.900Z
    </Time><DistanceMeters>
      5.229399743489921
    </DistanceMeters><Cadence>
      171.74517631530762
    </Cadence><SensorState>
      Present
    </SensorState><Extensions>
      <TPX xmlns="http://www.garmin.com/xmlschemas/ActivityExtension/v2">
      <nax:Nax>
      <nax:Moments>
      <nax:Halt xsi:type="nax:Halt_t" action="auto_pause">
      
    </nax:Halt>
    </nax:Moments>
    </nax:Nax>
    </TPX>
    </Extensions>
    </Trackpoint>
<Trackpoint>
      <Time>
      2022-11-17T00:44:13.000Z
    </Time><Position>
      <LatitudeDegrees>
      47.42884735792168
    </LatitudeDegrees><LongitudeDegrees>
      -122.29156913911476
    </LongitudeDegrees>
    </Position><AltitudeMeters>
      107.38112040702254
    </AltitudeMeters><SensorState>
      Present
    </SensorState><Extensions>
      <TPX xmlns="http://www.garmin.com/xmlschemas/ActivityExtension/v2">
      <nax:Nax>
      <nax:Moments>
      <nax:Halt xsi:type="nax:Halt_t" action="auto_pause">
      
    </nax:Halt>
    </nax:Moments>
    </nax:Nax>
    </TPX>
    </Extensions>
    </Trackpoint>
<Trackpoint>
      <Time>
      2022-11-17T00:44:13.454Z
    </Time><SensorState>
      Present
    </SensorState><Extensions>
      <TPX xmlns="http://www.garmin.com/xmlschemas/ActivityExtension/v2">
      <ns3:Speed>
      2.2707260107353915
    </ns3:Speed><nax:Nax>
      <nax:Pace>
      7.339796429807506
    </nax:Pace><nax:Moments>
      <nax:Halt xsi:type="nax:Halt_t" action="auto_pause">
      
    </nax:Halt>
    </nax:Moments>
    </nax:Nax>
    </TPX>
    </Extensions>
    </Trackpoint>
<Trackpoint>
      <Time>
      2022-11-17T00:44:13.455Z
    </Time><DistanceMeters>
      4.772229547612369
    </DistanceMeters><Cadence>
      171.5489101409912
    </Cadence><SensorState>
      Present
    </SensorState><Extensions>
      <TPX xmlns="http://www.garmin.com/xmlschemas/ActivityExtension/v2">
      <nax:Nax>
      <nax:Moments>
      <nax:Halt xsi:type="nax:Halt_t" action="auto_pause">
      
    </nax:Halt>
    </nax:Moments>
    </nax:Nax>
    </TPX>
    </Extensions>
    </Trackpoint>
<Trackpoint>
      <Time>
      2022-11-17T00:44:16.009Z
    </Time><SensorState>
      Present
    </SensorState><Extensions>
      <TPX xmlns="http://www.garmin.com/xmlschemas/ActivityExtension/v2">
      <ns3:Speed>
      2.2689023330848044
    </ns3:Speed><nax:Nax>
      <nax:Pace>
      7.3456959445260175
    </nax:Pace><nax:Moments>
      <nax:Halt xsi:type="nax:Halt_t" action="auto_pause">
      
    </nax:Halt>
    </nax:Moments>
    </nax:Nax>
    </TPX>
    </Extensions>
    </Trackpoint>
<Trackpoint>
      <Time>
      2022-11-17T00:44:16.010Z
    </Time><DistanceMeters>
      5.120137718040496
    </DistanceMeters><Cadence>
      171.5489101409912
    </Cadence><SensorState>
      Present
    </SensorState><Extensions>
      <TPX xmlns="http://www.garmin.com/xmlschemas/ActivityExtension/v2">
      <nax:Nax>
      <nax:Moments>
      <nax:Halt xsi:type="nax:Halt_t" action="auto_pause">
      
    </nax:Halt>
    </nax:Moments>
    </nax:Nax>
    </TPX>
    </Extensions>
    </Trackpoint>
<Trackpoint>
      <Time>
      2022-11-17T00:44:18.564Z
    </Time><SensorState>
      Present
    </SensorState><Extensions>
      <TPX xmlns="http://www.garmin.com/xmlschemas/ActivityExtension/v2">
      <ns3:Speed>
      2.2656822994582195
    </ns3:Speed><nax:Nax>
      <nax:Pace>
      7.356135796555447
    </nax:Pace><nax:Moments>
      <nax:Halt xsi:type="nax:Halt_t" action="auto_pause">
      
    </nax:Halt>
    </nax:Moments>
    </nax:Nax>
    </TPX>
    </Extensions>
    </Trackpoint>
<Trackpoint>
      <Time>
      2022-11-17T00:44:18.565Z
    </Time><DistanceMeters>
      3.3607827252708375
    </DistanceMeters><Cadence>
      171.5489101409912
    </Cadence><SensorState>
      Present
    </SensorState><Extensions>
      <TPX xmlns="http://www.garmin.com/xmlschemas/ActivityExtension/v2">
      <nax:Nax>
      <nax:Moments>
      <nax:Halt xsi:type="nax:Halt_t" action="auto_pause">
      
    </nax:Halt>
    </nax:Moments>
    </nax:Nax>
    </TPX>
    </Extensions>
    </Trackpoint>
<Trackpoint>
      <Time>
      2022-11-17T00:44:19.000Z
    </Time><Position>
      <LatitudeDegrees>
      47.42886257375793
    </LatitudeDegrees><LongitudeDegrees>
      -122.29170809208262
    </LongitudeDegrees>
    </Position><AltitudeMeters>
      107.5316532580182
    </AltitudeMeters><SensorState>
      Present
    </SensorState><Extensions>
      <TPX xmlns="http://www.garmin.com/xmlschemas/ActivityExtension/v2">
      <nax:Nax>
      <nax:NikeFuel>
      5.895352549865543
    </nax:NikeFuel><nax:Moments>
      <nax:Halt xsi:type="nax:Halt_t" action="auto_pause">
      
    </nax:Halt>
    </nax:Moments>
    </nax:Nax>
    </TPX>
    </Extensions>
    </Trackpoint>
<Trackpoint>
      <Time>
      2022-11-17T00:44:21.119Z
    </Time><SensorState>
      Present
    </SensorState><Extensions>
      <TPX xmlns="http://www.garmin.com/xmlschemas/ActivityExtension/v2">
      <ns3:Speed>
      2.257365258105535
    </ns3:Speed><nax:Nax>
      <nax:Pace>
      7.383238758912217
    </nax:Pace><nax:Moments>
      <nax:Halt xsi:type="nax:Halt_t" action="auto_pause">
      
    </nax:Halt>
    </nax:Moments>
    </nax:Nax>
    </TPX>
    </Extensions>
    </Trackpoint>
<Trackpoint>
      <Time>
      2022-11-17T00:44:21.120Z
    </Time><DistanceMeters>
      2.14173868810758
    </DistanceMeters><Cadence>
      171.5489101409912
    </Cadence><SensorState>
      Present
    </SensorState><Extensions>
      <TPX xmlns="http://www.garmin.com/xmlschemas/ActivityExtension/v2">
      <nax:Nax>
      <nax:Moments>
      <nax:Halt xsi:type="nax:Halt_t" action="auto_pause">
      
    </nax:Halt>
    </nax:Moments>
    </nax:Nax>
    </TPX>
    </Extensions>
    </Trackpoint>
<Trackpoint>
      <Time>
      2022-11-17T00:44:23.673Z
    </Time><SensorState>
      Present
    </SensorState><Extensions>
      <TPX xmlns="http://www.garmin.com/xmlschemas/ActivityExtension/v2">
      <ns3:Speed>
      2.243144315178017
    </ns3:Speed><nax:Nax>
      <nax:Pace>
      7.43004654399331
    </nax:Pace><nax:Moments>
      <nax:Halt xsi:type="nax:Halt_t" action="auto_pause">
      
    </nax:Halt>
    </nax:Moments>
    </nax:Nax>
    </TPX>
    </Extensions>
    </Trackpoint>
<Trackpoint>
      <Time>
      2022-11-17T00:44:23.674Z
    </Time><DistanceMeters>
      3.2065840852446854
    </DistanceMeters><Cadence>
      171.5489101409912
    </Cadence><SensorState>
      Present
    </SensorState><Extensions>
      <TPX xmlns="http://www.garmin.com/xmlschemas/ActivityExtension/v2">
      <nax:Nax>
      <nax:Moments>
      <nax:Halt xsi:type="nax:Halt_t" action="auto_pause">
      
    </nax:Halt>
    </nax:Moments>
    </nax:Nax>
    </TPX>
    </Extensions>
    </Trackpoint>
<Trackpoint>
      <Time>
      2022-11-17T00:44:23.675Z
    </Time><SensorState>
      Present
    </SensorState><Extensions>
      <TPX xmlns="http://www.garmin.com/xmlschemas/ActivityExtension/v2">
      <nax:Nax>
      <nax:Moments>
      <nax:Halt xsi:type="nax:Halt_t" action="auto_pause">
      
    </nax:Halt>
    </nax:Moments>
    </nax:Nax>
    </TPX>
    </Extensions>
    </Trackpoint>
<Trackpoint>
      <Time>
      2022-11-17T00:44:26.239Z
    </Time><SensorState>
      Present
    </SensorState><Extensions>
      <TPX xmlns="http://www.garmin.com/xmlschemas/ActivityExtension/v2">
      <ns3:Speed>
      2.225397400913787
    </ns3:Speed><nax:Nax>
      <nax:Pace>
      7.4892990617419795
    </nax:Pace><nax:Moments>
      <nax:Halt xsi:type="nax:Halt_t" action="auto_pause">
      
    </nax:Halt>
    </nax:Moments>
    </nax:Nax>
    </TPX>
    </Extensions>
    </Trackpoint>
<Trackpoint>
      <Time>
      2022-11-17T00:44:26.240Z
    </Time><DistanceMeters>
      2.664422449655831
    </DistanceMeters><Cadence>
      171.5489101409912
    </Cadence><SensorState>
      Present
    </SensorState><Extensions>
      <TPX xmlns="http://www.garmin.com/xmlschemas/ActivityExtension/v2">
      <nax:Nax>
      <nax:Moments>
      <nax:Halt xsi:type="nax:Halt_t" action="auto_pause">
      
    </nax:Halt>
    </nax:Moments>
    </nax:Nax>
    </TPX>
    </Extensions>
    </Trackpoint>
<Trackpoint>
      <Time>
      2022-11-17T00:44:28.804Z
    </Time><DistanceMeters>
      2.2686502588912845
    </DistanceMeters><SensorState>
      Present
    </SensorState><Extensions>
      <TPX xmlns="http://www.garmin.com/xmlschemas/ActivityExtension/v2">
      <ns3:Speed>
      2.2041421022506613
    </ns3:Speed><nax:Nax>
      <nax:Pace>
      7.5615209426144725
    </nax:Pace><nax:Moments>
      <nax:Halt xsi:type="nax:Halt_t" action="auto_pause">
      
    </nax:Halt>
    </nax:Moments>
    </nax:Nax>
    </TPX>
    </Extensions>
    </Trackpoint>
<Trackpoint>
      <Time>
      2022-11-17T00:44:28.805Z
    </Time><Cadence>
      171.5489101409912
    </Cadence><SensorState>
      Present
    </SensorState><Extensions>
      <TPX xmlns="http://www.garmin.com/xmlschemas/ActivityExtension/v2">
      <nax:Nax>
      <nax:Moments>
      <nax:Halt xsi:type="nax:Halt_t" action="auto_pause">
      
    </nax:Halt>
    </nax:Moments>
    </nax:Nax>
    </TPX>
    </Extensions>
    </Trackpoint>
<Trackpoint>
      <Time>
      2022-11-17T00:44:28.806Z
    </Time><SensorState>
      Present
    </SensorState><Extensions>
      <TPX xmlns="http://www.garmin.com/xmlschemas/ActivityExtension/v2">
      <nax:Nax>
      <nax:Moments>
      <nax:Halt xsi:type="nax:Halt_t" action="auto_pause">
      
    </nax:Halt>
    </nax:Moments>
    </nax:Nax>
    </TPX>
    </Extensions>
    </Trackpoint>
<Trackpoint>
      <Time>
      2022-11-17T00:44:29.000Z
    </Time><Position>
      <LatitudeDegrees>
      47.42885528369998
    </LatitudeDegrees><LongitudeDegrees>
      -122.29184238338831
    </LongitudeDegrees>
    </Position><AltitudeMeters>
      107.05615445878357
    </AltitudeMeters><SensorState>
      Present
    </SensorState><Extensions>
      <TPX xmlns="http://www.garmin.com/xmlschemas/ActivityExtension/v2">
      <nax:Nax>
      <nax:NikeFuel>
      2.6894002521365374
    </nax:NikeFuel><nax:DescentInMeters>
      1.3522528691631237
    </nax:DescentInMeters><nax:Moments>
      <nax:Halt xsi:type="nax:Halt_t" action="auto_pause">
      
    </nax:Halt>
    </nax:Moments>
    </nax:Nax>
    </TPX>
    </Extensions>
    </Trackpoint>
<Trackpoint>
      <Time>
      2022-11-17T00:44:31.370Z
    </Time><DistanceMeters>
      1.8869573967531323
    </DistanceMeters><SensorState>
      Present
    </SensorState><Extensions>
      <TPX xmlns="http://www.garmin.com/xmlschemas/ActivityExtension/v2">
      <ns3:Speed>
      2.180132931763809
    </ns3:Speed><nax:Nax>
      <nax:Pace>
      7.644793775571617
    </nax:Pace><nax:Moments>
      <nax:Halt xsi:type="nax:Halt_t" action="auto_pause">
      
    </nax:Halt>
    </nax:Moments>
    </nax:Nax>
    </TPX>
    </Extensions>
    </Trackpoint>
<Trackpoint>
      <Time>
      2022-11-17T00:44:31.371Z
    </Time><Cadence>
      110.86422443389893
    </Cadence><SensorState>
      Present
    </SensorState><Extensions>
      <TPX xmlns="http://www.garmin.com/xmlschemas/ActivityExtension/v2">
      <nax:Nax>
      <nax:Moments>
      <nax:Halt xsi:type="nax:Halt_t" action="auto_pause">
      
    </nax:Halt>
    </nax:Moments>
    </nax:Nax>
    </TPX>
    </Extensions>
    </Trackpoint>
<Trackpoint>
      <Time>
      2022-11-17T00:44:31.372Z
    </Time><SensorState>
      Present
    </SensorState><Extensions>
      <TPX xmlns="http://www.garmin.com/xmlschemas/ActivityExtension/v2">
      <nax:Nax>
      <nax:Moments>
      <nax:Halt xsi:type="nax:Halt_t" action="auto_pause">
      
    </nax:Halt>
    </nax:Moments>
    </nax:Nax>
    </TPX>
    </Extensions>
    </Trackpoint>
<Trackpoint>
      <Time>
      2022-11-17T00:44:33.152Z
    </Time><HeartRateBpm>
      <Value>
      139
    </Value>
    </HeartRateBpm><SensorState>
      Present
    </SensorState><Extensions>
      <TPX xmlns="http://www.garmin.com/xmlschemas/ActivityExtension/v2">
      <nax:Nax>
      <nax:Moments>
      <nax:Halt xsi:type="nax:Halt_t" action="auto_pause">
      
    </nax:Halt>
    </nax:Moments>
    </nax:Nax>
    </TPX>
    </Extensions>
    </Trackpoint>
<Trackpoint>
      <Time>
      2022-11-17T00:44:33.936Z
    </Time><SensorState>
      Present
    </SensorState><Extensions>
      <TPX xmlns="http://www.garmin.com/xmlschemas/ActivityExtension/v2">
      <ns3:Speed>
      1.1818332051046836
    </ns3:Speed><nax:Nax>
      <nax:Pace>
      14.10238483288374
    </nax:Pace><nax:Moments>
      <nax:Halt xsi:type="nax:Halt_t" action="auto_pause">
      
    </nax:Halt>
    </nax:Moments>
    </nax:Nax>
    </TPX>
    </Extensions>
    </Trackpoint>
<Trackpoint>
      <Time>
      2022-11-17T00:44:33.937Z
    </Time><DistanceMeters>
      3.8450970160774887
    </DistanceMeters><Cadence>
      110.86422443389893
    </Cadence><SensorState>
      Present
    </SensorState><Extensions>
      <TPX xmlns="http://www.garmin.com/xmlschemas/ActivityExtension/v2">
      <nax:Nax>
      <nax:Moments>
      <nax:Halt xsi:type="nax:Halt_t" action="auto_pause">
      
    </nax:Halt>
    </nax:Moments>
    </nax:Nax>
    </TPX>
    </Extensions>
    </Trackpoint>
<Trackpoint>
      <Time>
      2022-11-17T00:44:36.501Z
    </Time><DistanceMeters>
      3.28011560998857
    </DistanceMeters><SensorState>
      Present
    </SensorState><Extensions>
      <TPX xmlns="http://www.garmin.com/xmlschemas/ActivityExtension/v2">
      <ns3:Speed>
      1.1818332051046836
    </ns3:Speed><nax:Nax>
      <nax:Pace>
      14.10238483288374
    </nax:Pace><nax:Moments>
      <nax:Halt xsi:type="nax:Halt_t" action="auto_pause">
      
    </nax:Halt>
    </nax:Moments>
    </nax:Nax>
    </TPX>
    </Extensions>
    </Trackpoint>
<Trackpoint>
      <Time>
      2022-11-17T00:44:36.502Z
    </Time><Cadence>
      109.93389844894409
    </Cadence><SensorState>
      Present
    </SensorState><Extensions>
      <TPX xmlns="http://www.garmin.com/xmlschemas/ActivityExtension/v2">
      <nax:Nax>
      <nax:Moments>
      <nax:Halt xsi:type="nax:Halt_t" action="auto_pause">
      
    </nax:Halt>
    </nax:Moments>
    </nax:Nax>
    </TPX>
    </Extensions>
    </Trackpoint>
<Trackpoint>
      <Time>
      2022-11-17T00:44:38.000Z
    </Time><Position>
      <LatitudeDegrees>
      47.428888942791275
    </LatitudeDegrees><LongitudeDegrees>
      -122.29196686721707
    </LongitudeDegrees>
    </Position><AltitudeMeters>
      106.95683200377971
    </AltitudeMeters><SensorState>
      Present
    </SensorState><Extensions>
      <TPX xmlns="http://www.garmin.com/xmlschemas/ActivityExtension/v2">
      <nax:Nax>
      <nax:Moments>
      <nax:Halt xsi:type="nax:Halt_t" action="auto_pause">
      
    </nax:Halt>
    </nax:Moments>
    </nax:Nax>
    </TPX>
    </Extensions>
    </Trackpoint>
<Trackpoint>
      <Time>
      2022-11-17T00:44:38.152Z
    </Time><HeartRateBpm>
      <Value>
      137
    </Value>
    </HeartRateBpm><SensorState>
      Present
    </SensorState><Extensions>
      <TPX xmlns="http://www.garmin.com/xmlschemas/ActivityExtension/v2">
      <nax:Nax>
      <nax:Moments>
      <nax:Halt xsi:type="nax:Halt_t" action="auto_pause">
      
    </nax:Halt>
    </nax:Moments>
    </nax:Nax>
    </TPX>
    </Extensions>
    </Trackpoint>
<Trackpoint>
      <Time>
      2022-11-17T00:44:39.000Z
    </Time><SensorState>
      Present
    </SensorState><Extensions>
      <TPX xmlns="http://www.garmin.com/xmlschemas/ActivityExtension/v2">
      <nax:Nax>
      <nax:NikeFuel>
      2.07978154957101
    </nax:NikeFuel><nax:Moments>
      <nax:Halt xsi:type="nax:Halt_t" action="auto_pause">
      
    </nax:Halt>
    </nax:Moments>
    </nax:Nax>
    </TPX>
    </Extensions>
    </Trackpoint>
<Trackpoint>
      <Time>
      2022-11-17T00:44:39.066Z
    </Time><SensorState>
      Present
    </SensorState><Extensions>
      <TPX xmlns="http://www.garmin.com/xmlschemas/ActivityExtension/v2">
      <ns3:Speed>
      1.1564756738640283
    </ns3:Speed><nax:Nax>
      <nax:Pace>
      14.411601595544013
    </nax:Pace><nax:Moments>
      <nax:Halt xsi:type="nax:Halt_t" action="auto_pause">
      
    </nax:Halt>
    </nax:Moments>
    </nax:Nax>
    </TPX>
    </Extensions>
    </Trackpoint>
<Trackpoint>
      <Time>
      2022-11-17T00:44:39.067Z
    </Time><DistanceMeters>
      2.1511103068478405
    </DistanceMeters><Cadence>
      109.93389844894409
    </Cadence><SensorState>
      Present
    </SensorState><Extensions>
      <TPX xmlns="http://www.garmin.com/xmlschemas/ActivityExtension/v2">
      <nax:Nax>
      <nax:Moments>
      <nax:Halt xsi:type="nax:Halt_t" action="auto_pause">
      
    </nax:Halt>
    </nax:Moments>
    </nax:Nax>
    </TPX>
    </Extensions>
    </Trackpoint>
<Trackpoint>
      <Time>
      2022-11-17T00:44:41.631Z
    </Time><SensorState>
      Present
    </SensorState><Extensions>
      <TPX xmlns="http://www.garmin.com/xmlschemas/ActivityExtension/v2">
      <ns3:Speed>
      1.1564756738640283
    </ns3:Speed><nax:Nax>
      <nax:Pace>
      14.411601595544013
    </nax:Pace><nax:Moments>
      <nax:Halt xsi:type="nax:Halt_t" action="auto_pause">
      
    </nax:Halt>
    </nax:Moments>
    </nax:Nax>
    </TPX>
    </Extensions>
    </Trackpoint>
<Trackpoint>
      <Time>
      2022-11-17T00:44:41.632Z
    </Time><DistanceMeters>
      2.296430879738182
    </DistanceMeters><Cadence>
      109.93389844894409
    </Cadence><SensorState>
      Present
    </SensorState><Extensions>
      <TPX xmlns="http://www.garmin.com/xmlschemas/ActivityExtension/v2">
      <nax:Nax>
      <nax:Moments>
      <nax:Halt xsi:type="nax:Halt_t" action="auto_pause">
      
    </nax:Halt>
    </nax:Moments>
    </nax:Nax>
    </TPX>
    </Extensions>
    </Trackpoint>
<Trackpoint>
      <Time>
      2022-11-17T00:44:43.152Z
    </Time><HeartRateBpm>
      <Value>
      137
    </Value>
    </HeartRateBpm><SensorState>
      Present
    </SensorState><Extensions>
      <TPX xmlns="http://www.garmin.com/xmlschemas/ActivityExtension/v2">
      <nax:Nax>
      <nax:Moments>
      <nax:Halt xsi:type="nax:Halt_t" action="auto_pause">
      
    </nax:Halt>
    </nax:Moments>
    </nax:Nax>
    </TPX>
    </Extensions>
    </Trackpoint>
<Trackpoint>
      <Time>
      2022-11-17T00:44:44.196Z
    </Time><SensorState>
      Present
    </SensorState><Extensions>
      <TPX xmlns="http://www.garmin.com/xmlschemas/ActivityExtension/v2">
      <ns3:Speed>
      1.1564756738640283
    </ns3:Speed><nax:Nax>
      <nax:Pace>
      14.411601595544013
    </nax:Pace><nax:Moments>
      <nax:Halt xsi:type="nax:Halt_t" action="auto_pause">
      
    </nax:Halt>
    </nax:Moments>
    </nax:Nax>
    </TPX>
    </Extensions>
    </Trackpoint>
<Trackpoint>
      <Time>
      2022-11-17T00:44:44.197Z
    </Time><DistanceMeters>
      1.793196326121688
    </DistanceMeters><Cadence>
      98.15505981445312
    </Cadence><SensorState>
      Present
    </SensorState><Extensions>
      <TPX xmlns="http://www.garmin.com/xmlschemas/ActivityExtension/v2">
      <nax:Nax>
      <nax:Moments>
      <nax:Halt xsi:type="nax:Halt_t" action="auto_pause">
      
    </nax:Halt>
    </nax:Moments>
    </nax:Nax>
    </TPX>
    </Extensions>
    </Trackpoint>
<Trackpoint>
      <Time>
      2022-11-17T00:44:46.152Z
    </Time><HeartRateBpm>
      <Value>
      136
    </Value>
    </HeartRateBpm><SensorState>
      Present
    </SensorState><Extensions>
      <TPX xmlns="http://www.garmin.com/xmlschemas/ActivityExtension/v2">
      <nax:Nax>
      <nax:Moments>
      <nax:Halt xsi:type="nax:Halt_t" action="auto_pause">
      
    </nax:Halt>
    </nax:Moments>
    </nax:Nax>
    </TPX>
    </Extensions>
    </Trackpoint>
<Trackpoint>
      <Time>
      2022-11-17T00:44:46.762Z
    </Time><SensorState>
      Present
    </SensorState><Extensions>
      <TPX xmlns="http://www.garmin.com/xmlschemas/ActivityExtension/v2">
      <ns3:Speed>
      0.6868856655769533
    </ns3:Speed><nax:Nax>
      <nax:Pace>
      24.264106097872066
    </nax:Pace><nax:Moments>
      <nax:Halt xsi:type="nax:Halt_t" action="auto_pause">
      
    </nax:Halt>
    </nax:Moments>
    </nax:Nax>
    </TPX>
    </Extensions>
    </Trackpoint>
<Trackpoint>
      <Time>
      2022-11-17T00:44:46.763Z
    </Time><DistanceMeters>
      1.2616805788129568
    </DistanceMeters><Cadence>
      98.15505981445312
    </Cadence><SensorState>
      Present
    </SensorState><Extensions>
      <TPX xmlns="http://www.garmin.com/xmlschemas/ActivityExtension/v2">
      <nax:Nax>
      <nax:Moments>
      <nax:Halt xsi:type="nax:Halt_t" action="auto_pause">
      
    </nax:Halt>
    </nax:Moments>
    </nax:Nax>
    </TPX>
    </Extensions>
    </Trackpoint>
<Trackpoint>
      <Time>
      2022-11-17T00:44:49.000Z
    </Time><SensorState>
      Present
    </SensorState><Extensions>
      <TPX xmlns="http://www.garmin.com/xmlschemas/ActivityExtension/v2">
      <nax:Nax>
      <nax:NikeFuel>
      1.7022893870035651
    </nax:NikeFuel><nax:Moments>
      <nax:Halt xsi:type="nax:Halt_t" action="auto_pause">
      
    </nax:Halt>
    </nax:Moments>
    </nax:Nax>
    </TPX>
    </Extensions>
    </Trackpoint>
<Trackpoint>
      <Time>
      2022-11-17T00:44:49.152Z
    </Time><HeartRateBpm>
      <Value>
      133
    </Value>
    </HeartRateBpm><SensorState>
      Present
    </SensorState><Extensions>
      <TPX xmlns="http://www.garmin.com/xmlschemas/ActivityExtension/v2">
      <nax:Nax>
      <nax:Moments>
      <nax:Halt xsi:type="nax:Halt_t" action="auto_pause">
      
    </nax:Halt>
    </nax:Moments>
    </nax:Nax>
    </TPX>
    </Extensions>
    </Trackpoint>
<Trackpoint>
      <Time>
      2022-11-17T00:44:49.327Z
    </Time><SensorState>
      Present
    </SensorState><Extensions>
      <TPX xmlns="http://www.garmin.com/xmlschemas/ActivityExtension/v2">
      <ns3:Speed>
      0.6868856655769533
    </ns3:Speed><nax:Nax>
      <nax:Pace>
      24.264106097872066
    </nax:Pace><nax:Moments>
      <nax:Halt xsi:type="nax:Halt_t" action="auto_pause">
      
    </nax:Halt>
    </nax:Moments>
    </nax:Nax>
    </TPX>
    </Extensions>
    </Trackpoint>
<Trackpoint>
      <Time>
      2022-11-17T00:44:49.328Z
    </Time><DistanceMeters>
      3.238487971946597
    </DistanceMeters><Cadence>
      98.15505981445312
    </Cadence><SensorState>
      Present
    </SensorState><Extensions>
      <TPX xmlns="http://www.garmin.com/xmlschemas/ActivityExtension/v2">
      <nax:Nax>
      <nax:Moments>
      <nax:Halt xsi:type="nax:Halt_t" action="auto_pause">
      
    </nax:Halt>
    </nax:Moments>
    </nax:Nax>
    </TPX>
    </Extensions>
    </Trackpoint>
<Trackpoint>
      <Time>
      2022-11-17T00:44:50.000Z
    </Time><Position>
      <LatitudeDegrees>
      47.428877575999884
    </LatitudeDegrees><LongitudeDegrees>
      -122.29210216544138
    </LongitudeDegrees>
    </Position><AltitudeMeters>
      107.74396169371903
    </AltitudeMeters><SensorState>
      Present
    </SensorState><Extensions>
      <TPX xmlns="http://www.garmin.com/xmlschemas/ActivityExtension/v2">
      <nax:Nax>
      <nax:Moments>
      <nax:Halt xsi:type="nax:Halt_t" action="auto_pause">
      
    </nax:Halt>
    </nax:Moments>
    </nax:Nax>
    </TPX>
    </Extensions>
    </Trackpoint>
<Trackpoint>
      <Time>
      2022-11-17T00:44:51.893Z
    </Time><SensorState>
      Present
    </SensorState><Extensions>
      <TPX xmlns="http://www.garmin.com/xmlschemas/ActivityExtension/v2">
      <ns3:Speed>
      0.6868856655769533
    </ns3:Speed><nax:Nax>
      <nax:Pace>
      24.264106097872066
    </nax:Pace><nax:Moments>
      <nax:Halt xsi:type="nax:Halt_t" action="auto_pause">
      
    </nax:Halt>
    </nax:Moments>
    </nax:Nax>
    </TPX>
    </Extensions>
    </Trackpoint>
<Trackpoint>
      <Time>
      2022-11-17T00:44:51.894Z
    </Time><DistanceMeters>
      2.5857964791357517
    </DistanceMeters><Cadence>
      106.49271011352539
    </Cadence><SensorState>
      Present
    </SensorState><Extensions>
      <TPX xmlns="http://www.garmin.com/xmlschemas/ActivityExtension/v2">
      <nax:Nax>
      <nax:Moments>
      <nax:Halt xsi:type="nax:Halt_t" action="auto_pause">
      
    </nax:Halt>
    </nax:Moments>
    </nax:Nax>
    </TPX>
    </Extensions>
    </Trackpoint>
<Trackpoint>
      <Time>
      2022-11-17T00:44:54.458Z
    </Time><SensorState>
      Present
    </SensorState><Extensions>
      <TPX xmlns="http://www.garmin.com/xmlschemas/ActivityExtension/v2">
      <ns3:Speed>
      0.802359347949149
    </ns3:Speed><nax:Nax>
      <nax:Pace>
      20.772072649576643
    </nax:Pace><nax:Moments>
      <nax:Halt xsi:type="nax:Halt_t" action="auto_pause">
      
    </nax:Halt>
    </nax:Moments>
    </nax:Nax>
    </TPX>
    </Extensions>
    </Trackpoint>
<Trackpoint>
      <Time>
      2022-11-17T00:44:54.459Z
    </Time><DistanceMeters>
      1.3306329939514399
    </DistanceMeters><Cadence>
      106.49271011352539
    </Cadence><SensorState>
      Present
    </SensorState><Extensions>
      <TPX xmlns="http://www.garmin.com/xmlschemas/ActivityExtension/v2">
      <nax:Nax>
      <nax:Moments>
      <nax:Halt xsi:type="nax:Halt_t" action="auto_pause">
      
    </nax:Halt>
    </nax:Moments>
    </nax:Nax>
    </TPX>
    </Extensions>
    </Trackpoint>
<Trackpoint>
      <Time>
      2022-11-17T00:44:55.152Z
    </Time><HeartRateBpm>
      <Value>
      131
    </Value>
    </HeartRateBpm><SensorState>
      Present
    </SensorState><Extensions>
      <TPX xmlns="http://www.garmin.com/xmlschemas/ActivityExtension/v2">
      <nax:Nax>
      <nax:Moments>
      <nax:Halt xsi:type="nax:Halt_t" action="auto_pause">
      
    </nax:Halt>
    </nax:Moments>
    </nax:Nax>
    </TPX>
    </Extensions>
    </Trackpoint>
<Trackpoint>
      <Time>
      2022-11-17T00:44:57.024Z
    </Time><SensorState>
      Present
    </SensorState><Extensions>
      <TPX xmlns="http://www.garmin.com/xmlschemas/ActivityExtension/v2">
      <ns3:Speed>
      0.802359347949149
    </ns3:Speed><nax:Nax>
      <nax:Pace>
      20.772072649576643
    </nax:Pace><nax:Moments>
      <nax:Halt xsi:type="nax:Halt_t" action="auto_pause">
      
    </nax:Halt>
    </nax:Moments>
    </nax:Nax>
    </TPX>
    </Extensions>
    </Trackpoint>
<Trackpoint>
      <Time>
      2022-11-17T00:44:57.025Z
    </Time><DistanceMeters>
      2.9183479817584157
    </DistanceMeters><Cadence>
      106.49271011352539
    </Cadence><SensorState>
      Present
    </SensorState><Extensions>
      <TPX xmlns="http://www.garmin.com/xmlschemas/ActivityExtension/v2">
      <nax:Nax>
      <nax:Moments>
      <nax:Halt xsi:type="nax:Halt_t" action="auto_pause">
      
    </nax:Halt>
    </nax:Moments>
    </nax:Nax>
    </TPX>
    </Extensions>
    </Trackpoint>
<Trackpoint>
      <Time>
      2022-11-17T00:44:59.000Z
    </Time><SensorState>
      Present
    </SensorState><Extensions>
      <TPX xmlns="http://www.garmin.com/xmlschemas/ActivityExtension/v2">
      <nax:Nax>
      <nax:NikeFuel>
      2.002690428197632
    </nax:NikeFuel><nax:Moments>
      <nax:Halt xsi:type="nax:Halt_t" action="auto_pause">
      
    </nax:Halt>
    </nax:Moments>
    </nax:Nax>
    </TPX>
    </Extensions>
    </Trackpoint>
<Trackpoint>
      <Time>
      2022-11-17T00:44:59.590Z
    </Time><SensorState>
      Present
    </SensorState><Extensions>
      <TPX xmlns="http://www.garmin.com/xmlschemas/ActivityExtension/v2">
      <ns3:Speed>
      0.802359347949149
    </ns3:Speed><nax:Nax>
      <nax:Pace>
      20.772072649576643
    </nax:Pace><nax:Moments>
      <nax:Halt xsi:type="nax:Halt_t" action="auto_pause">
      
    </nax:Halt>
    </nax:Moments>
    </nax:Nax>
    </TPX>
    </Extensions>
    </Trackpoint>
<Trackpoint>
      <Time>
      2022-11-17T00:44:59.591Z
    </Time><DistanceMeters>
      1.8214121903292835
    </DistanceMeters><Cadence>
      106.49271011352539
    </Cadence><SensorState>
      Present
    </SensorState><Extensions>
      <TPX xmlns="http://www.garmin.com/xmlschemas/ActivityExtension/v2">
      <nax:Nax>
      <nax:Moments>
      <nax:Halt xsi:type="nax:Halt_t" action="auto_pause">
      
    </nax:Halt>
    </nax:Moments>
    </nax:Nax>
    </TPX>
    </Extensions>
    </Trackpoint>
<Trackpoint>
      <Time>
      2022-11-17T00:45:02.000Z
    </Time><Position>
      <LatitudeDegrees>
      47.42884990743307
    </LatitudeDegrees><LongitudeDegrees>
      -122.2922429470135
    </LongitudeDegrees>
    </Position><AltitudeMeters>
      108.7877842001617
    </AltitudeMeters><SensorState>
      Present
    </SensorState><Extensions>
      <TPX xmlns="http://www.garmin.com/xmlschemas/ActivityExtension/v2">
      <nax:Nax>
      <nax:Moments>
      <nax:Halt xsi:type="nax:Halt_t" action="auto_pause">
      
    </nax:Halt>
    </nax:Moments>
    </nax:Nax>
    </TPX>
    </Extensions>
    </Trackpoint>
<Trackpoint>
      <Time>
      2022-11-17T00:45:02.155Z
    </Time><SensorState>
      Present
    </SensorState><Extensions>
      <TPX xmlns="http://www.garmin.com/xmlschemas/ActivityExtension/v2">
      <ns3:Speed>
      1.1469818037295647
    </ns3:Speed><nax:Nax>
      <nax:Pace>
      14.530890213317049
    </nax:Pace><nax:Moments>
      <nax:Halt xsi:type="nax:Halt_t" action="auto_pause">
      
    </nax:Halt>
    </nax:Moments>
    </nax:Nax>
    </TPX>
    </Extensions>
    </Trackpoint>
<Trackpoint>
      <Time>
      2022-11-17T00:45:02.156Z
    </Time><DistanceMeters>
      3.552229910157621
    </DistanceMeters><Cadence>
      106.49271011352539
    </Cadence><SensorState>
      Present
    </SensorState><Extensions>
      <TPX xmlns="http://www.garmin.com/xmlschemas/ActivityExtension/v2">
      <nax:Nax>
      <nax:Moments>
      <nax:Halt xsi:type="nax:Halt_t" action="auto_pause">
      
    </nax:Halt>
    </nax:Moments>
    </nax:Nax>
    </TPX>
    </Extensions>
    </Trackpoint>
<Trackpoint>
      <Time>
      2022-11-17T00:45:03.152Z
    </Time><HeartRateBpm>
      <Value>
      129
    </Value>
    </HeartRateBpm><SensorState>
      Present
    </SensorState><Extensions>
      <TPX xmlns="http://www.garmin.com/xmlschemas/ActivityExtension/v2">
      <nax:Nax>
      <nax:Moments>
      <nax:Halt xsi:type="nax:Halt_t" action="auto_pause">
      
    </nax:Halt>
    </nax:Moments>
    </nax:Nax>
    </TPX>
    </Extensions>
    </Trackpoint>
<Trackpoint>
      <Time>
      2022-11-17T00:45:04.720Z
    </Time><SensorState>
      Present
    </SensorState><Extensions>
      <TPX xmlns="http://www.garmin.com/xmlschemas/ActivityExtension/v2">
      <ns3:Speed>
      1.1469818037295647
    </ns3:Speed><nax:Nax>
      <nax:Pace>
      14.530890213317049
    </nax:Pace><nax:Moments>
      <nax:Halt xsi:type="nax:Halt_t" action="auto_pause">
      
    </nax:Halt>
    </nax:Moments>
    </nax:Nax>
    </TPX>
    </Extensions>
    </Trackpoint>
<Trackpoint>
      <Time>
      2022-11-17T00:45:04.721Z
    </Time><DistanceMeters>
      2.2117805927991867
    </DistanceMeters><Cadence>
      101.34892702102661
    </Cadence><SensorState>
      Present
    </SensorState><Extensions>
      <TPX xmlns="http://www.garmin.com/xmlschemas/ActivityExtension/v2">
      <nax:Nax>
      <nax:Moments>
      <nax:Halt xsi:type="nax:Halt_t" action="auto_pause">
      
    </nax:Halt>
    </nax:Moments>
    </nax:Nax>
    </TPX>
    </Extensions>
    </Trackpoint>
<Trackpoint>
      <Time>
      2022-11-17T00:45:04.722Z
    </Time><SensorState>
      Present
    </SensorState><Extensions>
      <TPX xmlns="http://www.garmin.com/xmlschemas/ActivityExtension/v2">
      <nax:Nax>
      <nax:Moments>
      <nax:Halt xsi:type="nax:Halt_t" action="auto_pause">
      
    </nax:Halt>
    </nax:Moments>
    </nax:Nax>
    </TPX>
    </Extensions>
    </Trackpoint>
<Trackpoint>
      <Time>
      2022-11-17T00:45:06.152Z
    </Time><HeartRateBpm>
      <Value>
      128
    </Value>
    </HeartRateBpm><SensorState>
      Present
    </SensorState><Extensions>
      <TPX xmlns="http://www.garmin.com/xmlschemas/ActivityExtension/v2">
      <nax:Nax>
      <nax:Moments>
      <nax:Halt xsi:type="nax:Halt_t" action="auto_pause">
      
    </nax:Halt>
    </nax:Moments>
    </nax:Nax>
    </TPX>
    </Extensions>
    </Trackpoint>
<Trackpoint>
      <Time>
      2022-11-17T00:45:07.285Z
    </Time><SensorState>
      Present
    </SensorState><Extensions>
      <TPX xmlns="http://www.garmin.com/xmlschemas/ActivityExtension/v2">
      <ns3:Speed>
      0.8194558117190178
    </ns3:Speed><nax:Nax>
      <nax:Pace>
      20.338700913846807
    </nax:Pace><nax:Moments>
      <nax:Halt xsi:type="nax:Halt_t" action="auto_pause">
      
    </nax:Halt>
    </nax:Moments>
    </nax:Nax>
    </TPX>
    </Extensions>
    </Trackpoint>
<Trackpoint>
      <Time>
      2022-11-17T00:45:07.286Z
    </Time><DistanceMeters>
      2.0389067395590246
    </DistanceMeters><Cadence>
      101.34892702102661
    </Cadence><SensorState>
      Present
    </SensorState><Extensions>
      <TPX xmlns="http://www.garmin.com/xmlschemas/ActivityExtension/v2">
      <nax:Nax>
      <nax:Moments>
      <nax:Halt xsi:type="nax:Halt_t" action="auto_pause">
      
    </nax:Halt>
    </nax:Moments>
    </nax:Nax>
    </TPX>
    </Extensions>
    </Trackpoint>
<Trackpoint>
      <Time>
      2022-11-17T00:45:09.000Z
    </Time><SensorState>
      Present
    </SensorState><Extensions>
      <TPX xmlns="http://www.garmin.com/xmlschemas/ActivityExtension/v2">
      <nax:Nax>
      <nax:NikeFuel>
      1.8083904757846243
    </nax:NikeFuel><nax:Moments>
      <nax:Halt xsi:type="nax:Halt_t" action="auto_pause">
      
    </nax:Halt>
    </nax:Moments>
    </nax:Nax>
    </TPX>
    </Extensions>
    </Trackpoint>
<Trackpoint>
      <Time>
      2022-11-17T00:45:09.850Z
    </Time><DistanceMeters>
      2.0392275024205446
    </DistanceMeters><SensorState>
      Present
    </SensorState><Extensions>
      <TPX xmlns="http://www.garmin.com/xmlschemas/ActivityExtension/v2">
      <ns3:Speed>
      0.8194558117190178
    </ns3:Speed><nax:Nax>
      <nax:Pace>
      20.338700913846807
    </nax:Pace><nax:Moments>
      <nax:Halt xsi:type="nax:Halt_t" action="auto_pause">
      
    </nax:Halt>
    </nax:Moments>
    </nax:Nax>
    </TPX>
    </Extensions>
    </Trackpoint>
<Trackpoint>
      <Time>
      2022-11-17T00:45:09.851Z
    </Time><Cadence>
      101.34892702102661
    </Cadence><SensorState>
      Present
    </SensorState><Extensions>
      <TPX xmlns="http://www.garmin.com/xmlschemas/ActivityExtension/v2">
      <nax:Nax>
      <nax:Moments>
      <nax:Halt xsi:type="nax:Halt_t" action="auto_pause">
      
    </nax:Halt>
    </nax:Moments>
    </nax:Nax>
    </TPX>
    </Extensions>
    </Trackpoint>
<Trackpoint>
      <Time>
      2022-11-17T00:45:09.852Z
    </Time><SensorState>
      Present
    </SensorState><Extensions>
      <TPX xmlns="http://www.garmin.com/xmlschemas/ActivityExtension/v2">
      <nax:Nax>
      <nax:Moments>
      <nax:Halt xsi:type="nax:Halt_t" action="auto_pause">
      
    </nax:Halt>
    </nax:Moments>
    </nax:Nax>
    </TPX>
    </Extensions>
    </Trackpoint>
<Trackpoint>
      <Time>
      2022-11-17T00:45:11.152Z
    </Time><HeartRateBpm>
      <Value>
      129
    </Value>
    </HeartRateBpm><SensorState>
      Present
    </SensorState><Extensions>
      <TPX xmlns="http://www.garmin.com/xmlschemas/ActivityExtension/v2">
      <nax:Nax>
      <nax:Moments>
      <nax:Halt xsi:type="nax:Halt_t" action="auto_pause">
      
    </nax:Halt>
    </nax:Moments>
    </nax:Nax>
    </TPX>
    </Extensions>
    </Trackpoint>
<Trackpoint>
      <Time>
      2022-11-17T00:45:12.416Z
    </Time><DistanceMeters>
      1.5501955654472113
    </DistanceMeters><SensorState>
      Present
    </SensorState><Extensions>
      <TPX xmlns="http://www.garmin.com/xmlschemas/ActivityExtension/v2">
      <ns3:Speed>
      0.8194558117190178
    </ns3:Speed><nax:Nax>
      <nax:Pace>
      20.338700913846807
    </nax:Pace><nax:Moments>
      <nax:Halt xsi:type="nax:Halt_t" action="auto_pause">
      
    </nax:Halt>
    </nax:Moments>
    </nax:Nax>
    </TPX>
    </Extensions>
    </Trackpoint>
<Trackpoint>
      <Time>
      2022-11-17T00:45:12.417Z
    </Time><Cadence>
      101.34892702102661
    </Cadence><SensorState>
      Present
    </SensorState><Extensions>
      <TPX xmlns="http://www.garmin.com/xmlschemas/ActivityExtension/v2">
      <nax:Nax>
      <nax:Moments>
      <nax:Halt xsi:type="nax:Halt_t" action="auto_pause">
      
    </nax:Halt>
    </nax:Moments>
    </nax:Nax>
    </TPX>
    </Extensions>
    </Trackpoint>
<Trackpoint>
      <Time>
      2022-11-17T00:45:14.000Z
    </Time><Position>
      <LatitudeDegrees>
      47.4288330687928
    </LatitudeDegrees><LongitudeDegrees>
      -122.29237417208626
    </LongitudeDegrees>
    </Position><AltitudeMeters>
      108.84145298693329
    </AltitudeMeters><SensorState>
      Present
    </SensorState><Extensions>
      <TPX xmlns="http://www.garmin.com/xmlschemas/ActivityExtension/v2">
      <nax:Nax>
      <nax:Moments>
      <nax:Halt xsi:type="nax:Halt_t" action="auto_pause">
      
    </nax:Halt>
    </nax:Moments>
    </nax:Nax>
    </TPX>
    </Extensions>
    </Trackpoint>
<Trackpoint>
      <Time>
      2022-11-17T00:45:14.981Z
    </Time><DistanceMeters>
      1.859614223241806
    </DistanceMeters><SensorState>
      Present
    </SensorState><Extensions>
      <TPX xmlns="http://www.garmin.com/xmlschemas/ActivityExtension/v2">
      <ns3:Speed>
      0.8194558117190178
    </ns3:Speed><nax:Nax>
      <nax:Pace>
      20.338700913846807
    </nax:Pace><nax:Moments>
      <nax:Halt xsi:type="nax:Halt_t" action="auto_pause">
      
    </nax:Halt>
    </nax:Moments>
    </nax:Nax>
    </TPX>
    </Extensions>
    </Trackpoint>
<Trackpoint>
      <Time>
      2022-11-17T00:45:14.982Z
    </Time><Cadence>
      99.59398984909058
    </Cadence><SensorState>
      Present
    </SensorState><Extensions>
      <TPX xmlns="http://www.garmin.com/xmlschemas/ActivityExtension/v2">
      <nax:Nax>
      <nax:Moments>
      <nax:Halt xsi:type="nax:Halt_t" action="auto_pause">
      
    </nax:Halt>
    </nax:Moments>
    </nax:Nax>
    </TPX>
    </Extensions>
    </Trackpoint>
<Trackpoint>
      <Time>
      2022-11-17T00:45:14.983Z
    </Time><SensorState>
      Present
    </SensorState><Extensions>
      <TPX xmlns="http://www.garmin.com/xmlschemas/ActivityExtension/v2">
      <nax:Nax>
      <nax:Moments>
      <nax:Halt xsi:type="nax:Halt_t" action="auto_pause">
      
    </nax:Halt>
    </nax:Moments>
    </nax:Nax>
    </TPX>
    </Extensions>
    </Trackpoint>
<Trackpoint>
      <Time>
      2022-11-17T00:45:17.547Z
    </Time><DistanceMeters>
      1.844530354719609
    </DistanceMeters><SensorState>
      Present
    </SensorState><Extensions>
      <TPX xmlns="http://www.garmin.com/xmlschemas/ActivityExtension/v2">
      <ns3:Speed>
      0.8511712308376139
    </ns3:Speed><nax:Nax>
      <nax:Pace>
      19.580862302248473
    </nax:Pace><nax:Moments>
      <nax:Halt xsi:type="nax:Halt_t" action="auto_pause">
      
    </nax:Halt>
    </nax:Moments>
    </nax:Nax>
    </TPX>
    </Extensions>
    </Trackpoint>
<Trackpoint>
      <Time>
      2022-11-17T00:45:17.548Z
    </Time><Cadence>
      97.61793851852417
    </Cadence><SensorState>
      Present
    </SensorState><Extensions>
      <TPX xmlns="http://www.garmin.com/xmlschemas/ActivityExtension/v2">
      <nax:Nax>
      <nax:Moments>
      <nax:Halt xsi:type="nax:Halt_t" action="auto_pause">
      
    </nax:Halt>
    </nax:Moments>
    </nax:Nax>
    </TPX>
    </Extensions>
    </Trackpoint>
<Trackpoint>
      <Time>
      2022-11-17T00:45:18.152Z
    </Time><HeartRateBpm>
      <Value>
      128
    </Value>
    </HeartRateBpm><SensorState>
      Present
    </SensorState><Extensions>
      <TPX xmlns="http://www.garmin.com/xmlschemas/ActivityExtension/v2">
      <nax:Nax>
      <nax:Moments>
      <nax:Halt xsi:type="nax:Halt_t" action="auto_pause">
      
    </nax:Halt>
    </nax:Moments>
    </nax:Nax>
    </TPX>
    </Extensions>
    </Trackpoint>
<Trackpoint>
      <Time>
      2022-11-17T00:45:19.000Z
    </Time><SensorState>
      Present
    </SensorState><Extensions>
      <TPX xmlns="http://www.garmin.com/xmlschemas/ActivityExtension/v2">
      <nax:Nax>
      <nax:NikeFuel>
      1.8555436898318174
    </nax:NikeFuel><nax:Moments>
      <nax:Halt xsi:type="nax:Halt_t" action="auto_pause">
      
    </nax:Halt>
    </nax:Moments>
    </nax:Nax>
    </TPX>
    </Extensions>
    </Trackpoint>
<Trackpoint>
      <Time>
      2022-11-17T00:45:20.113Z
    </Time><DistanceMeters>
      3.5311152832582593
    </DistanceMeters><SensorState>
      Present
    </SensorState><Extensions>
      <TPX xmlns="http://www.garmin.com/xmlschemas/ActivityExtension/v2">
      <ns3:Speed>
      0.8464633825787848
    </ns3:Speed><nax:Nax>
      <nax:Pace>
      19.689766869644135
    </nax:Pace><nax:Moments>
      <nax:Halt xsi:type="nax:Halt_t" action="auto_pause">
      
    </nax:Halt>
    </nax:Moments>
    </nax:Nax>
    </TPX>
    </Extensions>
    </Trackpoint>
<Trackpoint>
      <Time>
      2022-11-17T00:45:20.114Z
    </Time><Cadence>
      97.61793851852417
    </Cadence><SensorState>
      Present
    </SensorState><Extensions>
      <TPX xmlns="http://www.garmin.com/xmlschemas/ActivityExtension/v2">
      <nax:Nax>
      <nax:Moments>
      <nax:Halt xsi:type="nax:Halt_t" action="auto_pause">
      
    </nax:Halt>
    </nax:Moments>
    </nax:Nax>
    </TPX>
    </Extensions>
    </Trackpoint>
<Trackpoint>
      <Time>
      2022-11-17T00:45:20.152Z
    </Time><HeartRateBpm>
      <Value>
      127
    </Value>
    </HeartRateBpm><SensorState>
      Present
    </SensorState><Extensions>
      <TPX xmlns="http://www.garmin.com/xmlschemas/ActivityExtension/v2">
      <nax:Nax>
      <nax:Moments>
      <nax:Halt xsi:type="nax:Halt_t" action="auto_pause">
      
    </nax:Halt>
    </nax:Moments>
    </nax:Nax>
    </TPX>
    </Extensions>
    </Trackpoint>
<Trackpoint>
      <Time>
      2022-11-17T00:45:22.678Z
    </Time><SensorState>
      Present
    </SensorState><Extensions>
      <TPX xmlns="http://www.garmin.com/xmlschemas/ActivityExtension/v2">
      <ns3:Speed>
      0.8577125203950443
    </ns3:Speed><nax:Nax>
      <nax:Pace>
      19.431530111033414
    </nax:Pace><nax:Moments>
      <nax:Halt xsi:type="nax:Halt_t" action="auto_pause">
      
    </nax:Halt>
    </nax:Moments>
    </nax:Nax>
    </TPX>
    </Extensions>
    </Trackpoint>
<Trackpoint>
      <Time>
      2022-11-17T00:45:22.679Z
    </Time><DistanceMeters>
      2.2381124887615442
    </DistanceMeters><Cadence>
      98.47289085388184
    </Cadence><SensorState>
      Present
    </SensorState><Extensions>
      <TPX xmlns="http://www.garmin.com/xmlschemas/ActivityExtension/v2">
      <nax:Nax>
      <nax:Moments>
      <nax:Halt xsi:type="nax:Halt_t" action="auto_pause">
      
    </nax:Halt>
    </nax:Moments>
    </nax:Nax>
    </TPX>
    </Extensions>
    </Trackpoint>
<Trackpoint>
      <Time>
      2022-11-17T00:45:24.999Z
    </Time><Position>
      <LatitudeDegrees>
      47.42881165212948
    </LatitudeDegrees><LongitudeDegrees>
      -122.29250657975447
    </LongitudeDegrees>
    </Position><AltitudeMeters>
      108.80289382953197
    </AltitudeMeters><SensorState>
      Present
    </SensorState><Extensions>
      <TPX xmlns="http://www.garmin.com/xmlschemas/ActivityExtension/v2">
      <nax:Nax>
      <nax:Moments>
      <nax:Halt xsi:type="nax:Halt_t" action="auto_pause">
      
    </nax:Halt>
    </nax:Moments>
    </nax:Nax>
    </TPX>
    </Extensions>
    </Trackpoint>
<Trackpoint>
      <Time>
      2022-11-17T00:45:25.244Z
    </Time><SensorState>
      Present
    </SensorState><Extensions>
      <TPX xmlns="http://www.garmin.com/xmlschemas/ActivityExtension/v2">
      <ns3:Speed>
      0.869167075304384
    </ns3:Speed><nax:Nax>
      <nax:Pace>
      19.175446401751895
    </nax:Pace><nax:Moments>
      <nax:Halt xsi:type="nax:Halt_t" action="auto_pause">
      
    </nax:Halt>
    </nax:Moments>
    </nax:Nax>
    </TPX>
    </Extensions>
    </Trackpoint>
<Trackpoint>
      <Time>
      2022-11-17T00:45:25.245Z
    </Time><DistanceMeters>
      3.0723405769094825
    </DistanceMeters><Cadence>
      100.23082494735718
    </Cadence><SensorState>
      Present
    </SensorState><Extensions>
      <TPX xmlns="http://www.garmin.com/xmlschemas/ActivityExtension/v2">
      <nax:Nax>
      <nax:Moments>
      <nax:Halt xsi:type="nax:Halt_t" action="auto_pause">
      
    </nax:Halt>
    </nax:Moments>
    </nax:Nax>
    </TPX>
    </Extensions>
    </Trackpoint>
<Trackpoint>
      <Time>
      2022-11-17T00:45:27.810Z
    </Time><DistanceMeters>
      2.5887769032269716
    </DistanceMeters><SensorState>
      Present
    </SensorState><Extensions>
      <TPX xmlns="http://www.garmin.com/xmlschemas/ActivityExtension/v2">
      <ns3:Speed>
      0.883319600500208
    </ns3:Speed><nax:Nax>
      <nax:Pace>
      18.868217865004503
    </nax:Pace><nax:Moments>
      <nax:Halt xsi:type="nax:Halt_t" action="auto_pause">
      
    </nax:Halt>
    </nax:Moments>
    </nax:Nax>
    </TPX>
    </Extensions>
    </Trackpoint>
<Trackpoint>
      <Time>
      2022-11-17T00:45:27.811Z
    </Time><Cadence>
      100.23082494735718
    </Cadence><SensorState>
      Present
    </SensorState><Extensions>
      <TPX xmlns="http://www.garmin.com/xmlschemas/ActivityExtension/v2">
      <nax:Nax>
      <nax:Moments>
      <nax:Halt xsi:type="nax:Halt_t" action="auto_pause">
      
    </nax:Halt>
    </nax:Moments>
    </nax:Nax>
    </TPX>
    </Extensions>
    </Trackpoint>
<Trackpoint>
      <Time>
      2022-11-17T00:45:28.152Z
    </Time><HeartRateBpm>
      <Value>
      129
    </Value>
    </HeartRateBpm><SensorState>
      Present
    </SensorState><Extensions>
      <TPX xmlns="http://www.garmin.com/xmlschemas/ActivityExtension/v2">
      <nax:Nax>
      <nax:Moments>
      <nax:Halt xsi:type="nax:Halt_t" action="auto_pause">
      
    </nax:Halt>
    </nax:Moments>
    </nax:Nax>
    </TPX>
    </Extensions>
    </Trackpoint>
<Trackpoint>
      <Time>
      2022-11-17T00:45:29.000Z
    </Time><SensorState>
      Present
    </SensorState><Extensions>
      <TPX xmlns="http://www.garmin.com/xmlschemas/ActivityExtension/v2">
      <nax:Nax>
      <nax:NikeFuel>
      1.9055891902501039
    </nax:NikeFuel><nax:Moments>
      <nax:Halt xsi:type="nax:Halt_t" action="auto_pause">
      
    </nax:Halt>
    </nax:Moments>
    </nax:Nax>
    </TPX>
    </Extensions>
    </Trackpoint>
<Trackpoint>
      <Time>
      2022-11-17T00:45:29.152Z
    </Time><HeartRateBpm>
      <Value>
      129
    </Value>
    </HeartRateBpm><SensorState>
      Present
    </SensorState><Extensions>
      <TPX xmlns="http://www.garmin.com/xmlschemas/ActivityExtension/v2">
      <nax:Nax>
      <nax:Moments>
      <nax:Halt xsi:type="nax:Halt_t" action="auto_pause">
      
    </nax:Halt>
    </nax:Moments>
    </nax:Nax>
    </TPX>
    </Extensions>
    </Trackpoint>
<Trackpoint>
      <Time>
      2022-11-17T00:45:30.375Z
    </Time><SensorState>
      Present
    </SensorState><Extensions>
      <TPX xmlns="http://www.garmin.com/xmlschemas/ActivityExtension/v2">
      <ns3:Speed>
      0.8960016892908899
    </ns3:Speed><nax:Nax>
      <nax:Pace>
      18.601155406143192
    </nax:Pace><nax:Moments>
      <nax:Halt xsi:type="nax:Halt_t" action="auto_pause">
      
    </nax:Halt>
    </nax:Moments>
    </nax:Nax>
    </TPX>
    </Extensions>
    </Trackpoint>
<Trackpoint>
      <Time>
      2022-11-17T00:45:30.376Z
    </Time><DistanceMeters>
      1.520531747955829
    </DistanceMeters><Cadence>
      100.23082494735718
    </Cadence><SensorState>
      Present
    </SensorState><Extensions>
      <TPX xmlns="http://www.garmin.com/xmlschemas/ActivityExtension/v2">
      <nax:Nax>
      <nax:Moments>
      <nax:Halt xsi:type="nax:Halt_t" action="auto_pause">
      
    </nax:Halt>
    </nax:Moments>
    </nax:Nax>
    </TPX>
    </Extensions>
    </Trackpoint>
<Trackpoint>
      <Time>
      2022-11-17T00:45:32.941Z
    </Time><SensorState>
      Present
    </SensorState><Extensions>
      <TPX xmlns="http://www.garmin.com/xmlschemas/ActivityExtension/v2">
      <ns3:Speed>
      0.90472179490013
    </ns3:Speed><nax:Nax>
      <nax:Pace>
      18.42186930901389
    </nax:Pace><nax:Moments>
      <nax:Halt xsi:type="nax:Halt_t" action="auto_pause">
      
    </nax:Halt>
    </nax:Moments>
    </nax:Nax>
    </TPX>
    </Extensions>
    </Trackpoint>
<Trackpoint>
      <Time>
      2022-11-17T00:45:32.942Z
    </Time><DistanceMeters>
      3.1200700174085796
    </DistanceMeters><Cadence>
      100.84168910980225
    </Cadence><SensorState>
      Present
    </SensorState><Extensions>
      <TPX xmlns="http://www.garmin.com/xmlschemas/ActivityExtension/v2">
      <nax:Nax>
      <nax:Moments>
      <nax:Halt xsi:type="nax:Halt_t" action="auto_pause">
      
    </nax:Halt>
    </nax:Moments>
    </nax:Nax>
    </TPX>
    </Extensions>
    </Trackpoint>
<Trackpoint>
      <Time>
      2022-11-17T00:45:35.506Z
    </Time><SensorState>
      Present
    </SensorState><Extensions>
      <TPX xmlns="http://www.garmin.com/xmlschemas/ActivityExtension/v2">
      <ns3:Speed>
      0.9057313806618192
    </ns3:Speed><nax:Nax>
      <nax:Pace>
      18.401335122658896
    </nax:Pace><nax:Moments>
      <nax:Halt xsi:type="nax:Halt_t" action="auto_pause">
      
    </nax:Halt>
    </nax:Moments>
    </nax:Nax>
    </TPX>
    </Extensions>
    </Trackpoint>
<Trackpoint>
      <Time>
      2022-11-17T00:45:35.507Z
    </Time><DistanceMeters>
      2.1689016656018794
    </DistanceMeters><Cadence>
      100.84168910980225
    </Cadence><SensorState>
      Present
    </SensorState><Extensions>
      <TPX xmlns="http://www.garmin.com/xmlschemas/ActivityExtension/v2">
      <nax:Nax>
      <nax:Moments>
      <nax:Halt xsi:type="nax:Halt_t" action="auto_pause">
      
    </nax:Halt>
    </nax:Moments>
    </nax:Nax>
    </TPX>
    </Extensions>
    </Trackpoint>
<Trackpoint>
      <Time>
      2022-11-17T00:45:35.999Z
    </Time><Position>
      <LatitudeDegrees>
      47.428808356931505
    </LatitudeDegrees><LongitudeDegrees>
      -122.29264822306412
    </LongitudeDegrees>
    </Position><AltitudeMeters>
      109.87991727981716
    </AltitudeMeters><SensorState>
      Present
    </SensorState><Extensions>
      <TPX xmlns="http://www.garmin.com/xmlschemas/ActivityExtension/v2">
      <nax:Nax>
      <nax:Moments>
      <nax:Halt xsi:type="nax:Halt_t" action="auto_pause">
      
    </nax:Halt>
    </nax:Moments>
    </nax:Nax>
    </TPX>
    </Extensions>
    </Trackpoint>
<Trackpoint>
      <Time>
      2022-11-17T00:45:38.073Z
    </Time><SensorState>
      Present
    </SensorState><Extensions>
      <TPX xmlns="http://www.garmin.com/xmlschemas/ActivityExtension/v2">
      <ns3:Speed>
      0.9063559211589245
    </ns3:Speed><nax:Nax>
      <nax:Pace>
      18.388655358874473
    </nax:Pace><nax:Moments>
      <nax:Halt xsi:type="nax:Halt_t" action="auto_pause">
      
    </nax:Halt>
    </nax:Moments>
    </nax:Nax>
    </TPX>
    </Extensions>
    </Trackpoint>
<Trackpoint>
      <Time>
      2022-11-17T00:45:38.074Z
    </Time><DistanceMeters>
      1.813023197464645
    </DistanceMeters><Cadence>
      100.84168910980225
    </Cadence><SensorState>
      Present
    </SensorState><Extensions>
      <TPX xmlns="http://www.garmin.com/xmlschemas/ActivityExtension/v2">
      <nax:Nax>
      <nax:Moments>
      <nax:Halt xsi:type="nax:Halt_t" action="auto_pause">
      
    </nax:Halt>
    </nax:Moments>
    </nax:Nax>
    </TPX>
    </Extensions>
    </Trackpoint>
<Trackpoint>
      <Time>
      2022-11-17T00:45:38.152Z
    </Time><HeartRateBpm>
      <Value>
      129
    </Value>
    </HeartRateBpm><SensorState>
      Present
    </SensorState><Extensions>
      <TPX xmlns="http://www.garmin.com/xmlschemas/ActivityExtension/v2">
      <nax:Nax>
      <nax:Moments>
      <nax:Halt xsi:type="nax:Halt_t" action="auto_pause">
      
    </nax:Halt>
    </nax:Moments>
    </nax:Nax>
    </TPX>
    </Extensions>
    </Trackpoint>
<Trackpoint>
      <Time>
      2022-11-17T00:45:39.000Z
    </Time><SensorState>
      Present
    </SensorState><Extensions>
      <TPX xmlns="http://www.garmin.com/xmlschemas/ActivityExtension/v2">
      <nax:Nax>
      <nax:NikeFuel>
      1.9089723827906966
    </nax:NikeFuel><nax:Moments>
      <nax:Halt xsi:type="nax:Halt_t" action="auto_pause">
      
    </nax:Halt>
    </nax:Moments>
    </nax:Nax>
    </TPX>
    </Extensions>
    </Trackpoint>
<Trackpoint>
      <Time>
      2022-11-17T00:45:39.152Z
    </Time><HeartRateBpm>
      <Value>
      128
    </Value>
    </HeartRateBpm><SensorState>
      Present
    </SensorState><Extensions>
      <TPX xmlns="http://www.garmin.com/xmlschemas/ActivityExtension/v2">
      <nax:Nax>
      <nax:Moments>
      <nax:Halt xsi:type="nax:Halt_t" action="auto_pause">
      
    </nax:Halt>
    </nax:Moments>
    </nax:Nax>
    </TPX>
    </Extensions>
    </Trackpoint>
<Trackpoint>
      <Time>
      2022-11-17T00:45:40.637Z
    </Time><SensorState>
      Present
    </SensorState><Extensions>
      <TPX xmlns="http://www.garmin.com/xmlschemas/ActivityExtension/v2">
      <ns3:Speed>
      0.9064978426363247
    </ns3:Speed><nax:Nax>
      <nax:Pace>
      18.38577642743836
    </nax:Pace><nax:Moments>
      <nax:Halt xsi:type="nax:Halt_t" action="auto_pause">
      
    </nax:Halt>
    </nax:Moments>
    </nax:Nax>
    </TPX>
    </Extensions>
    </Trackpoint>
<Trackpoint>
      <Time>
      2022-11-17T00:45:40.638Z
    </Time><DistanceMeters>
      0.4411163222976029
    </DistanceMeters><Cadence>
      100.84168910980225
    </Cadence><SensorState>
      Present
    </SensorState><Extensions>
      <TPX xmlns="http://www.garmin.com/xmlschemas/ActivityExtension/v2">
      <nax:Nax>
      <nax:Moments>
      <nax:Halt xsi:type="nax:Halt_t" action="auto_pause">
      
    </nax:Halt>
    </nax:Moments>
    </nax:Nax>
    </TPX>
    </Extensions>
    </Trackpoint>
<Trackpoint>
      <Time>
      2022-11-17T00:45:40.639Z
    </Time><SensorState>
      Present
    </SensorState><Extensions>
      <TPX xmlns="http://www.garmin.com/xmlschemas/ActivityExtension/v2">
      <nax:Nax>
      <nax:Moments>
      <nax:Halt xsi:type="nax:Halt_t" action="auto_pause">
      
    </nax:Halt>
    </nax:Moments>
    </nax:Nax>
    </TPX>
    </Extensions>
    </Trackpoint>
<Trackpoint>
      <Time>
      2022-11-17T00:45:43.203Z
    </Time><SensorState>
      Present
    </SensorState><Extensions>
      <TPX xmlns="http://www.garmin.com/xmlschemas/ActivityExtension/v2">
      <ns3:Speed>
      0.9062263090742613
    </ns3:Speed><nax:Nax>
      <nax:Pace>
      18.391285377371343
    </nax:Pace><nax:Moments>
      <nax:Halt xsi:type="nax:Halt_t" action="auto_pause">
      
    </nax:Halt>
    </nax:Moments>
    </nax:Nax>
    </TPX>
    </Extensions>
    </Trackpoint>
<Trackpoint>
      <Time>
      2022-11-17T00:45:43.204Z
    </Time><DistanceMeters>
      3.3728390117175877
    </DistanceMeters><Cadence>
      100.84168910980225
    </Cadence><SensorState>
      Present
    </SensorState><Extensions>
      <TPX xmlns="http://www.garmin.com/xmlschemas/ActivityExtension/v2">
      <nax:Nax>
      <nax:Moments>
      <nax:Halt xsi:type="nax:Halt_t" action="auto_pause">
      
    </nax:Halt>
    </nax:Moments>
    </nax:Nax>
    </TPX>
    </Extensions>
    </Trackpoint>
<Trackpoint>
      <Time>
      2022-11-17T00:45:43.205Z
    </Time><SensorState>
      Present
    </SensorState><Extensions>
      <TPX xmlns="http://www.garmin.com/xmlschemas/ActivityExtension/v2">
      <nax:Nax>
      <nax:Moments>
      <nax:Halt xsi:type="nax:Halt_t" action="auto_pause">
      
    </nax:Halt>
    </nax:Moments>
    </nax:Nax>
    </TPX>
    </Extensions>
    </Trackpoint>
<Trackpoint>
      <Time>
      2022-11-17T00:45:45.770Z
    </Time><SensorState>
      Present
    </SensorState><Extensions>
      <TPX xmlns="http://www.garmin.com/xmlschemas/ActivityExtension/v2">
      <ns3:Speed>
      0.9056229738344865
    </ns3:Speed><nax:Nax>
      <nax:Pace>
      18.403537838818895
    </nax:Pace><nax:Moments>
      <nax:Halt xsi:type="nax:Halt_t" action="auto_pause">
      
    </nax:Halt>
    </nax:Moments>
    </nax:Nax>
    </TPX>
    </Extensions>
    </Trackpoint>
<Trackpoint>
      <Time>
      2022-11-17T00:45:45.771Z
    </Time><DistanceMeters>
      2.3660535234957933
    </DistanceMeters><Cadence>
      100.84168910980225
    </Cadence><SensorState>
      Present
    </SensorState><Extensions>
      <TPX xmlns="http://www.garmin.com/xmlschemas/ActivityExtension/v2">
      <nax:Nax>
      <nax:Moments>
      <nax:Halt xsi:type="nax:Halt_t" action="auto_pause">
      
    </nax:Halt>
    </nax:Moments>
    </nax:Nax>
    </TPX>
    </Extensions>
    </Trackpoint>
<Trackpoint>
      <Time>
      2022-11-17T00:45:47.152Z
    </Time><HeartRateBpm>
      <Value>
      127
    </Value>
    </HeartRateBpm><SensorState>
      Present
    </SensorState><Extensions>
      <TPX xmlns="http://www.garmin.com/xmlschemas/ActivityExtension/v2">
      <nax:Nax>
      <nax:Moments>
      <nax:Halt xsi:type="nax:Halt_t" action="auto_pause">
      
    </nax:Halt>
    </nax:Moments>
    </nax:Nax>
    </TPX>
    </Extensions>
    </Trackpoint>
<Trackpoint>
      <Time>
      2022-11-17T00:45:48.334Z
    </Time><SensorState>
      Present
    </SensorState><Extensions>
      <TPX xmlns="http://www.garmin.com/xmlschemas/ActivityExtension/v2">
      <ns3:Speed>
      0.9050196434326591
    </ns3:Speed><nax:Nax>
      <nax:Pace>
      18.41580653813378
    </nax:Pace><nax:Moments>
      <nax:Halt xsi:type="nax:Halt_t" action="auto_pause">
      
    </nax:Halt>
    </nax:Moments>
    </nax:Nax>
    </TPX>
    </Extensions>
    </Trackpoint>
<Trackpoint>
      <Time>
      2022-11-17T00:45:48.335Z
    </Time><DistanceMeters>
      2.2360331094823778
    </DistanceMeters><Cadence>
      100.84168910980225
    </Cadence><SensorState>
      Present
    </SensorState><Extensions>
      <TPX xmlns="http://www.garmin.com/xmlschemas/ActivityExtension/v2">
      <nax:Nax>
      <nax:Moments>
      <nax:Halt xsi:type="nax:Halt_t" action="auto_pause">
      
    </nax:Halt>
    </nax:Moments>
    </nax:Nax>
    </TPX>
    </Extensions>
    </Trackpoint>
<Trackpoint>
      <Time>
      2022-11-17T00:45:48.336Z
    </Time><SensorState>
      Present
    </SensorState><Extensions>
      <TPX xmlns="http://www.garmin.com/xmlschemas/ActivityExtension/v2">
      <nax:Nax>
      <nax:Moments>
      <nax:Halt xsi:type="nax:Halt_t" action="auto_pause">
      
    </nax:Halt>
    </nax:Moments>
    </nax:Nax>
    </TPX>
    </Extensions>
    </Trackpoint>
<Trackpoint>
      <Time>
      2022-11-17T00:45:48.999Z
    </Time><Position>
      <LatitudeDegrees>
      47.42879027225159
    </LatitudeDegrees><LongitudeDegrees>
      -122.29277919503909
    </LongitudeDegrees>
    </Position><AltitudeMeters>
      111.63410867750645
    </AltitudeMeters><SensorState>
      Present
    </SensorState><Extensions>
      <TPX xmlns="http://www.garmin.com/xmlschemas/ActivityExtension/v2">
      <nax:Nax>
      <nax:Moments>
      <nax:Halt xsi:type="nax:Halt_t" action="auto_pause">
      
    </nax:Halt>
    </nax:Moments>
    </nax:Nax>
    </TPX>
    </Extensions>
    </Trackpoint>
<Trackpoint>
      <Time>
      2022-11-17T00:45:49.000Z
    </Time><SensorState>
      Present
    </SensorState><Extensions>
      <TPX xmlns="http://www.garmin.com/xmlschemas/ActivityExtension/v2">
      <nax:Nax>
      <nax:NikeFuel>
      1.907300384003627
    </nax:NikeFuel><nax:Moments>
      <nax:Halt xsi:type="nax:Halt_t" action="auto_pause">
      
    </nax:Halt>
    </nax:Moments>
    </nax:Nax>
    </TPX>
    </Extensions>
    </Trackpoint>
<Trackpoint>
      <Time>
      2022-11-17T00:45:49.152Z
    </Time><HeartRateBpm>
      <Value>
      125
    </Value>
    </HeartRateBpm><SensorState>
      Present
    </SensorState><Extensions>
      <TPX xmlns="http://www.garmin.com/xmlschemas/ActivityExtension/v2">
      <nax:Nax>
      <nax:Moments>
      <nax:Halt xsi:type="nax:Halt_t" action="auto_pause">
      
    </nax:Halt>
    </nax:Moments>
    </nax:Nax>
    </TPX>
    </Extensions>
    </Trackpoint>
<Trackpoint>
      <Time>
      2022-11-17T00:45:50.899Z
    </Time><SensorState>
      Present
    </SensorState><Extensions>
      <TPX xmlns="http://www.garmin.com/xmlschemas/ActivityExtension/v2">
      <ns3:Speed>
      0.9045374810220698
    </ns3:Speed><nax:Nax>
      <nax:Pace>
      18.425623057470645
    </nax:Pace><nax:Moments>
      <nax:Halt xsi:type="nax:Halt_t" action="auto_pause">
      
    </nax:Halt>
    </nax:Moments>
    </nax:Nax>
    </TPX>
    </Extensions>
    </Trackpoint>
<Trackpoint>
      <Time>
      2022-11-17T00:45:50.900Z
    </Time><DistanceMeters>
      7.885626003611833
    </DistanceMeters><SensorState>
      Present
    </SensorState><Extensions>
      <TPX xmlns="http://www.garmin.com/xmlschemas/ActivityExtension/v2">
      <nax:Nax>
      <nax:Moments>
      <nax:Halt xsi:type="nax:Halt_t" action="auto_pause">
      
    </nax:Halt>
    </nax:Moments>
    </nax:Nax>
    </TPX>
    </Extensions>
    </Trackpoint>
<Trackpoint>
      <Time>
      2022-11-17T00:45:53.466Z
    </Time><SensorState>
      Present
    </SensorState><Extensions>
      <TPX xmlns="http://www.garmin.com/xmlschemas/ActivityExtension/v2">
      <nax:Nax>
      <nax:Moments>
      <nax:Halt xsi:type="nax:Halt_t" action="auto_pause">
      
    </nax:Halt>
    </nax:Moments>
    </nax:Nax>
    </TPX>
    </Extensions>
    </Trackpoint>
<Trackpoint>
      <Time>
      2022-11-17T00:45:56.031Z
    </Time><SensorState>
      Present
    </SensorState><Extensions>
      <TPX xmlns="http://www.garmin.com/xmlschemas/ActivityExtension/v2">
      <nax:Nax>
      <nax:Moments>
      <nax:Halt xsi:type="nax:Halt_t" action="auto_pause">
      
    </nax:Halt>
    </nax:Moments>
    </nax:Nax>
    </TPX>
    </Extensions>
    </Trackpoint>
<Trackpoint>
      <Time>
      2022-11-17T00:45:58.152Z
    </Time><HeartRateBpm>
      <Value>
      127
    </Value>
    </HeartRateBpm><SensorState>
      Present
    </SensorState><Extensions>
      <TPX xmlns="http://www.garmin.com/xmlschemas/ActivityExtension/v2">
      <nax:Nax>
      <nax:Moments>
      <nax:Halt xsi:type="nax:Halt_t" action="auto_pause">
      
    </nax:Halt>
    </nax:Moments>
    </nax:Nax>
    </TPX>
    </Extensions>
    </Trackpoint>
<Trackpoint>
      <Time>
      2022-11-17T00:45:58.596Z
    </Time><SensorState>
      Present
    </SensorState><Extensions>
      <TPX xmlns="http://www.garmin.com/xmlschemas/ActivityExtension/v2">
      <nax:Nax>
      <nax:Moments>
      <nax:Halt xsi:type="nax:Halt_t" action="auto_pause">
      
    </nax:Halt>
    </nax:Moments>
    </nax:Nax>
    </TPX>
    </Extensions>
    </Trackpoint>
<Trackpoint>
      <Time>
      2022-11-17T00:45:59.000Z
    </Time><SensorState>
      Present
    </SensorState><Extensions>
      <TPX xmlns="http://www.garmin.com/xmlschemas/ActivityExtension/v2">
      <nax:Nax>
      <nax:NikeFuel>
      1.7624261615591457
    </nax:NikeFuel><nax:Moments>
      <nax:Halt xsi:type="nax:Halt_t" action="auto_pause">
      
    </nax:Halt>
    </nax:Moments>
    </nax:Nax>
    </TPX>
    </Extensions>
    </Trackpoint>
<Trackpoint>
      <Time>
      2022-11-17T00:46:01.165Z
    </Time><SensorState>
      Present
    </SensorState><Extensions>
      <TPX xmlns="http://www.garmin.com/xmlschemas/ActivityExtension/v2">
      <nax:Nax>
      <nax:Moments>
      <nax:Halt xsi:type="nax:Halt_t" action="auto_pause">
      
    </nax:Halt>
    </nax:Moments>
    </nax:Nax>
    </TPX>
    </Extensions>
    </Trackpoint>
<Trackpoint>
      <Time>
      2022-11-17T00:46:02.152Z
    </Time><HeartRateBpm>
      <Value>
      127
    </Value>
    </HeartRateBpm><SensorState>
      Present
    </SensorState><Extensions>
      <TPX xmlns="http://www.garmin.com/xmlschemas/ActivityExtension/v2">
      <nax:Nax>
      <nax:Moments>
      <nax:Halt xsi:type="nax:Halt_t" action="auto_pause">
      
    </nax:Halt>
    </nax:Moments>
    </nax:Nax>
    </TPX>
    </Extensions>
    </Trackpoint>
<Trackpoint>
      <Time>
      2022-11-17T00:46:03.728Z
    </Time><SensorState>
      Present
    </SensorState><Extensions>
      <TPX xmlns="http://www.garmin.com/xmlschemas/ActivityExtension/v2">
      <nax:Nax>
      <nax:Moments>
      <nax:Halt xsi:type="nax:Halt_t" action="auto_pause">
      
    </nax:Halt>
    </nax:Moments>
    </nax:Nax>
    </TPX>
    </Extensions>
    </Trackpoint>
<Trackpoint>
      <Time>
      2022-11-17T00:46:04.999Z
    </Time><Position>
      <LatitudeDegrees>
      47.42881571777789
    </LatitudeDegrees><LongitudeDegrees>
      -122.29292238122741
    </LongitudeDegrees>
    </Position><AltitudeMeters>
      111.54337207879871
    </AltitudeMeters><SensorState>
      Present
    </SensorState><Extensions>
      <TPX xmlns="http://www.garmin.com/xmlschemas/ActivityExtension/v2">
      <nax:Nax>
      <nax:Moments>
      <nax:Halt xsi:type="nax:Halt_t" action="auto_pause">
      
    </nax:Halt>
    </nax:Moments>
    </nax:Nax>
    </TPX>
    </Extensions>
    </Trackpoint>
<Trackpoint>
      <Time>
      2022-11-17T00:46:05.152Z
    </Time><HeartRateBpm>
      <Value>
      126
    </Value>
    </HeartRateBpm><SensorState>
      Present
    </SensorState><Extensions>
      <TPX xmlns="http://www.garmin.com/xmlschemas/ActivityExtension/v2">
      <nax:Nax>
      <nax:Moments>
      <nax:Halt xsi:type="nax:Halt_t" action="auto_pause">
      
    </nax:Halt>
    </nax:Moments>
    </nax:Nax>
    </TPX>
    </Extensions>
    </Trackpoint>
<Trackpoint>
      <Time>
      2022-11-17T00:46:06.291Z
    </Time><SensorState>
      Present
    </SensorState><Extensions>
      <TPX xmlns="http://www.garmin.com/xmlschemas/ActivityExtension/v2">
      <nax:Nax>
      <nax:Moments>
      <nax:Halt xsi:type="nax:Halt_t" action="auto_pause">
      
    </nax:Halt>
    </nax:Moments>
    </nax:Nax>
    </TPX>
    </Extensions>
    </Trackpoint>
<Trackpoint>
      <Time>
      2022-11-17T00:46:08.859Z
    </Time><SensorState>
      Present
    </SensorState><Extensions>
      <TPX xmlns="http://www.garmin.com/xmlschemas/ActivityExtension/v2">
      <nax:Nax>
      <nax:Moments>
      <nax:Halt xsi:type="nax:Halt_t" action="auto_pause">
      
    </nax:Halt>
    </nax:Moments>
    </nax:Nax>
    </TPX>
    </Extensions>
    </Trackpoint>
<Trackpoint>
      <Time>
      2022-11-17T00:46:08.866Z
    </Time><Cadence>
      100.84168910980225
    </Cadence><SensorState>
      Present
    </SensorState><Extensions>
      <TPX xmlns="http://www.garmin.com/xmlschemas/ActivityExtension/v2">
      <nax:Nax>
      <nax:Moments>
      <nax:Halt xsi:type="nax:Halt_t" action="auto_pause">
      
    </nax:Halt>
    </nax:Moments>
    </nax:Nax>
    </TPX>
    </Extensions>
    </Trackpoint>
<Trackpoint>
      <Time>
      2022-11-17T00:46:09.000Z
    </Time><SensorState>
      Present
    </SensorState><Extensions>
      <TPX xmlns="http://www.garmin.com/xmlschemas/ActivityExtension/v2">
      <nax:Nax>
      <nax:NikeFuel>
      1.9550480243221835
    </nax:NikeFuel><nax:Moments>
      <nax:Halt xsi:type="nax:Halt_t" action="auto_pause">
      
    </nax:Halt>
    </nax:Moments>
    </nax:Nax>
    </TPX>
    </Extensions>
    </Trackpoint>
<Trackpoint>
      <Time>
      2022-11-17T00:46:11.423Z
    </Time><SensorState>
      Present
    </SensorState><Extensions>
      <TPX xmlns="http://www.garmin.com/xmlschemas/ActivityExtension/v2">
      <ns3:Speed>
      0.8718512288699938
    </ns3:Speed><nax:Nax>
      <nax:Pace>
      19.11641128070477
    </nax:Pace><nax:Moments>
      <nax:Halt xsi:type="nax:Halt_t" action="auto_pause">
      
    </nax:Halt>
    </nax:Moments>
    </nax:Nax>
    </TPX>
    </Extensions>
    </Trackpoint>
<Trackpoint>
      <Time>
      2022-11-17T00:46:11.424Z
    </Time><DistanceMeters>
      6.21278688730672
    </DistanceMeters><Cadence>
      100.84168910980225
    </Cadence><SensorState>
      Present
    </SensorState><Extensions>
      <TPX xmlns="http://www.garmin.com/xmlschemas/ActivityExtension/v2">
      <nax:Nax>
      <nax:Moments>
      <nax:Halt xsi:type="nax:Halt_t" action="auto_pause">
      
    </nax:Halt>
    </nax:Moments>
    </nax:Nax>
    </TPX>
    </Extensions>
    </Trackpoint>
<Trackpoint>
      <Time>
      2022-11-17T00:46:13.152Z
    </Time><HeartRateBpm>
      <Value>
      127
    </Value>
    </HeartRateBpm><SensorState>
      Present
    </SensorState><Extensions>
      <TPX xmlns="http://www.garmin.com/xmlschemas/ActivityExtension/v2">
      <nax:Nax>
      <nax:Moments>
      <nax:Halt xsi:type="nax:Halt_t" action="auto_pause">
      
    </nax:Halt>
    </nax:Moments>
    </nax:Nax>
    </TPX>
    </Extensions>
    </Trackpoint>
<Trackpoint>
      <Time>
      2022-11-17T00:46:13.989Z
    </Time><SensorState>
      Present
    </SensorState><Extensions>
      <TPX xmlns="http://www.garmin.com/xmlschemas/ActivityExtension/v2">
      <ns3:Speed>
      0.8718512288699938
    </ns3:Speed><nax:Nax>
      <nax:Pace>
      19.11641128070477
    </nax:Pace><nax:Moments>
      <nax:Halt xsi:type="nax:Halt_t" action="auto_pause">
      
    </nax:Halt>
    </nax:Moments>
    </nax:Nax>
    </TPX>
    </Extensions>
    </Trackpoint>
<Trackpoint>
      <Time>
      2022-11-17T00:46:13.990Z
    </Time><Cadence>
      100.84168910980225
    </Cadence><SensorState>
      Present
    </SensorState><Extensions>
      <TPX xmlns="http://www.garmin.com/xmlschemas/ActivityExtension/v2">
      <nax:Nax>
      <nax:Moments>
      <nax:Halt xsi:type="nax:Halt_t" action="auto_pause">
      
    </nax:Halt>
    </nax:Moments>
    </nax:Nax>
    </TPX>
    </Extensions>
    </Trackpoint>
<Trackpoint>
      <Time>
      2022-11-17T00:46:16.152Z
    </Time><HeartRateBpm>
      <Value>
      128
    </Value>
    </HeartRateBpm><SensorState>
      Present
    </SensorState><Extensions>
      <TPX xmlns="http://www.garmin.com/xmlschemas/ActivityExtension/v2">
      <nax:Nax>
      <nax:Moments>
      <nax:Halt xsi:type="nax:Halt_t" action="auto_pause">
      
    </nax:Halt>
    </nax:Moments>
    </nax:Nax>
    </TPX>
    </Extensions>
    </Trackpoint>
<Trackpoint>
      <Time>
      2022-11-17T00:46:16.554Z
    </Time><DistanceMeters>
      2.0826072581112385
    </DistanceMeters><SensorState>
      Present
    </SensorState><Extensions>
      <TPX xmlns="http://www.garmin.com/xmlschemas/ActivityExtension/v2">
      <ns3:Speed>
      1.0816439330295524
    </ns3:Speed><nax:Nax>
      <nax:Pace>
      15.408644340088303
    </nax:Pace><nax:Moments>
      <nax:Halt xsi:type="nax:Halt_t" action="auto_pause">
      
    </nax:Halt>
    </nax:Moments>
    </nax:Nax>
    </TPX>
    </Extensions>
    </Trackpoint>
<Trackpoint>
      <Time>
      2022-11-17T00:46:16.555Z
    </Time><Cadence>
      100.84168910980225
    </Cadence><SensorState>
      Present
    </SensorState><Extensions>
      <TPX xmlns="http://www.garmin.com/xmlschemas/ActivityExtension/v2">
      <nax:Nax>
      <nax:Moments>
      <nax:Halt xsi:type="nax:Halt_t" action="auto_pause">
      
    </nax:Halt>
    </nax:Moments>
    </nax:Nax>
    </TPX>
    </Extensions>
    </Trackpoint>
<Trackpoint>
      <Time>
      2022-11-17T00:46:18.000Z
    </Time><Position>
      <LatitudeDegrees>
      47.42887722748477
    </LatitudeDegrees><LongitudeDegrees>
      -122.29302376641543
    </LongitudeDegrees>
    </Position><AltitudeMeters>
      113.50030789524317
    </AltitudeMeters><SensorState>
      Present
    </SensorState><Extensions>
      <TPX xmlns="http://www.garmin.com/xmlschemas/ActivityExtension/v2">
      <nax:Nax>
      <nax:Moments>
      <nax:Halt xsi:type="nax:Halt_t" action="auto_pause">
      
    </nax:Halt>
    </nax:Moments>
    </nax:Nax>
    </TPX>
    </Extensions>
    </Trackpoint>
<Trackpoint>
      <Time>
      2022-11-17T00:46:19.000Z
    </Time><SensorState>
      Present
    </SensorState><Extensions>
      <TPX xmlns="http://www.garmin.com/xmlschemas/ActivityExtension/v2">
      <nax:Nax>
      <nax:NikeFuel>
      2.0977333538934104
    </nax:NikeFuel><nax:Moments>
      <nax:Halt xsi:type="nax:Halt_t" action="auto_pause">
      
    </nax:Halt>
    </nax:Moments>
    </nax:Nax>
    </TPX>
    </Extensions>
    </Trackpoint>
<Trackpoint>
      <Time>
      2022-11-17T00:46:19.121Z
    </Time><SensorState>
      Present
    </SensorState><Extensions>
      <TPX xmlns="http://www.garmin.com/xmlschemas/ActivityExtension/v2">
      <ns3:Speed>
      1.0816439330295524
    </ns3:Speed><nax:Nax>
      <nax:Pace>
      15.408644340088303
    </nax:Pace><nax:Moments>
      <nax:Halt xsi:type="nax:Halt_t" action="auto_pause">
      
    </nax:Halt>
    </nax:Moments>
    </nax:Nax>
    </TPX>
    </Extensions>
    </Trackpoint>
<Trackpoint>
      <Time>
      2022-11-17T00:46:19.122Z
    </Time><DistanceMeters>
      1.499393042176962
    </DistanceMeters><Cadence>
      100.84168910980225
    </Cadence><SensorState>
      Present
    </SensorState><Extensions>
      <TPX xmlns="http://www.garmin.com/xmlschemas/ActivityExtension/v2">
      <nax:Nax>
      <nax:Moments>
      <nax:Halt xsi:type="nax:Halt_t" action="auto_pause">
      
    </nax:Halt>
    </nax:Moments>
    </nax:Nax>
    </TPX>
    </Extensions>
    </Trackpoint>
<Trackpoint>
      <Time>
      2022-11-17T00:46:19.123Z
    </Time><SensorState>
      Present
    </SensorState><Extensions>
      <TPX xmlns="http://www.garmin.com/xmlschemas/ActivityExtension/v2">
      <nax:Nax>
      <nax:Moments>
      <nax:Halt xsi:type="nax:Halt_t" action="auto_pause">
      
    </nax:Halt>
    </nax:Moments>
    </nax:Nax>
    </TPX>
    </Extensions>
    </Trackpoint>
<Trackpoint>
      <Time>
      2022-11-17T00:46:19.152Z
    </Time><HeartRateBpm>
      <Value>
      127
    </Value>
    </HeartRateBpm><SensorState>
      Present
    </SensorState><Extensions>
      <TPX xmlns="http://www.garmin.com/xmlschemas/ActivityExtension/v2">
      <nax:Nax>
      <nax:Moments>
      <nax:Halt xsi:type="nax:Halt_t" action="auto_pause">
      
    </nax:Halt>
    </nax:Moments>
    </nax:Nax>
    </TPX>
    </Extensions>
    </Trackpoint>
<Trackpoint>
      <Time>
      2022-11-17T00:46:21.685Z
    </Time><DistanceMeters>
      3.427388277836144
    </DistanceMeters><SensorState>
      Present
    </SensorState><Extensions>
      <TPX xmlns="http://www.garmin.com/xmlschemas/ActivityExtension/v2">
      <ns3:Speed>
      1.0816439330295524
    </ns3:Speed><nax:Nax>
      <nax:Pace>
      15.408644340088303
    </nax:Pace><nax:Moments>
      <nax:Halt xsi:type="nax:Halt_t" action="auto_pause">
      
    </nax:Halt>
    </nax:Moments>
    </nax:Nax>
    </TPX>
    </Extensions>
    </Trackpoint>
<Trackpoint>
      <Time>
      2022-11-17T00:46:21.686Z
    </Time><Cadence>
      100.84168910980225
    </Cadence><SensorState>
      Present
    </SensorState><Extensions>
      <TPX xmlns="http://www.garmin.com/xmlschemas/ActivityExtension/v2">
      <nax:Nax>
      <nax:Moments>
      <nax:Halt xsi:type="nax:Halt_t" action="auto_pause">
      
    </nax:Halt>
    </nax:Moments>
    </nax:Nax>
    </TPX>
    </Extensions>
    </Trackpoint>
<Trackpoint>
      <Time>
      2022-11-17T00:46:24.250Z
    </Time><SensorState>
      Present
    </SensorState><Extensions>
      <TPX xmlns="http://www.garmin.com/xmlschemas/ActivityExtension/v2">
      <ns3:Speed>
      1.0816439330295524
    </ns3:Speed><nax:Nax>
      <nax:Pace>
      15.408644340088303
    </nax:Pace><nax:Moments>
      <nax:Halt xsi:type="nax:Halt_t" action="auto_pause">
      
    </nax:Halt>
    </nax:Moments>
    </nax:Nax>
    </TPX>
    </Extensions>
    </Trackpoint>
<Trackpoint>
      <Time>
      2022-11-17T00:46:24.251Z
    </Time><DistanceMeters>
      2.198465048801154
    </DistanceMeters><Cadence>
      93.55170965194702
    </Cadence><SensorState>
      Present
    </SensorState><Extensions>
      <TPX xmlns="http://www.garmin.com/xmlschemas/ActivityExtension/v2">
      <nax:Nax>
      <nax:Moments>
      <nax:Halt xsi:type="nax:Halt_t" action="auto_pause">
      
    </nax:Halt>
    </nax:Moments>
    </nax:Nax>
    </TPX>
    </Extensions>
    </Trackpoint>
<Trackpoint>
      <Time>
      2022-11-17T00:46:26.816Z
    </Time><SensorState>
      Present
    </SensorState><Extensions>
      <TPX xmlns="http://www.garmin.com/xmlschemas/ActivityExtension/v2">
      <ns3:Speed>
      0.967392758041067
    </ns3:Speed><nax:Nax>
      <nax:Pace>
      17.228438530402094
    </nax:Pace><nax:Moments>
      <nax:Halt xsi:type="nax:Halt_t" action="auto_pause">
      
    </nax:Halt>
    </nax:Moments>
    </nax:Nax>
    </TPX>
    </Extensions>
    </Trackpoint>
<Trackpoint>
      <Time>
      2022-11-17T00:46:26.817Z
    </Time><DistanceMeters>
      2.0700088245794177
    </DistanceMeters><Cadence>
      92.46783256530762
    </Cadence><SensorState>
      Present
    </SensorState><Extensions>
      <TPX xmlns="http://www.garmin.com/xmlschemas/ActivityExtension/v2">
      <nax:Nax>
      <nax:Moments>
      <nax:Halt xsi:type="nax:Halt_t" action="auto_pause">
      
    </nax:Halt>
    </nax:Moments>
    </nax:Nax>
    </TPX>
    </Extensions>
    </Trackpoint>
<Trackpoint>
      <Time>
      2022-11-17T00:46:27.152Z
    </Time><HeartRateBpm>
      <Value>
      127
    </Value>
    </HeartRateBpm><SensorState>
      Present
    </SensorState><Extensions>
      <TPX xmlns="http://www.garmin.com/xmlschemas/ActivityExtension/v2">
      <nax:Nax>
      <nax:Moments>
      <nax:Halt xsi:type="nax:Halt_t" action="auto_pause">
      
    </nax:Halt>
    </nax:Moments>
    </nax:Nax>
    </TPX>
    </Extensions>
    </Trackpoint>
<Trackpoint>
      <Time>
      2022-11-17T00:46:29.000Z
    </Time><Position>
      <LatitudeDegrees>
      47.428872820784775
    </LatitudeDegrees><LongitudeDegrees>
      -122.29315647834139
    </LongitudeDegrees>
    </Position><AltitudeMeters>
      114.07139245886356
    </AltitudeMeters><SensorState>
      Present
    </SensorState><Extensions>
      <TPX xmlns="http://www.garmin.com/xmlschemas/ActivityExtension/v2">
      <nax:Nax>
      <nax:NikeFuel>
      1.9653691891014173
    </nax:NikeFuel><nax:Moments>
      <nax:Halt xsi:type="nax:Halt_t" action="auto_pause">
      
    </nax:Halt>
    </nax:Moments>
    </nax:Nax>
    </TPX>
    </Extensions>
    </Trackpoint>
<Trackpoint>
      <Time>
      2022-11-17T00:46:29.152Z
    </Time><HeartRateBpm>
      <Value>
      128
    </Value>
    </HeartRateBpm><SensorState>
      Present
    </SensorState><Extensions>
      <TPX xmlns="http://www.garmin.com/xmlschemas/ActivityExtension/v2">
      <nax:Nax>
      <nax:Moments>
      <nax:Halt xsi:type="nax:Halt_t" action="auto_pause">
      
    </nax:Halt>
    </nax:Moments>
    </nax:Nax>
    </TPX>
    </Extensions>
    </Trackpoint>
<Trackpoint>
      <Time>
      2022-11-17T00:46:29.381Z
    </Time><SensorState>
      Present
    </SensorState><Extensions>
      <TPX xmlns="http://www.garmin.com/xmlschemas/ActivityExtension/v2">
      <ns3:Speed>
      0.9489018313948518
    </ns3:Speed><nax:Nax>
      <nax:Pace>
      17.564163241383213
    </nax:Pace><nax:Moments>
      <nax:Halt xsi:type="nax:Halt_t" action="auto_pause">
      
    </nax:Halt>
    </nax:Moments>
    </nax:Nax>
    </TPX>
    </Extensions>
    </Trackpoint>
<Trackpoint>
      <Time>
      2022-11-17T00:46:29.382Z
    </Time><DistanceMeters>
      3.0982793923467398
    </DistanceMeters><Cadence>
      91.64161920547485
    </Cadence><SensorState>
      Present
    </SensorState><Extensions>
      <TPX xmlns="http://www.garmin.com/xmlschemas/ActivityExtension/v2">
      <nax:Nax>
      <nax:Moments>
      <nax:Halt xsi:type="nax:Halt_t" action="auto_pause">
      
    </nax:Halt>
    </nax:Moments>
    </nax:Nax>
    </TPX>
    </Extensions>
    </Trackpoint>
<Trackpoint>
      <Time>
      2022-11-17T00:46:31.946Z
    </Time><SensorState>
      Present
    </SensorState><Extensions>
      <TPX xmlns="http://www.garmin.com/xmlschemas/ActivityExtension/v2">
      <ns3:Speed>
      0.9456940791895374
    </ns3:Speed><nax:Nax>
      <nax:Pace>
      17.623740100974352
    </nax:Pace><nax:Moments>
      <nax:Halt xsi:type="nax:Halt_t" action="auto_pause">
      
    </nax:Halt>
    </nax:Moments>
    </nax:Nax>
    </TPX>
    </Extensions>
    </Trackpoint>
<Trackpoint>
      <Time>
      2022-11-17T00:46:31.947Z
    </Time><DistanceMeters>
      2.641297458205372
    </DistanceMeters><Cadence>
      91.64161920547485
    </Cadence><SensorState>
      Present
    </SensorState><Extensions>
      <TPX xmlns="http://www.garmin.com/xmlschemas/ActivityExtension/v2">
      <nax:Nax>
      <nax:Moments>
      <nax:Halt xsi:type="nax:Halt_t" action="auto_pause">
      
    </nax:Halt>
    </nax:Moments>
    </nax:Nax>
    </TPX>
    </Extensions>
    </Trackpoint>
<Trackpoint>
      <Time>
      2022-11-17T00:46:31.948Z
    </Time><SensorState>
      Present
    </SensorState><Extensions>
      <TPX xmlns="http://www.garmin.com/xmlschemas/ActivityExtension/v2">
      <nax:Nax>
      <nax:Moments>
      <nax:Halt xsi:type="nax:Halt_t" action="auto_pause">
      
    </nax:Halt>
    </nax:Moments>
    </nax:Nax>
    </TPX>
    </Extensions>
    </Trackpoint>
<Trackpoint>
      <Time>
      2022-11-17T00:46:34.512Z
    </Time><SensorState>
      Present
    </SensorState><Extensions>
      <TPX xmlns="http://www.garmin.com/xmlschemas/ActivityExtension/v2">
      <ns3:Speed>
      0.9456940791895374
    </ns3:Speed><nax:Nax>
      <nax:Pace>
      17.623740100974352
    </nax:Pace><nax:Moments>
      <nax:Halt xsi:type="nax:Halt_t" action="auto_pause">
      
    </nax:Halt>
    </nax:Moments>
    </nax:Nax>
    </TPX>
    </Extensions>
    </Trackpoint>
<Trackpoint>
      <Time>
      2022-11-17T00:46:34.513Z
    </Time><DistanceMeters>
      1.5583034600131214
    </DistanceMeters><Cadence>
      92.46800422668457
    </Cadence><SensorState>
      Present
    </SensorState><Extensions>
      <TPX xmlns="http://www.garmin.com/xmlschemas/ActivityExtension/v2">
      <nax:Nax>
      <nax:Moments>
      <nax:Halt xsi:type="nax:Halt_t" action="auto_pause">
      
    </nax:Halt>
    </nax:Moments>
    </nax:Nax>
    </TPX>
    </Extensions>
    </Trackpoint>
<Trackpoint>
      <Time>
      2022-11-17T00:46:35.152Z
    </Time><HeartRateBpm>
      <Value>
      130
    </Value>
    </HeartRateBpm><SensorState>
      Present
    </SensorState><Extensions>
      <TPX xmlns="http://www.garmin.com/xmlschemas/ActivityExtension/v2">
      <nax:Nax>
      <nax:Moments>
      <nax:Halt xsi:type="nax:Halt_t" action="auto_pause">
      
    </nax:Halt>
    </nax:Moments>
    </nax:Nax>
    </TPX>
    </Extensions>
    </Trackpoint>
<Trackpoint>
      <Time>
      2022-11-17T00:46:37.078Z
    </Time><SensorState>
      Present
    </SensorState><Extensions>
      <TPX xmlns="http://www.garmin.com/xmlschemas/ActivityExtension/v2">
      <ns3:Speed>
      0.9590418534962265
    </ns3:Speed><nax:Nax>
      <nax:Pace>
      17.378456014101623
    </nax:Pace><nax:Moments>
      <nax:Halt xsi:type="nax:Halt_t" action="auto_pause">
      
    </nax:Halt>
    </nax:Moments>
    </nax:Nax>
    </TPX>
    </Extensions>
    </Trackpoint>
<Trackpoint>
      <Time>
      2022-11-17T00:46:37.079Z
    </Time><DistanceMeters>
      6.833713132422417
    </DistanceMeters><Cadence>
      92.46800422668457
    </Cadence><SensorState>
      Present
    </SensorState><Extensions>
      <TPX xmlns="http://www.garmin.com/xmlschemas/ActivityExtension/v2">
      <nax:Nax>
      <nax:Moments>
      <nax:Halt xsi:type="nax:Halt_t" action="auto_pause">
      
    </nax:Halt>
    </nax:Moments>
    </nax:Nax>
    </TPX>
    </Extensions>
    </Trackpoint>
<Trackpoint>
      <Time>
      2022-11-17T00:46:39.000Z
    </Time><SensorState>
      Present
    </SensorState><Extensions>
      <TPX xmlns="http://www.garmin.com/xmlschemas/ActivityExtension/v2">
      <nax:Nax>
      <nax:NikeFuel>
      1.977174989515496
    </nax:NikeFuel><nax:Moments>
      <nax:Halt xsi:type="nax:Halt_t" action="auto_pause">
      
    </nax:Halt>
    </nax:Moments>
    </nax:Nax>
    </TPX>
    </Extensions>
    </Trackpoint>
<Trackpoint>
      <Time>
      2022-11-17T00:46:39.644Z
    </Time><SensorState>
      Present
    </SensorState><Extensions>
      <TPX xmlns="http://www.garmin.com/xmlschemas/ActivityExtension/v2">
      <ns3:Speed>
      0.9590418534962265
    </ns3:Speed><nax:Nax>
      <nax:Pace>
      17.378456014101623
    </nax:Pace><nax:Moments>
      <nax:Halt xsi:type="nax:Halt_t" action="auto_pause">
      
    </nax:Halt>
    </nax:Moments>
    </nax:Nax>
    </TPX>
    </Extensions>
    </Trackpoint>
<Trackpoint>
      <Time>
      2022-11-17T00:46:39.645Z
    </Time><SensorState>
      Present
    </SensorState><Extensions>
      <TPX xmlns="http://www.garmin.com/xmlschemas/ActivityExtension/v2">
      <nax:Nax>
      <nax:Moments>
      <nax:Halt xsi:type="nax:Halt_t" action="auto_pause">
      
    </nax:Halt>
    </nax:Moments>
    </nax:Nax>
    </TPX>
    </Extensions>
    </Trackpoint>
<Trackpoint>
      <Time>
      2022-11-17T00:46:42.000Z
    </Time><Position>
      <LatitudeDegrees>
      47.42888991736074
    </LatitudeDegrees><LongitudeDegrees>
      -122.293287916233
    </LongitudeDegrees>
    </Position><AltitudeMeters>
      114.96568866726011
    </AltitudeMeters><SensorState>
      Present
    </SensorState><Extensions>
      <TPX xmlns="http://www.garmin.com/xmlschemas/ActivityExtension/v2">
      <nax:Nax>
      <nax:AscentInMeters>
      3.6675983565859553
    </nax:AscentInMeters><nax:Moments>
      <nax:Halt xsi:type="nax:Halt_t" action="auto_pause">
      
    </nax:Halt>
    </nax:Moments>
    </nax:Nax>
    </TPX>
    </Extensions>
    </Trackpoint>
<Trackpoint>
      <Time>
      2022-11-17T00:46:42.209Z
    </Time><SensorState>
      Present
    </SensorState><Extensions>
      <TPX xmlns="http://www.garmin.com/xmlschemas/ActivityExtension/v2">
      <nax:Nax>
      <nax:Moments>
      <nax:Halt xsi:type="nax:Halt_t" action="auto_pause">
      
    </nax:Halt>
    </nax:Moments>
    </nax:Nax>
    </TPX>
    </Extensions>
    </Trackpoint>
<Trackpoint>
      <Time>
      2022-11-17T00:46:43.152Z
    </Time><HeartRateBpm>
      <Value>
      130
    </Value>
    </HeartRateBpm><SensorState>
      Present
    </SensorState><Extensions>
      <TPX xmlns="http://www.garmin.com/xmlschemas/ActivityExtension/v2">
      <nax:Nax>
      <nax:Moments>
      <nax:Halt xsi:type="nax:Halt_t" action="auto_pause">
      
    </nax:Halt>
    </nax:Moments>
    </nax:Nax>
    </TPX>
    </Extensions>
    </Trackpoint>
<Trackpoint>
      <Time>
      2022-11-17T00:46:44.774Z
    </Time><SensorState>
      Present
    </SensorState><Extensions>
      <TPX xmlns="http://www.garmin.com/xmlschemas/ActivityExtension/v2">
      <nax:Nax>
      <nax:Moments>
      <nax:Halt xsi:type="nax:Halt_t" action="auto_pause">
      
    </nax:Halt>
    </nax:Moments>
    </nax:Nax>
    </TPX>
    </Extensions>
    </Trackpoint>
<Trackpoint>
      <Time>
      2022-11-17T00:46:47.340Z
    </Time><SensorState>
      Present
    </SensorState><Extensions>
      <TPX xmlns="http://www.garmin.com/xmlschemas/ActivityExtension/v2">
      <nax:Nax>
      <nax:Moments>
      <nax:Halt xsi:type="nax:Halt_t" action="auto_pause">
      
    </nax:Halt>
    </nax:Moments>
    </nax:Nax>
    </TPX>
    </Extensions>
    </Trackpoint>
<Trackpoint>
      <Time>
      2022-11-17T00:46:48.152Z
    </Time><HeartRateBpm>
      <Value>
      127
    </Value>
    </HeartRateBpm><SensorState>
      Present
    </SensorState><Extensions>
      <TPX xmlns="http://www.garmin.com/xmlschemas/ActivityExtension/v2">
      <nax:Nax>
      <nax:Moments>
      <nax:Halt xsi:type="nax:Halt_t" action="auto_pause">
      
    </nax:Halt>
    </nax:Moments>
    </nax:Nax>
    </TPX>
    </Extensions>
    </Trackpoint>
<Trackpoint>
      <Time>
      2022-11-17T00:46:49.000Z
    </Time><SensorState>
      Present
    </SensorState><Extensions>
      <TPX xmlns="http://www.garmin.com/xmlschemas/ActivityExtension/v2">
      <nax:Nax>
      <nax:NikeFuel>
      1.0790057944594118
    </nax:NikeFuel><nax:Moments>
      <nax:Halt xsi:type="nax:Halt_t" action="auto_pause">
      
    </nax:Halt>
    </nax:Moments>
    </nax:Nax>
    </TPX>
    </Extensions>
    </Trackpoint>
<Trackpoint>
      <Time>
      2022-11-17T00:46:49.907Z
    </Time><SensorState>
      Present
    </SensorState><Extensions>
      <TPX xmlns="http://www.garmin.com/xmlschemas/ActivityExtension/v2">
      <nax:Nax>
      <nax:Moments>
      <nax:Halt xsi:type="nax:Halt_t" action="auto_pause">
      
    </nax:Halt>
    </nax:Moments>
    </nax:Nax>
    </TPX>
    </Extensions>
    </Trackpoint>
<Trackpoint>
      <Time>
      2022-11-17T00:46:50.152Z
    </Time><HeartRateBpm>
      <Value>
      125
    </Value>
    </HeartRateBpm><SensorState>
      Present
    </SensorState><Extensions>
      <TPX xmlns="http://www.garmin.com/xmlschemas/ActivityExtension/v2">
      <nax:Nax>
      <nax:Moments>
      <nax:Halt xsi:type="nax:Halt_t" action="auto_pause">
      
    </nax:Halt>
    </nax:Moments>
    </nax:Nax>
    </TPX>
    </Extensions>
    </Trackpoint>
<Trackpoint>
      <Time>
      2022-11-17T00:46:52.471Z
    </Time><SensorState>
      Present
    </SensorState><Extensions>
      <TPX xmlns="http://www.garmin.com/xmlschemas/ActivityExtension/v2">
      <nax:Nax>
      <nax:Moments>
      <nax:Halt xsi:type="nax:Halt_t" action="auto_pause">
      
    </nax:Halt>
    </nax:Moments>
    </nax:Nax>
    </TPX>
    </Extensions>
    </Trackpoint>
<Trackpoint>
      <Time>
      2022-11-17T00:46:54.000Z
    </Time><Position>
      <LatitudeDegrees>
      47.42886707827211
    </LatitudeDegrees><LongitudeDegrees>
      -122.29342158748923
    </LongitudeDegrees>
    </Position><AltitudeMeters>
      115.13463852275163
    </AltitudeMeters><SensorState>
      Present
    </SensorState><Extensions>
      <TPX xmlns="http://www.garmin.com/xmlschemas/ActivityExtension/v2">
      <nax:Nax>
      <nax:Moments>
      <nax:Halt xsi:type="nax:Halt_t" action="auto_pause">
      
    </nax:Halt>
    </nax:Moments>
    </nax:Nax>
    </TPX>
    </Extensions>
    </Trackpoint>
<Trackpoint>
      <Time>
      2022-11-17T00:46:54.152Z
    </Time><HeartRateBpm>
      <Value>
      124
    </Value>
    </HeartRateBpm><SensorState>
      Present
    </SensorState><Extensions>
      <TPX xmlns="http://www.garmin.com/xmlschemas/ActivityExtension/v2">
      <nax:Nax>
      <nax:Moments>
      <nax:Halt xsi:type="nax:Halt_t" action="auto_pause">
      
    </nax:Halt>
    </nax:Moments>
    </nax:Nax>
    </TPX>
    </Extensions>
    </Trackpoint>
<Trackpoint>
      <Time>
      2022-11-17T00:46:55.036Z
    </Time><SensorState>
      Present
    </SensorState><Extensions>
      <TPX xmlns="http://www.garmin.com/xmlschemas/ActivityExtension/v2">
      <nax:Nax>
      <nax:Moments>
      <nax:Halt xsi:type="nax:Halt_t" action="auto_pause">
      
    </nax:Halt>
    </nax:Moments>
    </nax:Nax>
    </TPX>
    </Extensions>
    </Trackpoint>
<Trackpoint>
      <Time>
      2022-11-17T00:46:57.603Z
    </Time><SensorState>
      Present
    </SensorState><Extensions>
      <TPX xmlns="http://www.garmin.com/xmlschemas/ActivityExtension/v2">
      <nax:Nax>
      <nax:Moments>
      <nax:Halt xsi:type="nax:Halt_t" action="auto_pause">
      
    </nax:Halt>
    </nax:Moments>
    </nax:Nax>
    </TPX>
    </Extensions>
    </Trackpoint>
<Trackpoint>
      <Time>
      2022-11-17T00:46:57.608Z
    </Time><Cadence>
      0
    </Cadence><SensorState>
      Present
    </SensorState><Extensions>
      <TPX xmlns="http://www.garmin.com/xmlschemas/ActivityExtension/v2">
      <nax:Nax>
      <nax:Moments>
      <nax:Halt xsi:type="nax:Halt_t" action="auto_pause">
      
    </nax:Halt>
    </nax:Moments>
    </nax:Nax>
    </TPX>
    </Extensions>
    </Trackpoint>
<Trackpoint>
      <Time>
      2022-11-17T00:46:59.000Z
    </Time><SensorState>
      Present
    </SensorState><Extensions>
      <TPX xmlns="http://www.garmin.com/xmlschemas/ActivityExtension/v2">
      <nax:Nax>
      <nax:NikeFuel>
      1.1006140860737894
    </nax:NikeFuel><nax:Moments>
      <nax:Halt xsi:type="nax:Halt_t" action="auto_pause">
      
    </nax:Halt>
    </nax:Moments>
    </nax:Nax>
    </TPX>
    </Extensions>
    </Trackpoint>
<Trackpoint>
      <Time>
      2022-11-17T00:47:00.167Z
    </Time><SensorState>
      Present
    </SensorState><Extensions>
      <TPX xmlns="http://www.garmin.com/xmlschemas/ActivityExtension/v2">
      <ns3:Speed>
      0
    </ns3:Speed><nax:Nax>
      <nax:Moments>
      <nax:Halt xsi:type="nax:Halt_t" action="auto_pause">
      
    </nax:Halt>
    </nax:Moments>
    </nax:Nax>
    </TPX>
    </Extensions>
    </Trackpoint>
<Trackpoint>
      <Time>
      2022-11-17T00:47:00.168Z
    </Time><DistanceMeters>
      2.956059629563242
    </DistanceMeters><Cadence>
      0
    </Cadence><SensorState>
      Present
    </SensorState><Extensions>
      <TPX xmlns="http://www.garmin.com/xmlschemas/ActivityExtension/v2">
      <nax:Nax>
      <nax:Moments>
      <nax:Halt xsi:type="nax:Halt_t" action="auto_pause">
      
    </nax:Halt>
    </nax:Moments>
    </nax:Nax>
    </TPX>
    </Extensions>
    </Trackpoint>
<Trackpoint>
      <Time>
      2022-11-17T00:47:01.152Z
    </Time><HeartRateBpm>
      <Value>
      127
    </Value>
    </HeartRateBpm><SensorState>
      Present
    </SensorState><Extensions>
      <TPX xmlns="http://www.garmin.com/xmlschemas/ActivityExtension/v2">
      <nax:Nax>
      <nax:Moments>
      <nax:Halt xsi:type="nax:Halt_t" action="auto_pause">
      
    </nax:Halt>
    </nax:Moments>
    </nax:Nax>
    </TPX>
    </Extensions>
    </Trackpoint>
<Trackpoint>
      <Time>
      2022-11-17T00:47:02.732Z
    </Time><SensorState>
      Present
    </SensorState><Extensions>
      <TPX xmlns="http://www.garmin.com/xmlschemas/ActivityExtension/v2">
      <ns3:Speed>
      0
    </ns3:Speed><nax:Nax>
      <nax:Moments>
      <nax:Halt xsi:type="nax:Halt_t" action="auto_pause">
      
    </nax:Halt>
    </nax:Moments>
    </nax:Nax>
    </TPX>
    </Extensions>
    </Trackpoint>
<Trackpoint>
      <Time>
      2022-11-17T00:47:02.733Z
    </Time><DistanceMeters>
      2.883372733835131
    </DistanceMeters><Cadence>
      0
    </Cadence><SensorState>
      Present
    </SensorState><Extensions>
      <TPX xmlns="http://www.garmin.com/xmlschemas/ActivityExtension/v2">
      <nax:Nax>
      <nax:Moments>
      <nax:Halt xsi:type="nax:Halt_t" action="auto_pause">
      
    </nax:Halt>
    </nax:Moments>
    </nax:Nax>
    </TPX>
    </Extensions>
    </Trackpoint>
<Trackpoint>
      <Time>
      2022-11-17T00:47:02.734Z
    </Time><SensorState>
      Present
    </SensorState><Extensions>
      <TPX xmlns="http://www.garmin.com/xmlschemas/ActivityExtension/v2">
      <nax:Nax>
      <nax:Moments>
      <nax:Halt xsi:type="nax:Halt_t" action="auto_pause">
      
    </nax:Halt>
    </nax:Moments>
    </nax:Nax>
    </TPX>
    </Extensions>
    </Trackpoint>
<Trackpoint>
      <Time>
      2022-11-17T00:47:04.000Z
    </Time><Position>
      <LatitudeDegrees>
      47.42885129022735
    </LatitudeDegrees><LongitudeDegrees>
      -122.29355414225276
    </LongitudeDegrees>
    </Position><AltitudeMeters>
      115.00834463071078
    </AltitudeMeters><SensorState>
      Present
    </SensorState><Extensions>
      <TPX xmlns="http://www.garmin.com/xmlschemas/ActivityExtension/v2">
      <nax:Nax>
      <nax:AscentInMeters>
      1.3556690137833272
    </nax:AscentInMeters><nax:Moments>
      <nax:Halt xsi:type="nax:Halt_t" action="auto_pause">
      
    </nax:Halt>
    </nax:Moments>
    </nax:Nax>
    </TPX>
    </Extensions>
    </Trackpoint>
<Trackpoint>
      <Time>
      2022-11-17T00:47:04.152Z
    </Time><HeartRateBpm>
      <Value>
      127
    </Value>
    </HeartRateBpm><SensorState>
      Present
    </SensorState><Extensions>
      <TPX xmlns="http://www.garmin.com/xmlschemas/ActivityExtension/v2">
      <nax:Nax>
      <nax:Moments>
      <nax:Halt xsi:type="nax:Halt_t" action="auto_pause">
      
    </nax:Halt>
    </nax:Moments>
    </nax:Nax>
    </TPX>
    </Extensions>
    </Trackpoint>
<Trackpoint>
      <Time>
      2022-11-17T00:47:05.298Z
    </Time><SensorState>
      Present
    </SensorState><Extensions>
      <TPX xmlns="http://www.garmin.com/xmlschemas/ActivityExtension/v2">
      <ns3:Speed>
      0
    </ns3:Speed><nax:Nax>
      <nax:Moments>
      <nax:Halt xsi:type="nax:Halt_t" action="auto_pause">
      
    </nax:Halt>
    </nax:Moments>
    </nax:Nax>
    </TPX>
    </Extensions>
    </Trackpoint>
<Trackpoint>
      <Time>
      2022-11-17T00:47:05.299Z
    </Time><DistanceMeters>
      2.543106277938932
    </DistanceMeters><Cadence>
      110.8723783493042
    </Cadence><SensorState>
      Present
    </SensorState><Extensions>
      <TPX xmlns="http://www.garmin.com/xmlschemas/ActivityExtension/v2">
      <nax:Nax>
      <nax:Moments>
      <nax:Halt xsi:type="nax:Halt_t" action="auto_pause">
      
    </nax:Halt>
    </nax:Moments>
    </nax:Nax>
    </TPX>
    </Extensions>
    </Trackpoint>
<Trackpoint>
      <Time>
      2022-11-17T00:47:07.863Z
    </Time><DistanceMeters>
      2.0986619601026177
    </DistanceMeters><SensorState>
      Present
    </SensorState><Extensions>
      <TPX xmlns="http://www.garmin.com/xmlschemas/ActivityExtension/v2">
      <ns3:Speed>
      1.1011879960700655
    </ns3:Speed><nax:Nax>
      <nax:Pace>
      15.135169222827425
    </nax:Pace><nax:Moments>
      <nax:Halt xsi:type="nax:Halt_t" action="auto_pause">
      
    </nax:Halt>
    </nax:Moments>
    </nax:Nax>
    </TPX>
    </Extensions>
    </Trackpoint>
<Trackpoint>
      <Time>
      2022-11-17T00:47:07.864Z
    </Time><Cadence>
      110.8723783493042
    </Cadence><SensorState>
      Present
    </SensorState><Extensions>
      <TPX xmlns="http://www.garmin.com/xmlschemas/ActivityExtension/v2">
      <nax:Nax>
      <nax:Moments>
      <nax:Halt xsi:type="nax:Halt_t" action="auto_pause">
      
    </nax:Halt>
    </nax:Moments>
    </nax:Nax>
    </TPX>
    </Extensions>
    </Trackpoint>
<Trackpoint>
      <Time>
      2022-11-17T00:47:07.865Z
    </Time><SensorState>
      Present
    </SensorState><Extensions>
      <TPX xmlns="http://www.garmin.com/xmlschemas/ActivityExtension/v2">
      <nax:Nax>
      <nax:Moments>
      <nax:Halt xsi:type="nax:Halt_t" action="auto_pause">
      
    </nax:Halt>
    </nax:Moments>
    </nax:Nax>
    </TPX>
    </Extensions>
    </Trackpoint>
<Trackpoint>
      <Time>
      2022-11-17T00:47:09.000Z
    </Time><SensorState>
      Present
    </SensorState><Extensions>
      <TPX xmlns="http://www.garmin.com/xmlschemas/ActivityExtension/v2">
      <nax:Nax>
      <nax:NikeFuel>
      2.0966929519598505
    </nax:NikeFuel><nax:Moments>
      <nax:Halt xsi:type="nax:Halt_t" action="auto_pause">
      
    </nax:Halt>
    </nax:Moments>
    </nax:Nax>
    </TPX>
    </Extensions>
    </Trackpoint>
<Trackpoint>
      <Time>
      2022-11-17T00:47:10.429Z
    </Time><DistanceMeters>
      2.0496953553520143
    </DistanceMeters><SensorState>
      Present
    </SensorState><Extensions>
      <TPX xmlns="http://www.garmin.com/xmlschemas/ActivityExtension/v2">
      <ns3:Speed>
      1.1011879960700655
    </ns3:Speed><nax:Nax>
      <nax:Pace>
      15.135169222827425
    </nax:Pace><nax:Moments>
      <nax:Halt xsi:type="nax:Halt_t" action="auto_pause">
      
    </nax:Halt>
    </nax:Moments>
    </nax:Nax>
    </TPX>
    </Extensions>
    </Trackpoint>
<Trackpoint>
      <Time>
      2022-11-17T00:47:10.430Z
    </Time><Cadence>
      110.8723783493042
    </Cadence><SensorState>
      Present
    </SensorState><Extensions>
      <TPX xmlns="http://www.garmin.com/xmlschemas/ActivityExtension/v2">
      <nax:Nax>
      <nax:Moments>
      <nax:Halt xsi:type="nax:Halt_t" action="auto_pause">
      
    </nax:Halt>
    </nax:Moments>
    </nax:Nax>
    </TPX>
    </Extensions>
    </Trackpoint>
<Trackpoint>
      <Time>
      2022-11-17T00:47:12.994Z
    </Time><SensorState>
      Present
    </SensorState><Extensions>
      <TPX xmlns="http://www.garmin.com/xmlschemas/ActivityExtension/v2">
      <ns3:Speed>
      1.1011879960700655
    </ns3:Speed><nax:Nax>
      <nax:Pace>
      15.135169222827425
    </nax:Pace><nax:Moments>
      <nax:Halt xsi:type="nax:Halt_t" action="auto_pause">
      
    </nax:Halt>
    </nax:Moments>
    </nax:Nax>
    </TPX>
    </Extensions>
    </Trackpoint>
<Trackpoint>
      <Time>
      2022-11-17T00:47:12.995Z
    </Time><DistanceMeters>
      2.939525824971497
    </DistanceMeters><Cadence>
      97.26406574249268
    </Cadence><SensorState>
      Present
    </SensorState><Extensions>
      <TPX xmlns="http://www.garmin.com/xmlschemas/ActivityExtension/v2">
      <nax:Nax>
      <nax:Moments>
      <nax:Halt xsi:type="nax:Halt_t" action="auto_pause">
      
    </nax:Halt>
    </nax:Moments>
    </nax:Nax>
    </TPX>
    </Extensions>
    </Trackpoint>
<Trackpoint>
      <Time>
      2022-11-17T00:47:13.152Z
    </Time><HeartRateBpm>
      <Value>
      128
    </Value>
    </HeartRateBpm><SensorState>
      Present
    </SensorState><Extensions>
      <TPX xmlns="http://www.garmin.com/xmlschemas/ActivityExtension/v2">
      <nax:Nax>
      <nax:Moments>
      <nax:Halt xsi:type="nax:Halt_t" action="auto_pause">
      
    </nax:Halt>
    </nax:Moments>
    </nax:Nax>
    </TPX>
    </Extensions>
    </Trackpoint>
<Trackpoint>
      <Time>
      2022-11-17T00:47:14.152Z
    </Time><HeartRateBpm>
      <Value>
      128
    </Value>
    </HeartRateBpm><SensorState>
      Present
    </SensorState><Extensions>
      <TPX xmlns="http://www.garmin.com/xmlschemas/ActivityExtension/v2">
      <nax:Nax>
      <nax:Moments>
      <nax:Halt xsi:type="nax:Halt_t" action="auto_pause">
      
    </nax:Halt>
    </nax:Moments>
    </nax:Nax>
    </TPX>
    </Extensions>
    </Trackpoint>
<Trackpoint>
      <Time>
      2022-11-17T00:47:15.000Z
    </Time><Position>
      <LatitudeDegrees>
      47.42878118983096
    </LatitudeDegrees><LongitudeDegrees>
      -122.29364467882834
    </LongitudeDegrees>
    </Position><AltitudeMeters>
      116.17758269421756
    </AltitudeMeters><SensorState>
      Present
    </SensorState><Extensions>
      <TPX xmlns="http://www.garmin.com/xmlschemas/ActivityExtension/v2">
      <nax:Nax>
      <nax:Moments>
      <nax:Halt xsi:type="nax:Halt_t" action="auto_pause">
      
    </nax:Halt>
    </nax:Moments>
    </nax:Nax>
    </TPX>
    </Extensions>
    </Trackpoint>
<Trackpoint>
      <Time>
      2022-11-17T00:47:15.560Z
    </Time><DistanceMeters>
      1.7059014006517828
    </DistanceMeters><SensorState>
      Present
    </SensorState><Extensions>
      <TPX xmlns="http://www.garmin.com/xmlschemas/ActivityExtension/v2">
      <ns3:Speed>
      0.9988181116303081
    </ns3:Speed><nax:Nax>
      <nax:Pace>
      16.68638811471161
    </nax:Pace><nax:Moments>
      <nax:Halt xsi:type="nax:Halt_t" action="auto_pause">
      
    </nax:Halt>
    </nax:Moments>
    </nax:Nax>
    </TPX>
    </Extensions>
    </Trackpoint>
<Trackpoint>
      <Time>
      2022-11-17T00:47:15.561Z
    </Time><Cadence>
      100.2649712562561
    </Cadence><SensorState>
      Present
    </SensorState><Extensions>
      <TPX xmlns="http://www.garmin.com/xmlschemas/ActivityExtension/v2">
      <nax:Nax>
      <nax:Moments>
      <nax:Halt xsi:type="nax:Halt_t" action="auto_pause">
      
    </nax:Halt>
    </nax:Moments>
    </nax:Nax>
    </TPX>
    </Extensions>
    </Trackpoint>
<Trackpoint>
      <Time>
      2022-11-17T00:47:18.125Z
    </Time><SensorState>
      Present
    </SensorState><Extensions>
      <TPX xmlns="http://www.garmin.com/xmlschemas/ActivityExtension/v2">
      <ns3:Speed>
      1.0078842694792234
    </ns3:Speed><nax:Nax>
      <nax:Pace>
      16.53629009933688
    </nax:Pace><nax:Moments>
      <nax:Halt xsi:type="nax:Halt_t" action="auto_pause">
      
    </nax:Halt>
    </nax:Moments>
    </nax:Nax>
    </TPX>
    </Extensions>
    </Trackpoint>
<Trackpoint>
      <Time>
      2022-11-17T00:47:18.126Z
    </Time><DistanceMeters>
      1.7988090110011399
    </DistanceMeters><Cadence>
      101.09838724136353
    </Cadence><SensorState>
      Present
    </SensorState><Extensions>
      <TPX xmlns="http://www.garmin.com/xmlschemas/ActivityExtension/v2">
      <nax:Nax>
      <nax:Moments>
      <nax:Halt xsi:type="nax:Halt_t" action="auto_pause">
      
    </nax:Halt>
    </nax:Moments>
    </nax:Nax>
    </TPX>
    </Extensions>
    </Trackpoint>
<Trackpoint>
      <Time>
      2022-11-17T00:47:19.000Z
    </Time><SensorState>
      Present
    </SensorState><Extensions>
      <TPX xmlns="http://www.garmin.com/xmlschemas/ActivityExtension/v2">
      <nax:Nax>
      <nax:NikeFuel>
      2.0304638138391806
    </nax:NikeFuel><nax:Moments>
      <nax:Halt xsi:type="nax:Halt_t" action="auto_pause">
      
    </nax:Halt>
    </nax:Moments>
    </nax:Nax>
    </TPX>
    </Extensions>
    </Trackpoint>
<Trackpoint>
      <Time>
      2022-11-17T00:47:20.690Z
    </Time><SensorState>
      Present
    </SensorState><Extensions>
      <TPX xmlns="http://www.garmin.com/xmlschemas/ActivityExtension/v2">
      <ns3:Speed>
      1.023390453064382
    </ns3:Speed><nax:Nax>
      <nax:Pace>
      16.285735924896457
    </nax:Pace><nax:Moments>
      <nax:Halt xsi:type="nax:Halt_t" action="auto_pause">
      
    </nax:Halt>
    </nax:Moments>
    </nax:Nax>
    </TPX>
    </Extensions>
    </Trackpoint>
<Trackpoint>
      <Time>
      2022-11-17T00:47:20.691Z
    </Time><DistanceMeters>
      3.4551354525610805
    </DistanceMeters><Cadence>
      101.40509605407715
    </Cadence><SensorState>
      Present
    </SensorState><Extensions>
      <TPX xmlns="http://www.garmin.com/xmlschemas/ActivityExtension/v2">
      <nax:Nax>
      <nax:Moments>
      <nax:Halt xsi:type="nax:Halt_t" action="auto_pause">
      
    </nax:Halt>
    </nax:Moments>
    </nax:Nax>
    </TPX>
    </Extensions>
    </Trackpoint>
<Trackpoint>
      <Time>
      2022-11-17T00:47:20.692Z
    </Time><SensorState>
      Present
    </SensorState><Extensions>
      <TPX xmlns="http://www.garmin.com/xmlschemas/ActivityExtension/v2">
      <nax:Nax>
      <nax:Moments>
      <nax:Halt xsi:type="nax:Halt_t" action="auto_pause">
      
    </nax:Halt>
    </nax:Moments>
    </nax:Nax>
    </TPX>
    </Extensions>
    </Trackpoint>
<Trackpoint>
      <Time>
      2022-11-17T00:47:22.152Z
    </Time><HeartRateBpm>
      <Value>
      124
    </Value>
    </HeartRateBpm><SensorState>
      Present
    </SensorState><Extensions>
      <TPX xmlns="http://www.garmin.com/xmlschemas/ActivityExtension/v2">
      <nax:Nax>
      <nax:Moments>
      <nax:Halt xsi:type="nax:Halt_t" action="auto_pause">
      
    </nax:Halt>
    </nax:Moments>
    </nax:Nax>
    </TPX>
    </Extensions>
    </Trackpoint>
<Trackpoint>
      <Time>
      2022-11-17T00:47:23.256Z
    </Time><SensorState>
      Present
    </SensorState><Extensions>
      <TPX xmlns="http://www.garmin.com/xmlschemas/ActivityExtension/v2">
      <ns3:Speed>
      1.0254221357183984
    </ns3:Speed><nax:Nax>
      <nax:Pace>
      16.253468777510058
    </nax:Pace><nax:Moments>
      <nax:Halt xsi:type="nax:Halt_t" action="auto_pause">
      
    </nax:Halt>
    </nax:Moments>
    </nax:Nax>
    </TPX>
    </Extensions>
    </Trackpoint>
<Trackpoint>
      <Time>
      2022-11-17T00:47:23.257Z
    </Time><DistanceMeters>
      2.9054132369346917
    </DistanceMeters><Cadence>
      101.40509605407715
    </Cadence><SensorState>
      Present
    </SensorState><Extensions>
      <TPX xmlns="http://www.garmin.com/xmlschemas/ActivityExtension/v2">
      <nax:Nax>
      <nax:Moments>
      <nax:Halt xsi:type="nax:Halt_t" action="auto_pause">
      
    </nax:Halt>
    </nax:Moments>
    </nax:Nax>
    </TPX>
    </Extensions>
    </Trackpoint>
<Trackpoint>
      <Time>
      2022-11-17T00:47:24.152Z
    </Time><HeartRateBpm>
      <Value>
      123
    </Value>
    </HeartRateBpm><SensorState>
      Present
    </SensorState><Extensions>
      <TPX xmlns="http://www.garmin.com/xmlschemas/ActivityExtension/v2">
      <nax:Nax>
      <nax:Moments>
      <nax:Halt xsi:type="nax:Halt_t" action="auto_pause">
      
    </nax:Halt>
    </nax:Moments>
    </nax:Nax>
    </TPX>
    </Extensions>
    </Trackpoint>
<Trackpoint>
      <Time>
      2022-11-17T00:47:25.822Z
    </Time><SensorState>
      Present
    </SensorState><Extensions>
      <TPX xmlns="http://www.garmin.com/xmlschemas/ActivityExtension/v2">
      <ns3:Speed>
      1.0254221357183984
    </ns3:Speed><nax:Nax>
      <nax:Pace>
      16.253468777510058
    </nax:Pace><nax:Moments>
      <nax:Halt xsi:type="nax:Halt_t" action="auto_pause">
      
    </nax:Halt>
    </nax:Moments>
    </nax:Nax>
    </TPX>
    </Extensions>
    </Trackpoint>
<Trackpoint>
      <Time>
      2022-11-17T00:47:25.823Z
    </Time><DistanceMeters>
      1.8289942499250174
    </DistanceMeters><Cadence>
      101.40509605407715
    </Cadence><SensorState>
      Present
    </SensorState><Extensions>
      <TPX xmlns="http://www.garmin.com/xmlschemas/ActivityExtension/v2">
      <nax:Nax>
      <nax:Moments>
      <nax:Halt xsi:type="nax:Halt_t" action="auto_pause">
      
    </nax:Halt>
    </nax:Moments>
    </nax:Nax>
    </TPX>
    </Extensions>
    </Trackpoint>
<Trackpoint>
      <Time>
      2022-11-17T00:47:25.999Z
    </Time><Position>
      <LatitudeDegrees>
      47.42868864274081
    </LatitudeDegrees><LongitudeDegrees>
      -122.2936737110121
    </LongitudeDegrees>
    </Position><AltitudeMeters>
      115.05944096017629
    </AltitudeMeters><SensorState>
      Present
    </SensorState><Extensions>
      <TPX xmlns="http://www.garmin.com/xmlschemas/ActivityExtension/v2">
      <nax:Nax>
      <nax:AscentInMeters>
      1.1152146244421601
    </nax:AscentInMeters><nax:Moments>
      <nax:Halt xsi:type="nax:Halt_t" action="auto_pause">
      
    </nax:Halt>
    </nax:Moments>
    </nax:Nax>
    </TPX>
    </Extensions>
    </Trackpoint>
<Trackpoint>
      <Time>
      2022-11-17T00:47:28.387Z
    </Time><SensorState>
      Present
    </SensorState><Extensions>
      <TPX xmlns="http://www.garmin.com/xmlschemas/ActivityExtension/v2">
      <ns3:Speed>
      0.9282004720849281
    </ns3:Speed><nax:Nax>
      <nax:Pace>
      17.95589117642865
    </nax:Pace><nax:Moments>
      <nax:Halt xsi:type="nax:Halt_t" action="auto_pause">
      
    </nax:Halt>
    </nax:Moments>
    </nax:Nax>
    </TPX>
    </Extensions>
    </Trackpoint>
<Trackpoint>
      <Time>
      2022-11-17T00:47:28.388Z
    </Time><DistanceMeters>
      3.3431181740015745
    </DistanceMeters><Cadence>
      101.40509605407715
    </Cadence><SensorState>
      Present
    </SensorState><Extensions>
      <TPX xmlns="http://www.garmin.com/xmlschemas/ActivityExtension/v2">
      <nax:Nax>
      <nax:Moments>
      <nax:Halt xsi:type="nax:Halt_t" action="auto_pause">
      
    </nax:Halt>
    </nax:Moments>
    </nax:Nax>
    </TPX>
    </Extensions>
    </Trackpoint>
<Trackpoint>
      <Time>
      2022-11-17T00:47:29.000Z
    </Time><SensorState>
      Present
    </SensorState><Extensions>
      <TPX xmlns="http://www.garmin.com/xmlschemas/ActivityExtension/v2">
      <nax:Nax>
      <nax:NikeFuel>
      1.9433207760667446
    </nax:NikeFuel><nax:Moments>
      <nax:Halt xsi:type="nax:Halt_t" action="auto_pause">
      
    </nax:Halt>
    </nax:Moments>
    </nax:Nax>
    </TPX>
    </Extensions>
    </Trackpoint>
<Trackpoint>
      <Time>
      2022-11-17T00:47:30.952Z
    </Time><SensorState>
      Present
    </SensorState><Extensions>
      <TPX xmlns="http://www.garmin.com/xmlschemas/ActivityExtension/v2">
      <ns3:Speed>
      0.929091650412702
    </ns3:Speed><nax:Nax>
      <nax:Pace>
      17.93866800897774
    </nax:Pace><nax:Moments>
      <nax:Halt xsi:type="nax:Halt_t" action="auto_pause">
      
    </nax:Halt>
    </nax:Moments>
    </nax:Nax>
    </TPX>
    </Extensions>
    </Trackpoint>
<Trackpoint>
      <Time>
      2022-11-17T00:47:30.953Z
    </Time><DistanceMeters>
      2.1750796078704298
    </DistanceMeters><Cadence>
      101.40509605407715
    </Cadence><SensorState>
      Present
    </SensorState><Extensions>
      <TPX xmlns="http://www.garmin.com/xmlschemas/ActivityExtension/v2">
      <nax:Nax>
      <nax:Moments>
      <nax:Halt xsi:type="nax:Halt_t" action="auto_pause">
      
    </nax:Halt>
    </nax:Moments>
    </nax:Nax>
    </TPX>
    </Extensions>
    </Trackpoint>
<Trackpoint>
      <Time>
      2022-11-17T00:47:31.152Z
    </Time><HeartRateBpm>
      <Value>
      122
    </Value>
    </HeartRateBpm><SensorState>
      Present
    </SensorState><Extensions>
      <TPX xmlns="http://www.garmin.com/xmlschemas/ActivityExtension/v2">
      <nax:Nax>
      <nax:Moments>
      <nax:Halt xsi:type="nax:Halt_t" action="auto_pause">
      
    </nax:Halt>
    </nax:Moments>
    </nax:Nax>
    </TPX>
    </Extensions>
    </Trackpoint>
<Trackpoint>
      <Time>
      2022-11-17T00:47:33.518Z
    </Time><SensorState>
      Present
    </SensorState><Extensions>
      <TPX xmlns="http://www.garmin.com/xmlschemas/ActivityExtension/v2">
      <ns3:Speed>
      0.9264866010616081
    </ns3:Speed><nax:Nax>
      <nax:Pace>
      17.98910707134813
    </nax:Pace><nax:Moments>
      <nax:Halt xsi:type="nax:Halt_t" action="auto_pause">
      
    </nax:Halt>
    </nax:Moments>
    </nax:Nax>
    </TPX>
    </Extensions>
    </Trackpoint>
<Trackpoint>
      <Time>
      2022-11-17T00:47:33.519Z
    </Time><DistanceMeters>
      2.3017675820738077
    </DistanceMeters><Cadence>
      102.05615043640137
    </Cadence><SensorState>
      Present
    </SensorState><Extensions>
      <TPX xmlns="http://www.garmin.com/xmlschemas/ActivityExtension/v2">
      <nax:Nax>
      <nax:Moments>
      <nax:Halt xsi:type="nax:Halt_t" action="auto_pause">
      
    </nax:Halt>
    </nax:Moments>
    </nax:Nax>
    </TPX>
    </Extensions>
    </Trackpoint>
<Trackpoint>
      <Time>
      2022-11-17T00:47:35.152Z
    </Time><HeartRateBpm>
      <Value>
      123
    </Value>
    </HeartRateBpm><SensorState>
      Present
    </SensorState><Extensions>
      <TPX xmlns="http://www.garmin.com/xmlschemas/ActivityExtension/v2">
      <nax:Nax>
      <nax:Moments>
      <nax:Halt xsi:type="nax:Halt_t" action="auto_pause">
      
    </nax:Halt>
    </nax:Moments>
    </nax:Nax>
    </TPX>
    </Extensions>
    </Trackpoint>
<Trackpoint>
      <Time>
      2022-11-17T00:47:35.999Z
    </Time><Position>
      <LatitudeDegrees>
      47.42859706848593
    </LatitudeDegrees><LongitudeDegrees>
      -122.29368878339375
    </LongitudeDegrees>
    </Position><AltitudeMeters>
      114.77551639359444
    </AltitudeMeters><SensorState>
      Present
    </SensorState><Extensions>
      <TPX xmlns="http://www.garmin.com/xmlschemas/ActivityExtension/v2">
      <nax:Nax>
      <nax:Moments>
      <nax:Halt xsi:type="nax:Halt_t" action="auto_pause">
      
    </nax:Halt>
    </nax:Moments>
    </nax:Nax>
    </TPX>
    </Extensions>
    </Trackpoint>
<Trackpoint>
      <Time>
      2022-11-17T00:47:36.083Z
    </Time><SensorState>
      Present
    </SensorState><Extensions>
      <TPX xmlns="http://www.garmin.com/xmlschemas/ActivityExtension/v2">
      <ns3:Speed>
      0.9310158149413822
    </ns3:Speed><nax:Nax>
      <nax:Pace>
      17.901593505923437
    </nax:Pace><nax:Moments>
      <nax:Halt xsi:type="nax:Halt_t" action="auto_pause">
      
    </nax:Halt>
    </nax:Moments>
    </nax:Nax>
    </TPX>
    </Extensions>
    </Trackpoint>
<Trackpoint>
      <Time>
      2022-11-17T00:47:36.084Z
    </Time><DistanceMeters>
      2.4174326844513416
    </DistanceMeters><Cadence>
      102.17188596725464
    </Cadence><SensorState>
      Present
    </SensorState><Extensions>
      <TPX xmlns="http://www.garmin.com/xmlschemas/ActivityExtension/v2">
      <nax:Nax>
      <nax:Moments>
      <nax:Halt xsi:type="nax:Halt_t" action="auto_pause">
      
    </nax:Halt>
    </nax:Moments>
    </nax:Nax>
    </TPX>
    </Extensions>
    </Trackpoint>
<Trackpoint>
      <Time>
      2022-11-17T00:47:38.649Z
    </Time><SensorState>
      Present
    </SensorState><Extensions>
      <TPX xmlns="http://www.garmin.com/xmlschemas/ActivityExtension/v2">
      <ns3:Speed>
      0.943943976434264
    </ns3:Speed><nax:Nax>
      <nax:Pace>
      17.656415086862232
    </nax:Pace><nax:Moments>
      <nax:Halt xsi:type="nax:Halt_t" action="auto_pause">
      
    </nax:Halt>
    </nax:Moments>
    </nax:Nax>
    </TPX>
    </Extensions>
    </Trackpoint>
<Trackpoint>
      <Time>
      2022-11-17T00:47:38.650Z
    </Time><DistanceMeters>
      3.4357195114716887
    </DistanceMeters><Cadence>
      102.17188596725464
    </Cadence><SensorState>
      Present
    </SensorState><Extensions>
      <TPX xmlns="http://www.garmin.com/xmlschemas/ActivityExtension/v2">
      <nax:Nax>
      <nax:Moments>
      <nax:Halt xsi:type="nax:Halt_t" action="auto_pause">
      
    </nax:Halt>
    </nax:Moments>
    </nax:Nax>
    </TPX>
    </Extensions>
    </Trackpoint>
<Trackpoint>
      <Time>
      2022-11-17T00:47:39.000Z
    </Time><SensorState>
      Present
    </SensorState><Extensions>
      <TPX xmlns="http://www.garmin.com/xmlschemas/ActivityExtension/v2">
      <nax:Nax>
      <nax:NikeFuel>
      1.9921870612999126
    </nax:NikeFuel><nax:Moments>
      <nax:Halt xsi:type="nax:Halt_t" action="auto_pause">
      
    </nax:Halt>
    </nax:Moments>
    </nax:Nax>
    </TPX>
    </Extensions>
    </Trackpoint>
<Trackpoint>
      <Time>
      2022-11-17T00:47:41.215Z
    </Time><SensorState>
      Present
    </SensorState><Extensions>
      <TPX xmlns="http://www.garmin.com/xmlschemas/ActivityExtension/v2">
      <ns3:Speed>
      0.9535071035795224
    </ns3:Speed><nax:Nax>
      <nax:Pace>
      17.479331411479794
    </nax:Pace><nax:Moments>
      <nax:Halt xsi:type="nax:Halt_t" action="auto_pause">
      
    </nax:Halt>
    </nax:Moments>
    </nax:Nax>
    </TPX>
    </Extensions>
    </Trackpoint>
<Trackpoint>
      <Time>
      2022-11-17T00:47:41.216Z
    </Time><DistanceMeters>
      2.454167153686285
    </DistanceMeters><Cadence>
      102.70665407180786
    </Cadence><SensorState>
      Present
    </SensorState><Extensions>
      <TPX xmlns="http://www.garmin.com/xmlschemas/ActivityExtension/v2">
      <nax:Nax>
      <nax:Moments>
      <nax:Halt xsi:type="nax:Halt_t" action="auto_pause">
      
    </nax:Halt>
    </nax:Moments>
    </nax:Nax>
    </TPX>
    </Extensions>
    </Trackpoint>
<Trackpoint>
      <Time>
      2022-11-17T00:47:43.152Z
    </Time><HeartRateBpm>
      <Value>
      121
    </Value>
    </HeartRateBpm><SensorState>
      Present
    </SensorState><Extensions>
      <TPX xmlns="http://www.garmin.com/xmlschemas/ActivityExtension/v2">
      <nax:Nax>
      <nax:Moments>
      <nax:Halt xsi:type="nax:Halt_t" action="auto_pause">
      
    </nax:Halt>
    </nax:Moments>
    </nax:Nax>
    </TPX>
    </Extensions>
    </Trackpoint>
<Trackpoint>
      <Time>
      2022-11-17T00:47:43.780Z
    </Time><SensorState>
      Present
    </SensorState><Extensions>
      <TPX xmlns="http://www.garmin.com/xmlschemas/ActivityExtension/v2">
      <ns3:Speed>
      0.9674188440985482
    </ns3:Speed><nax:Nax>
      <nax:Pace>
      17.22797397253188
    </nax:Pace><nax:Moments>
      <nax:Halt xsi:type="nax:Halt_t" action="auto_pause">
      
    </nax:Halt>
    </nax:Moments>
    </nax:Nax>
    </TPX>
    </Extensions>
    </Trackpoint>
<Trackpoint>
      <Time>
      2022-11-17T00:47:43.781Z
    </Time><DistanceMeters>
      4.151013712864369
    </DistanceMeters><Cadence>
      102.70665407180786
    </Cadence><SensorState>
      Present
    </SensorState><Extensions>
      <TPX xmlns="http://www.garmin.com/xmlschemas/ActivityExtension/v2">
      <nax:Nax>
      <nax:Moments>
      <nax:Halt xsi:type="nax:Halt_t" action="auto_pause">
      
    </nax:Halt>
    </nax:Moments>
    </nax:Nax>
    </TPX>
    </Extensions>
    </Trackpoint>
<Trackpoint>
      <Time>
      2022-11-17T00:47:43.782Z
    </Time><SensorState>
      Present
    </SensorState><Extensions>
      <TPX xmlns="http://www.garmin.com/xmlschemas/ActivityExtension/v2">
      <nax:Nax>
      <nax:Moments>
      <nax:Halt xsi:type="nax:Halt_t" action="auto_pause">
      
    </nax:Halt>
    </nax:Moments>
    </nax:Nax>
    </TPX>
    </Extensions>
    </Trackpoint>
<Trackpoint>
      <Time>
      2022-11-17T00:47:44.999Z
    </Time><Position>
      <LatitudeDegrees>
      47.428505522912964
    </LatitudeDegrees><LongitudeDegrees>
      -122.29366957748029
    </LongitudeDegrees>
    </Position><AltitudeMeters>
      115.3817155379802
    </AltitudeMeters><SensorState>
      Present
    </SensorState><Extensions>
      <TPX xmlns="http://www.garmin.com/xmlschemas/ActivityExtension/v2">
      <nax:Nax>
      <nax:Moments>
      <nax:Halt xsi:type="nax:Halt_t" action="auto_pause">
      
    </nax:Halt>
    </nax:Moments>
    </nax:Nax>
    </TPX>
    </Extensions>
    </Trackpoint>
<Trackpoint>
      <Time>
      2022-11-17T00:47:46.346Z
    </Time><SensorState>
      Present
    </SensorState><Extensions>
      <TPX xmlns="http://www.garmin.com/xmlschemas/ActivityExtension/v2">
      <ns3:Speed>
      0.9805008462101142
    </ns3:Speed><nax:Nax>
      <nax:Pace>
      16.998115535634245
    </nax:Pace><nax:Moments>
      <nax:Halt xsi:type="nax:Halt_t" action="auto_pause">
      
    </nax:Halt>
    </nax:Moments>
    </nax:Nax>
    </TPX>
    </Extensions>
    </Trackpoint>
<Trackpoint>
      <Time>
      2022-11-17T00:47:46.347Z
    </Time><DistanceMeters>
      1.8412505723536015
    </DistanceMeters><Cadence>
      102.70665407180786
    </Cadence><SensorState>
      Present
    </SensorState><Extensions>
      <TPX xmlns="http://www.garmin.com/xmlschemas/ActivityExtension/v2">
      <nax:Nax>
      <nax:Moments>
      <nax:Halt xsi:type="nax:Halt_t" action="auto_pause">
      
    </nax:Halt>
    </nax:Moments>
    </nax:Nax>
    </TPX>
    </Extensions>
    </Trackpoint>
<Trackpoint>
      <Time>
      2022-11-17T00:47:48.152Z
    </Time><HeartRateBpm>
      <Value>
      121
    </Value>
    </HeartRateBpm><SensorState>
      Present
    </SensorState><Extensions>
      <TPX xmlns="http://www.garmin.com/xmlschemas/ActivityExtension/v2">
      <nax:Nax>
      <nax:Moments>
      <nax:Halt xsi:type="nax:Halt_t" action="auto_pause">
      
    </nax:Halt>
    </nax:Moments>
    </nax:Nax>
    </TPX>
    </Extensions>
    </Trackpoint>
<Trackpoint>
      <Time>
      2022-11-17T00:47:48.911Z
    </Time><SensorState>
      Present
    </SensorState><Extensions>
      <TPX xmlns="http://www.garmin.com/xmlschemas/ActivityExtension/v2">
      <ns3:Speed>
      0.9815801576456031
    </ns3:Speed><nax:Nax>
      <nax:Pace>
      16.979424998405605
    </nax:Pace><nax:Moments>
      <nax:Halt xsi:type="nax:Halt_t" action="auto_pause">
      
    </nax:Halt>
    </nax:Moments>
    </nax:Nax>
    </TPX>
    </Extensions>
    </Trackpoint>
<Trackpoint>
      <Time>
      2022-11-17T00:47:48.912Z
    </Time><DistanceMeters>
      2.090456028468907
    </DistanceMeters><Cadence>
      102.70665407180786
    </Cadence><SensorState>
      Present
    </SensorState><Extensions>
      <TPX xmlns="http://www.garmin.com/xmlschemas/ActivityExtension/v2">
      <nax:Nax>
      <nax:Moments>
      <nax:Halt xsi:type="nax:Halt_t" action="auto_pause">
      
    </nax:Halt>
    </nax:Moments>
    </nax:Nax>
    </TPX>
    </Extensions>
    </Trackpoint>
<Trackpoint>
      <Time>
      2022-11-17T00:47:49.000Z
    </Time><SensorState>
      Present
    </SensorState><Extensions>
      <TPX xmlns="http://www.garmin.com/xmlschemas/ActivityExtension/v2">
      <nax:Nax>
      <nax:NikeFuel>
      2.005205780938425
    </nax:NikeFuel><nax:Moments>
      <nax:Halt xsi:type="nax:Halt_t" action="auto_pause">
      
    </nax:Halt>
    </nax:Moments>
    </nax:Nax>
    </TPX>
    </Extensions>
    </Trackpoint>
<Trackpoint>
      <Time>
      2022-11-17T00:47:51.477Z
    </Time><SensorState>
      Present
    </SensorState><Extensions>
      <TPX xmlns="http://www.garmin.com/xmlschemas/ActivityExtension/v2">
      <ns3:Speed>
      0.9818243333551211
    </ns3:Speed><nax:Nax>
      <nax:Pace>
      16.975202284621332
    </nax:Pace><nax:Moments>
      <nax:Halt xsi:type="nax:Halt_t" action="auto_pause">
      
    </nax:Halt>
    </nax:Moments>
    </nax:Nax>
    </TPX>
    </Extensions>
    </Trackpoint>
<Trackpoint>
      <Time>
      2022-11-17T00:47:51.478Z
    </Time><DistanceMeters>
      2.5275493287481368
    </DistanceMeters><Cadence>
      102.70665407180786
    </Cadence><SensorState>
      Present
    </SensorState><Extensions>
      <TPX xmlns="http://www.garmin.com/xmlschemas/ActivityExtension/v2">
      <nax:Nax>
      <nax:Moments>
      <nax:Halt xsi:type="nax:Halt_t" action="auto_pause">
      
    </nax:Halt>
    </nax:Moments>
    </nax:Nax>
    </TPX>
    </Extensions>
    </Trackpoint>
<Trackpoint>
      <Time>
      2022-11-17T00:47:52.152Z
    </Time><HeartRateBpm>
      <Value>
      122
    </Value>
    </HeartRateBpm><SensorState>
      Present
    </SensorState><Extensions>
      <TPX xmlns="http://www.garmin.com/xmlschemas/ActivityExtension/v2">
      <nax:Nax>
      <nax:Moments>
      <nax:Halt xsi:type="nax:Halt_t" action="auto_pause">
      
    </nax:Halt>
    </nax:Moments>
    </nax:Nax>
    </TPX>
    </Extensions>
    </Trackpoint>
<Trackpoint>
      <Time>
      2022-11-17T00:47:54.042Z
    </Time><SensorState>
      Present
    </SensorState><Extensions>
      <TPX xmlns="http://www.garmin.com/xmlschemas/ActivityExtension/v2">
      <ns3:Speed>
      0.9810947102882384
    </ns3:Speed><nax:Nax>
      <nax:Pace>
      16.987826447224574
    </nax:Pace><nax:Moments>
      <nax:Halt xsi:type="nax:Halt_t" action="auto_pause">
      
    </nax:Halt>
    </nax:Moments>
    </nax:Nax>
    </TPX>
    </Extensions>
    </Trackpoint>
<Trackpoint>
      <Time>
      2022-11-17T00:47:54.043Z
    </Time><Cadence>
      102.70665407180786
    </Cadence><SensorState>
      Present
    </SensorState><Extensions>
      <TPX xmlns="http://www.garmin.com/xmlschemas/ActivityExtension/v2">
      <nax:Nax>
      <nax:Moments>
      <nax:Halt xsi:type="nax:Halt_t" action="auto_pause">
      
    </nax:Halt>
    </nax:Moments>
    </nax:Nax>
    </TPX>
    </Extensions>
    </Trackpoint>
<Trackpoint>
      <Time>
      2022-11-17T00:47:55.152Z
    </Time><HeartRateBpm>
      <Value>
      122
    </Value>
    </HeartRateBpm><SensorState>
      Present
    </SensorState><Extensions>
      <TPX xmlns="http://www.garmin.com/xmlschemas/ActivityExtension/v2">
      <nax:Nax>
      <nax:Moments>
      <nax:Halt xsi:type="nax:Halt_t" action="auto_pause">
      
    </nax:Halt>
    </nax:Moments>
    </nax:Nax>
    </TPX>
    </Extensions>
    </Trackpoint>
<Trackpoint>
      <Time>
      2022-11-17T00:47:56.606Z
    </Time><SensorState>
      Present
    </SensorState><Extensions>
      <TPX xmlns="http://www.garmin.com/xmlschemas/ActivityExtension/v2">
      <ns3:Speed>
      0.9798011925620025
    </ns3:Speed><nax:Nax>
      <nax:Pace>
      17.010253501617356
    </nax:Pace><nax:Moments>
      <nax:Halt xsi:type="nax:Halt_t" action="auto_pause">
      
    </nax:Halt>
    </nax:Moments>
    </nax:Nax>
    </TPX>
    </Extensions>
    </Trackpoint>
<Trackpoint>
      <Time>
      2022-11-17T00:47:56.607Z
    </Time><Cadence>
      101.22063159942627
    </Cadence><SensorState>
      Present
    </SensorState><Extensions>
      <TPX xmlns="http://www.garmin.com/xmlschemas/ActivityExtension/v2">
      <nax:Nax>
      <nax:Moments>
      <nax:Halt xsi:type="nax:Halt_t" action="auto_pause">
      
    </nax:Halt>
    </nax:Moments>
    </nax:Nax>
    </TPX>
    </Extensions>
    </Trackpoint>
<Trackpoint>
      <Time>
      2022-11-17T00:47:56.608Z
    </Time><SensorState>
      Present
    </SensorState><Extensions>
      <TPX xmlns="http://www.garmin.com/xmlschemas/ActivityExtension/v2">
      <nax:Nax>
      <nax:Moments>
      <nax:Halt xsi:type="nax:Halt_t" action="auto_pause">
      
    </nax:Halt>
    </nax:Moments>
    </nax:Nax>
    </TPX>
    </Extensions>
    </Trackpoint>
<Trackpoint>
      <Time>
      2022-11-17T00:47:59.000Z
    </Time><SensorState>
      Present
    </SensorState><Extensions>
      <TPX xmlns="http://www.garmin.com/xmlschemas/ActivityExtension/v2">
      <nax:Nax>
      <nax:NikeFuel>
      2.084912706841899
    </nax:NikeFuel><nax:Moments>
      <nax:Halt xsi:type="nax:Halt_t" action="auto_pause">
      
    </nax:Halt>
    </nax:Moments>
    </nax:Nax>
    </TPX>
    </Extensions>
    </Trackpoint>
<Trackpoint>
      <Time>
      2022-11-17T00:47:59.152Z
    </Time><HeartRateBpm>
      <Value>
      123
    </Value>
    </HeartRateBpm><SensorState>
      Present
    </SensorState><Extensions>
      <TPX xmlns="http://www.garmin.com/xmlschemas/ActivityExtension/v2">
      <nax:Nax>
      <nax:Moments>
      <nax:Halt xsi:type="nax:Halt_t" action="auto_pause">
      
    </nax:Halt>
    </nax:Moments>
    </nax:Nax>
    </TPX>
    </Extensions>
    </Trackpoint>
<Trackpoint>
      <Time>
      2022-11-17T00:47:59.174Z
    </Time><SensorState>
      Present
    </SensorState><Extensions>
      <TPX xmlns="http://www.garmin.com/xmlschemas/ActivityExtension/v2">
      <ns3:Speed>
      0.9773978378919982
    </ns3:Speed><nax:Nax>
      <nax:Pace>
      17.0520805556645
    </nax:Pace><nax:Moments>
      <nax:Halt xsi:type="nax:Halt_t" action="auto_pause">
      
    </nax:Halt>
    </nax:Moments>
    </nax:Nax>
    </TPX>
    </Extensions>
    </Trackpoint>
<Trackpoint>
      <Time>
      2022-11-17T00:47:59.175Z
    </Time><DistanceMeters>
      0.5339379319921136
    </DistanceMeters><Cadence>
      101.22063159942627
    </Cadence><SensorState>
      Present
    </SensorState><Extensions>
      <TPX xmlns="http://www.garmin.com/xmlschemas/ActivityExtension/v2">
      <nax:Nax>
      <nax:Moments>
      <nax:Halt xsi:type="nax:Halt_t" action="auto_pause">
      
    </nax:Halt>
    </nax:Moments>
    </nax:Nax>
    </TPX>
    </Extensions>
    </Trackpoint>
<Trackpoint>
      <Time>
      2022-11-17T00:48:01.738Z
    </Time><DistanceMeters>
      0.6435695053078234
    </DistanceMeters><SensorState>
      Present
    </SensorState><Extensions>
      <TPX xmlns="http://www.garmin.com/xmlschemas/ActivityExtension/v2">
      <ns3:Speed>
      1.0546080850749047
    </ns3:Speed><nax:Nax>
      <nax:Pace>
      15.803659105726368
    </nax:Pace><nax:Moments>
      <nax:Halt xsi:type="nax:Halt_t" action="auto_pause">
      
    </nax:Halt>
    </nax:Moments>
    </nax:Nax>
    </TPX>
    </Extensions>
    </Trackpoint>
<Trackpoint>
      <Time>
      2022-11-17T00:48:01.739Z
    </Time><Cadence>
      101.22063159942627
    </Cadence><SensorState>
      Present
    </SensorState><Extensions>
      <TPX xmlns="http://www.garmin.com/xmlschemas/ActivityExtension/v2">
      <nax:Nax>
      <nax:Moments>
      <nax:Halt xsi:type="nax:Halt_t" action="auto_pause">
      
    </nax:Halt>
    </nax:Moments>
    </nax:Nax>
    </TPX>
    </Extensions>
    </Trackpoint>
<Trackpoint>
      <Time>
      2022-11-17T00:48:04.152Z
    </Time><HeartRateBpm>
      <Value>
      124
    </Value>
    </HeartRateBpm><SensorState>
      Present
    </SensorState><Extensions>
      <TPX xmlns="http://www.garmin.com/xmlschemas/ActivityExtension/v2">
      <nax:Nax>
      <nax:Moments>
      <nax:Halt xsi:type="nax:Halt_t" action="auto_pause">
      
    </nax:Halt>
    </nax:Moments>
    </nax:Nax>
    </TPX>
    </Extensions>
    </Trackpoint>
<Trackpoint>
      <Time>
      2022-11-17T00:48:04.304Z
    </Time><SensorState>
      Present
    </SensorState><Extensions>
      <TPX xmlns="http://www.garmin.com/xmlschemas/ActivityExtension/v2">
      <ns3:Speed>
      1.0546080850749047
    </ns3:Speed><nax:Nax>
      <nax:Pace>
      15.803659105726368
    </nax:Pace><nax:Moments>
      <nax:Halt xsi:type="nax:Halt_t" action="auto_pause">
      
    </nax:Halt>
    </nax:Moments>
    </nax:Nax>
    </TPX>
    </Extensions>
    </Trackpoint>
<Trackpoint>
      <Time>
      2022-11-17T00:48:04.305Z
    </Time><Cadence>
      101.22063159942627
    </Cadence><SensorState>
      Present
    </SensorState><Extensions>
      <TPX xmlns="http://www.garmin.com/xmlschemas/ActivityExtension/v2">
      <nax:Nax>
      <nax:Moments>
      <nax:Halt xsi:type="nax:Halt_t" action="auto_pause">
      
    </nax:Halt>
    </nax:Moments>
    </nax:Nax>
    </TPX>
    </Extensions>
    </Trackpoint>
<Trackpoint>
      <Time>
      2022-11-17T00:48:04.999Z
    </Time><Position>
      <LatitudeDegrees>
      47.42842991937421
    </LatitudeDegrees><LongitudeDegrees>
      -122.29374402414639
    </LongitudeDegrees>
    </Position><AltitudeMeters>
      115.67819241993129
    </AltitudeMeters><SensorState>
      Present
    </SensorState><Extensions>
      <TPX xmlns="http://www.garmin.com/xmlschemas/ActivityExtension/v2">
      <nax:Nax>
      <nax:AscentInMeters>
      1.0065515351481764
    </nax:AscentInMeters><nax:Moments>
      <nax:Halt xsi:type="nax:Halt_t" action="auto_pause">
      
    </nax:Halt>
    </nax:Moments>
    </nax:Nax>
    </TPX>
    </Extensions>
    </Trackpoint>
<Trackpoint>
      <Time>
      2022-11-17T00:48:06.870Z
    </Time><DistanceMeters>
      3.861417032312602
    </DistanceMeters><SensorState>
      Present
    </SensorState><Extensions>
      <TPX xmlns="http://www.garmin.com/xmlschemas/ActivityExtension/v2">
      <ns3:Speed>
      1.0857085302064466
    </ns3:Speed><nax:Nax>
      <nax:Pace>
      15.350958570342554
    </nax:Pace><nax:Moments>
      <nax:Halt xsi:type="nax:Halt_t" action="auto_pause">
      
    </nax:Halt>
    </nax:Moments>
    </nax:Nax>
    </TPX>
    </Extensions>
    </Trackpoint>
<Trackpoint>
      <Time>
      2022-11-17T00:48:06.871Z
    </Time><Cadence>
      101.22063159942627
    </Cadence><SensorState>
      Present
    </SensorState><Extensions>
      <TPX xmlns="http://www.garmin.com/xmlschemas/ActivityExtension/v2">
      <nax:Nax>
      <nax:Moments>
      <nax:Halt xsi:type="nax:Halt_t" action="auto_pause">
      
    </nax:Halt>
    </nax:Moments>
    </nax:Nax>
    </TPX>
    </Extensions>
    </Trackpoint>
<Trackpoint>
      <Time>
      2022-11-17T00:48:09.000Z
    </Time><SensorState>
      Present
    </SensorState><Extensions>
      <TPX xmlns="http://www.garmin.com/xmlschemas/ActivityExtension/v2">
      <nax:Nax>
      <nax:NikeFuel>
      2.1196262837286795
    </nax:NikeFuel><nax:Moments>
      <nax:Halt xsi:type="nax:Halt_t" action="auto_pause">
      
    </nax:Halt>
    </nax:Moments>
    </nax:Nax>
    </TPX>
    </Extensions>
    </Trackpoint>
<Trackpoint>
      <Time>
      2022-11-17T00:48:09.152Z
    </Time><HeartRateBpm>
      <Value>
      124
    </Value>
    </HeartRateBpm><SensorState>
      Present
    </SensorState><Extensions>
      <TPX xmlns="http://www.garmin.com/xmlschemas/ActivityExtension/v2">
      <nax:Nax>
      <nax:Moments>
      <nax:Halt xsi:type="nax:Halt_t" action="auto_pause">
      
    </nax:Halt>
    </nax:Moments>
    </nax:Nax>
    </TPX>
    </Extensions>
    </Trackpoint>
<Trackpoint>
      <Time>
      2022-11-17T00:48:09.436Z
    </Time><SensorState>
      Present
    </SensorState><Extensions>
      <TPX xmlns="http://www.garmin.com/xmlschemas/ActivityExtension/v2">
      <ns3:Speed>
      1.0546080850749047
    </ns3:Speed><nax:Nax>
      <nax:Pace>
      15.803659105726368
    </nax:Pace><nax:Moments>
      <nax:Halt xsi:type="nax:Halt_t" action="auto_pause">
      
    </nax:Halt>
    </nax:Moments>
    </nax:Nax>
    </TPX>
    </Extensions>
    </Trackpoint>
<Trackpoint>
      <Time>
      2022-11-17T00:48:09.437Z
    </Time><Cadence>
      101.22063159942627
    </Cadence><SensorState>
      Present
    </SensorState><Extensions>
      <TPX xmlns="http://www.garmin.com/xmlschemas/ActivityExtension/v2">
      <nax:Nax>
      <nax:Moments>
      <nax:Halt xsi:type="nax:Halt_t" action="auto_pause">
      
    </nax:Halt>
    </nax:Moments>
    </nax:Nax>
    </TPX>
    </Extensions>
    </Trackpoint>
<Trackpoint>
      <Time>
      2022-11-17T00:48:12.001Z
    </Time><DistanceMeters>
      0.6435695053078234
    </DistanceMeters><SensorState>
      Present
    </SensorState><Extensions>
      <TPX xmlns="http://www.garmin.com/xmlschemas/ActivityExtension/v2">
      <ns3:Speed>
      1.0857085302064466
    </ns3:Speed><nax:Nax>
      <nax:Pace>
      15.350958570342554
    </nax:Pace><nax:Moments>
      <nax:Halt xsi:type="nax:Halt_t" action="auto_pause">
      
    </nax:Halt>
    </nax:Moments>
    </nax:Nax>
    </TPX>
    </Extensions>
    </Trackpoint>
<Trackpoint>
      <Time>
      2022-11-17T00:48:12.002Z
    </Time><Cadence>
      101.22063159942627
    </Cadence><SensorState>
      Present
    </SensorState><Extensions>
      <TPX xmlns="http://www.garmin.com/xmlschemas/ActivityExtension/v2">
      <nax:Nax>
      <nax:Moments>
      <nax:Halt xsi:type="nax:Halt_t" action="auto_pause">
      
    </nax:Halt>
    </nax:Moments>
    </nax:Nax>
    </TPX>
    </Extensions>
    </Trackpoint>
<Trackpoint>
      <Time>
      2022-11-17T00:48:14.566Z
    </Time><SensorState>
      Present
    </SensorState><Extensions>
      <TPX xmlns="http://www.garmin.com/xmlschemas/ActivityExtension/v2">
      <ns3:Speed>
      1.0857085302064466
    </ns3:Speed><nax:Nax>
      <nax:Pace>
      15.350958570342554
    </nax:Pace><nax:Moments>
      <nax:Halt xsi:type="nax:Halt_t" action="auto_pause">
      
    </nax:Halt>
    </nax:Moments>
    </nax:Nax>
    </TPX>
    </Extensions>
    </Trackpoint>
<Trackpoint>
      <Time>
      2022-11-17T00:48:14.567Z
    </Time><DistanceMeters>
      2.5742780212312937
    </DistanceMeters><Cadence>
      101.22063159942627
    </Cadence><SensorState>
      Present
    </SensorState><Extensions>
      <TPX xmlns="http://www.garmin.com/xmlschemas/ActivityExtension/v2">
      <nax:Nax>
      <nax:Moments>
      <nax:Halt xsi:type="nax:Halt_t" action="auto_pause">
      
    </nax:Halt>
    </nax:Moments>
    </nax:Nax>
    </TPX>
    </Extensions>
    </Trackpoint>
<Trackpoint>
      <Time>
      2022-11-17T00:48:17.133Z
    </Time><SensorState>
      Present
    </SensorState><Extensions>
      <TPX xmlns="http://www.garmin.com/xmlschemas/ActivityExtension/v2">
      <ns3:Speed>
      1.0546080850749047
    </ns3:Speed><nax:Nax>
      <nax:Pace>
      15.803659105726368
    </nax:Pace><nax:Moments>
      <nax:Halt xsi:type="nax:Halt_t" action="auto_pause">
      
    </nax:Halt>
    </nax:Moments>
    </nax:Nax>
    </TPX>
    </Extensions>
    </Trackpoint>
<Trackpoint>
      <Time>
      2022-11-17T00:48:18.152Z
    </Time><HeartRateBpm>
      <Value>
      124
    </Value>
    </HeartRateBpm><SensorState>
      Present
    </SensorState><Extensions>
      <TPX xmlns="http://www.garmin.com/xmlschemas/ActivityExtension/v2">
      <nax:Nax>
      <nax:Moments>
      <nax:Halt xsi:type="nax:Halt_t" action="auto_pause">
      
    </nax:Halt>
    </nax:Moments>
    </nax:Nax>
    </TPX>
    </Extensions>
    </Trackpoint>
<Trackpoint>
      <Time>
      2022-11-17T00:48:19.000Z
    </Time><SensorState>
      Present
    </SensorState><Extensions>
      <TPX xmlns="http://www.garmin.com/xmlschemas/ActivityExtension/v2">
      <nax:Nax>
      <nax:NikeFuel>
      2.139561669057998
    </nax:NikeFuel><nax:Moments>
      <nax:Halt xsi:type="nax:Halt_t" action="auto_pause">
      
    </nax:Halt>
    </nax:Moments>
    </nax:Nax>
    </TPX>
    </Extensions>
    </Trackpoint>
<Trackpoint>
      <Time>
      2022-11-17T00:48:19.699Z
    </Time><SensorState>
      Present
    </SensorState><Extensions>
      <TPX xmlns="http://www.garmin.com/xmlschemas/ActivityExtension/v2">
      <nax:Nax>
      <nax:Moments>
      <nax:Halt xsi:type="nax:Halt_t" action="auto_pause">
      
    </nax:Halt>
    </nax:Moments>
    </nax:Nax>
    </TPX>
    </Extensions>
    </Trackpoint>
<Trackpoint>
      <Time>
      2022-11-17T00:48:22.264Z
    </Time><SensorState>
      Present
    </SensorState><Extensions>
      <TPX xmlns="http://www.garmin.com/xmlschemas/ActivityExtension/v2">
      <nax:Nax>
      <nax:Moments>
      <nax:Halt xsi:type="nax:Halt_t" action="auto_pause">
      
    </nax:Halt>
    </nax:Moments>
    </nax:Nax>
    </TPX>
    </Extensions>
    </Trackpoint>
<Trackpoint>
      <Time>
      2022-11-17T00:48:23.152Z
    </Time><HeartRateBpm>
      <Value>
      125
    </Value>
    </HeartRateBpm><SensorState>
      Present
    </SensorState><Extensions>
      <TPX xmlns="http://www.garmin.com/xmlschemas/ActivityExtension/v2">
      <nax:Nax>
      <nax:Moments>
      <nax:Halt xsi:type="nax:Halt_t" action="auto_pause">
      
    </nax:Halt>
    </nax:Moments>
    </nax:Nax>
    </TPX>
    </Extensions>
    </Trackpoint>
<Trackpoint>
      <Time>
      2022-11-17T00:48:24.832Z
    </Time><SensorState>
      Present
    </SensorState><Extensions>
      <TPX xmlns="http://www.garmin.com/xmlschemas/ActivityExtension/v2">
      <nax:Nax>
      <nax:Moments>
      <nax:Halt xsi:type="nax:Halt_t" action="auto_pause">
      
    </nax:Halt>
    </nax:Moments>
    </nax:Nax>
    </TPX>
    </Extensions>
    </Trackpoint>
<Trackpoint>
      <Time>
      2022-11-17T00:48:24.847Z
    </Time><Cadence>
      101.22063159942627
    </Cadence><SensorState>
      Present
    </SensorState><Extensions>
      <TPX xmlns="http://www.garmin.com/xmlschemas/ActivityExtension/v2">
      <nax:Nax>
      <nax:Moments>
      <nax:Halt xsi:type="nax:Halt_t" action="auto_pause">
      
    </nax:Halt>
    </nax:Moments>
    </nax:Nax>
    </TPX>
    </Extensions>
    </Trackpoint>
<Trackpoint>
      <Time>
      2022-11-17T00:48:25.000Z
    </Time><Position>
      <LatitudeDegrees>
      47.42835168501204
    </LatitudeDegrees><LongitudeDegrees>
      -122.29381993003751
    </LongitudeDegrees>
    </Position><AltitudeMeters>
      115.68339604511857
    </AltitudeMeters><SensorState>
      Present
    </SensorState><Extensions>
      <TPX xmlns="http://www.garmin.com/xmlschemas/ActivityExtension/v2">
      <nax:Nax>
      <nax:Moments>
      <nax:Halt xsi:type="nax:Halt_t" action="auto_pause">
      
    </nax:Halt>
    </nax:Moments>
    </nax:Nax>
    </TPX>
    </Extensions>
    </Trackpoint>
<Trackpoint>
      <Time>
      2022-11-17T00:48:27.396Z
    </Time><DistanceMeters>
      1.924510842654854
    </DistanceMeters><SensorState>
      Present
    </SensorState><Extensions>
      <TPX xmlns="http://www.garmin.com/xmlschemas/ActivityExtension/v2">
      <ns3:Speed>
      1.0857085302064466
    </ns3:Speed><nax:Nax>
      <nax:Pace>
      15.350958570342554
    </nax:Pace><nax:Moments>
      <nax:Halt xsi:type="nax:Halt_t" action="auto_pause">
      
    </nax:Halt>
    </nax:Moments>
    </nax:Nax>
    </TPX>
    </Extensions>
    </Trackpoint>
<Trackpoint>
      <Time>
      2022-11-17T00:48:27.397Z
    </Time><Cadence>
      101.22063159942627
    </Cadence><SensorState>
      Present
    </SensorState><Extensions>
      <TPX xmlns="http://www.garmin.com/xmlschemas/ActivityExtension/v2">
      <nax:Nax>
      <nax:Moments>
      <nax:Halt xsi:type="nax:Halt_t" action="auto_pause">
      
    </nax:Halt>
    </nax:Moments>
    </nax:Nax>
    </TPX>
    </Extensions>
    </Trackpoint>
<Trackpoint>
      <Time>
      2022-11-17T00:48:28.152Z
    </Time><HeartRateBpm>
      <Value>
      122
    </Value>
    </HeartRateBpm><SensorState>
      Present
    </SensorState><Extensions>
      <TPX xmlns="http://www.garmin.com/xmlschemas/ActivityExtension/v2">
      <nax:Nax>
      <nax:Moments>
      <nax:Halt xsi:type="nax:Halt_t" action="auto_pause">
      
    </nax:Halt>
    </nax:Moments>
    </nax:Nax>
    </TPX>
    </Extensions>
    </Trackpoint>
<Trackpoint>
      <Time>
      2022-11-17T00:48:29.000Z
    </Time><SensorState>
      Present
    </SensorState><Extensions>
      <TPX xmlns="http://www.garmin.com/xmlschemas/ActivityExtension/v2">
      <nax:Nax>
      <nax:NikeFuel>
      2.1626132857955724
    </nax:NikeFuel><nax:Moments>
      <nax:Halt xsi:type="nax:Halt_t" action="auto_pause">
      
    </nax:Halt>
    </nax:Moments>
    </nax:Nax>
    </TPX>
    </Extensions>
    </Trackpoint>
<Trackpoint>
      <Time>
      2022-11-17T00:48:29.152Z
    </Time><HeartRateBpm>
      <Value>
      122
    </Value>
    </HeartRateBpm><SensorState>
      Present
    </SensorState><Extensions>
      <TPX xmlns="http://www.garmin.com/xmlschemas/ActivityExtension/v2">
      <nax:Nax>
      <nax:Moments>
      <nax:Halt xsi:type="nax:Halt_t" action="auto_pause">
      
    </nax:Halt>
    </nax:Moments>
    </nax:Nax>
    </TPX>
    </Extensions>
    </Trackpoint>
<Trackpoint>
      <Time>
      2022-11-17T00:48:29.962Z
    </Time><DistanceMeters>
      2.6995065198279917
    </DistanceMeters><SensorState>
      Present
    </SensorState><Extensions>
      <TPX xmlns="http://www.garmin.com/xmlschemas/ActivityExtension/v2">
      <ns3:Speed>
      1.0857085302064466
    </ns3:Speed><nax:Nax>
      <nax:Pace>
      15.350958570342554
    </nax:Pace><nax:Moments>
      <nax:Halt xsi:type="nax:Halt_t" action="auto_pause">
      
    </nax:Halt>
    </nax:Moments>
    </nax:Nax>
    </TPX>
    </Extensions>
    </Trackpoint>
<Trackpoint>
      <Time>
      2022-11-17T00:48:29.963Z
    </Time><Cadence>
      101.22063159942627
    </Cadence><SensorState>
      Present
    </SensorState><Extensions>
      <TPX xmlns="http://www.garmin.com/xmlschemas/ActivityExtension/v2">
      <nax:Nax>
      <nax:Moments>
      <nax:Halt xsi:type="nax:Halt_t" action="auto_pause">
      
    </nax:Halt>
    </nax:Moments>
    </nax:Nax>
    </TPX>
    </Extensions>
    </Trackpoint>
<Trackpoint>
      <Time>
      2022-11-17T00:48:32.526Z
    </Time><SensorState>
      Present
    </SensorState><Extensions>
      <TPX xmlns="http://www.garmin.com/xmlschemas/ActivityExtension/v2">
      <ns3:Speed>
      1.0857085302064466
    </ns3:Speed><nax:Nax>
      <nax:Pace>
      15.350958570342554
    </nax:Pace><nax:Moments>
      <nax:Halt xsi:type="nax:Halt_t" action="auto_pause">
      
    </nax:Halt>
    </nax:Moments>
    </nax:Nax>
    </TPX>
    </Extensions>
    </Trackpoint>
<Trackpoint>
      <Time>
      2022-11-17T00:48:32.527Z
    </Time><DistanceMeters>
      3.1517098513431847
    </DistanceMeters><Cadence>
      101.22063159942627
    </Cadence><SensorState>
      Present
    </SensorState><Extensions>
      <TPX xmlns="http://www.garmin.com/xmlschemas/ActivityExtension/v2">
      <nax:Nax>
      <nax:Moments>
      <nax:Halt xsi:type="nax:Halt_t" action="auto_pause">
      
    </nax:Halt>
    </nax:Moments>
    </nax:Nax>
    </TPX>
    </Extensions>
    </Trackpoint>
<Trackpoint>
      <Time>
      2022-11-17T00:48:32.528Z
    </Time><SensorState>
      Present
    </SensorState><Extensions>
      <TPX xmlns="http://www.garmin.com/xmlschemas/ActivityExtension/v2">
      <nax:Nax>
      <nax:Moments>
      <nax:Halt xsi:type="nax:Halt_t" action="auto_pause">
      
    </nax:Halt>
    </nax:Moments>
    </nax:Nax>
    </TPX>
    </Extensions>
    </Trackpoint>
<Trackpoint>
      <Time>
      2022-11-17T00:48:34.152Z
    </Time><HeartRateBpm>
      <Value>
      119
    </Value>
    </HeartRateBpm><SensorState>
      Present
    </SensorState><Extensions>
      <TPX xmlns="http://www.garmin.com/xmlschemas/ActivityExtension/v2">
      <nax:Nax>
      <nax:Moments>
      <nax:Halt xsi:type="nax:Halt_t" action="auto_pause">
      
    </nax:Halt>
    </nax:Moments>
    </nax:Nax>
    </TPX>
    </Extensions>
    </Trackpoint>
<Trackpoint>
      <Time>
      2022-11-17T00:48:35.092Z
    </Time><SensorState>
      Present
    </SensorState><Extensions>
      <TPX xmlns="http://www.garmin.com/xmlschemas/ActivityExtension/v2">
      <ns3:Speed>
      1.0857085302064466
    </ns3:Speed><nax:Nax>
      <nax:Pace>
      15.350958570342554
    </nax:Pace><nax:Moments>
      <nax:Halt xsi:type="nax:Halt_t" action="auto_pause">
      
    </nax:Halt>
    </nax:Moments>
    </nax:Nax>
    </TPX>
    </Extensions>
    </Trackpoint>
<Trackpoint>
      <Time>
      2022-11-17T00:48:35.093Z
    </Time><DistanceMeters>
      2.1888201385736465
    </DistanceMeters><Cadence>
      106.4901351928711
    </Cadence><SensorState>
      Present
    </SensorState><Extensions>
      <TPX xmlns="http://www.garmin.com/xmlschemas/ActivityExtension/v2">
      <nax:Nax>
      <nax:Moments>
      <nax:Halt xsi:type="nax:Halt_t" action="auto_pause">
      
    </nax:Halt>
    </nax:Moments>
    </nax:Nax>
    </TPX>
    </Extensions>
    </Trackpoint>
<Trackpoint>
      <Time>
      2022-11-17T00:48:37.000Z
    </Time><Position>
      <LatitudeDegrees>
      47.42826165189664
    </LatitudeDegrees><LongitudeDegrees>
      -122.2938848071068
    </LongitudeDegrees>
    </Position><AltitudeMeters>
      115.71246045827866
    </AltitudeMeters><SensorState>
      Present
    </SensorState><Extensions>
      <TPX xmlns="http://www.garmin.com/xmlschemas/ActivityExtension/v2">
      <nax:Nax>
      <nax:Moments>
      <nax:Halt xsi:type="nax:Halt_t" action="auto_pause">
      
    </nax:Halt>
    </nax:Moments>
    </nax:Nax>
    </TPX>
    </Extensions>
    </Trackpoint>
<Trackpoint>
      <Time>
      2022-11-17T00:48:37.658Z
    </Time><SensorState>
      Present
    </SensorState><Extensions>
      <TPX xmlns="http://www.garmin.com/xmlschemas/ActivityExtension/v2">
      <ns3:Speed>
      1.1576324513845266
    </ns3:Speed><nax:Nax>
      <nax:Pace>
      14.397200637156775
    </nax:Pace><nax:Moments>
      <nax:Halt xsi:type="nax:Halt_t" action="auto_pause">
      
    </nax:Halt>
    </nax:Moments>
    </nax:Nax>
    </TPX>
    </Extensions>
    </Trackpoint>
<Trackpoint>
      <Time>
      2022-11-17T00:48:37.659Z
    </Time><DistanceMeters>
      3.482076286803931
    </DistanceMeters><Cadence>
      106.4901351928711
    </Cadence><SensorState>
      Present
    </SensorState><Extensions>
      <TPX xmlns="http://www.garmin.com/xmlschemas/ActivityExtension/v2">
      <nax:Nax>
      <nax:Moments>
      <nax:Halt xsi:type="nax:Halt_t" action="auto_pause">
      
    </nax:Halt>
    </nax:Moments>
    </nax:Nax>
    </TPX>
    </Extensions>
    </Trackpoint>
<Trackpoint>
      <Time>
      2022-11-17T00:48:39.000Z
    </Time><SensorState>
      Present
    </SensorState><Extensions>
      <TPX xmlns="http://www.garmin.com/xmlschemas/ActivityExtension/v2">
      <nax:Nax>
      <nax:NikeFuel>
      2.387911779852148
    </nax:NikeFuel><nax:Moments>
      <nax:Halt xsi:type="nax:Halt_t" action="auto_pause">
      
    </nax:Halt>
    </nax:Moments>
    </nax:Nax>
    </TPX>
    </Extensions>
    </Trackpoint>
<Trackpoint>
      <Time>
      2022-11-17T00:48:40.223Z
    </Time><SensorState>
      Present
    </SensorState><Extensions>
      <TPX xmlns="http://www.garmin.com/xmlschemas/ActivityExtension/v2">
      <ns3:Speed>
      1.1576324513845266
    </ns3:Speed><nax:Nax>
      <nax:Pace>
      14.397200637156775
    </nax:Pace><nax:Moments>
      <nax:Halt xsi:type="nax:Halt_t" action="auto_pause">
      
    </nax:Halt>
    </nax:Moments>
    </nax:Nax>
    </TPX>
    </Extensions>
    </Trackpoint>
<Trackpoint>
      <Time>
      2022-11-17T00:48:40.224Z
    </Time><DistanceMeters>
      3.455249265767634
    </DistanceMeters><Cadence>
      106.4901351928711
    </Cadence><SensorState>
      Present
    </SensorState><Extensions>
      <TPX xmlns="http://www.garmin.com/xmlschemas/ActivityExtension/v2">
      <nax:Nax>
      <nax:Moments>
      <nax:Halt xsi:type="nax:Halt_t" action="auto_pause">
      
    </nax:Halt>
    </nax:Moments>
    </nax:Nax>
    </TPX>
    </Extensions>
    </Trackpoint>
<Trackpoint>
      <Time>
      2022-11-17T00:48:42.789Z
    </Time><SensorState>
      Present
    </SensorState><Extensions>
      <TPX xmlns="http://www.garmin.com/xmlschemas/ActivityExtension/v2">
      <ns3:Speed>
      1.1576324513845266
    </ns3:Speed><nax:Nax>
      <nax:Pace>
      14.397200637156775
    </nax:Pace><nax:Moments>
      <nax:Halt xsi:type="nax:Halt_t" action="auto_pause">
      
    </nax:Halt>
    </nax:Moments>
    </nax:Nax>
    </TPX>
    </Extensions>
    </Trackpoint>
<Trackpoint>
      <Time>
      2022-11-17T00:48:42.790Z
    </Time><DistanceMeters>
      3.924374887254089
    </DistanceMeters><Cadence>
      127.38601684570312
    </Cadence><SensorState>
      Present
    </SensorState><Extensions>
      <TPX xmlns="http://www.garmin.com/xmlschemas/ActivityExtension/v2">
      <nax:Nax>
      <nax:Moments>
      <nax:Halt xsi:type="nax:Halt_t" action="auto_pause">
      
    </nax:Halt>
    </nax:Moments>
    </nax:Nax>
    </TPX>
    </Extensions>
    </Trackpoint>
<Trackpoint>
      <Time>
      2022-11-17T00:48:43.152Z
    </Time><HeartRateBpm>
      <Value>
      120
    </Value>
    </HeartRateBpm><SensorState>
      Present
    </SensorState><Extensions>
      <TPX xmlns="http://www.garmin.com/xmlschemas/ActivityExtension/v2">
      <nax:Nax>
      <nax:Moments>
      <nax:Halt xsi:type="nax:Halt_t" action="auto_pause">
      
    </nax:Halt>
    </nax:Moments>
    </nax:Nax>
    </TPX>
    </Extensions>
    </Trackpoint>
<Trackpoint>
      <Time>
      2022-11-17T00:48:44.152Z
    </Time><HeartRateBpm>
      <Value>
      120
    </Value>
    </HeartRateBpm><SensorState>
      Present
    </SensorState><Extensions>
      <TPX xmlns="http://www.garmin.com/xmlschemas/ActivityExtension/v2">
      <nax:Nax>
      <nax:Moments>
      <nax:Halt xsi:type="nax:Halt_t" action="auto_pause">
      
    </nax:Halt>
    </nax:Moments>
    </nax:Nax>
    </TPX>
    </Extensions>
    </Trackpoint>
<Trackpoint>
      <Time>
      2022-11-17T00:48:45.000Z
    </Time><Position>
      <LatitudeDegrees>
      47.428170416990774
    </LatitudeDegrees><LongitudeDegrees>
      -122.2939363991062
    </LongitudeDegrees>
    </Position><AltitudeMeters>
      115.5969128375873
    </AltitudeMeters><SensorState>
      Present
    </SensorState><Extensions>
      <TPX xmlns="http://www.garmin.com/xmlschemas/ActivityExtension/v2">
      <nax:Nax>
      <nax:Moments>
      <nax:Halt xsi:type="nax:Halt_t" action="auto_pause">
      
    </nax:Halt>
    </nax:Moments>
    </nax:Nax>
    </TPX>
    </Extensions>
    </Trackpoint>
<Trackpoint>
      <Time>
      2022-11-17T00:48:45.354Z
    </Time><SensorState>
      Present
    </SensorState><Extensions>
      <TPX xmlns="http://www.garmin.com/xmlschemas/ActivityExtension/v2">
      <ns3:Speed>
      1.4101791475689487
    </ns3:Speed><nax:Nax>
      <nax:Pace>
      11.818829327748071
    </nax:Pace><nax:Moments>
      <nax:Halt xsi:type="nax:Halt_t" action="auto_pause">
      
    </nax:Halt>
    </nax:Moments>
    </nax:Nax>
    </TPX>
    </Extensions>
    </Trackpoint>
<Trackpoint>
      <Time>
      2022-11-17T00:48:45.355Z
    </Time><DistanceMeters>
      3.950342928059399
    </DistanceMeters><Cadence>
      121.50840282440186
    </Cadence><SensorState>
      Present
    </SensorState><Extensions>
      <TPX xmlns="http://www.garmin.com/xmlschemas/ActivityExtension/v2">
      <nax:Nax>
      <nax:Moments>
      <nax:Halt xsi:type="nax:Halt_t" action="auto_pause">
      
    </nax:Halt>
    </nax:Moments>
    </nax:Nax>
    </TPX>
    </Extensions>
    </Trackpoint>
<Trackpoint>
      <Time>
      2022-11-17T00:48:45.356Z
    </Time><SensorState>
      Present
    </SensorState><Extensions>
      <TPX xmlns="http://www.garmin.com/xmlschemas/ActivityExtension/v2">
      <nax:Nax>
      <nax:Moments>
      <nax:Halt xsi:type="nax:Halt_t" action="auto_pause">
      
    </nax:Halt>
    </nax:Moments>
    </nax:Nax>
    </TPX>
    </Extensions>
    </Trackpoint>
<Trackpoint>
      <Time>
      2022-11-17T00:48:47.920Z
    </Time><SensorState>
      Present
    </SensorState><Extensions>
      <TPX xmlns="http://www.garmin.com/xmlschemas/ActivityExtension/v2">
      <ns3:Speed>
      1.3922734114991728
    </ns3:Speed><nax:Nax>
      <nax:Pace>
      11.970828810643107
    </nax:Pace><nax:Moments>
      <nax:Halt xsi:type="nax:Halt_t" action="auto_pause">
      
    </nax:Halt>
    </nax:Moments>
    </nax:Nax>
    </TPX>
    </Extensions>
    </Trackpoint>
<Trackpoint>
      <Time>
      2022-11-17T00:48:47.921Z
    </Time><DistanceMeters>
      3.378475694451481
    </DistanceMeters><Cadence>
      120.04011154174805
    </Cadence><SensorState>
      Present
    </SensorState><Extensions>
      <TPX xmlns="http://www.garmin.com/xmlschemas/ActivityExtension/v2">
      <nax:Nax>
      <nax:Moments>
      <nax:Halt xsi:type="nax:Halt_t" action="auto_pause">
      
    </nax:Halt>
    </nax:Moments>
    </nax:Nax>
    </TPX>
    </Extensions>
    </Trackpoint>
<Trackpoint>
      <Time>
      2022-11-17T00:48:49.000Z
    </Time><SensorState>
      Present
    </SensorState><Extensions>
      <TPX xmlns="http://www.garmin.com/xmlschemas/ActivityExtension/v2">
      <nax:Nax>
      <nax:NikeFuel>
      2.459686475544136
    </nax:NikeFuel><nax:Moments>
      <nax:Halt xsi:type="nax:Halt_t" action="auto_pause">
      
    </nax:Halt>
    </nax:Moments>
    </nax:Nax>
    </TPX>
    </Extensions>
    </Trackpoint>
<Trackpoint>
      <Time>
      2022-11-17T00:48:49.152Z
    </Time><HeartRateBpm>
      <Value>
      121
    </Value>
    </HeartRateBpm><SensorState>
      Present
    </SensorState><Extensions>
      <TPX xmlns="http://www.garmin.com/xmlschemas/ActivityExtension/v2">
      <nax:Nax>
      <nax:Moments>
      <nax:Halt xsi:type="nax:Halt_t" action="auto_pause">
      
    </nax:Halt>
    </nax:Moments>
    </nax:Nax>
    </TPX>
    </Extensions>
    </Trackpoint>
<Trackpoint>
      <Time>
      2022-11-17T00:48:50.485Z
    </Time><SensorState>
      Present
    </SensorState><Extensions>
      <TPX xmlns="http://www.garmin.com/xmlschemas/ActivityExtension/v2">
      <ns3:Speed>
      1.3876345326774886
    </ns3:Speed><nax:Nax>
      <nax:Pace>
      12.010847434380118
    </nax:Pace><nax:Moments>
      <nax:Halt xsi:type="nax:Halt_t" action="auto_pause">
      
    </nax:Halt>
    </nax:Moments>
    </nax:Nax>
    </TPX>
    </Extensions>
    </Trackpoint>
<Trackpoint>
      <Time>
      2022-11-17T00:48:50.486Z
    </Time><DistanceMeters>
      2.8536691260524094
    </DistanceMeters><Cadence>
      119.97016668319702
    </Cadence><SensorState>
      Present
    </SensorState><Extensions>
      <TPX xmlns="http://www.garmin.com/xmlschemas/ActivityExtension/v2">
      <nax:Nax>
      <nax:Moments>
      <nax:Halt xsi:type="nax:Halt_t" action="auto_pause">
      
    </nax:Halt>
    </nax:Moments>
    </nax:Nax>
    </TPX>
    </Extensions>
    </Trackpoint>
<Trackpoint>
      <Time>
      2022-11-17T00:48:50.487Z
    </Time><SensorState>
      Present
    </SensorState><Extensions>
      <TPX xmlns="http://www.garmin.com/xmlschemas/ActivityExtension/v2">
      <nax:Nax>
      <nax:Moments>
      <nax:Halt xsi:type="nax:Halt_t" action="auto_pause">
      
    </nax:Halt>
    </nax:Moments>
    </nax:Nax>
    </TPX>
    </Extensions>
    </Trackpoint>
<Trackpoint>
      <Time>
      2022-11-17T00:48:53.051Z
    </Time><SensorState>
      Present
    </SensorState><Extensions>
      <TPX xmlns="http://www.garmin.com/xmlschemas/ActivityExtension/v2">
      <ns3:Speed>
      1.3348469077550973
    </ns3:Speed><nax:Nax>
      <nax:Pace>
      12.48582632947484
    </nax:Pace><nax:Moments>
      <nax:Halt xsi:type="nax:Halt_t" action="auto_pause">
      
    </nax:Halt>
    </nax:Moments>
    </nax:Nax>
    </TPX>
    </Extensions>
    </Trackpoint>
<Trackpoint>
      <Time>
      2022-11-17T00:48:53.052Z
    </Time><DistanceMeters>
      2.7690921453759074
    </DistanceMeters><Cadence>
      118.41778993606567
    </Cadence><SensorState>
      Present
    </SensorState><Extensions>
      <TPX xmlns="http://www.garmin.com/xmlschemas/ActivityExtension/v2">
      <nax:Nax>
      <nax:Moments>
      <nax:Halt xsi:type="nax:Halt_t" action="auto_pause">
      
    </nax:Halt>
    </nax:Moments>
    </nax:Nax>
    </TPX>
    </Extensions>
    </Trackpoint>
<Trackpoint>
      <Time>
      2022-11-17T00:48:54.000Z
    </Time><Position>
      <LatitudeDegrees>
      47.428076360760315
    </LatitudeDegrees><LongitudeDegrees>
      -122.29392570476688
    </LongitudeDegrees>
    </Position><AltitudeMeters>
      115.88360208459198
    </AltitudeMeters><SensorState>
      Present
    </SensorState><Extensions>
      <TPX xmlns="http://www.garmin.com/xmlschemas/ActivityExtension/v2">
      <nax:Nax>
      <nax:Moments>
      <nax:Halt xsi:type="nax:Halt_t" action="auto_pause">
      
    </nax:Halt>
    </nax:Moments>
    </nax:Nax>
    </TPX>
    </Extensions>
    </Trackpoint>
<Trackpoint>
      <Time>
      2022-11-17T00:48:55.616Z
    </Time><SensorState>
      Present
    </SensorState><Extensions>
      <TPX xmlns="http://www.garmin.com/xmlschemas/ActivityExtension/v2">
      <ns3:Speed>
      1.3095910149019634
    </ns3:Speed><nax:Nax>
      <nax:Pace>
      12.726619591166285
    </nax:Pace><nax:Moments>
      <nax:Halt xsi:type="nax:Halt_t" action="auto_pause">
      
    </nax:Halt>
    </nax:Moments>
    </nax:Nax>
    </TPX>
    </Extensions>
    </Trackpoint>
<Trackpoint>
      <Time>
      2022-11-17T00:48:55.617Z
    </Time><DistanceMeters>
      4.173614309635013
    </DistanceMeters><Cadence>
      118.41778993606567
    </Cadence><SensorState>
      Present
    </SensorState><Extensions>
      <TPX xmlns="http://www.garmin.com/xmlschemas/ActivityExtension/v2">
      <nax:Nax>
      <nax:Moments>
      <nax:Halt xsi:type="nax:Halt_t" action="auto_pause">
      
    </nax:Halt>
    </nax:Moments>
    </nax:Nax>
    </TPX>
    </Extensions>
    </Trackpoint>
<Trackpoint>
      <Time>
      2022-11-17T00:48:57.152Z
    </Time><HeartRateBpm>
      <Value>
      122
    </Value>
    </HeartRateBpm><SensorState>
      Present
    </SensorState><Extensions>
      <TPX xmlns="http://www.garmin.com/xmlschemas/ActivityExtension/v2">
      <nax:Nax>
      <nax:Moments>
      <nax:Halt xsi:type="nax:Halt_t" action="auto_pause">
      
    </nax:Halt>
    </nax:Moments>
    </nax:Nax>
    </TPX>
    </Extensions>
    </Trackpoint>
<Trackpoint>
      <Time>
      2022-11-17T00:48:58.182Z
    </Time><SensorState>
      Present
    </SensorState><Extensions>
      <TPX xmlns="http://www.garmin.com/xmlschemas/ActivityExtension/v2">
      <ns3:Speed>
      1.3095910149019634
    </ns3:Speed><nax:Nax>
      <nax:Pace>
      12.726619591166285
    </nax:Pace><nax:Moments>
      <nax:Halt xsi:type="nax:Halt_t" action="auto_pause">
      
    </nax:Halt>
    </nax:Moments>
    </nax:Nax>
    </TPX>
    </Extensions>
    </Trackpoint>
<Trackpoint>
      <Time>
      2022-11-17T00:48:58.183Z
    </Time><DistanceMeters>
      2.1143224011175334
    </DistanceMeters><Cadence>
      118.41778993606567
    </Cadence><SensorState>
      Present
    </SensorState><Extensions>
      <TPX xmlns="http://www.garmin.com/xmlschemas/ActivityExtension/v2">
      <nax:Nax>
      <nax:Moments>
      <nax:Halt xsi:type="nax:Halt_t" action="auto_pause">
      
    </nax:Halt>
    </nax:Moments>
    </nax:Nax>
    </TPX>
    </Extensions>
    </Trackpoint>
<Trackpoint>
      <Time>
      2022-11-17T00:48:59.000Z
    </Time><SensorState>
      Present
    </SensorState><Extensions>
      <TPX xmlns="http://www.garmin.com/xmlschemas/ActivityExtension/v2">
      <nax:Nax>
      <nax:NikeFuel>
      2.367578006507354
    </nax:NikeFuel><nax:Moments>
      <nax:Halt xsi:type="nax:Halt_t" action="auto_pause">
      
    </nax:Halt>
    </nax:Moments>
    </nax:Nax>
    </TPX>
    </Extensions>
    </Trackpoint>
<Trackpoint>
      <Time>
      2022-11-17T00:49:00.746Z
    </Time><SensorState>
      Present
    </SensorState><Extensions>
      <TPX xmlns="http://www.garmin.com/xmlschemas/ActivityExtension/v2">
      <ns3:Speed>
      1.3095910149019634
    </ns3:Speed><nax:Nax>
      <nax:Pace>
      12.726619591166285
    </nax:Pace><nax:Moments>
      <nax:Halt xsi:type="nax:Halt_t" action="auto_pause">
      
    </nax:Halt>
    </nax:Moments>
    </nax:Nax>
    </TPX>
    </Extensions>
    </Trackpoint>
<Trackpoint>
      <Time>
      2022-11-17T00:49:00.747Z
    </Time><DistanceMeters>
      1.107780719641596
    </DistanceMeters><Cadence>
      116.41854286193848
    </Cadence><SensorState>
      Present
    </SensorState><Extensions>
      <TPX xmlns="http://www.garmin.com/xmlschemas/ActivityExtension/v2">
      <nax:Nax>
      <nax:Moments>
      <nax:Halt xsi:type="nax:Halt_t" action="auto_pause">
      
    </nax:Halt>
    </nax:Moments>
    </nax:Nax>
    </TPX>
    </Extensions>
    </Trackpoint>
<Trackpoint>
      <Time>
      2022-11-17T00:49:00.748Z
    </Time><SensorState>
      Present
    </SensorState><Extensions>
      <TPX xmlns="http://www.garmin.com/xmlschemas/ActivityExtension/v2">
      <nax:Nax>
      <nax:Moments>
      <nax:Halt xsi:type="nax:Halt_t" action="auto_pause">
      
    </nax:Halt>
    </nax:Moments>
    </nax:Nax>
    </TPX>
    </Extensions>
    </Trackpoint>
<Trackpoint>
      <Time>
      2022-11-17T00:49:03.152Z
    </Time><HeartRateBpm>
      <Value>
      122
    </Value>
    </HeartRateBpm><SensorState>
      Present
    </SensorState><Extensions>
      <TPX xmlns="http://www.garmin.com/xmlschemas/ActivityExtension/v2">
      <nax:Nax>
      <nax:Moments>
      <nax:Halt xsi:type="nax:Halt_t" action="auto_pause">
      
    </nax:Halt>
    </nax:Moments>
    </nax:Nax>
    </TPX>
    </Extensions>
    </Trackpoint>
<Trackpoint>
      <Time>
      2022-11-17T00:49:03.312Z
    </Time><SensorState>
      Present
    </SensorState><Extensions>
      <TPX xmlns="http://www.garmin.com/xmlschemas/ActivityExtension/v2">
      <ns3:Speed>
      1.29661187478384
    </ns3:Speed><nax:Nax>
      <nax:Pace>
      12.854013595583636
    </nax:Pace><nax:Moments>
      <nax:Halt xsi:type="nax:Halt_t" action="auto_pause">
      
    </nax:Halt>
    </nax:Moments>
    </nax:Nax>
    </TPX>
    </Extensions>
    </Trackpoint>
<Trackpoint>
      <Time>
      2022-11-17T00:49:03.313Z
    </Time><DistanceMeters>
      3.8997436445206404
    </DistanceMeters><Cadence>
      116.41854286193848
    </Cadence><SensorState>
      Present
    </SensorState><Extensions>
      <TPX xmlns="http://www.garmin.com/xmlschemas/ActivityExtension/v2">
      <nax:Nax>
      <nax:Moments>
      <nax:Halt xsi:type="nax:Halt_t" action="auto_pause">
      
    </nax:Halt>
    </nax:Moments>
    </nax:Nax>
    </TPX>
    </Extensions>
    </Trackpoint>
<Trackpoint>
      <Time>
      2022-11-17T00:49:04.000Z
    </Time><Position>
      <LatitudeDegrees>
      47.42799048173057
    </LatitudeDegrees><LongitudeDegrees>
      -122.29386492481682
    </LongitudeDegrees>
    </Position><AltitudeMeters>
      114.8027540370822
    </AltitudeMeters><SensorState>
      Present
    </SensorState><Extensions>
      <TPX xmlns="http://www.garmin.com/xmlschemas/ActivityExtension/v2">
      <nax:Nax>
      <nax:Moments>
      <nax:Halt xsi:type="nax:Halt_t" action="auto_pause">
      
    </nax:Halt>
    </nax:Moments>
    </nax:Nax>
    </TPX>
    </Extensions>
    </Trackpoint>
<Trackpoint>
      <Time>
      2022-11-17T00:49:04.152Z
    </Time><HeartRateBpm>
      <Value>
      122
    </Value>
    </HeartRateBpm><SensorState>
      Present
    </SensorState><Extensions>
      <TPX xmlns="http://www.garmin.com/xmlschemas/ActivityExtension/v2">
      <nax:Nax>
      <nax:Moments>
      <nax:Halt xsi:type="nax:Halt_t" action="auto_pause">
      
    </nax:Halt>
    </nax:Moments>
    </nax:Nax>
    </TPX>
    </Extensions>
    </Trackpoint>
<Trackpoint>
      <Time>
      2022-11-17T00:49:05.877Z
    </Time><SensorState>
      Present
    </SensorState><Extensions>
      <TPX xmlns="http://www.garmin.com/xmlschemas/ActivityExtension/v2">
      <ns3:Speed>
      1.29661187478384
    </ns3:Speed><nax:Nax>
      <nax:Pace>
      12.854013595583636
    </nax:Pace><nax:Moments>
      <nax:Halt xsi:type="nax:Halt_t" action="auto_pause">
      
    </nax:Halt>
    </nax:Moments>
    </nax:Nax>
    </TPX>
    </Extensions>
    </Trackpoint>
<Trackpoint>
      <Time>
      2022-11-17T00:49:05.878Z
    </Time><DistanceMeters>
      3.6050409278832376
    </DistanceMeters><Cadence>
      117.46752262115479
    </Cadence><SensorState>
      Present
    </SensorState><Extensions>
      <TPX xmlns="http://www.garmin.com/xmlschemas/ActivityExtension/v2">
      <nax:Nax>
      <nax:Moments>
      <nax:Halt xsi:type="nax:Halt_t" action="auto_pause">
      
    </nax:Halt>
    </nax:Moments>
    </nax:Nax>
    </TPX>
    </Extensions>
    </Trackpoint>
<Trackpoint>
      <Time>
      2022-11-17T00:49:08.443Z
    </Time><SensorState>
      Present
    </SensorState><Extensions>
      <TPX xmlns="http://www.garmin.com/xmlschemas/ActivityExtension/v2">
      <ns3:Speed>
      1.1514587867753512
    </ns3:Speed><nax:Nax>
      <nax:Pace>
      14.474392707828908
    </nax:Pace><nax:Moments>
      <nax:Halt xsi:type="nax:Halt_t" action="auto_pause">
      
    </nax:Halt>
    </nax:Moments>
    </nax:Nax>
    </TPX>
    </Extensions>
    </Trackpoint>
<Trackpoint>
      <Time>
      2022-11-17T00:49:08.444Z
    </Time><DistanceMeters>
      3.54298294801265
    </DistanceMeters><Cadence>
      118.41077327728271
    </Cadence><SensorState>
      Present
    </SensorState><Extensions>
      <TPX xmlns="http://www.garmin.com/xmlschemas/ActivityExtension/v2">
      <nax:Nax>
      <nax:Moments>
      <nax:Halt xsi:type="nax:Halt_t" action="auto_pause">
      
    </nax:Halt>
    </nax:Moments>
    </nax:Nax>
    </TPX>
    </Extensions>
    </Trackpoint>
<Trackpoint>
      <Time>
      2022-11-17T00:49:09.000Z
    </Time><SensorState>
      Present
    </SensorState><Extensions>
      <TPX xmlns="http://www.garmin.com/xmlschemas/ActivityExtension/v2">
      <nax:Nax>
      <nax:NikeFuel>
      2.252277125913706
    </nax:NikeFuel><nax:Moments>
      <nax:Halt xsi:type="nax:Halt_t" action="auto_pause">
      
    </nax:Halt>
    </nax:Moments>
    </nax:Nax>
    </TPX>
    </Extensions>
    </Trackpoint>
<Trackpoint>
      <Time>
      2022-11-17T00:49:11.008Z
    </Time><DistanceMeters>
      3.325754703488201
    </DistanceMeters><SensorState>
      Present
    </SensorState><Extensions>
      <TPX xmlns="http://www.garmin.com/xmlschemas/ActivityExtension/v2">
      <ns3:Speed>
      1.1566222373275592
    </ns3:Speed><nax:Nax>
      <nax:Pace>
      14.409775403571642
    </nax:Pace><nax:Moments>
      <nax:Halt xsi:type="nax:Halt_t" action="auto_pause">
      
    </nax:Halt>
    </nax:Moments>
    </nax:Nax>
    </TPX>
    </Extensions>
    </Trackpoint>
<Trackpoint>
      <Time>
      2022-11-17T00:49:11.009Z
    </Time><Cadence>
      118.99007320404053
    </Cadence><SensorState>
      Present
    </SensorState><Extensions>
      <TPX xmlns="http://www.garmin.com/xmlschemas/ActivityExtension/v2">
      <nax:Nax>
      <nax:Moments>
      <nax:Halt xsi:type="nax:Halt_t" action="auto_pause">
      
    </nax:Halt>
    </nax:Moments>
    </nax:Nax>
    </TPX>
    </Extensions>
    </Trackpoint>
<Trackpoint>
      <Time>
      2022-11-17T00:49:12.000Z
    </Time><Position>
      <LatitudeDegrees>
      47.42794683210496
    </LatitudeDegrees><LongitudeDegrees>
      -122.29373361041743
    </LongitudeDegrees>
    </Position><AltitudeMeters>
      114.80118811037391
    </AltitudeMeters><SensorState>
      Present
    </SensorState><Extensions>
      <TPX xmlns="http://www.garmin.com/xmlschemas/ActivityExtension/v2">
      <nax:Nax>
      <nax:Moments>
      <nax:Halt xsi:type="nax:Halt_t" action="auto_pause">
      
    </nax:Halt>
    </nax:Moments>
    </nax:Nax>
    </TPX>
    </Extensions>
    </Trackpoint>
<Trackpoint>
      <Time>
      2022-11-17T00:49:12.152Z
    </Time><HeartRateBpm>
      <Value>
      123
    </Value>
    </HeartRateBpm><SensorState>
      Present
    </SensorState><Extensions>
      <TPX xmlns="http://www.garmin.com/xmlschemas/ActivityExtension/v2">
      <nax:Nax>
      <nax:Moments>
      <nax:Halt xsi:type="nax:Halt_t" action="auto_pause">
      
    </nax:Halt>
    </nax:Moments>
    </nax:Nax>
    </TPX>
    </Extensions>
    </Trackpoint>
<Trackpoint>
      <Time>
      2022-11-17T00:49:13.573Z
    </Time><SensorState>
      Present
    </SensorState><Extensions>
      <TPX xmlns="http://www.garmin.com/xmlschemas/ActivityExtension/v2">
      <ns3:Speed>
      1.1673626758061055
    </ns3:Speed><nax:Nax>
      <nax:Pace>
      14.277196806174858
    </nax:Pace><nax:Moments>
      <nax:Halt xsi:type="nax:Halt_t" action="auto_pause">
      
    </nax:Halt>
    </nax:Moments>
    </nax:Nax>
    </TPX>
    </Extensions>
    </Trackpoint>
<Trackpoint>
      <Time>
      2022-11-17T00:49:13.574Z
    </Time><DistanceMeters>
      3.8893224745988846
    </DistanceMeters><Cadence>
      118.99007320404053
    </Cadence><SensorState>
      Present
    </SensorState><Extensions>
      <TPX xmlns="http://www.garmin.com/xmlschemas/ActivityExtension/v2">
      <nax:Nax>
      <nax:Moments>
      <nax:Halt xsi:type="nax:Halt_t" action="auto_pause">
      
    </nax:Halt>
    </nax:Moments>
    </nax:Nax>
    </TPX>
    </Extensions>
    </Trackpoint>
<Trackpoint>
      <Time>
      2022-11-17T00:49:14.152Z
    </Time><HeartRateBpm>
      <Value>
      124
    </Value>
    </HeartRateBpm><SensorState>
      Present
    </SensorState><Extensions>
      <TPX xmlns="http://www.garmin.com/xmlschemas/ActivityExtension/v2">
      <nax:Nax>
      <nax:Moments>
      <nax:Halt xsi:type="nax:Halt_t" action="auto_pause">
      
    </nax:Halt>
    </nax:Moments>
    </nax:Nax>
    </TPX>
    </Extensions>
    </Trackpoint>
<Trackpoint>
      <Time>
      2022-11-17T00:49:16.138Z
    </Time><SensorState>
      Present
    </SensorState><Extensions>
      <TPX xmlns="http://www.garmin.com/xmlschemas/ActivityExtension/v2">
      <ns3:Speed>
      1.182074269422043
    </ns3:Speed><nax:Nax>
      <nax:Pace>
      14.099508886878635
    </nax:Pace><nax:Moments>
      <nax:Halt xsi:type="nax:Halt_t" action="auto_pause">
      
    </nax:Halt>
    </nax:Moments>
    </nax:Nax>
    </TPX>
    </Extensions>
    </Trackpoint>
<Trackpoint>
      <Time>
      2022-11-17T00:49:16.139Z
    </Time><DistanceMeters>
      2.7363055581226945
    </DistanceMeters><Cadence>
      120.13873100280762
    </Cadence><SensorState>
      Present
    </SensorState><Extensions>
      <TPX xmlns="http://www.garmin.com/xmlschemas/ActivityExtension/v2">
      <nax:Nax>
      <nax:Moments>
      <nax:Halt xsi:type="nax:Halt_t" action="auto_pause">
      
    </nax:Halt>
    </nax:Moments>
    </nax:Nax>
    </TPX>
    </Extensions>
    </Trackpoint>
<Trackpoint>
      <Time>
      2022-11-17T00:49:18.704Z
    </Time><SensorState>
      Present
    </SensorState><Extensions>
      <TPX xmlns="http://www.garmin.com/xmlschemas/ActivityExtension/v2">
      <ns3:Speed>
      1.1884612311116014
    </ns3:Speed><nax:Nax>
      <nax:Pace>
      14.023736097035208
    </nax:Pace><nax:Moments>
      <nax:Halt xsi:type="nax:Halt_t" action="auto_pause">
      
    </nax:Halt>
    </nax:Moments>
    </nax:Nax>
    </TPX>
    </Extensions>
    </Trackpoint>
<Trackpoint>
      <Time>
      2022-11-17T00:49:18.705Z
    </Time><DistanceMeters>
      3.587199195753783
    </DistanceMeters><Cadence>
      120.97832679748535
    </Cadence><SensorState>
      Present
    </SensorState><Extensions>
      <TPX xmlns="http://www.garmin.com/xmlschemas/ActivityExtension/v2">
      <nax:Nax>
      <nax:Moments>
      <nax:Halt xsi:type="nax:Halt_t" action="auto_pause">
      
    </nax:Halt>
    </nax:Moments>
    </nax:Nax>
    </TPX>
    </Extensions>
    </Trackpoint>
<Trackpoint>
      <Time>
      2022-11-17T00:49:19.000Z
    </Time><SensorState>
      Present
    </SensorState><Extensions>
      <TPX xmlns="http://www.garmin.com/xmlschemas/ActivityExtension/v2">
      <nax:Nax>
      <nax:NikeFuel>
      2.2955384390987104
    </nax:NikeFuel><nax:Moments>
      <nax:Halt xsi:type="nax:Halt_t" action="auto_pause">
      
    </nax:Halt>
    </nax:Moments>
    </nax:Nax>
    </TPX>
    </Extensions>
    </Trackpoint>
<Trackpoint>
      <Time>
      2022-11-17T00:49:21.000Z
    </Time><Position>
      <LatitudeDegrees>
      47.42794977584049
    </LatitudeDegrees><LongitudeDegrees>
      -122.29358549309099
    </LongitudeDegrees>
    </Position><AltitudeMeters>
      112.6668351283297
    </AltitudeMeters><SensorState>
      Present
    </SensorState><Extensions>
      <TPX xmlns="http://www.garmin.com/xmlschemas/ActivityExtension/v2">
      <nax:Nax>
      <nax:Moments>
      <nax:Halt xsi:type="nax:Halt_t" action="auto_pause">
      
    </nax:Halt>
    </nax:Moments>
    </nax:Nax>
    </TPX>
    </Extensions>
    </Trackpoint>
<Trackpoint>
      <Time>
      2022-11-17T00:49:21.269Z
    </Time><SensorState>
      Present
    </SensorState><Extensions>
      <TPX xmlns="http://www.garmin.com/xmlschemas/ActivityExtension/v2">
      <ns3:Speed>
      1.1990513628687398
    </ns3:Speed><nax:Nax>
      <nax:Pace>
      13.899877171893232
    </nax:Pace><nax:Moments>
      <nax:Halt xsi:type="nax:Halt_t" action="auto_pause">
      
    </nax:Halt>
    </nax:Moments>
    </nax:Nax>
    </TPX>
    </Extensions>
    </Trackpoint>
<Trackpoint>
      <Time>
      2022-11-17T00:49:21.270Z
    </Time><DistanceMeters>
      3.2306745699606836
    </DistanceMeters><Cadence>
      121.69375419616699
    </Cadence><SensorState>
      Present
    </SensorState><Extensions>
      <TPX xmlns="http://www.garmin.com/xmlschemas/ActivityExtension/v2">
      <nax:Nax>
      <nax:Moments>
      <nax:Halt xsi:type="nax:Halt_t" action="auto_pause">
      
    </nax:Halt>
    </nax:Moments>
    </nax:Nax>
    </TPX>
    </Extensions>
    </Trackpoint>
<Trackpoint>
      <Time>
      2022-11-17T00:49:23.152Z
    </Time><HeartRateBpm>
      <Value>
      125
    </Value>
    </HeartRateBpm><SensorState>
      Present
    </SensorState><Extensions>
      <TPX xmlns="http://www.garmin.com/xmlschemas/ActivityExtension/v2">
      <nax:Nax>
      <nax:Moments>
      <nax:Halt xsi:type="nax:Halt_t" action="auto_pause">
      
    </nax:Halt>
    </nax:Moments>
    </nax:Nax>
    </TPX>
    </Extensions>
    </Trackpoint>
<Trackpoint>
      <Time>
      2022-11-17T00:49:23.835Z
    </Time><SensorState>
      Present
    </SensorState><Extensions>
      <TPX xmlns="http://www.garmin.com/xmlschemas/ActivityExtension/v2">
      <ns3:Speed>
      1.2092366153869099
    </ns3:Speed><nax:Nax>
      <nax:Pace>
      13.782800201872789
    </nax:Pace><nax:Moments>
      <nax:Halt xsi:type="nax:Halt_t" action="auto_pause">
      
    </nax:Halt>
    </nax:Moments>
    </nax:Nax>
    </TPX>
    </Extensions>
    </Trackpoint>
<Trackpoint>
      <Time>
      2022-11-17T00:49:23.836Z
    </Time><DistanceMeters>
      2.9714240725152194
    </DistanceMeters><Cadence>
      121.69375419616699
    </Cadence><SensorState>
      Present
    </SensorState><Extensions>
      <TPX xmlns="http://www.garmin.com/xmlschemas/ActivityExtension/v2">
      <nax:Nax>
      <nax:Moments>
      <nax:Halt xsi:type="nax:Halt_t" action="auto_pause">
      
    </nax:Halt>
    </nax:Moments>
    </nax:Nax>
    </TPX>
    </Extensions>
    </Trackpoint>
<Trackpoint>
      <Time>
      2022-11-17T00:49:26.400Z
    </Time><SensorState>
      Present
    </SensorState><Extensions>
      <TPX xmlns="http://www.garmin.com/xmlschemas/ActivityExtension/v2">
      <ns3:Speed>
      1.2100125325406568
    </ns3:Speed><nax:Nax>
      <nax:Pace>
      13.773962019774915
    </nax:Pace><nax:Moments>
      <nax:Halt xsi:type="nax:Halt_t" action="auto_pause">
      
    </nax:Halt>
    </nax:Moments>
    </nax:Nax>
    </TPX>
    </Extensions>
    </Trackpoint>
<Trackpoint>
      <Time>
      2022-11-17T00:49:26.401Z
    </Time><DistanceMeters>
      3.3412027969025075
    </DistanceMeters><Cadence>
      121.46580219268799
    </Cadence><SensorState>
      Present
    </SensorState><Extensions>
      <TPX xmlns="http://www.garmin.com/xmlschemas/ActivityExtension/v2">
      <nax:Nax>
      <nax:Moments>
      <nax:Halt xsi:type="nax:Halt_t" action="auto_pause">
      
    </nax:Halt>
    </nax:Moments>
    </nax:Nax>
    </TPX>
    </Extensions>
    </Trackpoint>
<Trackpoint>
      <Time>
      2022-11-17T00:49:26.402Z
    </Time><SensorState>
      Present
    </SensorState><Extensions>
      <TPX xmlns="http://www.garmin.com/xmlschemas/ActivityExtension/v2">
      <nax:Nax>
      <nax:Moments>
      <nax:Halt xsi:type="nax:Halt_t" action="auto_pause">
      
    </nax:Halt>
    </nax:Moments>
    </nax:Nax>
    </TPX>
    </Extensions>
    </Trackpoint>
<Trackpoint>
      <Time>
      2022-11-17T00:49:27.152Z
    </Time><HeartRateBpm>
      <Value>
      125
    </Value>
    </HeartRateBpm><SensorState>
      Present
    </SensorState><Extensions>
      <TPX xmlns="http://www.garmin.com/xmlschemas/ActivityExtension/v2">
      <nax:Nax>
      <nax:Moments>
      <nax:Halt xsi:type="nax:Halt_t" action="auto_pause">
      
    </nax:Halt>
    </nax:Moments>
    </nax:Nax>
    </TPX>
    </Extensions>
    </Trackpoint>
<Trackpoint>
      <Time>
      2022-11-17T00:49:28.966Z
    </Time><SensorState>
      Present
    </SensorState><Extensions>
      <TPX xmlns="http://www.garmin.com/xmlschemas/ActivityExtension/v2">
      <ns3:Speed>
      1.2112005992360697
    </ns3:Speed><nax:Nax>
      <nax:Pace>
      13.760451140115594
    </nax:Pace><nax:Moments>
      <nax:Halt xsi:type="nax:Halt_t" action="auto_pause">
      
    </nax:Halt>
    </nax:Moments>
    </nax:Nax>
    </TPX>
    </Extensions>
    </Trackpoint>
<Trackpoint>
      <Time>
      2022-11-17T00:49:28.967Z
    </Time><DistanceMeters>
      3.49274669168517
    </DistanceMeters><Cadence>
      121.34096145629883
    </Cadence><SensorState>
      Present
    </SensorState><Extensions>
      <TPX xmlns="http://www.garmin.com/xmlschemas/ActivityExtension/v2">
      <nax:Nax>
      <nax:Moments>
      <nax:Halt xsi:type="nax:Halt_t" action="auto_pause">
      
    </nax:Halt>
    </nax:Moments>
    </nax:Nax>
    </TPX>
    </Extensions>
    </Trackpoint>
<Trackpoint>
      <Time>
      2022-11-17T00:49:29.000Z
    </Time><Position>
      <LatitudeDegrees>
      47.42797621003213
    </LatitudeDegrees><LongitudeDegrees>
      -122.2934568726269
    </LongitudeDegrees>
    </Position><AltitudeMeters>
      111.7023322833702
    </AltitudeMeters><SensorState>
      Present
    </SensorState><Extensions>
      <TPX xmlns="http://www.garmin.com/xmlschemas/ActivityExtension/v2">
      <nax:Nax>
      <nax:NikeFuel>
      2.305081066585722
    </nax:NikeFuel><nax:Moments>
      <nax:Halt xsi:type="nax:Halt_t" action="auto_pause">
      
    </nax:Halt>
    </nax:Moments>
    </nax:Nax>
    </TPX>
    </Extensions>
    </Trackpoint>
<Trackpoint>
      <Time>
      2022-11-17T00:49:29.152Z
    </Time><HeartRateBpm>
      <Value>
      125
    </Value>
    </HeartRateBpm><SensorState>
      Present
    </SensorState><Extensions>
      <TPX xmlns="http://www.garmin.com/xmlschemas/ActivityExtension/v2">
      <nax:Nax>
      <nax:Moments>
      <nax:Halt xsi:type="nax:Halt_t" action="auto_pause">
      
    </nax:Halt>
    </nax:Moments>
    </nax:Nax>
    </TPX>
    </Extensions>
    </Trackpoint>
<Trackpoint>
      <Time>
      2022-11-17T00:49:31.532Z
    </Time><SensorState>
      Present
    </SensorState><Extensions>
      <TPX xmlns="http://www.garmin.com/xmlschemas/ActivityExtension/v2">
      <ns3:Speed>
      1.2129911140907235
    </ns3:Speed><nax:Nax>
      <nax:Pace>
      13.740139126377898
    </nax:Pace><nax:Moments>
      <nax:Halt xsi:type="nax:Halt_t" action="auto_pause">
      
    </nax:Halt>
    </nax:Moments>
    </nax:Nax>
    </TPX>
    </Extensions>
    </Trackpoint>
<Trackpoint>
      <Time>
      2022-11-17T00:49:31.533Z
    </Time><DistanceMeters>
      3.9792987992987037
    </DistanceMeters><Cadence>
      121.99310302734375
    </Cadence><SensorState>
      Present
    </SensorState><Extensions>
      <TPX xmlns="http://www.garmin.com/xmlschemas/ActivityExtension/v2">
      <nax:Nax>
      <nax:Moments>
      <nax:Halt xsi:type="nax:Halt_t" action="auto_pause">
      
    </nax:Halt>
    </nax:Moments>
    </nax:Nax>
    </TPX>
    </Extensions>
    </Trackpoint>
<Trackpoint>
      <Time>
      2022-11-17T00:49:34.097Z
    </Time><SensorState>
      Present
    </SensorState><Extensions>
      <TPX xmlns="http://www.garmin.com/xmlschemas/ActivityExtension/v2">
      <ns3:Speed>
      1.2149452244353647
    </ns3:Speed><nax:Nax>
      <nax:Pace>
      13.718039572041082
    </nax:Pace><nax:Moments>
      <nax:Halt xsi:type="nax:Halt_t" action="auto_pause">
      
    </nax:Halt>
    </nax:Moments>
    </nax:Nax>
    </TPX>
    </Extensions>
    </Trackpoint>
<Trackpoint>
      <Time>
      2022-11-17T00:49:34.098Z
    </Time><DistanceMeters>
      3.047521152999252
    </DistanceMeters><Cadence>
      121.99310302734375
    </Cadence><SensorState>
      Present
    </SensorState><Extensions>
      <TPX xmlns="http://www.garmin.com/xmlschemas/ActivityExtension/v2">
      <nax:Nax>
      <nax:Moments>
      <nax:Halt xsi:type="nax:Halt_t" action="auto_pause">
      
    </nax:Halt>
    </nax:Moments>
    </nax:Nax>
    </TPX>
    </Extensions>
    </Trackpoint>
<Trackpoint>
      <Time>
      2022-11-17T00:49:36.152Z
    </Time><HeartRateBpm>
      <Value>
      121
    </Value>
    </HeartRateBpm><SensorState>
      Present
    </SensorState><Extensions>
      <TPX xmlns="http://www.garmin.com/xmlschemas/ActivityExtension/v2">
      <nax:Nax>
      <nax:Moments>
      <nax:Halt xsi:type="nax:Halt_t" action="auto_pause">
      
    </nax:Halt>
    </nax:Moments>
    </nax:Nax>
    </TPX>
    </Extensions>
    </Trackpoint>
<Trackpoint>
      <Time>
      2022-11-17T00:49:36.662Z
    </Time><SensorState>
      Present
    </SensorState><Extensions>
      <TPX xmlns="http://www.garmin.com/xmlschemas/ActivityExtension/v2">
      <ns3:Speed>
      1.2165201355434634
    </ns3:Speed><nax:Nax>
      <nax:Pace>
      13.70028015131954
    </nax:Pace><nax:Moments>
      <nax:Halt xsi:type="nax:Halt_t" action="auto_pause">
      
    </nax:Halt>
    </nax:Moments>
    </nax:Nax>
    </TPX>
    </Extensions>
    </Trackpoint>
<Trackpoint>
      <Time>
      2022-11-17T00:49:36.663Z
    </Time><DistanceMeters>
      3.661110728047788
    </DistanceMeters><Cadence>
      122.37198829650879
    </Cadence><SensorState>
      Present
    </SensorState><Extensions>
      <TPX xmlns="http://www.garmin.com/xmlschemas/ActivityExtension/v2">
      <nax:Nax>
      <nax:Moments>
      <nax:Halt xsi:type="nax:Halt_t" action="auto_pause">
      
    </nax:Halt>
    </nax:Moments>
    </nax:Nax>
    </TPX>
    </Extensions>
    </Trackpoint>
<Trackpoint>
      <Time>
      2022-11-17T00:49:36.664Z
    </Time><SensorState>
      Present
    </SensorState><Extensions>
      <TPX xmlns="http://www.garmin.com/xmlschemas/ActivityExtension/v2">
      <nax:Nax>
      <nax:Moments>
      <nax:Halt xsi:type="nax:Halt_t" action="auto_pause">
      
    </nax:Halt>
    </nax:Moments>
    </nax:Nax>
    </TPX>
    </Extensions>
    </Trackpoint>
<Trackpoint>
      <Time>
      2022-11-17T00:49:36.999Z
    </Time><Position>
      <LatitudeDegrees>
      47.42798481945652
    </LatitudeDegrees><LongitudeDegrees>
      -122.29331693356622
    </LongitudeDegrees>
    </Position><AltitudeMeters>
      111.1186301568523
    </AltitudeMeters><SensorState>
      Present
    </SensorState><Extensions>
      <TPX xmlns="http://www.garmin.com/xmlschemas/ActivityExtension/v2">
      <nax:Nax>
      <nax:Moments>
      <nax:Halt xsi:type="nax:Halt_t" action="auto_pause">
      
    </nax:Halt>
    </nax:Moments>
    </nax:Nax>
    </TPX>
    </Extensions>
    </Trackpoint>
<Trackpoint>
      <Time>
      2022-11-17T00:49:39.000Z
    </Time><SensorState>
      Present
    </SensorState><Extensions>
      <TPX xmlns="http://www.garmin.com/xmlschemas/ActivityExtension/v2">
      <nax:Nax>
      <nax:NikeFuel>
      2.313678955474665
    </nax:NikeFuel><nax:Moments>
      <nax:Halt xsi:type="nax:Halt_t" action="auto_pause">
      
    </nax:Halt>
    </nax:Moments>
    </nax:Nax>
    </TPX>
    </Extensions>
    </Trackpoint>
<Trackpoint>
      <Time>
      2022-11-17T00:49:39.152Z
    </Time><HeartRateBpm>
      <Value>
      123
    </Value>
    </HeartRateBpm><SensorState>
      Present
    </SensorState><Extensions>
      <TPX xmlns="http://www.garmin.com/xmlschemas/ActivityExtension/v2">
      <nax:Nax>
      <nax:Moments>
      <nax:Halt xsi:type="nax:Halt_t" action="auto_pause">
      
    </nax:Halt>
    </nax:Moments>
    </nax:Nax>
    </TPX>
    </Extensions>
    </Trackpoint>
<Trackpoint>
      <Time>
      2022-11-17T00:49:39.228Z
    </Time><SensorState>
      Present
    </SensorState><Extensions>
      <TPX xmlns="http://www.garmin.com/xmlschemas/ActivityExtension/v2">
      <ns3:Speed>
      1.2181582450075175
    </ns3:Speed><nax:Nax>
      <nax:Pace>
      13.681856798961133
    </nax:Pace><nax:Moments>
      <nax:Halt xsi:type="nax:Halt_t" action="auto_pause">
      
    </nax:Halt>
    </nax:Moments>
    </nax:Nax>
    </TPX>
    </Extensions>
    </Trackpoint>
<Trackpoint>
      <Time>
      2022-11-17T00:49:39.229Z
    </Time><DistanceMeters>
      3.7343448931351304
    </DistanceMeters><Cadence>
      122.10306644439697
    </Cadence><SensorState>
      Present
    </SensorState><Extensions>
      <TPX xmlns="http://www.garmin.com/xmlschemas/ActivityExtension/v2">
      <nax:Nax>
      <nax:Moments>
      <nax:Halt xsi:type="nax:Halt_t" action="auto_pause">
      
    </nax:Halt>
    </nax:Moments>
    </nax:Nax>
    </TPX>
    </Extensions>
    </Trackpoint>
<Trackpoint>
      <Time>
      2022-11-17T00:49:39.230Z
    </Time><SensorState>
      Present
    </SensorState><Extensions>
      <TPX xmlns="http://www.garmin.com/xmlschemas/ActivityExtension/v2">
      <nax:Nax>
      <nax:Moments>
      <nax:Halt xsi:type="nax:Halt_t" action="auto_pause">
      
    </nax:Halt>
    </nax:Moments>
    </nax:Nax>
    </TPX>
    </Extensions>
    </Trackpoint>
<Trackpoint>
      <Time>
      2022-11-17T00:49:41.793Z
    </Time><SensorState>
      Present
    </SensorState><Extensions>
      <TPX xmlns="http://www.garmin.com/xmlschemas/ActivityExtension/v2">
      <ns3:Speed>
      1.2201979975425945
    </ns3:Speed><nax:Nax>
      <nax:Pace>
      13.658985427145701
    </nax:Pace><nax:Moments>
      <nax:Halt xsi:type="nax:Halt_t" action="auto_pause">
      
    </nax:Halt>
    </nax:Moments>
    </nax:Nax>
    </TPX>
    </Extensions>
    </Trackpoint>
<Trackpoint>
      <Time>
      2022-11-17T00:49:41.794Z
    </Time><DistanceMeters>
      3.7710123294964433
    </DistanceMeters><Cadence>
      122.46055126190186
    </Cadence><SensorState>
      Present
    </SensorState><Extensions>
      <TPX xmlns="http://www.garmin.com/xmlschemas/ActivityExtension/v2">
      <nax:Nax>
      <nax:Moments>
      <nax:Halt xsi:type="nax:Halt_t" action="auto_pause">
      
    </nax:Halt>
    </nax:Moments>
    </nax:Nax>
    </TPX>
    </Extensions>
    </Trackpoint>
<Trackpoint>
      <Time>
      2022-11-17T00:49:41.795Z
    </Time><SensorState>
      Present
    </SensorState><Extensions>
      <TPX xmlns="http://www.garmin.com/xmlschemas/ActivityExtension/v2">
      <nax:Nax>
      <nax:Moments>
      <nax:Halt xsi:type="nax:Halt_t" action="auto_pause">
      
    </nax:Halt>
    </nax:Moments>
    </nax:Nax>
    </TPX>
    </Extensions>
    </Trackpoint>
<Trackpoint>
      <Time>
      2022-11-17T00:49:43.999Z
    </Time><Position>
      <LatitudeDegrees>
      47.42797752892649
    </LatitudeDegrees><LongitudeDegrees>
      -122.29318421338587
    </LongitudeDegrees>
    </Position><AltitudeMeters>
      109.93732928764075
    </AltitudeMeters><SensorState>
      Present
    </SensorState><Extensions>
      <TPX xmlns="http://www.garmin.com/xmlschemas/ActivityExtension/v2">
      <nax:Nax>
      <nax:Moments>
      <nax:Halt xsi:type="nax:Halt_t" action="auto_pause">
      
    </nax:Halt>
    </nax:Moments>
    </nax:Nax>
    </TPX>
    </Extensions>
    </Trackpoint>
<Trackpoint>
      <Time>
      2022-11-17T00:49:44.360Z
    </Time><SensorState>
      Present
    </SensorState><Extensions>
      <TPX xmlns="http://www.garmin.com/xmlschemas/ActivityExtension/v2">
      <ns3:Speed>
      1.2226184940543583
    </ns3:Speed><nax:Nax>
      <nax:Pace>
      13.631943854699825
    </nax:Pace><nax:Moments>
      <nax:Halt xsi:type="nax:Halt_t" action="auto_pause">
      
    </nax:Halt>
    </nax:Moments>
    </nax:Nax>
    </TPX>
    </Extensions>
    </Trackpoint>
<Trackpoint>
      <Time>
      2022-11-17T00:49:44.361Z
    </Time><DistanceMeters>
      3.302600789349526
    </DistanceMeters><Cadence>
      122.62739181518555
    </Cadence><SensorState>
      Present
    </SensorState><Extensions>
      <TPX xmlns="http://www.garmin.com/xmlschemas/ActivityExtension/v2">
      <nax:Nax>
      <nax:Moments>
      <nax:Halt xsi:type="nax:Halt_t" action="auto_pause">
      
    </nax:Halt>
    </nax:Moments>
    </nax:Nax>
    </TPX>
    </Extensions>
    </Trackpoint>
<Trackpoint>
      <Time>
      2022-11-17T00:49:46.925Z
    </Time><SensorState>
      Present
    </SensorState><Extensions>
      <TPX xmlns="http://www.garmin.com/xmlschemas/ActivityExtension/v2">
      <ns3:Speed>
      1.2251270485478911
    </ns3:Speed><nax:Nax>
      <nax:Pace>
      13.604031260611869
    </nax:Pace><nax:Moments>
      <nax:Halt xsi:type="nax:Halt_t" action="auto_pause">
      
    </nax:Halt>
    </nax:Moments>
    </nax:Nax>
    </TPX>
    </Extensions>
    </Trackpoint>
<Trackpoint>
      <Time>
      2022-11-17T00:49:46.926Z
    </Time><DistanceMeters>
      4.021058820653707
    </DistanceMeters><Cadence>
      123.28808784484863
    </Cadence><SensorState>
      Present
    </SensorState><Extensions>
      <TPX xmlns="http://www.garmin.com/xmlschemas/ActivityExtension/v2">
      <nax:Nax>
      <nax:Moments>
      <nax:Halt xsi:type="nax:Halt_t" action="auto_pause">
      
    </nax:Halt>
    </nax:Moments>
    </nax:Nax>
    </TPX>
    </Extensions>
    </Trackpoint>
<Trackpoint>
      <Time>
      2022-11-17T00:49:48.152Z
    </Time><HeartRateBpm>
      <Value>
      124
    </Value>
    </HeartRateBpm><SensorState>
      Present
    </SensorState><Extensions>
      <TPX xmlns="http://www.garmin.com/xmlschemas/ActivityExtension/v2">
      <nax:Nax>
      <nax:Moments>
      <nax:Halt xsi:type="nax:Halt_t" action="auto_pause">
      
    </nax:Halt>
    </nax:Moments>
    </nax:Nax>
    </TPX>
    </Extensions>
    </Trackpoint>
<Trackpoint>
      <Time>
      2022-11-17T00:49:49.000Z
    </Time><SensorState>
      Present
    </SensorState><Extensions>
      <TPX xmlns="http://www.garmin.com/xmlschemas/ActivityExtension/v2">
      <nax:Nax>
      <nax:NikeFuel>
      2.3297346855574195
    </nax:NikeFuel><nax:Moments>
      <nax:Halt xsi:type="nax:Halt_t" action="auto_pause">
      
    </nax:Halt>
    </nax:Moments>
    </nax:Nax>
    </TPX>
    </Extensions>
    </Trackpoint>
<Trackpoint>
      <Time>
      2022-11-17T00:49:49.490Z
    </Time><SensorState>
      Present
    </SensorState><Extensions>
      <TPX xmlns="http://www.garmin.com/xmlschemas/ActivityExtension/v2">
      <ns3:Speed>
      1.2283368872577525
    </ns3:Speed><nax:Nax>
      <nax:Pace>
      13.568481773656414
    </nax:Pace><nax:Moments>
      <nax:Halt xsi:type="nax:Halt_t" action="auto_pause">
      
    </nax:Halt>
    </nax:Moments>
    </nax:Nax>
    </TPX>
    </Extensions>
    </Trackpoint>
<Trackpoint>
      <Time>
      2022-11-17T00:49:49.491Z
    </Time><DistanceMeters>
      4.791869839653373
    </DistanceMeters><Cadence>
      123.68385314941406
    </Cadence><SensorState>
      Present
    </SensorState><Extensions>
      <TPX xmlns="http://www.garmin.com/xmlschemas/ActivityExtension/v2">
      <nax:Nax>
      <nax:Moments>
      <nax:Halt xsi:type="nax:Halt_t" action="auto_pause">
      
    </nax:Halt>
    </nax:Moments>
    </nax:Nax>
    </TPX>
    </Extensions>
    </Trackpoint>
<Trackpoint>
      <Time>
      2022-11-17T00:49:50.999Z
    </Time><Position>
      <LatitudeDegrees>
      47.42794623717536
    </LatitudeDegrees><LongitudeDegrees>
      -122.29303640963865
    </LongitudeDegrees>
    </Position><AltitudeMeters>
      108.15690237283707
    </AltitudeMeters><SensorState>
      Present
    </SensorState><Extensions>
      <TPX xmlns="http://www.garmin.com/xmlschemas/ActivityExtension/v2">
      <nax:Nax>
      <nax:Moments>
      <nax:Halt xsi:type="nax:Halt_t" action="auto_pause">
      
    </nax:Halt>
    </nax:Moments>
    </nax:Nax>
    </TPX>
    </Extensions>
    </Trackpoint>
<Trackpoint>
      <Time>
      2022-11-17T00:49:52.055Z
    </Time><SensorState>
      Present
    </SensorState><Extensions>
      <TPX xmlns="http://www.garmin.com/xmlschemas/ActivityExtension/v2">
      <ns3:Speed>
      1.23201475939401
    </ns3:Speed><nax:Nax>
      <nax:Pace>
      13.527976462607057
    </nax:Pace><nax:Moments>
      <nax:Halt xsi:type="nax:Halt_t" action="auto_pause">
      
    </nax:Halt>
    </nax:Moments>
    </nax:Nax>
    </TPX>
    </Extensions>
    </Trackpoint>
<Trackpoint>
      <Time>
      2022-11-17T00:49:52.056Z
    </Time><DistanceMeters>
      4.237388395704329
    </DistanceMeters><Cadence>
      124.33279037475586
    </Cadence><SensorState>
      Present
    </SensorState><Extensions>
      <TPX xmlns="http://www.garmin.com/xmlschemas/ActivityExtension/v2">
      <nax:Nax>
      <nax:Moments>
      <nax:Halt xsi:type="nax:Halt_t" action="auto_pause">
      
    </nax:Halt>
    </nax:Moments>
    </nax:Nax>
    </TPX>
    </Extensions>
    </Trackpoint>
<Trackpoint>
      <Time>
      2022-11-17T00:49:52.057Z
    </Time><SensorState>
      Present
    </SensorState><Extensions>
      <TPX xmlns="http://www.garmin.com/xmlschemas/ActivityExtension/v2">
      <nax:Nax>
      <nax:Moments>
      <nax:Halt xsi:type="nax:Halt_t" action="auto_pause">
      
    </nax:Halt>
    </nax:Moments>
    </nax:Nax>
    </TPX>
    </Extensions>
    </Trackpoint>
<Trackpoint>
      <Time>
      2022-11-17T00:49:52.152Z
    </Time><HeartRateBpm>
      <Value>
      124
    </Value>
    </HeartRateBpm><SensorState>
      Present
    </SensorState><Extensions>
      <TPX xmlns="http://www.garmin.com/xmlschemas/ActivityExtension/v2">
      <nax:Nax>
      <nax:Moments>
      <nax:Halt xsi:type="nax:Halt_t" action="auto_pause">
      
    </nax:Halt>
    </nax:Moments>
    </nax:Nax>
    </TPX>
    </Extensions>
    </Trackpoint>
<Trackpoint>
      <Time>
      2022-11-17T00:49:54.152Z
    </Time><HeartRateBpm>
      <Value>
      125
    </Value>
    </HeartRateBpm><SensorState>
      Present
    </SensorState><Extensions>
      <TPX xmlns="http://www.garmin.com/xmlschemas/ActivityExtension/v2">
      <nax:Nax>
      <nax:Moments>
      <nax:Halt xsi:type="nax:Halt_t" action="auto_pause">
      
    </nax:Halt>
    </nax:Moments>
    </nax:Nax>
    </TPX>
    </Extensions>
    </Trackpoint>
<Trackpoint>
      <Time>
      2022-11-17T00:49:54.621Z
    </Time><SensorState>
      Present
    </SensorState><Extensions>
      <TPX xmlns="http://www.garmin.com/xmlschemas/ActivityExtension/v2">
      <ns3:Speed>
      1.235938596243995
    </ns3:Speed><nax:Nax>
      <nax:Pace>
      13.485028072848035
    </nax:Pace><nax:Moments>
      <nax:Halt xsi:type="nax:Halt_t" action="auto_pause">
      
    </nax:Halt>
    </nax:Moments>
    </nax:Nax>
    </TPX>
    </Extensions>
    </Trackpoint>
<Trackpoint>
      <Time>
      2022-11-17T00:49:54.622Z
    </Time><DistanceMeters>
      3.9248204226605594
    </DistanceMeters><Cadence>
      124.78567600250244
    </Cadence><SensorState>
      Present
    </SensorState><Extensions>
      <TPX xmlns="http://www.garmin.com/xmlschemas/ActivityExtension/v2">
      <nax:Nax>
      <nax:Moments>
      <nax:Halt xsi:type="nax:Halt_t" action="auto_pause">
      
    </nax:Halt>
    </nax:Moments>
    </nax:Nax>
    </TPX>
    </Extensions>
    </Trackpoint>
<Trackpoint>
      <Time>
      2022-11-17T00:49:57.186Z
    </Time><SensorState>
      Present
    </SensorState><Extensions>
      <TPX xmlns="http://www.garmin.com/xmlschemas/ActivityExtension/v2">
      <ns3:Speed>
      1.2399074239500647
    </ns3:Speed><nax:Nax>
      <nax:Pace>
      13.441863759126816
    </nax:Pace><nax:Moments>
      <nax:Halt xsi:type="nax:Halt_t" action="auto_pause">
      
    </nax:Halt>
    </nax:Moments>
    </nax:Nax>
    </TPX>
    </Extensions>
    </Trackpoint>
<Trackpoint>
      <Time>
      2022-11-17T00:49:57.187Z
    </Time><DistanceMeters>
      2.92328445520252
    </DistanceMeters><Cadence>
      124.78567600250244
    </Cadence><SensorState>
      Present
    </SensorState><Extensions>
      <TPX xmlns="http://www.garmin.com/xmlschemas/ActivityExtension/v2">
      <nax:Nax>
      <nax:Moments>
      <nax:Halt xsi:type="nax:Halt_t" action="auto_pause">
      
    </nax:Halt>
    </nax:Moments>
    </nax:Nax>
    </TPX>
    </Extensions>
    </Trackpoint>
<Trackpoint>
      <Time>
      2022-11-17T00:49:57.999Z
    </Time><Position>
      <LatitudeDegrees>
      47.42791405504991
    </LatitudeDegrees><LongitudeDegrees>
      -122.29291000424982
    </LongitudeDegrees>
    </Position><AltitudeMeters>
      107.51033172383904
    </AltitudeMeters><SensorState>
      Present
    </SensorState><Extensions>
      <TPX xmlns="http://www.garmin.com/xmlschemas/ActivityExtension/v2">
      <nax:Nax>
      <nax:DescentInMeters>
      3.9437715184874804
    </nax:DescentInMeters><nax:Moments>
      <nax:Halt xsi:type="nax:Halt_t" action="auto_pause">
      
    </nax:Halt>
    </nax:Moments>
    </nax:Nax>
    </TPX>
    </Extensions>
    </Trackpoint>
<Trackpoint>
      <Time>
      2022-11-17T00:49:59.000Z
    </Time><SensorState>
      Present
    </SensorState><Extensions>
      <TPX xmlns="http://www.garmin.com/xmlschemas/ActivityExtension/v2">
      <nax:Nax>
      <nax:NikeFuel>
      2.3467714025238973
    </nax:NikeFuel><nax:Moments>
      <nax:Halt xsi:type="nax:Halt_t" action="auto_pause">
      
    </nax:Halt>
    </nax:Moments>
    </nax:Nax>
    </TPX>
    </Extensions>
    </Trackpoint>
<Trackpoint>
      <Time>
      2022-11-17T00:49:59.752Z
    </Time><SensorState>
      Present
    </SensorState><Extensions>
      <TPX xmlns="http://www.garmin.com/xmlschemas/ActivityExtension/v2">
      <ns3:Speed>
      1.2434069711291067
    </ns3:Speed><nax:Nax>
      <nax:Pace>
      13.40403186861023
    </nax:Pace><nax:Moments>
      <nax:Halt xsi:type="nax:Halt_t" action="auto_pause">
      
    </nax:Halt>
    </nax:Moments>
    </nax:Nax>
    </TPX>
    </Extensions>
    </Trackpoint>
<Trackpoint>
      <Time>
      2022-11-17T00:49:59.753Z
    </Time><DistanceMeters>
      2.4052157471887767
    </DistanceMeters><Cadence>
      124.78567600250244
    </Cadence><SensorState>
      Present
    </SensorState><Extensions>
      <TPX xmlns="http://www.garmin.com/xmlschemas/ActivityExtension/v2">
      <nax:Nax>
      <nax:Moments>
      <nax:Halt xsi:type="nax:Halt_t" action="auto_pause">
      
    </nax:Halt>
    </nax:Moments>
    </nax:Nax>
    </TPX>
    </Extensions>
    </Trackpoint>
<Trackpoint>
      <Time>
      2022-11-17T00:50:02.317Z
    </Time><DistanceMeters>
      2.7909604837186635
    </DistanceMeters><SensorState>
      Present
    </SensorState><Extensions>
      <TPX xmlns="http://www.garmin.com/xmlschemas/ActivityExtension/v2">
      <ns3:Speed>
      1.246493700894209
    </ns3:Speed><nax:Nax>
      <nax:Pace>
      13.370839062171228
    </nax:Pace><nax:Moments>
      <nax:Halt xsi:type="nax:Halt_t" action="auto_pause">
      
    </nax:Halt>
    </nax:Moments>
    </nax:Nax>
    </TPX>
    </Extensions>
    </Trackpoint>
<Trackpoint>
      <Time>
      2022-11-17T00:50:02.318Z
    </Time><Cadence>
      124.78567600250244
    </Cadence><SensorState>
      Present
    </SensorState><Extensions>
      <TPX xmlns="http://www.garmin.com/xmlschemas/ActivityExtension/v2">
      <nax:Nax>
      <nax:Moments>
      <nax:Halt xsi:type="nax:Halt_t" action="auto_pause">
      
    </nax:Halt>
    </nax:Moments>
    </nax:Nax>
    </TPX>
    </Extensions>
    </Trackpoint>
<Trackpoint>
      <Time>
      2022-11-17T00:50:03.152Z
    </Time><HeartRateBpm>
      <Value>
      125
    </Value>
    </HeartRateBpm><SensorState>
      Present
    </SensorState><Extensions>
      <TPX xmlns="http://www.garmin.com/xmlschemas/ActivityExtension/v2">
      <nax:Nax>
      <nax:Moments>
      <nax:Halt xsi:type="nax:Halt_t" action="auto_pause">
      
    </nax:Halt>
    </nax:Moments>
    </nax:Nax>
    </TPX>
    </Extensions>
    </Trackpoint>
<Trackpoint>
      <Time>
      2022-11-17T00:50:04.152Z
    </Time><HeartRateBpm>
      <Value>
      125
    </Value>
    </HeartRateBpm><SensorState>
      Present
    </SensorState><Extensions>
      <TPX xmlns="http://www.garmin.com/xmlschemas/ActivityExtension/v2">
      <nax:Nax>
      <nax:Moments>
      <nax:Halt xsi:type="nax:Halt_t" action="auto_pause">
      
    </nax:Halt>
    </nax:Moments>
    </nax:Nax>
    </TPX>
    </Extensions>
    </Trackpoint>
<Trackpoint>
      <Time>
      2022-11-17T00:50:04.883Z
    </Time><DistanceMeters>
      1.876413150690496
    </DistanceMeters><SensorState>
      Present
    </SensorState><Extensions>
      <TPX xmlns="http://www.garmin.com/xmlschemas/ActivityExtension/v2">
      <ns3:Speed>
      1.2489751005801981
    </ns3:Speed><nax:Nax>
      <nax:Pace>
      13.344274564740598
    </nax:Pace><nax:Moments>
      <nax:Halt xsi:type="nax:Halt_t" action="auto_pause">
      
    </nax:Halt>
    </nax:Moments>
    </nax:Nax>
    </TPX>
    </Extensions>
    </Trackpoint>
<Trackpoint>
      <Time>
      2022-11-17T00:50:04.884Z
    </Time><Cadence>
      124.78567600250244
    </Cadence><SensorState>
      Present
    </SensorState><Extensions>
      <TPX xmlns="http://www.garmin.com/xmlschemas/ActivityExtension/v2">
      <nax:Nax>
      <nax:Moments>
      <nax:Halt xsi:type="nax:Halt_t" action="auto_pause">
      
    </nax:Halt>
    </nax:Moments>
    </nax:Nax>
    </TPX>
    </Extensions>
    </Trackpoint>
<Trackpoint>
      <Time>
      2022-11-17T00:50:07.448Z
    </Time><SensorState>
      Present
    </SensorState><Extensions>
      <TPX xmlns="http://www.garmin.com/xmlschemas/ActivityExtension/v2">
      <ns3:Speed>
      1.250478577445047
    </ns3:Speed><nax:Nax>
      <nax:Pace>
      13.328230460948532
    </nax:Pace><nax:Moments>
      <nax:Halt xsi:type="nax:Halt_t" action="auto_pause">
      
    </nax:Halt>
    </nax:Moments>
    </nax:Nax>
    </TPX>
    </Extensions>
    </Trackpoint>
<Trackpoint>
      <Time>
      2022-11-17T00:50:07.449Z
    </Time><DistanceMeters>
      2.5188944470137358
    </DistanceMeters><Cadence>
      124.78567600250244
    </Cadence><SensorState>
      Present
    </SensorState><Extensions>
      <TPX xmlns="http://www.garmin.com/xmlschemas/ActivityExtension/v2">
      <nax:Nax>
      <nax:Moments>
      <nax:Halt xsi:type="nax:Halt_t" action="auto_pause">
      
    </nax:Halt>
    </nax:Moments>
    </nax:Nax>
    </TPX>
    </Extensions>
    </Trackpoint>
<Trackpoint>
      <Time>
      2022-11-17T00:50:08.999Z
    </Time><Position>
      <LatitudeDegrees>
      47.427892567928644
    </LatitudeDegrees><LongitudeDegrees>
      -122.29278018058831
    </LongitudeDegrees>
    </Position><AltitudeMeters>
      105.91828796081245
    </AltitudeMeters><SensorState>
      Present
    </SensorState><Extensions>
      <TPX xmlns="http://www.garmin.com/xmlschemas/ActivityExtension/v2">
      <nax:Nax>
      <nax:Moments>
      <nax:Halt xsi:type="nax:Halt_t" action="auto_pause">
      
    </nax:Halt>
    </nax:Moments>
    </nax:Nax>
    </TPX>
    </Extensions>
    </Trackpoint>
<Trackpoint>
      <Time>
      2022-11-17T00:50:09.000Z
    </Time><SensorState>
      Present
    </SensorState><Extensions>
      <TPX xmlns="http://www.garmin.com/xmlschemas/ActivityExtension/v2">
      <nax:Nax>
      <nax:NikeFuel>
      2.3556685984404444
    </nax:NikeFuel><nax:Moments>
      <nax:Halt xsi:type="nax:Halt_t" action="auto_pause">
      
    </nax:Halt>
    </nax:Moments>
    </nax:Nax>
    </TPX>
    </Extensions>
    </Trackpoint>
<Trackpoint>
      <Time>
      2022-11-17T00:50:10.013Z
    </Time><SensorState>
      Present
    </SensorState><Extensions>
      <TPX xmlns="http://www.garmin.com/xmlschemas/ActivityExtension/v2">
      <ns3:Speed>
      1.2517435338474443
    </ns3:Speed><nax:Nax>
      <nax:Pace>
      13.314761543396084
    </nax:Pace><nax:Moments>
      <nax:Halt xsi:type="nax:Halt_t" action="auto_pause">
      
    </nax:Halt>
    </nax:Moments>
    </nax:Nax>
    </TPX>
    </Extensions>
    </Trackpoint>
<Trackpoint>
      <Time>
      2022-11-17T00:50:10.014Z
    </Time><DistanceMeters>
      3.0791932730935514
    </DistanceMeters><Cadence>
      124.78567600250244
    </Cadence><SensorState>
      Present
    </SensorState><Extensions>
      <TPX xmlns="http://www.garmin.com/xmlschemas/ActivityExtension/v2">
      <nax:Nax>
      <nax:Moments>
      <nax:Halt xsi:type="nax:Halt_t" action="auto_pause">
      
    </nax:Halt>
    </nax:Moments>
    </nax:Nax>
    </TPX>
    </Extensions>
    </Trackpoint>
<Trackpoint>
      <Time>
      2022-11-17T00:50:10.152Z
    </Time><HeartRateBpm>
      <Value>
      124
    </Value>
    </HeartRateBpm><SensorState>
      Present
    </SensorState><Extensions>
      <TPX xmlns="http://www.garmin.com/xmlschemas/ActivityExtension/v2">
      <nax:Nax>
      <nax:Moments>
      <nax:Halt xsi:type="nax:Halt_t" action="auto_pause">
      
    </nax:Halt>
    </nax:Moments>
    </nax:Nax>
    </TPX>
    </Extensions>
    </Trackpoint>
<Trackpoint>
      <Time>
      2022-11-17T00:50:12.578Z
    </Time><SensorState>
      Present
    </SensorState><Extensions>
      <TPX xmlns="http://www.garmin.com/xmlschemas/ActivityExtension/v2">
      <ns3:Speed>
      1.2532805476897801
    </ns3:Speed><nax:Nax>
      <nax:Pace>
      13.29843241993101
    </nax:Pace><nax:Moments>
      <nax:Halt xsi:type="nax:Halt_t" action="auto_pause">
      
    </nax:Halt>
    </nax:Moments>
    </nax:Nax>
    </TPX>
    </Extensions>
    </Trackpoint>
<Trackpoint>
      <Time>
      2022-11-17T00:50:12.579Z
    </Time><DistanceMeters>
      4.427410769276321
    </DistanceMeters><Cadence>
      124.78567600250244
    </Cadence><SensorState>
      Present
    </SensorState><Extensions>
      <TPX xmlns="http://www.garmin.com/xmlschemas/ActivityExtension/v2">
      <nax:Nax>
      <nax:Moments>
      <nax:Halt xsi:type="nax:Halt_t" action="auto_pause">
      
    </nax:Halt>
    </nax:Moments>
    </nax:Nax>
    </TPX>
    </Extensions>
    </Trackpoint>
<Trackpoint>
      <Time>
      2022-11-17T00:50:15.143Z
    </Time><SensorState>
      Present
    </SensorState><Extensions>
      <TPX xmlns="http://www.garmin.com/xmlschemas/ActivityExtension/v2">
      <ns3:Speed>
      1.2550994056167681
    </ns3:Speed><nax:Nax>
      <nax:Pace>
      13.279160672119435
    </nax:Pace><nax:Moments>
      <nax:Halt xsi:type="nax:Halt_t" action="auto_pause">
      
    </nax:Halt>
    </nax:Moments>
    </nax:Nax>
    </TPX>
    </Extensions>
    </Trackpoint>
<Trackpoint>
      <Time>
      2022-11-17T00:50:15.144Z
    </Time><DistanceMeters>
      4.426666084676981
    </DistanceMeters><Cadence>
      124.78567600250244
    </Cadence><SensorState>
      Present
    </SensorState><Extensions>
      <TPX xmlns="http://www.garmin.com/xmlschemas/ActivityExtension/v2">
      <nax:Nax>
      <nax:Moments>
      <nax:Halt xsi:type="nax:Halt_t" action="auto_pause">
      
    </nax:Halt>
    </nax:Moments>
    </nax:Nax>
    </TPX>
    </Extensions>
    </Trackpoint>
<Trackpoint>
      <Time>
      2022-11-17T00:50:15.999Z
    </Time><Position>
      <LatitudeDegrees>
      47.4279780712667
    </LatitudeDegrees><LongitudeDegrees>
      -122.29270199261212
    </LongitudeDegrees>
    </Position><AltitudeMeters>
      105.94496670458466
    </AltitudeMeters><SensorState>
      Present
    </SensorState><Extensions>
      <TPX xmlns="http://www.garmin.com/xmlschemas/ActivityExtension/v2">
      <nax:Nax>
      <nax:DescentInMeters>
      1.86258973646909
    </nax:DescentInMeters><nax:Moments>
      <nax:Halt xsi:type="nax:Halt_t" action="auto_pause">
      
    </nax:Halt>
    </nax:Moments>
    </nax:Nax>
    </TPX>
    </Extensions>
    </Trackpoint>
<Trackpoint>
      <Time>
      2022-11-17T00:50:17.709Z
    </Time><SensorState>
      Present
    </SensorState><Extensions>
      <TPX xmlns="http://www.garmin.com/xmlschemas/ActivityExtension/v2">
      <ns3:Speed>
      1.2569912245686627
    </ns3:Speed><nax:Nax>
      <nax:Pace>
      13.25917503710962
    </nax:Pace><nax:Moments>
      <nax:Halt xsi:type="nax:Halt_t" action="auto_pause">
      
    </nax:Halt>
    </nax:Moments>
    </nax:Nax>
    </TPX>
    </Extensions>
    </Trackpoint>
<Trackpoint>
      <Time>
      2022-11-17T00:50:17.710Z
    </Time><DistanceMeters>
      3.8082048394717276
    </DistanceMeters><Cadence>
      124.78567600250244
    </Cadence><SensorState>
      Present
    </SensorState><Extensions>
      <TPX xmlns="http://www.garmin.com/xmlschemas/ActivityExtension/v2">
      <nax:Nax>
      <nax:Moments>
      <nax:Halt xsi:type="nax:Halt_t" action="auto_pause">
      
    </nax:Halt>
    </nax:Moments>
    </nax:Nax>
    </TPX>
    </Extensions>
    </Trackpoint>
<Trackpoint>
      <Time>
      2022-11-17T00:50:18.152Z
    </Time><HeartRateBpm>
      <Value>
      124
    </Value>
    </HeartRateBpm><SensorState>
      Present
    </SensorState><Extensions>
      <TPX xmlns="http://www.garmin.com/xmlschemas/ActivityExtension/v2">
      <nax:Nax>
      <nax:Moments>
      <nax:Halt xsi:type="nax:Halt_t" action="auto_pause">
      
    </nax:Halt>
    </nax:Moments>
    </nax:Nax>
    </TPX>
    </Extensions>
    </Trackpoint>
<Trackpoint>
      <Time>
      2022-11-17T00:50:19.000Z
    </Time><SensorState>
      Present
    </SensorState><Extensions>
      <TPX xmlns="http://www.garmin.com/xmlschemas/ActivityExtension/v2">
      <nax:Nax>
      <nax:NikeFuel>
      2.3304337274354894
    </nax:NikeFuel><nax:Moments>
      <nax:Halt xsi:type="nax:Halt_t" action="auto_pause">
      
    </nax:Halt>
    </nax:Moments>
    </nax:Nax>
    </TPX>
    </Extensions>
    </Trackpoint>
<Trackpoint>
      <Time>
      2022-11-17T00:50:20.152Z
    </Time><HeartRateBpm>
      <Value>
      123
    </Value>
    </HeartRateBpm><SensorState>
      Present
    </SensorState><Extensions>
      <TPX xmlns="http://www.garmin.com/xmlschemas/ActivityExtension/v2">
      <nax:Nax>
      <nax:Moments>
      <nax:Halt xsi:type="nax:Halt_t" action="auto_pause">
      
    </nax:Halt>
    </nax:Moments>
    </nax:Nax>
    </TPX>
    </Extensions>
    </Trackpoint>
<Trackpoint>
      <Time>
      2022-11-17T00:50:20.274Z
    </Time><SensorState>
      Present
    </SensorState><Extensions>
      <TPX xmlns="http://www.garmin.com/xmlschemas/ActivityExtension/v2">
      <ns3:Speed>
      1.2590252014071561
    </ns3:Speed><nax:Nax>
      <nax:Pace>
      13.237754612091226
    </nax:Pace><nax:Moments>
      <nax:Halt xsi:type="nax:Halt_t" action="auto_pause">
      
    </nax:Halt>
    </nax:Moments>
    </nax:Nax>
    </TPX>
    </Extensions>
    </Trackpoint>
<Trackpoint>
      <Time>
      2022-11-17T00:50:20.275Z
    </Time><DistanceMeters>
      2.7384541127830744
    </DistanceMeters><Cadence>
      124.78567600250244
    </Cadence><SensorState>
      Present
    </SensorState><Extensions>
      <TPX xmlns="http://www.garmin.com/xmlschemas/ActivityExtension/v2">
      <nax:Nax>
      <nax:Moments>
      <nax:Halt xsi:type="nax:Halt_t" action="auto_pause">
      
    </nax:Halt>
    </nax:Moments>
    </nax:Nax>
    </TPX>
    </Extensions>
    </Trackpoint>
<Trackpoint>
      <Time>
      2022-11-17T00:50:22.839Z
    </Time><SensorState>
      Present
    </SensorState><Extensions>
      <TPX xmlns="http://www.garmin.com/xmlschemas/ActivityExtension/v2">
      <ns3:Speed>
      1.2611118385464468
    </ns3:Speed><nax:Nax>
      <nax:Pace>
      13.215851407656762
    </nax:Pace><nax:Moments>
      <nax:Halt xsi:type="nax:Halt_t" action="auto_pause">
      
    </nax:Halt>
    </nax:Moments>
    </nax:Nax>
    </TPX>
    </Extensions>
    </Trackpoint>
<Trackpoint>
      <Time>
      2022-11-17T00:50:22.840Z
    </Time><DistanceMeters>
      3.5790892522782087
    </DistanceMeters><Cadence>
      124.78567600250244
    </Cadence><SensorState>
      Present
    </SensorState><Extensions>
      <TPX xmlns="http://www.garmin.com/xmlschemas/ActivityExtension/v2">
      <nax:Nax>
      <nax:Moments>
      <nax:Halt xsi:type="nax:Halt_t" action="auto_pause">
      
    </nax:Halt>
    </nax:Moments>
    </nax:Nax>
    </TPX>
    </Extensions>
    </Trackpoint>
<Trackpoint>
      <Time>
      2022-11-17T00:50:23.000Z
    </Time><Position>
      <LatitudeDegrees>
      47.42804413733532
    </LatitudeDegrees><LongitudeDegrees>
      -122.29260391573018
    </LongitudeDegrees>
    </Position><AltitudeMeters>
      106.11549205239862
    </AltitudeMeters><SensorState>
      Present
    </SensorState><Extensions>
      <TPX xmlns="http://www.garmin.com/xmlschemas/ActivityExtension/v2">
      <nax:Nax>
      <nax:Moments>
      <nax:Halt xsi:type="nax:Halt_t" action="auto_pause">
      
    </nax:Halt>
    </nax:Moments>
    </nax:Nax>
    </TPX>
    </Extensions>
    </Trackpoint>
<Trackpoint>
      <Time>
      2022-11-17T00:50:25.152Z
    </Time><HeartRateBpm>
      <Value>
      123
    </Value>
    </HeartRateBpm><SensorState>
      Present
    </SensorState><Extensions>
      <TPX xmlns="http://www.garmin.com/xmlschemas/ActivityExtension/v2">
      <nax:Nax>
      <nax:Moments>
      <nax:Halt xsi:type="nax:Halt_t" action="auto_pause">
      
    </nax:Halt>
    </nax:Moments>
    </nax:Nax>
    </TPX>
    </Extensions>
    </Trackpoint>
<Trackpoint>
      <Time>
      2022-11-17T00:50:25.404Z
    </Time><SensorState>
      Present
    </SensorState><Extensions>
      <TPX xmlns="http://www.garmin.com/xmlschemas/ActivityExtension/v2">
      <ns3:Speed>
      1.263345552741613
    </ns3:Speed><nax:Nax>
      <nax:Pace>
      13.19248453481154
    </nax:Pace><nax:Moments>
      <nax:Halt xsi:type="nax:Halt_t" action="auto_pause">
      
    </nax:Halt>
    </nax:Moments>
    </nax:Nax>
    </TPX>
    </Extensions>
    </Trackpoint>
<Trackpoint>
      <Time>
      2022-11-17T00:50:25.405Z
    </Time><DistanceMeters>
      4.913794245105237
    </DistanceMeters><Cadence>
      104.68753337860107
    </Cadence><SensorState>
      Present
    </SensorState><Extensions>
      <TPX xmlns="http://www.garmin.com/xmlschemas/ActivityExtension/v2">
      <nax:Nax>
      <nax:Moments>
      <nax:Halt xsi:type="nax:Halt_t" action="auto_pause">
      
    </nax:Halt>
    </nax:Moments>
    </nax:Nax>
    </TPX>
    </Extensions>
    </Trackpoint>
<Trackpoint>
      <Time>
      2022-11-17T00:50:27.969Z
    </Time><SensorState>
      Present
    </SensorState><Extensions>
      <TPX xmlns="http://www.garmin.com/xmlschemas/ActivityExtension/v2">
      <ns3:Speed>
      1.1548961720540996
    </ns3:Speed><nax:Nax>
      <nax:Pace>
      14.431311723047202
    </nax:Pace><nax:Moments>
      <nax:Halt xsi:type="nax:Halt_t" action="auto_pause">
      
    </nax:Halt>
    </nax:Moments>
    </nax:Nax>
    </TPX>
    </Extensions>
    </Trackpoint>
<Trackpoint>
      <Time>
      2022-11-17T00:50:27.970Z
    </Time><DistanceMeters>
      3.8019119729287922
    </DistanceMeters><Cadence>
      104.68753337860107
    </Cadence><SensorState>
      Present
    </SensorState><Extensions>
      <TPX xmlns="http://www.garmin.com/xmlschemas/ActivityExtension/v2">
      <nax:Nax>
      <nax:Moments>
      <nax:Halt xsi:type="nax:Halt_t" action="auto_pause">
      
    </nax:Halt>
    </nax:Moments>
    </nax:Nax>
    </TPX>
    </Extensions>
    </Trackpoint>
<Trackpoint>
      <Time>
      2022-11-17T00:50:29.000Z
    </Time><SensorState>
      Present
    </SensorState><Extensions>
      <TPX xmlns="http://www.garmin.com/xmlschemas/ActivityExtension/v2">
      <nax:Nax>
      <nax:NikeFuel>
      2.256979932032049
    </nax:NikeFuel><nax:Moments>
      <nax:Halt xsi:type="nax:Halt_t" action="auto_pause">
      
    </nax:Halt>
    </nax:Moments>
    </nax:Nax>
    </TPX>
    </Extensions>
    </Trackpoint>
<Trackpoint>
      <Time>
      2022-11-17T00:50:29.152Z
    </Time><HeartRateBpm>
      <Value>
      123
    </Value>
    </HeartRateBpm><SensorState>
      Present
    </SensorState><Extensions>
      <TPX xmlns="http://www.garmin.com/xmlschemas/ActivityExtension/v2">
      <nax:Nax>
      <nax:Moments>
      <nax:Halt xsi:type="nax:Halt_t" action="auto_pause">
      
    </nax:Halt>
    </nax:Moments>
    </nax:Nax>
    </TPX>
    </Extensions>
    </Trackpoint>
<Trackpoint>
      <Time>
      2022-11-17T00:50:30.000Z
    </Time><Position>
      <LatitudeDegrees>
      47.428112046988176
    </LatitudeDegrees><LongitudeDegrees>
      -122.29251079479985
    </LongitudeDegrees>
    </Position><AltitudeMeters>
      105.9689569696784
    </AltitudeMeters><SensorState>
      Present
    </SensorState><Extensions>
      <TPX xmlns="http://www.garmin.com/xmlschemas/ActivityExtension/v2">
      <nax:Nax>
      <nax:DescentInMeters>
      1.5935255586169603
    </nax:DescentInMeters><nax:Moments>
      <nax:Halt xsi:type="nax:Halt_t" action="auto_pause">
      
    </nax:Halt>
    </nax:Moments>
    </nax:Nax>
    </TPX>
    </Extensions>
    </Trackpoint>
<Trackpoint>
      <Time>
      2022-11-17T00:50:30.534Z
    </Time><DistanceMeters>
      2.61088261147961
    </DistanceMeters><SensorState>
      Present
    </SensorState><Extensions>
      <TPX xmlns="http://www.garmin.com/xmlschemas/ActivityExtension/v2">
      <ns3:Speed>
      1.1548961720540996
    </ns3:Speed><nax:Nax>
      <nax:Pace>
      14.431311723047202
    </nax:Pace><nax:Moments>
      <nax:Halt xsi:type="nax:Halt_t" action="auto_pause">
      
    </nax:Halt>
    </nax:Moments>
    </nax:Nax>
    </TPX>
    </Extensions>
    </Trackpoint>
<Trackpoint>
      <Time>
      2022-11-17T00:50:30.535Z
    </Time><Cadence>
      107.44570970535278
    </Cadence><SensorState>
      Present
    </SensorState><Extensions>
      <TPX xmlns="http://www.garmin.com/xmlschemas/ActivityExtension/v2">
      <nax:Nax>
      <nax:Moments>
      <nax:Halt xsi:type="nax:Halt_t" action="auto_pause">
      
    </nax:Halt>
    </nax:Moments>
    </nax:Nax>
    </TPX>
    </Extensions>
    </Trackpoint>
<Trackpoint>
      <Time>
      2022-11-17T00:50:30.536Z
    </Time><SensorState>
      Present
    </SensorState><Extensions>
      <TPX xmlns="http://www.garmin.com/xmlschemas/ActivityExtension/v2">
      <nax:Nax>
      <nax:Moments>
      <nax:Halt xsi:type="nax:Halt_t" action="auto_pause">
      
    </nax:Halt>
    </nax:Moments>
    </nax:Nax>
    </TPX>
    </Extensions>
    </Trackpoint>
<Trackpoint>
      <Time>
      2022-11-17T00:50:33.099Z
    </Time><SensorState>
      Present
    </SensorState><Extensions>
      <TPX xmlns="http://www.garmin.com/xmlschemas/ActivityExtension/v2">
      <ns3:Speed>
      1.1633009087816333
    </ns3:Speed><nax:Nax>
      <nax:Pace>
      14.327046889460666
    </nax:Pace><nax:Moments>
      <nax:Halt xsi:type="nax:Halt_t" action="auto_pause">
      
    </nax:Halt>
    </nax:Moments>
    </nax:Nax>
    </TPX>
    </Extensions>
    </Trackpoint>
<Trackpoint>
      <Time>
      2022-11-17T00:50:33.100Z
    </Time><DistanceMeters>
      3.920997446868569
    </DistanceMeters><Cadence>
      108.48421812057495
    </Cadence><SensorState>
      Present
    </SensorState><Extensions>
      <TPX xmlns="http://www.garmin.com/xmlschemas/ActivityExtension/v2">
      <nax:Nax>
      <nax:Moments>
      <nax:Halt xsi:type="nax:Halt_t" action="auto_pause">
      
    </nax:Halt>
    </nax:Moments>
    </nax:Nax>
    </TPX>
    </Extensions>
    </Trackpoint>
<Trackpoint>
      <Time>
      2022-11-17T00:50:35.664Z
    </Time><SensorState>
      Present
    </SensorState><Extensions>
      <TPX xmlns="http://www.garmin.com/xmlschemas/ActivityExtension/v2">
      <ns3:Speed>
      1.1954983374272443
    </ns3:Speed><nax:Nax>
      <nax:Pace>
      13.941187657804639
    </nax:Pace><nax:Moments>
      <nax:Halt xsi:type="nax:Halt_t" action="auto_pause">
      
    </nax:Halt>
    </nax:Moments>
    </nax:Nax>
    </TPX>
    </Extensions>
    </Trackpoint>
<Trackpoint>
      <Time>
      2022-11-17T00:50:35.665Z
    </Time><DistanceMeters>
      3.0543742943555117
    </DistanceMeters><Cadence>
      108.48421812057495
    </Cadence><SensorState>
      Present
    </SensorState><Extensions>
      <TPX xmlns="http://www.garmin.com/xmlschemas/ActivityExtension/v2">
      <nax:Nax>
      <nax:Moments>
      <nax:Halt xsi:type="nax:Halt_t" action="auto_pause">
      
    </nax:Halt>
    </nax:Moments>
    </nax:Nax>
    </TPX>
    </Extensions>
    </Trackpoint>
<Trackpoint>
      <Time>
      2022-11-17T00:50:37.152Z
    </Time><HeartRateBpm>
      <Value>
      120
    </Value>
    </HeartRateBpm><SensorState>
      Present
    </SensorState><Extensions>
      <TPX xmlns="http://www.garmin.com/xmlschemas/ActivityExtension/v2">
      <nax:Nax>
      <nax:Moments>
      <nax:Halt xsi:type="nax:Halt_t" action="auto_pause">
      
    </nax:Halt>
    </nax:Moments>
    </nax:Nax>
    </TPX>
    </Extensions>
    </Trackpoint>
<Trackpoint>
      <Time>
      2022-11-17T00:50:38.229Z
    </Time><SensorState>
      Present
    </SensorState><Extensions>
      <TPX xmlns="http://www.garmin.com/xmlschemas/ActivityExtension/v2">
      <ns3:Speed>
      1.1954983374272443
    </ns3:Speed><nax:Nax>
      <nax:Pace>
      13.941187657804639
    </nax:Pace><nax:Moments>
      <nax:Halt xsi:type="nax:Halt_t" action="auto_pause">
      
    </nax:Halt>
    </nax:Moments>
    </nax:Nax>
    </TPX>
    </Extensions>
    </Trackpoint>
<Trackpoint>
      <Time>
      2022-11-17T00:50:38.230Z
    </Time><DistanceMeters>
      2.8419614802114666
    </DistanceMeters><Cadence>
      110.24191617965698
    </Cadence><SensorState>
      Present
    </SensorState><Extensions>
      <TPX xmlns="http://www.garmin.com/xmlschemas/ActivityExtension/v2">
      <nax:Nax>
      <nax:Moments>
      <nax:Halt xsi:type="nax:Halt_t" action="auto_pause">
      
    </nax:Halt>
    </nax:Moments>
    </nax:Nax>
    </TPX>
    </Extensions>
    </Trackpoint>
<Trackpoint>
      <Time>
      2022-11-17T00:50:39.000Z
    </Time><Position>
      <LatitudeDegrees>
      47.42816863442011
    </LatitudeDegrees><LongitudeDegrees>
      -122.29239161601168
    </LongitudeDegrees>
    </Position><AltitudeMeters>
      105.56381068285555
    </AltitudeMeters><SensorState>
      Present
    </SensorState><Extensions>
      <TPX xmlns="http://www.garmin.com/xmlschemas/ActivityExtension/v2">
      <nax:Nax>
      <nax:NikeFuel>
      2.212465290562501
    </nax:NikeFuel><nax:Moments>
      <nax:Halt xsi:type="nax:Halt_t" action="auto_pause">
      
    </nax:Halt>
    </nax:Moments>
    </nax:Nax>
    </TPX>
    </Extensions>
    </Trackpoint>
<Trackpoint>
      <Time>
      2022-11-17T00:50:40.794Z
    </Time><SensorState>
      Present
    </SensorState><Extensions>
      <TPX xmlns="http://www.garmin.com/xmlschemas/ActivityExtension/v2">
      <ns3:Speed>
      1.2174460873429316
    </ns3:Speed><nax:Nax>
      <nax:Pace>
      13.689860142424507
    </nax:Pace><nax:Moments>
      <nax:Halt xsi:type="nax:Halt_t" action="auto_pause">
      
    </nax:Halt>
    </nax:Moments>
    </nax:Nax>
    </TPX>
    </Extensions>
    </Trackpoint>
<Trackpoint>
      <Time>
      2022-11-17T00:50:40.795Z
    </Time><DistanceMeters>
      3.5475726895965636
    </DistanceMeters><Cadence>
      110.24191617965698
    </Cadence><SensorState>
      Present
    </SensorState><Extensions>
      <TPX xmlns="http://www.garmin.com/xmlschemas/ActivityExtension/v2">
      <nax:Nax>
      <nax:Moments>
      <nax:Halt xsi:type="nax:Halt_t" action="auto_pause">
      
    </nax:Halt>
    </nax:Moments>
    </nax:Nax>
    </TPX>
    </Extensions>
    </Trackpoint>
<Trackpoint>
      <Time>
      2022-11-17T00:50:41.152Z
    </Time><HeartRateBpm>
      <Value>
      120
    </Value>
    </HeartRateBpm><SensorState>
      Present
    </SensorState><Extensions>
      <TPX xmlns="http://www.garmin.com/xmlschemas/ActivityExtension/v2">
      <nax:Nax>
      <nax:Moments>
      <nax:Halt xsi:type="nax:Halt_t" action="auto_pause">
      
    </nax:Halt>
    </nax:Moments>
    </nax:Nax>
    </TPX>
    </Extensions>
    </Trackpoint>
<Trackpoint>
      <Time>
      2022-11-17T00:50:43.359Z
    </Time><SensorState>
      Present
    </SensorState><Extensions>
      <TPX xmlns="http://www.garmin.com/xmlschemas/ActivityExtension/v2">
      <ns3:Speed>
      1.2174460873429316
    </ns3:Speed><nax:Nax>
      <nax:Pace>
      13.689860142424507
    </nax:Pace><nax:Moments>
      <nax:Halt xsi:type="nax:Halt_t" action="auto_pause">
      
    </nax:Halt>
    </nax:Moments>
    </nax:Nax>
    </TPX>
    </Extensions>
    </Trackpoint>
<Trackpoint>
      <Time>
      2022-11-17T00:50:43.360Z
    </Time><DistanceMeters>
      3.4276042161509395
    </DistanceMeters><Cadence>
      110.24191617965698
    </Cadence><SensorState>
      Present
    </SensorState><Extensions>
      <TPX xmlns="http://www.garmin.com/xmlschemas/ActivityExtension/v2">
      <nax:Nax>
      <nax:Moments>
      <nax:Halt xsi:type="nax:Halt_t" action="auto_pause">
      
    </nax:Halt>
    </nax:Moments>
    </nax:Nax>
    </TPX>
    </Extensions>
    </Trackpoint>
<Trackpoint>
      <Time>
      2022-11-17T00:50:45.923Z
    </Time><SensorState>
      Present
    </SensorState><Extensions>
      <TPX xmlns="http://www.garmin.com/xmlschemas/ActivityExtension/v2">
      <ns3:Speed>
      1.2174460873429316
    </ns3:Speed><nax:Nax>
      <nax:Pace>
      13.689860142424507
    </nax:Pace><nax:Moments>
      <nax:Halt xsi:type="nax:Halt_t" action="auto_pause">
      
    </nax:Halt>
    </nax:Moments>
    </nax:Nax>
    </TPX>
    </Extensions>
    </Trackpoint>
<Trackpoint>
      <Time>
      2022-11-17T00:50:45.924Z
    </Time><DistanceMeters>
      2.4358903812244534
    </DistanceMeters><Cadence>
      106.93189859390259
    </Cadence><SensorState>
      Present
    </SensorState><Extensions>
      <TPX xmlns="http://www.garmin.com/xmlschemas/ActivityExtension/v2">
      <nax:Nax>
      <nax:Moments>
      <nax:Halt xsi:type="nax:Halt_t" action="auto_pause">
      
    </nax:Halt>
    </nax:Moments>
    </nax:Nax>
    </TPX>
    </Extensions>
    </Trackpoint>
<Trackpoint>
      <Time>
      2022-11-17T00:50:46.000Z
    </Time><Position>
      <LatitudeDegrees>
      47.428255143415974
    </LatitudeDegrees><LongitudeDegrees>
      -122.29242863632898
    </LongitudeDegrees>
    </Position><AltitudeMeters>
      105.59058822877705
    </AltitudeMeters><SensorState>
      Present
    </SensorState><Extensions>
      <TPX xmlns="http://www.garmin.com/xmlschemas/ActivityExtension/v2">
      <nax:Nax>
      <nax:DescentInMeters>
      1.1041459657251949
    </nax:DescentInMeters><nax:Moments>
      <nax:Halt xsi:type="nax:Halt_t" action="auto_pause">
      
    </nax:Halt>
    </nax:Moments>
    </nax:Nax>
    </TPX>
    </Extensions>
    </Trackpoint>
<Trackpoint>
      <Time>
      2022-11-17T00:50:48.152Z
    </Time><HeartRateBpm>
      <Value>
      119
    </Value>
    </HeartRateBpm><SensorState>
      Present
    </SensorState><Extensions>
      <TPX xmlns="http://www.garmin.com/xmlschemas/ActivityExtension/v2">
      <nax:Nax>
      <nax:Moments>
      <nax:Halt xsi:type="nax:Halt_t" action="auto_pause">
      
    </nax:Halt>
    </nax:Moments>
    </nax:Nax>
    </TPX>
    </Extensions>
    </Trackpoint>
<Trackpoint>
      <Time>
      2022-11-17T00:50:48.488Z
    </Time><DistanceMeters>
      3.919391977135092
    </DistanceMeters><SensorState>
      Present
    </SensorState><Extensions>
      <TPX xmlns="http://www.garmin.com/xmlschemas/ActivityExtension/v2">
      <ns3:Speed>
      0.917964256626955
    </ns3:Speed><nax:Nax>
      <nax:Pace>
      18.156117241327095
    </nax:Pace><nax:Moments>
      <nax:Halt xsi:type="nax:Halt_t" action="auto_pause">
      
    </nax:Halt>
    </nax:Moments>
    </nax:Nax>
    </TPX>
    </Extensions>
    </Trackpoint>
<Trackpoint>
      <Time>
      2022-11-17T00:50:48.489Z
    </Time><Cadence>
      102.8516149520874
    </Cadence><SensorState>
      Present
    </SensorState><Extensions>
      <TPX xmlns="http://www.garmin.com/xmlschemas/ActivityExtension/v2">
      <nax:Nax>
      <nax:Moments>
      <nax:Halt xsi:type="nax:Halt_t" action="auto_pause">
      
    </nax:Halt>
    </nax:Moments>
    </nax:Nax>
    </TPX>
    </Extensions>
    </Trackpoint>
<Trackpoint>
      <Time>
      2022-11-17T00:50:48.490Z
    </Time><SensorState>
      Present
    </SensorState><Extensions>
      <TPX xmlns="http://www.garmin.com/xmlschemas/ActivityExtension/v2">
      <nax:Nax>
      <nax:Moments>
      <nax:Halt xsi:type="nax:Halt_t" action="auto_pause">
      
    </nax:Halt>
    </nax:Moments>
    </nax:Nax>
    </TPX>
    </Extensions>
    </Trackpoint>
<Trackpoint>
      <Time>
      2022-11-17T00:50:49.000Z
    </Time><SensorState>
      Present
    </SensorState><Extensions>
      <TPX xmlns="http://www.garmin.com/xmlschemas/ActivityExtension/v2">
      <nax:Nax>
      <nax:NikeFuel>
      1.990752449524392
    </nax:NikeFuel><nax:Moments>
      <nax:Halt xsi:type="nax:Halt_t" action="auto_pause">
      
    </nax:Halt>
    </nax:Moments>
    </nax:Nax>
    </TPX>
    </Extensions>
    </Trackpoint>
<Trackpoint>
      <Time>
      2022-11-17T00:50:51.053Z
    </Time><SensorState>
      Present
    </SensorState><Extensions>
      <TPX xmlns="http://www.garmin.com/xmlschemas/ActivityExtension/v2">
      <ns3:Speed>
      0.9696326959368631
    </ns3:Speed><nax:Nax>
      <nax:Pace>
      17.18863930280658
    </nax:Pace><nax:Moments>
      <nax:Halt xsi:type="nax:Halt_t" action="auto_pause">
      
    </nax:Halt>
    </nax:Moments>
    </nax:Nax>
    </TPX>
    </Extensions>
    </Trackpoint>
<Trackpoint>
      <Time>
      2022-11-17T00:50:51.054Z
    </Time><DistanceMeters>
      3.683308273088187
    </DistanceMeters><Cadence>
      102.8516149520874
    </Cadence><SensorState>
      Present
    </SensorState><Extensions>
      <TPX xmlns="http://www.garmin.com/xmlschemas/ActivityExtension/v2">
      <nax:Nax>
      <nax:Moments>
      <nax:Halt xsi:type="nax:Halt_t" action="auto_pause">
      
    </nax:Halt>
    </nax:Moments>
    </nax:Nax>
    </TPX>
    </Extensions>
    </Trackpoint>
<Trackpoint>
      <Time>
      2022-11-17T00:50:53.152Z
    </Time><HeartRateBpm>
      <Value>
      117
    </Value>
    </HeartRateBpm><SensorState>
      Present
    </SensorState><Extensions>
      <TPX xmlns="http://www.garmin.com/xmlschemas/ActivityExtension/v2">
      <nax:Nax>
      <nax:Moments>
      <nax:Halt xsi:type="nax:Halt_t" action="auto_pause">
      
    </nax:Halt>
    </nax:Moments>
    </nax:Nax>
    </TPX>
    </Extensions>
    </Trackpoint>
<Trackpoint>
      <Time>
      2022-11-17T00:50:53.619Z
    </Time><SensorState>
      Present
    </SensorState><Extensions>
      <TPX xmlns="http://www.garmin.com/xmlschemas/ActivityExtension/v2">
      <ns3:Speed>
      0.9696326959368631
    </ns3:Speed><nax:Nax>
      <nax:Pace>
      17.18863930280658
    </nax:Pace><nax:Moments>
      <nax:Halt xsi:type="nax:Halt_t" action="auto_pause">
      
    </nax:Halt>
    </nax:Moments>
    </nax:Nax>
    </TPX>
    </Extensions>
    </Trackpoint>
<Trackpoint>
      <Time>
      2022-11-17T00:50:53.620Z
    </Time><DistanceMeters>
      2.290855789091438
    </DistanceMeters><Cadence>
      102.8516149520874
    </Cadence><SensorState>
      Present
    </SensorState><Extensions>
      <TPX xmlns="http://www.garmin.com/xmlschemas/ActivityExtension/v2">
      <nax:Nax>
      <nax:Moments>
      <nax:Halt xsi:type="nax:Halt_t" action="auto_pause">
      
    </nax:Halt>
    </nax:Moments>
    </nax:Nax>
    </TPX>
    </Extensions>
    </Trackpoint>
<Trackpoint>
      <Time>
      2022-11-17T00:50:54.000Z
    </Time><Position>
      <LatitudeDegrees>
      47.428346043468935
    </LatitudeDegrees><LongitudeDegrees>
      -122.29246489898195
    </LongitudeDegrees>
    </Position><AltitudeMeters>
      106.18891455419362
    </AltitudeMeters><SensorState>
      Present
    </SensorState><Extensions>
      <TPX xmlns="http://www.garmin.com/xmlschemas/ActivityExtension/v2">
      <nax:Nax>
      <nax:Moments>
      <nax:Halt xsi:type="nax:Halt_t" action="auto_pause">
      
    </nax:Halt>
    </nax:Moments>
    </nax:Nax>
    </TPX>
    </Extensions>
    </Trackpoint>
<Trackpoint>
      <Time>
      2022-11-17T00:50:54.152Z
    </Time><HeartRateBpm>
      <Value>
      117
    </Value>
    </HeartRateBpm><SensorState>
      Present
    </SensorState><Extensions>
      <TPX xmlns="http://www.garmin.com/xmlschemas/ActivityExtension/v2">
      <nax:Nax>
      <nax:Moments>
      <nax:Halt xsi:type="nax:Halt_t" action="auto_pause">
      
    </nax:Halt>
    </nax:Moments>
    </nax:Nax>
    </TPX>
    </Extensions>
    </Trackpoint>
<Trackpoint>
      <Time>
      2022-11-17T00:50:56.184Z
    </Time><SensorState>
      Present
    </SensorState><Extensions>
      <TPX xmlns="http://www.garmin.com/xmlschemas/ActivityExtension/v2">
      <ns3:Speed>
      0.9696326959368631
    </ns3:Speed><nax:Nax>
      <nax:Pace>
      17.18863930280658
    </nax:Pace><nax:Moments>
      <nax:Halt xsi:type="nax:Halt_t" action="auto_pause">
      
    </nax:Halt>
    </nax:Moments>
    </nax:Nax>
    </TPX>
    </Extensions>
    </Trackpoint>
<Trackpoint>
      <Time>
      2022-11-17T00:50:56.185Z
    </Time><DistanceMeters>
      2.582231521140784
    </DistanceMeters><Cadence>
      102.8516149520874
    </Cadence><SensorState>
      Present
    </SensorState><Extensions>
      <TPX xmlns="http://www.garmin.com/xmlschemas/ActivityExtension/v2">
      <nax:Nax>
      <nax:Moments>
      <nax:Halt xsi:type="nax:Halt_t" action="auto_pause">
      
    </nax:Halt>
    </nax:Moments>
    </nax:Nax>
    </TPX>
    </Extensions>
    </Trackpoint>
<Trackpoint>
      <Time>
      2022-11-17T00:50:58.749Z
    </Time><SensorState>
      Present
    </SensorState><Extensions>
      <TPX xmlns="http://www.garmin.com/xmlschemas/ActivityExtension/v2">
      <ns3:Speed>
      0.9696326959368631
    </ns3:Speed><nax:Nax>
      <nax:Pace>
      17.18863930280658
    </nax:Pace><nax:Moments>
      <nax:Halt xsi:type="nax:Halt_t" action="auto_pause">
      
    </nax:Halt>
    </nax:Moments>
    </nax:Nax>
    </TPX>
    </Extensions>
    </Trackpoint>
<Trackpoint>
      <Time>
      2022-11-17T00:50:58.750Z
    </Time><DistanceMeters>
      3.178985444828868
    </DistanceMeters><Cadence>
      116.95419073104858
    </Cadence><SensorState>
      Present
    </SensorState><Extensions>
      <TPX xmlns="http://www.garmin.com/xmlschemas/ActivityExtension/v2">
      <nax:Nax>
      <nax:Moments>
      <nax:Halt xsi:type="nax:Halt_t" action="auto_pause">
      
    </nax:Halt>
    </nax:Moments>
    </nax:Nax>
    </TPX>
    </Extensions>
    </Trackpoint>
<Trackpoint>
      <Time>
      2022-11-17T00:50:58.751Z
    </Time><SensorState>
      Present
    </SensorState><Extensions>
      <TPX xmlns="http://www.garmin.com/xmlschemas/ActivityExtension/v2">
      <nax:Nax>
      <nax:Moments>
      <nax:Halt xsi:type="nax:Halt_t" action="auto_pause">
      
    </nax:Halt>
    </nax:Moments>
    </nax:Nax>
    </TPX>
    </Extensions>
    </Trackpoint>
<Trackpoint>
      <Time>
      2022-11-17T00:50:59.000Z
    </Time><SensorState>
      Present
    </SensorState><Extensions>
      <TPX xmlns="http://www.garmin.com/xmlschemas/ActivityExtension/v2">
      <nax:Nax>
      <nax:NikeFuel>
      2.4208528869818515
    </nax:NikeFuel><nax:Moments>
      <nax:Halt xsi:type="nax:Halt_t" action="auto_pause">
      
    </nax:Halt>
    </nax:Moments>
    </nax:Nax>
    </TPX>
    </Extensions>
    </Trackpoint>
<Trackpoint>
      <Time>
      2022-11-17T00:50:59.152Z
    </Time><HeartRateBpm>
      <Value>
      118
    </Value>
    </HeartRateBpm><SensorState>
      Present
    </SensorState><Extensions>
      <TPX xmlns="http://www.garmin.com/xmlschemas/ActivityExtension/v2">
      <nax:Nax>
      <nax:Moments>
      <nax:Halt xsi:type="nax:Halt_t" action="auto_pause">
      
    </nax:Halt>
    </nax:Moments>
    </nax:Nax>
    </TPX>
    </Extensions>
    </Trackpoint>
<Trackpoint>
      <Time>
      2022-11-17T00:51:01.314Z
    </Time><SensorState>
      Present
    </SensorState><Extensions>
      <TPX xmlns="http://www.garmin.com/xmlschemas/ActivityExtension/v2">
      <ns3:Speed>
      1.3051244568241167
    </ns3:Speed><nax:Nax>
      <nax:Pace>
      12.770174200262286
    </nax:Pace><nax:Moments>
      <nax:Halt xsi:type="nax:Halt_t" action="auto_pause">
      
    </nax:Halt>
    </nax:Moments>
    </nax:Nax>
    </TPX>
    </Extensions>
    </Trackpoint>
<Trackpoint>
      <Time>
      2022-11-17T00:51:01.315Z
    </Time><DistanceMeters>
      3.4155387873761356
    </DistanceMeters><Cadence>
      116.95419073104858
    </Cadence><SensorState>
      Present
    </SensorState><Extensions>
      <TPX xmlns="http://www.garmin.com/xmlschemas/ActivityExtension/v2">
      <nax:Nax>
      <nax:Moments>
      <nax:Halt xsi:type="nax:Halt_t" action="auto_pause">
      
    </nax:Halt>
    </nax:Moments>
    </nax:Nax>
    </TPX>
    </Extensions>
    </Trackpoint>
<Trackpoint>
      <Time>
      2022-11-17T00:51:01.316Z
    </Time><SensorState>
      Present
    </SensorState><Extensions>
      <TPX xmlns="http://www.garmin.com/xmlschemas/ActivityExtension/v2">
      <nax:Nax>
      <nax:Moments>
      <nax:Halt xsi:type="nax:Halt_t" action="auto_pause">
      
    </nax:Halt>
    </nax:Moments>
    </nax:Nax>
    </TPX>
    </Extensions>
    </Trackpoint>
<Trackpoint>
      <Time>
      2022-11-17T00:51:03.879Z
    </Time><SensorState>
      Present
    </SensorState><Extensions>
      <TPX xmlns="http://www.garmin.com/xmlschemas/ActivityExtension/v2">
      <ns3:Speed>
      1.3051244568241167
    </ns3:Speed><nax:Nax>
      <nax:Pace>
      12.770174200262286
    </nax:Pace><nax:Moments>
      <nax:Halt xsi:type="nax:Halt_t" action="auto_pause">
      
    </nax:Halt>
    </nax:Moments>
    </nax:Nax>
    </TPX>
    </Extensions>
    </Trackpoint>
<Trackpoint>
      <Time>
      2022-11-17T00:51:03.880Z
    </Time><DistanceMeters>
      2.2039208924397826
    </DistanceMeters><Cadence>
      116.95419073104858
    </Cadence><SensorState>
      Present
    </SensorState><Extensions>
      <TPX xmlns="http://www.garmin.com/xmlschemas/ActivityExtension/v2">
      <nax:Nax>
      <nax:Moments>
      <nax:Halt xsi:type="nax:Halt_t" action="auto_pause">
      
    </nax:Halt>
    </nax:Moments>
    </nax:Nax>
    </TPX>
    </Extensions>
    </Trackpoint>
<Trackpoint>
      <Time>
      2022-11-17T00:51:04.000Z
    </Time><Position>
      <LatitudeDegrees>
      47.42837937953682
    </LatitudeDegrees><LongitudeDegrees>
      -122.292334991689
    </LongitudeDegrees>
    </Position><AltitudeMeters>
      106.44075910933316
    </AltitudeMeters><SensorState>
      Present
    </SensorState><Extensions>
      <TPX xmlns="http://www.garmin.com/xmlschemas/ActivityExtension/v2">
      <nax:Nax>
      <nax:Moments>
      <nax:Halt xsi:type="nax:Halt_t" action="auto_pause">
      
    </nax:Halt>
    </nax:Moments>
    </nax:Nax>
    </TPX>
    </Extensions>
    </Trackpoint>
<Trackpoint>
      <Time>
      2022-11-17T00:51:06.152Z
    </Time><HeartRateBpm>
      <Value>
      120
    </Value>
    </HeartRateBpm><SensorState>
      Present
    </SensorState><Extensions>
      <TPX xmlns="http://www.garmin.com/xmlschemas/ActivityExtension/v2">
      <nax:Nax>
      <nax:Moments>
      <nax:Halt xsi:type="nax:Halt_t" action="auto_pause">
      
    </nax:Halt>
    </nax:Moments>
    </nax:Nax>
    </TPX>
    </Extensions>
    </Trackpoint>
<Trackpoint>
      <Time>
      2022-11-17T00:51:06.445Z
    </Time><SensorState>
      Present
    </SensorState><Extensions>
      <TPX xmlns="http://www.garmin.com/xmlschemas/ActivityExtension/v2">
      <ns3:Speed>
      1.3051244568241167
    </ns3:Speed><nax:Nax>
      <nax:Pace>
      12.770174200262286
    </nax:Pace><nax:Moments>
      <nax:Halt xsi:type="nax:Halt_t" action="auto_pause">
      
    </nax:Halt>
    </nax:Moments>
    </nax:Nax>
    </TPX>
    </Extensions>
    </Trackpoint>
<Trackpoint>
      <Time>
      2022-11-17T00:51:06.446Z
    </Time><DistanceMeters>
      1.6136913150548935
    </DistanceMeters><Cadence>
      116.95419073104858
    </Cadence><SensorState>
      Present
    </SensorState><Extensions>
      <TPX xmlns="http://www.garmin.com/xmlschemas/ActivityExtension/v2">
      <nax:Nax>
      <nax:Moments>
      <nax:Halt xsi:type="nax:Halt_t" action="auto_pause">
      
    </nax:Halt>
    </nax:Moments>
    </nax:Nax>
    </TPX>
    </Extensions>
    </Trackpoint>
<Trackpoint>
      <Time>
      2022-11-17T00:51:09.000Z
    </Time><SensorState>
      Present
    </SensorState><Extensions>
      <TPX xmlns="http://www.garmin.com/xmlschemas/ActivityExtension/v2">
      <nax:Nax>
      <nax:NikeFuel>
      2.467351807596679
    </nax:NikeFuel><nax:Moments>
      <nax:Halt xsi:type="nax:Halt_t" action="auto_pause">
      
    </nax:Halt>
    </nax:Moments>
    </nax:Nax>
    </TPX>
    </Extensions>
    </Trackpoint>
<Trackpoint>
      <Time>
      2022-11-17T00:51:09.010Z
    </Time><SensorState>
      Present
    </SensorState><Extensions>
      <TPX xmlns="http://www.garmin.com/xmlschemas/ActivityExtension/v2">
      <ns3:Speed>
      1.3051244568241167
    </ns3:Speed><nax:Nax>
      <nax:Pace>
      12.770174200262286
    </nax:Pace><nax:Moments>
      <nax:Halt xsi:type="nax:Halt_t" action="auto_pause">
      
    </nax:Halt>
    </nax:Moments>
    </nax:Nax>
    </TPX>
    </Extensions>
    </Trackpoint>
<Trackpoint>
      <Time>
      2022-11-17T00:51:09.011Z
    </Time><DistanceMeters>
      1.3559077777899802
    </DistanceMeters><Cadence>
      116.95419073104858
    </Cadence><SensorState>
      Present
    </SensorState><Extensions>
      <TPX xmlns="http://www.garmin.com/xmlschemas/ActivityExtension/v2">
      <nax:Nax>
      <nax:Moments>
      <nax:Halt xsi:type="nax:Halt_t" action="auto_pause">
      
    </nax:Halt>
    </nax:Moments>
    </nax:Nax>
    </TPX>
    </Extensions>
    </Trackpoint>
<Trackpoint>
      <Time>
      2022-11-17T00:51:10.152Z
    </Time><HeartRateBpm>
      <Value>
      120
    </Value>
    </HeartRateBpm><SensorState>
      Present
    </SensorState><Extensions>
      <TPX xmlns="http://www.garmin.com/xmlschemas/ActivityExtension/v2">
      <nax:Nax>
      <nax:Moments>
      <nax:Halt xsi:type="nax:Halt_t" action="auto_pause">
      
    </nax:Halt>
    </nax:Moments>
    </nax:Nax>
    </TPX>
    </Extensions>
    </Trackpoint>
<Trackpoint>
      <Time>
      2022-11-17T00:51:11.575Z
    </Time><SensorState>
      Present
    </SensorState><Extensions>
      <TPX xmlns="http://www.garmin.com/xmlschemas/ActivityExtension/v2">
      <ns3:Speed>
      1.3051244568241167
    </ns3:Speed><nax:Nax>
      <nax:Pace>
      12.770174200262286
    </nax:Pace><nax:Moments>
      <nax:Halt xsi:type="nax:Halt_t" action="auto_pause">
      
    </nax:Halt>
    </nax:Moments>
    </nax:Nax>
    </TPX>
    </Extensions>
    </Trackpoint>
<Trackpoint>
      <Time>
      2022-11-17T00:51:11.576Z
    </Time><DistanceMeters>
      1.2748628314584494
    </DistanceMeters><Cadence>
      116.95419073104858
    </Cadence><SensorState>
      Present
    </SensorState><Extensions>
      <TPX xmlns="http://www.garmin.com/xmlschemas/ActivityExtension/v2">
      <nax:Nax>
      <nax:Moments>
      <nax:Halt xsi:type="nax:Halt_t" action="auto_pause">
      
    </nax:Halt>
    </nax:Moments>
    </nax:Nax>
    </TPX>
    </Extensions>
    </Trackpoint>
<Trackpoint>
      <Time>
      2022-11-17T00:51:11.577Z
    </Time><SensorState>
      Present
    </SensorState><Extensions>
      <TPX xmlns="http://www.garmin.com/xmlschemas/ActivityExtension/v2">
      <nax:Nax>
      <nax:Moments>
      <nax:Halt xsi:type="nax:Halt_t" action="auto_pause">
      
    </nax:Halt>
    </nax:Moments>
    </nax:Nax>
    </TPX>
    </Extensions>
    </Trackpoint>
<Trackpoint>
      <Time>
      2022-11-17T00:51:14.141Z
    </Time><SensorState>
      Present
    </SensorState><Extensions>
      <TPX xmlns="http://www.garmin.com/xmlschemas/ActivityExtension/v2">
      <ns3:Speed>
      1.3776656746319609
    </ns3:Speed><nax:Nax>
      <nax:Pace>
      12.097758529927164
    </nax:Pace><nax:Moments>
      <nax:Halt xsi:type="nax:Halt_t" action="auto_pause">
      
    </nax:Halt>
    </nax:Moments>
    </nax:Nax>
    </TPX>
    </Extensions>
    </Trackpoint>
<Trackpoint>
      <Time>
      2022-11-17T00:51:14.142Z
    </Time><DistanceMeters>
      0.6463442877866328
    </DistanceMeters><Cadence>
      116.95419073104858
    </Cadence><SensorState>
      Present
    </SensorState><Extensions>
      <TPX xmlns="http://www.garmin.com/xmlschemas/ActivityExtension/v2">
      <nax:Nax>
      <nax:Moments>
      <nax:Halt xsi:type="nax:Halt_t" action="auto_pause">
      
    </nax:Halt>
    </nax:Moments>
    </nax:Nax>
    </TPX>
    </Extensions>
    </Trackpoint>
<Trackpoint>
      <Time>
      2022-11-17T00:51:16.152Z
    </Time><HeartRateBpm>
      <Value>
      121
    </Value>
    </HeartRateBpm><SensorState>
      Present
    </SensorState><Extensions>
      <TPX xmlns="http://www.garmin.com/xmlschemas/ActivityExtension/v2">
      <nax:Nax>
      <nax:Moments>
      <nax:Halt xsi:type="nax:Halt_t" action="auto_pause">
      
    </nax:Halt>
    </nax:Moments>
    </nax:Nax>
    </TPX>
    </Extensions>
    </Trackpoint>
<Trackpoint>
      <Time>
      2022-11-17T00:51:16.705Z
    </Time><DistanceMeters>
      3.158899625763297
    </DistanceMeters><SensorState>
      Present
    </SensorState><Extensions>
      <TPX xmlns="http://www.garmin.com/xmlschemas/ActivityExtension/v2">
      <ns3:Speed>
      1.3776656746319609
    </ns3:Speed><nax:Nax>
      <nax:Pace>
      12.097758529927164
    </nax:Pace><nax:Moments>
      <nax:Halt xsi:type="nax:Halt_t" action="auto_pause">
      
    </nax:Halt>
    </nax:Moments>
    </nax:Nax>
    </TPX>
    </Extensions>
    </Trackpoint>
<Trackpoint>
      <Time>
      2022-11-17T00:51:16.706Z
    </Time><Cadence>
      116.95419073104858
    </Cadence><SensorState>
      Present
    </SensorState><Extensions>
      <TPX xmlns="http://www.garmin.com/xmlschemas/ActivityExtension/v2">
      <nax:Nax>
      <nax:Moments>
      <nax:Halt xsi:type="nax:Halt_t" action="auto_pause">
      
    </nax:Halt>
    </nax:Moments>
    </nax:Nax>
    </TPX>
    </Extensions>
    </Trackpoint>
<Trackpoint>
      <Time>
      2022-11-17T00:51:18.000Z
    </Time><Position>
      <LatitudeDegrees>
      47.42846442212892
    </LatitudeDegrees><LongitudeDegrees>
      -122.29229004484442
    </LongitudeDegrees>
    </Position><AltitudeMeters>
      107.14752646628767
    </AltitudeMeters><SensorState>
      Present
    </SensorState><Extensions>
      <TPX xmlns="http://www.garmin.com/xmlschemas/ActivityExtension/v2">
      <nax:Nax>
      <nax:Moments>
      <nax:Halt xsi:type="nax:Halt_t" action="auto_pause">
      
    </nax:Halt>
    </nax:Moments>
    </nax:Nax>
    </TPX>
    </Extensions>
    </Trackpoint>
<Trackpoint>
      <Time>
      2022-11-17T00:51:19.000Z
    </Time><SensorState>
      Present
    </SensorState><Extensions>
      <TPX xmlns="http://www.garmin.com/xmlschemas/ActivityExtension/v2">
      <nax:Nax>
      <nax:NikeFuel>
      2.1349521378883605
    </nax:NikeFuel><nax:Moments>
      <nax:Halt xsi:type="nax:Halt_t" action="auto_pause">
      
    </nax:Halt>
    </nax:Moments>
    </nax:Nax>
    </TPX>
    </Extensions>
    </Trackpoint>
<Trackpoint>
      <Time>
      2022-11-17T00:51:19.152Z
    </Time><HeartRateBpm>
      <Value>
      121
    </Value>
    </HeartRateBpm><SensorState>
      Present
    </SensorState><Extensions>
      <TPX xmlns="http://www.garmin.com/xmlschemas/ActivityExtension/v2">
      <nax:Nax>
      <nax:Moments>
      <nax:Halt xsi:type="nax:Halt_t" action="auto_pause">
      
    </nax:Halt>
    </nax:Moments>
    </nax:Nax>
    </TPX>
    </Extensions>
    </Trackpoint>
<Trackpoint>
      <Time>
      2022-11-17T00:51:19.270Z
    </Time><SensorState>
      Present
    </SensorState><Extensions>
      <TPX xmlns="http://www.garmin.com/xmlschemas/ActivityExtension/v2">
      <ns3:Speed>
      1.3776656746319609
    </ns3:Speed><nax:Nax>
      <nax:Pace>
      12.097758529927164
    </nax:Pace><nax:Moments>
      <nax:Halt xsi:type="nax:Halt_t" action="auto_pause">
      
    </nax:Halt>
    </nax:Moments>
    </nax:Nax>
    </TPX>
    </Extensions>
    </Trackpoint>
<Trackpoint>
      <Time>
      2022-11-17T00:51:19.271Z
    </Time><DistanceMeters>
      2.749791547190398
    </DistanceMeters><Cadence>
      114.27147388458252
    </Cadence><SensorState>
      Present
    </SensorState><Extensions>
      <TPX xmlns="http://www.garmin.com/xmlschemas/ActivityExtension/v2">
      <nax:Nax>
      <nax:Moments>
      <nax:Halt xsi:type="nax:Halt_t" action="auto_pause">
      
    </nax:Halt>
    </nax:Moments>
    </nax:Nax>
    </TPX>
    </Extensions>
    </Trackpoint>
<Trackpoint>
      <Time>
      2022-11-17T00:51:21.836Z
    </Time><SensorState>
      Present
    </SensorState><Extensions>
      <TPX xmlns="http://www.garmin.com/xmlschemas/ActivityExtension/v2">
      <ns3:Speed>
      1.2843649146551561
    </ns3:Speed><nax:Nax>
      <nax:Pace>
      12.976582026255025
    </nax:Pace><nax:Moments>
      <nax:Halt xsi:type="nax:Halt_t" action="auto_pause">
      
    </nax:Halt>
    </nax:Moments>
    </nax:Nax>
    </TPX>
    </Extensions>
    </Trackpoint>
<Trackpoint>
      <Time>
      2022-11-17T00:51:21.837Z
    </Time><DistanceMeters>
      3.8430168884806335
    </DistanceMeters><Cadence>
      114.27147388458252
    </Cadence><SensorState>
      Present
    </SensorState><Extensions>
      <TPX xmlns="http://www.garmin.com/xmlschemas/ActivityExtension/v2">
      <nax:Nax>
      <nax:Moments>
      <nax:Halt xsi:type="nax:Halt_t" action="auto_pause">
      
    </nax:Halt>
    </nax:Moments>
    </nax:Nax>
    </TPX>
    </Extensions>
    </Trackpoint>
<Trackpoint>
      <Time>
      2022-11-17T00:51:24.401Z
    </Time><SensorState>
      Present
    </SensorState><Extensions>
      <TPX xmlns="http://www.garmin.com/xmlschemas/ActivityExtension/v2">
      <ns3:Speed>
      0.83058418683918
    </ns3:Speed><nax:Nax>
      <nax:Pace>
      20.066197901133062
    </nax:Pace><nax:Moments>
      <nax:Halt xsi:type="nax:Halt_t" action="auto_pause">
      
    </nax:Halt>
    </nax:Moments>
    </nax:Nax>
    </TPX>
    </Extensions>
    </Trackpoint>
<Trackpoint>
      <Time>
      2022-11-17T00:51:24.402Z
    </Time><DistanceMeters>
      2.9253415116108954
    </DistanceMeters><Cadence>
      113.97997856140137
    </Cadence><SensorState>
      Present
    </SensorState><Extensions>
      <TPX xmlns="http://www.garmin.com/xmlschemas/ActivityExtension/v2">
      <nax:Nax>
      <nax:Moments>
      <nax:Halt xsi:type="nax:Halt_t" action="auto_pause">
      
    </nax:Halt>
    </nax:Moments>
    </nax:Nax>
    </TPX>
    </Extensions>
    </Trackpoint>
<Trackpoint>
      <Time>
      2022-11-17T00:51:24.403Z
    </Time><SensorState>
      Present
    </SensorState><Extensions>
      <TPX xmlns="http://www.garmin.com/xmlschemas/ActivityExtension/v2">
      <nax:Nax>
      <nax:Moments>
      <nax:Halt xsi:type="nax:Halt_t" action="auto_pause">
      
    </nax:Halt>
    </nax:Moments>
    </nax:Nax>
    </TPX>
    </Extensions>
    </Trackpoint>
<Trackpoint>
      <Time>
      2022-11-17T00:51:25.152Z
    </Time><HeartRateBpm>
      <Value>
      121
    </Value>
    </HeartRateBpm><SensorState>
      Present
    </SensorState><Extensions>
      <TPX xmlns="http://www.garmin.com/xmlschemas/ActivityExtension/v2">
      <nax:Nax>
      <nax:Moments>
      <nax:Halt xsi:type="nax:Halt_t" action="auto_pause">
      
    </nax:Halt>
    </nax:Moments>
    </nax:Nax>
    </TPX>
    </Extensions>
    </Trackpoint>
<Trackpoint>
      <Time>
      2022-11-17T00:51:26.966Z
    </Time><SensorState>
      Present
    </SensorState><Extensions>
      <TPX xmlns="http://www.garmin.com/xmlschemas/ActivityExtension/v2">
      <ns3:Speed>
      0.8358370321577185
    </ns3:Speed><nax:Nax>
      <nax:Pace>
      19.940091220463827
    </nax:Pace><nax:Moments>
      <nax:Halt xsi:type="nax:Halt_t" action="auto_pause">
      
    </nax:Halt>
    </nax:Moments>
    </nax:Nax>
    </TPX>
    </Extensions>
    </Trackpoint>
<Trackpoint>
      <Time>
      2022-11-17T00:51:26.967Z
    </Time><DistanceMeters>
      3.0596821531653404
    </DistanceMeters><Cadence>
      113.97997856140137
    </Cadence><SensorState>
      Present
    </SensorState><Extensions>
      <TPX xmlns="http://www.garmin.com/xmlschemas/ActivityExtension/v2">
      <nax:Nax>
      <nax:Moments>
      <nax:Halt xsi:type="nax:Halt_t" action="auto_pause">
      
    </nax:Halt>
    </nax:Moments>
    </nax:Nax>
    </TPX>
    </Extensions>
    </Trackpoint>
<Trackpoint>
      <Time>
      2022-11-17T00:51:27.000Z
    </Time><Position>
      <LatitudeDegrees>
      47.4285565313106
    </LatitudeDegrees><LongitudeDegrees>
      -122.29230597684035
    </LongitudeDegrees>
    </Position><AltitudeMeters>
      106.53098378237337
    </AltitudeMeters><SensorState>
      Present
    </SensorState><Extensions>
      <TPX xmlns="http://www.garmin.com/xmlschemas/ActivityExtension/v2">
      <nax:Nax>
      <nax:Moments>
      <nax:Halt xsi:type="nax:Halt_t" action="auto_pause">
      
    </nax:Halt>
    </nax:Moments>
    </nax:Nax>
    </TPX>
    </Extensions>
    </Trackpoint>
<Trackpoint>
      <Time>
      2022-11-17T00:51:29.000Z
    </Time><SensorState>
      Present
    </SensorState><Extensions>
      <TPX xmlns="http://www.garmin.com/xmlschemas/ActivityExtension/v2">
      <nax:Nax>
      <nax:NikeFuel>
      1.9108636479237902
    </nax:NikeFuel><nax:Moments>
      <nax:Halt xsi:type="nax:Halt_t" action="auto_pause">
      
    </nax:Halt>
    </nax:Moments>
    </nax:Nax>
    </TPX>
    </Extensions>
    </Trackpoint>
<Trackpoint>
      <Time>
      2022-11-17T00:51:29.531Z
    </Time><SensorState>
      Present
    </SensorState><Extensions>
      <TPX xmlns="http://www.garmin.com/xmlschemas/ActivityExtension/v2">
      <ns3:Speed>
      0.8578346567815063
    </ns3:Speed><nax:Nax>
      <nax:Pace>
      19.428763497616217
    </nax:Pace><nax:Moments>
      <nax:Halt xsi:type="nax:Halt_t" action="auto_pause">
      
    </nax:Halt>
    </nax:Moments>
    </nax:Nax>
    </TPX>
    </Extensions>
    </Trackpoint>
<Trackpoint>
      <Time>
      2022-11-17T00:51:29.532Z
    </Time><DistanceMeters>
      3.0169197283685207
    </DistanceMeters><Cadence>
      114.70893859863281
    </Cadence><SensorState>
      Present
    </SensorState><Extensions>
      <TPX xmlns="http://www.garmin.com/xmlschemas/ActivityExtension/v2">
      <nax:Nax>
      <nax:Moments>
      <nax:Halt xsi:type="nax:Halt_t" action="auto_pause">
      
    </nax:Halt>
    </nax:Moments>
    </nax:Nax>
    </TPX>
    </Extensions>
    </Trackpoint>
<Trackpoint>
      <Time>
      2022-11-17T00:51:32.095Z
    </Time><SensorState>
      Present
    </SensorState><Extensions>
      <TPX xmlns="http://www.garmin.com/xmlschemas/ActivityExtension/v2">
      <ns3:Speed>
      0.8759291087376107
    </ns3:Speed><nax:Nax>
      <nax:Pace>
      19.02741500472187
    </nax:Pace><nax:Moments>
      <nax:Halt xsi:type="nax:Halt_t" action="auto_pause">
      
    </nax:Halt>
    </nax:Moments>
    </nax:Nax>
    </TPX>
    </Extensions>
    </Trackpoint>
<Trackpoint>
      <Time>
      2022-11-17T00:51:32.096Z
    </Time><DistanceMeters>
      5.196481056977063
    </DistanceMeters><Cadence>
      114.70893859863281
    </Cadence><SensorState>
      Present
    </SensorState><Extensions>
      <TPX xmlns="http://www.garmin.com/xmlschemas/ActivityExtension/v2">
      <nax:Nax>
      <nax:Moments>
      <nax:Halt xsi:type="nax:Halt_t" action="auto_pause">
      
    </nax:Halt>
    </nax:Moments>
    </nax:Nax>
    </TPX>
    </Extensions>
    </Trackpoint>
<Trackpoint>
      <Time>
      2022-11-17T00:51:32.152Z
    </Time><HeartRateBpm>
      <Value>
      116
    </Value>
    </HeartRateBpm><SensorState>
      Present
    </SensorState><Extensions>
      <TPX xmlns="http://www.garmin.com/xmlschemas/ActivityExtension/v2">
      <nax:Nax>
      <nax:Moments>
      <nax:Halt xsi:type="nax:Halt_t" action="auto_pause">
      
    </nax:Halt>
    </nax:Moments>
    </nax:Nax>
    </TPX>
    </Extensions>
    </Trackpoint>
<Trackpoint>
      <Time>
      2022-11-17T00:51:34.000Z
    </Time><Position>
      <LatitudeDegrees>
      47.4286475634691
    </LatitudeDegrees><LongitudeDegrees>
      -122.29233949068342
    </LongitudeDegrees>
    </Position><AltitudeMeters>
      107.45951282605529
    </AltitudeMeters><SensorState>
      Present
    </SensorState><Extensions>
      <TPX xmlns="http://www.garmin.com/xmlschemas/ActivityExtension/v2">
      <nax:Nax>
      <nax:Moments>
      <nax:Halt xsi:type="nax:Halt_t" action="auto_pause">
      
    </nax:Halt>
    </nax:Moments>
    </nax:Nax>
    </TPX>
    </Extensions>
    </Trackpoint>
<Trackpoint>
      <Time>
      2022-11-17T00:51:34.152Z
    </Time><HeartRateBpm>
      <Value>
      117
    </Value>
    </HeartRateBpm><SensorState>
      Present
    </SensorState><Extensions>
      <TPX xmlns="http://www.garmin.com/xmlschemas/ActivityExtension/v2">
      <nax:Nax>
      <nax:Moments>
      <nax:Halt xsi:type="nax:Halt_t" action="auto_pause">
      
    </nax:Halt>
    </nax:Moments>
    </nax:Nax>
    </TPX>
    </Extensions>
    </Trackpoint>
<Trackpoint>
      <Time>
      2022-11-17T00:51:34.661Z
    </Time><SensorState>
      Present
    </SensorState><Extensions>
      <TPX xmlns="http://www.garmin.com/xmlschemas/ActivityExtension/v2">
      <ns3:Speed>
      0.917389418906003
    </ns3:Speed><nax:Nax>
      <nax:Pace>
      18.16749389429611
    </nax:Pace><nax:Moments>
      <nax:Halt xsi:type="nax:Halt_t" action="auto_pause">
      
    </nax:Halt>
    </nax:Moments>
    </nax:Nax>
    </TPX>
    </Extensions>
    </Trackpoint>
<Trackpoint>
      <Time>
      2022-11-17T00:51:34.662Z
    </Time><DistanceMeters>
      5.997801789548248
    </DistanceMeters><Cadence>
      114.70893859863281
    </Cadence><SensorState>
      Present
    </SensorState><Extensions>
      <TPX xmlns="http://www.garmin.com/xmlschemas/ActivityExtension/v2">
      <nax:Nax>
      <nax:Moments>
      <nax:Halt xsi:type="nax:Halt_t" action="auto_pause">
      
    </nax:Halt>
    </nax:Moments>
    </nax:Nax>
    </TPX>
    </Extensions>
    </Trackpoint>
<Trackpoint>
      <Time>
      2022-11-17T00:51:37.227Z
    </Time><SensorState>
      Present
    </SensorState><Extensions>
      <TPX xmlns="http://www.garmin.com/xmlschemas/ActivityExtension/v2">
      <ns3:Speed>
      0.9781145678071935
    </ns3:Speed><nax:Nax>
      <nax:Pace>
      17.03958535658167
    </nax:Pace><nax:Moments>
      <nax:Halt xsi:type="nax:Halt_t" action="auto_pause">
      
    </nax:Halt>
    </nax:Moments>
    </nax:Nax>
    </TPX>
    </Extensions>
    </Trackpoint>
<Trackpoint>
      <Time>
      2022-11-17T00:51:37.228Z
    </Time><DistanceMeters>
      6.284946782048792
    </DistanceMeters><Cadence>
      187.1187400817871
    </Cadence><SensorState>
      Present
    </SensorState><Extensions>
      <TPX xmlns="http://www.garmin.com/xmlschemas/ActivityExtension/v2">
      <nax:Nax>
      <nax:Moments>
      <nax:Halt xsi:type="nax:Halt_t" action="auto_pause">
      
    </nax:Halt>
    </nax:Moments>
    </nax:Nax>
    </TPX>
    </Extensions>
    </Trackpoint>
<Trackpoint>
      <Time>
      2022-11-17T00:51:38.999Z
    </Time><Position>
      <LatitudeDegrees>
      47.428760041853266
    </LatitudeDegrees><LongitudeDegrees>
      -122.29238758600313
    </LongitudeDegrees>
    </Position><AltitudeMeters>
      108.40614252630621
    </AltitudeMeters><SensorState>
      Present
    </SensorState><Extensions>
      <TPX xmlns="http://www.garmin.com/xmlschemas/ActivityExtension/v2">
      <nax:Nax>
      <nax:Moments>
      <nax:Halt xsi:type="nax:Halt_t" action="auto_pause">
      
    </nax:Halt>
    </nax:Moments>
    </nax:Nax>
    </TPX>
    </Extensions>
    </Trackpoint>
<Trackpoint>
      <Time>
      2022-11-17T00:51:39.000Z
    </Time><SensorState>
      Present
    </SensorState><Extensions>
      <TPX xmlns="http://www.garmin.com/xmlschemas/ActivityExtension/v2">
      <nax:Nax>
      <nax:NikeFuel>
      6.774398631130117
    </nax:NikeFuel><nax:Moments>
      <nax:Halt xsi:type="nax:Halt_t" action="auto_pause">
      
    </nax:Halt>
    </nax:Moments>
    </nax:Nax>
    </TPX>
    </Extensions>
    </Trackpoint>
<Trackpoint>
      <Time>
      2022-11-17T00:51:39.152Z
    </Time><HeartRateBpm>
      <Value>
      125
    </Value>
    </HeartRateBpm><SensorState>
      Present
    </SensorState><Extensions>
      <TPX xmlns="http://www.garmin.com/xmlschemas/ActivityExtension/v2">
      <nax:Nax>
      <nax:Moments>
      <nax:Halt xsi:type="nax:Halt_t" action="auto_pause">
      
    </nax:Halt>
    </nax:Moments>
    </nax:Nax>
    </TPX>
    </Extensions>
    </Trackpoint>
<Trackpoint>
      <Time>
      2022-11-17T00:51:39.792Z
    </Time><SensorState>
      Present
    </SensorState><Extensions>
      <TPX xmlns="http://www.garmin.com/xmlschemas/ActivityExtension/v2">
      <ns3:Speed>
      2.59852296084535
    </ns3:Speed><nax:Nax>
      <nax:Pace>
      6.413900095477578
    </nax:Pace><nax:Moments>
      <nax:Halt xsi:type="nax:Halt_t" action="auto_pause">
      
    </nax:Halt>
    </nax:Moments>
    </nax:Nax>
    </TPX>
    </Extensions>
    </Trackpoint>
<Trackpoint>
      <Time>
      2022-11-17T00:51:39.793Z
    </Time><DistanceMeters>
      5.17768246633932
    </DistanceMeters><Cadence>
      190.361967086792
    </Cadence><SensorState>
      Present
    </SensorState><Extensions>
      <TPX xmlns="http://www.garmin.com/xmlschemas/ActivityExtension/v2">
      <nax:Nax>
      <nax:Moments>
      <nax:Halt xsi:type="nax:Halt_t" action="auto_pause">
      
    </nax:Halt>
    </nax:Moments>
    </nax:Nax>
    </TPX>
    </Extensions>
    </Trackpoint>
<Trackpoint>
      <Time>
      2022-11-17T00:51:42.349Z
    </Time><SensorState>
      Present
    </SensorState><Extensions>
      <TPX xmlns="http://www.garmin.com/xmlschemas/ActivityExtension/v2">
      <ns3:Speed>
      2.6021693510015718
    </ns3:Speed><nax:Nax>
      <nax:Pace>
      6.404912370615573
    </nax:Pace><nax:Moments>
      <nax:Halt xsi:type="nax:Halt_t" action="auto_pause">
      
    </nax:Halt>
    </nax:Moments>
    </nax:Nax>
    </TPX>
    </Extensions>
    </Trackpoint>
<Trackpoint>
      <Time>
      2022-11-17T00:51:42.350Z
    </Time><DistanceMeters>
      7.950826481450349
    </DistanceMeters><Cadence>
      191.02932929992676
    </Cadence><SensorState>
      Present
    </SensorState><Extensions>
      <TPX xmlns="http://www.garmin.com/xmlschemas/ActivityExtension/v2">
      <nax:Nax>
      <nax:Moments>
      <nax:Halt xsi:type="nax:Halt_t" action="auto_pause">
      
    </nax:Halt>
    </nax:Moments>
    </nax:Nax>
    </TPX>
    </Extensions>
    </Trackpoint>
<Trackpoint>
      <Time>
      2022-11-17T00:51:42.999Z
    </Time><Position>
      <LatitudeDegrees>
      47.428824211759654
    </LatitudeDegrees><LongitudeDegrees>
      -122.29224154362078
    </LongitudeDegrees>
    </Position><AltitudeMeters>
      107.25857660360634
    </AltitudeMeters><SensorState>
      Present
    </SensorState><Extensions>
      <TPX xmlns="http://www.garmin.com/xmlschemas/ActivityExtension/v2">
      <nax:Nax>
      <nax:Moments>
      <nax:Halt xsi:type="nax:Halt_t" action="auto_pause">
      
    </nax:Halt>
    </nax:Moments>
    </nax:Nax>
    </TPX>
    </Extensions>
    </Trackpoint>
<Trackpoint>
      <Time>
      2022-11-17T00:51:44.904Z
    </Time><SensorState>
      Present
    </SensorState><Extensions>
      <TPX xmlns="http://www.garmin.com/xmlschemas/ActivityExtension/v2">
      <ns3:Speed>
      2.577479098213142
    </ns3:Speed><nax:Nax>
      <nax:Pace>
      6.466266468744971
    </nax:Pace><nax:Moments>
      <nax:Halt xsi:type="nax:Halt_t" action="auto_pause">
      
    </nax:Halt>
    </nax:Moments>
    </nax:Nax>
    </TPX>
    </Extensions>
    </Trackpoint>
<Trackpoint>
      <Time>
      2022-11-17T00:51:44.905Z
    </Time><DistanceMeters>
      8.510975814424455
    </DistanceMeters><Cadence>
      190.22945880889893
    </Cadence><SensorState>
      Present
    </SensorState><Extensions>
      <TPX xmlns="http://www.garmin.com/xmlschemas/ActivityExtension/v2">
      <nax:Nax>
      <nax:Moments>
      <nax:Halt xsi:type="nax:Halt_t" action="auto_pause">
      
    </nax:Halt>
    </nax:Moments>
    </nax:Nax>
    </TPX>
    </Extensions>
    </Trackpoint>
<Trackpoint>
      <Time>
      2022-11-17T00:51:45.152Z
    </Time><HeartRateBpm>
      <Value>
      133
    </Value>
    </HeartRateBpm><SensorState>
      Present
    </SensorState><Extensions>
      <TPX xmlns="http://www.garmin.com/xmlschemas/ActivityExtension/v2">
      <nax:Nax>
      <nax:Moments>
      <nax:Halt xsi:type="nax:Halt_t" action="auto_pause">
      
    </nax:Halt>
    </nax:Moments>
    </nax:Nax>
    </TPX>
    </Extensions>
    </Trackpoint>
<Trackpoint>
      <Time>
      2022-11-17T00:51:46.999Z
    </Time><Position>
      <LatitudeDegrees>
      47.42887324833877
    </LatitudeDegrees><LongitudeDegrees>
      -122.29209113779112
    </LongitudeDegrees>
    </Position><AltitudeMeters>
      107.4479880174622
    </AltitudeMeters><SensorState>
      Present
    </SensorState><Extensions>
      <TPX xmlns="http://www.garmin.com/xmlschemas/ActivityExtension/v2">
      <nax:Nax>
      <nax:Moments>
      <nax:Halt xsi:type="nax:Halt_t" action="auto_pause">
      
    </nax:Halt>
    </nax:Moments>
    </nax:Nax>
    </TPX>
    </Extensions>
    </Trackpoint>
<Trackpoint>
      <Time>
      2022-11-17T00:51:47.459Z
    </Time><SensorState>
      Present
    </SensorState><Extensions>
      <TPX xmlns="http://www.garmin.com/xmlschemas/ActivityExtension/v2">
      <ns3:Speed>
      2.5835197220897372
    </ns3:Speed><nax:Nax>
      <nax:Pace>
      6.451147449799788
    </nax:Pace><nax:Moments>
      <nax:Halt xsi:type="nax:Halt_t" action="auto_pause">
      
    </nax:Halt>
    </nax:Moments>
    </nax:Nax>
    </TPX>
    </Extensions>
    </Trackpoint>
<Trackpoint>
      <Time>
      2022-11-17T00:51:47.460Z
    </Time><DistanceMeters>
      8.492255402728915
    </DistanceMeters><Cadence>
      189.9990177154541
    </Cadence><SensorState>
      Present
    </SensorState><Extensions>
      <TPX xmlns="http://www.garmin.com/xmlschemas/ActivityExtension/v2">
      <nax:Nax>
      <nax:Moments>
      <nax:Halt xsi:type="nax:Halt_t" action="auto_pause">
      
    </nax:Halt>
    </nax:Moments>
    </nax:Nax>
    </TPX>
    </Extensions>
    </Trackpoint>
<Trackpoint>
      <Time>
      2022-11-17T00:51:49.000Z
    </Time><SensorState>
      Present
    </SensorState><Extensions>
      <TPX xmlns="http://www.garmin.com/xmlschemas/ActivityExtension/v2">
      <nax:Nax>
      <nax:NikeFuel>
      6.793962150678564
    </nax:NikeFuel><nax:Moments>
      <nax:Halt xsi:type="nax:Halt_t" action="auto_pause">
      
    </nax:Halt>
    </nax:Moments>
    </nax:Nax>
    </TPX>
    </Extensions>
    </Trackpoint>
<Trackpoint>
      <Time>
      2022-11-17T00:51:49.152Z
    </Time><HeartRateBpm>
      <Value>
      137
    </Value>
    </HeartRateBpm><SensorState>
      Present
    </SensorState><Extensions>
      <TPX xmlns="http://www.garmin.com/xmlschemas/ActivityExtension/v2">
      <nax:Nax>
      <nax:Moments>
      <nax:Halt xsi:type="nax:Halt_t" action="auto_pause">
      
    </nax:Halt>
    </nax:Moments>
    </nax:Nax>
    </TPX>
    </Extensions>
    </Trackpoint>
<Trackpoint>
      <Time>
      2022-11-17T00:51:50.014Z
    </Time><DistanceMeters>
      6.230636643245816
    </DistanceMeters><SensorState>
      Present
    </SensorState><Extensions>
      <TPX xmlns="http://www.garmin.com/xmlschemas/ActivityExtension/v2">
      <ns3:Speed>
      2.596761759828638
    </ns3:Speed><nax:Nax>
      <nax:Pace>
      6.418250193181568
    </nax:Pace><nax:Moments>
      <nax:Halt xsi:type="nax:Halt_t" action="auto_pause">
      
    </nax:Halt>
    </nax:Moments>
    </nax:Nax>
    </TPX>
    </Extensions>
    </Trackpoint>
<Trackpoint>
      <Time>
      2022-11-17T00:51:50.015Z
    </Time><Cadence>
      189.436354637146
    </Cadence><SensorState>
      Present
    </SensorState><Extensions>
      <TPX xmlns="http://www.garmin.com/xmlschemas/ActivityExtension/v2">
      <nax:Nax>
      <nax:Moments>
      <nax:Halt xsi:type="nax:Halt_t" action="auto_pause">
      
    </nax:Halt>
    </nax:Moments>
    </nax:Nax>
    </TPX>
    </Extensions>
    </Trackpoint>
<Trackpoint>
      <Time>
      2022-11-17T00:51:50.999Z
    </Time><Position>
      <LatitudeDegrees>
      47.42887941640408
    </LatitudeDegrees><LongitudeDegrees>
      -122.29193590058581
    </LongitudeDegrees>
    </Position><AltitudeMeters>
      107.16101161483675
    </AltitudeMeters><SensorState>
      Present
    </SensorState><Extensions>
      <TPX xmlns="http://www.garmin.com/xmlschemas/ActivityExtension/v2">
      <nax:Nax>
      <nax:Moments>
      <nax:Halt xsi:type="nax:Halt_t" action="auto_pause">
      
    </nax:Halt>
    </nax:Moments>
    </nax:Nax>
    </TPX>
    </Extensions>
    </Trackpoint>
<Trackpoint>
      <Time>
      2022-11-17T00:51:52.569Z
    </Time><SensorState>
      Present
    </SensorState><Extensions>
      <TPX xmlns="http://www.garmin.com/xmlschemas/ActivityExtension/v2">
      <ns3:Speed>
      2.599917182068246
    </ns3:Speed><nax:Nax>
      <nax:Pace>
      6.410460602982845
    </nax:Pace><nax:Moments>
      <nax:Halt xsi:type="nax:Halt_t" action="auto_pause">
      
    </nax:Halt>
    </nax:Moments>
    </nax:Nax>
    </TPX>
    </Extensions>
    </Trackpoint>
<Trackpoint>
      <Time>
      2022-11-17T00:51:52.570Z
    </Time><DistanceMeters>
      7.185638668015599
    </DistanceMeters><Cadence>
      188.9985752105713
    </Cadence><SensorState>
      Present
    </SensorState><Extensions>
      <TPX xmlns="http://www.garmin.com/xmlschemas/ActivityExtension/v2">
      <nax:Nax>
      <nax:Moments>
      <nax:Halt xsi:type="nax:Halt_t" action="auto_pause">
      
    </nax:Halt>
    </nax:Moments>
    </nax:Nax>
    </TPX>
    </Extensions>
    </Trackpoint>
<Trackpoint>
      <Time>
      2022-11-17T00:51:54.999Z
    </Time><Position>
      <LatitudeDegrees>
      47.42887652926814
    </LatitudeDegrees><LongitudeDegrees>
      -122.29178405283895
    </LongitudeDegrees>
    </Position><AltitudeMeters>
      107.42225470859557
    </AltitudeMeters><SensorState>
      Present
    </SensorState><Extensions>
      <TPX xmlns="http://www.garmin.com/xmlschemas/ActivityExtension/v2">
      <nax:Nax>
      <nax:Moments>
      <nax:Halt xsi:type="nax:Halt_t" action="auto_pause">
      
    </nax:Halt>
    </nax:Moments>
    </nax:Nax>
    </TPX>
    </Extensions>
    </Trackpoint>
<Trackpoint>
      <Time>
      2022-11-17T00:51:55.124Z
    </Time><SensorState>
      Present
    </SensorState><Extensions>
      <TPX xmlns="http://www.garmin.com/xmlschemas/ActivityExtension/v2">
      <ns3:Speed>
      2.6027231286015593
    </ns3:Speed><nax:Nax>
      <nax:Pace>
      6.403549606761919
    </nax:Pace><nax:Moments>
      <nax:Halt xsi:type="nax:Halt_t" action="auto_pause">
      
    </nax:Halt>
    </nax:Moments>
    </nax:Nax>
    </TPX>
    </Extensions>
    </Trackpoint>
<Trackpoint>
      <Time>
      2022-11-17T00:51:55.125Z
    </Time><DistanceMeters>
      7.167186770122498
    </DistanceMeters><Cadence>
      188.67158889770508
    </Cadence><SensorState>
      Present
    </SensorState><Extensions>
      <TPX xmlns="http://www.garmin.com/xmlschemas/ActivityExtension/v2">
      <nax:Nax>
      <nax:Moments>
      <nax:Halt xsi:type="nax:Halt_t" action="auto_pause">
      
    </nax:Halt>
    </nax:Moments>
    </nax:Nax>
    </TPX>
    </Extensions>
    </Trackpoint>
<Trackpoint>
      <Time>
      2022-11-17T00:51:55.152Z
    </Time><HeartRateBpm>
      <Value>
      141
    </Value>
    </HeartRateBpm><SensorState>
      Present
    </SensorState><Extensions>
      <TPX xmlns="http://www.garmin.com/xmlschemas/ActivityExtension/v2">
      <nax:Nax>
      <nax:Moments>
      <nax:Halt xsi:type="nax:Halt_t" action="auto_pause">
      
    </nax:Halt>
    </nax:Moments>
    </nax:Nax>
    </TPX>
    </Extensions>
    </Trackpoint>
<Trackpoint>
      <Time>
      2022-11-17T00:51:57.679Z
    </Time><DistanceMeters>
      6.8429401479661465
    </DistanceMeters><SensorState>
      Present
    </SensorState><Extensions>
      <TPX xmlns="http://www.garmin.com/xmlschemas/ActivityExtension/v2">
      <ns3:Speed>
      2.5944526778428054
    </ns3:Speed><nax:Nax>
      <nax:Pace>
      6.42396248311008
    </nax:Pace><nax:Moments>
      <nax:Halt xsi:type="nax:Halt_t" action="auto_pause">
      
    </nax:Halt>
    </nax:Moments>
    </nax:Nax>
    </TPX>
    </Extensions>
    </Trackpoint>
<Trackpoint>
      <Time>
      2022-11-17T00:51:57.680Z
    </Time><Cadence>
      188.09058666229248
    </Cadence><SensorState>
      Present
    </SensorState><Extensions>
      <TPX xmlns="http://www.garmin.com/xmlschemas/ActivityExtension/v2">
      <nax:Nax>
      <nax:Moments>
      <nax:Halt xsi:type="nax:Halt_t" action="auto_pause">
      
    </nax:Halt>
    </nax:Moments>
    </nax:Nax>
    </TPX>
    </Extensions>
    </Trackpoint>
<Trackpoint>
      <Time>
      2022-11-17T00:51:58.999Z
    </Time><Position>
      <LatitudeDegrees>
      47.42887887042388
    </LatitudeDegrees><LongitudeDegrees>
      -122.29164630658836
    </LongitudeDegrees>
    </Position><AltitudeMeters>
      107.33734977059066
    </AltitudeMeters><SensorState>
      Present
    </SensorState><Extensions>
      <TPX xmlns="http://www.garmin.com/xmlschemas/ActivityExtension/v2">
      <nax:Nax>
      <nax:Moments>
      <nax:Halt xsi:type="nax:Halt_t" action="auto_pause">
      
    </nax:Halt>
    </nax:Moments>
    </nax:Nax>
    </TPX>
    </Extensions>
    </Trackpoint>
<Trackpoint>
      <Time>
      2022-11-17T00:51:59.000Z
    </Time><SensorState>
      Present
    </SensorState><Extensions>
      <TPX xmlns="http://www.garmin.com/xmlschemas/ActivityExtension/v2">
      <nax:Nax>
      <nax:NikeFuel>
      7.354148554591529
    </nax:NikeFuel><nax:Moments>
      <nax:Halt xsi:type="nax:Halt_t" action="auto_pause">
      
    </nax:Halt>
    </nax:Moments>
    </nax:Nax>
    </TPX>
    </Extensions>
    </Trackpoint>
<Trackpoint>
      <Time>
      2022-11-17T00:52:00.234Z
    </Time><SensorState>
      Present
    </SensorState><Extensions>
      <TPX xmlns="http://www.garmin.com/xmlschemas/ActivityExtension/v2">
      <ns3:Speed>
      2.8532207179440334
    </ns3:Speed><nax:Nax>
      <nax:Pace>
      5.841352041869474
    </nax:Pace><nax:Moments>
      <nax:Halt xsi:type="nax:Halt_t" action="auto_pause">
      
    </nax:Halt>
    </nax:Moments>
    </nax:Nax>
    </TPX>
    </Extensions>
    </Trackpoint>
<Trackpoint>
      <Time>
      2022-11-17T00:52:00.235Z
    </Time><DistanceMeters>
      6.640306729823351
    </DistanceMeters><Cadence>
      188.06854248046875
    </Cadence><SensorState>
      Present
    </SensorState><Extensions>
      <TPX xmlns="http://www.garmin.com/xmlschemas/ActivityExtension/v2">
      <nax:Nax>
      <nax:Moments>
      <nax:Halt xsi:type="nax:Halt_t" action="auto_pause">
      
    </nax:Halt>
    </nax:Moments>
    </nax:Nax>
    </TPX>
    </Extensions>
    </Trackpoint>
<Trackpoint>
      <Time>
      2022-11-17T00:52:02.789Z
    </Time><SensorState>
      Present
    </SensorState><Extensions>
      <TPX xmlns="http://www.garmin.com/xmlschemas/ActivityExtension/v2">
      <ns3:Speed>
      2.8445306438242266
    </ns3:Speed><nax:Nax>
      <nax:Pace>
      5.8591974401301465
    </nax:Pace><nax:Moments>
      <nax:Halt xsi:type="nax:Halt_t" action="auto_pause">
      
    </nax:Halt>
    </nax:Moments>
    </nax:Nax>
    </TPX>
    </Extensions>
    </Trackpoint>
<Trackpoint>
      <Time>
      2022-11-17T00:52:02.790Z
    </Time><DistanceMeters>
      6.727562495972961
    </DistanceMeters><Cadence>
      188.06854248046875
    </Cadence><SensorState>
      Present
    </SensorState><Extensions>
      <TPX xmlns="http://www.garmin.com/xmlschemas/ActivityExtension/v2">
      <nax:Nax>
      <nax:Moments>
      <nax:Halt xsi:type="nax:Halt_t" action="auto_pause">
      
    </nax:Halt>
    </nax:Moments>
    </nax:Nax>
    </TPX>
    </Extensions>
    </Trackpoint>
<Trackpoint>
      <Time>
      2022-11-17T00:52:02.999Z
    </Time><Position>
      <LatitudeDegrees>
      47.42888705117979
    </LatitudeDegrees><LongitudeDegrees>
      -122.29149908227551
    </LongitudeDegrees>
    </Position><AltitudeMeters>
      107.88073932472616
    </AltitudeMeters><SensorState>
      Present
    </SensorState><Extensions>
      <TPX xmlns="http://www.garmin.com/xmlschemas/ActivityExtension/v2">
      <nax:Nax>
      <nax:Moments>
      <nax:Halt xsi:type="nax:Halt_t" action="auto_pause">
      
    </nax:Halt>
    </nax:Moments>
    </nax:Nax>
    </TPX>
    </Extensions>
    </Trackpoint>
<Trackpoint>
      <Time>
      2022-11-17T00:52:03.152Z
    </Time><HeartRateBpm>
      <Value>
      147
    </Value>
    </HeartRateBpm><SensorState>
      Present
    </SensorState><Extensions>
      <TPX xmlns="http://www.garmin.com/xmlschemas/ActivityExtension/v2">
      <nax:Nax>
      <nax:Moments>
      <nax:Halt xsi:type="nax:Halt_t" action="auto_pause">
      
    </nax:Halt>
    </nax:Moments>
    </nax:Nax>
    </TPX>
    </Extensions>
    </Trackpoint>
<Trackpoint>
      <Time>
      2022-11-17T00:52:05.343Z
    </Time><DistanceMeters>
      3.5858419314026833
    </DistanceMeters><SensorState>
      Present
    </SensorState><Extensions>
      <TPX xmlns="http://www.garmin.com/xmlschemas/ActivityExtension/v2">
      <ns3:Speed>
      2.832470701270418
    </ns3:Speed><nax:Nax>
      <nax:Pace>
      5.884144418225171
    </nax:Pace><nax:Moments>
      <nax:Halt xsi:type="nax:Halt_t" action="auto_pause">
      
    </nax:Halt>
    </nax:Moments>
    </nax:Nax>
    </TPX>
    </Extensions>
    </Trackpoint>
<Trackpoint>
      <Time>
      2022-11-17T00:52:05.344Z
    </Time><Cadence>
      188.06854248046875
    </Cadence><SensorState>
      Present
    </SensorState><Extensions>
      <TPX xmlns="http://www.garmin.com/xmlschemas/ActivityExtension/v2">
      <nax:Nax>
      <nax:Moments>
      <nax:Halt xsi:type="nax:Halt_t" action="auto_pause">
      
    </nax:Halt>
    </nax:Moments>
    </nax:Nax>
    </TPX>
    </Extensions>
    </Trackpoint>
<Trackpoint>
      <Time>
      2022-11-17T00:52:05.345Z
    </Time><SensorState>
      Present
    </SensorState><Extensions>
      <TPX xmlns="http://www.garmin.com/xmlschemas/ActivityExtension/v2">
      <nax:Nax>
      <nax:Moments>
      <nax:Halt xsi:type="nax:Halt_t" action="auto_pause">
      
    </nax:Halt>
    </nax:Moments>
    </nax:Nax>
    </TPX>
    </Extensions>
    </Trackpoint>
<Trackpoint>
      <Time>
      2022-11-17T00:52:07.899Z
    </Time><SensorState>
      Present
    </SensorState><Extensions>
      <TPX xmlns="http://www.garmin.com/xmlschemas/ActivityExtension/v2">
      <ns3:Speed>
      2.7846132096148812
    </ns3:Speed><nax:Nax>
      <nax:Pace>
      5.985271709952029
    </nax:Pace><nax:Moments>
      <nax:Halt xsi:type="nax:Halt_t" action="auto_pause">
      
    </nax:Halt>
    </nax:Moments>
    </nax:Nax>
    </TPX>
    </Extensions>
    </Trackpoint>
<Trackpoint>
      <Time>
      2022-11-17T00:52:07.900Z
    </Time><DistanceMeters>
      3.9953031614422803
    </DistanceMeters><Cadence>
      60.52242994308472
    </Cadence><SensorState>
      Present
    </SensorState><Extensions>
      <TPX xmlns="http://www.garmin.com/xmlschemas/ActivityExtension/v2">
      <nax:Nax>
      <nax:Moments>
      <nax:Halt xsi:type="nax:Halt_t" action="auto_pause">
      
    </nax:Halt>
    </nax:Moments>
    </nax:Nax>
    </TPX>
    </Extensions>
    </Trackpoint>
<Trackpoint>
      <Time>
      2022-11-17T00:52:08.152Z
    </Time><HeartRateBpm>
      <Value>
      151
    </Value>
    </HeartRateBpm><SensorState>
      Present
    </SensorState><Extensions>
      <TPX xmlns="http://www.garmin.com/xmlschemas/ActivityExtension/v2">
      <nax:Nax>
      <nax:Moments>
      <nax:Halt xsi:type="nax:Halt_t" action="auto_pause">
      
    </nax:Halt>
    </nax:Moments>
    </nax:Nax>
    </TPX>
    </Extensions>
    </Trackpoint>
<Trackpoint>
      <Time>
      2022-11-17T00:52:08.999Z
    </Time><Position>
      <LatitudeDegrees>
      47.42887143107945
    </LatitudeDegrees><LongitudeDegrees>
      -122.29136646890147
    </LongitudeDegrees>
    </Position><AltitudeMeters>
      109.7197068138048
    </AltitudeMeters><SensorState>
      Present
    </SensorState><Extensions>
      <TPX xmlns="http://www.garmin.com/xmlschemas/ActivityExtension/v2">
      <nax:Nax>
      <nax:Moments>
      <nax:Halt xsi:type="nax:Halt_t" action="auto_pause">
      
    </nax:Halt>
    </nax:Moments>
    </nax:Nax>
    </TPX>
    </Extensions>
    </Trackpoint>
<Trackpoint>
      <Time>
      2022-11-17T00:52:09.000Z
    </Time><SensorState>
      Present
    </SensorState><Extensions>
      <TPX xmlns="http://www.garmin.com/xmlschemas/ActivityExtension/v2">
      <nax:Nax>
      <nax:NikeFuel>
      1.7120890464300254
    </nax:NikeFuel><nax:Moments>
      <nax:Halt xsi:type="nax:Halt_t" action="auto_pause">
      
    </nax:Halt>
    </nax:Moments>
    </nax:Nax>
    </TPX>
    </Extensions>
    </Trackpoint>
<Trackpoint>
      <Time>
      2022-11-17T00:52:10.453Z
    </Time><SensorState>
      Present
    </SensorState><Extensions>
      <TPX xmlns="http://www.garmin.com/xmlschemas/ActivityExtension/v2">
      <ns3:Speed>
      0.6594057974977965
    </ns3:Speed><nax:Nax>
      <nax:Pace>
      25.27528076020951
    </nax:Pace><nax:Moments>
      <nax:Halt xsi:type="nax:Halt_t" action="auto_pause">
      
    </nax:Halt>
    </nax:Moments>
    </nax:Nax>
    </TPX>
    </Extensions>
    </Trackpoint>
<Trackpoint>
      <Time>
      2022-11-17T00:52:10.454Z
    </Time><DistanceMeters>
      4.422247144393623
    </DistanceMeters><Cadence>
      60.52242994308472
    </Cadence><SensorState>
      Present
    </SensorState><Extensions>
      <TPX xmlns="http://www.garmin.com/xmlschemas/ActivityExtension/v2">
      <nax:Nax>
      <nax:Moments>
      <nax:Halt xsi:type="nax:Halt_t" action="auto_pause">
      
    </nax:Halt>
    </nax:Moments>
    </nax:Nax>
    </TPX>
    </Extensions>
    </Trackpoint>
<Trackpoint>
      <Time>
      2022-11-17T00:52:10.455Z
    </Time><SensorState>
      Present
    </SensorState><Extensions>
      <TPX xmlns="http://www.garmin.com/xmlschemas/ActivityExtension/v2">
      <nax:Nax>
      <nax:Moments>
      <nax:Halt xsi:type="nax:Halt_t" action="auto_pause">
      
    </nax:Halt>
    </nax:Moments>
    </nax:Nax>
    </TPX>
    </Extensions>
    </Trackpoint>
<Trackpoint>
      <Time>
      2022-11-17T00:52:11.152Z
    </Time><HeartRateBpm>
      <Value>
      152
    </Value>
    </HeartRateBpm><SensorState>
      Present
    </SensorState><Extensions>
      <TPX xmlns="http://www.garmin.com/xmlschemas/ActivityExtension/v2">
      <nax:Nax>
      <nax:Moments>
      <nax:Halt xsi:type="nax:Halt_t" action="auto_pause">
      
    </nax:Halt>
    </nax:Moments>
    </nax:Nax>
    </TPX>
    </Extensions>
    </Trackpoint>
<Trackpoint>
      <Time>
      2022-11-17T00:52:13.008Z
    </Time><DistanceMeters>
      2.74136730004102
    </DistanceMeters><SensorState>
      Present
    </SensorState><Extensions>
      <TPX xmlns="http://www.garmin.com/xmlschemas/ActivityExtension/v2">
      <ns3:Speed>
      0.6594057974977965
    </ns3:Speed><nax:Nax>
      <nax:Pace>
      25.27528076020951
    </nax:Pace><nax:Moments>
      <nax:Halt xsi:type="nax:Halt_t" action="auto_pause">
      
    </nax:Halt>
    </nax:Moments>
    </nax:Nax>
    </TPX>
    </Extensions>
    </Trackpoint>
<Trackpoint>
      <Time>
      2022-11-17T00:52:13.009Z
    </Time><Cadence>
      60.52242994308472
    </Cadence><SensorState>
      Present
    </SensorState><Extensions>
      <TPX xmlns="http://www.garmin.com/xmlschemas/ActivityExtension/v2">
      <nax:Nax>
      <nax:Moments>
      <nax:Halt xsi:type="nax:Halt_t" action="auto_pause">
      
    </nax:Halt>
    </nax:Moments>
    </nax:Nax>
    </TPX>
    </Extensions>
    </Trackpoint>
<Trackpoint>
      <Time>
      2022-11-17T00:52:13.010Z
    </Time><SensorState>
      Present
    </SensorState><Extensions>
      <TPX xmlns="http://www.garmin.com/xmlschemas/ActivityExtension/v2">
      <nax:Nax>
      <nax:Moments>
      <nax:Halt xsi:type="nax:Halt_t" action="auto_pause">
      
    </nax:Halt>
    </nax:Moments>
    </nax:Nax>
    </TPX>
    </Extensions>
    </Trackpoint>
<Trackpoint>
      <Time>
      2022-11-17T00:52:15.152Z
    </Time><HeartRateBpm>
      <Value>
      151
    </Value>
    </HeartRateBpm><SensorState>
      Present
    </SensorState><Extensions>
      <TPX xmlns="http://www.garmin.com/xmlschemas/ActivityExtension/v2">
      <nax:Nax>
      <nax:Moments>
      <nax:Halt xsi:type="nax:Halt_t" action="auto_pause">
      
    </nax:Halt>
    </nax:Moments>
    </nax:Nax>
    </TPX>
    </Extensions>
    </Trackpoint>
<Trackpoint>
      <Time>
      2022-11-17T00:52:15.574Z
    </Time><DistanceMeters>
      3.210864461492747
    </DistanceMeters><SensorState>
      Present
    </SensorState><Extensions>
      <TPX xmlns="http://www.garmin.com/xmlschemas/ActivityExtension/v2">
      <ns3:Speed>
      0.6594057974977965
    </ns3:Speed><nax:Nax>
      <nax:Pace>
      25.27528076020951
    </nax:Pace><nax:Moments>
      <nax:Halt xsi:type="nax:Halt_t" action="auto_pause">
      
    </nax:Halt>
    </nax:Moments>
    </nax:Nax>
    </TPX>
    </Extensions>
    </Trackpoint>
<Trackpoint>
      <Time>
      2022-11-17T00:52:15.575Z
    </Time><Cadence>
      89.90136623382568
    </Cadence><SensorState>
      Present
    </SensorState><Extensions>
      <TPX xmlns="http://www.garmin.com/xmlschemas/ActivityExtension/v2">
      <nax:Nax>
      <nax:Moments>
      <nax:Halt xsi:type="nax:Halt_t" action="auto_pause">
      
    </nax:Halt>
    </nax:Moments>
    </nax:Nax>
    </TPX>
    </Extensions>
    </Trackpoint>
<Trackpoint>
      <Time>
      2022-11-17T00:52:16.999Z
    </Time><Position>
      <LatitudeDegrees>
      47.42887411545122
    </LatitudeDegrees><LongitudeDegrees>
      -122.29122554867699
    </LongitudeDegrees>
    </Position><AltitudeMeters>
      108.24137235525995
    </AltitudeMeters><SensorState>
      Present
    </SensorState><Extensions>
      <TPX xmlns="http://www.garmin.com/xmlschemas/ActivityExtension/v2">
      <nax:Nax>
      <nax:Moments>
      <nax:Halt xsi:type="nax:Halt_t" action="auto_pause">
      
    </nax:Halt>
    </nax:Moments>
    </nax:Nax>
    </TPX>
    </Extensions>
    </Trackpoint>
<Trackpoint>
      <Time>
      2022-11-17T00:52:18.139Z
    </Time><DistanceMeters>
      4.235483598895371
    </DistanceMeters><SensorState>
      Present
    </SensorState><Extensions>
      <TPX xmlns="http://www.garmin.com/xmlschemas/ActivityExtension/v2">
      <ns3:Speed>
      1.030848795015789
    </ns3:Speed><nax:Nax>
      <nax:Pace>
      16.16790624119747
    </nax:Pace><nax:Moments>
      <nax:Halt xsi:type="nax:Halt_t" action="auto_pause">
      
    </nax:Halt>
    </nax:Moments>
    </nax:Nax>
    </TPX>
    </Extensions>
    </Trackpoint>
<Trackpoint>
      <Time>
      2022-11-17T00:52:18.140Z
    </Time><Cadence>
      101.13702535629272
    </Cadence><SensorState>
      Present
    </SensorState><Extensions>
      <TPX xmlns="http://www.garmin.com/xmlschemas/ActivityExtension/v2">
      <nax:Nax>
      <nax:Moments>
      <nax:Halt xsi:type="nax:Halt_t" action="auto_pause">
      
    </nax:Halt>
    </nax:Moments>
    </nax:Nax>
    </TPX>
    </Extensions>
    </Trackpoint>
<Trackpoint>
      <Time>
      2022-11-17T00:52:19.000Z
    </Time><SensorState>
      Present
    </SensorState><Extensions>
      <TPX xmlns="http://www.garmin.com/xmlschemas/ActivityExtension/v2">
      <nax:Nax>
      <nax:NikeFuel>
      2.2469718956011886
    </nax:NikeFuel><nax:Moments>
      <nax:Halt xsi:type="nax:Halt_t" action="auto_pause">
      
    </nax:Halt>
    </nax:Moments>
    </nax:Nax>
    </TPX>
    </Extensions>
    </Trackpoint>
<Trackpoint>
      <Time>
      2022-11-17T00:52:19.152Z
    </Time><HeartRateBpm>
      <Value>
      151
    </Value>
    </HeartRateBpm><SensorState>
      Present
    </SensorState><Extensions>
      <TPX xmlns="http://www.garmin.com/xmlschemas/ActivityExtension/v2">
      <nax:Nax>
      <nax:Moments>
      <nax:Halt xsi:type="nax:Halt_t" action="auto_pause">
      
    </nax:Halt>
    </nax:Moments>
    </nax:Nax>
    </TPX>
    </Extensions>
    </Trackpoint>
<Trackpoint>
      <Time>
      2022-11-17T00:52:20.705Z
    </Time><DistanceMeters>
      2.930428024381399
    </DistanceMeters><SensorState>
      Present
    </SensorState><Extensions>
      <TPX xmlns="http://www.garmin.com/xmlschemas/ActivityExtension/v2">
      <ns3:Speed>
      1.1447174033305718
    </ns3:Speed><nax:Nax>
      <nax:Pace>
      14.559634210307939
    </nax:Pace><nax:Moments>
      <nax:Halt xsi:type="nax:Halt_t" action="auto_pause">
      
    </nax:Halt>
    </nax:Moments>
    </nax:Nax>
    </TPX>
    </Extensions>
    </Trackpoint>
<Trackpoint>
      <Time>
      2022-11-17T00:52:20.706Z
    </Time><Cadence>
      104.1465711593628
    </Cadence><SensorState>
      Present
    </SensorState><Extensions>
      <TPX xmlns="http://www.garmin.com/xmlschemas/ActivityExtension/v2">
      <nax:Nax>
      <nax:Moments>
      <nax:Halt xsi:type="nax:Halt_t" action="auto_pause">
      
    </nax:Halt>
    </nax:Moments>
    </nax:Nax>
    </TPX>
    </Extensions>
    </Trackpoint>
<Trackpoint>
      <Time>
      2022-11-17T00:52:23.270Z
    </Time><SensorState>
      Present
    </SensorState><Extensions>
      <TPX xmlns="http://www.garmin.com/xmlschemas/ActivityExtension/v2">
      <ns3:Speed>
      1.1777500098808185
    </ns3:Speed><nax:Nax>
      <nax:Pace>
      14.151277034039879
    </nax:Pace><nax:Moments>
      <nax:Halt xsi:type="nax:Halt_t" action="auto_pause">
      
    </nax:Halt>
    </nax:Moments>
    </nax:Nax>
    </TPX>
    </Extensions>
    </Trackpoint>
<Trackpoint>
      <Time>
      2022-11-17T00:52:23.271Z
    </Time><DistanceMeters>
      2.713001320604235
    </DistanceMeters><Cadence>
      104.1465711593628
    </Cadence><SensorState>
      Present
    </SensorState><Extensions>
      <TPX xmlns="http://www.garmin.com/xmlschemas/ActivityExtension/v2">
      <nax:Nax>
      <nax:Moments>
      <nax:Halt xsi:type="nax:Halt_t" action="auto_pause">
      
    </nax:Halt>
    </nax:Moments>
    </nax:Nax>
    </TPX>
    </Extensions>
    </Trackpoint>
<Trackpoint>
      <Time>
      2022-11-17T00:52:24.000Z
    </Time><Position>
      <LatitudeDegrees>
      47.428908480817206
    </LatitudeDegrees><LongitudeDegrees>
      -122.29110250288147
    </LongitudeDegrees>
    </Position><AltitudeMeters>
      108.72008016705513
    </AltitudeMeters><SensorState>
      Present
    </SensorState><Extensions>
      <TPX xmlns="http://www.garmin.com/xmlschemas/ActivityExtension/v2">
      <nax:Nax>
      <nax:Moments>
      <nax:Halt xsi:type="nax:Halt_t" action="auto_pause">
      
    </nax:Halt>
    </nax:Moments>
    </nax:Nax>
    </TPX>
    </Extensions>
    </Trackpoint>
<Trackpoint>
      <Time>
      2022-11-17T00:52:25.836Z
    </Time><SensorState>
      Present
    </SensorState><Extensions>
      <TPX xmlns="http://www.garmin.com/xmlschemas/ActivityExtension/v2">
      <ns3:Speed>
      1.1777500098808185
    </ns3:Speed><nax:Nax>
      <nax:Pace>
      14.151277034039879
    </nax:Pace><nax:Moments>
      <nax:Halt xsi:type="nax:Halt_t" action="auto_pause">
      
    </nax:Halt>
    </nax:Moments>
    </nax:Nax>
    </TPX>
    </Extensions>
    </Trackpoint>
<Trackpoint>
      <Time>
      2022-11-17T00:52:25.837Z
    </Time><DistanceMeters>
      3.957221692427993
    </DistanceMeters><Cadence>
      104.1465711593628
    </Cadence><SensorState>
      Present
    </SensorState><Extensions>
      <TPX xmlns="http://www.garmin.com/xmlschemas/ActivityExtension/v2">
      <nax:Nax>
      <nax:Moments>
      <nax:Halt xsi:type="nax:Halt_t" action="auto_pause">
      
    </nax:Halt>
    </nax:Moments>
    </nax:Nax>
    </TPX>
    </Extensions>
    </Trackpoint>
<Trackpoint>
      <Time>
      2022-11-17T00:52:28.403Z
    </Time><SensorState>
      Present
    </SensorState><Extensions>
      <TPX xmlns="http://www.garmin.com/xmlschemas/ActivityExtension/v2">
      <ns3:Speed>
      1.1777500098808185
    </ns3:Speed><nax:Nax>
      <nax:Pace>
      14.151277034039879
    </nax:Pace><nax:Moments>
      <nax:Halt xsi:type="nax:Halt_t" action="auto_pause">
      
    </nax:Halt>
    </nax:Moments>
    </nax:Nax>
    </TPX>
    </Extensions>
    </Trackpoint>
<Trackpoint>
      <Time>
      2022-11-17T00:52:28.404Z
    </Time><DistanceMeters>
      4.634699333459139
    </DistanceMeters><Cadence>
      104.1465711593628
    </Cadence><SensorState>
      Present
    </SensorState><Extensions>
      <TPX xmlns="http://www.garmin.com/xmlschemas/ActivityExtension/v2">
      <nax:Nax>
      <nax:Moments>
      <nax:Halt xsi:type="nax:Halt_t" action="auto_pause">
      
    </nax:Halt>
    </nax:Moments>
    </nax:Nax>
    </TPX>
    </Extensions>
    </Trackpoint>
<Trackpoint>
      <Time>
      2022-11-17T00:52:29.000Z
    </Time><SensorState>
      Present
    </SensorState><Extensions>
      <TPX xmlns="http://www.garmin.com/xmlschemas/ActivityExtension/v2">
      <nax:Nax>
      <nax:NikeFuel>
      2.5487531282591975
    </nax:NikeFuel><nax:Moments>
      <nax:Halt xsi:type="nax:Halt_t" action="auto_pause">
      
    </nax:Halt>
    </nax:Moments>
    </nax:Nax>
    </TPX>
    </Extensions>
    </Trackpoint>
<Trackpoint>
      <Time>
      2022-11-17T00:52:30.967Z
    </Time><SensorState>
      Present
    </SensorState><Extensions>
      <TPX xmlns="http://www.garmin.com/xmlschemas/ActivityExtension/v2">
      <ns3:Speed>
      1.5886290024357244
    </ns3:Speed><nax:Nax>
      <nax:Pace>
      10.49122648592776
    </nax:Pace><nax:Moments>
      <nax:Halt xsi:type="nax:Halt_t" action="auto_pause">
      
    </nax:Halt>
    </nax:Moments>
    </nax:Nax>
    </TPX>
    </Extensions>
    </Trackpoint>
<Trackpoint>
      <Time>
      2022-11-17T00:52:30.968Z
    </Time><DistanceMeters>
      2.9834131761454046
    </DistanceMeters><Cadence>
      75.46669721603394
    </Cadence><SensorState>
      Present
    </SensorState><Extensions>
      <TPX xmlns="http://www.garmin.com/xmlschemas/ActivityExtension/v2">
      <nax:Nax>
      <nax:Moments>
      <nax:Halt xsi:type="nax:Halt_t" action="auto_pause">
      
    </nax:Halt>
    </nax:Moments>
    </nax:Nax>
    </TPX>
    </Extensions>
    </Trackpoint>
<Trackpoint>
      <Time>
      2022-11-17T00:52:32.000Z
    </Time><Position>
      <LatitudeDegrees>
      47.42892500176092
    </LatitudeDegrees><LongitudeDegrees>
      -122.2909678459664
    </LongitudeDegrees>
    </Position><AltitudeMeters>
      108.62784396205097
    </AltitudeMeters><SensorState>
      Present
    </SensorState><Extensions>
      <TPX xmlns="http://www.garmin.com/xmlschemas/ActivityExtension/v2">
      <nax:Nax>
      <nax:Moments>
      <nax:Halt xsi:type="nax:Halt_t" action="auto_pause">
      
    </nax:Halt>
    </nax:Moments>
    </nax:Nax>
    </TPX>
    </Extensions>
    </Trackpoint>
<Trackpoint>
      <Time>
      2022-11-17T00:52:33.533Z
    </Time><SensorState>
      Present
    </SensorState><Extensions>
      <TPX xmlns="http://www.garmin.com/xmlschemas/ActivityExtension/v2">
      <ns3:Speed>
      1.592786235386908
    </ns3:Speed><nax:Nax>
      <nax:Pace>
      10.463843983821294
    </nax:Pace><nax:Moments>
      <nax:Halt xsi:type="nax:Halt_t" action="auto_pause">
      
    </nax:Halt>
    </nax:Moments>
    </nax:Nax>
    </TPX>
    </Extensions>
    </Trackpoint>
<Trackpoint>
      <Time>
      2022-11-17T00:52:33.534Z
    </Time><DistanceMeters>
      3.365185373928398
    </DistanceMeters><Cadence>
      75.46669721603394
    </Cadence><SensorState>
      Present
    </SensorState><Extensions>
      <TPX xmlns="http://www.garmin.com/xmlschemas/ActivityExtension/v2">
      <nax:Nax>
      <nax:Moments>
      <nax:Halt xsi:type="nax:Halt_t" action="auto_pause">
      
    </nax:Halt>
    </nax:Moments>
    </nax:Nax>
    </TPX>
    </Extensions>
    </Trackpoint>
<Trackpoint>
      <Time>
      2022-11-17T00:52:36.099Z
    </Time><SensorState>
      Present
    </SensorState><Extensions>
      <TPX xmlns="http://www.garmin.com/xmlschemas/ActivityExtension/v2">
      <ns3:Speed>
      1.5887286298960437
    </ns3:Speed><nax:Nax>
      <nax:Pace>
      10.490568592420486
    </nax:Pace><nax:Moments>
      <nax:Halt xsi:type="nax:Halt_t" action="auto_pause">
      
    </nax:Halt>
    </nax:Moments>
    </nax:Nax>
    </TPX>
    </Extensions>
    </Trackpoint>
<Trackpoint>
      <Time>
      2022-11-17T00:52:36.100Z
    </Time><DistanceMeters>
      2.8515136670321226
    </DistanceMeters><Cadence>
      75.46669721603394
    </Cadence><SensorState>
      Present
    </SensorState><Extensions>
      <TPX xmlns="http://www.garmin.com/xmlschemas/ActivityExtension/v2">
      <nax:Nax>
      <nax:Moments>
      <nax:Halt xsi:type="nax:Halt_t" action="auto_pause">
      
    </nax:Halt>
    </nax:Moments>
    </nax:Nax>
    </TPX>
    </Extensions>
    </Trackpoint>
<Trackpoint>
      <Time>
      2022-11-17T00:52:38.664Z
    </Time><SensorState>
      Present
    </SensorState><Extensions>
      <TPX xmlns="http://www.garmin.com/xmlschemas/ActivityExtension/v2">
      <ns3:Speed>
      0.8494186749517266
    </ns3:Speed><nax:Nax>
      <nax:Pace>
      19.621262350529143
    </nax:Pace><nax:Moments>
      <nax:Halt xsi:type="nax:Halt_t" action="auto_pause">
      
    </nax:Halt>
    </nax:Moments>
    </nax:Nax>
    </TPX>
    </Extensions>
    </Trackpoint>
<Trackpoint>
      <Time>
      2022-11-17T00:52:38.665Z
    </Time><DistanceMeters>
      2.591973395086825
    </DistanceMeters><Cadence>
      75.46669721603394
    </Cadence><SensorState>
      Present
    </SensorState><Extensions>
      <TPX xmlns="http://www.garmin.com/xmlschemas/ActivityExtension/v2">
      <nax:Nax>
      <nax:Moments>
      <nax:Halt xsi:type="nax:Halt_t" action="auto_pause">
      
    </nax:Halt>
    </nax:Moments>
    </nax:Nax>
    </TPX>
    </Extensions>
    </Trackpoint>
<Trackpoint>
      <Time>
      2022-11-17T00:52:39.000Z
    </Time><SensorState>
      Present
    </SensorState><Extensions>
      <TPX xmlns="http://www.garmin.com/xmlschemas/ActivityExtension/v2">
      <nax:Nax>
      <nax:NikeFuel>
      2.0993715582192523
    </nax:NikeFuel><nax:Moments>
      <nax:Halt xsi:type="nax:Halt_t" action="auto_pause">
      
    </nax:Halt>
    </nax:Moments>
    </nax:Nax>
    </TPX>
    </Extensions>
    </Trackpoint>
<Trackpoint>
      <Time>
      2022-11-17T00:52:41.000Z
    </Time><Position>
      <LatitudeDegrees>
      47.42894845503877
    </LatitudeDegrees><LongitudeDegrees>
      -122.29083020379588
    </LongitudeDegrees>
    </Position><AltitudeMeters>
      109.61597315594554
    </AltitudeMeters><SensorState>
      Present
    </SensorState><Extensions>
      <TPX xmlns="http://www.garmin.com/xmlschemas/ActivityExtension/v2">
      <nax:Nax>
      <nax:Moments>
      <nax:Halt xsi:type="nax:Halt_t" action="auto_pause">
      
    </nax:Halt>
    </nax:Moments>
    </nax:Nax>
    </TPX>
    </Extensions>
    </Trackpoint>
<Trackpoint>
      <Time>
      2022-11-17T00:52:41.230Z
    </Time><SensorState>
      Present
    </SensorState><Extensions>
      <TPX xmlns="http://www.garmin.com/xmlschemas/ActivityExtension/v2">
      <ns3:Speed>
      0.8494186749517266
    </ns3:Speed><nax:Nax>
      <nax:Pace>
      19.621262350529143
    </nax:Pace><nax:Moments>
      <nax:Halt xsi:type="nax:Halt_t" action="auto_pause">
      
    </nax:Halt>
    </nax:Moments>
    </nax:Nax>
    </TPX>
    </Extensions>
    </Trackpoint>
<Trackpoint>
      <Time>
      2022-11-17T00:52:41.231Z
    </Time><DistanceMeters>
      2.9103241097182035
    </DistanceMeters><Cadence>
      104.66677665710449
    </Cadence><SensorState>
      Present
    </SensorState><Extensions>
      <TPX xmlns="http://www.garmin.com/xmlschemas/ActivityExtension/v2">
      <nax:Nax>
      <nax:Moments>
      <nax:Halt xsi:type="nax:Halt_t" action="auto_pause">
      
    </nax:Halt>
    </nax:Moments>
    </nax:Nax>
    </TPX>
    </Extensions>
    </Trackpoint>
<Trackpoint>
      <Time>
      2022-11-17T00:52:43.152Z
    </Time><HeartRateBpm>
      <Value>
      133
    </Value>
    </HeartRateBpm><SensorState>
      Present
    </SensorState><Extensions>
      <TPX xmlns="http://www.garmin.com/xmlschemas/ActivityExtension/v2">
      <nax:Nax>
      <nax:Moments>
      <nax:Halt xsi:type="nax:Halt_t" action="auto_pause">
      
    </nax:Halt>
    </nax:Moments>
    </nax:Nax>
    </TPX>
    </Extensions>
    </Trackpoint>
<Trackpoint>
      <Time>
      2022-11-17T00:52:43.795Z
    </Time><SensorState>
      Present
    </SensorState><Extensions>
      <TPX xmlns="http://www.garmin.com/xmlschemas/ActivityExtension/v2">
      <ns3:Speed>
      1.1226724280435676
    </ns3:Speed><nax:Nax>
      <nax:Pace>
      14.845529515417905
    </nax:Pace><nax:Moments>
      <nax:Halt xsi:type="nax:Halt_t" action="auto_pause">
      
    </nax:Halt>
    </nax:Moments>
    </nax:Nax>
    </TPX>
    </Extensions>
    </Trackpoint>
<Trackpoint>
      <Time>
      2022-11-17T00:52:43.796Z
    </Time><DistanceMeters>
      2.773117691744119
    </DistanceMeters><Cadence>
      104.66677665710449
    </Cadence><SensorState>
      Present
    </SensorState><Extensions>
      <TPX xmlns="http://www.garmin.com/xmlschemas/ActivityExtension/v2">
      <nax:Nax>
      <nax:Moments>
      <nax:Halt xsi:type="nax:Halt_t" action="auto_pause">
      
    </nax:Halt>
    </nax:Moments>
    </nax:Nax>
    </TPX>
    </Extensions>
    </Trackpoint>
<Trackpoint>
      <Time>
      2022-11-17T00:52:46.360Z
    </Time><SensorState>
      Present
    </SensorState><Extensions>
      <TPX xmlns="http://www.garmin.com/xmlschemas/ActivityExtension/v2">
      <ns3:Speed>
      1.1226724280435676
    </ns3:Speed><nax:Nax>
      <nax:Pace>
      14.845529515417905
    </nax:Pace><nax:Moments>
      <nax:Halt xsi:type="nax:Halt_t" action="auto_pause">
      
    </nax:Halt>
    </nax:Moments>
    </nax:Nax>
    </TPX>
    </Extensions>
    </Trackpoint>
<Trackpoint>
      <Time>
      2022-11-17T00:52:46.361Z
    </Time><DistanceMeters>
      2.507146397139877
    </DistanceMeters><Cadence>
      104.66677665710449
    </Cadence><SensorState>
      Present
    </SensorState><Extensions>
      <TPX xmlns="http://www.garmin.com/xmlschemas/ActivityExtension/v2">
      <nax:Nax>
      <nax:Moments>
      <nax:Halt xsi:type="nax:Halt_t" action="auto_pause">
      
    </nax:Halt>
    </nax:Moments>
    </nax:Nax>
    </TPX>
    </Extensions>
    </Trackpoint>
<Trackpoint>
      <Time>
      2022-11-17T00:52:47.152Z
    </Time><HeartRateBpm>
      <Value>
      131
    </Value>
    </HeartRateBpm><SensorState>
      Present
    </SensorState><Extensions>
      <TPX xmlns="http://www.garmin.com/xmlschemas/ActivityExtension/v2">
      <nax:Nax>
      <nax:Moments>
      <nax:Halt xsi:type="nax:Halt_t" action="auto_pause">
      
    </nax:Halt>
    </nax:Moments>
    </nax:Nax>
    </TPX>
    </Extensions>
    </Trackpoint>
<Trackpoint>
      <Time>
      2022-11-17T00:52:48.926Z
    </Time><SensorState>
      Present
    </SensorState><Extensions>
      <TPX xmlns="http://www.garmin.com/xmlschemas/ActivityExtension/v2">
      <ns3:Speed>
      1.1226724280435676
    </ns3:Speed><nax:Nax>
      <nax:Pace>
      14.845529515417905
    </nax:Pace><nax:Moments>
      <nax:Halt xsi:type="nax:Halt_t" action="auto_pause">
      
    </nax:Halt>
    </nax:Moments>
    </nax:Nax>
    </TPX>
    </Extensions>
    </Trackpoint>
<Trackpoint>
      <Time>
      2022-11-17T00:52:48.927Z
    </Time><DistanceMeters>
      3.4955155882053077
    </DistanceMeters><Cadence>
      109.65429067611694
    </Cadence><SensorState>
      Present
    </SensorState><Extensions>
      <TPX xmlns="http://www.garmin.com/xmlschemas/ActivityExtension/v2">
      <nax:Nax>
      <nax:Moments>
      <nax:Halt xsi:type="nax:Halt_t" action="auto_pause">
      
    </nax:Halt>
    </nax:Moments>
    </nax:Nax>
    </TPX>
    </Extensions>
    </Trackpoint>
<Trackpoint>
      <Time>
      2022-11-17T00:52:49.000Z
    </Time><SensorState>
      Present
    </SensorState><Extensions>
      <TPX xmlns="http://www.garmin.com/xmlschemas/ActivityExtension/v2">
      <nax:Nax>
      <nax:NikeFuel>
      2.7539729590540696
    </nax:NikeFuel><nax:Moments>
      <nax:Halt xsi:type="nax:Halt_t" action="auto_pause">
      
    </nax:Halt>
    </nax:Moments>
    </nax:Nax>
    </TPX>
    </Extensions>
    </Trackpoint>
<Trackpoint>
      <Time>
      2022-11-17T00:52:51.000Z
    </Time><Position>
      <LatitudeDegrees>
      47.42899417477202
    </LatitudeDegrees><LongitudeDegrees>
      -122.2906982223318
    </LongitudeDegrees>
    </Position><AltitudeMeters>
      109.95459342096001
    </AltitudeMeters><SensorState>
      Present
    </SensorState><Extensions>
      <TPX xmlns="http://www.garmin.com/xmlschemas/ActivityExtension/v2">
      <nax:Nax>
      <nax:Moments>
      <nax:Halt xsi:type="nax:Halt_t" action="auto_pause">
      
    </nax:Halt>
    </nax:Moments>
    </nax:Nax>
    </TPX>
    </Extensions>
    </Trackpoint>
<Trackpoint>
      <Time>
      2022-11-17T00:52:51.492Z
    </Time><SensorState>
      Present
    </SensorState><Extensions>
      <TPX xmlns="http://www.garmin.com/xmlschemas/ActivityExtension/v2">
      <ns3:Speed>
      1.5693395304391742
    </ns3:Speed><nax:Nax>
      <nax:Pace>
      10.620178962803898
    </nax:Pace><nax:Moments>
      <nax:Halt xsi:type="nax:Halt_t" action="auto_pause">
      
    </nax:Halt>
    </nax:Moments>
    </nax:Nax>
    </TPX>
    </Extensions>
    </Trackpoint>
<Trackpoint>
      <Time>
      2022-11-17T00:52:51.493Z
    </Time><DistanceMeters>
      2.879142528399825
    </DistanceMeters><Cadence>
      108.20194959640503
    </Cadence><SensorState>
      Present
    </SensorState><Extensions>
      <TPX xmlns="http://www.garmin.com/xmlschemas/ActivityExtension/v2">
      <nax:Nax>
      <nax:Moments>
      <nax:Halt xsi:type="nax:Halt_t" action="auto_pause">
      
    </nax:Halt>
    </nax:Moments>
    </nax:Nax>
    </TPX>
    </Extensions>
    </Trackpoint>
<Trackpoint>
      <Time>
      2022-11-17T00:52:52.152Z
    </Time><HeartRateBpm>
      <Value>
      126
    </Value>
    </HeartRateBpm><SensorState>
      Present
    </SensorState><Extensions>
      <TPX xmlns="http://www.garmin.com/xmlschemas/ActivityExtension/v2">
      <nax:Nax>
      <nax:Moments>
      <nax:Halt xsi:type="nax:Halt_t" action="auto_pause">
      
    </nax:Halt>
    </nax:Moments>
    </nax:Nax>
    </TPX>
    </Extensions>
    </Trackpoint>
<Trackpoint>
      <Time>
      2022-11-17T00:52:54.056Z
    </Time><SensorState>
      Present
    </SensorState><Extensions>
      <TPX xmlns="http://www.garmin.com/xmlschemas/ActivityExtension/v2">
      <ns3:Speed>
      1.5649542740270892
    </ns3:Speed><nax:Nax>
      <nax:Pace>
      10.649938431605682
    </nax:Pace><nax:Moments>
      <nax:Halt xsi:type="nax:Halt_t" action="auto_pause">
      
    </nax:Halt>
    </nax:Moments>
    </nax:Nax>
    </TPX>
    </Extensions>
    </Trackpoint>
<Trackpoint>
      <Time>
      2022-11-17T00:52:54.057Z
    </Time><DistanceMeters>
      2.4051897418685257
    </DistanceMeters><Cadence>
      108.20194959640503
    </Cadence><SensorState>
      Present
    </SensorState><Extensions>
      <TPX xmlns="http://www.garmin.com/xmlschemas/ActivityExtension/v2">
      <nax:Nax>
      <nax:Moments>
      <nax:Halt xsi:type="nax:Halt_t" action="auto_pause">
      
    </nax:Halt>
    </nax:Moments>
    </nax:Nax>
    </TPX>
    </Extensions>
    </Trackpoint>
<Trackpoint>
      <Time>
      2022-11-17T00:52:54.152Z
    </Time><HeartRateBpm>
      <Value>
      125
    </Value>
    </HeartRateBpm><SensorState>
      Present
    </SensorState><Extensions>
      <TPX xmlns="http://www.garmin.com/xmlschemas/ActivityExtension/v2">
      <nax:Nax>
      <nax:Moments>
      <nax:Halt xsi:type="nax:Halt_t" action="auto_pause">
      
    </nax:Halt>
    </nax:Moments>
    </nax:Nax>
    </TPX>
    </Extensions>
    </Trackpoint>
<Trackpoint>
      <Time>
      2022-11-17T00:52:56.622Z
    </Time><SensorState>
      Present
    </SensorState><Extensions>
      <TPX xmlns="http://www.garmin.com/xmlschemas/ActivityExtension/v2">
      <ns3:Speed>
      1.560611715941074
    </ns3:Speed><nax:Nax>
      <nax:Pace>
      10.679572949775274
    </nax:Pace><nax:Moments>
      <nax:Halt xsi:type="nax:Halt_t" action="auto_pause">
      
    </nax:Halt>
    </nax:Moments>
    </nax:Nax>
    </TPX>
    </Extensions>
    </Trackpoint>
<Trackpoint>
      <Time>
      2022-11-17T00:52:56.623Z
    </Time><DistanceMeters>
      2.313836690504104
    </DistanceMeters><Cadence>
      108.20194959640503
    </Cadence><SensorState>
      Present
    </SensorState><Extensions>
      <TPX xmlns="http://www.garmin.com/xmlschemas/ActivityExtension/v2">
      <nax:Nax>
      <nax:Moments>
      <nax:Halt xsi:type="nax:Halt_t" action="auto_pause">
      
    </nax:Halt>
    </nax:Moments>
    </nax:Nax>
    </TPX>
    </Extensions>
    </Trackpoint>
<Trackpoint>
      <Time>
      2022-11-17T00:52:59.000Z
    </Time><SensorState>
      Present
    </SensorState><Extensions>
      <TPX xmlns="http://www.garmin.com/xmlschemas/ActivityExtension/v2">
      <nax:Nax>
      <nax:NikeFuel>
      2.388970043892998
    </nax:NikeFuel><nax:Moments>
      <nax:Halt xsi:type="nax:Halt_t" action="auto_pause">
      
    </nax:Halt>
    </nax:Moments>
    </nax:Nax>
    </TPX>
    </Extensions>
    </Trackpoint>
<Trackpoint>
      <Time>
      2022-11-17T00:52:59.152Z
    </Time><HeartRateBpm>
      <Value>
      122
    </Value>
    </HeartRateBpm><SensorState>
      Present
    </SensorState><Extensions>
      <TPX xmlns="http://www.garmin.com/xmlschemas/ActivityExtension/v2">
      <nax:Nax>
      <nax:Moments>
      <nax:Halt xsi:type="nax:Halt_t" action="auto_pause">
      
    </nax:Halt>
    </nax:Moments>
    </nax:Nax>
    </TPX>
    </Extensions>
    </Trackpoint>
<Trackpoint>
      <Time>
      2022-11-17T00:52:59.188Z
    </Time><SensorState>
      Present
    </SensorState><Extensions>
      <TPX xmlns="http://www.garmin.com/xmlschemas/ActivityExtension/v2">
      <ns3:Speed>
      1.5657960139364147
    </ns3:Speed><nax:Nax>
      <nax:Pace>
      10.644213242545323
    </nax:Pace><nax:Moments>
      <nax:Halt xsi:type="nax:Halt_t" action="auto_pause">
      
    </nax:Halt>
    </nax:Moments>
    </nax:Nax>
    </TPX>
    </Extensions>
    </Trackpoint>
<Trackpoint>
      <Time>
      2022-11-17T00:52:59.189Z
    </Time><DistanceMeters>
      2.534387089777738
    </DistanceMeters><Cadence>
      110.46369552612305
    </Cadence><SensorState>
      Present
    </SensorState><Extensions>
      <TPX xmlns="http://www.garmin.com/xmlschemas/ActivityExtension/v2">
      <nax:Nax>
      <nax:Moments>
      <nax:Halt xsi:type="nax:Halt_t" action="auto_pause">
      
    </nax:Halt>
    </nax:Moments>
    </nax:Nax>
    </TPX>
    </Extensions>
    </Trackpoint>
<Trackpoint>
      <Time>
      2022-11-17T00:53:01.753Z
    </Time><SensorState>
      Present
    </SensorState><Extensions>
      <TPX xmlns="http://www.garmin.com/xmlschemas/ActivityExtension/v2">
      <ns3:Speed>
      1.5572967996148992
    </ns3:Speed><nax:Nax>
      <nax:Pace>
      10.702305861533993
    </nax:Pace><nax:Moments>
      <nax:Halt xsi:type="nax:Halt_t" action="auto_pause">
      
    </nax:Halt>
    </nax:Moments>
    </nax:Nax>
    </TPX>
    </Extensions>
    </Trackpoint>
<Trackpoint>
      <Time>
      2022-11-17T00:53:01.754Z
    </Time><DistanceMeters>
      1.926985600963235
    </DistanceMeters><Cadence>
      110.46369552612305
    </Cadence><SensorState>
      Present
    </SensorState><Extensions>
      <TPX xmlns="http://www.garmin.com/xmlschemas/ActivityExtension/v2">
      <nax:Nax>
      <nax:Moments>
      <nax:Halt xsi:type="nax:Halt_t" action="auto_pause">
      
    </nax:Halt>
    </nax:Moments>
    </nax:Nax>
    </TPX>
    </Extensions>
    </Trackpoint>
<Trackpoint>
      <Time>
      2022-11-17T00:53:02.000Z
    </Time><Position>
      <LatitudeDegrees>
      47.42903451110258
    </LatitudeDegrees><LongitudeDegrees>
      -122.29057343341543
    </LongitudeDegrees>
    </Position><AltitudeMeters>
      110.42425819300115
    </AltitudeMeters><SensorState>
      Present
    </SensorState><Extensions>
      <TPX xmlns="http://www.garmin.com/xmlschemas/ActivityExtension/v2">
      <nax:Nax>
      <nax:Moments>
      <nax:Halt xsi:type="nax:Halt_t" action="auto_pause">
      
    </nax:Halt>
    </nax:Moments>
    </nax:Nax>
    </TPX>
    </Extensions>
    </Trackpoint>
<Trackpoint>
      <Time>
      2022-11-17T00:53:04.318Z
    </Time><SensorState>
      Present
    </SensorState><Extensions>
      <TPX xmlns="http://www.garmin.com/xmlschemas/ActivityExtension/v2">
      <ns3:Speed>
      1.0007486522257514
    </ns3:Speed><nax:Nax>
      <nax:Pace>
      16.654198463918547
    </nax:Pace><nax:Moments>
      <nax:Halt xsi:type="nax:Halt_t" action="auto_pause">
      
    </nax:Halt>
    </nax:Moments>
    </nax:Nax>
    </TPX>
    </Extensions>
    </Trackpoint>
<Trackpoint>
      <Time>
      2022-11-17T00:53:04.319Z
    </Time><DistanceMeters>
      2.2642435864545405
    </DistanceMeters><Cadence>
      110.46369552612305
    </Cadence><SensorState>
      Present
    </SensorState><Extensions>
      <TPX xmlns="http://www.garmin.com/xmlschemas/ActivityExtension/v2">
      <nax:Nax>
      <nax:Moments>
      <nax:Halt xsi:type="nax:Halt_t" action="auto_pause">
      
    </nax:Halt>
    </nax:Moments>
    </nax:Nax>
    </TPX>
    </Extensions>
    </Trackpoint>
<Trackpoint>
      <Time>
      2022-11-17T00:53:04.320Z
    </Time><SensorState>
      Present
    </SensorState><Extensions>
      <TPX xmlns="http://www.garmin.com/xmlschemas/ActivityExtension/v2">
      <nax:Nax>
      <nax:Moments>
      <nax:Halt xsi:type="nax:Halt_t" action="auto_pause">
      
    </nax:Halt>
    </nax:Moments>
    </nax:Nax>
    </TPX>
    </Extensions>
    </Trackpoint>
<Trackpoint>
      <Time>
      2022-11-17T00:53:06.884Z
    </Time><SensorState>
      Present
    </SensorState><Extensions>
      <TPX xmlns="http://www.garmin.com/xmlschemas/ActivityExtension/v2">
      <ns3:Speed>
      0.9971779119441966
    </ns3:Speed><nax:Nax>
      <nax:Pace>
      16.71383457960043
    </nax:Pace><nax:Moments>
      <nax:Halt xsi:type="nax:Halt_t" action="auto_pause">
      
    </nax:Halt>
    </nax:Moments>
    </nax:Nax>
    </TPX>
    </Extensions>
    </Trackpoint>
<Trackpoint>
      <Time>
      2022-11-17T00:53:06.885Z
    </Time><DistanceMeters>
      2.534878894686699
    </DistanceMeters><Cadence>
      110.38503170013428
    </Cadence><SensorState>
      Present
    </SensorState><Extensions>
      <TPX xmlns="http://www.garmin.com/xmlschemas/ActivityExtension/v2">
      <nax:Nax>
      <nax:Moments>
      <nax:Halt xsi:type="nax:Halt_t" action="auto_pause">
      
    </nax:Halt>
    </nax:Moments>
    </nax:Nax>
    </TPX>
    </Extensions>
    </Trackpoint>
<Trackpoint>
      <Time>
      2022-11-17T00:53:06.886Z
    </Time><SensorState>
      Present
    </SensorState><Extensions>
      <TPX xmlns="http://www.garmin.com/xmlschemas/ActivityExtension/v2">
      <nax:Nax>
      <nax:Moments>
      <nax:Halt xsi:type="nax:Halt_t" action="auto_pause">
      
    </nax:Halt>
    </nax:Moments>
    </nax:Nax>
    </TPX>
    </Extensions>
    </Trackpoint>
<Trackpoint>
      <Time>
      2022-11-17T00:53:08.152Z
    </Time><HeartRateBpm>
      <Value>
      120
    </Value>
    </HeartRateBpm><SensorState>
      Present
    </SensorState><Extensions>
      <TPX xmlns="http://www.garmin.com/xmlschemas/ActivityExtension/v2">
      <nax:Nax>
      <nax:Moments>
      <nax:Halt xsi:type="nax:Halt_t" action="auto_pause">
      
    </nax:Halt>
    </nax:Moments>
    </nax:Nax>
    </TPX>
    </Extensions>
    </Trackpoint>
<Trackpoint>
      <Time>
      2022-11-17T00:53:09.000Z
    </Time><SensorState>
      Present
    </SensorState><Extensions>
      <TPX xmlns="http://www.garmin.com/xmlschemas/ActivityExtension/v2">
      <nax:Nax>
      <nax:NikeFuel>
      2.0342901347105933
    </nax:NikeFuel><nax:Moments>
      <nax:Halt xsi:type="nax:Halt_t" action="auto_pause">
      
    </nax:Halt>
    </nax:Moments>
    </nax:Nax>
    </TPX>
    </Extensions>
    </Trackpoint>
<Trackpoint>
      <Time>
      2022-11-17T00:53:09.449Z
    </Time><DistanceMeters>
      2.9722575987689197
    </DistanceMeters><SensorState>
      Present
    </SensorState><Extensions>
      <TPX xmlns="http://www.garmin.com/xmlschemas/ActivityExtension/v2">
      <ns3:Speed>
      0.9959114896340936
    </ns3:Speed><nax:Nax>
      <nax:Pace>
      16.73508824844479
    </nax:Pace><nax:Moments>
      <nax:Halt xsi:type="nax:Halt_t" action="auto_pause">
      
    </nax:Halt>
    </nax:Moments>
    </nax:Nax>
    </TPX>
    </Extensions>
    </Trackpoint>
<Trackpoint>
      <Time>
      2022-11-17T00:53:09.450Z
    </Time><Cadence>
      110.38503170013428
    </Cadence><SensorState>
      Present
    </SensorState><Extensions>
      <TPX xmlns="http://www.garmin.com/xmlschemas/ActivityExtension/v2">
      <nax:Nax>
      <nax:Moments>
      <nax:Halt xsi:type="nax:Halt_t" action="auto_pause">
      
    </nax:Halt>
    </nax:Moments>
    </nax:Nax>
    </TPX>
    </Extensions>
    </Trackpoint>
<Trackpoint>
      <Time>
      2022-11-17T00:53:09.451Z
    </Time><SensorState>
      Present
    </SensorState><Extensions>
      <TPX xmlns="http://www.garmin.com/xmlschemas/ActivityExtension/v2">
      <nax:Nax>
      <nax:Moments>
      <nax:Halt xsi:type="nax:Halt_t" action="auto_pause">
      
    </nax:Halt>
    </nax:Moments>
    </nax:Nax>
    </TPX>
    </Extensions>
    </Trackpoint>
<Trackpoint>
      <Time>
      2022-11-17T00:53:12.000Z
    </Time><Position>
      <LatitudeDegrees>
      47.42906827744246
    </LatitudeDegrees><LongitudeDegrees>
      -122.29045018738401
    </LongitudeDegrees>
    </Position><AltitudeMeters>
      110.2108800765127
    </AltitudeMeters><SensorState>
      Present
    </SensorState><Extensions>
      <TPX xmlns="http://www.garmin.com/xmlschemas/ActivityExtension/v2">
      <nax:Nax>
      <nax:Moments>
      <nax:Halt xsi:type="nax:Halt_t" action="auto_pause">
      
    </nax:Halt>
    </nax:Moments>
    </nax:Nax>
    </TPX>
    </Extensions>
    </Trackpoint>
<Trackpoint>
      <Time>
      2022-11-17T00:53:12.014Z
    </Time><DistanceMeters>
      2.607992608565837
    </DistanceMeters><SensorState>
      Present
    </SensorState><Extensions>
      <TPX xmlns="http://www.garmin.com/xmlschemas/ActivityExtension/v2">
      <ns3:Speed>
      1.0016939363246673
    </ns3:Speed><nax:Nax>
      <nax:Pace>
      16.63848213738682
    </nax:Pace><nax:Moments>
      <nax:Halt xsi:type="nax:Halt_t" action="auto_pause">
      
    </nax:Halt>
    </nax:Moments>
    </nax:Nax>
    </TPX>
    </Extensions>
    </Trackpoint>
<Trackpoint>
      <Time>
      2022-11-17T00:53:12.015Z
    </Time><Cadence>
      111.84234380722046
    </Cadence><SensorState>
      Present
    </SensorState><Extensions>
      <TPX xmlns="http://www.garmin.com/xmlschemas/ActivityExtension/v2">
      <nax:Nax>
      <nax:Moments>
      <nax:Halt xsi:type="nax:Halt_t" action="auto_pause">
      
    </nax:Halt>
    </nax:Moments>
    </nax:Nax>
    </TPX>
    </Extensions>
    </Trackpoint>
<Trackpoint>
      <Time>
      2022-11-17T00:53:12.152Z
    </Time><HeartRateBpm>
      <Value>
      119
    </Value>
    </HeartRateBpm><SensorState>
      Present
    </SensorState><Extensions>
      <TPX xmlns="http://www.garmin.com/xmlschemas/ActivityExtension/v2">
      <nax:Nax>
      <nax:Moments>
      <nax:Halt xsi:type="nax:Halt_t" action="auto_pause">
      
    </nax:Halt>
    </nax:Moments>
    </nax:Nax>
    </TPX>
    </Extensions>
    </Trackpoint>
<Trackpoint>
      <Time>
      2022-11-17T00:53:14.152Z
    </Time><HeartRateBpm>
      <Value>
      119
    </Value>
    </HeartRateBpm><SensorState>
      Present
    </SensorState><Extensions>
      <TPX xmlns="http://www.garmin.com/xmlschemas/ActivityExtension/v2">
      <nax:Nax>
      <nax:Moments>
      <nax:Halt xsi:type="nax:Halt_t" action="auto_pause">
      
    </nax:Halt>
    </nax:Moments>
    </nax:Nax>
    </TPX>
    </Extensions>
    </Trackpoint>
<Trackpoint>
      <Time>
      2022-11-17T00:53:14.580Z
    </Time><DistanceMeters>
      2.8807908152230084
    </DistanceMeters><SensorState>
      Present
    </SensorState><Extensions>
      <TPX xmlns="http://www.garmin.com/xmlschemas/ActivityExtension/v2">
      <ns3:Speed>
      1.0064290626965888
    </ns3:Speed><nax:Nax>
      <nax:Pace>
      16.560200101943217
    </nax:Pace><nax:Moments>
      <nax:Halt xsi:type="nax:Halt_t" action="auto_pause">
      
    </nax:Halt>
    </nax:Moments>
    </nax:Nax>
    </TPX>
    </Extensions>
    </Trackpoint>
<Trackpoint>
      <Time>
      2022-11-17T00:53:14.581Z
    </Time><Cadence>
      111.23003482818604
    </Cadence><SensorState>
      Present
    </SensorState><Extensions>
      <TPX xmlns="http://www.garmin.com/xmlschemas/ActivityExtension/v2">
      <nax:Nax>
      <nax:Moments>
      <nax:Halt xsi:type="nax:Halt_t" action="auto_pause">
      
    </nax:Halt>
    </nax:Moments>
    </nax:Nax>
    </TPX>
    </Extensions>
    </Trackpoint>
<Trackpoint>
      <Time>
      2022-11-17T00:53:17.145Z
    </Time><SensorState>
      Present
    </SensorState><Extensions>
      <TPX xmlns="http://www.garmin.com/xmlschemas/ActivityExtension/v2">
      <ns3:Speed>
      1.0103393065935105
    </ns3:Speed><nax:Nax>
      <nax:Pace>
      16.49610834488909
    </nax:Pace><nax:Moments>
      <nax:Halt xsi:type="nax:Halt_t" action="auto_pause">
      
    </nax:Halt>
    </nax:Moments>
    </nax:Nax>
    </TPX>
    </Extensions>
    </Trackpoint>
<Trackpoint>
      <Time>
      2022-11-17T00:53:17.146Z
    </Time><DistanceMeters>
      3.1114856940694153
    </DistanceMeters><Cadence>
      111.23003482818604
    </Cadence><SensorState>
      Present
    </SensorState><Extensions>
      <TPX xmlns="http://www.garmin.com/xmlschemas/ActivityExtension/v2">
      <nax:Nax>
      <nax:Moments>
      <nax:Halt xsi:type="nax:Halt_t" action="auto_pause">
      
    </nax:Halt>
    </nax:Moments>
    </nax:Nax>
    </TPX>
    </Extensions>
    </Trackpoint>
<Trackpoint>
      <Time>
      2022-11-17T00:53:19.000Z
    </Time><SensorState>
      Present
    </SensorState><Extensions>
      <TPX xmlns="http://www.garmin.com/xmlschemas/ActivityExtension/v2">
      <nax:Nax>
      <nax:NikeFuel>
      2.061940325659116
    </nax:NikeFuel><nax:Moments>
      <nax:Halt xsi:type="nax:Halt_t" action="auto_pause">
      
    </nax:Halt>
    </nax:Moments>
    </nax:Nax>
    </TPX>
    </Extensions>
    </Trackpoint>
<Trackpoint>
      <Time>
      2022-11-17T00:53:19.152Z
    </Time><HeartRateBpm>
      <Value>
      118
    </Value>
    </HeartRateBpm><SensorState>
      Present
    </SensorState><Extensions>
      <TPX xmlns="http://www.garmin.com/xmlschemas/ActivityExtension/v2">
      <nax:Nax>
      <nax:Moments>
      <nax:Halt xsi:type="nax:Halt_t" action="auto_pause">
      
    </nax:Halt>
    </nax:Moments>
    </nax:Nax>
    </TPX>
    </Extensions>
    </Trackpoint>
<Trackpoint>
      <Time>
      2022-11-17T00:53:19.711Z
    </Time><SensorState>
      Present
    </SensorState><Extensions>
      <TPX xmlns="http://www.garmin.com/xmlschemas/ActivityExtension/v2">
      <ns3:Speed>
      1.0164260318368639
    </ns3:Speed><nax:Nax>
      <nax:Pace>
      16.39732370544172
    </nax:Pace><nax:Moments>
      <nax:Halt xsi:type="nax:Halt_t" action="auto_pause">
      
    </nax:Halt>
    </nax:Moments>
    </nax:Nax>
    </TPX>
    </Extensions>
    </Trackpoint>
<Trackpoint>
      <Time>
      2022-11-17T00:53:19.712Z
    </Time><DistanceMeters>
      2.5937086292542517
    </DistanceMeters><Cadence>
      111.23003482818604
    </Cadence><SensorState>
      Present
    </SensorState><Extensions>
      <TPX xmlns="http://www.garmin.com/xmlschemas/ActivityExtension/v2">
      <nax:Nax>
      <nax:Moments>
      <nax:Halt xsi:type="nax:Halt_t" action="auto_pause">
      
    </nax:Halt>
    </nax:Moments>
    </nax:Nax>
    </TPX>
    </Extensions>
    </Trackpoint>
<Trackpoint>
      <Time>
      2022-11-17T00:53:21.000Z
    </Time><Position>
      <LatitudeDegrees>
      47.42911170939361
    </LatitudeDegrees><LongitudeDegrees>
      -122.29033084078903
    </LongitudeDegrees>
    </Position><AltitudeMeters>
      110.40978723019361
    </AltitudeMeters><SensorState>
      Present
    </SensorState><Extensions>
      <TPX xmlns="http://www.garmin.com/xmlschemas/ActivityExtension/v2">
      <nax:Nax>
      <nax:Moments>
      <nax:Halt xsi:type="nax:Halt_t" action="auto_pause">
      
    </nax:Halt>
    </nax:Moments>
    </nax:Nax>
    </TPX>
    </Extensions>
    </Trackpoint>
<Trackpoint>
      <Time>
      2022-11-17T00:53:22.276Z
    </Time><SensorState>
      Present
    </SensorState><Extensions>
      <TPX xmlns="http://www.garmin.com/xmlschemas/ActivityExtension/v2">
      <ns3:Speed>
      1.0259992778665528
    </ns3:Speed><nax:Nax>
      <nax:Pace>
      16.244325923233667
    </nax:Pace><nax:Moments>
      <nax:Halt xsi:type="nax:Halt_t" action="auto_pause">
      
    </nax:Halt>
    </nax:Moments>
    </nax:Nax>
    </TPX>
    </Extensions>
    </Trackpoint>
<Trackpoint>
      <Time>
      2022-11-17T00:53:22.277Z
    </Time><DistanceMeters>
      2.8317036340013146
    </DistanceMeters><Cadence>
      111.23003482818604
    </Cadence><SensorState>
      Present
    </SensorState><Extensions>
      <TPX xmlns="http://www.garmin.com/xmlschemas/ActivityExtension/v2">
      <nax:Nax>
      <nax:Moments>
      <nax:Halt xsi:type="nax:Halt_t" action="auto_pause">
      
    </nax:Halt>
    </nax:Moments>
    </nax:Nax>
    </TPX>
    </Extensions>
    </Trackpoint>
<Trackpoint>
      <Time>
      2022-11-17T00:53:24.152Z
    </Time><HeartRateBpm>
      <Value>
      117
    </Value>
    </HeartRateBpm><SensorState>
      Present
    </SensorState><Extensions>
      <TPX xmlns="http://www.garmin.com/xmlschemas/ActivityExtension/v2">
      <nax:Nax>
      <nax:Moments>
      <nax:Halt xsi:type="nax:Halt_t" action="auto_pause">
      
    </nax:Halt>
    </nax:Moments>
    </nax:Nax>
    </TPX>
    </Extensions>
    </Trackpoint>
<Trackpoint>
      <Time>
      2022-11-17T00:53:24.841Z
    </Time><SensorState>
      Present
    </SensorState><Extensions>
      <TPX xmlns="http://www.garmin.com/xmlschemas/ActivityExtension/v2">
      <ns3:Speed>
      1.0275903695606077
    </ns3:Speed><nax:Nax>
      <nax:Pace>
      16.219173671112983
    </nax:Pace><nax:Moments>
      <nax:Halt xsi:type="nax:Halt_t" action="auto_pause">
      
    </nax:Halt>
    </nax:Moments>
    </nax:Nax>
    </TPX>
    </Extensions>
    </Trackpoint>
<Trackpoint>
      <Time>
      2022-11-17T00:53:24.842Z
    </Time><DistanceMeters>
      5.345161599572748
    </DistanceMeters><Cadence>
      111.23003482818604
    </Cadence><SensorState>
      Present
    </SensorState><Extensions>
      <TPX xmlns="http://www.garmin.com/xmlschemas/ActivityExtension/v2">
      <nax:Nax>
      <nax:Moments>
      <nax:Halt xsi:type="nax:Halt_t" action="auto_pause">
      
    </nax:Halt>
    </nax:Moments>
    </nax:Nax>
    </TPX>
    </Extensions>
    </Trackpoint>
<Trackpoint>
      <Time>
      2022-11-17T00:53:24.843Z
    </Time><SensorState>
      Present
    </SensorState><Extensions>
      <TPX xmlns="http://www.garmin.com/xmlschemas/ActivityExtension/v2">
      <nax:Nax>
      <nax:Moments>
      <nax:Halt xsi:type="nax:Halt_t" action="auto_pause">
      
    </nax:Halt>
    </nax:Moments>
    </nax:Nax>
    </TPX>
    </Extensions>
    </Trackpoint>
<Trackpoint>
      <Time>
      2022-11-17T00:53:27.407Z
    </Time><SensorState>
      Present
    </SensorState><Extensions>
      <TPX xmlns="http://www.garmin.com/xmlschemas/ActivityExtension/v2">
      <ns3:Speed>
      1.0306301626260934
    </ns3:Speed><nax:Nax>
      <nax:Pace>
      16.171336014656536
    </nax:Pace><nax:Moments>
      <nax:Halt xsi:type="nax:Halt_t" action="auto_pause">
      
    </nax:Halt>
    </nax:Moments>
    </nax:Nax>
    </TPX>
    </Extensions>
    </Trackpoint>
<Trackpoint>
      <Time>
      2022-11-17T00:53:27.408Z
    </Time><DistanceMeters>
      4.845022291410714
    </DistanceMeters><Cadence>
      111.23003482818604
    </Cadence><SensorState>
      Present
    </SensorState><Extensions>
      <TPX xmlns="http://www.garmin.com/xmlschemas/ActivityExtension/v2">
      <nax:Nax>
      <nax:Moments>
      <nax:Halt xsi:type="nax:Halt_t" action="auto_pause">
      
    </nax:Halt>
    </nax:Moments>
    </nax:Nax>
    </TPX>
    </Extensions>
    </Trackpoint>
<Trackpoint>
      <Time>
      2022-11-17T00:53:28.000Z
    </Time><Position>
      <LatitudeDegrees>
      47.42917782046386
    </LatitudeDegrees><LongitudeDegrees>
      -122.2902264893886
    </LongitudeDegrees>
    </Position><AltitudeMeters>
      109.43041227664798
    </AltitudeMeters><SensorState>
      Present
    </SensorState><Extensions>
      <TPX xmlns="http://www.garmin.com/xmlschemas/ActivityExtension/v2">
      <nax:Nax>
      <nax:Moments>
      <nax:Halt xsi:type="nax:Halt_t" action="auto_pause">
      
    </nax:Halt>
    </nax:Moments>
    </nax:Nax>
    </TPX>
    </Extensions>
    </Trackpoint>
<Trackpoint>
      <Time>
      2022-11-17T00:53:29.000Z
    </Time><SensorState>
      Present
    </SensorState><Extensions>
      <TPX xmlns="http://www.garmin.com/xmlschemas/ActivityExtension/v2">
      <nax:Nax>
      <nax:NikeFuel>
      4.392148977252859
    </nax:NikeFuel><nax:Moments>
      <nax:Halt xsi:type="nax:Halt_t" action="auto_pause">
      
    </nax:Halt>
    </nax:Moments>
    </nax:Nax>
    </TPX>
    </Extensions>
    </Trackpoint>
<Trackpoint>
      <Time>
      2022-11-17T00:53:29.152Z
    </Time><HeartRateBpm>
      <Value>
      119
    </Value>
    </HeartRateBpm><SensorState>
      Present
    </SensorState><Extensions>
      <TPX xmlns="http://www.garmin.com/xmlschemas/ActivityExtension/v2">
      <nax:Nax>
      <nax:Moments>
      <nax:Halt xsi:type="nax:Halt_t" action="auto_pause">
      
    </nax:Halt>
    </nax:Moments>
    </nax:Nax>
    </TPX>
    </Extensions>
    </Trackpoint>
<Trackpoint>
      <Time>
      2022-11-17T00:53:29.972Z
    </Time><SensorState>
      Present
    </SensorState><Extensions>
      <TPX xmlns="http://www.garmin.com/xmlschemas/ActivityExtension/v2">
      <ns3:Speed>
      1.0358969743228386
    </ns3:Speed><nax:Nax>
      <nax:Pace>
      16.08911607987039
    </nax:Pace><nax:Moments>
      <nax:Halt xsi:type="nax:Halt_t" action="auto_pause">
      
    </nax:Halt>
    </nax:Moments>
    </nax:Nax>
    </TPX>
    </Extensions>
    </Trackpoint>
<Trackpoint>
      <Time>
      2022-11-17T00:53:29.973Z
    </Time><DistanceMeters>
      5.5751864477060735
    </DistanceMeters><Cadence>
      178.92189502716064
    </Cadence><SensorState>
      Present
    </SensorState><Extensions>
      <TPX xmlns="http://www.garmin.com/xmlschemas/ActivityExtension/v2">
      <nax:Nax>
      <nax:Moments>
      <nax:Halt xsi:type="nax:Halt_t" action="auto_pause">
      
    </nax:Halt>
    </nax:Moments>
    </nax:Nax>
    </TPX>
    </Extensions>
    </Trackpoint>
<Trackpoint>
      <Time>
      2022-11-17T00:53:32.537Z
    </Time><SensorState>
      Present
    </SensorState><Extensions>
      <TPX xmlns="http://www.garmin.com/xmlschemas/ActivityExtension/v2">
      <ns3:Speed>
      2.258925604662975
    </ns3:Speed><nax:Nax>
      <nax:Pace>
      7.378138807343894
    </nax:Pace><nax:Moments>
      <nax:Halt xsi:type="nax:Halt_t" action="auto_pause">
      
    </nax:Halt>
    </nax:Moments>
    </nax:Nax>
    </TPX>
    </Extensions>
    </Trackpoint>
<Trackpoint>
      <Time>
      2022-11-17T00:53:32.538Z
    </Time><DistanceMeters>
      4.163559388834983
    </DistanceMeters><Cadence>
      178.39613914489746
    </Cadence><SensorState>
      Present
    </SensorState><Extensions>
      <TPX xmlns="http://www.garmin.com/xmlschemas/ActivityExtension/v2">
      <nax:Nax>
      <nax:Moments>
      <nax:Halt xsi:type="nax:Halt_t" action="auto_pause">
      
    </nax:Halt>
    </nax:Moments>
    </nax:Nax>
    </TPX>
    </Extensions>
    </Trackpoint>
<Trackpoint>
      <Time>
      2022-11-17T00:53:33.000Z
    </Time><Position>
      <LatitudeDegrees>
      47.42926970520048
    </LatitudeDegrees><LongitudeDegrees>
      -122.29019931168746
    </LongitudeDegrees>
    </Position><AltitudeMeters>
      109.53326866775751
    </AltitudeMeters><SensorState>
      Present
    </SensorState><Extensions>
      <TPX xmlns="http://www.garmin.com/xmlschemas/ActivityExtension/v2">
      <nax:Nax>
      <nax:Moments>
      <nax:Halt xsi:type="nax:Halt_t" action="auto_pause">
      
    </nax:Halt>
    </nax:Moments>
    </nax:Nax>
    </TPX>
    </Extensions>
    </Trackpoint>
<Trackpoint>
      <Time>
      2022-11-17T00:53:34.152Z
    </Time><HeartRateBpm>
      <Value>
      124
    </Value>
    </HeartRateBpm><SensorState>
      Present
    </SensorState><Extensions>
      <TPX xmlns="http://www.garmin.com/xmlschemas/ActivityExtension/v2">
      <nax:Nax>
      <nax:Moments>
      <nax:Halt xsi:type="nax:Halt_t" action="auto_pause">
      
    </nax:Halt>
    </nax:Moments>
    </nax:Nax>
    </TPX>
    </Extensions>
    </Trackpoint>
<Trackpoint>
      <Time>
      2022-11-17T00:53:35.102Z
    </Time><SensorState>
      Present
    </SensorState><Extensions>
      <TPX xmlns="http://www.garmin.com/xmlschemas/ActivityExtension/v2">
      <ns3:Speed>
      2.24419700246516
    </ns3:Speed><nax:Nax>
      <nax:Pace>
      7.4265613261041725
    </nax:Pace><nax:Moments>
      <nax:Halt xsi:type="nax:Halt_t" action="auto_pause">
      
    </nax:Halt>
    </nax:Moments>
    </nax:Nax>
    </TPX>
    </Extensions>
    </Trackpoint>
<Trackpoint>
      <Time>
      2022-11-17T00:53:35.103Z
    </Time><DistanceMeters>
      5.755096995271742
    </DistanceMeters><Cadence>
      178.2102870941162
    </Cadence><SensorState>
      Present
    </SensorState><Extensions>
      <TPX xmlns="http://www.garmin.com/xmlschemas/ActivityExtension/v2">
      <nax:Nax>
      <nax:Moments>
      <nax:Halt xsi:type="nax:Halt_t" action="auto_pause">
      
    </nax:Halt>
    </nax:Moments>
    </nax:Nax>
    </TPX>
    </Extensions>
    </Trackpoint>
<Trackpoint>
      <Time>
      2022-11-17T00:53:35.104Z
    </Time><SensorState>
      Present
    </SensorState><Extensions>
      <TPX xmlns="http://www.garmin.com/xmlschemas/ActivityExtension/v2">
      <nax:Nax>
      <nax:Moments>
      <nax:Halt xsi:type="nax:Halt_t" action="auto_pause">
      
    </nax:Halt>
    </nax:Moments>
    </nax:Nax>
    </TPX>
    </Extensions>
    </Trackpoint>
<Trackpoint>
      <Time>
      2022-11-17T00:53:37.668Z
    </Time><SensorState>
      Present
    </SensorState><Extensions>
      <TPX xmlns="http://www.garmin.com/xmlschemas/ActivityExtension/v2">
      <ns3:Speed>
      2.242230433007967
    </ns3:Speed><nax:Nax>
      <nax:Pace>
      7.433074862117638
    </nax:Pace><nax:Moments>
      <nax:Halt xsi:type="nax:Halt_t" action="auto_pause">
      
    </nax:Halt>
    </nax:Moments>
    </nax:Nax>
    </TPX>
    </Extensions>
    </Trackpoint>
<Trackpoint>
      <Time>
      2022-11-17T00:53:37.669Z
    </Time><DistanceMeters>
      6.607281987089664
    </DistanceMeters><Cadence>
      179.2688226699829
    </Cadence><SensorState>
      Present
    </SensorState><Extensions>
      <TPX xmlns="http://www.garmin.com/xmlschemas/ActivityExtension/v2">
      <nax:Nax>
      <nax:Moments>
      <nax:Halt xsi:type="nax:Halt_t" action="auto_pause">
      
    </nax:Halt>
    </nax:Moments>
    </nax:Nax>
    </TPX>
    </Extensions>
    </Trackpoint>
<Trackpoint>
      <Time>
      2022-11-17T00:53:38.000Z
    </Time><Position>
      <LatitudeDegrees>
      47.42936840541736
    </LatitudeDegrees><LongitudeDegrees>
      -122.2901731393688
    </LongitudeDegrees>
    </Position><AltitudeMeters>
      109.78577060904354
    </AltitudeMeters><SensorState>
      Present
    </SensorState><Extensions>
      <TPX xmlns="http://www.garmin.com/xmlschemas/ActivityExtension/v2">
      <nax:Nax>
      <nax:AscentInMeters>
      3.1229422901757147
    </nax:AscentInMeters><nax:Moments>
      <nax:Halt xsi:type="nax:Halt_t" action="auto_pause">
      
    </nax:Halt>
    </nax:Moments>
    </nax:Nax>
    </TPX>
    </Extensions>
    </Trackpoint>
<Trackpoint>
      <Time>
      2022-11-17T00:53:39.000Z
    </Time><SensorState>
      Present
    </SensorState><Extensions>
      <TPX xmlns="http://www.garmin.com/xmlschemas/ActivityExtension/v2">
      <nax:Nax>
      <nax:NikeFuel>
      6.073667365585017
    </nax:NikeFuel><nax:Moments>
      <nax:Halt xsi:type="nax:Halt_t" action="auto_pause">
      
    </nax:Halt>
    </nax:Moments>
    </nax:Nax>
    </TPX>
    </Extensions>
    </Trackpoint>
<Trackpoint>
      <Time>
      2022-11-17T00:53:39.152Z
    </Time><HeartRateBpm>
      <Value>
      130
    </Value>
    </HeartRateBpm><SensorState>
      Present
    </SensorState><Extensions>
      <TPX xmlns="http://www.garmin.com/xmlschemas/ActivityExtension/v2">
      <nax:Nax>
      <nax:Moments>
      <nax:Halt xsi:type="nax:Halt_t" action="auto_pause">
      
    </nax:Halt>
    </nax:Moments>
    </nax:Nax>
    </TPX>
    </Extensions>
    </Trackpoint>
<Trackpoint>
      <Time>
      2022-11-17T00:53:40.224Z
    </Time><SensorState>
      Present
    </SensorState><Extensions>
      <TPX xmlns="http://www.garmin.com/xmlschemas/ActivityExtension/v2">
      <ns3:Speed>
      2.271175599988661
    </ns3:Speed><nax:Nax>
      <nax:Pace>
      7.338343484647281
    </nax:Pace><nax:Moments>
      <nax:Halt xsi:type="nax:Halt_t" action="auto_pause">
      
    </nax:Halt>
    </nax:Moments>
    </nax:Nax>
    </TPX>
    </Extensions>
    </Trackpoint>
<Trackpoint>
      <Time>
      2022-11-17T00:53:40.225Z
    </Time><DistanceMeters>
      6.674118549097329
    </DistanceMeters><Cadence>
      179.30213928222656
    </Cadence><SensorState>
      Present
    </SensorState><Extensions>
      <TPX xmlns="http://www.garmin.com/xmlschemas/ActivityExtension/v2">
      <nax:Nax>
      <nax:Moments>
      <nax:Halt xsi:type="nax:Halt_t" action="auto_pause">
      
    </nax:Halt>
    </nax:Moments>
    </nax:Nax>
    </TPX>
    </Extensions>
    </Trackpoint>
<Trackpoint>
      <Time>
      2022-11-17T00:53:41.999Z
    </Time><Position>
      <LatitudeDegrees>
      47.42945860609344
    </LatitudeDegrees><LongitudeDegrees>
      -122.29017403799895
    </LongitudeDegrees>
    </Position><AltitudeMeters>
      110.13221584726125
    </AltitudeMeters><SensorState>
      Present
    </SensorState><Extensions>
      <TPX xmlns="http://www.garmin.com/xmlschemas/ActivityExtension/v2">
      <nax:Nax>
      <nax:Moments>
      <nax:Halt xsi:type="nax:Halt_t" action="auto_pause">
      
    </nax:Halt>
    </nax:Moments>
    </nax:Nax>
    </TPX>
    </Extensions>
    </Trackpoint>
<Trackpoint>
      <Time>
      2022-11-17T00:53:42.779Z
    </Time><SensorState>
      Present
    </SensorState><Extensions>
      <TPX xmlns="http://www.garmin.com/xmlschemas/ActivityExtension/v2">
      <ns3:Speed>
      2.301464043402915
    </ns3:Speed><nax:Nax>
      <nax:Pace>
      7.241767132726326
    </nax:Pace><nax:Moments>
      <nax:Halt xsi:type="nax:Halt_t" action="auto_pause">
      
    </nax:Halt>
    </nax:Moments>
    </nax:Nax>
    </TPX>
    </Extensions>
    </Trackpoint>
<Trackpoint>
      <Time>
      2022-11-17T00:53:42.780Z
    </Time><DistanceMeters>
      7.563608174677938
    </DistanceMeters><Cadence>
      179.72272396087646
    </Cadence><SensorState>
      Present
    </SensorState><Extensions>
      <TPX xmlns="http://www.garmin.com/xmlschemas/ActivityExtension/v2">
      <nax:Nax>
      <nax:Moments>
      <nax:Halt xsi:type="nax:Halt_t" action="auto_pause">
      
    </nax:Halt>
    </nax:Moments>
    </nax:Nax>
    </TPX>
    </Extensions>
    </Trackpoint>
<Trackpoint>
      <Time>
      2022-11-17T00:53:44.152Z
    </Time><HeartRateBpm>
      <Value>
      134
    </Value>
    </HeartRateBpm><SensorState>
      Present
    </SensorState><Extensions>
      <TPX xmlns="http://www.garmin.com/xmlschemas/ActivityExtension/v2">
      <nax:Nax>
      <nax:Moments>
      <nax:Halt xsi:type="nax:Halt_t" action="auto_pause">
      
    </nax:Halt>
    </nax:Moments>
    </nax:Nax>
    </TPX>
    </Extensions>
    </Trackpoint>
<Trackpoint>
      <Time>
      2022-11-17T00:53:45.334Z
    </Time><SensorState>
      Present
    </SensorState><Extensions>
      <TPX xmlns="http://www.garmin.com/xmlschemas/ActivityExtension/v2">
      <ns3:Speed>
      2.3237505719166323
    </ns3:Speed><nax:Nax>
      <nax:Pace>
      7.172313099387418
    </nax:Pace><nax:Moments>
      <nax:Halt xsi:type="nax:Halt_t" action="auto_pause">
      
    </nax:Halt>
    </nax:Moments>
    </nax:Nax>
    </TPX>
    </Extensions>
    </Trackpoint>
<Trackpoint>
      <Time>
      2022-11-17T00:53:45.335Z
    </Time><DistanceMeters>
      6.332407117821276
    </DistanceMeters><Cadence>
      179.91292476654053
    </Cadence><SensorState>
      Present
    </SensorState><Extensions>
      <TPX xmlns="http://www.garmin.com/xmlschemas/ActivityExtension/v2">
      <nax:Nax>
      <nax:Moments>
      <nax:Halt xsi:type="nax:Halt_t" action="auto_pause">
      
    </nax:Halt>
    </nax:Moments>
    </nax:Nax>
    </TPX>
    </Extensions>
    </Trackpoint>
<Trackpoint>
      <Time>
      2022-11-17T00:53:45.999Z
    </Time><Position>
      <LatitudeDegrees>
      47.42956193622365
    </LatitudeDegrees><LongitudeDegrees>
      -122.2901787222365
    </LongitudeDegrees>
    </Position><AltitudeMeters>
      111.82533505838364
    </AltitudeMeters><SensorState>
      Present
    </SensorState><Extensions>
      <TPX xmlns="http://www.garmin.com/xmlschemas/ActivityExtension/v2">
      <nax:Nax>
      <nax:Moments>
      <nax:Halt xsi:type="nax:Halt_t" action="auto_pause">
      
    </nax:Halt>
    </nax:Moments>
    </nax:Nax>
    </TPX>
    </Extensions>
    </Trackpoint>
<Trackpoint>
      <Time>
      2022-11-17T00:53:47.889Z
    </Time><DistanceMeters>
      7.052136472426355
    </DistanceMeters><SensorState>
      Present
    </SensorState><Extensions>
      <TPX xmlns="http://www.garmin.com/xmlschemas/ActivityExtension/v2">
      <ns3:Speed>
      2.3132560906268775
    </ns3:Speed><nax:Nax>
      <nax:Pace>
      7.204851522578336
    </nax:Pace><nax:Moments>
      <nax:Halt xsi:type="nax:Halt_t" action="auto_pause">
      
    </nax:Halt>
    </nax:Moments>
    </nax:Nax>
    </TPX>
    </Extensions>
    </Trackpoint>
<Trackpoint>
      <Time>
      2022-11-17T00:53:47.890Z
    </Time><Cadence>
      180.01646518707275
    </Cadence><SensorState>
      Present
    </SensorState><Extensions>
      <TPX xmlns="http://www.garmin.com/xmlschemas/ActivityExtension/v2">
      <nax:Nax>
      <nax:Moments>
      <nax:Halt xsi:type="nax:Halt_t" action="auto_pause">
      
    </nax:Halt>
    </nax:Moments>
    </nax:Nax>
    </TPX>
    </Extensions>
    </Trackpoint>
<Trackpoint>
      <Time>
      2022-11-17T00:53:49.000Z
    </Time><SensorState>
      Present
    </SensorState><Extensions>
      <TPX xmlns="http://www.garmin.com/xmlschemas/ActivityExtension/v2">
      <nax:Nax>
      <nax:NikeFuel>
      6.394077251032954
    </nax:NikeFuel><nax:Moments>
      <nax:Halt xsi:type="nax:Halt_t" action="auto_pause">
      
    </nax:Halt>
    </nax:Moments>
    </nax:Nax>
    </TPX>
    </Extensions>
    </Trackpoint>
<Trackpoint>
      <Time>
      2022-11-17T00:53:49.999Z
    </Time><Position>
      <LatitudeDegrees>
      47.429655341362015
    </LatitudeDegrees><LongitudeDegrees>
      -122.29020901458993
    </LongitudeDegrees>
    </Position><AltitudeMeters>
      112.33451629057527
    </AltitudeMeters><SensorState>
      Present
    </SensorState><Extensions>
      <TPX xmlns="http://www.garmin.com/xmlschemas/ActivityExtension/v2">
      <nax:Nax>
      <nax:Moments>
      <nax:Halt xsi:type="nax:Halt_t" action="auto_pause">
      
    </nax:Halt>
    </nax:Moments>
    </nax:Nax>
    </TPX>
    </Extensions>
    </Trackpoint>
<Trackpoint>
      <Time>
      2022-11-17T00:53:50.444Z
    </Time><SensorState>
      Present
    </SensorState><Extensions>
      <TPX xmlns="http://www.garmin.com/xmlschemas/ActivityExtension/v2">
      <ns3:Speed>
      2.3050118364116488
    </ns3:Speed><nax:Nax>
      <nax:Pace>
      7.230620859896613
    </nax:Pace><nax:Moments>
      <nax:Halt xsi:type="nax:Halt_t" action="auto_pause">
      
    </nax:Halt>
    </nax:Moments>
    </nax:Nax>
    </TPX>
    </Extensions>
    </Trackpoint>
<Trackpoint>
      <Time>
      2022-11-17T00:53:50.445Z
    </Time><DistanceMeters>
      6.610574046615511
    </DistanceMeters><Cadence>
      179.81876850128174
    </Cadence><SensorState>
      Present
    </SensorState><Extensions>
      <TPX xmlns="http://www.garmin.com/xmlschemas/ActivityExtension/v2">
      <nax:Nax>
      <nax:Moments>
      <nax:Halt xsi:type="nax:Halt_t" action="auto_pause">
      
    </nax:Halt>
    </nax:Moments>
    </nax:Nax>
    </TPX>
    </Extensions>
    </Trackpoint>
<Trackpoint>
      <Time>
      2022-11-17T00:53:52.999Z
    </Time><SensorState>
      Present
    </SensorState><Extensions>
      <TPX xmlns="http://www.garmin.com/xmlschemas/ActivityExtension/v2">
      <ns3:Speed>
      2.3050837870751435
    </ns3:Speed><nax:Nax>
      <nax:Pace>
      7.230395163992947
    </nax:Pace><nax:Moments>
      <nax:Halt xsi:type="nax:Halt_t" action="auto_pause">
      
    </nax:Halt>
    </nax:Moments>
    </nax:Nax>
    </TPX>
    </Extensions>
    </Trackpoint>
<Trackpoint>
      <Time>
      2022-11-17T00:53:53.000Z
    </Time><DistanceMeters>
      5.72177485562861
    </DistanceMeters><Cadence>
      179.4374942779541
    </Cadence><SensorState>
      Present
    </SensorState><Extensions>
      <TPX xmlns="http://www.garmin.com/xmlschemas/ActivityExtension/v2">
      <nax:Nax>
      <nax:Moments>
      <nax:Halt xsi:type="nax:Halt_t" action="auto_pause">
      
    </nax:Halt>
    </nax:Moments>
    </nax:Nax>
    </TPX>
    </Extensions>
    </Trackpoint>
<Trackpoint>
      <Time>
      2022-11-17T00:53:53.152Z
    </Time><HeartRateBpm>
      <Value>
      142
    </Value>
    </HeartRateBpm><SensorState>
      Present
    </SensorState><Extensions>
      <TPX xmlns="http://www.garmin.com/xmlschemas/ActivityExtension/v2">
      <nax:Nax>
      <nax:Moments>
      <nax:Halt xsi:type="nax:Halt_t" action="auto_pause">
      
    </nax:Halt>
    </nax:Moments>
    </nax:Nax>
    </TPX>
    </Extensions>
    </Trackpoint>
<Trackpoint>
      <Time>
      2022-11-17T00:53:54.152Z
    </Time><HeartRateBpm>
      <Value>
      142
    </Value>
    </HeartRateBpm><SensorState>
      Present
    </SensorState><Extensions>
      <TPX xmlns="http://www.garmin.com/xmlschemas/ActivityExtension/v2">
      <nax:Nax>
      <nax:Moments>
      <nax:Halt xsi:type="nax:Halt_t" action="auto_pause">
      
    </nax:Halt>
    </nax:Moments>
    </nax:Nax>
    </TPX>
    </Extensions>
    </Trackpoint>
<Trackpoint>
      <Time>
      2022-11-17T00:53:54.999Z
    </Time><Position>
      <LatitudeDegrees>
      47.42974418335968
    </LatitudeDegrees><LongitudeDegrees>
      -122.29030155777646
    </LongitudeDegrees>
    </Position><AltitudeMeters>
      112.67265840806067
    </AltitudeMeters><SensorState>
      Present
    </SensorState><Extensions>
      <TPX xmlns="http://www.garmin.com/xmlschemas/ActivityExtension/v2">
      <nax:Nax>
      <nax:AscentInMeters>
      1.1295232304371865
    </nax:AscentInMeters><nax:Moments>
      <nax:Halt xsi:type="nax:Halt_t" action="auto_pause">
      
    </nax:Halt>
    </nax:Moments>
    </nax:Nax>
    </TPX>
    </Extensions>
    </Trackpoint>
<Trackpoint>
      <Time>
      2022-11-17T00:53:55.553Z
    </Time><SensorState>
      Present
    </SensorState><Extensions>
      <TPX xmlns="http://www.garmin.com/xmlschemas/ActivityExtension/v2">
      <ns3:Speed>
      2.586384647116679
    </ns3:Speed><nax:Nax>
      <nax:Pace>
      6.444001546810444
    </nax:Pace><nax:Moments>
      <nax:Halt xsi:type="nax:Halt_t" action="auto_pause">
      
    </nax:Halt>
    </nax:Moments>
    </nax:Nax>
    </TPX>
    </Extensions>
    </Trackpoint>
<Trackpoint>
      <Time>
      2022-11-17T00:53:55.554Z
    </Time><DistanceMeters>
      4.169794933870435
    </DistanceMeters><Cadence>
      179.4374942779541
    </Cadence><SensorState>
      Present
    </SensorState><Extensions>
      <TPX xmlns="http://www.garmin.com/xmlschemas/ActivityExtension/v2">
      <nax:Nax>
      <nax:Moments>
      <nax:Halt xsi:type="nax:Halt_t" action="auto_pause">
      
    </nax:Halt>
    </nax:Moments>
    </nax:Nax>
    </TPX>
    </Extensions>
    </Trackpoint>
<Trackpoint>
      <Time>
      2022-11-17T00:53:58.108Z
    </Time><SensorState>
      Present
    </SensorState><Extensions>
      <TPX xmlns="http://www.garmin.com/xmlschemas/ActivityExtension/v2">
      <ns3:Speed>
      2.5399393776216885
    </ns3:Speed><nax:Nax>
      <nax:Pace>
      6.561836401887968
    </nax:Pace><nax:Moments>
      <nax:Halt xsi:type="nax:Halt_t" action="auto_pause">
      
    </nax:Halt>
    </nax:Moments>
    </nax:Nax>
    </TPX>
    </Extensions>
    </Trackpoint>
<Trackpoint>
      <Time>
      2022-11-17T00:53:58.109Z
    </Time><DistanceMeters>
      3.8201008602045476
    </DistanceMeters><Cadence>
      179.4374942779541
    </Cadence><SensorState>
      Present
    </SensorState><Extensions>
      <TPX xmlns="http://www.garmin.com/xmlschemas/ActivityExtension/v2">
      <nax:Nax>
      <nax:Moments>
      <nax:Halt xsi:type="nax:Halt_t" action="auto_pause">
      
    </nax:Halt>
    </nax:Moments>
    </nax:Nax>
    </TPX>
    </Extensions>
    </Trackpoint>
<Trackpoint>
      <Time>
      2022-11-17T00:53:58.110Z
    </Time><SensorState>
      Present
    </SensorState><Extensions>
      <TPX xmlns="http://www.garmin.com/xmlschemas/ActivityExtension/v2">
      <nax:Nax>
      <nax:Moments>
      <nax:Halt xsi:type="nax:Halt_t" action="auto_pause">
      
    </nax:Halt>
    </nax:Moments>
    </nax:Nax>
    </TPX>
    </Extensions>
    </Trackpoint>
<Trackpoint>
      <Time>
      2022-11-17T00:53:59.000Z
    </Time><SensorState>
      Present
    </SensorState><Extensions>
      <TPX xmlns="http://www.garmin.com/xmlschemas/ActivityExtension/v2">
      <nax:Nax>
      <nax:NikeFuel>
      6.497808008279951
    </nax:NikeFuel><nax:Moments>
      <nax:Halt xsi:type="nax:Halt_t" action="auto_pause">
      
    </nax:Halt>
    </nax:Moments>
    </nax:Nax>
    </TPX>
    </Extensions>
    </Trackpoint>
<Trackpoint>
      <Time>
      2022-11-17T00:54:00.152Z
    </Time><HeartRateBpm>
      <Value>
      145
    </Value>
    </HeartRateBpm><SensorState>
      Present
    </SensorState><Extensions>
      <TPX xmlns="http://www.garmin.com/xmlschemas/ActivityExtension/v2">
      <nax:Nax>
      <nax:Moments>
      <nax:Halt xsi:type="nax:Halt_t" action="auto_pause">
      
    </nax:Halt>
    </nax:Moments>
    </nax:Nax>
    </TPX>
    </Extensions>
    </Trackpoint>
<Trackpoint>
      <Time>
      2022-11-17T00:54:00.663Z
    </Time><SensorState>
      Present
    </SensorState><Extensions>
      <TPX xmlns="http://www.garmin.com/xmlschemas/ActivityExtension/v2">
      <ns3:Speed>
      2.4767398307767987
    </ns3:Speed><nax:Nax>
      <nax:Pace>
      6.7292763089449625
    </nax:Pace><nax:Moments>
      <nax:Halt xsi:type="nax:Halt_t" action="auto_pause">
      
    </nax:Halt>
    </nax:Moments>
    </nax:Nax>
    </TPX>
    </Extensions>
    </Trackpoint>
<Trackpoint>
      <Time>
      2022-11-17T00:54:00.665Z
    </Time><SensorState>
      Present
    </SensorState><Extensions>
      <TPX xmlns="http://www.garmin.com/xmlschemas/ActivityExtension/v2">
      <nax:Nax>
      <nax:Moments>
      <nax:Halt xsi:type="nax:Halt_t" action="auto_pause">
      
    </nax:Halt>
    </nax:Moments>
    </nax:Nax>
    </TPX>
    </Extensions>
    </Trackpoint>
<Trackpoint>
      <Time>
      2022-11-17T00:54:01.999Z
    </Time><Position>
      <LatitudeDegrees>
      47.42974300724564
    </LatitudeDegrees><LongitudeDegrees>
      -122.29043756486135
    </LongitudeDegrees>
    </Position><AltitudeMeters>
      113.08539127930999
    </AltitudeMeters><SensorState>
      Present
    </SensorState><Extensions>
      <TPX xmlns="http://www.garmin.com/xmlschemas/ActivityExtension/v2">
      <nax:Nax>
      <nax:Moments>
      <nax:Halt xsi:type="nax:Halt_t" action="auto_pause">
      
    </nax:Halt>
    </nax:Moments>
    </nax:Nax>
    </TPX>
    </Extensions>
    </Trackpoint>
<Trackpoint>
      <Time>
      2022-11-17T00:54:03.218Z
    </Time><SensorState>
      Present
    </SensorState><Extensions>
      <TPX xmlns="http://www.garmin.com/xmlschemas/ActivityExtension/v2">
      <nax:Nax>
      <nax:Moments>
      <nax:Halt xsi:type="nax:Halt_t" action="auto_pause">
      
    </nax:Halt>
    </nax:Moments>
    </nax:Nax>
    </TPX>
    </Extensions>
    </Trackpoint>
<Trackpoint>
      <Time>
      2022-11-17T00:54:06.152Z
    </Time><HeartRateBpm>
      <Value>
      150
    </Value>
    </HeartRateBpm><SensorState>
      Present
    </SensorState><Extensions>
      <TPX xmlns="http://www.garmin.com/xmlschemas/ActivityExtension/v2">
      <nax:Nax>
      <nax:Moments>
      <nax:Halt xsi:type="nax:Halt_t" action="auto_pause">
      
    </nax:Halt>
    </nax:Moments>
    </nax:Nax>
    </TPX>
    </Extensions>
    </Trackpoint>
<Trackpoint>
      <Time>
      2022-11-17T00:54:09.152Z
    </Time><HeartRateBpm>
      <Value>
      150
    </Value>
    </HeartRateBpm><SensorState>
      Present
    </SensorState><Extensions>
      <TPX xmlns="http://www.garmin.com/xmlschemas/ActivityExtension/v2">
      <nax:Nax>
      <nax:Moments>
      <nax:Halt xsi:type="nax:Halt_t" action="auto_pause">
      
    </nax:Halt>
    </nax:Moments>
    </nax:Nax>
    </TPX>
    </Extensions>
    </Trackpoint>
    </Track><Notes>
      Mean Pace: 12.836535263960911 MKM
    </Notes>
    </Lap><Extensions>
      <nax:NAX>
      <nax:ActivityType>
      Running
    </nax:ActivityType><nax:Tags>
      <nax:Tag>
      <nax:Key>
      com.nike.name
    </nax:Key><nax:Value>
      Wednesday Afternoon Run
    </nax:Value><nax:Key>
      com.nike.running.goaltype
    </nax:Key><nax:Value>
      freeRun
    </nax:Value><nax:Key>
      com.nike.running.originalactivityid
    </nax:Key><nax:Value>
      779D582A-1D2C-4738-899C-4B5DFCC6F5AC
    </nax:Value><nax:Key>
      com.nike.running.recordingappversion
    </nax:Key><nax:Value>
      7.17.0
    </nax:Value><nax:Key>
      com.nike.running.recordingsource
    </nax:Key><nax:Value>
      watch
    </nax:Value><nax:Key>
      com.nike.running.syncappversion
    </nax:Key><nax:Value>
      7.17.0
    </nax:Value><nax:Key>
      com.nike.running.syncsource
    </nax:Key><nax:Value>
      watch
    </nax:Value><nax:Key>
      com.nike.temperature
    </nax:Key><nax:Value>
      7.24
    </nax:Value><nax:Key>
      com.nike.weather
    </nax:Key><nax:Value>
      clear-night
    </nax:Value><nax:Key>
      location
    </nax:Key><nax:Value>
      outdoors
    </nax:Value>
    </nax:Tag>
    </nax:Tags>
    </nax:NAX>
    </Extensions>
    </Activity>
    </Activities>
    </TrainingCenterDatabase>