<?xml version="1.0" encoding="utf-8"?>
<TrainingCenterDatabase xmlns="http://www.garmin.com/xmlschemas/TrainingCenterDatabase/v2" xmlns:ns3="http://www.garmin.com/xmlschemas/ActivityExtension/v2" xsi:schemaLocation="http://www.garmin.com/xmlschemas/TrainingCenterDatabase/v2 http://www.garmin.com/xmlschemas/TrainingCenterDatabasev2.xsd" xmlns:nax="https://www.nike.com/xmlschemas/NikeActivityExtension/v1" xmlns:xsi="http://www.w3.org/2001/XMLSchema-instance" xmlns:ns5="http://www.garmin.com/xmlschemas/ActivityGoals/v1" xmlns:ns2="http://www.garmin.com/xmlschemas/UserProfile/v2">
      <Activities>
      <Activity Sport="Running">
      <Id>
      2025-05-11T13:21:49.918Z
    </Id><Lap StartTime="2025-05-11T13:21:49.918Z">
      <TotalTimeSeconds>
      476.704
    </TotalTimeSeconds><DistanceMeters>
      903.1707580088404
    </DistanceMeters><MaximumSpeed>
      5.56659670607915
    </MaximumSpeed><Calories>
      36
    </Calories><Intensity>
      Active
    </Intensity><Cadence>
      121
    </Cadence><TriggerMethod>
      Manual
    </TriggerMethod><Track>
      <Trackpoint>
      <Time>
      2025-05-11T13:21:49.918Z
    </Time><DistanceMeters>
      7.59578393260017
    </DistanceMeters><Cadence>
      0
    </Cadence><SensorState>
      Present
    </SensorState><Extensions>
      <TPX xmlns="http://www.garmin.com/xmlschemas/ActivityExtension/v2">
      <nax:Nax>
      <nax:NikeFuel>
      0
    </nax:NikeFuel><nax:DescentInMeters>
      0.5099639892578125
    </nax:DescentInMeters><nax:Moments>
      <nax:Halt xsi:type="nax:Halt_t" action="auto_pause">
      
    </nax:Halt>
    </nax:Moments>
    </nax:Nax>
    </TPX>
    </Extensions>
    </Trackpoint>
<Trackpoint>
      <Time>
      2025-05-11T13:21:54.731Z
    </Time><SensorState>
      Present
    </SensorState><Extensions>
      <TPX xmlns="http://www.garmin.com/xmlschemas/ActivityExtension/v2">
      <nax:Nax>
      <nax:DescentInMeters>
      0.08984375
    </nax:DescentInMeters><nax:Moments>
      <nax:Halt xsi:type="nax:Halt_t" action="auto_pause">
      
    </nax:Halt>
    </nax:Moments>
    </nax:Nax>
    </TPX>
    </Extensions>
    </Trackpoint>
<Trackpoint>
      <Time>
      2025-05-11T13:21:55.790Z
    </Time><SensorState>
      Present
    </SensorState><Extensions>
      <TPX xmlns="http://www.garmin.com/xmlschemas/ActivityExtension/v2">
      <nax:Nax>
      <nax:DescentInMeters>
      0.0158538818359375
    </nax:DescentInMeters><nax:Moments>
      <nax:Halt xsi:type="nax:Halt_t" action="auto_pause">
      
    </nax:Halt>
    </nax:Moments>
    </nax:Nax>
    </TPX>
    </Extensions>
    </Trackpoint>
<Trackpoint>
      <Time>
      2025-05-11T13:21:56.849Z
    </Time><SensorState>
      Present
    </SensorState><Extensions>
      <TPX xmlns="http://www.garmin.com/xmlschemas/ActivityExtension/v2">
      <nax:Nax>
      <nax:AscentInMeters>
      0.02642822265625
    </nax:AscentInMeters><nax:DescentInMeters>
      0.058135986328125
    </nax:DescentInMeters><nax:Moments>
      <nax:Halt xsi:type="nax:Halt_t" action="auto_pause">
      
    </nax:Halt>
    </nax:Moments>
    </nax:Nax>
    </TPX>
    </Extensions>
    </Trackpoint>
<Trackpoint>
      <Time>
      2025-05-11T13:21:59.000Z
    </Time><SensorState>
      Present
    </SensorState><Extensions>
      <TPX xmlns="http://www.garmin.com/xmlschemas/ActivityExtension/v2">
      <nax:Nax>
      <nax:NikeFuel>
      0
    </nax:NikeFuel><nax:Moments>
      <nax:Halt xsi:type="nax:Halt_t" action="auto_pause">
      
    </nax:Halt>
    </nax:Moments>
    </nax:Nax>
    </TPX>
    </Extensions>
    </Trackpoint>
<Trackpoint>
      <Time>
      2025-05-11T13:22:01.085Z
    </Time><SensorState>
      Present
    </SensorState><Extensions>
      <TPX xmlns="http://www.garmin.com/xmlschemas/ActivityExtension/v2">
      <nax:Nax>
      <nax:AscentInMeters>
      0.005279541015625
    </nax:AscentInMeters><nax:Moments>
      <nax:Halt xsi:type="nax:Halt_t" action="auto_pause">
      
    </nax:Halt>
    </nax:Moments>
    </nax:Nax>
    </TPX>
    </Extensions>
    </Trackpoint>
<Trackpoint>
      <Time>
      2025-05-11T13:22:04.912Z
    </Time><SensorState>
      Present
    </SensorState><Extensions>
      <TPX xmlns="http://www.garmin.com/xmlschemas/ActivityExtension/v2">
      <ns3:Speed>
      0
    </ns3:Speed><nax:Nax>
      <nax:Moments>
      <nax:Halt xsi:type="nax:Halt_t" action="auto_pause">
      
    </nax:Halt>
    </nax:Moments>
    </nax:Nax>
    </TPX>
    </Extensions>
    </Trackpoint>
<Trackpoint>
      <Time>
      2025-05-11T13:22:04.913Z
    </Time><DistanceMeters>
      18.527959941653535
    </DistanceMeters><Cadence>
      0
    </Cadence><SensorState>
      Present
    </SensorState><Extensions>
      <TPX xmlns="http://www.garmin.com/xmlschemas/ActivityExtension/v2">
      <nax:Nax>
      <nax:Moments>
      <nax:Halt xsi:type="nax:Halt_t" action="auto_pause">
      
    </nax:Halt>
    </nax:Moments>
    </nax:Nax>
    </TPX>
    </Extensions>
    </Trackpoint>
<Trackpoint>
      <Time>
      2025-05-11T13:22:05.320Z
    </Time><SensorState>
      Present
    </SensorState><Extensions>
      <TPX xmlns="http://www.garmin.com/xmlschemas/ActivityExtension/v2">
      <nax:Nax>
      <nax:DescentInMeters>
      0.1294708251953125
    </nax:DescentInMeters><nax:Moments>
      <nax:Halt xsi:type="nax:Halt_t" action="auto_pause">
      
    </nax:Halt>
    </nax:Moments>
    </nax:Nax>
    </TPX>
    </Extensions>
    </Trackpoint>
<Trackpoint>
      <Time>
      2025-05-11T13:22:06.379Z
    </Time><SensorState>
      Present
    </SensorState><Extensions>
      <TPX xmlns="http://www.garmin.com/xmlschemas/ActivityExtension/v2">
      <nax:Nax>
      <nax:DescentInMeters>
      0.1638336181640625
    </nax:DescentInMeters><nax:Moments>
      <nax:Halt xsi:type="nax:Halt_t" action="auto_pause">
      
    </nax:Halt>
    </nax:Moments>
    </nax:Nax>
    </TPX>
    </Extensions>
    </Trackpoint>
<Trackpoint>
      <Time>
      2025-05-11T13:22:07.000Z
    </Time><Position>
      <LatitudeDegrees>
      47.42966665677563
    </LatitudeDegrees><LongitudeDegrees>
      -122.29017214159832
    </LongitudeDegrees>
    </Position><AltitudeMeters>
      115.04470744822174
    </AltitudeMeters><SensorState>
      Present
    </SensorState><Extensions>
      <TPX xmlns="http://www.garmin.com/xmlschemas/ActivityExtension/v2">
      <nax:Nax>
      <nax:Moments>
      <nax:Halt xsi:type="nax:Halt_t" action="auto_pause">
      
    </nax:Halt>
    </nax:Moments>
    </nax:Nax>
    </TPX>
    </Extensions>
    </Trackpoint>
<Trackpoint>
      <Time>
      2025-05-11T13:22:07.438Z
    </Time><SensorState>
      Present
    </SensorState><Extensions>
      <TPX xmlns="http://www.garmin.com/xmlschemas/ActivityExtension/v2">
      <nax:Nax>
      <nax:DescentInMeters>
      0.19024658203125
    </nax:DescentInMeters><nax:Moments>
      <nax:Halt xsi:type="nax:Halt_t" action="auto_pause">
      
    </nax:Halt>
    </nax:Moments>
    </nax:Nax>
    </TPX>
    </Extensions>
    </Trackpoint>
<Trackpoint>
      <Time>
      2025-05-11T13:22:08.497Z
    </Time><SensorState>
      Present
    </SensorState><Extensions>
      <TPX xmlns="http://www.garmin.com/xmlschemas/ActivityExtension/v2">
      <nax:Nax>
      <nax:DescentInMeters>
      0.2800750732421875
    </nax:DescentInMeters><nax:Moments>
      <nax:Halt xsi:type="nax:Halt_t" action="auto_pause">
      
    </nax:Halt>
    </nax:Moments>
    </nax:Nax>
    </TPX>
    </Extensions>
    </Trackpoint>
<Trackpoint>
      <Time>
      2025-05-11T13:22:09.000Z
    </Time><SensorState>
      Present
    </SensorState><Extensions>
      <TPX xmlns="http://www.garmin.com/xmlschemas/ActivityExtension/v2">
      <nax:Nax>
      <nax:NikeFuel>
      9.96772317391428
    </nax:NikeFuel><nax:Moments>
      <nax:Halt xsi:type="nax:Halt_t" action="auto_pause">
      
    </nax:Halt>
    </nax:Moments>
    </nax:Nax>
    </TPX>
    </Extensions>
    </Trackpoint>
<Trackpoint>
      <Time>
      2025-05-11T13:22:09.556Z
    </Time><SensorState>
      Present
    </SensorState><Extensions>
      <TPX xmlns="http://www.garmin.com/xmlschemas/ActivityExtension/v2">
      <nax:Nax>
      <nax:DescentInMeters>
      0.28009033203125
    </nax:DescentInMeters><nax:Moments>
      <nax:Halt xsi:type="nax:Halt_t" action="auto_pause">
      
    </nax:Halt>
    </nax:Moments>
    </nax:Nax>
    </TPX>
    </Extensions>
    </Trackpoint>
<Trackpoint>
      <Time>
      2025-05-11T13:22:10.000Z
    </Time><Position>
      <LatitudeDegrees>
      47.429540096092346
    </LatitudeDegrees><LongitudeDegrees>
      -122.29018503915721
    </LongitudeDegrees>
    </Position><AltitudeMeters>
      115.18435007706285
    </AltitudeMeters><SensorState>
      Present
    </SensorState><Extensions>
      <TPX xmlns="http://www.garmin.com/xmlschemas/ActivityExtension/v2">
      <nax:Nax>
      <nax:Moments>
      <nax:Halt xsi:type="nax:Halt_t" action="auto_pause">
      
    </nax:Halt>
    </nax:Moments>
    </nax:Nax>
    </TPX>
    </Extensions>
    </Trackpoint>
<Trackpoint>
      <Time>
      2025-05-11T13:22:10.023Z
    </Time><SensorState>
      Present
    </SensorState><Extensions>
      <TPX xmlns="http://www.garmin.com/xmlschemas/ActivityExtension/v2">
      <ns3:Speed>
      0
    </ns3:Speed><nax:Nax>
      <nax:Moments>
      <nax:Halt xsi:type="nax:Halt_t" action="auto_pause">
      
    </nax:Halt>
    </nax:Moments>
    </nax:Nax>
    </TPX>
    </Extensions>
    </Trackpoint>
<Trackpoint>
      <Time>
      2025-05-11T13:22:10.024Z
    </Time><DistanceMeters>
      14.15624267118983
    </DistanceMeters><Cadence>
      207.28431701660156
    </Cadence><SensorState>
      Present
    </SensorState><Extensions>
      <TPX xmlns="http://www.garmin.com/xmlschemas/ActivityExtension/v2">
      <nax:Nax>
      <nax:Moments>
      <nax:Halt xsi:type="nax:Halt_t" action="auto_pause">
      
    </nax:Halt>
    </nax:Moments>
    </nax:Nax>
    </TPX>
    </Extensions>
    </Trackpoint>
<Trackpoint>
      <Time>
      2025-05-11T13:22:10.615Z
    </Time><SensorState>
      Present
    </SensorState><Extensions>
      <TPX xmlns="http://www.garmin.com/xmlschemas/ActivityExtension/v2">
      <nax:Nax>
      <nax:DescentInMeters>
      0.2880096435546875
    </nax:DescentInMeters><nax:Moments>
      <nax:Halt xsi:type="nax:Halt_t" action="auto_pause">
      
    </nax:Halt>
    </nax:Moments>
    </nax:Nax>
    </TPX>
    </Extensions>
    </Trackpoint>
<Trackpoint>
      <Time>
      2025-05-11T13:22:11.674Z
    </Time><SensorState>
      Present
    </SensorState><Extensions>
      <TPX xmlns="http://www.garmin.com/xmlschemas/ActivityExtension/v2">
      <nax:Nax>
      <nax:DescentInMeters>
      0.3144378662109375
    </nax:DescentInMeters><nax:Moments>
      <nax:Halt xsi:type="nax:Halt_t" action="auto_pause">
      
    </nax:Halt>
    </nax:Moments>
    </nax:Nax>
    </TPX>
    </Extensions>
    </Trackpoint>
<Trackpoint>
      <Time>
      2025-05-11T13:22:12.000Z
    </Time><Position>
      <LatitudeDegrees>
      47.42942926665866
    </LatitudeDegrees><LongitudeDegrees>
      -122.2901788308823
    </LongitudeDegrees>
    </Position><AltitudeMeters>
      114.94478201121092
    </AltitudeMeters><SensorState>
      Present
    </SensorState><Extensions>
      <TPX xmlns="http://www.garmin.com/xmlschemas/ActivityExtension/v2">
      <nax:Nax>
      <nax:Moments>
      <nax:Halt xsi:type="nax:Halt_t" action="auto_pause">
      
    </nax:Halt>
    </nax:Moments>
    </nax:Nax>
    </TPX>
    </Extensions>
    </Trackpoint>
<Trackpoint>
      <Time>
      2025-05-11T13:22:12.578Z
    </Time><SensorState>
      Present
    </SensorState><Extensions>
      <TPX xmlns="http://www.garmin.com/xmlschemas/ActivityExtension/v2">
      <ns3:Speed>
      5.203903643739843
    </ns3:Speed><nax:Nax>
      <nax:Pace>
      3.202723917979577
    </nax:Pace><nax:Moments>
      <nax:Halt xsi:type="nax:Halt_t" action="auto_pause">
      
    </nax:Halt>
    </nax:Moments>
    </nax:Nax>
    </TPX>
    </Extensions>
    </Trackpoint>
<Trackpoint>
      <Time>
      2025-05-11T13:22:12.579Z
    </Time><DistanceMeters>
      13.614913795725442
    </DistanceMeters><Cadence>
      207.28431701660156
    </Cadence><SensorState>
      Present
    </SensorState><Extensions>
      <TPX xmlns="http://www.garmin.com/xmlschemas/ActivityExtension/v2">
      <nax:Nax>
      <nax:Moments>
      <nax:Halt xsi:type="nax:Halt_t" action="auto_pause">
      
    </nax:Halt>
    </nax:Moments>
    </nax:Nax>
    </TPX>
    </Extensions>
    </Trackpoint>
<Trackpoint>
      <Time>
      2025-05-11T13:22:12.733Z
    </Time><SensorState>
      Present
    </SensorState><Extensions>
      <TPX xmlns="http://www.garmin.com/xmlschemas/ActivityExtension/v2">
      <nax:Nax>
      <nax:DescentInMeters>
      0.2510223388671875
    </nax:DescentInMeters><nax:Moments>
      <nax:Halt xsi:type="nax:Halt_t" action="auto_pause">
      
    </nax:Halt>
    </nax:Moments>
    </nax:Nax>
    </TPX>
    </Extensions>
    </Trackpoint>
<Trackpoint>
      <Time>
      2025-05-11T13:22:13.791Z
    </Time><SensorState>
      Present
    </SensorState><Extensions>
      <TPX xmlns="http://www.garmin.com/xmlschemas/ActivityExtension/v2">
      <nax:Nax>
      <nax:DescentInMeters>
      0.285369873046875
    </nax:DescentInMeters><nax:Moments>
      <nax:Halt xsi:type="nax:Halt_t" action="auto_pause">
      
    </nax:Halt>
    </nax:Moments>
    </nax:Nax>
    </TPX>
    </Extensions>
    </Trackpoint>
<Trackpoint>
      <Time>
      2025-05-11T13:22:14.850Z
    </Time><SensorState>
      Present
    </SensorState><Extensions>
      <TPX xmlns="http://www.garmin.com/xmlschemas/ActivityExtension/v2">
      <nax:Nax>
      <nax:DescentInMeters>
      0.2457427978515625
    </nax:DescentInMeters><nax:Moments>
      <nax:Halt xsi:type="nax:Halt_t" action="auto_pause">
      
    </nax:Halt>
    </nax:Moments>
    </nax:Nax>
    </TPX>
    </Extensions>
    </Trackpoint>
<Trackpoint>
      <Time>
      2025-05-11T13:22:15.000Z
    </Time><Position>
      <LatitudeDegrees>
      47.42931002657409
    </LatitudeDegrees><LongitudeDegrees>
      -122.29017468993969
    </LongitudeDegrees>
    </Position><AltitudeMeters>
      114.5039224140346
    </AltitudeMeters><SensorState>
      Present
    </SensorState><Extensions>
      <TPX xmlns="http://www.garmin.com/xmlschemas/ActivityExtension/v2">
      <nax:Nax>
      <nax:Moments>
      <nax:Halt xsi:type="nax:Halt_t" action="auto_pause">
      
    </nax:Halt>
    </nax:Moments>
    </nax:Nax>
    </TPX>
    </Extensions>
    </Trackpoint>
<Trackpoint>
      <Time>
      2025-05-11T13:22:15.133Z
    </Time><DistanceMeters>
      8.552353590610437
    </DistanceMeters><SensorState>
      Present
    </SensorState><Extensions>
      <TPX xmlns="http://www.garmin.com/xmlschemas/ActivityExtension/v2">
      <ns3:Speed>
      5.203903643739843
    </ns3:Speed><nax:Nax>
      <nax:Pace>
      3.202723917979577
    </nax:Pace><nax:Moments>
      <nax:Halt xsi:type="nax:Halt_t" action="auto_pause">
      
    </nax:Halt>
    </nax:Moments>
    </nax:Nax>
    </TPX>
    </Extensions>
    </Trackpoint>
<Trackpoint>
      <Time>
      2025-05-11T13:22:15.134Z
    </Time><Cadence>
      207.28431701660156
    </Cadence><SensorState>
      Present
    </SensorState><Extensions>
      <TPX xmlns="http://www.garmin.com/xmlschemas/ActivityExtension/v2">
      <nax:Nax>
      <nax:Moments>
      <nax:Halt xsi:type="nax:Halt_t" action="auto_pause">
      
    </nax:Halt>
    </nax:Moments>
    </nax:Nax>
    </TPX>
    </Extensions>
    </Trackpoint>
<Trackpoint>
      <Time>
      2025-05-11T13:22:15.909Z
    </Time><SensorState>
      Present
    </SensorState><Extensions>
      <TPX xmlns="http://www.garmin.com/xmlschemas/ActivityExtension/v2">
      <nax:Nax>
      <nax:DescentInMeters>
      0.1928863525390625
    </nax:DescentInMeters><nax:Moments>
      <nax:Halt xsi:type="nax:Halt_t" action="auto_pause">
      
    </nax:Halt>
    </nax:Moments>
    </nax:Nax>
    </TPX>
    </Extensions>
    </Trackpoint>
<Trackpoint>
      <Time>
      2025-05-11T13:22:16.968Z
    </Time><SensorState>
      Present
    </SensorState><Extensions>
      <TPX xmlns="http://www.garmin.com/xmlschemas/ActivityExtension/v2">
      <nax:Nax>
      <nax:DescentInMeters>
      0.1426849365234375
    </nax:DescentInMeters><nax:Moments>
      <nax:Halt xsi:type="nax:Halt_t" action="auto_pause">
      
    </nax:Halt>
    </nax:Moments>
    </nax:Nax>
    </TPX>
    </Extensions>
    </Trackpoint>
<Trackpoint>
      <Time>
      2025-05-11T13:22:17.688Z
    </Time><SensorState>
      Present
    </SensorState><Extensions>
      <TPX xmlns="http://www.garmin.com/xmlschemas/ActivityExtension/v2">
      <ns3:Speed>
      5.203903643739843
    </ns3:Speed><nax:Nax>
      <nax:Pace>
      3.202723917979577
    </nax:Pace><nax:Moments>
      <nax:Halt xsi:type="nax:Halt_t" action="auto_pause">
      
    </nax:Halt>
    </nax:Moments>
    </nax:Nax>
    </TPX>
    </Extensions>
    </Trackpoint>
<Trackpoint>
      <Time>
      2025-05-11T13:22:17.689Z
    </Time><DistanceMeters>
      4.807785546639934
    </DistanceMeters><Cadence>
      207.28431701660156
    </Cadence><SensorState>
      Present
    </SensorState><Extensions>
      <TPX xmlns="http://www.garmin.com/xmlschemas/ActivityExtension/v2">
      <nax:Nax>
      <nax:Moments>
      <nax:Halt xsi:type="nax:Halt_t" action="auto_pause">
      
    </nax:Halt>
    </nax:Moments>
    </nax:Nax>
    </TPX>
    </Extensions>
    </Trackpoint>
<Trackpoint>
      <Time>
      2025-05-11T13:22:18.027Z
    </Time><SensorState>
      Present
    </SensorState><Extensions>
      <TPX xmlns="http://www.garmin.com/xmlschemas/ActivityExtension/v2">
      <nax:Nax>
      <nax:DescentInMeters>
      0.1162567138671875
    </nax:DescentInMeters><nax:Moments>
      <nax:Halt xsi:type="nax:Halt_t" action="auto_pause">
      
    </nax:Halt>
    </nax:Moments>
    </nax:Nax>
    </TPX>
    </Extensions>
    </Trackpoint>
<Trackpoint>
      <Time>
      2025-05-11T13:22:19.000Z
    </Time><SensorState>
      Present
    </SensorState><Extensions>
      <TPX xmlns="http://www.garmin.com/xmlschemas/ActivityExtension/v2">
      <nax:Nax>
      <nax:NikeFuel>
      5.911982177497105
    </nax:NikeFuel><nax:Moments>
      <nax:Halt xsi:type="nax:Halt_t" action="auto_pause">
      
    </nax:Halt>
    </nax:Moments>
    </nax:Nax>
    </TPX>
    </Extensions>
    </Trackpoint>
<Trackpoint>
      <Time>
      2025-05-11T13:22:19.086Z
    </Time><SensorState>
      Present
    </SensorState><Extensions>
      <TPX xmlns="http://www.garmin.com/xmlschemas/ActivityExtension/v2">
      <nax:Nax>
      <nax:DescentInMeters>
      0.076629638671875
    </nax:DescentInMeters><nax:Moments>
      <nax:Halt xsi:type="nax:Halt_t" action="auto_pause">
      
    </nax:Halt>
    </nax:Moments>
    </nax:Nax>
    </TPX>
    </Extensions>
    </Trackpoint>
<Trackpoint>
      <Time>
      2025-05-11T13:22:20.000Z
    </Time><Position>
      <LatitudeDegrees>
      47.42921768351673
    </LatitudeDegrees><LongitudeDegrees>
      -122.29018691542753
    </LongitudeDegrees>
    </Position><AltitudeMeters>
      112.6943006273359
    </AltitudeMeters><SensorState>
      Present
    </SensorState><Extensions>
      <TPX xmlns="http://www.garmin.com/xmlschemas/ActivityExtension/v2">
      <nax:Nax>
      <nax:Moments>
      <nax:Halt xsi:type="nax:Halt_t" action="auto_pause">
      
    </nax:Halt>
    </nax:Moments>
    </nax:Nax>
    </TPX>
    </Extensions>
    </Trackpoint>
<Trackpoint>
      <Time>
      2025-05-11T13:22:20.145Z
    </Time><SensorState>
      Present
    </SensorState><Extensions>
      <TPX xmlns="http://www.garmin.com/xmlschemas/ActivityExtension/v2">
      <nax:Nax>
      <nax:DescentInMeters>
      0.0290679931640625
    </nax:DescentInMeters><nax:Moments>
      <nax:Halt xsi:type="nax:Halt_t" action="auto_pause">
      
    </nax:Halt>
    </nax:Moments>
    </nax:Nax>
    </TPX>
    </Extensions>
    </Trackpoint>
<Trackpoint>
      <Time>
      2025-05-11T13:22:20.243Z
    </Time><SensorState>
      Present
    </SensorState><Extensions>
      <TPX xmlns="http://www.garmin.com/xmlschemas/ActivityExtension/v2">
      <ns3:Speed>
      5.203903643739843
    </ns3:Speed><nax:Nax>
      <nax:Pace>
      3.202723917979577
    </nax:Pace><nax:Moments>
      <nax:Halt xsi:type="nax:Halt_t" action="auto_pause">
      
    </nax:Halt>
    </nax:Moments>
    </nax:Nax>
    </TPX>
    </Extensions>
    </Trackpoint>
<Trackpoint>
      <Time>
      2025-05-11T13:22:20.244Z
    </Time><DistanceMeters>
      0.752013840014115
    </DistanceMeters><Cadence>
      120.226149559021
    </Cadence><SensorState>
      Present
    </SensorState><Extensions>
      <TPX xmlns="http://www.garmin.com/xmlschemas/ActivityExtension/v2">
      <nax:Nax>
      <nax:Moments>
      <nax:Halt xsi:type="nax:Halt_t" action="auto_pause">
      
    </nax:Halt>
    </nax:Moments>
    </nax:Nax>
    </TPX>
    </Extensions>
    </Trackpoint>
<Trackpoint>
      <Time>
      2025-05-11T13:22:21.204Z
    </Time><SensorState>
      Present
    </SensorState><Extensions>
      <TPX xmlns="http://www.garmin.com/xmlschemas/ActivityExtension/v2">
      <nax:Nax>
      <nax:DescentInMeters>
      0.0369873046875
    </nax:DescentInMeters><nax:Moments>
      <nax:Halt xsi:type="nax:Halt_t" action="auto_pause">
      
    </nax:Halt>
    </nax:Moments>
    </nax:Nax>
    </TPX>
    </Extensions>
    </Trackpoint>
<Trackpoint>
      <Time>
      2025-05-11T13:22:22.263Z
    </Time><SensorState>
      Present
    </SensorState><Extensions>
      <TPX xmlns="http://www.garmin.com/xmlschemas/ActivityExtension/v2">
      <nax:Nax>
      <nax:DescentInMeters>
      0.0026397705078125
    </nax:DescentInMeters><nax:Moments>
      <nax:Halt xsi:type="nax:Halt_t" action="auto_pause">
      
    </nax:Halt>
    </nax:Moments>
    </nax:Nax>
    </TPX>
    </Extensions>
    </Trackpoint>
<Trackpoint>
      <Time>
      2025-05-11T13:22:22.798Z
    </Time><SensorState>
      Present
    </SensorState><Extensions>
      <TPX xmlns="http://www.garmin.com/xmlschemas/ActivityExtension/v2">
      <ns3:Speed>
      1.246640792542729
    </ns3:Speed><nax:Nax>
      <nax:Pace>
      13.369261431492433
    </nax:Pace><nax:Moments>
      <nax:Halt xsi:type="nax:Halt_t" action="auto_pause">
      
    </nax:Halt>
    </nax:Moments>
    </nax:Nax>
    </TPX>
    </Extensions>
    </Trackpoint>
<Trackpoint>
      <Time>
      2025-05-11T13:22:22.799Z
    </Time><DistanceMeters>
      2.205209795385599
    </DistanceMeters><Cadence>
      120.226149559021
    </Cadence><SensorState>
      Present
    </SensorState><Extensions>
      <TPX xmlns="http://www.garmin.com/xmlschemas/ActivityExtension/v2">
      <nax:Nax>
      <nax:Moments>
      <nax:Halt xsi:type="nax:Halt_t" action="auto_pause">
      
    </nax:Halt>
    </nax:Moments>
    </nax:Nax>
    </TPX>
    </Extensions>
    </Trackpoint>
<Trackpoint>
      <Time>
      2025-05-11T13:22:25.354Z
    </Time><SensorState>
      Present
    </SensorState><Extensions>
      <TPX xmlns="http://www.garmin.com/xmlschemas/ActivityExtension/v2">
      <ns3:Speed>
      1.246640792542729
    </ns3:Speed><nax:Nax>
      <nax:Pace>
      13.369261431492433
    </nax:Pace><nax:Moments>
      <nax:Halt xsi:type="nax:Halt_t" action="auto_pause">
      
    </nax:Halt>
    </nax:Moments>
    </nax:Nax>
    </TPX>
    </Extensions>
    </Trackpoint>
<Trackpoint>
      <Time>
      2025-05-11T13:22:25.355Z
    </Time><DistanceMeters>
      1.6670636357739568
    </DistanceMeters><Cadence>
      120.226149559021
    </Cadence><SensorState>
      Present
    </SensorState><Extensions>
      <TPX xmlns="http://www.garmin.com/xmlschemas/ActivityExtension/v2">
      <nax:Nax>
      <nax:Moments>
      <nax:Halt xsi:type="nax:Halt_t" action="auto_pause">
      
    </nax:Halt>
    </nax:Moments>
    </nax:Nax>
    </TPX>
    </Extensions>
    </Trackpoint>
<Trackpoint>
      <Time>
      2025-05-11T13:22:26.499Z
    </Time><SensorState>
      Present
    </SensorState><Extensions>
      <TPX xmlns="http://www.garmin.com/xmlschemas/ActivityExtension/v2">
      <nax:Nax>
      <nax:AscentInMeters>
      0.005279541015625
    </nax:AscentInMeters><nax:Moments>
      <nax:Halt xsi:type="nax:Halt_t" action="auto_pause">
      
    </nax:Halt>
    </nax:Moments>
    </nax:Nax>
    </TPX>
    </Extensions>
    </Trackpoint>
<Trackpoint>
      <Time>
      2025-05-11T13:22:27.558Z
    </Time><SensorState>
      Present
    </SensorState><Extensions>
      <TPX xmlns="http://www.garmin.com/xmlschemas/ActivityExtension/v2">
      <nax:Nax>
      <nax:AscentInMeters>
      0.0052947998046875
    </nax:AscentInMeters><nax:Moments>
      <nax:Halt xsi:type="nax:Halt_t" action="auto_pause">
      
    </nax:Halt>
    </nax:Moments>
    </nax:Nax>
    </TPX>
    </Extensions>
    </Trackpoint>
<Trackpoint>
      <Time>
      2025-05-11T13:22:27.909Z
    </Time><DistanceMeters>
      0.36744398169685155
    </DistanceMeters><SensorState>
      Present
    </SensorState><Extensions>
      <TPX xmlns="http://www.garmin.com/xmlschemas/ActivityExtension/v2">
      <ns3:Speed>
      1.246640792542729
    </ns3:Speed><nax:Nax>
      <nax:Pace>
      13.369261431492433
    </nax:Pace><nax:Moments>
      <nax:Halt xsi:type="nax:Halt_t" action="auto_pause">
      
    </nax:Halt>
    </nax:Moments>
    </nax:Nax>
    </TPX>
    </Extensions>
    </Trackpoint>
<Trackpoint>
      <Time>
      2025-05-11T13:22:27.910Z
    </Time><Cadence>
      113.42177152633667
    </Cadence><SensorState>
      Present
    </SensorState><Extensions>
      <TPX xmlns="http://www.garmin.com/xmlschemas/ActivityExtension/v2">
      <nax:Nax>
      <nax:Moments>
      <nax:Halt xsi:type="nax:Halt_t" action="auto_pause">
      
    </nax:Halt>
    </nax:Moments>
    </nax:Nax>
    </TPX>
    </Extensions>
    </Trackpoint>
<Trackpoint>
      <Time>
      2025-05-11T13:22:29.000Z
    </Time><SensorState>
      Present
    </SensorState><Extensions>
      <TPX xmlns="http://www.garmin.com/xmlschemas/ActivityExtension/v2">
      <nax:Nax>
      <nax:NikeFuel>
      2.0369632901389014
    </nax:NikeFuel><nax:Moments>
      <nax:Halt xsi:type="nax:Halt_t" action="auto_pause">
      
    </nax:Halt>
    </nax:Moments>
    </nax:Nax>
    </TPX>
    </Extensions>
    </Trackpoint>
<Trackpoint>
      <Time>
      2025-05-11T13:22:29.676Z
    </Time><SensorState>
      Present
    </SensorState><Extensions>
      <TPX xmlns="http://www.garmin.com/xmlschemas/ActivityExtension/v2">
      <nax:Nax>
      <nax:AscentInMeters>
      0.0026397705078125
    </nax:AscentInMeters><nax:Moments>
      <nax:Halt xsi:type="nax:Halt_t" action="auto_pause">
      
    </nax:Halt>
    </nax:Moments>
    </nax:Nax>
    </TPX>
    </Extensions>
    </Trackpoint>
<Trackpoint>
      <Time>
      2025-05-11T13:22:30.464Z
    </Time><SensorState>
      Present
    </SensorState><Extensions>
      <TPX xmlns="http://www.garmin.com/xmlschemas/ActivityExtension/v2">
      <ns3:Speed>
      1.0107537291637978
    </ns3:Speed><nax:Nax>
      <nax:Pace>
      16.48934471946504
    </nax:Pace><nax:Moments>
      <nax:Halt xsi:type="nax:Halt_t" action="auto_pause">
      
    </nax:Halt>
    </nax:Moments>
    </nax:Nax>
    </TPX>
    </Extensions>
    </Trackpoint>
<Trackpoint>
      <Time>
      2025-05-11T13:22:30.465Z
    </Time><DistanceMeters>
      1.118258596980013
    </DistanceMeters><Cadence>
      113.42177152633667
    </Cadence><SensorState>
      Present
    </SensorState><Extensions>
      <TPX xmlns="http://www.garmin.com/xmlschemas/ActivityExtension/v2">
      <nax:Nax>
      <nax:Moments>
      <nax:Halt xsi:type="nax:Halt_t" action="auto_pause">
      
    </nax:Halt>
    </nax:Moments>
    </nax:Nax>
    </TPX>
    </Extensions>
    </Trackpoint>
<Trackpoint>
      <Time>
      2025-05-11T13:22:31.794Z
    </Time><SensorState>
      Present
    </SensorState><Extensions>
      <TPX xmlns="http://www.garmin.com/xmlschemas/ActivityExtension/v2">
      <nax:Nax>
      <nax:AscentInMeters>
      0.013214111328125
    </nax:AscentInMeters><nax:Moments>
      <nax:Halt xsi:type="nax:Halt_t" action="auto_pause">
      
    </nax:Halt>
    </nax:Moments>
    </nax:Nax>
    </TPX>
    </Extensions>
    </Trackpoint>
<Trackpoint>
      <Time>
      2025-05-11T13:22:32.853Z
    </Time><SensorState>
      Present
    </SensorState><Extensions>
      <TPX xmlns="http://www.garmin.com/xmlschemas/ActivityExtension/v2">
      <nax:Nax>
      <nax:AscentInMeters>
      0.0079193115234375
    </nax:AscentInMeters><nax:Moments>
      <nax:Halt xsi:type="nax:Halt_t" action="auto_pause">
      
    </nax:Halt>
    </nax:Moments>
    </nax:Nax>
    </TPX>
    </Extensions>
    </Trackpoint>
<Trackpoint>
      <Time>
      2025-05-11T13:22:33.019Z
    </Time><SensorState>
      Present
    </SensorState><Extensions>
      <TPX xmlns="http://www.garmin.com/xmlschemas/ActivityExtension/v2">
      <ns3:Speed>
      1.0107537291637978
    </ns3:Speed><nax:Nax>
      <nax:Pace>
      16.48934471946504
    </nax:Pace><nax:Moments>
      <nax:Halt xsi:type="nax:Halt_t" action="auto_pause">
      
    </nax:Halt>
    </nax:Moments>
    </nax:Nax>
    </TPX>
    </Extensions>
    </Trackpoint>
<Trackpoint>
      <Time>
      2025-05-11T13:22:33.020Z
    </Time><DistanceMeters>
      2.9854998416267335
    </DistanceMeters><Cadence>
      117.69203424453735
    </Cadence><SensorState>
      Present
    </SensorState><Extensions>
      <TPX xmlns="http://www.garmin.com/xmlschemas/ActivityExtension/v2">
      <nax:Nax>
      <nax:Moments>
      <nax:Halt xsi:type="nax:Halt_t" action="auto_pause">
      
    </nax:Halt>
    </nax:Moments>
    </nax:Nax>
    </TPX>
    </Extensions>
    </Trackpoint>
<Trackpoint>
      <Time>
      2025-05-11T13:22:33.912Z
    </Time><SensorState>
      Present
    </SensorState><Extensions>
      <TPX xmlns="http://www.garmin.com/xmlschemas/ActivityExtension/v2">
      <nax:Nax>
      <nax:AscentInMeters>
      0.0052947998046875
    </nax:AscentInMeters><nax:Moments>
      <nax:Halt xsi:type="nax:Halt_t" action="auto_pause">
      
    </nax:Halt>
    </nax:Moments>
    </nax:Nax>
    </TPX>
    </Extensions>
    </Trackpoint>
<Trackpoint>
      <Time>
      2025-05-11T13:22:34.971Z
    </Time><SensorState>
      Present
    </SensorState><Extensions>
      <TPX xmlns="http://www.garmin.com/xmlschemas/ActivityExtension/v2">
      <nax:Nax>
      <nax:AscentInMeters>
      0.0026397705078125
    </nax:AscentInMeters><nax:Moments>
      <nax:Halt xsi:type="nax:Halt_t" action="auto_pause">
      
    </nax:Halt>
    </nax:Moments>
    </nax:Nax>
    </TPX>
    </Extensions>
    </Trackpoint>
<Trackpoint>
      <Time>
      2025-05-11T13:22:35.574Z
    </Time><DistanceMeters>
      2.9915496736066416
    </DistanceMeters><SensorState>
      Present
    </SensorState><Extensions>
      <TPX xmlns="http://www.garmin.com/xmlschemas/ActivityExtension/v2">
      <ns3:Speed>
      1.004770096237454
    </ns3:Speed><nax:Nax>
      <nax:Pace>
      16.587542492633943
    </nax:Pace><nax:Moments>
      <nax:Halt xsi:type="nax:Halt_t" action="auto_pause">
      
    </nax:Halt>
    </nax:Moments>
    </nax:Nax>
    </TPX>
    </Extensions>
    </Trackpoint>
<Trackpoint>
      <Time>
      2025-05-11T13:22:35.575Z
    </Time><Cadence>
      118.38596820831299
    </Cadence><SensorState>
      Present
    </SensorState><Extensions>
      <TPX xmlns="http://www.garmin.com/xmlschemas/ActivityExtension/v2">
      <nax:Nax>
      <nax:Moments>
      <nax:Halt xsi:type="nax:Halt_t" action="auto_pause">
      
    </nax:Halt>
    </nax:Moments>
    </nax:Nax>
    </TPX>
    </Extensions>
    </Trackpoint>
<Trackpoint>
      <Time>
      2025-05-11T13:22:37.089Z
    </Time><SensorState>
      Present
    </SensorState><Extensions>
      <TPX xmlns="http://www.garmin.com/xmlschemas/ActivityExtension/v2">
      <nax:Nax>
      <nax:AscentInMeters>
      0.0158538818359375
    </nax:AscentInMeters><nax:Moments>
      <nax:Halt xsi:type="nax:Halt_t" action="auto_pause">
      
    </nax:Halt>
    </nax:Moments>
    </nax:Nax>
    </TPX>
    </Extensions>
    </Trackpoint>
<Trackpoint>
      <Time>
      2025-05-11T13:22:38.129Z
    </Time><SensorState>
      Present
    </SensorState><Extensions>
      <TPX xmlns="http://www.garmin.com/xmlschemas/ActivityExtension/v2">
      <ns3:Speed>
      0.9964368192432747
    </ns3:Speed><nax:Nax>
      <nax:Pace>
      16.72626537357768
    </nax:Pace><nax:Moments>
      <nax:Halt xsi:type="nax:Halt_t" action="auto_pause">
      
    </nax:Halt>
    </nax:Moments>
    </nax:Nax>
    </TPX>
    </Extensions>
    </Trackpoint>
<Trackpoint>
      <Time>
      2025-05-11T13:22:38.130Z
    </Time><DistanceMeters>
      2.450804728548974
    </DistanceMeters><Cadence>
      114.64556694030762
    </Cadence><SensorState>
      Present
    </SensorState><Extensions>
      <TPX xmlns="http://www.garmin.com/xmlschemas/ActivityExtension/v2">
      <nax:Nax>
      <nax:Moments>
      <nax:Halt xsi:type="nax:Halt_t" action="auto_pause">
      
    </nax:Halt>
    </nax:Moments>
    </nax:Nax>
    </TPX>
    </Extensions>
    </Trackpoint>
<Trackpoint>
      <Time>
      2025-05-11T13:22:39.000Z
    </Time><SensorState>
      Present
    </SensorState><Extensions>
      <TPX xmlns="http://www.garmin.com/xmlschemas/ActivityExtension/v2">
      <nax:Nax>
      <nax:NikeFuel>
      2.03720026878683
    </nax:NikeFuel><nax:Moments>
      <nax:Halt xsi:type="nax:Halt_t" action="auto_pause">
      
    </nax:Halt>
    </nax:Moments>
    </nax:Nax>
    </TPX>
    </Extensions>
    </Trackpoint>
<Trackpoint>
      <Time>
      2025-05-11T13:22:39.207Z
    </Time><SensorState>
      Present
    </SensorState><Extensions>
      <TPX xmlns="http://www.garmin.com/xmlschemas/ActivityExtension/v2">
      <nax:Nax>
      <nax:AscentInMeters>
      0.01055908203125
    </nax:AscentInMeters><nax:Moments>
      <nax:Halt xsi:type="nax:Halt_t" action="auto_pause">
      
    </nax:Halt>
    </nax:Moments>
    </nax:Nax>
    </TPX>
    </Extensions>
    </Trackpoint>
<Trackpoint>
      <Time>
      2025-05-11T13:22:40.266Z
    </Time><SensorState>
      Present
    </SensorState><Extensions>
      <TPX xmlns="http://www.garmin.com/xmlschemas/ActivityExtension/v2">
      <nax:Nax>
      <nax:AscentInMeters>
      0.0105743408203125
    </nax:AscentInMeters><nax:Moments>
      <nax:Halt xsi:type="nax:Halt_t" action="auto_pause">
      
    </nax:Halt>
    </nax:Moments>
    </nax:Nax>
    </TPX>
    </Extensions>
    </Trackpoint>
<Trackpoint>
      <Time>
      2025-05-11T13:22:40.684Z
    </Time><SensorState>
      Present
    </SensorState><Extensions>
      <TPX xmlns="http://www.garmin.com/xmlschemas/ActivityExtension/v2">
      <ns3:Speed>
      1.0155914841511315
    </ns3:Speed><nax:Nax>
      <nax:Pace>
      16.410797970206765
    </nax:Pace><nax:Moments>
      <nax:Halt xsi:type="nax:Halt_t" action="auto_pause">
      
    </nax:Halt>
    </nax:Moments>
    </nax:Nax>
    </TPX>
    </Extensions>
    </Trackpoint>
<Trackpoint>
      <Time>
      2025-05-11T13:22:40.685Z
    </Time><DistanceMeters>
      0.5131176378345117
    </DistanceMeters><Cadence>
      112.55779266357422
    </Cadence><SensorState>
      Present
    </SensorState><Extensions>
      <TPX xmlns="http://www.garmin.com/xmlschemas/ActivityExtension/v2">
      <nax:Nax>
      <nax:Moments>
      <nax:Halt xsi:type="nax:Halt_t" action="auto_pause">
      
    </nax:Halt>
    </nax:Moments>
    </nax:Nax>
    </TPX>
    </Extensions>
    </Trackpoint>
<Trackpoint>
      <Time>
      2025-05-11T13:22:41.324Z
    </Time><SensorState>
      Present
    </SensorState><Extensions>
      <TPX xmlns="http://www.garmin.com/xmlschemas/ActivityExtension/v2">
      <nax:Nax>
      <nax:AscentInMeters>
      0.01849365234375
    </nax:AscentInMeters><nax:Moments>
      <nax:Halt xsi:type="nax:Halt_t" action="auto_pause">
      
    </nax:Halt>
    </nax:Moments>
    </nax:Nax>
    </TPX>
    </Extensions>
    </Trackpoint>
<Trackpoint>
      <Time>
      2025-05-11T13:22:43.240Z
    </Time><SensorState>
      Present
    </SensorState><Extensions>
      <TPX xmlns="http://www.garmin.com/xmlschemas/ActivityExtension/v2">
      <ns3:Speed>
      1.0105453459980196
    </ns3:Speed><nax:Nax>
      <nax:Pace>
      16.492744964558305
    </nax:Pace><nax:Moments>
      <nax:Halt xsi:type="nax:Halt_t" action="auto_pause">
      
    </nax:Halt>
    </nax:Moments>
    </nax:Nax>
    </TPX>
    </Extensions>
    </Trackpoint>
<Trackpoint>
      <Time>
      2025-05-11T13:22:43.241Z
    </Time><Cadence>
      113.8259482383728
    </Cadence><SensorState>
      Present
    </SensorState><Extensions>
      <TPX xmlns="http://www.garmin.com/xmlschemas/ActivityExtension/v2">
      <nax:Nax>
      <nax:Moments>
      <nax:Halt xsi:type="nax:Halt_t" action="auto_pause">
      
    </nax:Halt>
    </nax:Moments>
    </nax:Nax>
    </TPX>
    </Extensions>
    </Trackpoint>
<Trackpoint>
      <Time>
      2025-05-11T13:22:45.560Z
    </Time><SensorState>
      Present
    </SensorState><Extensions>
      <TPX xmlns="http://www.garmin.com/xmlschemas/ActivityExtension/v2">
      <nax:Nax>
      <nax:DescentInMeters>
      0.005279541015625
    </nax:DescentInMeters><nax:Moments>
      <nax:Halt xsi:type="nax:Halt_t" action="auto_pause">
      
    </nax:Halt>
    </nax:Moments>
    </nax:Nax>
    </TPX>
    </Extensions>
    </Trackpoint>
<Trackpoint>
      <Time>
      2025-05-11T13:22:45.795Z
    </Time><SensorState>
      Present
    </SensorState><Extensions>
      <TPX xmlns="http://www.garmin.com/xmlschemas/ActivityExtension/v2">
      <ns3:Speed>
      0.9986584733084146
    </ns3:Speed><nax:Nax>
      <nax:Pace>
      16.689055480050506
    </nax:Pace><nax:Moments>
      <nax:Halt xsi:type="nax:Halt_t" action="auto_pause">
      
    </nax:Halt>
    </nax:Moments>
    </nax:Nax>
    </TPX>
    </Extensions>
    </Trackpoint>
<Trackpoint>
      <Time>
      2025-05-11T13:22:45.796Z
    </Time><DistanceMeters>
      3.754725539009087
    </DistanceMeters><Cadence>
      113.8259482383728
    </Cadence><SensorState>
      Present
    </SensorState><Extensions>
      <TPX xmlns="http://www.garmin.com/xmlschemas/ActivityExtension/v2">
      <nax:Nax>
      <nax:Moments>
      <nax:Halt xsi:type="nax:Halt_t" action="auto_pause">
      
    </nax:Halt>
    </nax:Moments>
    </nax:Nax>
    </TPX>
    </Extensions>
    </Trackpoint>
<Trackpoint>
      <Time>
      2025-05-11T13:22:46.999Z
    </Time><Position>
      <LatitudeDegrees>
      47.42913360322889
    </LatitudeDegrees><LongitudeDegrees>
      -122.29025041285131
    </LongitudeDegrees>
    </Position><AltitudeMeters>
      112.19354050327092
    </AltitudeMeters><SensorState>
      Present
    </SensorState><Extensions>
      <TPX xmlns="http://www.garmin.com/xmlschemas/ActivityExtension/v2">
      <nax:Nax>
      <nax:Moments>
      <nax:Halt xsi:type="nax:Halt_t" action="auto_pause">
      
    </nax:Halt>
    </nax:Moments>
    </nax:Nax>
    </TPX>
    </Extensions>
    </Trackpoint>
<Trackpoint>
      <Time>
      2025-05-11T13:22:48.350Z
    </Time><DistanceMeters>
      3.3606771158520132
    </DistanceMeters><SensorState>
      Present
    </SensorState><Extensions>
      <TPX xmlns="http://www.garmin.com/xmlschemas/ActivityExtension/v2">
      <ns3:Speed>
      0.9986584733084146
    </ns3:Speed><nax:Nax>
      <nax:Pace>
      16.689055480050506
    </nax:Pace><nax:Moments>
      <nax:Halt xsi:type="nax:Halt_t" action="auto_pause">
      
    </nax:Halt>
    </nax:Moments>
    </nax:Nax>
    </TPX>
    </Extensions>
    </Trackpoint>
<Trackpoint>
      <Time>
      2025-05-11T13:22:48.351Z
    </Time><Cadence>
      113.8259482383728
    </Cadence><SensorState>
      Present
    </SensorState><Extensions>
      <TPX xmlns="http://www.garmin.com/xmlschemas/ActivityExtension/v2">
      <nax:Nax>
      <nax:Moments>
      <nax:Halt xsi:type="nax:Halt_t" action="auto_pause">
      
    </nax:Halt>
    </nax:Moments>
    </nax:Nax>
    </TPX>
    </Extensions>
    </Trackpoint>
<Trackpoint>
      <Time>
      2025-05-11T13:22:49.000Z
    </Time><SensorState>
      Present
    </SensorState><Extensions>
      <TPX xmlns="http://www.garmin.com/xmlschemas/ActivityExtension/v2">
      <nax:Nax>
      <nax:NikeFuel>
      2.03884569955806
    </nax:NikeFuel><nax:Moments>
      <nax:Halt xsi:type="nax:Halt_t" action="auto_pause">
      
    </nax:Halt>
    </nax:Moments>
    </nax:Nax>
    </TPX>
    </Extensions>
    </Trackpoint>
<Trackpoint>
      <Time>
      2025-05-11T13:22:49.797Z
    </Time><SensorState>
      Present
    </SensorState><Extensions>
      <TPX xmlns="http://www.garmin.com/xmlschemas/ActivityExtension/v2">
      <nax:Nax>
      <nax:AscentInMeters>
      0.0343475341796875
    </nax:AscentInMeters><nax:Moments>
      <nax:Halt xsi:type="nax:Halt_t" action="auto_pause">
      
    </nax:Halt>
    </nax:Moments>
    </nax:Nax>
    </TPX>
    </Extensions>
    </Trackpoint>
<Trackpoint>
      <Time>
      2025-05-11T13:22:50.856Z
    </Time><SensorState>
      Present
    </SensorState><Extensions>
      <TPX xmlns="http://www.garmin.com/xmlschemas/ActivityExtension/v2">
      <nax:Nax>
      <nax:AscentInMeters>
      0.01849365234375
    </nax:AscentInMeters><nax:Moments>
      <nax:Halt xsi:type="nax:Halt_t" action="auto_pause">
      
    </nax:Halt>
    </nax:Moments>
    </nax:Nax>
    </TPX>
    </Extensions>
    </Trackpoint>
<Trackpoint>
      <Time>
      2025-05-11T13:22:50.905Z
    </Time><SensorState>
      Present
    </SensorState><Extensions>
      <TPX xmlns="http://www.garmin.com/xmlschemas/ActivityExtension/v2">
      <ns3:Speed>
      0.9986584733084146
    </ns3:Speed><nax:Nax>
      <nax:Pace>
      16.689055480050506
    </nax:Pace><nax:Moments>
      <nax:Halt xsi:type="nax:Halt_t" action="auto_pause">
      
    </nax:Halt>
    </nax:Moments>
    </nax:Nax>
    </TPX>
    </Extensions>
    </Trackpoint>
<Trackpoint>
      <Time>
      2025-05-11T13:22:50.906Z
    </Time><DistanceMeters>
      3.986489306087606
    </DistanceMeters><Cadence>
      115.37147283554077
    </Cadence><SensorState>
      Present
    </SensorState><Extensions>
      <TPX xmlns="http://www.garmin.com/xmlschemas/ActivityExtension/v2">
      <nax:Nax>
      <nax:Moments>
      <nax:Halt xsi:type="nax:Halt_t" action="auto_pause">
      
    </nax:Halt>
    </nax:Moments>
    </nax:Nax>
    </TPX>
    </Extensions>
    </Trackpoint>
<Trackpoint>
      <Time>
      2025-05-11T13:22:51.915Z
    </Time><SensorState>
      Present
    </SensorState><Extensions>
      <TPX xmlns="http://www.garmin.com/xmlschemas/ActivityExtension/v2">
      <nax:Nax>
      <nax:AscentInMeters>
      0.021148681640625
    </nax:AscentInMeters><nax:Moments>
      <nax:Halt xsi:type="nax:Halt_t" action="auto_pause">
      
    </nax:Halt>
    </nax:Moments>
    </nax:Nax>
    </TPX>
    </Extensions>
    </Trackpoint>
<Trackpoint>
      <Time>
      2025-05-11T13:22:52.974Z
    </Time><SensorState>
      Present
    </SensorState><Extensions>
      <TPX xmlns="http://www.garmin.com/xmlschemas/ActivityExtension/v2">
      <nax:Nax>
      <nax:AscentInMeters>
      0.005279541015625
    </nax:AscentInMeters><nax:Moments>
      <nax:Halt xsi:type="nax:Halt_t" action="auto_pause">
      
    </nax:Halt>
    </nax:Moments>
    </nax:Nax>
    </TPX>
    </Extensions>
    </Trackpoint>
<Trackpoint>
      <Time>
      2025-05-11T13:22:53.460Z
    </Time><SensorState>
      Present
    </SensorState><Extensions>
      <TPX xmlns="http://www.garmin.com/xmlschemas/ActivityExtension/v2">
      <ns3:Speed>
      1.0103111311555355
    </ns3:Speed><nax:Nax>
      <nax:Pace>
      16.49656838641805
    </nax:Pace><nax:Moments>
      <nax:Halt xsi:type="nax:Halt_t" action="auto_pause">
      
    </nax:Halt>
    </nax:Moments>
    </nax:Nax>
    </TPX>
    </Extensions>
    </Trackpoint>
<Trackpoint>
      <Time>
      2025-05-11T13:22:53.461Z
    </Time><DistanceMeters>
      3.2373601460130885
    </DistanceMeters><Cadence>
      116.1245584487915
    </Cadence><SensorState>
      Present
    </SensorState><Extensions>
      <TPX xmlns="http://www.garmin.com/xmlschemas/ActivityExtension/v2">
      <nax:Nax>
      <nax:Moments>
      <nax:Halt xsi:type="nax:Halt_t" action="auto_pause">
      
    </nax:Halt>
    </nax:Moments>
    </nax:Nax>
    </TPX>
    </Extensions>
    </Trackpoint>
<Trackpoint>
      <Time>
      2025-05-11T13:22:54.033Z
    </Time><SensorState>
      Present
    </SensorState><Extensions>
      <TPX xmlns="http://www.garmin.com/xmlschemas/ActivityExtension/v2">
      <nax:Nax>
      <nax:AscentInMeters>
      0.0026397705078125
    </nax:AscentInMeters><nax:Moments>
      <nax:Halt xsi:type="nax:Halt_t" action="auto_pause">
      
    </nax:Halt>
    </nax:Moments>
    </nax:Nax>
    </TPX>
    </Extensions>
    </Trackpoint>
<Trackpoint>
      <Time>
      2025-05-11T13:22:55.000Z
    </Time><Position>
      <LatitudeDegrees>
      47.42906470295388
    </LatitudeDegrees><LongitudeDegrees>
      -122.29035277441601
    </LongitudeDegrees>
    </Position><AltitudeMeters>
      112.16153928730637
    </AltitudeMeters><SensorState>
      Present
    </SensorState><Extensions>
      <TPX xmlns="http://www.garmin.com/xmlschemas/ActivityExtension/v2">
      <nax:Nax>
      <nax:Moments>
      <nax:Halt xsi:type="nax:Halt_t" action="auto_pause">
      
    </nax:Halt>
    </nax:Moments>
    </nax:Nax>
    </TPX>
    </Extensions>
    </Trackpoint>
<Trackpoint>
      <Time>
      2025-05-11T13:22:55.092Z
    </Time><SensorState>
      Present
    </SensorState><Extensions>
      <TPX xmlns="http://www.garmin.com/xmlschemas/ActivityExtension/v2">
      <nax:Nax>
      <nax:AscentInMeters>
      0.0079345703125
    </nax:AscentInMeters><nax:Moments>
      <nax:Halt xsi:type="nax:Halt_t" action="auto_pause">
      
    </nax:Halt>
    </nax:Moments>
    </nax:Nax>
    </TPX>
    </Extensions>
    </Trackpoint>
<Trackpoint>
      <Time>
      2025-05-11T13:22:56.015Z
    </Time><SensorState>
      Present
    </SensorState><Extensions>
      <TPX xmlns="http://www.garmin.com/xmlschemas/ActivityExtension/v2">
      <ns3:Speed>
      1.0098537956847293
    </ns3:Speed><nax:Nax>
      <nax:Pace>
      16.504039236061757
    </nax:Pace><nax:Moments>
      <nax:Halt xsi:type="nax:Halt_t" action="auto_pause">
      
    </nax:Halt>
    </nax:Moments>
    </nax:Nax>
    </TPX>
    </Extensions>
    </Trackpoint>
<Trackpoint>
      <Time>
      2025-05-11T13:22:56.016Z
    </Time><DistanceMeters>
      3.0957631086930633
    </DistanceMeters><Cadence>
      116.8222975730896
    </Cadence><SensorState>
      Present
    </SensorState><Extensions>
      <TPX xmlns="http://www.garmin.com/xmlschemas/ActivityExtension/v2">
      <nax:Nax>
      <nax:Moments>
      <nax:Halt xsi:type="nax:Halt_t" action="auto_pause">
      
    </nax:Halt>
    </nax:Moments>
    </nax:Nax>
    </TPX>
    </Extensions>
    </Trackpoint>
<Trackpoint>
      <Time>
      2025-05-11T13:22:56.151Z
    </Time><SensorState>
      Present
    </SensorState><Extensions>
      <TPX xmlns="http://www.garmin.com/xmlschemas/ActivityExtension/v2">
      <nax:Nax>
      <nax:AscentInMeters>
      0.0026397705078125
    </nax:AscentInMeters><nax:Moments>
      <nax:Halt xsi:type="nax:Halt_t" action="auto_pause">
      
    </nax:Halt>
    </nax:Moments>
    </nax:Nax>
    </TPX>
    </Extensions>
    </Trackpoint>
<Trackpoint>
      <Time>
      2025-05-11T13:22:57.210Z
    </Time><SensorState>
      Present
    </SensorState><Extensions>
      <TPX xmlns="http://www.garmin.com/xmlschemas/ActivityExtension/v2">
      <nax:Nax>
      <nax:AscentInMeters>
      0.01849365234375
    </nax:AscentInMeters><nax:Moments>
      <nax:Halt xsi:type="nax:Halt_t" action="auto_pause">
      
    </nax:Halt>
    </nax:Moments>
    </nax:Nax>
    </TPX>
    </Extensions>
    </Trackpoint>
<Trackpoint>
      <Time>
      2025-05-11T13:22:58.570Z
    </Time><SensorState>
      Present
    </SensorState><Extensions>
      <TPX xmlns="http://www.garmin.com/xmlschemas/ActivityExtension/v2">
      <ns3:Speed>
      1.0097643259815134
    </ns3:Speed><nax:Nax>
      <nax:Pace>
      16.505501568859938
    </nax:Pace><nax:Moments>
      <nax:Halt xsi:type="nax:Halt_t" action="auto_pause">
      
    </nax:Halt>
    </nax:Moments>
    </nax:Nax>
    </TPX>
    </Extensions>
    </Trackpoint>
<Trackpoint>
      <Time>
      2025-05-11T13:22:58.571Z
    </Time><DistanceMeters>
      3.5326479487121105
    </DistanceMeters><Cadence>
      117.56787300109863
    </Cadence><SensorState>
      Present
    </SensorState><Extensions>
      <TPX xmlns="http://www.garmin.com/xmlschemas/ActivityExtension/v2">
      <nax:Nax>
      <nax:Moments>
      <nax:Halt xsi:type="nax:Halt_t" action="auto_pause">
      
    </nax:Halt>
    </nax:Moments>
    </nax:Nax>
    </TPX>
    </Extensions>
    </Trackpoint>
<Trackpoint>
      <Time>
      2025-05-11T13:22:59.000Z
    </Time><SensorState>
      Present
    </SensorState><Extensions>
      <TPX xmlns="http://www.garmin.com/xmlschemas/ActivityExtension/v2">
      <nax:Nax>
      <nax:NikeFuel>
      2.0619910332813096
    </nax:NikeFuel><nax:Moments>
      <nax:Halt xsi:type="nax:Halt_t" action="auto_pause">
      
    </nax:Halt>
    </nax:Moments>
    </nax:Nax>
    </TPX>
    </Extensions>
    </Trackpoint>
<Trackpoint>
      <Time>
      2025-05-11T13:23:01.125Z
    </Time><SensorState>
      Present
    </SensorState><Extensions>
      <TPX xmlns="http://www.garmin.com/xmlschemas/ActivityExtension/v2">
      <ns3:Speed>
      1.0119095446887334
    </ns3:Speed><nax:Nax>
      <nax:Pace>
      16.470510387164484
    </nax:Pace><nax:Moments>
      <nax:Halt xsi:type="nax:Halt_t" action="auto_pause">
      
    </nax:Halt>
    </nax:Moments>
    </nax:Nax>
    </TPX>
    </Extensions>
    </Trackpoint>
<Trackpoint>
      <Time>
      2025-05-11T13:23:01.126Z
    </Time><DistanceMeters>
      3.8896220709430054
    </DistanceMeters><Cadence>
      118.46319437026978
    </Cadence><SensorState>
      Present
    </SensorState><Extensions>
      <TPX xmlns="http://www.garmin.com/xmlschemas/ActivityExtension/v2">
      <nax:Nax>
      <nax:Moments>
      <nax:Halt xsi:type="nax:Halt_t" action="auto_pause">
      
    </nax:Halt>
    </nax:Moments>
    </nax:Nax>
    </TPX>
    </Extensions>
    </Trackpoint>
<Trackpoint>
      <Time>
      2025-05-11T13:23:01.446Z
    </Time><SensorState>
      Present
    </SensorState><Extensions>
      <TPX xmlns="http://www.garmin.com/xmlschemas/ActivityExtension/v2">
      <nax:Nax>
      <nax:DescentInMeters>
      0.0079345703125
    </nax:DescentInMeters><nax:Moments>
      <nax:Halt xsi:type="nax:Halt_t" action="auto_pause">
      
    </nax:Halt>
    </nax:Moments>
    </nax:Nax>
    </TPX>
    </Extensions>
    </Trackpoint>
<Trackpoint>
      <Time>
      2025-05-11T13:23:02.505Z
    </Time><SensorState>
      Present
    </SensorState><Extensions>
      <TPX xmlns="http://www.garmin.com/xmlschemas/ActivityExtension/v2">
      <nax:Nax>
      <nax:DescentInMeters>
      0.005279541015625
    </nax:DescentInMeters><nax:Moments>
      <nax:Halt xsi:type="nax:Halt_t" action="auto_pause">
      
    </nax:Halt>
    </nax:Moments>
    </nax:Nax>
    </TPX>
    </Extensions>
    </Trackpoint>
<Trackpoint>
      <Time>
      2025-05-11T13:23:03.000Z
    </Time><Position>
      <LatitudeDegrees>
      47.42899140083084
    </LatitudeDegrees><LongitudeDegrees>
      -122.29045308501031
    </LongitudeDegrees>
    </Position><AltitudeMeters>
      110.5066605489701
    </AltitudeMeters><SensorState>
      Present
    </SensorState><Extensions>
      <TPX xmlns="http://www.garmin.com/xmlschemas/ActivityExtension/v2">
      <nax:Nax>
      <nax:Moments>
      <nax:Halt xsi:type="nax:Halt_t" action="auto_pause">
      
    </nax:Halt>
    </nax:Moments>
    </nax:Nax>
    </TPX>
    </Extensions>
    </Trackpoint>
<Trackpoint>
      <Time>
      2025-05-11T13:23:03.680Z
    </Time><SensorState>
      Present
    </SensorState><Extensions>
      <TPX xmlns="http://www.garmin.com/xmlschemas/ActivityExtension/v2">
      <ns3:Speed>
      1.0226752935245074
    </ns3:Speed><nax:Nax>
      <nax:Pace>
      16.297124583138537
    </nax:Pace><nax:Moments>
      <nax:Halt xsi:type="nax:Halt_t" action="auto_pause">
      
    </nax:Halt>
    </nax:Moments>
    </nax:Nax>
    </TPX>
    </Extensions>
    </Trackpoint>
<Trackpoint>
      <Time>
      2025-05-11T13:23:03.681Z
    </Time><DistanceMeters>
      3.559285664348863
    </DistanceMeters><Cadence>
      118.89271259307861
    </Cadence><SensorState>
      Present
    </SensorState><Extensions>
      <TPX xmlns="http://www.garmin.com/xmlschemas/ActivityExtension/v2">
      <nax:Nax>
      <nax:Moments>
      <nax:Halt xsi:type="nax:Halt_t" action="auto_pause">
      
    </nax:Halt>
    </nax:Moments>
    </nax:Nax>
    </TPX>
    </Extensions>
    </Trackpoint>
<Trackpoint>
      <Time>
      2025-05-11T13:23:04.623Z
    </Time><SensorState>
      Present
    </SensorState><Extensions>
      <TPX xmlns="http://www.garmin.com/xmlschemas/ActivityExtension/v2">
      <nax:Nax>
      <nax:DescentInMeters>
      0.0052947998046875
    </nax:DescentInMeters><nax:Moments>
      <nax:Halt xsi:type="nax:Halt_t" action="auto_pause">
      
    </nax:Halt>
    </nax:Moments>
    </nax:Nax>
    </TPX>
    </Extensions>
    </Trackpoint>
<Trackpoint>
      <Time>
      2025-05-11T13:23:06.235Z
    </Time><SensorState>
      Present
    </SensorState><Extensions>
      <TPX xmlns="http://www.garmin.com/xmlschemas/ActivityExtension/v2">
      <ns3:Speed>
      1.0307026797135215
    </ns3:Speed><nax:Nax>
      <nax:Pace>
      16.170198248925754
    </nax:Pace><nax:Moments>
      <nax:Halt xsi:type="nax:Halt_t" action="auto_pause">
      
    </nax:Halt>
    </nax:Moments>
    </nax:Nax>
    </TPX>
    </Extensions>
    </Trackpoint>
<Trackpoint>
      <Time>
      2025-05-11T13:23:06.236Z
    </Time><DistanceMeters>
      3.8976307378616184
    </DistanceMeters><Cadence>
      119.05706405639648
    </Cadence><SensorState>
      Present
    </SensorState><Extensions>
      <TPX xmlns="http://www.garmin.com/xmlschemas/ActivityExtension/v2">
      <nax:Nax>
      <nax:Moments>
      <nax:Halt xsi:type="nax:Halt_t" action="auto_pause">
      
    </nax:Halt>
    </nax:Moments>
    </nax:Nax>
    </TPX>
    </Extensions>
    </Trackpoint>
<Trackpoint>
      <Time>
      2025-05-11T13:23:07.800Z
    </Time><SensorState>
      Present
    </SensorState><Extensions>
      <TPX xmlns="http://www.garmin.com/xmlschemas/ActivityExtension/v2">
      <nax:Nax>
      <nax:DescentInMeters>
      0.01055908203125
    </nax:DescentInMeters><nax:Moments>
      <nax:Halt xsi:type="nax:Halt_t" action="auto_pause">
      
    </nax:Halt>
    </nax:Moments>
    </nax:Nax>
    </TPX>
    </Extensions>
    </Trackpoint>
<Trackpoint>
      <Time>
      2025-05-11T13:23:08.790Z
    </Time><SensorState>
      Present
    </SensorState><Extensions>
      <TPX xmlns="http://www.garmin.com/xmlschemas/ActivityExtension/v2">
      <ns3:Speed>
      1.0355165380731635
    </ns3:Speed><nax:Nax>
      <nax:Pace>
      16.095027026491678
    </nax:Pace><nax:Moments>
      <nax:Halt xsi:type="nax:Halt_t" action="auto_pause">
      
    </nax:Halt>
    </nax:Moments>
    </nax:Nax>
    </TPX>
    </Extensions>
    </Trackpoint>
<Trackpoint>
      <Time>
      2025-05-11T13:23:08.791Z
    </Time><DistanceMeters>
      4.044665604247712
    </DistanceMeters><Cadence>
      119.26349401473999
    </Cadence><SensorState>
      Present
    </SensorState><Extensions>
      <TPX xmlns="http://www.garmin.com/xmlschemas/ActivityExtension/v2">
      <nax:Nax>
      <nax:Moments>
      <nax:Halt xsi:type="nax:Halt_t" action="auto_pause">
      
    </nax:Halt>
    </nax:Moments>
    </nax:Nax>
    </TPX>
    </Extensions>
    </Trackpoint>
<Trackpoint>
      <Time>
      2025-05-11T13:23:09.000Z
    </Time><SensorState>
      Present
    </SensorState><Extensions>
      <TPX xmlns="http://www.garmin.com/xmlschemas/ActivityExtension/v2">
      <nax:Nax>
      <nax:NikeFuel>
      2.086229409813747
    </nax:NikeFuel><nax:Moments>
      <nax:Halt xsi:type="nax:Halt_t" action="auto_pause">
      
    </nax:Halt>
    </nax:Moments>
    </nax:Nax>
    </TPX>
    </Extensions>
    </Trackpoint>
<Trackpoint>
      <Time>
      2025-05-11T13:23:09.918Z
    </Time><SensorState>
      Present
    </SensorState><Extensions>
      <TPX xmlns="http://www.garmin.com/xmlschemas/ActivityExtension/v2">
      <nax:Nax>
      <nax:DescentInMeters>
      0.013214111328125
    </nax:DescentInMeters><nax:Moments>
      <nax:Halt xsi:type="nax:Halt_t" action="auto_pause">
      
    </nax:Halt>
    </nax:Moments>
    </nax:Nax>
    </TPX>
    </Extensions>
    </Trackpoint>
<Trackpoint>
      <Time>
      2025-05-11T13:23:10.000Z
    </Time><Position>
      <LatitudeDegrees>
      47.428943154758926
    </LatitudeDegrees><LongitudeDegrees>
      -122.29058110521828
    </LongitudeDegrees>
    </Position><AltitudeMeters>
      110.92039720434695
    </AltitudeMeters><SensorState>
      Present
    </SensorState><Extensions>
      <TPX xmlns="http://www.garmin.com/xmlschemas/ActivityExtension/v2">
      <nax:Nax>
      <nax:Moments>
      <nax:Halt xsi:type="nax:Halt_t" action="auto_pause">
      
    </nax:Halt>
    </nax:Moments>
    </nax:Nax>
    </TPX>
    </Extensions>
    </Trackpoint>
<Trackpoint>
      <Time>
      2025-05-11T13:23:10.977Z
    </Time><SensorState>
      Present
    </SensorState><Extensions>
      <TPX xmlns="http://www.garmin.com/xmlschemas/ActivityExtension/v2">
      <nax:Nax>
      <nax:DescentInMeters>
      0.0105743408203125
    </nax:DescentInMeters><nax:Moments>
      <nax:Halt xsi:type="nax:Halt_t" action="auto_pause">
      
    </nax:Halt>
    </nax:Moments>
    </nax:Nax>
    </TPX>
    </Extensions>
    </Trackpoint>
<Trackpoint>
      <Time>
      2025-05-11T13:23:11.345Z
    </Time><SensorState>
      Present
    </SensorState><Extensions>
      <TPX xmlns="http://www.garmin.com/xmlschemas/ActivityExtension/v2">
      <ns3:Speed>
      1.040572417344211
    </ns3:Speed><nax:Nax>
      <nax:Pace>
      16.016825344269623
    </nax:Pace><nax:Moments>
      <nax:Halt xsi:type="nax:Halt_t" action="auto_pause">
      
    </nax:Halt>
    </nax:Moments>
    </nax:Nax>
    </TPX>
    </Extensions>
    </Trackpoint>
<Trackpoint>
      <Time>
      2025-05-11T13:23:11.346Z
    </Time><DistanceMeters>
      3.9231549637624994
    </DistanceMeters><Cadence>
      119.33572053909302
    </Cadence><SensorState>
      Present
    </SensorState><Extensions>
      <TPX xmlns="http://www.garmin.com/xmlschemas/ActivityExtension/v2">
      <nax:Nax>
      <nax:Moments>
      <nax:Halt xsi:type="nax:Halt_t" action="auto_pause">
      
    </nax:Halt>
    </nax:Moments>
    </nax:Nax>
    </TPX>
    </Extensions>
    </Trackpoint>
<Trackpoint>
      <Time>
      2025-05-11T13:23:12.036Z
    </Time><SensorState>
      Present
    </SensorState><Extensions>
      <TPX xmlns="http://www.garmin.com/xmlschemas/ActivityExtension/v2">
      <nax:Nax>
      <nax:DescentInMeters>
      0.013214111328125
    </nax:DescentInMeters><nax:Moments>
      <nax:Halt xsi:type="nax:Halt_t" action="auto_pause">
      
    </nax:Halt>
    </nax:Moments>
    </nax:Nax>
    </TPX>
    </Extensions>
    </Trackpoint>
<Trackpoint>
      <Time>
      2025-05-11T13:23:13.096Z
    </Time><SensorState>
      Present
    </SensorState><Extensions>
      <TPX xmlns="http://www.garmin.com/xmlschemas/ActivityExtension/v2">
      <nax:Nax>
      <nax:DescentInMeters>
      0.031707763671875
    </nax:DescentInMeters><nax:Moments>
      <nax:Halt xsi:type="nax:Halt_t" action="auto_pause">
      
    </nax:Halt>
    </nax:Moments>
    </nax:Nax>
    </TPX>
    </Extensions>
    </Trackpoint>
<Trackpoint>
      <Time>
      2025-05-11T13:23:13.900Z
    </Time><SensorState>
      Present
    </SensorState><Extensions>
      <TPX xmlns="http://www.garmin.com/xmlschemas/ActivityExtension/v2">
      <ns3:Speed>
      1.0450053448567374
    </ns3:Speed><nax:Nax>
      <nax:Pace>
      15.948881743711604
    </nax:Pace><nax:Moments>
      <nax:Halt xsi:type="nax:Halt_t" action="auto_pause">
      
    </nax:Halt>
    </nax:Moments>
    </nax:Nax>
    </TPX>
    </Extensions>
    </Trackpoint>
<Trackpoint>
      <Time>
      2025-05-11T13:23:13.901Z
    </Time><DistanceMeters>
      3.2426849021576345
    </DistanceMeters><Cadence>
      119.33236598968506
    </Cadence><SensorState>
      Present
    </SensorState><Extensions>
      <TPX xmlns="http://www.garmin.com/xmlschemas/ActivityExtension/v2">
      <nax:Nax>
      <nax:Moments>
      <nax:Halt xsi:type="nax:Halt_t" action="auto_pause">
      
    </nax:Halt>
    </nax:Moments>
    </nax:Nax>
    </TPX>
    </Extensions>
    </Trackpoint>
<Trackpoint>
      <Time>
      2025-05-11T13:23:14.155Z
    </Time><SensorState>
      Present
    </SensorState><Extensions>
      <TPX xmlns="http://www.garmin.com/xmlschemas/ActivityExtension/v2">
      <nax:Nax>
      <nax:DescentInMeters>
      0.031707763671875
    </nax:DescentInMeters><nax:Moments>
      <nax:Halt xsi:type="nax:Halt_t" action="auto_pause">
      
    </nax:Halt>
    </nax:Moments>
    </nax:Nax>
    </TPX>
    </Extensions>
    </Trackpoint>
<Trackpoint>
      <Time>
      2025-05-11T13:23:15.214Z
    </Time><SensorState>
      Present
    </SensorState><Extensions>
      <TPX xmlns="http://www.garmin.com/xmlschemas/ActivityExtension/v2">
      <nax:Nax>
      <nax:DescentInMeters>
      0.031707763671875
    </nax:DescentInMeters><nax:Moments>
      <nax:Halt xsi:type="nax:Halt_t" action="auto_pause">
      
    </nax:Halt>
    </nax:Moments>
    </nax:Nax>
    </TPX>
    </Extensions>
    </Trackpoint>
<Trackpoint>
      <Time>
      2025-05-11T13:23:16.273Z
    </Time><SensorState>
      Present
    </SensorState><Extensions>
      <TPX xmlns="http://www.garmin.com/xmlschemas/ActivityExtension/v2">
      <nax:Nax>
      <nax:DescentInMeters>
      0.0396270751953125
    </nax:DescentInMeters><nax:Moments>
      <nax:Halt xsi:type="nax:Halt_t" action="auto_pause">
      
    </nax:Halt>
    </nax:Moments>
    </nax:Nax>
    </TPX>
    </Extensions>
    </Trackpoint>
<Trackpoint>
      <Time>
      2025-05-11T13:23:16.455Z
    </Time><DistanceMeters>
      2.0118016451597214
    </DistanceMeters><SensorState>
      Present
    </SensorState><Extensions>
      <TPX xmlns="http://www.garmin.com/xmlschemas/ActivityExtension/v2">
      <ns3:Speed>
      1.0467453496876937
    </ns3:Speed><nax:Nax>
      <nax:Pace>
      15.922369917037916
    </nax:Pace><nax:Moments>
      <nax:Halt xsi:type="nax:Halt_t" action="auto_pause">
      
    </nax:Halt>
    </nax:Moments>
    </nax:Nax>
    </TPX>
    </Extensions>
    </Trackpoint>
<Trackpoint>
      <Time>
      2025-05-11T13:23:16.456Z
    </Time><Cadence>
      119.33236598968506
    </Cadence><SensorState>
      Present
    </SensorState><Extensions>
      <TPX xmlns="http://www.garmin.com/xmlschemas/ActivityExtension/v2">
      <nax:Nax>
      <nax:Moments>
      <nax:Halt xsi:type="nax:Halt_t" action="auto_pause">
      
    </nax:Halt>
    </nax:Moments>
    </nax:Nax>
    </TPX>
    </Extensions>
    </Trackpoint>
<Trackpoint>
      <Time>
      2025-05-11T13:23:17.332Z
    </Time><SensorState>
      Present
    </SensorState><Extensions>
      <TPX xmlns="http://www.garmin.com/xmlschemas/ActivityExtension/v2">
      <nax:Nax>
      <nax:DescentInMeters>
      0.0105743408203125
    </nax:DescentInMeters><nax:Moments>
      <nax:Halt xsi:type="nax:Halt_t" action="auto_pause">
      
    </nax:Halt>
    </nax:Moments>
    </nax:Nax>
    </TPX>
    </Extensions>
    </Trackpoint>
<Trackpoint>
      <Time>
      2025-05-11T13:23:19.000Z
    </Time><SensorState>
      Present
    </SensorState><Extensions>
      <TPX xmlns="http://www.garmin.com/xmlschemas/ActivityExtension/v2">
      <nax:Nax>
      <nax:NikeFuel>
      2.088690879399026
    </nax:NikeFuel><nax:Moments>
      <nax:Halt xsi:type="nax:Halt_t" action="auto_pause">
      
    </nax:Halt>
    </nax:Moments>
    </nax:Nax>
    </TPX>
    </Extensions>
    </Trackpoint>
<Trackpoint>
      <Time>
      2025-05-11T13:23:19.010Z
    </Time><SensorState>
      Present
    </SensorState><Extensions>
      <TPX xmlns="http://www.garmin.com/xmlschemas/ActivityExtension/v2">
      <ns3:Speed>
      1.0467453496876937
    </ns3:Speed><nax:Nax>
      <nax:Pace>
      15.922369917037916
    </nax:Pace><nax:Moments>
      <nax:Halt xsi:type="nax:Halt_t" action="auto_pause">
      
    </nax:Halt>
    </nax:Moments>
    </nax:Nax>
    </TPX>
    </Extensions>
    </Trackpoint>
<Trackpoint>
      <Time>
      2025-05-11T13:23:19.011Z
    </Time><DistanceMeters>
      0.22276066930498928
    </DistanceMeters><Cadence>
      119.34262990951538
    </Cadence><SensorState>
      Present
    </SensorState><Extensions>
      <TPX xmlns="http://www.garmin.com/xmlschemas/ActivityExtension/v2">
      <nax:Nax>
      <nax:Moments>
      <nax:Halt xsi:type="nax:Halt_t" action="auto_pause">
      
    </nax:Halt>
    </nax:Moments>
    </nax:Nax>
    </TPX>
    </Extensions>
    </Trackpoint>
<Trackpoint>
      <Time>
      2025-05-11T13:23:21.565Z
    </Time><SensorState>
      Present
    </SensorState><Extensions>
      <TPX xmlns="http://www.garmin.com/xmlschemas/ActivityExtension/v2">
      <ns3:Speed>
      1.0457885194911976
    </ns3:Speed><nax:Nax>
      <nax:Pace>
      15.93693787609699
    </nax:Pace><nax:Moments>
      <nax:Halt xsi:type="nax:Halt_t" action="auto_pause">
      
    </nax:Halt>
    </nax:Moments>
    </nax:Nax>
    </TPX>
    </Extensions>
    </Trackpoint>
<Trackpoint>
      <Time>
      2025-05-11T13:23:21.566Z
    </Time><DistanceMeters>
      0.9227078706026077
    </DistanceMeters><Cadence>
      119.34262990951538
    </Cadence><SensorState>
      Present
    </SensorState><Extensions>
      <TPX xmlns="http://www.garmin.com/xmlschemas/ActivityExtension/v2">
      <nax:Nax>
      <nax:Moments>
      <nax:Halt xsi:type="nax:Halt_t" action="auto_pause">
      
    </nax:Halt>
    </nax:Moments>
    </nax:Nax>
    </TPX>
    </Extensions>
    </Trackpoint>
<Trackpoint>
      <Time>
      2025-05-11T13:23:21.567Z
    </Time><SensorState>
      Present
    </SensorState><Extensions>
      <TPX xmlns="http://www.garmin.com/xmlschemas/ActivityExtension/v2">
      <nax:Nax>
      <nax:AscentInMeters>
      0.005279541015625
    </nax:AscentInMeters><nax:Moments>
      <nax:Halt xsi:type="nax:Halt_t" action="auto_pause">
      
    </nax:Halt>
    </nax:Moments>
    </nax:Nax>
    </TPX>
    </Extensions>
    </Trackpoint>
<Trackpoint>
      <Time>
      2025-05-11T13:23:23.000Z
    </Time><Position>
      <LatitudeDegrees>
      47.428909784330855
    </LatitudeDegrees><LongitudeDegrees>
      -122.2907087962324
    </LongitudeDegrees>
    </Position><AltitudeMeters>
      111.6567797921598
    </AltitudeMeters><SensorState>
      Present
    </SensorState><Extensions>
      <TPX xmlns="http://www.garmin.com/xmlschemas/ActivityExtension/v2">
      <nax:Nax>
      <nax:Moments>
      <nax:Halt xsi:type="nax:Halt_t" action="auto_pause">
      
    </nax:Halt>
    </nax:Moments>
    </nax:Nax>
    </TPX>
    </Extensions>
    </Trackpoint>
<Trackpoint>
      <Time>
      2025-05-11T13:23:24.120Z
    </Time><SensorState>
      Present
    </SensorState><Extensions>
      <TPX xmlns="http://www.garmin.com/xmlschemas/ActivityExtension/v2">
      <ns3:Speed>
      1.0457885194911976
    </ns3:Speed><nax:Nax>
      <nax:Pace>
      15.93693787609699
    </nax:Pace><nax:Moments>
      <nax:Halt xsi:type="nax:Halt_t" action="auto_pause">
      
    </nax:Halt>
    </nax:Moments>
    </nax:Nax>
    </TPX>
    </Extensions>
    </Trackpoint>
<Trackpoint>
      <Time>
      2025-05-11T13:23:24.121Z
    </Time><Cadence>
      119.34262990951538
    </Cadence><SensorState>
      Present
    </SensorState><Extensions>
      <TPX xmlns="http://www.garmin.com/xmlschemas/ActivityExtension/v2">
      <nax:Nax>
      <nax:Moments>
      <nax:Halt xsi:type="nax:Halt_t" action="auto_pause">
      
    </nax:Halt>
    </nax:Moments>
    </nax:Nax>
    </TPX>
    </Extensions>
    </Trackpoint>
<Trackpoint>
      <Time>
      2025-05-11T13:23:25.804Z
    </Time><SensorState>
      Present
    </SensorState><Extensions>
      <TPX xmlns="http://www.garmin.com/xmlschemas/ActivityExtension/v2">
      <nax:Nax>
      <nax:DescentInMeters>
      0.0369873046875
    </nax:DescentInMeters><nax:Moments>
      <nax:Halt xsi:type="nax:Halt_t" action="auto_pause">
      
    </nax:Halt>
    </nax:Moments>
    </nax:Nax>
    </TPX>
    </Extensions>
    </Trackpoint>
<Trackpoint>
      <Time>
      2025-05-11T13:23:26.675Z
    </Time><SensorState>
      Present
    </SensorState><Extensions>
      <TPX xmlns="http://www.garmin.com/xmlschemas/ActivityExtension/v2">
      <ns3:Speed>
      1.0457885194911976
    </ns3:Speed><nax:Nax>
      <nax:Pace>
      15.93693787609699
    </nax:Pace><nax:Moments>
      <nax:Halt xsi:type="nax:Halt_t" action="auto_pause">
      
    </nax:Halt>
    </nax:Moments>
    </nax:Nax>
    </TPX>
    </Extensions>
    </Trackpoint>
<Trackpoint>
      <Time>
      2025-05-11T13:23:26.676Z
    </Time><DistanceMeters>
      3.117096794885583
    </DistanceMeters><Cadence>
      119.60005760192871
    </Cadence><SensorState>
      Present
    </SensorState><Extensions>
      <TPX xmlns="http://www.garmin.com/xmlschemas/ActivityExtension/v2">
      <nax:Nax>
      <nax:Moments>
      <nax:Halt xsi:type="nax:Halt_t" action="auto_pause">
      
    </nax:Halt>
    </nax:Moments>
    </nax:Nax>
    </TPX>
    </Extensions>
    </Trackpoint>
<Trackpoint>
      <Time>
      2025-05-11T13:23:26.863Z
    </Time><SensorState>
      Present
    </SensorState><Extensions>
      <TPX xmlns="http://www.garmin.com/xmlschemas/ActivityExtension/v2">
      <nax:Nax>
      <nax:DescentInMeters>
      0.031707763671875
    </nax:DescentInMeters><nax:Moments>
      <nax:Halt xsi:type="nax:Halt_t" action="auto_pause">
      
    </nax:Halt>
    </nax:Moments>
    </nax:Nax>
    </TPX>
    </Extensions>
    </Trackpoint>
<Trackpoint>
      <Time>
      2025-05-11T13:23:27.922Z
    </Time><SensorState>
      Present
    </SensorState><Extensions>
      <TPX xmlns="http://www.garmin.com/xmlschemas/ActivityExtension/v2">
      <nax:Nax>
      <nax:DescentInMeters>
      0.0290679931640625
    </nax:DescentInMeters><nax:Moments>
      <nax:Halt xsi:type="nax:Halt_t" action="auto_pause">
      
    </nax:Halt>
    </nax:Moments>
    </nax:Nax>
    </TPX>
    </Extensions>
    </Trackpoint>
<Trackpoint>
      <Time>
      2025-05-11T13:23:28.981Z
    </Time><SensorState>
      Present
    </SensorState><Extensions>
      <TPX xmlns="http://www.garmin.com/xmlschemas/ActivityExtension/v2">
      <nax:Nax>
      <nax:DescentInMeters>
      0.031707763671875
    </nax:DescentInMeters><nax:Moments>
      <nax:Halt xsi:type="nax:Halt_t" action="auto_pause">
      
    </nax:Halt>
    </nax:Moments>
    </nax:Nax>
    </TPX>
    </Extensions>
    </Trackpoint>
<Trackpoint>
      <Time>
      2025-05-11T13:23:29.000Z
    </Time><SensorState>
      Present
    </SensorState><Extensions>
      <TPX xmlns="http://www.garmin.com/xmlschemas/ActivityExtension/v2">
      <nax:Nax>
      <nax:NikeFuel>
      2.089394075532375
    </nax:NikeFuel><nax:Moments>
      <nax:Halt xsi:type="nax:Halt_t" action="auto_pause">
      
    </nax:Halt>
    </nax:Moments>
    </nax:Nax>
    </TPX>
    </Extensions>
    </Trackpoint>
<Trackpoint>
      <Time>
      2025-05-11T13:23:29.230Z
    </Time><SensorState>
      Present
    </SensorState><Extensions>
      <TPX xmlns="http://www.garmin.com/xmlschemas/ActivityExtension/v2">
      <ns3:Speed>
      1.0516649205751467
    </ns3:Speed><nax:Nax>
      <nax:Pace>
      15.847886851214746
    </nax:Pace><nax:Moments>
      <nax:Halt xsi:type="nax:Halt_t" action="auto_pause">
      
    </nax:Halt>
    </nax:Moments>
    </nax:Nax>
    </TPX>
    </Extensions>
    </Trackpoint>
<Trackpoint>
      <Time>
      2025-05-11T13:23:29.231Z
    </Time><DistanceMeters>
      4.067802309175022
    </DistanceMeters><Cadence>
      119.43485498428345
    </Cadence><SensorState>
      Present
    </SensorState><Extensions>
      <TPX xmlns="http://www.garmin.com/xmlschemas/ActivityExtension/v2">
      <nax:Nax>
      <nax:Moments>
      <nax:Halt xsi:type="nax:Halt_t" action="auto_pause">
      
    </nax:Halt>
    </nax:Moments>
    </nax:Nax>
    </TPX>
    </Extensions>
    </Trackpoint>
<Trackpoint>
      <Time>
      2025-05-11T13:23:30.000Z
    </Time><Position>
      <LatitudeDegrees>
      47.42888867993289
    </LatitudeDegrees><LongitudeDegrees>
      -122.29084720329347
    </LongitudeDegrees>
    </Position><AltitudeMeters>
      111.79750475659966
    </AltitudeMeters><SensorState>
      Present
    </SensorState><Extensions>
      <TPX xmlns="http://www.garmin.com/xmlschemas/ActivityExtension/v2">
      <nax:Nax>
      <nax:Moments>
      <nax:Halt xsi:type="nax:Halt_t" action="auto_pause">
      
    </nax:Halt>
    </nax:Moments>
    </nax:Nax>
    </TPX>
    </Extensions>
    </Trackpoint>
<Trackpoint>
      <Time>
      2025-05-11T13:23:30.039Z
    </Time><SensorState>
      Present
    </SensorState><Extensions>
      <TPX xmlns="http://www.garmin.com/xmlschemas/ActivityExtension/v2">
      <nax:Nax>
      <nax:DescentInMeters>
      0.0264129638671875
    </nax:DescentInMeters><nax:Moments>
      <nax:Halt xsi:type="nax:Halt_t" action="auto_pause">
      
    </nax:Halt>
    </nax:Moments>
    </nax:Nax>
    </TPX>
    </Extensions>
    </Trackpoint>
<Trackpoint>
      <Time>
      2025-05-11T13:23:31.098Z
    </Time><SensorState>
      Present
    </SensorState><Extensions>
      <TPX xmlns="http://www.garmin.com/xmlschemas/ActivityExtension/v2">
      <nax:Nax>
      <nax:DescentInMeters>
      0.031707763671875
    </nax:DescentInMeters><nax:Moments>
      <nax:Halt xsi:type="nax:Halt_t" action="auto_pause">
      
    </nax:Halt>
    </nax:Moments>
    </nax:Nax>
    </TPX>
    </Extensions>
    </Trackpoint>
<Trackpoint>
      <Time>
      2025-05-11T13:23:31.786Z
    </Time><SensorState>
      Present
    </SensorState><Extensions>
      <TPX xmlns="http://www.garmin.com/xmlschemas/ActivityExtension/v2">
      <ns3:Speed>
      1.05232611567961
    </ns3:Speed><nax:Nax>
      <nax:Pace>
      15.837929343702594
    </nax:Pace><nax:Moments>
      <nax:Halt xsi:type="nax:Halt_t" action="auto_pause">
      
    </nax:Halt>
    </nax:Moments>
    </nax:Nax>
    </TPX>
    </Extensions>
    </Trackpoint>
<Trackpoint>
      <Time>
      2025-05-11T13:23:31.787Z
    </Time><DistanceMeters>
      3.300634842715226
    </DistanceMeters><Cadence>
      119.29673910140991
    </Cadence><SensorState>
      Present
    </SensorState><Extensions>
      <TPX xmlns="http://www.garmin.com/xmlschemas/ActivityExtension/v2">
      <nax:Nax>
      <nax:Moments>
      <nax:Halt xsi:type="nax:Halt_t" action="auto_pause">
      
    </nax:Halt>
    </nax:Moments>
    </nax:Nax>
    </TPX>
    </Extensions>
    </Trackpoint>
<Trackpoint>
      <Time>
      2025-05-11T13:23:32.157Z
    </Time><SensorState>
      Present
    </SensorState><Extensions>
      <TPX xmlns="http://www.garmin.com/xmlschemas/ActivityExtension/v2">
      <nax:Nax>
      <nax:DescentInMeters>
      0.031707763671875
    </nax:DescentInMeters><nax:Moments>
      <nax:Halt xsi:type="nax:Halt_t" action="auto_pause">
      
    </nax:Halt>
    </nax:Moments>
    </nax:Nax>
    </TPX>
    </Extensions>
    </Trackpoint>
<Trackpoint>
      <Time>
      2025-05-11T13:23:33.216Z
    </Time><SensorState>
      Present
    </SensorState><Extensions>
      <TPX xmlns="http://www.garmin.com/xmlschemas/ActivityExtension/v2">
      <nax:Nax>
      <nax:DescentInMeters>
      0.0370025634765625
    </nax:DescentInMeters><nax:Moments>
      <nax:Halt xsi:type="nax:Halt_t" action="auto_pause">
      
    </nax:Halt>
    </nax:Moments>
    </nax:Nax>
    </TPX>
    </Extensions>
    </Trackpoint>
<Trackpoint>
      <Time>
      2025-05-11T13:23:34.275Z
    </Time><SensorState>
      Present
    </SensorState><Extensions>
      <TPX xmlns="http://www.garmin.com/xmlschemas/ActivityExtension/v2">
      <nax:Nax>
      <nax:DescentInMeters>
      0.05548095703125
    </nax:DescentInMeters><nax:Moments>
      <nax:Halt xsi:type="nax:Halt_t" action="auto_pause">
      
    </nax:Halt>
    </nax:Moments>
    </nax:Nax>
    </TPX>
    </Extensions>
    </Trackpoint>
<Trackpoint>
      <Time>
      2025-05-11T13:23:34.341Z
    </Time><SensorState>
      Present
    </SensorState><Extensions>
      <TPX xmlns="http://www.garmin.com/xmlschemas/ActivityExtension/v2">
      <ns3:Speed>
      1.041156965802484
    </ns3:Speed><nax:Nax>
      <nax:Pace>
      16.007832837981965
    </nax:Pace><nax:Moments>
      <nax:Halt xsi:type="nax:Halt_t" action="auto_pause">
      
    </nax:Halt>
    </nax:Moments>
    </nax:Nax>
    </TPX>
    </Extensions>
    </Trackpoint>
<Trackpoint>
      <Time>
      2025-05-11T13:23:34.342Z
    </Time><DistanceMeters>
      1.2799221453024074
    </DistanceMeters><Cadence>
      119.29673910140991
    </Cadence><SensorState>
      Present
    </SensorState><Extensions>
      <TPX xmlns="http://www.garmin.com/xmlschemas/ActivityExtension/v2">
      <nax:Nax>
      <nax:Moments>
      <nax:Halt xsi:type="nax:Halt_t" action="auto_pause">
      
    </nax:Halt>
    </nax:Moments>
    </nax:Nax>
    </TPX>
    </Extensions>
    </Trackpoint>
<Trackpoint>
      <Time>
      2025-05-11T13:23:35.334Z
    </Time><SensorState>
      Present
    </SensorState><Extensions>
      <TPX xmlns="http://www.garmin.com/xmlschemas/ActivityExtension/v2">
      <nax:Nax>
      <nax:DescentInMeters>
      0.02642822265625
    </nax:DescentInMeters><nax:Moments>
      <nax:Halt xsi:type="nax:Halt_t" action="auto_pause">
      
    </nax:Halt>
    </nax:Moments>
    </nax:Nax>
    </TPX>
    </Extensions>
    </Trackpoint>
<Trackpoint>
      <Time>
      2025-05-11T13:23:36.393Z
    </Time><SensorState>
      Present
    </SensorState><Extensions>
      <TPX xmlns="http://www.garmin.com/xmlschemas/ActivityExtension/v2">
      <nax:Nax>
      <nax:DescentInMeters>
      0.02642822265625
    </nax:DescentInMeters><nax:Moments>
      <nax:Halt xsi:type="nax:Halt_t" action="auto_pause">
      
    </nax:Halt>
    </nax:Moments>
    </nax:Nax>
    </TPX>
    </Extensions>
    </Trackpoint>
<Trackpoint>
      <Time>
      2025-05-11T13:23:36.896Z
    </Time><DistanceMeters>
      0.10785544605460018
    </DistanceMeters><SensorState>
      Present
    </SensorState><Extensions>
      <TPX xmlns="http://www.garmin.com/xmlschemas/ActivityExtension/v2">
      <ns3:Speed>
      1.041156965802484
    </ns3:Speed><nax:Nax>
      <nax:Pace>
      16.007832837981965
    </nax:Pace><nax:Moments>
      <nax:Halt xsi:type="nax:Halt_t" action="auto_pause">
      
    </nax:Halt>
    </nax:Moments>
    </nax:Nax>
    </TPX>
    </Extensions>
    </Trackpoint>
<Trackpoint>
      <Time>
      2025-05-11T13:23:36.897Z
    </Time><Cadence>
      119.29673910140991
    </Cadence><SensorState>
      Present
    </SensorState><Extensions>
      <TPX xmlns="http://www.garmin.com/xmlschemas/ActivityExtension/v2">
      <nax:Nax>
      <nax:Moments>
      <nax:Halt xsi:type="nax:Halt_t" action="auto_pause">
      
    </nax:Halt>
    </nax:Moments>
    </nax:Nax>
    </TPX>
    </Extensions>
    </Trackpoint>
<Trackpoint>
      <Time>
      2025-05-11T13:23:37.452Z
    </Time><SensorState>
      Present
    </SensorState><Extensions>
      <TPX xmlns="http://www.garmin.com/xmlschemas/ActivityExtension/v2">
      <nax:Nax>
      <nax:DescentInMeters>
      0.023773193359375
    </nax:DescentInMeters><nax:Moments>
      <nax:Halt xsi:type="nax:Halt_t" action="auto_pause">
      
    </nax:Halt>
    </nax:Moments>
    </nax:Nax>
    </TPX>
    </Extensions>
    </Trackpoint>
<Trackpoint>
      <Time>
      2025-05-11T13:23:38.511Z
    </Time><SensorState>
      Present
    </SensorState><Extensions>
      <TPX xmlns="http://www.garmin.com/xmlschemas/ActivityExtension/v2">
      <nax:Nax>
      <nax:DescentInMeters>
      0.0026397705078125
    </nax:DescentInMeters><nax:Moments>
      <nax:Halt xsi:type="nax:Halt_t" action="auto_pause">
      
    </nax:Halt>
    </nax:Moments>
    </nax:Nax>
    </TPX>
    </Extensions>
    </Trackpoint>
<Trackpoint>
      <Time>
      2025-05-11T13:23:39.000Z
    </Time><SensorState>
      Present
    </SensorState><Extensions>
      <TPX xmlns="http://www.garmin.com/xmlschemas/ActivityExtension/v2">
      <nax:Nax>
      <nax:NikeFuel>
      5.133396066889116
    </nax:NikeFuel><nax:Moments>
      <nax:Halt xsi:type="nax:Halt_t" action="auto_pause">
      
    </nax:Halt>
    </nax:Moments>
    </nax:Nax>
    </TPX>
    </Extensions>
    </Trackpoint>
<Trackpoint>
      <Time>
      2025-05-11T13:23:39.451Z
    </Time><SensorState>
      Present
    </SensorState><Extensions>
      <TPX xmlns="http://www.garmin.com/xmlschemas/ActivityExtension/v2">
      <ns3:Speed>
      1.041156965802484
    </ns3:Speed><nax:Nax>
      <nax:Pace>
      16.007832837981965
    </nax:Pace><nax:Moments>
      <nax:Halt xsi:type="nax:Halt_t" action="auto_pause">
      
    </nax:Halt>
    </nax:Moments>
    </nax:Nax>
    </TPX>
    </Extensions>
    </Trackpoint>
<Trackpoint>
      <Time>
      2025-05-11T13:23:39.452Z
    </Time><DistanceMeters>
      2.1952773988014087
    </DistanceMeters><Cadence>
      119.29673910140991
    </Cadence><SensorState>
      Present
    </SensorState><Extensions>
      <TPX xmlns="http://www.garmin.com/xmlschemas/ActivityExtension/v2">
      <nax:Nax>
      <nax:Moments>
      <nax:Halt xsi:type="nax:Halt_t" action="auto_pause">
      
    </nax:Halt>
    </nax:Moments>
    </nax:Nax>
    </TPX>
    </Extensions>
    </Trackpoint>
<Trackpoint>
      <Time>
      2025-05-11T13:23:39.570Z
    </Time><SensorState>
      Present
    </SensorState><Extensions>
      <TPX xmlns="http://www.garmin.com/xmlschemas/ActivityExtension/v2">
      <nax:Nax>
      <nax:DescentInMeters>
      0.0158538818359375
    </nax:DescentInMeters><nax:Moments>
      <nax:Halt xsi:type="nax:Halt_t" action="auto_pause">
      
    </nax:Halt>
    </nax:Moments>
    </nax:Nax>
    </TPX>
    </Extensions>
    </Trackpoint>
<Trackpoint>
      <Time>
      2025-05-11T13:23:40.629Z
    </Time><SensorState>
      Present
    </SensorState><Extensions>
      <TPX xmlns="http://www.garmin.com/xmlschemas/ActivityExtension/v2">
      <nax:Nax>
      <nax:DescentInMeters>
      0.0396270751953125
    </nax:DescentInMeters><nax:Moments>
      <nax:Halt xsi:type="nax:Halt_t" action="auto_pause">
      
    </nax:Halt>
    </nax:Moments>
    </nax:Nax>
    </TPX>
    </Extensions>
    </Trackpoint>
<Trackpoint>
      <Time>
      2025-05-11T13:23:42.006Z
    </Time><SensorState>
      Present
    </SensorState><Extensions>
      <TPX xmlns="http://www.garmin.com/xmlschemas/ActivityExtension/v2">
      <ns3:Speed>
      1.041156965802484
    </ns3:Speed><nax:Nax>
      <nax:Pace>
      16.007832837981965
    </nax:Pace><nax:Moments>
      <nax:Halt xsi:type="nax:Halt_t" action="auto_pause">
      
    </nax:Halt>
    </nax:Moments>
    </nax:Nax>
    </TPX>
    </Extensions>
    </Trackpoint>
<Trackpoint>
      <Time>
      2025-05-11T13:23:42.007Z
    </Time><DistanceMeters>
      14.525703876512125
    </DistanceMeters><Cadence>
      119.29673910140991
    </Cadence><SensorState>
      Present
    </SensorState><Extensions>
      <TPX xmlns="http://www.garmin.com/xmlschemas/ActivityExtension/v2">
      <nax:Nax>
      <nax:Moments>
      <nax:Halt xsi:type="nax:Halt_t" action="auto_pause">
      
    </nax:Halt>
    </nax:Moments>
    </nax:Nax>
    </TPX>
    </Extensions>
    </Trackpoint>
<Trackpoint>
      <Time>
      2025-05-11T13:23:44.000Z
    </Time><Position>
      <LatitudeDegrees>
      47.4289291966501
    </LatitudeDegrees><LongitudeDegrees>
      -122.29064747374636
    </LongitudeDegrees>
    </Position><AltitudeMeters>
      113.29024989716709
    </AltitudeMeters><SensorState>
      Present
    </SensorState><Extensions>
      <TPX xmlns="http://www.garmin.com/xmlschemas/ActivityExtension/v2">
      <nax:Nax>
      <nax:Moments>
      <nax:Halt xsi:type="nax:Halt_t" action="auto_pause">
      
    </nax:Halt>
    </nax:Moments>
    </nax:Nax>
    </TPX>
    </Extensions>
    </Trackpoint>
<Trackpoint>
      <Time>
      2025-05-11T13:23:44.561Z
    </Time><SensorState>
      Present
    </SensorState><Extensions>
      <TPX xmlns="http://www.garmin.com/xmlschemas/ActivityExtension/v2">
      <ns3:Speed>
      1.041156965802484
    </ns3:Speed><nax:Nax>
      <nax:Pace>
      16.007832837981965
    </nax:Pace><nax:Moments>
      <nax:Halt xsi:type="nax:Halt_t" action="auto_pause">
      
    </nax:Halt>
    </nax:Moments>
    </nax:Nax>
    </TPX>
    </Extensions>
    </Trackpoint>
<Trackpoint>
      <Time>
      2025-05-11T13:23:44.562Z
    </Time><DistanceMeters>
      9.18969192286022
    </DistanceMeters><Cadence>
      202.07455158233643
    </Cadence><SensorState>
      Present
    </SensorState><Extensions>
      <TPX xmlns="http://www.garmin.com/xmlschemas/ActivityExtension/v2">
      <nax:Nax>
      <nax:Moments>
      <nax:Halt xsi:type="nax:Halt_t" action="auto_pause">
      
    </nax:Halt>
    </nax:Moments>
    </nax:Nax>
    </TPX>
    </Extensions>
    </Trackpoint>
<Trackpoint>
      <Time>
      2025-05-11T13:23:44.865Z
    </Time><SensorState>
      Present
    </SensorState><Extensions>
      <TPX xmlns="http://www.garmin.com/xmlschemas/ActivityExtension/v2">
      <nax:Nax>
      <nax:AscentInMeters>
      0.0475616455078125
    </nax:AscentInMeters><nax:Moments>
      <nax:Halt xsi:type="nax:Halt_t" action="auto_pause">
      
    </nax:Halt>
    </nax:Moments>
    </nax:Nax>
    </TPX>
    </Extensions>
    </Trackpoint>
<Trackpoint>
      <Time>
      2025-05-11T13:23:45.924Z
    </Time><SensorState>
      Present
    </SensorState><Extensions>
      <TPX xmlns="http://www.garmin.com/xmlschemas/ActivityExtension/v2">
      <nax:Nax>
      <nax:AscentInMeters>
      0.0792694091796875
    </nax:AscentInMeters><nax:Moments>
      <nax:Halt xsi:type="nax:Halt_t" action="auto_pause">
      
    </nax:Halt>
    </nax:Moments>
    </nax:Nax>
    </TPX>
    </Extensions>
    </Trackpoint>
<Trackpoint>
      <Time>
      2025-05-11T13:23:46.983Z
    </Time><SensorState>
      Present
    </SensorState><Extensions>
      <TPX xmlns="http://www.garmin.com/xmlschemas/ActivityExtension/v2">
      <nax:Nax>
      <nax:AscentInMeters>
      0.132110595703125
    </nax:AscentInMeters><nax:Moments>
      <nax:Halt xsi:type="nax:Halt_t" action="auto_pause">
      
    </nax:Halt>
    </nax:Moments>
    </nax:Nax>
    </TPX>
    </Extensions>
    </Trackpoint>
<Trackpoint>
      <Time>
      2025-05-11T13:23:47.000Z
    </Time><Position>
      <LatitudeDegrees>
      47.42896857806078
    </LatitudeDegrees><LongitudeDegrees>
      -122.29050865287529
    </LongitudeDegrees>
    </Position><AltitudeMeters>
      112.57810276653618
    </AltitudeMeters><SensorState>
      Present
    </SensorState><Extensions>
      <TPX xmlns="http://www.garmin.com/xmlschemas/ActivityExtension/v2">
      <nax:Nax>
      <nax:Moments>
      <nax:Halt xsi:type="nax:Halt_t" action="auto_pause">
      
    </nax:Halt>
    </nax:Moments>
    </nax:Nax>
    </TPX>
    </Extensions>
    </Trackpoint>
<Trackpoint>
      <Time>
      2025-05-11T13:23:47.116Z
    </Time><SensorState>
      Present
    </SensorState><Extensions>
      <TPX xmlns="http://www.garmin.com/xmlschemas/ActivityExtension/v2">
      <ns3:Speed>
      5.224265238286689
    </ns3:Speed><nax:Nax>
      <nax:Pace>
      3.1902412887697373
    </nax:Pace><nax:Moments>
      <nax:Halt xsi:type="nax:Halt_t" action="auto_pause">
      
    </nax:Halt>
    </nax:Moments>
    </nax:Nax>
    </TPX>
    </Extensions>
    </Trackpoint>
<Trackpoint>
      <Time>
      2025-05-11T13:23:47.117Z
    </Time><DistanceMeters>
      11.703710068832152
    </DistanceMeters><Cadence>
      204.3989896774292
    </Cadence><SensorState>
      Present
    </SensorState><Extensions>
      <TPX xmlns="http://www.garmin.com/xmlschemas/ActivityExtension/v2">
      <nax:Nax>
      <nax:Moments>
      <nax:Halt xsi:type="nax:Halt_t" action="auto_pause">
      
    </nax:Halt>
    </nax:Moments>
    </nax:Nax>
    </TPX>
    </Extensions>
    </Trackpoint>
<Trackpoint>
      <Time>
      2025-05-11T13:23:48.041Z
    </Time><SensorState>
      Present
    </SensorState><Extensions>
      <TPX xmlns="http://www.garmin.com/xmlschemas/ActivityExtension/v2">
      <nax:Nax>
      <nax:AscentInMeters>
      0.1453399658203125
    </nax:AscentInMeters><nax:Moments>
      <nax:Halt xsi:type="nax:Halt_t" action="auto_pause">
      
    </nax:Halt>
    </nax:Moments>
    </nax:Nax>
    </TPX>
    </Extensions>
    </Trackpoint>
<Trackpoint>
      <Time>
      2025-05-11T13:23:49.000Z
    </Time><Position>
      <LatitudeDegrees>
      47.42901427025679
    </LatitudeDegrees><LongitudeDegrees>
      -122.29038264529851
    </LongitudeDegrees>
    </Position><AltitudeMeters>
      112.24170401599258
    </AltitudeMeters><SensorState>
      Present
    </SensorState><Extensions>
      <TPX xmlns="http://www.garmin.com/xmlschemas/ActivityExtension/v2">
      <nax:Nax>
      <nax:NikeFuel>
      13.493192745199508
    </nax:NikeFuel><nax:Moments>
      <nax:Halt xsi:type="nax:Halt_t" action="auto_pause">
      
    </nax:Halt>
    </nax:Moments>
    </nax:Nax>
    </TPX>
    </Extensions>
    </Trackpoint>
<Trackpoint>
      <Time>
      2025-05-11T13:23:49.100Z
    </Time><SensorState>
      Present
    </SensorState><Extensions>
      <TPX xmlns="http://www.garmin.com/xmlschemas/ActivityExtension/v2">
      <nax:Nax>
      <nax:AscentInMeters>
      0.05548095703125
    </nax:AscentInMeters><nax:Moments>
      <nax:Halt xsi:type="nax:Halt_t" action="auto_pause">
      
    </nax:Halt>
    </nax:Moments>
    </nax:Nax>
    </TPX>
    </Extensions>
    </Trackpoint>
<Trackpoint>
      <Time>
      2025-05-11T13:23:49.671Z
    </Time><SensorState>
      Present
    </SensorState><Extensions>
      <TPX xmlns="http://www.garmin.com/xmlschemas/ActivityExtension/v2">
      <ns3:Speed>
      5.334776742688317
    </ns3:Speed><nax:Nax>
      <nax:Pace>
      3.1241544811616517
    </nax:Pace><nax:Moments>
      <nax:Halt xsi:type="nax:Halt_t" action="auto_pause">
      
    </nax:Halt>
    </nax:Moments>
    </nax:Nax>
    </TPX>
    </Extensions>
    </Trackpoint>
<Trackpoint>
      <Time>
      2025-05-11T13:23:49.672Z
    </Time><DistanceMeters>
      18.074077626573853
    </DistanceMeters><Cadence>
      203.52258682250977
    </Cadence><SensorState>
      Present
    </SensorState><Extensions>
      <TPX xmlns="http://www.garmin.com/xmlschemas/ActivityExtension/v2">
      <nax:Nax>
      <nax:Moments>
      <nax:Halt xsi:type="nax:Halt_t" action="auto_pause">
      
    </nax:Halt>
    </nax:Moments>
    </nax:Nax>
    </TPX>
    </Extensions>
    </Trackpoint>
<Trackpoint>
      <Time>
      2025-05-11T13:23:50.159Z
    </Time><SensorState>
      Present
    </SensorState><Extensions>
      <TPX xmlns="http://www.garmin.com/xmlschemas/ActivityExtension/v2">
      <nax:Nax>
      <nax:AscentInMeters>
      0.0158538818359375
    </nax:AscentInMeters><nax:Moments>
      <nax:Halt xsi:type="nax:Halt_t" action="auto_pause">
      
    </nax:Halt>
    </nax:Moments>
    </nax:Nax>
    </TPX>
    </Extensions>
    </Trackpoint>
<Trackpoint>
      <Time>
      2025-05-11T13:23:51.000Z
    </Time><Position>
      <LatitudeDegrees>
      47.429087313142404
    </LatitudeDegrees><LongitudeDegrees>
      -122.29024674161722
    </LongitudeDegrees>
    </Position><AltitudeMeters>
      112.21837775595486
    </AltitudeMeters><SensorState>
      Present
    </SensorState><Extensions>
      <TPX xmlns="http://www.garmin.com/xmlschemas/ActivityExtension/v2">
      <nax:Nax>
      <nax:Moments>
      <nax:Halt xsi:type="nax:Halt_t" action="auto_pause">
      
    </nax:Halt>
    </nax:Moments>
    </nax:Nax>
    </TPX>
    </Extensions>
    </Trackpoint>
<Trackpoint>
      <Time>
      2025-05-11T13:23:52.226Z
    </Time><SensorState>
      Present
    </SensorState><Extensions>
      <TPX xmlns="http://www.garmin.com/xmlschemas/ActivityExtension/v2">
      <ns3:Speed>
      5.369140406298601
    </ns3:Speed><nax:Nax>
      <nax:Pace>
      3.104159214595097
    </nax:Pace><nax:Moments>
      <nax:Halt xsi:type="nax:Halt_t" action="auto_pause">
      
    </nax:Halt>
    </nax:Moments>
    </nax:Nax>
    </TPX>
    </Extensions>
    </Trackpoint>
<Trackpoint>
      <Time>
      2025-05-11T13:23:52.227Z
    </Time><DistanceMeters>
      11.469753663404845
    </DistanceMeters><Cadence>
      203.9910078048706
    </Cadence><SensorState>
      Present
    </SensorState><Extensions>
      <TPX xmlns="http://www.garmin.com/xmlschemas/ActivityExtension/v2">
      <nax:Nax>
      <nax:Moments>
      <nax:Halt xsi:type="nax:Halt_t" action="auto_pause">
      
    </nax:Halt>
    </nax:Moments>
    </nax:Nax>
    </TPX>
    </Extensions>
    </Trackpoint>
<Trackpoint>
      <Time>
      2025-05-11T13:23:54.000Z
    </Time><Position>
      <LatitudeDegrees>
      47.42915249592427
    </LatitudeDegrees><LongitudeDegrees>
      -122.2900771528269
    </LongitudeDegrees>
    </Position><AltitudeMeters>
      111.7540247887373
    </AltitudeMeters><SensorState>
      Present
    </SensorState><Extensions>
      <TPX xmlns="http://www.garmin.com/xmlschemas/ActivityExtension/v2">
      <nax:Nax>
      <nax:Moments>
      <nax:Halt xsi:type="nax:Halt_t" action="auto_pause">
      
    </nax:Halt>
    </nax:Moments>
    </nax:Nax>
    </TPX>
    </Extensions>
    </Trackpoint>
<Trackpoint>
      <Time>
      2025-05-11T13:23:54.396Z
    </Time><SensorState>
      Present
    </SensorState><Extensions>
      <TPX xmlns="http://www.garmin.com/xmlschemas/ActivityExtension/v2">
      <nax:Nax>
      <nax:DescentInMeters>
      0.0924835205078125
    </nax:DescentInMeters><nax:Moments>
      <nax:Halt xsi:type="nax:Halt_t" action="auto_pause">
      
    </nax:Halt>
    </nax:Moments>
    </nax:Nax>
    </TPX>
    </Extensions>
    </Trackpoint>
<Trackpoint>
      <Time>
      2025-05-11T13:23:54.781Z
    </Time><SensorState>
      Present
    </SensorState><Extensions>
      <TPX xmlns="http://www.garmin.com/xmlschemas/ActivityExtension/v2">
      <ns3:Speed>
      5.351940106311727
    </ns3:Speed><nax:Nax>
      <nax:Pace>
      3.1141354977069144
    </nax:Pace><nax:Moments>
      <nax:Halt xsi:type="nax:Halt_t" action="auto_pause">
      
    </nax:Halt>
    </nax:Moments>
    </nax:Nax>
    </TPX>
    </Extensions>
    </Trackpoint>
<Trackpoint>
      <Time>
      2025-05-11T13:23:54.782Z
    </Time><DistanceMeters>
      14.802562834694982
    </DistanceMeters><Cadence>
      203.9910078048706
    </Cadence><SensorState>
      Present
    </SensorState><Extensions>
      <TPX xmlns="http://www.garmin.com/xmlschemas/ActivityExtension/v2">
      <nax:Nax>
      <nax:Moments>
      <nax:Halt xsi:type="nax:Halt_t" action="auto_pause">
      
    </nax:Halt>
    </nax:Moments>
    </nax:Nax>
    </TPX>
    </Extensions>
    </Trackpoint>
<Trackpoint>
      <Time>
      2025-05-11T13:23:55.455Z
    </Time><SensorState>
      Present
    </SensorState><Extensions>
      <TPX xmlns="http://www.garmin.com/xmlschemas/ActivityExtension/v2">
      <nax:Nax>
      <nax:DescentInMeters>
      0.08984375
    </nax:DescentInMeters><nax:Moments>
      <nax:Halt xsi:type="nax:Halt_t" action="auto_pause">
      
    </nax:Halt>
    </nax:Moments>
    </nax:Nax>
    </TPX>
    </Extensions>
    </Trackpoint>
<Trackpoint>
      <Time>
      2025-05-11T13:23:56.000Z
    </Time><Position>
      <LatitudeDegrees>
      47.42921280667434
    </LatitudeDegrees><LongitudeDegrees>
      -122.28994569717291
    </LongitudeDegrees>
    </Position><AltitudeMeters>
      111.83616905473173
    </AltitudeMeters><SensorState>
      Present
    </SensorState><Extensions>
      <TPX xmlns="http://www.garmin.com/xmlschemas/ActivityExtension/v2">
      <nax:Nax>
      <nax:Moments>
      <nax:Halt xsi:type="nax:Halt_t" action="auto_pause">
      
    </nax:Halt>
    </nax:Moments>
    </nax:Nax>
    </TPX>
    </Extensions>
    </Trackpoint>
<Trackpoint>
      <Time>
      2025-05-11T13:23:56.514Z
    </Time><SensorState>
      Present
    </SensorState><Extensions>
      <TPX xmlns="http://www.garmin.com/xmlschemas/ActivityExtension/v2">
      <nax:Nax>
      <nax:DescentInMeters>
      0.0475616455078125
    </nax:DescentInMeters><nax:Moments>
      <nax:Halt xsi:type="nax:Halt_t" action="auto_pause">
      
    </nax:Halt>
    </nax:Moments>
    </nax:Nax>
    </TPX>
    </Extensions>
    </Trackpoint>
<Trackpoint>
      <Time>
      2025-05-11T13:23:57.336Z
    </Time><SensorState>
      Present
    </SensorState><Extensions>
      <TPX xmlns="http://www.garmin.com/xmlschemas/ActivityExtension/v2">
      <ns3:Speed>
      5.351940106311727
    </ns3:Speed><nax:Nax>
      <nax:Pace>
      3.1141354977069144
    </nax:Pace><nax:Moments>
      <nax:Halt xsi:type="nax:Halt_t" action="auto_pause">
      
    </nax:Halt>
    </nax:Moments>
    </nax:Nax>
    </TPX>
    </Extensions>
    </Trackpoint>
<Trackpoint>
      <Time>
      2025-05-11T13:23:57.337Z
    </Time><DistanceMeters>
      8.7591024604626
    </DistanceMeters><Cadence>
      203.9910078048706
    </Cadence><SensorState>
      Present
    </SensorState><Extensions>
      <TPX xmlns="http://www.garmin.com/xmlschemas/ActivityExtension/v2">
      <nax:Nax>
      <nax:Moments>
      <nax:Halt xsi:type="nax:Halt_t" action="auto_pause">
      
    </nax:Halt>
    </nax:Moments>
    </nax:Nax>
    </TPX>
    </Extensions>
    </Trackpoint>
<Trackpoint>
      <Time>
      2025-05-11T13:23:57.574Z
    </Time><SensorState>
      Present
    </SensorState><Extensions>
      <TPX xmlns="http://www.garmin.com/xmlschemas/ActivityExtension/v2">
      <nax:Nax>
      <nax:DescentInMeters>
      0.044921875
    </nax:DescentInMeters><nax:Moments>
      <nax:Halt xsi:type="nax:Halt_t" action="auto_pause">
      
    </nax:Halt>
    </nax:Moments>
    </nax:Nax>
    </TPX>
    </Extensions>
    </Trackpoint>
<Trackpoint>
      <Time>
      2025-05-11T13:23:58.633Z
    </Time><SensorState>
      Present
    </SensorState><Extensions>
      <TPX xmlns="http://www.garmin.com/xmlschemas/ActivityExtension/v2">
      <nax:Nax>
      <nax:DescentInMeters>
      0.0158538818359375
    </nax:DescentInMeters><nax:Moments>
      <nax:Halt xsi:type="nax:Halt_t" action="auto_pause">
      
    </nax:Halt>
    </nax:Moments>
    </nax:Nax>
    </TPX>
    </Extensions>
    </Trackpoint>
<Trackpoint>
      <Time>
      2025-05-11T13:23:59.000Z
    </Time><SensorState>
      Present
    </SensorState><Extensions>
      <TPX xmlns="http://www.garmin.com/xmlschemas/ActivityExtension/v2">
      <nax:Nax>
      <nax:NikeFuel>
      6.662122875328606
    </nax:NikeFuel><nax:Moments>
      <nax:Halt xsi:type="nax:Halt_t" action="auto_pause">
      
    </nax:Halt>
    </nax:Moments>
    </nax:Nax>
    </TPX>
    </Extensions>
    </Trackpoint>
<Trackpoint>
      <Time>
      2025-05-11T13:23:59.891Z
    </Time><SensorState>
      Present
    </SensorState><Extensions>
      <TPX xmlns="http://www.garmin.com/xmlschemas/ActivityExtension/v2">
      <ns3:Speed>
      5.351940106311727
    </ns3:Speed><nax:Nax>
      <nax:Pace>
      3.1141354977069144
    </nax:Pace><nax:Moments>
      <nax:Halt xsi:type="nax:Halt_t" action="auto_pause">
      
    </nax:Halt>
    </nax:Moments>
    </nax:Nax>
    </TPX>
    </Extensions>
    </Trackpoint>
<Trackpoint>
      <Time>
      2025-05-11T13:23:59.892Z
    </Time><DistanceMeters>
      3.266054949373938
    </DistanceMeters><Cadence>
      129.75000858306885
    </Cadence><SensorState>
      Present
    </SensorState><Extensions>
      <TPX xmlns="http://www.garmin.com/xmlschemas/ActivityExtension/v2">
      <nax:Nax>
      <nax:Moments>
      <nax:Halt xsi:type="nax:Halt_t" action="auto_pause">
      
    </nax:Halt>
    </nax:Moments>
    </nax:Nax>
    </TPX>
    </Extensions>
    </Trackpoint>
<Trackpoint>
      <Time>
      2025-05-11T13:24:00.000Z
    </Time><Position>
      <LatitudeDegrees>
      47.429263152784266
    </LatitudeDegrees><LongitudeDegrees>
      -122.28981752740972
    </LongitudeDegrees>
    </Position><AltitudeMeters>
      110.55496941972524
    </AltitudeMeters><SensorState>
      Present
    </SensorState><Extensions>
      <TPX xmlns="http://www.garmin.com/xmlschemas/ActivityExtension/v2">
      <nax:Nax>
      <nax:Moments>
      <nax:Halt xsi:type="nax:Halt_t" action="auto_pause">
      
    </nax:Halt>
    </nax:Moments>
    </nax:Nax>
    </TPX>
    </Extensions>
    </Trackpoint>
<Trackpoint>
      <Time>
      2025-05-11T13:24:00.751Z
    </Time><SensorState>
      Present
    </SensorState><Extensions>
      <TPX xmlns="http://www.garmin.com/xmlschemas/ActivityExtension/v2">
      <nax:Nax>
      <nax:DescentInMeters>
      0.005279541015625
    </nax:DescentInMeters><nax:Moments>
      <nax:Halt xsi:type="nax:Halt_t" action="auto_pause">
      
    </nax:Halt>
    </nax:Moments>
    </nax:Nax>
    </TPX>
    </Extensions>
    </Trackpoint>
<Trackpoint>
      <Time>
      2025-05-11T13:24:02.446Z
    </Time><SensorState>
      Present
    </SensorState><Extensions>
      <TPX xmlns="http://www.garmin.com/xmlschemas/ActivityExtension/v2">
      <ns3:Speed>
      1.6083876178460055
    </ns3:Speed><nax:Nax>
      <nax:Pace>
      10.36234455036846
    </nax:Pace><nax:Moments>
      <nax:Halt xsi:type="nax:Halt_t" action="auto_pause">
      
    </nax:Halt>
    </nax:Moments>
    </nax:Nax>
    </TPX>
    </Extensions>
    </Trackpoint>
<Trackpoint>
      <Time>
      2025-05-11T13:24:02.447Z
    </Time><DistanceMeters>
      0.8914040562231094
    </DistanceMeters><Cadence>
      129.75000858306885
    </Cadence><SensorState>
      Present
    </SensorState><Extensions>
      <TPX xmlns="http://www.garmin.com/xmlschemas/ActivityExtension/v2">
      <nax:Nax>
      <nax:Moments>
      <nax:Halt xsi:type="nax:Halt_t" action="auto_pause">
      
    </nax:Halt>
    </nax:Moments>
    </nax:Nax>
    </TPX>
    </Extensions>
    </Trackpoint>
<Trackpoint>
      <Time>
      2025-05-11T13:24:02.869Z
    </Time><SensorState>
      Present
    </SensorState><Extensions>
      <TPX xmlns="http://www.garmin.com/xmlschemas/ActivityExtension/v2">
      <nax:Nax>
      <nax:DescentInMeters>
      0.0211334228515625
    </nax:DescentInMeters><nax:Moments>
      <nax:Halt xsi:type="nax:Halt_t" action="auto_pause">
      
    </nax:Halt>
    </nax:Moments>
    </nax:Nax>
    </TPX>
    </Extensions>
    </Trackpoint>
<Trackpoint>
      <Time>
      2025-05-11T13:24:03.928Z
    </Time><SensorState>
      Present
    </SensorState><Extensions>
      <TPX xmlns="http://www.garmin.com/xmlschemas/ActivityExtension/v2">
      <nax:Nax>
      <nax:DescentInMeters>
      0.0475616455078125
    </nax:DescentInMeters><nax:Moments>
      <nax:Halt xsi:type="nax:Halt_t" action="auto_pause">
      
    </nax:Halt>
    </nax:Moments>
    </nax:Nax>
    </TPX>
    </Extensions>
    </Trackpoint>
<Trackpoint>
      <Time>
      2025-05-11T13:24:04.987Z
    </Time><SensorState>
      Present
    </SensorState><Extensions>
      <TPX xmlns="http://www.garmin.com/xmlschemas/ActivityExtension/v2">
      <nax:Nax>
      <nax:DescentInMeters>
      0.021148681640625
    </nax:DescentInMeters><nax:Moments>
      <nax:Halt xsi:type="nax:Halt_t" action="auto_pause">
      
    </nax:Halt>
    </nax:Moments>
    </nax:Nax>
    </TPX>
    </Extensions>
    </Trackpoint>
<Trackpoint>
      <Time>
      2025-05-11T13:24:05.001Z
    </Time><DistanceMeters>
      0.03194381529465318
    </DistanceMeters><SensorState>
      Present
    </SensorState><Extensions>
      <TPX xmlns="http://www.garmin.com/xmlschemas/ActivityExtension/v2">
      <ns3:Speed>
      1.6083876178460055
    </ns3:Speed><nax:Nax>
      <nax:Pace>
      10.36234455036846
    </nax:Pace><nax:Moments>
      <nax:Halt xsi:type="nax:Halt_t" action="auto_pause">
      
    </nax:Halt>
    </nax:Moments>
    </nax:Nax>
    </TPX>
    </Extensions>
    </Trackpoint>
<Trackpoint>
      <Time>
      2025-05-11T13:24:05.002Z
    </Time><Cadence>
      129.75000858306885
    </Cadence><SensorState>
      Present
    </SensorState><Extensions>
      <TPX xmlns="http://www.garmin.com/xmlschemas/ActivityExtension/v2">
      <nax:Nax>
      <nax:Moments>
      <nax:Halt xsi:type="nax:Halt_t" action="auto_pause">
      
    </nax:Halt>
    </nax:Moments>
    </nax:Nax>
    </TPX>
    </Extensions>
    </Trackpoint>
<Trackpoint>
      <Time>
      2025-05-11T13:24:06.046Z
    </Time><SensorState>
      Present
    </SensorState><Extensions>
      <TPX xmlns="http://www.garmin.com/xmlschemas/ActivityExtension/v2">
      <nax:Nax>
      <nax:DescentInMeters>
      0.0079193115234375
    </nax:DescentInMeters><nax:Moments>
      <nax:Halt xsi:type="nax:Halt_t" action="auto_pause">
      
    </nax:Halt>
    </nax:Moments>
    </nax:Nax>
    </TPX>
    </Extensions>
    </Trackpoint>
<Trackpoint>
      <Time>
      2025-05-11T13:24:07.556Z
    </Time><SensorState>
      Present
    </SensorState><Extensions>
      <TPX xmlns="http://www.garmin.com/xmlschemas/ActivityExtension/v2">
      <ns3:Speed>
      1.6083876178460055
    </ns3:Speed><nax:Nax>
      <nax:Pace>
      10.36234455036846
    </nax:Pace><nax:Moments>
      <nax:Halt xsi:type="nax:Halt_t" action="auto_pause">
      
    </nax:Halt>
    </nax:Moments>
    </nax:Nax>
    </TPX>
    </Extensions>
    </Trackpoint>
<Trackpoint>
      <Time>
      2025-05-11T13:24:07.557Z
    </Time><DistanceMeters>
      10.931498569669202
    </DistanceMeters><SensorState>
      Present
    </SensorState><Extensions>
      <TPX xmlns="http://www.garmin.com/xmlschemas/ActivityExtension/v2">
      <nax:Nax>
      <nax:Moments>
      <nax:Halt xsi:type="nax:Halt_t" action="auto_pause">
      
    </nax:Halt>
    </nax:Moments>
    </nax:Nax>
    </TPX>
    </Extensions>
    </Trackpoint>
<Trackpoint>
      <Time>
      2025-05-11T13:24:09.000Z
    </Time><SensorState>
      Present
    </SensorState><Extensions>
      <TPX xmlns="http://www.garmin.com/xmlschemas/ActivityExtension/v2">
      <nax:Nax>
      <nax:NikeFuel>
      0.7326356206257048
    </nax:NikeFuel><nax:Moments>
      <nax:Halt xsi:type="nax:Halt_t" action="auto_pause">
      
    </nax:Halt>
    </nax:Moments>
    </nax:Nax>
    </TPX>
    </Extensions>
    </Trackpoint>
<Trackpoint>
      <Time>
      2025-05-11T13:24:15.578Z
    </Time><SensorState>
      Present
    </SensorState><Extensions>
      <TPX xmlns="http://www.garmin.com/xmlschemas/ActivityExtension/v2">
      <nax:Nax>
      <nax:AscentInMeters>
      0.0105743408203125
    </nax:AscentInMeters><nax:Moments>
      <nax:Halt xsi:type="nax:Halt_t" action="auto_pause">
      
    </nax:Halt>
    </nax:Moments>
    </nax:Nax>
    </TPX>
    </Extensions>
    </Trackpoint>
<Trackpoint>
      <Time>
      2025-05-11T13:24:16.637Z
    </Time><SensorState>
      Present
    </SensorState><Extensions>
      <TPX xmlns="http://www.garmin.com/xmlschemas/ActivityExtension/v2">
      <nax:Nax>
      <nax:AscentInMeters>
      0.0105743408203125
    </nax:AscentInMeters><nax:Moments>
      <nax:Halt xsi:type="nax:Halt_t" action="auto_pause">
      
    </nax:Halt>
    </nax:Moments>
    </nax:Nax>
    </TPX>
    </Extensions>
    </Trackpoint>
<Trackpoint>
      <Time>
      2025-05-11T13:24:17.664Z
    </Time><Cadence>
      0
    </Cadence><SensorState>
      Present
    </SensorState><Extensions>
      <TPX xmlns="http://www.garmin.com/xmlschemas/ActivityExtension/v2">
      <nax:Nax>
      <nax:Moments>
      <nax:Halt xsi:type="nax:Halt_t" action="auto_pause">
      
    </nax:Halt>
    </nax:Moments>
    </nax:Nax>
    </TPX>
    </Extensions>
    </Trackpoint>
<Trackpoint>
      <Time>
      2025-05-11T13:24:17.696Z
    </Time><SensorState>
      Present
    </SensorState><Extensions>
      <TPX xmlns="http://www.garmin.com/xmlschemas/ActivityExtension/v2">
      <nax:Nax>
      <nax:AscentInMeters>
      0.1268310546875
    </nax:AscentInMeters><nax:Moments>
      <nax:Halt xsi:type="nax:Halt_t" action="auto_pause">
      
    </nax:Halt>
    </nax:Moments>
    </nax:Nax>
    </TPX>
    </Extensions>
    </Trackpoint>
<Trackpoint>
      <Time>
      2025-05-11T13:24:18.755Z
    </Time><SensorState>
      Present
    </SensorState><Extensions>
      <TPX xmlns="http://www.garmin.com/xmlschemas/ActivityExtension/v2">
      <nax:Nax>
      <nax:AscentInMeters>
      0.029052734375
    </nax:AscentInMeters><nax:Moments>
      <nax:Halt xsi:type="nax:Halt_t" action="auto_pause">
      
    </nax:Halt>
    </nax:Moments>
    </nax:Nax>
    </TPX>
    </Extensions>
    </Trackpoint>
<Trackpoint>
      <Time>
      2025-05-11T13:24:19.000Z
    </Time><SensorState>
      Present
    </SensorState><Extensions>
      <TPX xmlns="http://www.garmin.com/xmlschemas/ActivityExtension/v2">
      <nax:Nax>
      <nax:NikeFuel>
      1.1742996763883238
    </nax:NikeFuel><nax:Moments>
      <nax:Halt xsi:type="nax:Halt_t" action="auto_pause">
      
    </nax:Halt>
    </nax:Moments>
    </nax:Nax>
    </TPX>
    </Extensions>
    </Trackpoint>
<Trackpoint>
      <Time>
      2025-05-11T13:24:19.814Z
    </Time><SensorState>
      Present
    </SensorState><Extensions>
      <TPX xmlns="http://www.garmin.com/xmlschemas/ActivityExtension/v2">
      <nax:Nax>
      <nax:AscentInMeters>
      0.021148681640625
    </nax:AscentInMeters><nax:Moments>
      <nax:Halt xsi:type="nax:Halt_t" action="auto_pause">
      
    </nax:Halt>
    </nax:Moments>
    </nax:Nax>
    </TPX>
    </Extensions>
    </Trackpoint>
<Trackpoint>
      <Time>
      2025-05-11T13:24:20.873Z
    </Time><SensorState>
      Present
    </SensorState><Extensions>
      <TPX xmlns="http://www.garmin.com/xmlschemas/ActivityExtension/v2">
      <nax:Nax>
      <nax:AscentInMeters>
      0.0369873046875
    </nax:AscentInMeters><nax:Moments>
      <nax:Halt xsi:type="nax:Halt_t" action="auto_pause">
      
    </nax:Halt>
    </nax:Moments>
    </nax:Nax>
    </TPX>
    </Extensions>
    </Trackpoint>
<Trackpoint>
      <Time>
      2025-05-11T13:24:21.932Z
    </Time><SensorState>
      Present
    </SensorState><Extensions>
      <TPX xmlns="http://www.garmin.com/xmlschemas/ActivityExtension/v2">
      <nax:Nax>
      <nax:AscentInMeters>
      0.0290679931640625
    </nax:AscentInMeters><nax:Moments>
      <nax:Halt xsi:type="nax:Halt_t" action="auto_pause">
      
    </nax:Halt>
    </nax:Moments>
    </nax:Nax>
    </TPX>
    </Extensions>
    </Trackpoint>
<Trackpoint>
      <Time>
      2025-05-11T13:24:22.886Z
    </Time><SensorState>
      Present
    </SensorState><Extensions>
      <TPX xmlns="http://www.garmin.com/xmlschemas/ActivityExtension/v2">
      <ns3:Speed>
      0
    </ns3:Speed><nax:Nax>
      <nax:Moments>
      <nax:Halt xsi:type="nax:Halt_t" action="auto_pause">
      
    </nax:Halt>
    </nax:Moments>
    </nax:Nax>
    </TPX>
    </Extensions>
    </Trackpoint>
<Trackpoint>
      <Time>
      2025-05-11T13:24:22.887Z
    </Time><DistanceMeters>
      2.7814037406351417
    </DistanceMeters><Cadence>
      0
    </Cadence><SensorState>
      Present
    </SensorState><Extensions>
      <TPX xmlns="http://www.garmin.com/xmlschemas/ActivityExtension/v2">
      <nax:Nax>
      <nax:Moments>
      <nax:Halt xsi:type="nax:Halt_t" action="auto_pause">
      
    </nax:Halt>
    </nax:Moments>
    </nax:Nax>
    </TPX>
    </Extensions>
    </Trackpoint>
<Trackpoint>
      <Time>
      2025-05-11T13:24:22.991Z
    </Time><SensorState>
      Present
    </SensorState><Extensions>
      <TPX xmlns="http://www.garmin.com/xmlschemas/ActivityExtension/v2">
      <nax:Nax>
      <nax:AscentInMeters>
      0.0105743408203125
    </nax:AscentInMeters><nax:Moments>
      <nax:Halt xsi:type="nax:Halt_t" action="auto_pause">
      
    </nax:Halt>
    </nax:Moments>
    </nax:Nax>
    </TPX>
    </Extensions>
    </Trackpoint>
<Trackpoint>
      <Time>
      2025-05-11T13:24:24.050Z
    </Time><SensorState>
      Present
    </SensorState><Extensions>
      <TPX xmlns="http://www.garmin.com/xmlschemas/ActivityExtension/v2">
      <nax:Nax>
      <nax:AscentInMeters>
      0.0026397705078125
    </nax:AscentInMeters><nax:Moments>
      <nax:Halt xsi:type="nax:Halt_t" action="auto_pause">
      
    </nax:Halt>
    </nax:Moments>
    </nax:Nax>
    </TPX>
    </Extensions>
    </Trackpoint>
<Trackpoint>
      <Time>
      2025-05-11T13:24:25.109Z
    </Time><SensorState>
      Present
    </SensorState><Extensions>
      <TPX xmlns="http://www.garmin.com/xmlschemas/ActivityExtension/v2">
      <nax:Nax>
      <nax:AscentInMeters>
      0.005279541015625
    </nax:AscentInMeters><nax:Moments>
      <nax:Halt xsi:type="nax:Halt_t" action="auto_pause">
      
    </nax:Halt>
    </nax:Moments>
    </nax:Nax>
    </TPX>
    </Extensions>
    </Trackpoint>
<Trackpoint>
      <Time>
      2025-05-11T13:24:25.441Z
    </Time><SensorState>
      Present
    </SensorState><Extensions>
      <TPX xmlns="http://www.garmin.com/xmlschemas/ActivityExtension/v2">
      <ns3:Speed>
      0
    </ns3:Speed><nax:Nax>
      <nax:Moments>
      <nax:Halt xsi:type="nax:Halt_t" action="auto_pause">
      
    </nax:Halt>
    </nax:Moments>
    </nax:Nax>
    </TPX>
    </Extensions>
    </Trackpoint>
<Trackpoint>
      <Time>
      2025-05-11T13:24:25.442Z
    </Time><DistanceMeters>
      2.6524959764210507
    </DistanceMeters><Cadence>
      89.06100511550903
    </Cadence><SensorState>
      Present
    </SensorState><Extensions>
      <TPX xmlns="http://www.garmin.com/xmlschemas/ActivityExtension/v2">
      <nax:Nax>
      <nax:Moments>
      <nax:Halt xsi:type="nax:Halt_t" action="auto_pause">
      
    </nax:Halt>
    </nax:Moments>
    </nax:Nax>
    </TPX>
    </Extensions>
    </Trackpoint>
<Trackpoint>
      <Time>
      2025-05-11T13:24:27.996Z
    </Time><SensorState>
      Present
    </SensorState><Extensions>
      <TPX xmlns="http://www.garmin.com/xmlschemas/ActivityExtension/v2">
      <ns3:Speed>
      0.998322175635703
    </ns3:Speed><nax:Nax>
      <nax:Pace>
      16.69467740316778
    </nax:Pace><nax:Moments>
      <nax:Halt xsi:type="nax:Halt_t" action="auto_pause">
      
    </nax:Halt>
    </nax:Moments>
    </nax:Nax>
    </TPX>
    </Extensions>
    </Trackpoint>
<Trackpoint>
      <Time>
      2025-05-11T13:24:27.997Z
    </Time><DistanceMeters>
      1.326247988268733
    </DistanceMeters><Cadence>
      89.06100511550903
    </Cadence><SensorState>
      Present
    </SensorState><Extensions>
      <TPX xmlns="http://www.garmin.com/xmlschemas/ActivityExtension/v2">
      <nax:Nax>
      <nax:Moments>
      <nax:Halt xsi:type="nax:Halt_t" action="auto_pause">
      
    </nax:Halt>
    </nax:Moments>
    </nax:Nax>
    </TPX>
    </Extensions>
    </Trackpoint>
<Trackpoint>
      <Time>
      2025-05-11T13:24:28.286Z
    </Time><SensorState>
      Present
    </SensorState><Extensions>
      <TPX xmlns="http://www.garmin.com/xmlschemas/ActivityExtension/v2">
      <nax:Nax>
      <nax:AscentInMeters>
      0.0105743408203125
    </nax:AscentInMeters><nax:Moments>
      <nax:Halt xsi:type="nax:Halt_t" action="auto_pause">
      
    </nax:Halt>
    </nax:Moments>
    </nax:Nax>
    </TPX>
    </Extensions>
    </Trackpoint>
<Trackpoint>
      <Time>
      2025-05-11T13:24:29.000Z
    </Time><SensorState>
      Present
    </SensorState><Extensions>
      <TPX xmlns="http://www.garmin.com/xmlschemas/ActivityExtension/v2">
      <nax:Nax>
      <nax:NikeFuel>
      2.030165774061512
    </nax:NikeFuel><nax:Moments>
      <nax:Halt xsi:type="nax:Halt_t" action="auto_pause">
      
    </nax:Halt>
    </nax:Moments>
    </nax:Nax>
    </TPX>
    </Extensions>
    </Trackpoint>
<Trackpoint>
      <Time>
      2025-05-11T13:24:30.551Z
    </Time><SensorState>
      Present
    </SensorState><Extensions>
      <TPX xmlns="http://www.garmin.com/xmlschemas/ActivityExtension/v2">
      <ns3:Speed>
      0.998322175635703
    </ns3:Speed><nax:Nax>
      <nax:Pace>
      16.69467740316778
    </nax:Pace><nax:Moments>
      <nax:Halt xsi:type="nax:Halt_t" action="auto_pause">
      
    </nax:Halt>
    </nax:Moments>
    </nax:Nax>
    </TPX>
    </Extensions>
    </Trackpoint>
<Trackpoint>
      <Time>
      2025-05-11T13:24:30.552Z
    </Time><DistanceMeters>
      3.3658566367812455
    </DistanceMeters><Cadence>
      89.06100511550903
    </Cadence><SensorState>
      Present
    </SensorState><Extensions>
      <TPX xmlns="http://www.garmin.com/xmlschemas/ActivityExtension/v2">
      <nax:Nax>
      <nax:Moments>
      <nax:Halt xsi:type="nax:Halt_t" action="auto_pause">
      
    </nax:Halt>
    </nax:Moments>
    </nax:Nax>
    </TPX>
    </Extensions>
    </Trackpoint>
<Trackpoint>
      <Time>
      2025-05-11T13:24:33.106Z
    </Time><DistanceMeters>
      1.989371982286684
    </DistanceMeters><SensorState>
      Present
    </SensorState><Extensions>
      <TPX xmlns="http://www.garmin.com/xmlschemas/ActivityExtension/v2">
      <ns3:Speed>
      0.998322175635703
    </ns3:Speed><nax:Nax>
      <nax:Pace>
      16.69467740316778
    </nax:Pace><nax:Moments>
      <nax:Halt xsi:type="nax:Halt_t" action="auto_pause">
      
    </nax:Halt>
    </nax:Moments>
    </nax:Nax>
    </TPX>
    </Extensions>
    </Trackpoint>
<Trackpoint>
      <Time>
      2025-05-11T13:24:33.107Z
    </Time><Cadence>
      88.40490102767944
    </Cadence><SensorState>
      Present
    </SensorState><Extensions>
      <TPX xmlns="http://www.garmin.com/xmlschemas/ActivityExtension/v2">
      <nax:Nax>
      <nax:Moments>
      <nax:Halt xsi:type="nax:Halt_t" action="auto_pause">
      
    </nax:Halt>
    </nax:Moments>
    </nax:Nax>
    </TPX>
    </Extensions>
    </Trackpoint>
<Trackpoint>
      <Time>
      2025-05-11T13:24:34.639Z
    </Time><SensorState>
      Present
    </SensorState><Extensions>
      <TPX xmlns="http://www.garmin.com/xmlschemas/ActivityExtension/v2">
      <nax:Nax>
      <nax:DescentInMeters>
      0.0079345703125
    </nax:DescentInMeters><nax:Moments>
      <nax:Halt xsi:type="nax:Halt_t" action="auto_pause">
      
    </nax:Halt>
    </nax:Moments>
    </nax:Nax>
    </TPX>
    </Extensions>
    </Trackpoint>
<Trackpoint>
      <Time>
      2025-05-11T13:24:35.661Z
    </Time><SensorState>
      Present
    </SensorState><Extensions>
      <TPX xmlns="http://www.garmin.com/xmlschemas/ActivityExtension/v2">
      <ns3:Speed>
      0.9894052594108838
    </ns3:Speed><nax:Nax>
      <nax:Pace>
      16.845136518265942
    </nax:Pace><nax:Moments>
      <nax:Halt xsi:type="nax:Halt_t" action="auto_pause">
      
    </nax:Halt>
    </nax:Moments>
    </nax:Nax>
    </TPX>
    </Extensions>
    </Trackpoint>
<Trackpoint>
      <Time>
      2025-05-11T13:24:35.662Z
    </Time><DistanceMeters>
      2.7730639753863215
    </DistanceMeters><Cadence>
      89.36071872711182
    </Cadence><SensorState>
      Present
    </SensorState><Extensions>
      <TPX xmlns="http://www.garmin.com/xmlschemas/ActivityExtension/v2">
      <nax:Nax>
      <nax:Moments>
      <nax:Halt xsi:type="nax:Halt_t" action="auto_pause">
      
    </nax:Halt>
    </nax:Moments>
    </nax:Nax>
    </TPX>
    </Extensions>
    </Trackpoint>
<Trackpoint>
      <Time>
      2025-05-11T13:24:35.699Z
    </Time><SensorState>
      Present
    </SensorState><Extensions>
      <TPX xmlns="http://www.garmin.com/xmlschemas/ActivityExtension/v2">
      <nax:Nax>
      <nax:DescentInMeters>
      0.0079193115234375
    </nax:DescentInMeters><nax:Moments>
      <nax:Halt xsi:type="nax:Halt_t" action="auto_pause">
      
    </nax:Halt>
    </nax:Moments>
    </nax:Nax>
    </TPX>
    </Extensions>
    </Trackpoint>
<Trackpoint>
      <Time>
      2025-05-11T13:24:36.758Z
    </Time><SensorState>
      Present
    </SensorState><Extensions>
      <TPX xmlns="http://www.garmin.com/xmlschemas/ActivityExtension/v2">
      <nax:Nax>
      <nax:DescentInMeters>
      0.002655029296875
    </nax:DescentInMeters><nax:Moments>
      <nax:Halt xsi:type="nax:Halt_t" action="auto_pause">
      
    </nax:Halt>
    </nax:Moments>
    </nax:Nax>
    </TPX>
    </Extensions>
    </Trackpoint>
<Trackpoint>
      <Time>
      2025-05-11T13:24:37.817Z
    </Time><SensorState>
      Present
    </SensorState><Extensions>
      <TPX xmlns="http://www.garmin.com/xmlschemas/ActivityExtension/v2">
      <nax:Nax>
      <nax:DescentInMeters>
      0.0211334228515625
    </nax:DescentInMeters><nax:Moments>
      <nax:Halt xsi:type="nax:Halt_t" action="auto_pause">
      
    </nax:Halt>
    </nax:Moments>
    </nax:Nax>
    </TPX>
    </Extensions>
    </Trackpoint>
<Trackpoint>
      <Time>
      2025-05-11T13:24:38.216Z
    </Time><SensorState>
      Present
    </SensorState><Extensions>
      <TPX xmlns="http://www.garmin.com/xmlschemas/ActivityExtension/v2">
      <ns3:Speed>
      1.0154556646006385
    </ns3:Speed><nax:Nax>
      <nax:Pace>
      16.41299295250018
    </nax:Pace><nax:Moments>
      <nax:Halt xsi:type="nax:Halt_t" action="auto_pause">
      
    </nax:Halt>
    </nax:Moments>
    </nax:Nax>
    </TPX>
    </Extensions>
    </Trackpoint>
<Trackpoint>
      <Time>
      2025-05-11T13:24:38.217Z
    </Time><DistanceMeters>
      0.48227199574466795
    </DistanceMeters><Cadence>
      89.36071872711182
    </Cadence><SensorState>
      Present
    </SensorState><Extensions>
      <TPX xmlns="http://www.garmin.com/xmlschemas/ActivityExtension/v2">
      <nax:Nax>
      <nax:Moments>
      <nax:Halt xsi:type="nax:Halt_t" action="auto_pause">
      
    </nax:Halt>
    </nax:Moments>
    </nax:Nax>
    </TPX>
    </Extensions>
    </Trackpoint>
<Trackpoint>
      <Time>
      2025-05-11T13:24:38.876Z
    </Time><SensorState>
      Present
    </SensorState><Extensions>
      <TPX xmlns="http://www.garmin.com/xmlschemas/ActivityExtension/v2">
      <nax:Nax>
      <nax:DescentInMeters>
      0.0026397705078125
    </nax:DescentInMeters><nax:Moments>
      <nax:Halt xsi:type="nax:Halt_t" action="auto_pause">
      
    </nax:Halt>
    </nax:Moments>
    </nax:Nax>
    </TPX>
    </Extensions>
    </Trackpoint>
<Trackpoint>
      <Time>
      2025-05-11T13:24:39.000Z
    </Time><SensorState>
      Present
    </SensorState><Extensions>
      <TPX xmlns="http://www.garmin.com/xmlschemas/ActivityExtension/v2">
      <nax:Nax>
      <nax:NikeFuel>
      2.049497495351352
    </nax:NikeFuel><nax:Moments>
      <nax:Halt xsi:type="nax:Halt_t" action="auto_pause">
      
    </nax:Halt>
    </nax:Moments>
    </nax:Nax>
    </TPX>
    </Extensions>
    </Trackpoint>
<Trackpoint>
      <Time>
      2025-05-11T13:24:39.935Z
    </Time><SensorState>
      Present
    </SensorState><Extensions>
      <TPX xmlns="http://www.garmin.com/xmlschemas/ActivityExtension/v2">
      <nax:Nax>
      <nax:DescentInMeters>
      0.01849365234375
    </nax:DescentInMeters><nax:Moments>
      <nax:Halt xsi:type="nax:Halt_t" action="auto_pause">
      
    </nax:Halt>
    </nax:Moments>
    </nax:Nax>
    </TPX>
    </Extensions>
    </Trackpoint>
<Trackpoint>
      <Time>
      2025-05-11T13:24:40.771Z
    </Time><DistanceMeters>
      1.8487093169242144
    </DistanceMeters><SensorState>
      Present
    </SensorState><Extensions>
      <TPX xmlns="http://www.garmin.com/xmlschemas/ActivityExtension/v2">
      <ns3:Speed>
      1.0154556646006385
    </ns3:Speed><nax:Nax>
      <nax:Pace>
      16.41299295250018
    </nax:Pace><nax:Moments>
      <nax:Halt xsi:type="nax:Halt_t" action="auto_pause">
      
    </nax:Halt>
    </nax:Moments>
    </nax:Nax>
    </TPX>
    </Extensions>
    </Trackpoint>
<Trackpoint>
      <Time>
      2025-05-11T13:24:40.772Z
    </Time><Cadence>
      89.36071872711182
    </Cadence><SensorState>
      Present
    </SensorState><Extensions>
      <TPX xmlns="http://www.garmin.com/xmlschemas/ActivityExtension/v2">
      <nax:Nax>
      <nax:Moments>
      <nax:Halt xsi:type="nax:Halt_t" action="auto_pause">
      
    </nax:Halt>
    </nax:Moments>
    </nax:Nax>
    </TPX>
    </Extensions>
    </Trackpoint>
<Trackpoint>
      <Time>
      2025-05-11T13:24:40.994Z
    </Time><SensorState>
      Present
    </SensorState><Extensions>
      <TPX xmlns="http://www.garmin.com/xmlschemas/ActivityExtension/v2">
      <nax:Nax>
      <nax:DescentInMeters>
      0.0554962158203125
    </nax:DescentInMeters><nax:Moments>
      <nax:Halt xsi:type="nax:Halt_t" action="auto_pause">
      
    </nax:Halt>
    </nax:Moments>
    </nax:Nax>
    </TPX>
    </Extensions>
    </Trackpoint>
<Trackpoint>
      <Time>
      2025-05-11T13:24:42.053Z
    </Time><SensorState>
      Present
    </SensorState><Extensions>
      <TPX xmlns="http://www.garmin.com/xmlschemas/ActivityExtension/v2">
      <nax:Nax>
      <nax:DescentInMeters>
      0.0264129638671875
    </nax:DescentInMeters><nax:Moments>
      <nax:Halt xsi:type="nax:Halt_t" action="auto_pause">
      
    </nax:Halt>
    </nax:Moments>
    </nax:Nax>
    </TPX>
    </Extensions>
    </Trackpoint>
<Trackpoint>
      <Time>
      2025-05-11T13:24:43.113Z
    </Time><SensorState>
      Present
    </SensorState><Extensions>
      <TPX xmlns="http://www.garmin.com/xmlschemas/ActivityExtension/v2">
      <nax:Nax>
      <nax:DescentInMeters>
      0.0185089111328125
    </nax:DescentInMeters><nax:Moments>
      <nax:Halt xsi:type="nax:Halt_t" action="auto_pause">
      
    </nax:Halt>
    </nax:Moments>
    </nax:Nax>
    </TPX>
    </Extensions>
    </Trackpoint>
<Trackpoint>
      <Time>
      2025-05-11T13:24:43.326Z
    </Time><SensorState>
      Present
    </SensorState><Extensions>
      <TPX xmlns="http://www.garmin.com/xmlschemas/ActivityExtension/v2">
      <ns3:Speed>
      1.0154556646006385
    </ns3:Speed><nax:Nax>
      <nax:Pace>
      16.41299295250018
    </nax:Pace><nax:Moments>
      <nax:Halt xsi:type="nax:Halt_t" action="auto_pause">
      
    </nax:Halt>
    </nax:Moments>
    </nax:Nax>
    </TPX>
    </Extensions>
    </Trackpoint>
<Trackpoint>
      <Time>
      2025-05-11T13:24:43.327Z
    </Time><DistanceMeters>
      0.9243546584621072
    </DistanceMeters><Cadence>
      89.36071872711182
    </Cadence><SensorState>
      Present
    </SensorState><Extensions>
      <TPX xmlns="http://www.garmin.com/xmlschemas/ActivityExtension/v2">
      <nax:Nax>
      <nax:Moments>
      <nax:Halt xsi:type="nax:Halt_t" action="auto_pause">
      
    </nax:Halt>
    </nax:Moments>
    </nax:Nax>
    </TPX>
    </Extensions>
    </Trackpoint>
<Trackpoint>
      <Time>
      2025-05-11T13:24:45.881Z
    </Time><SensorState>
      Present
    </SensorState><Extensions>
      <TPX xmlns="http://www.garmin.com/xmlschemas/ActivityExtension/v2">
      <ns3:Speed>
      1.0154556646006385
    </ns3:Speed><nax:Nax>
      <nax:Pace>
      16.41299295250018
    </nax:Pace><nax:Moments>
      <nax:Halt xsi:type="nax:Halt_t" action="auto_pause">
      
    </nax:Halt>
    </nax:Moments>
    </nax:Nax>
    </TPX>
    </Extensions>
    </Trackpoint>
<Trackpoint>
      <Time>
      2025-05-11T13:24:45.882Z
    </Time><DistanceMeters>
      2.1235831258818507
    </DistanceMeters><Cadence>
      89.36071872711182
    </Cadence><SensorState>
      Present
    </SensorState><Extensions>
      <TPX xmlns="http://www.garmin.com/xmlschemas/ActivityExtension/v2">
      <nax:Nax>
      <nax:Moments>
      <nax:Halt xsi:type="nax:Halt_t" action="auto_pause">
      
    </nax:Halt>
    </nax:Moments>
    </nax:Nax>
    </TPX>
    </Extensions>
    </Trackpoint>
<Trackpoint>
      <Time>
      2025-05-11T13:24:48.437Z
    </Time><SensorState>
      Present
    </SensorState><Extensions>
      <TPX xmlns="http://www.garmin.com/xmlschemas/ActivityExtension/v2">
      <ns3:Speed>
      1.0154556646006385
    </ns3:Speed><nax:Nax>
      <nax:Pace>
      16.41299295250018
    </nax:Pace><nax:Moments>
      <nax:Halt xsi:type="nax:Halt_t" action="auto_pause">
      
    </nax:Halt>
    </nax:Moments>
    </nax:Nax>
    </TPX>
    </Extensions>
    </Trackpoint>
<Trackpoint>
      <Time>
      2025-05-11T13:24:48.438Z
    </Time><DistanceMeters>
      0.4256060537882149
    </DistanceMeters><Cadence>
      89.36071872711182
    </Cadence><SensorState>
      Present
    </SensorState><Extensions>
      <TPX xmlns="http://www.garmin.com/xmlschemas/ActivityExtension/v2">
      <nax:Nax>
      <nax:Moments>
      <nax:Halt xsi:type="nax:Halt_t" action="auto_pause">
      
    </nax:Halt>
    </nax:Moments>
    </nax:Nax>
    </TPX>
    </Extensions>
    </Trackpoint>
<Trackpoint>
      <Time>
      2025-05-11T13:24:49.000Z
    </Time><SensorState>
      Present
    </SensorState><Extensions>
      <TPX xmlns="http://www.garmin.com/xmlschemas/ActivityExtension/v2">
      <nax:Nax>
      <nax:NikeFuel>
      2.049497495351352
    </nax:NikeFuel><nax:Moments>
      <nax:Halt xsi:type="nax:Halt_t" action="auto_pause">
      
    </nax:Halt>
    </nax:Moments>
    </nax:Nax>
    </TPX>
    </Extensions>
    </Trackpoint>
<Trackpoint>
      <Time>
      2025-05-11T13:24:50.992Z
    </Time><SensorState>
      Present
    </SensorState><Extensions>
      <TPX xmlns="http://www.garmin.com/xmlschemas/ActivityExtension/v2">
      <ns3:Speed>
      1.0154556646006385
    </ns3:Speed><nax:Nax>
      <nax:Pace>
      16.41299295250018
    </nax:Pace><nax:Moments>
      <nax:Halt xsi:type="nax:Halt_t" action="auto_pause">
      
    </nax:Halt>
    </nax:Moments>
    </nax:Nax>
    </TPX>
    </Extensions>
    </Trackpoint>
<Trackpoint>
      <Time>
      2025-05-11T13:24:50.993Z
    </Time><DistanceMeters>
      0.4521299960324541
    </DistanceMeters><Cadence>
      89.36071872711182
    </Cadence><SensorState>
      Present
    </SensorState><Extensions>
      <TPX xmlns="http://www.garmin.com/xmlschemas/ActivityExtension/v2">
      <nax:Nax>
      <nax:Moments>
      <nax:Halt xsi:type="nax:Halt_t" action="auto_pause">
      
    </nax:Halt>
    </nax:Moments>
    </nax:Nax>
    </TPX>
    </Extensions>
    </Trackpoint>
<Trackpoint>
      <Time>
      2025-05-11T13:24:51.585Z
    </Time><SensorState>
      Present
    </SensorState><Extensions>
      <TPX xmlns="http://www.garmin.com/xmlschemas/ActivityExtension/v2">
      <nax:Nax>
      <nax:DescentInMeters>
      0.0026397705078125
    </nax:DescentInMeters><nax:Moments>
      <nax:Halt xsi:type="nax:Halt_t" action="auto_pause">
      
    </nax:Halt>
    </nax:Moments>
    </nax:Nax>
    </TPX>
    </Extensions>
    </Trackpoint>
<Trackpoint>
      <Time>
      2025-05-11T13:24:52.644Z
    </Time><SensorState>
      Present
    </SensorState><Extensions>
      <TPX xmlns="http://www.garmin.com/xmlschemas/ActivityExtension/v2">
      <nax:Nax>
      <nax:DescentInMeters>
      0.08984375
    </nax:DescentInMeters><nax:Moments>
      <nax:Halt xsi:type="nax:Halt_t" action="auto_pause">
      
    </nax:Halt>
    </nax:Moments>
    </nax:Nax>
    </TPX>
    </Extensions>
    </Trackpoint>
<Trackpoint>
      <Time>
      2025-05-11T13:24:53.547Z
    </Time><DistanceMeters>
      1.4267213207203895
    </DistanceMeters><SensorState>
      Present
    </SensorState><Extensions>
      <TPX xmlns="http://www.garmin.com/xmlschemas/ActivityExtension/v2">
      <ns3:Speed>
      1.0154556646006385
    </ns3:Speed><nax:Nax>
      <nax:Pace>
      16.41299295250018
    </nax:Pace><nax:Moments>
      <nax:Halt xsi:type="nax:Halt_t" action="auto_pause">
      
    </nax:Halt>
    </nax:Moments>
    </nax:Nax>
    </TPX>
    </Extensions>
    </Trackpoint>
<Trackpoint>
      <Time>
      2025-05-11T13:24:53.548Z
    </Time><Cadence>
      89.36071872711182
    </Cadence><SensorState>
      Present
    </SensorState><Extensions>
      <TPX xmlns="http://www.garmin.com/xmlschemas/ActivityExtension/v2">
      <nax:Nax>
      <nax:Moments>
      <nax:Halt xsi:type="nax:Halt_t" action="auto_pause">
      
    </nax:Halt>
    </nax:Moments>
    </nax:Nax>
    </TPX>
    </Extensions>
    </Trackpoint>
<Trackpoint>
      <Time>
      2025-05-11T13:24:56.102Z
    </Time><SensorState>
      Present
    </SensorState><Extensions>
      <TPX xmlns="http://www.garmin.com/xmlschemas/ActivityExtension/v2">
      <ns3:Speed>
      1.0154556646006385
    </ns3:Speed><nax:Nax>
      <nax:Pace>
      16.41299295250018
    </nax:Pace><nax:Moments>
      <nax:Halt xsi:type="nax:Halt_t" action="auto_pause">
      
    </nax:Halt>
    </nax:Moments>
    </nax:Nax>
    </TPX>
    </Extensions>
    </Trackpoint>
<Trackpoint>
      <Time>
      2025-05-11T13:24:56.103Z
    </Time><DistanceMeters>
      7.314458601758815
    </DistanceMeters><Cadence>
      89.36071872711182
    </Cadence><SensorState>
      Present
    </SensorState><Extensions>
      <TPX xmlns="http://www.garmin.com/xmlschemas/ActivityExtension/v2">
      <nax:Nax>
      <nax:Moments>
      <nax:Halt xsi:type="nax:Halt_t" action="auto_pause">
      
    </nax:Halt>
    </nax:Moments>
    </nax:Nax>
    </TPX>
    </Extensions>
    </Trackpoint>
<Trackpoint>
      <Time>
      2025-05-11T13:24:56.880Z
    </Time><SensorState>
      Present
    </SensorState><Extensions>
      <TPX xmlns="http://www.garmin.com/xmlschemas/ActivityExtension/v2">
      <nax:Nax>
      <nax:AscentInMeters>
      0.013214111328125
    </nax:AscentInMeters><nax:Moments>
      <nax:Halt xsi:type="nax:Halt_t" action="auto_pause">
      
    </nax:Halt>
    </nax:Moments>
    </nax:Nax>
    </TPX>
    </Extensions>
    </Trackpoint>
<Trackpoint>
      <Time>
      2025-05-11T13:24:57.939Z
    </Time><SensorState>
      Present
    </SensorState><Extensions>
      <TPX xmlns="http://www.garmin.com/xmlschemas/ActivityExtension/v2">
      <nax:Nax>
      <nax:AscentInMeters>
      0.0026397705078125
    </nax:AscentInMeters><nax:Moments>
      <nax:Halt xsi:type="nax:Halt_t" action="auto_pause">
      
    </nax:Halt>
    </nax:Moments>
    </nax:Nax>
    </TPX>
    </Extensions>
    </Trackpoint>
<Trackpoint>
      <Time>
      2025-05-11T13:24:58.657Z
    </Time><SensorState>
      Present
    </SensorState><Extensions>
      <TPX xmlns="http://www.garmin.com/xmlschemas/ActivityExtension/v2">
      <ns3:Speed>
      1.0154556646006385
    </ns3:Speed><nax:Nax>
      <nax:Pace>
      16.41299295250018
    </nax:Pace><nax:Moments>
      <nax:Halt xsi:type="nax:Halt_t" action="auto_pause">
      
    </nax:Halt>
    </nax:Moments>
    </nax:Nax>
    </TPX>
    </Extensions>
    </Trackpoint>
<Trackpoint>
      <Time>
      2025-05-11T13:24:58.658Z
    </Time><Cadence>
      89.36071872711182
    </Cadence><SensorState>
      Present
    </SensorState><Extensions>
      <TPX xmlns="http://www.garmin.com/xmlschemas/ActivityExtension/v2">
      <nax:Nax>
      <nax:Moments>
      <nax:Halt xsi:type="nax:Halt_t" action="auto_pause">
      
    </nax:Halt>
    </nax:Moments>
    </nax:Nax>
    </TPX>
    </Extensions>
    </Trackpoint>
<Trackpoint>
      <Time>
      2025-05-11T13:24:58.998Z
    </Time><SensorState>
      Present
    </SensorState><Extensions>
      <TPX xmlns="http://www.garmin.com/xmlschemas/ActivityExtension/v2">
      <nax:Nax>
      <nax:AscentInMeters>
      0.02642822265625
    </nax:AscentInMeters><nax:Moments>
      <nax:Halt xsi:type="nax:Halt_t" action="auto_pause">
      
    </nax:Halt>
    </nax:Moments>
    </nax:Nax>
    </TPX>
    </Extensions>
    </Trackpoint>
<Trackpoint>
      <Time>
      2025-05-11T13:24:59.000Z
    </Time><SensorState>
      Present
    </SensorState><Extensions>
      <TPX xmlns="http://www.garmin.com/xmlschemas/ActivityExtension/v2">
      <nax:Nax>
      <nax:NikeFuel>
      5.041168183746056
    </nax:NikeFuel><nax:Moments>
      <nax:Halt xsi:type="nax:Halt_t" action="auto_pause">
      
    </nax:Halt>
    </nax:Moments>
    </nax:Nax>
    </TPX>
    </Extensions>
    </Trackpoint>
<Trackpoint>
      <Time>
      2025-05-11T13:25:00.057Z
    </Time><SensorState>
      Present
    </SensorState><Extensions>
      <TPX xmlns="http://www.garmin.com/xmlschemas/ActivityExtension/v2">
      <nax:Nax>
      <nax:AscentInMeters>
      0.0528411865234375
    </nax:AscentInMeters><nax:Moments>
      <nax:Halt xsi:type="nax:Halt_t" action="auto_pause">
      
    </nax:Halt>
    </nax:Moments>
    </nax:Nax>
    </TPX>
    </Extensions>
    </Trackpoint>
<Trackpoint>
      <Time>
      2025-05-11T13:25:01.000Z
    </Time><Position>
      <LatitudeDegrees>
      47.429211460495345
    </LatitudeDegrees><LongitudeDegrees>
      -122.28994901819071
    </LongitudeDegrees>
    </Position><AltitudeMeters>
      111.30905478727072
    </AltitudeMeters><SensorState>
      Present
    </SensorState><Extensions>
      <TPX xmlns="http://www.garmin.com/xmlschemas/ActivityExtension/v2">
      <nax:Nax>
      <nax:Moments>
      <nax:Halt xsi:type="nax:Halt_t" action="auto_pause">
      
    </nax:Halt>
    </nax:Moments>
    </nax:Nax>
    </TPX>
    </Extensions>
    </Trackpoint>
<Trackpoint>
      <Time>
      2025-05-11T13:25:01.116Z
    </Time><SensorState>
      Present
    </SensorState><Extensions>
      <TPX xmlns="http://www.garmin.com/xmlschemas/ActivityExtension/v2">
      <nax:Nax>
      <nax:AscentInMeters>
      0.0528411865234375
    </nax:AscentInMeters><nax:Moments>
      <nax:Halt xsi:type="nax:Halt_t" action="auto_pause">
      
    </nax:Halt>
    </nax:Moments>
    </nax:Nax>
    </TPX>
    </Extensions>
    </Trackpoint>
<Trackpoint>
      <Time>
      2025-05-11T13:25:01.212Z
    </Time><DistanceMeters>
      15.121886412147433
    </DistanceMeters><SensorState>
      Present
    </SensorState><Extensions>
      <TPX xmlns="http://www.garmin.com/xmlschemas/ActivityExtension/v2">
      <ns3:Speed>
      1.0154556646006385
    </ns3:Speed><nax:Nax>
      <nax:Pace>
      16.41299295250018
    </nax:Pace><nax:Moments>
      <nax:Halt xsi:type="nax:Halt_t" action="auto_pause">
      
    </nax:Halt>
    </nax:Moments>
    </nax:Nax>
    </TPX>
    </Extensions>
    </Trackpoint>
<Trackpoint>
      <Time>
      2025-05-11T13:25:01.213Z
    </Time><Cadence>
      89.36071872711182
    </Cadence><SensorState>
      Present
    </SensorState><Extensions>
      <TPX xmlns="http://www.garmin.com/xmlschemas/ActivityExtension/v2">
      <nax:Nax>
      <nax:Moments>
      <nax:Halt xsi:type="nax:Halt_t" action="auto_pause">
      
    </nax:Halt>
    </nax:Moments>
    </nax:Nax>
    </TPX>
    </Extensions>
    </Trackpoint>
<Trackpoint>
      <Time>
      2025-05-11T13:25:02.175Z
    </Time><SensorState>
      Present
    </SensorState><Extensions>
      <TPX xmlns="http://www.garmin.com/xmlschemas/ActivityExtension/v2">
      <nax:Nax>
      <nax:AscentInMeters>
      0.0052947998046875
    </nax:AscentInMeters><nax:Moments>
      <nax:Halt xsi:type="nax:Halt_t" action="auto_pause">
      
    </nax:Halt>
    </nax:Moments>
    </nax:Nax>
    </TPX>
    </Extensions>
    </Trackpoint>
<Trackpoint>
      <Time>
      2025-05-11T13:25:03.000Z
    </Time><Position>
      <LatitudeDegrees>
      47.42916742627627
    </LatitudeDegrees><LongitudeDegrees>
      -122.29007236080564
    </LongitudeDegrees>
    </Position><AltitudeMeters>
      110.19133199099451
    </AltitudeMeters><SensorState>
      Present
    </SensorState><Extensions>
      <TPX xmlns="http://www.garmin.com/xmlschemas/ActivityExtension/v2">
      <nax:Nax>
      <nax:Moments>
      <nax:Halt xsi:type="nax:Halt_t" action="auto_pause">
      
    </nax:Halt>
    </nax:Moments>
    </nax:Nax>
    </TPX>
    </Extensions>
    </Trackpoint>
<Trackpoint>
      <Time>
      2025-05-11T13:25:03.234Z
    </Time><SensorState>
      Present
    </SensorState><Extensions>
      <TPX xmlns="http://www.garmin.com/xmlschemas/ActivityExtension/v2">
      <nax:Nax>
      <nax:AscentInMeters>
      0.0396270751953125
    </nax:AscentInMeters><nax:Moments>
      <nax:Halt xsi:type="nax:Halt_t" action="auto_pause">
      
    </nax:Halt>
    </nax:Moments>
    </nax:Nax>
    </TPX>
    </Extensions>
    </Trackpoint>
<Trackpoint>
      <Time>
      2025-05-11T13:25:03.767Z
    </Time><SensorState>
      Present
    </SensorState><Extensions>
      <TPX xmlns="http://www.garmin.com/xmlschemas/ActivityExtension/v2">
      <ns3:Speed>
      1.0154556646006385
    </ns3:Speed><nax:Nax>
      <nax:Pace>
      16.41299295250018
    </nax:Pace><nax:Moments>
      <nax:Halt xsi:type="nax:Halt_t" action="auto_pause">
      
    </nax:Halt>
    </nax:Moments>
    </nax:Nax>
    </TPX>
    </Extensions>
    </Trackpoint>
<Trackpoint>
      <Time>
      2025-05-11T13:25:03.768Z
    </Time><DistanceMeters>
      14.2787592880195
    </DistanceMeters><Cadence>
      89.36071872711182
    </Cadence><SensorState>
      Present
    </SensorState><Extensions>
      <TPX xmlns="http://www.garmin.com/xmlschemas/ActivityExtension/v2">
      <nax:Nax>
      <nax:Moments>
      <nax:Halt xsi:type="nax:Halt_t" action="auto_pause">
      
    </nax:Halt>
    </nax:Moments>
    </nax:Nax>
    </TPX>
    </Extensions>
    </Trackpoint>
<Trackpoint>
      <Time>
      2025-05-11T13:25:04.293Z
    </Time><SensorState>
      Present
    </SensorState><Extensions>
      <TPX xmlns="http://www.garmin.com/xmlschemas/ActivityExtension/v2">
      <nax:Nax>
      <nax:AscentInMeters>
      0.113616943359375
    </nax:AscentInMeters><nax:Moments>
      <nax:Halt xsi:type="nax:Halt_t" action="auto_pause">
      
    </nax:Halt>
    </nax:Moments>
    </nax:Nax>
    </TPX>
    </Extensions>
    </Trackpoint>
<Trackpoint>
      <Time>
      2025-05-11T13:25:05.000Z
    </Time><Position>
      <LatitudeDegrees>
      47.42909746303657
    </LatitudeDegrees><LongitudeDegrees>
      -122.29018462733974
    </LongitudeDegrees>
    </Position><AltitudeMeters>
      112.31316540110856
    </AltitudeMeters><SensorState>
      Present
    </SensorState><Extensions>
      <TPX xmlns="http://www.garmin.com/xmlschemas/ActivityExtension/v2">
      <nax:Nax>
      <nax:Moments>
      <nax:Halt xsi:type="nax:Halt_t" action="auto_pause">
      
    </nax:Halt>
    </nax:Moments>
    </nax:Nax>
    </TPX>
    </Extensions>
    </Trackpoint>
<Trackpoint>
      <Time>
      2025-05-11T13:25:05.352Z
    </Time><SensorState>
      Present
    </SensorState><Extensions>
      <TPX xmlns="http://www.garmin.com/xmlschemas/ActivityExtension/v2">
      <nax:Nax>
      <nax:AscentInMeters>
      0.103057861328125
    </nax:AscentInMeters><nax:Moments>
      <nax:Halt xsi:type="nax:Halt_t" action="auto_pause">
      
    </nax:Halt>
    </nax:Moments>
    </nax:Nax>
    </TPX>
    </Extensions>
    </Trackpoint>
<Trackpoint>
      <Time>
      2025-05-11T13:25:06.322Z
    </Time><SensorState>
      Present
    </SensorState><Extensions>
      <TPX xmlns="http://www.garmin.com/xmlschemas/ActivityExtension/v2">
      <ns3:Speed>
      1.0154556646006385
    </ns3:Speed><nax:Nax>
      <nax:Pace>
      16.41299295250018
    </nax:Pace><nax:Moments>
      <nax:Halt xsi:type="nax:Halt_t" action="auto_pause">
      
    </nax:Halt>
    </nax:Moments>
    </nax:Nax>
    </TPX>
    </Extensions>
    </Trackpoint>
<Trackpoint>
      <Time>
      2025-05-11T13:25:06.323Z
    </Time><DistanceMeters>
      14.592592991422862
    </DistanceMeters><Cadence>
      199.60693359375
    </Cadence><SensorState>
      Present
    </SensorState><Extensions>
      <TPX xmlns="http://www.garmin.com/xmlschemas/ActivityExtension/v2">
      <nax:Nax>
      <nax:Moments>
      <nax:Halt xsi:type="nax:Halt_t" action="auto_pause">
      
    </nax:Halt>
    </nax:Moments>
    </nax:Nax>
    </TPX>
    </Extensions>
    </Trackpoint>
<Trackpoint>
      <Time>
      2025-05-11T13:25:06.411Z
    </Time><SensorState>
      Present
    </SensorState><Extensions>
      <TPX xmlns="http://www.garmin.com/xmlschemas/ActivityExtension/v2">
      <nax:Nax>
      <nax:AscentInMeters>
      0.068695068359375
    </nax:AscentInMeters><nax:Moments>
      <nax:Halt xsi:type="nax:Halt_t" action="auto_pause">
      
    </nax:Halt>
    </nax:Moments>
    </nax:Nax>
    </TPX>
    </Extensions>
    </Trackpoint>
<Trackpoint>
      <Time>
      2025-05-11T13:25:07.000Z
    </Time><Position>
      <LatitudeDegrees>
      47.42905276951639
    </LatitudeDegrees><LongitudeDegrees>
      -122.2903137176202
    </LongitudeDegrees>
    </Position><AltitudeMeters>
      113.0346211725846
    </AltitudeMeters><SensorState>
      Present
    </SensorState><Extensions>
      <TPX xmlns="http://www.garmin.com/xmlschemas/ActivityExtension/v2">
      <nax:Nax>
      <nax:Moments>
      <nax:Halt xsi:type="nax:Halt_t" action="auto_pause">
      
    </nax:Halt>
    </nax:Moments>
    </nax:Nax>
    </TPX>
    </Extensions>
    </Trackpoint>
<Trackpoint>
      <Time>
      2025-05-11T13:25:07.470Z
    </Time><SensorState>
      Present
    </SensorState><Extensions>
      <TPX xmlns="http://www.garmin.com/xmlschemas/ActivityExtension/v2">
      <nax:Nax>
      <nax:AscentInMeters>
      0.1506195068359375
    </nax:AscentInMeters><nax:Moments>
      <nax:Halt xsi:type="nax:Halt_t" action="auto_pause">
      
    </nax:Halt>
    </nax:Moments>
    </nax:Nax>
    </TPX>
    </Extensions>
    </Trackpoint>
<Trackpoint>
      <Time>
      2025-05-11T13:25:08.529Z
    </Time><SensorState>
      Present
    </SensorState><Extensions>
      <TPX xmlns="http://www.garmin.com/xmlschemas/ActivityExtension/v2">
      <nax:Nax>
      <nax:AscentInMeters>
      0.087188720703125
    </nax:AscentInMeters><nax:Moments>
      <nax:Halt xsi:type="nax:Halt_t" action="auto_pause">
      
    </nax:Halt>
    </nax:Moments>
    </nax:Nax>
    </TPX>
    </Extensions>
    </Trackpoint>
<Trackpoint>
      <Time>
      2025-05-11T13:25:08.877Z
    </Time><SensorState>
      Present
    </SensorState><Extensions>
      <TPX xmlns="http://www.garmin.com/xmlschemas/ActivityExtension/v2">
      <ns3:Speed>
      5.230885471167685
    </ns3:Speed><nax:Nax>
      <nax:Pace>
      3.1862037046179457
    </nax:Pace><nax:Moments>
      <nax:Halt xsi:type="nax:Halt_t" action="auto_pause">
      
    </nax:Halt>
    </nax:Moments>
    </nax:Nax>
    </TPX>
    </Extensions>
    </Trackpoint>
<Trackpoint>
      <Time>
      2025-05-11T13:25:08.878Z
    </Time><DistanceMeters>
      11.998871376737952
    </DistanceMeters><Cadence>
      200.92529296875
    </Cadence><SensorState>
      Present
    </SensorState><Extensions>
      <TPX xmlns="http://www.garmin.com/xmlschemas/ActivityExtension/v2">
      <nax:Nax>
      <nax:Moments>
      <nax:Halt xsi:type="nax:Halt_t" action="auto_pause">
      
    </nax:Halt>
    </nax:Moments>
    </nax:Nax>
    </TPX>
    </Extensions>
    </Trackpoint>
<Trackpoint>
      <Time>
      2025-05-11T13:25:09.000Z
    </Time><Position>
      <LatitudeDegrees>
      47.429000904195654
    </LatitudeDegrees><LongitudeDegrees>
      -122.29042759852653
    </LongitudeDegrees>
    </Position><AltitudeMeters>
      113.6462840884924
    </AltitudeMeters><SensorState>
      Present
    </SensorState><Extensions>
      <TPX xmlns="http://www.garmin.com/xmlschemas/ActivityExtension/v2">
      <nax:Nax>
      <nax:NikeFuel>
      13.433736208558564
    </nax:NikeFuel><nax:Moments>
      <nax:Halt xsi:type="nax:Halt_t" action="auto_pause">
      
    </nax:Halt>
    </nax:Moments>
    </nax:Nax>
    </TPX>
    </Extensions>
    </Trackpoint>
<Trackpoint>
      <Time>
      2025-05-11T13:25:09.587Z
    </Time><SensorState>
      Present
    </SensorState><Extensions>
      <TPX xmlns="http://www.garmin.com/xmlschemas/ActivityExtension/v2">
      <nax:Nax>
      <nax:AscentInMeters>
      0.0528411865234375
    </nax:AscentInMeters><nax:Moments>
      <nax:Halt xsi:type="nax:Halt_t" action="auto_pause">
      
    </nax:Halt>
    </nax:Moments>
    </nax:Nax>
    </TPX>
    </Extensions>
    </Trackpoint>
<Trackpoint>
      <Time>
      2025-05-11T13:25:10.646Z
    </Time><SensorState>
      Present
    </SensorState><Extensions>
      <TPX xmlns="http://www.garmin.com/xmlschemas/ActivityExtension/v2">
      <nax:Nax>
      <nax:AscentInMeters>
      0.0105743408203125
    </nax:AscentInMeters><nax:Moments>
      <nax:Halt xsi:type="nax:Halt_t" action="auto_pause">
      
    </nax:Halt>
    </nax:Moments>
    </nax:Nax>
    </TPX>
    </Extensions>
    </Trackpoint>
<Trackpoint>
      <Time>
      2025-05-11T13:25:11.000Z
    </Time><Position>
      <LatitudeDegrees>
      47.42895030281427
    </LatitudeDegrees><LongitudeDegrees>
      -122.29055682980831
    </LongitudeDegrees>
    </Position><AltitudeMeters>
      114.17826653365046
    </AltitudeMeters><SensorState>
      Present
    </SensorState><Extensions>
      <TPX xmlns="http://www.garmin.com/xmlschemas/ActivityExtension/v2">
      <nax:Nax>
      <nax:Moments>
      <nax:Halt xsi:type="nax:Halt_t" action="auto_pause">
      
    </nax:Halt>
    </nax:Moments>
    </nax:Nax>
    </TPX>
    </Extensions>
    </Trackpoint>
<Trackpoint>
      <Time>
      2025-05-11T13:25:11.432Z
    </Time><SensorState>
      Present
    </SensorState><Extensions>
      <TPX xmlns="http://www.garmin.com/xmlschemas/ActivityExtension/v2">
      <ns3:Speed>
      5.296862221564449
    </ns3:Speed><nax:Nax>
      <nax:Pace>
      3.146516932008116
    </nax:Pace><nax:Moments>
      <nax:Halt xsi:type="nax:Halt_t" action="auto_pause">
      
    </nax:Halt>
    </nax:Moments>
    </nax:Nax>
    </TPX>
    </Extensions>
    </Trackpoint>
<Trackpoint>
      <Time>
      2025-05-11T13:25:11.433Z
    </Time><DistanceMeters>
      15.398242215742357
    </DistanceMeters><Cadence>
      200.78367233276367
    </Cadence><SensorState>
      Present
    </SensorState><Extensions>
      <TPX xmlns="http://www.garmin.com/xmlschemas/ActivityExtension/v2">
      <nax:Nax>
      <nax:Moments>
      <nax:Halt xsi:type="nax:Halt_t" action="auto_pause">
      
    </nax:Halt>
    </nax:Moments>
    </nax:Nax>
    </TPX>
    </Extensions>
    </Trackpoint>
<Trackpoint>
      <Time>
      2025-05-11T13:25:11.705Z
    </Time><SensorState>
      Present
    </SensorState><Extensions>
      <TPX xmlns="http://www.garmin.com/xmlschemas/ActivityExtension/v2">
      <nax:Nax>
      <nax:AscentInMeters>
      0.0079345703125
    </nax:AscentInMeters><nax:Moments>
      <nax:Halt xsi:type="nax:Halt_t" action="auto_pause">
      
    </nax:Halt>
    </nax:Moments>
    </nax:Nax>
    </TPX>
    </Extensions>
    </Trackpoint>
<Trackpoint>
      <Time>
      2025-05-11T13:25:13.000Z
    </Time><Position>
      <LatitudeDegrees>
      47.42891410032069
    </LatitudeDegrees><LongitudeDegrees>
      -122.29069061534825
    </LongitudeDegrees>
    </Position><AltitudeMeters>
      113.22284860908985
    </AltitudeMeters><SensorState>
      Present
    </SensorState><Extensions>
      <TPX xmlns="http://www.garmin.com/xmlschemas/ActivityExtension/v2">
      <nax:Nax>
      <nax:Moments>
      <nax:Halt xsi:type="nax:Halt_t" action="auto_pause">
      
    </nax:Halt>
    </nax:Moments>
    </nax:Nax>
    </TPX>
    </Extensions>
    </Trackpoint>
<Trackpoint>
      <Time>
      2025-05-11T13:25:13.987Z
    </Time><SensorState>
      Present
    </SensorState><Extensions>
      <TPX xmlns="http://www.garmin.com/xmlschemas/ActivityExtension/v2">
      <ns3:Speed>
      5.3428365886990115
    </ns3:Speed><nax:Nax>
      <nax:Pace>
      3.1194415906186315
    </nax:Pace><nax:Moments>
      <nax:Halt xsi:type="nax:Halt_t" action="auto_pause">
      
    </nax:Halt>
    </nax:Moments>
    </nax:Nax>
    </TPX>
    </Extensions>
    </Trackpoint>
<Trackpoint>
      <Time>
      2025-05-11T13:25:13.988Z
    </Time><DistanceMeters>
      13.472507169935852
    </DistanceMeters><Cadence>
      200.78367233276367
    </Cadence><SensorState>
      Present
    </SensorState><Extensions>
      <TPX xmlns="http://www.garmin.com/xmlschemas/ActivityExtension/v2">
      <nax:Nax>
      <nax:Moments>
      <nax:Halt xsi:type="nax:Halt_t" action="auto_pause">
      
    </nax:Halt>
    </nax:Moments>
    </nax:Nax>
    </TPX>
    </Extensions>
    </Trackpoint>
<Trackpoint>
      <Time>
      2025-05-11T13:25:15.000Z
    </Time><Position>
      <LatitudeDegrees>
      47.42887997566164
    </LatitudeDegrees><LongitudeDegrees>
      -122.29083346034314
    </LongitudeDegrees>
    </Position><AltitudeMeters>
      112.90397389233112
    </AltitudeMeters><SensorState>
      Present
    </SensorState><Extensions>
      <TPX xmlns="http://www.garmin.com/xmlschemas/ActivityExtension/v2">
      <nax:Nax>
      <nax:Moments>
      <nax:Halt xsi:type="nax:Halt_t" action="auto_pause">
      
    </nax:Halt>
    </nax:Moments>
    </nax:Nax>
    </TPX>
    </Extensions>
    </Trackpoint>
<Trackpoint>
      <Time>
      2025-05-11T13:25:15.942Z
    </Time><SensorState>
      Present
    </SensorState><Extensions>
      <TPX xmlns="http://www.garmin.com/xmlschemas/ActivityExtension/v2">
      <nax:Nax>
      <nax:DescentInMeters>
      0.10040283203125
    </nax:DescentInMeters><nax:Moments>
      <nax:Halt xsi:type="nax:Halt_t" action="auto_pause">
      
    </nax:Halt>
    </nax:Moments>
    </nax:Nax>
    </TPX>
    </Extensions>
    </Trackpoint>
<Trackpoint>
      <Time>
      2025-05-11T13:25:16.542Z
    </Time><SensorState>
      Present
    </SensorState><Extensions>
      <TPX xmlns="http://www.garmin.com/xmlschemas/ActivityExtension/v2">
      <ns3:Speed>
      5.3428365886990115
    </ns3:Speed><nax:Nax>
      <nax:Pace>
      3.1194415906186315
    </nax:Pace><nax:Moments>
      <nax:Halt xsi:type="nax:Halt_t" action="auto_pause">
      
    </nax:Halt>
    </nax:Moments>
    </nax:Nax>
    </TPX>
    </Extensions>
    </Trackpoint>
<Trackpoint>
      <Time>
      2025-05-11T13:25:16.543Z
    </Time><DistanceMeters>
      8.205566533724777
    </DistanceMeters><Cadence>
      200.78367233276367
    </Cadence><SensorState>
      Present
    </SensorState><Extensions>
      <TPX xmlns="http://www.garmin.com/xmlschemas/ActivityExtension/v2">
      <nax:Nax>
      <nax:Moments>
      <nax:Halt xsi:type="nax:Halt_t" action="auto_pause">
      
    </nax:Halt>
    </nax:Moments>
    </nax:Nax>
    </TPX>
    </Extensions>
    </Trackpoint>
<Trackpoint>
      <Time>
      2025-05-11T13:25:17.001Z
    </Time><SensorState>
      Present
    </SensorState><Extensions>
      <TPX xmlns="http://www.garmin.com/xmlschemas/ActivityExtension/v2">
      <nax:Nax>
      <nax:DescentInMeters>
      0.1030426025390625
    </nax:DescentInMeters><nax:Moments>
      <nax:Halt xsi:type="nax:Halt_t" action="auto_pause">
      
    </nax:Halt>
    </nax:Moments>
    </nax:Nax>
    </TPX>
    </Extensions>
    </Trackpoint>
<Trackpoint>
      <Time>
      2025-05-11T13:25:18.000Z
    </Time><Position>
      <LatitudeDegrees>
      47.42885904616368
    </LatitudeDegrees><LongitudeDegrees>
      -122.29096242918648
    </LongitudeDegrees>
    </Position><AltitudeMeters>
      113.63607469759881
    </AltitudeMeters><SensorState>
      Present
    </SensorState><Extensions>
      <TPX xmlns="http://www.garmin.com/xmlschemas/ActivityExtension/v2">
      <nax:Nax>
      <nax:Moments>
      <nax:Halt xsi:type="nax:Halt_t" action="auto_pause">
      
    </nax:Halt>
    </nax:Moments>
    </nax:Nax>
    </TPX>
    </Extensions>
    </Trackpoint>
<Trackpoint>
      <Time>
      2025-05-11T13:25:18.060Z
    </Time><SensorState>
      Present
    </SensorState><Extensions>
      <TPX xmlns="http://www.garmin.com/xmlschemas/ActivityExtension/v2">
      <nax:Nax>
      <nax:DescentInMeters>
      0.140045166015625
    </nax:DescentInMeters><nax:Moments>
      <nax:Halt xsi:type="nax:Halt_t" action="auto_pause">
      
    </nax:Halt>
    </nax:Moments>
    </nax:Nax>
    </TPX>
    </Extensions>
    </Trackpoint>
<Trackpoint>
      <Time>
      2025-05-11T13:25:19.000Z
    </Time><SensorState>
      Present
    </SensorState><Extensions>
      <TPX xmlns="http://www.garmin.com/xmlschemas/ActivityExtension/v2">
      <nax:Nax>
      <nax:NikeFuel>
      7.295943368360029
    </nax:NikeFuel><nax:Moments>
      <nax:Halt xsi:type="nax:Halt_t" action="auto_pause">
      
    </nax:Halt>
    </nax:Moments>
    </nax:Nax>
    </TPX>
    </Extensions>
    </Trackpoint>
<Trackpoint>
      <Time>
      2025-05-11T13:25:19.097Z
    </Time><SensorState>
      Present
    </SensorState><Extensions>
      <TPX xmlns="http://www.garmin.com/xmlschemas/ActivityExtension/v2">
      <ns3:Speed>
      5.3428365886990115
    </ns3:Speed><nax:Nax>
      <nax:Pace>
      3.1194415906186315
    </nax:Pace><nax:Moments>
      <nax:Halt xsi:type="nax:Halt_t" action="auto_pause">
      
    </nax:Halt>
    </nax:Moments>
    </nax:Nax>
    </TPX>
    </Extensions>
    </Trackpoint>
<Trackpoint>
      <Time>
      2025-05-11T13:25:19.098Z
    </Time><DistanceMeters>
      3.952610583277419
    </DistanceMeters><Cadence>
      140.46080589294434
    </Cadence><SensorState>
      Present
    </SensorState><Extensions>
      <TPX xmlns="http://www.garmin.com/xmlschemas/ActivityExtension/v2">
      <nax:Nax>
      <nax:Moments>
      <nax:Halt xsi:type="nax:Halt_t" action="auto_pause">
      
    </nax:Halt>
    </nax:Moments>
    </nax:Nax>
    </TPX>
    </Extensions>
    </Trackpoint>
<Trackpoint>
      <Time>
      2025-05-11T13:25:19.120Z
    </Time><SensorState>
      Present
    </SensorState><Extensions>
      <TPX xmlns="http://www.garmin.com/xmlschemas/ActivityExtension/v2">
      <nax:Nax>
      <nax:DescentInMeters>
      0.11627197265625
    </nax:DescentInMeters><nax:Moments>
      <nax:Halt xsi:type="nax:Halt_t" action="auto_pause">
      
    </nax:Halt>
    </nax:Moments>
    </nax:Nax>
    </TPX>
    </Extensions>
    </Trackpoint>
<Trackpoint>
      <Time>
      2025-05-11T13:25:20.179Z
    </Time><SensorState>
      Present
    </SensorState><Extensions>
      <TPX xmlns="http://www.garmin.com/xmlschemas/ActivityExtension/v2">
      <nax:Nax>
      <nax:DescentInMeters>
      0.060760498046875
    </nax:DescentInMeters><nax:Moments>
      <nax:Halt xsi:type="nax:Halt_t" action="auto_pause">
      
    </nax:Halt>
    </nax:Moments>
    </nax:Nax>
    </TPX>
    </Extensions>
    </Trackpoint>
<Trackpoint>
      <Time>
      2025-05-11T13:25:21.238Z
    </Time><SensorState>
      Present
    </SensorState><Extensions>
      <TPX xmlns="http://www.garmin.com/xmlschemas/ActivityExtension/v2">
      <nax:Nax>
      <nax:DescentInMeters>
      0.0290679931640625
    </nax:DescentInMeters><nax:Moments>
      <nax:Halt xsi:type="nax:Halt_t" action="auto_pause">
      
    </nax:Halt>
    </nax:Moments>
    </nax:Nax>
    </TPX>
    </Extensions>
    </Trackpoint>
<Trackpoint>
      <Time>
      2025-05-11T13:25:21.652Z
    </Time><SensorState>
      Present
    </SensorState><Extensions>
      <TPX xmlns="http://www.garmin.com/xmlschemas/ActivityExtension/v2">
      <ns3:Speed>
      2.1310395095797237
    </ns3:Speed><nax:Nax>
      <nax:Pace>
      7.820909275376884
    </nax:Pace><nax:Moments>
      <nax:Halt xsi:type="nax:Halt_t" action="auto_pause">
      
    </nax:Halt>
    </nax:Moments>
    </nax:Nax>
    </TPX>
    </Extensions>
    </Trackpoint>
<Trackpoint>
      <Time>
      2025-05-11T13:25:21.653Z
    </Time><DistanceMeters>
      1.7606952142668888
    </DistanceMeters><Cadence>
      140.46080589294434
    </Cadence><SensorState>
      Present
    </SensorState><Extensions>
      <TPX xmlns="http://www.garmin.com/xmlschemas/ActivityExtension/v2">
      <nax:Nax>
      <nax:Moments>
      <nax:Halt xsi:type="nax:Halt_t" action="auto_pause">
      
    </nax:Halt>
    </nax:Moments>
    </nax:Nax>
    </TPX>
    </Extensions>
    </Trackpoint>
<Trackpoint>
      <Time>
      2025-05-11T13:25:22.297Z
    </Time><SensorState>
      Present
    </SensorState><Extensions>
      <TPX xmlns="http://www.garmin.com/xmlschemas/ActivityExtension/v2">
      <nax:Nax>
      <nax:DescentInMeters>
      0.050201416015625
    </nax:DescentInMeters><nax:Moments>
      <nax:Halt xsi:type="nax:Halt_t" action="auto_pause">
      
    </nax:Halt>
    </nax:Moments>
    </nax:Nax>
    </TPX>
    </Extensions>
    </Trackpoint>
<Trackpoint>
      <Time>
      2025-05-11T13:25:23.356Z
    </Time><SensorState>
      Present
    </SensorState><Extensions>
      <TPX xmlns="http://www.garmin.com/xmlschemas/ActivityExtension/v2">
      <nax:Nax>
      <nax:DescentInMeters>
      0.021148681640625
    </nax:DescentInMeters><nax:Moments>
      <nax:Halt xsi:type="nax:Halt_t" action="auto_pause">
      
    </nax:Halt>
    </nax:Moments>
    </nax:Nax>
    </TPX>
    </Extensions>
    </Trackpoint>
<Trackpoint>
      <Time>
      2025-05-11T13:25:24.207Z
    </Time><SensorState>
      Present
    </SensorState><Extensions>
      <TPX xmlns="http://www.garmin.com/xmlschemas/ActivityExtension/v2">
      <ns3:Speed>
      2.1310395095797237
    </ns3:Speed><nax:Nax>
      <nax:Pace>
      7.820909275376884
    </nax:Pace><nax:Moments>
      <nax:Halt xsi:type="nax:Halt_t" action="auto_pause">
      
    </nax:Halt>
    </nax:Moments>
    </nax:Nax>
    </TPX>
    </Extensions>
    </Trackpoint>
<Trackpoint>
      <Time>
      2025-05-11T13:25:24.208Z
    </Time><DistanceMeters>
      2.013621254474856
    </DistanceMeters><Cadence>
      124.21003818511963
    </Cadence><SensorState>
      Present
    </SensorState><Extensions>
      <TPX xmlns="http://www.garmin.com/xmlschemas/ActivityExtension/v2">
      <nax:Nax>
      <nax:Moments>
      <nax:Halt xsi:type="nax:Halt_t" action="auto_pause">
      
    </nax:Halt>
    </nax:Moments>
    </nax:Nax>
    </TPX>
    </Extensions>
    </Trackpoint>
<Trackpoint>
      <Time>
      2025-05-11T13:25:24.415Z
    </Time><SensorState>
      Present
    </SensorState><Extensions>
      <TPX xmlns="http://www.garmin.com/xmlschemas/ActivityExtension/v2">
      <nax:Nax>
      <nax:DescentInMeters>
      0.005279541015625
    </nax:DescentInMeters><nax:Moments>
      <nax:Halt xsi:type="nax:Halt_t" action="auto_pause">
      
    </nax:Halt>
    </nax:Moments>
    </nax:Nax>
    </TPX>
    </Extensions>
    </Trackpoint>
<Trackpoint>
      <Time>
      2025-05-11T13:25:26.762Z
    </Time><SensorState>
      Present
    </SensorState><Extensions>
      <TPX xmlns="http://www.garmin.com/xmlschemas/ActivityExtension/v2">
      <ns3:Speed>
      1.6142267979944427
    </ns3:Speed><nax:Nax>
      <nax:Pace>
      10.324860600365305
    </nax:Pace><nax:Moments>
      <nax:Halt xsi:type="nax:Halt_t" action="auto_pause">
      
    </nax:Halt>
    </nax:Moments>
    </nax:Nax>
    </TPX>
    </Extensions>
    </Trackpoint>
<Trackpoint>
      <Time>
      2025-05-11T13:25:26.763Z
    </Time><DistanceMeters>
      0.8954370249994099
    </DistanceMeters><Cadence>
      124.21003818511963
    </Cadence><SensorState>
      Present
    </SensorState><Extensions>
      <TPX xmlns="http://www.garmin.com/xmlschemas/ActivityExtension/v2">
      <nax:Nax>
      <nax:Moments>
      <nax:Halt xsi:type="nax:Halt_t" action="auto_pause">
      
    </nax:Halt>
    </nax:Moments>
    </nax:Nax>
    </TPX>
    </Extensions>
    </Trackpoint>
<Trackpoint>
      <Time>
      2025-05-11T13:25:28.651Z
    </Time><SensorState>
      Present
    </SensorState><Extensions>
      <TPX xmlns="http://www.garmin.com/xmlschemas/ActivityExtension/v2">
      <nax:Nax>
      <nax:AscentInMeters>
      0.023773193359375
    </nax:AscentInMeters><nax:Moments>
      <nax:Halt xsi:type="nax:Halt_t" action="auto_pause">
      
    </nax:Halt>
    </nax:Moments>
    </nax:Nax>
    </TPX>
    </Extensions>
    </Trackpoint>
<Trackpoint>
      <Time>
      2025-05-11T13:25:29.000Z
    </Time><SensorState>
      Present
    </SensorState><Extensions>
      <TPX xmlns="http://www.garmin.com/xmlschemas/ActivityExtension/v2">
      <nax:Nax>
      <nax:NikeFuel>
      2.3616676245338697
    </nax:NikeFuel><nax:Moments>
      <nax:Halt xsi:type="nax:Halt_t" action="auto_pause">
      
    </nax:Halt>
    </nax:Moments>
    </nax:Nax>
    </TPX>
    </Extensions>
    </Trackpoint>
<Trackpoint>
      <Time>
      2025-05-11T13:25:29.317Z
    </Time><DistanceMeters>
      2.286922406288795
    </DistanceMeters><SensorState>
      Present
    </SensorState><Extensions>
      <TPX xmlns="http://www.garmin.com/xmlschemas/ActivityExtension/v2">
      <ns3:Speed>
      1.6142267979944427
    </ns3:Speed><nax:Nax>
      <nax:Pace>
      10.324860600365305
    </nax:Pace><nax:Moments>
      <nax:Halt xsi:type="nax:Halt_t" action="auto_pause">
      
    </nax:Halt>
    </nax:Moments>
    </nax:Nax>
    </TPX>
    </Extensions>
    </Trackpoint>
<Trackpoint>
      <Time>
      2025-05-11T13:25:29.318Z
    </Time><Cadence>
      124.21003818511963
    </Cadence><SensorState>
      Present
    </SensorState><Extensions>
      <TPX xmlns="http://www.garmin.com/xmlschemas/ActivityExtension/v2">
      <nax:Nax>
      <nax:Moments>
      <nax:Halt xsi:type="nax:Halt_t" action="auto_pause">
      
    </nax:Halt>
    </nax:Moments>
    </nax:Nax>
    </TPX>
    </Extensions>
    </Trackpoint>
<Trackpoint>
      <Time>
      2025-05-11T13:25:29.710Z
    </Time><SensorState>
      Present
    </SensorState><Extensions>
      <TPX xmlns="http://www.garmin.com/xmlschemas/ActivityExtension/v2">
      <nax:Nax>
      <nax:AscentInMeters>
      0.039642333984375
    </nax:AscentInMeters><nax:Moments>
      <nax:Halt xsi:type="nax:Halt_t" action="auto_pause">
      
    </nax:Halt>
    </nax:Moments>
    </nax:Nax>
    </TPX>
    </Extensions>
    </Trackpoint>
<Trackpoint>
      <Time>
      2025-05-11T13:25:30.769Z
    </Time><SensorState>
      Present
    </SensorState><Extensions>
      <TPX xmlns="http://www.garmin.com/xmlschemas/ActivityExtension/v2">
      <nax:Nax>
      <nax:AscentInMeters>
      0.0264129638671875
    </nax:AscentInMeters><nax:Moments>
      <nax:Halt xsi:type="nax:Halt_t" action="auto_pause">
      
    </nax:Halt>
    </nax:Moments>
    </nax:Nax>
    </TPX>
    </Extensions>
    </Trackpoint>
<Trackpoint>
      <Time>
      2025-05-11T13:25:31.828Z
    </Time><SensorState>
      Present
    </SensorState><Extensions>
      <TPX xmlns="http://www.garmin.com/xmlschemas/ActivityExtension/v2">
      <nax:Nax>
      <nax:AscentInMeters>
      0.013214111328125
    </nax:AscentInMeters><nax:Moments>
      <nax:Halt xsi:type="nax:Halt_t" action="auto_pause">
      
    </nax:Halt>
    </nax:Moments>
    </nax:Nax>
    </TPX>
    </Extensions>
    </Trackpoint>
<Trackpoint>
      <Time>
      2025-05-11T13:25:31.872Z
    </Time><SensorState>
      Present
    </SensorState><Extensions>
      <TPX xmlns="http://www.garmin.com/xmlschemas/ActivityExtension/v2">
      <ns3:Speed>
      1.6142267979944427
    </ns3:Speed><nax:Nax>
      <nax:Pace>
      10.324860600365305
    </nax:Pace><nax:Moments>
      <nax:Halt xsi:type="nax:Halt_t" action="auto_pause">
      
    </nax:Halt>
    </nax:Moments>
    </nax:Nax>
    </TPX>
    </Extensions>
    </Trackpoint>
<Trackpoint>
      <Time>
      2025-05-11T13:25:31.873Z
    </Time><DistanceMeters>
      2.639999489998445
    </DistanceMeters><Cadence>
      114.72872257232666
    </Cadence><SensorState>
      Present
    </SensorState><Extensions>
      <TPX xmlns="http://www.garmin.com/xmlschemas/ActivityExtension/v2">
      <nax:Nax>
      <nax:Moments>
      <nax:Halt xsi:type="nax:Halt_t" action="auto_pause">
      
    </nax:Halt>
    </nax:Moments>
    </nax:Nax>
    </TPX>
    </Extensions>
    </Trackpoint>
<Trackpoint>
      <Time>
      2025-05-11T13:25:32.887Z
    </Time><SensorState>
      Present
    </SensorState><Extensions>
      <TPX xmlns="http://www.garmin.com/xmlschemas/ActivityExtension/v2">
      <nax:Nax>
      <nax:AscentInMeters>
      0.0158538818359375
    </nax:AscentInMeters><nax:Moments>
      <nax:Halt xsi:type="nax:Halt_t" action="auto_pause">
      
    </nax:Halt>
    </nax:Moments>
    </nax:Nax>
    </TPX>
    </Extensions>
    </Trackpoint>
<Trackpoint>
      <Time>
      2025-05-11T13:25:34.427Z
    </Time><SensorState>
      Present
    </SensorState><Extensions>
      <TPX xmlns="http://www.garmin.com/xmlschemas/ActivityExtension/v2">
      <ns3:Speed>
      0.9080179156678787
    </ns3:Speed><nax:Nax>
      <nax:Pace>
      18.3549976042133
    </nax:Pace><nax:Moments>
      <nax:Halt xsi:type="nax:Halt_t" action="auto_pause">
      
    </nax:Halt>
    </nax:Moments>
    </nax:Nax>
    </TPX>
    </Extensions>
    </Trackpoint>
<Trackpoint>
      <Time>
      2025-05-11T13:25:34.428Z
    </Time><DistanceMeters>
      0.5882020776625723
    </DistanceMeters><Cadence>
      112.58045196533203
    </Cadence><SensorState>
      Present
    </SensorState><Extensions>
      <TPX xmlns="http://www.garmin.com/xmlschemas/ActivityExtension/v2">
      <nax:Nax>
      <nax:Moments>
      <nax:Halt xsi:type="nax:Halt_t" action="auto_pause">
      
    </nax:Halt>
    </nax:Moments>
    </nax:Nax>
    </TPX>
    </Extensions>
    </Trackpoint>
<Trackpoint>
      <Time>
      2025-05-11T13:25:36.982Z
    </Time><SensorState>
      Present
    </SensorState><Extensions>
      <TPX xmlns="http://www.garmin.com/xmlschemas/ActivityExtension/v2">
      <ns3:Speed>
      0.8993609101857827
    </ns3:Speed><nax:Nax>
      <nax:Pace>
      18.53167785914089
    </nax:Pace><nax:Moments>
      <nax:Halt xsi:type="nax:Halt_t" action="auto_pause">
      
    </nax:Halt>
    </nax:Moments>
    </nax:Nax>
    </TPX>
    </Extensions>
    </Trackpoint>
<Trackpoint>
      <Time>
      2025-05-11T13:25:36.983Z
    </Time><DistanceMeters>
      1.7853200585814193
    </DistanceMeters><Cadence>
      111.64720058441162
    </Cadence><SensorState>
      Present
    </SensorState><Extensions>
      <TPX xmlns="http://www.garmin.com/xmlschemas/ActivityExtension/v2">
      <nax:Nax>
      <nax:Moments>
      <nax:Halt xsi:type="nax:Halt_t" action="auto_pause">
      
    </nax:Halt>
    </nax:Moments>
    </nax:Nax>
    </TPX>
    </Extensions>
    </Trackpoint>
<Trackpoint>
      <Time>
      2025-05-11T13:25:37.124Z
    </Time><SensorState>
      Present
    </SensorState><Extensions>
      <TPX xmlns="http://www.garmin.com/xmlschemas/ActivityExtension/v2">
      <nax:Nax>
      <nax:DescentInMeters>
      0.02642822265625
    </nax:DescentInMeters><nax:Moments>
      <nax:Halt xsi:type="nax:Halt_t" action="auto_pause">
      
    </nax:Halt>
    </nax:Moments>
    </nax:Nax>
    </TPX>
    </Extensions>
    </Trackpoint>
<Trackpoint>
      <Time>
      2025-05-11T13:25:38.183Z
    </Time><SensorState>
      Present
    </SensorState><Extensions>
      <TPX xmlns="http://www.garmin.com/xmlschemas/ActivityExtension/v2">
      <nax:Nax>
      <nax:DescentInMeters>
      0.0158538818359375
    </nax:DescentInMeters><nax:Moments>
      <nax:Halt xsi:type="nax:Halt_t" action="auto_pause">
      
    </nax:Halt>
    </nax:Moments>
    </nax:Nax>
    </TPX>
    </Extensions>
    </Trackpoint>
<Trackpoint>
      <Time>
      2025-05-11T13:25:39.000Z
    </Time><SensorState>
      Present
    </SensorState><Extensions>
      <TPX xmlns="http://www.garmin.com/xmlschemas/ActivityExtension/v2">
      <nax:Nax>
      <nax:NikeFuel>
      1.8703932521634148
    </nax:NikeFuel><nax:Moments>
      <nax:Halt xsi:type="nax:Halt_t" action="auto_pause">
      
    </nax:Halt>
    </nax:Moments>
    </nax:Nax>
    </TPX>
    </Extensions>
    </Trackpoint>
<Trackpoint>
      <Time>
      2025-05-11T13:25:39.242Z
    </Time><SensorState>
      Present
    </SensorState><Extensions>
      <TPX xmlns="http://www.garmin.com/xmlschemas/ActivityExtension/v2">
      <nax:Nax>
      <nax:DescentInMeters>
      0.023773193359375
    </nax:DescentInMeters><nax:Moments>
      <nax:Halt xsi:type="nax:Halt_t" action="auto_pause">
      
    </nax:Halt>
    </nax:Moments>
    </nax:Nax>
    </TPX>
    </Extensions>
    </Trackpoint>
<Trackpoint>
      <Time>
      2025-05-11T13:25:39.537Z
    </Time><SensorState>
      Present
    </SensorState><Extensions>
      <TPX xmlns="http://www.garmin.com/xmlschemas/ActivityExtension/v2">
      <ns3:Speed>
      0.8914417171394897
    </ns3:Speed><nax:Nax>
      <nax:Pace>
      18.69630548606996
    </nax:Pace><nax:Moments>
      <nax:Halt xsi:type="nax:Halt_t" action="auto_pause">
      
    </nax:Halt>
    </nax:Moments>
    </nax:Nax>
    </TPX>
    </Extensions>
    </Trackpoint>
<Trackpoint>
      <Time>
      2025-05-11T13:25:39.538Z
    </Time><DistanceMeters>
      2.4200512156821787
    </DistanceMeters><Cadence>
      109.83101606369019
    </Cadence><SensorState>
      Present
    </SensorState><Extensions>
      <TPX xmlns="http://www.garmin.com/xmlschemas/ActivityExtension/v2">
      <nax:Nax>
      <nax:Moments>
      <nax:Halt xsi:type="nax:Halt_t" action="auto_pause">
      
    </nax:Halt>
    </nax:Moments>
    </nax:Nax>
    </TPX>
    </Extensions>
    </Trackpoint>
<Trackpoint>
      <Time>
      2025-05-11T13:25:40.301Z
    </Time><SensorState>
      Present
    </SensorState><Extensions>
      <TPX xmlns="http://www.garmin.com/xmlschemas/ActivityExtension/v2">
      <nax:Nax>
      <nax:DescentInMeters>
      0.021148681640625
    </nax:DescentInMeters><nax:Moments>
      <nax:Halt xsi:type="nax:Halt_t" action="auto_pause">
      
    </nax:Halt>
    </nax:Moments>
    </nax:Nax>
    </TPX>
    </Extensions>
    </Trackpoint>
<Trackpoint>
      <Time>
      2025-05-11T13:25:41.360Z
    </Time><SensorState>
      Present
    </SensorState><Extensions>
      <TPX xmlns="http://www.garmin.com/xmlschemas/ActivityExtension/v2">
      <nax:Nax>
      <nax:DescentInMeters>
      0.0158538818359375
    </nax:DescentInMeters><nax:Moments>
      <nax:Halt xsi:type="nax:Halt_t" action="auto_pause">
      
    </nax:Halt>
    </nax:Moments>
    </nax:Nax>
    </TPX>
    </Extensions>
    </Trackpoint>
<Trackpoint>
      <Time>
      2025-05-11T13:25:42.092Z
    </Time><SensorState>
      Present
    </SensorState><Extensions>
      <TPX xmlns="http://www.garmin.com/xmlschemas/ActivityExtension/v2">
      <ns3:Speed>
      0.8705177831376755
    </ns3:Speed><nax:Nax>
      <nax:Pace>
      19.1456935050697
    </nax:Pace><nax:Moments>
      <nax:Halt xsi:type="nax:Halt_t" action="auto_pause">
      
    </nax:Halt>
    </nax:Moments>
    </nax:Nax>
    </TPX>
    </Extensions>
    </Trackpoint>
<Trackpoint>
      <Time>
      2025-05-11T13:25:42.093Z
    </Time><DistanceMeters>
      2.05705598089844
    </DistanceMeters><Cadence>
      109.83101606369019
    </Cadence><SensorState>
      Present
    </SensorState><Extensions>
      <TPX xmlns="http://www.garmin.com/xmlschemas/ActivityExtension/v2">
      <nax:Nax>
      <nax:Moments>
      <nax:Halt xsi:type="nax:Halt_t" action="auto_pause">
      
    </nax:Halt>
    </nax:Moments>
    </nax:Nax>
    </TPX>
    </Extensions>
    </Trackpoint>
<Trackpoint>
      <Time>
      2025-05-11T13:25:42.419Z
    </Time><SensorState>
      Present
    </SensorState><Extensions>
      <TPX xmlns="http://www.garmin.com/xmlschemas/ActivityExtension/v2">
      <nax:Nax>
      <nax:DescentInMeters>
      0.01849365234375
    </nax:DescentInMeters><nax:Moments>
      <nax:Halt xsi:type="nax:Halt_t" action="auto_pause">
      
    </nax:Halt>
    </nax:Moments>
    </nax:Nax>
    </TPX>
    </Extensions>
    </Trackpoint>
<Trackpoint>
      <Time>
      2025-05-11T13:25:43.478Z
    </Time><SensorState>
      Present
    </SensorState><Extensions>
      <TPX xmlns="http://www.garmin.com/xmlschemas/ActivityExtension/v2">
      <nax:Nax>
      <nax:DescentInMeters>
      0.023773193359375
    </nax:DescentInMeters><nax:Moments>
      <nax:Halt xsi:type="nax:Halt_t" action="auto_pause">
      
    </nax:Halt>
    </nax:Moments>
    </nax:Nax>
    </TPX>
    </Extensions>
    </Trackpoint>
<Trackpoint>
      <Time>
      2025-05-11T13:25:44.537Z
    </Time><SensorState>
      Present
    </SensorState><Extensions>
      <TPX xmlns="http://www.garmin.com/xmlschemas/ActivityExtension/v2">
      <nax:Nax>
      <nax:DescentInMeters>
      0.021148681640625
    </nax:DescentInMeters><nax:Moments>
      <nax:Halt xsi:type="nax:Halt_t" action="auto_pause">
      
    </nax:Halt>
    </nax:Moments>
    </nax:Nax>
    </TPX>
    </Extensions>
    </Trackpoint>
<Trackpoint>
      <Time>
      2025-05-11T13:25:44.647Z
    </Time><SensorState>
      Present
    </SensorState><Extensions>
      <TPX xmlns="http://www.garmin.com/xmlschemas/ActivityExtension/v2">
      <ns3:Speed>
      0.8705177831376755
    </ns3:Speed><nax:Nax>
      <nax:Pace>
      19.1456935050697
    </nax:Pace><nax:Moments>
      <nax:Halt xsi:type="nax:Halt_t" action="auto_pause">
      
    </nax:Halt>
    </nax:Moments>
    </nax:Nax>
    </TPX>
    </Extensions>
    </Trackpoint>
<Trackpoint>
      <Time>
      2025-05-11T13:25:44.648Z
    </Time><DistanceMeters>
      1.8978041366208345
    </DistanceMeters><Cadence>
      109.83101606369019
    </Cadence><SensorState>
      Present
    </SensorState><Extensions>
      <TPX xmlns="http://www.garmin.com/xmlschemas/ActivityExtension/v2">
      <nax:Nax>
      <nax:Moments>
      <nax:Halt xsi:type="nax:Halt_t" action="auto_pause">
      
    </nax:Halt>
    </nax:Moments>
    </nax:Nax>
    </TPX>
    </Extensions>
    </Trackpoint>
<Trackpoint>
      <Time>
      2025-05-11T13:25:47.202Z
    </Time><SensorState>
      Present
    </SensorState><Extensions>
      <TPX xmlns="http://www.garmin.com/xmlschemas/ActivityExtension/v2">
      <ns3:Speed>
      0.8705177831376755
    </ns3:Speed><nax:Nax>
      <nax:Pace>
      19.1456935050697
    </nax:Pace><nax:Moments>
      <nax:Halt xsi:type="nax:Halt_t" action="auto_pause">
      
    </nax:Halt>
    </nax:Moments>
    </nax:Nax>
    </TPX>
    </Extensions>
    </Trackpoint>
<Trackpoint>
      <Time>
      2025-05-11T13:25:47.203Z
    </Time><DistanceMeters>
      2.071530259680003
    </DistanceMeters><Cadence>
      94.67493295669556
    </Cadence><SensorState>
      Present
    </SensorState><Extensions>
      <TPX xmlns="http://www.garmin.com/xmlschemas/ActivityExtension/v2">
      <nax:Nax>
      <nax:Moments>
      <nax:Halt xsi:type="nax:Halt_t" action="auto_pause">
      
    </nax:Halt>
    </nax:Moments>
    </nax:Nax>
    </TPX>
    </Extensions>
    </Trackpoint>
<Trackpoint>
      <Time>
      2025-05-11T13:25:48.773Z
    </Time><SensorState>
      Present
    </SensorState><Extensions>
      <TPX xmlns="http://www.garmin.com/xmlschemas/ActivityExtension/v2">
      <nax:Nax>
      <nax:AscentInMeters>
      0.023773193359375
    </nax:AscentInMeters><nax:Moments>
      <nax:Halt xsi:type="nax:Halt_t" action="auto_pause">
      
    </nax:Halt>
    </nax:Moments>
    </nax:Nax>
    </TPX>
    </Extensions>
    </Trackpoint>
<Trackpoint>
      <Time>
      2025-05-11T13:25:49.000Z
    </Time><SensorState>
      Present
    </SensorState><Extensions>
      <TPX xmlns="http://www.garmin.com/xmlschemas/ActivityExtension/v2">
      <nax:Nax>
      <nax:NikeFuel>
      2.1220104606240273
    </nax:NikeFuel><nax:Moments>
      <nax:Halt xsi:type="nax:Halt_t" action="auto_pause">
      
    </nax:Halt>
    </nax:Moments>
    </nax:Nax>
    </TPX>
    </Extensions>
    </Trackpoint>
<Trackpoint>
      <Time>
      2025-05-11T13:25:49.757Z
    </Time><SensorState>
      Present
    </SensorState><Extensions>
      <TPX xmlns="http://www.garmin.com/xmlschemas/ActivityExtension/v2">
      <ns3:Speed>
      1.110099514453441
    </ns3:Speed><nax:Nax>
      <nax:Pace>
      15.013668999641464
    </nax:Pace><nax:Moments>
      <nax:Halt xsi:type="nax:Halt_t" action="auto_pause">
      
    </nax:Halt>
    </nax:Moments>
    </nax:Nax>
    </TPX>
    </Extensions>
    </Trackpoint>
<Trackpoint>
      <Time>
      2025-05-11T13:25:49.758Z
    </Time><DistanceMeters>
      0.9775841232622041
    </DistanceMeters><Cadence>
      94.67493295669556
    </Cadence><SensorState>
      Present
    </SensorState><Extensions>
      <TPX xmlns="http://www.garmin.com/xmlschemas/ActivityExtension/v2">
      <nax:Nax>
      <nax:Moments>
      <nax:Halt xsi:type="nax:Halt_t" action="auto_pause">
      
    </nax:Halt>
    </nax:Moments>
    </nax:Nax>
    </TPX>
    </Extensions>
    </Trackpoint>
<Trackpoint>
      <Time>
      2025-05-11T13:25:49.832Z
    </Time><SensorState>
      Present
    </SensorState><Extensions>
      <TPX xmlns="http://www.garmin.com/xmlschemas/ActivityExtension/v2">
      <nax:Nax>
      <nax:AscentInMeters>
      0.0026397705078125
    </nax:AscentInMeters><nax:Moments>
      <nax:Halt xsi:type="nax:Halt_t" action="auto_pause">
      
    </nax:Halt>
    </nax:Moments>
    </nax:Nax>
    </TPX>
    </Extensions>
    </Trackpoint>
<Trackpoint>
      <Time>
      2025-05-11T13:25:50.891Z
    </Time><SensorState>
      Present
    </SensorState><Extensions>
      <TPX xmlns="http://www.garmin.com/xmlschemas/ActivityExtension/v2">
      <nax:Nax>
      <nax:AscentInMeters>
      0.021148681640625
    </nax:AscentInMeters><nax:Moments>
      <nax:Halt xsi:type="nax:Halt_t" action="auto_pause">
      
    </nax:Halt>
    </nax:Moments>
    </nax:Nax>
    </TPX>
    </Extensions>
    </Trackpoint>
<Trackpoint>
      <Time>
      2025-05-11T13:25:51.949Z
    </Time><SensorState>
      Present
    </SensorState><Extensions>
      <TPX xmlns="http://www.garmin.com/xmlschemas/ActivityExtension/v2">
      <nax:Nax>
      <nax:AscentInMeters>
      0.0158538818359375
    </nax:AscentInMeters><nax:Moments>
      <nax:Halt xsi:type="nax:Halt_t" action="auto_pause">
      
    </nax:Halt>
    </nax:Moments>
    </nax:Nax>
    </TPX>
    </Extensions>
    </Trackpoint>
<Trackpoint>
      <Time>
      2025-05-11T13:25:52.312Z
    </Time><SensorState>
      Present
    </SensorState><Extensions>
      <TPX xmlns="http://www.garmin.com/xmlschemas/ActivityExtension/v2">
      <ns3:Speed>
      1.110099514453441
    </ns3:Speed><nax:Nax>
      <nax:Pace>
      15.013668999641464
    </nax:Pace><nax:Moments>
      <nax:Halt xsi:type="nax:Halt_t" action="auto_pause">
      
    </nax:Halt>
    </nax:Moments>
    </nax:Nax>
    </TPX>
    </Extensions>
    </Trackpoint>
<Trackpoint>
      <Time>
      2025-05-11T13:25:52.313Z
    </Time><DistanceMeters>
      2.3471613475121558
    </DistanceMeters><Cadence>
      101.46587133407593
    </Cadence><SensorState>
      Present
    </SensorState><Extensions>
      <TPX xmlns="http://www.garmin.com/xmlschemas/ActivityExtension/v2">
      <nax:Nax>
      <nax:Moments>
      <nax:Halt xsi:type="nax:Halt_t" action="auto_pause">
      
    </nax:Halt>
    </nax:Moments>
    </nax:Nax>
    </TPX>
    </Extensions>
    </Trackpoint>
<Trackpoint>
      <Time>
      2025-05-11T13:25:53.008Z
    </Time><SensorState>
      Present
    </SensorState><Extensions>
      <TPX xmlns="http://www.garmin.com/xmlschemas/ActivityExtension/v2">
      <nax:Nax>
      <nax:AscentInMeters>
      0.0237884521484375
    </nax:AscentInMeters><nax:Moments>
      <nax:Halt xsi:type="nax:Halt_t" action="auto_pause">
      
    </nax:Halt>
    </nax:Moments>
    </nax:Nax>
    </TPX>
    </Extensions>
    </Trackpoint>
<Trackpoint>
      <Time>
      2025-05-11T13:25:54.867Z
    </Time><SensorState>
      Present
    </SensorState><Extensions>
      <TPX xmlns="http://www.garmin.com/xmlschemas/ActivityExtension/v2">
      <ns3:Speed>
      0.9958550911181417
    </ns3:Speed><nax:Nax>
      <nax:Pace>
      16.73603601097566
    </nax:Pace><nax:Moments>
      <nax:Halt xsi:type="nax:Halt_t" action="auto_pause">
      
    </nax:Halt>
    </nax:Moments>
    </nax:Nax>
    </TPX>
    </Extensions>
    </Trackpoint>
<Trackpoint>
      <Time>
      2025-05-11T13:25:54.868Z
    </Time><DistanceMeters>
      8.078055928228423
    </DistanceMeters><SensorState>
      Present
    </SensorState><Extensions>
      <TPX xmlns="http://www.garmin.com/xmlschemas/ActivityExtension/v2">
      <nax:Nax>
      <nax:Moments>
      <nax:Halt xsi:type="nax:Halt_t" action="auto_pause">
      
    </nax:Halt>
    </nax:Moments>
    </nax:Nax>
    </TPX>
    </Extensions>
    </Trackpoint>
<Trackpoint>
      <Time>
      2025-05-11T13:25:59.000Z
    </Time><SensorState>
      Present
    </SensorState><Extensions>
      <TPX xmlns="http://www.garmin.com/xmlschemas/ActivityExtension/v2">
      <nax:Nax>
      <nax:NikeFuel>
      0.43699325741125605
    </nax:NikeFuel><nax:Moments>
      <nax:Halt xsi:type="nax:Halt_t" action="auto_pause">
      
    </nax:Halt>
    </nax:Moments>
    </nax:Nax>
    </TPX>
    </Extensions>
    </Trackpoint>
<Trackpoint>
      <Time>
      2025-05-11T13:26:09.000Z
    </Time><SensorState>
      Present
    </SensorState><Extensions>
      <TPX xmlns="http://www.garmin.com/xmlschemas/ActivityExtension/v2">
      <nax:Nax>
      <nax:NikeFuel>
      0.43699325741125605
    </nax:NikeFuel><nax:Moments>
      <nax:Halt xsi:type="nax:Halt_t" action="auto_pause">
      
    </nax:Halt>
    </nax:Moments>
    </nax:Nax>
    </TPX>
    </Extensions>
    </Trackpoint>
<Trackpoint>
      <Time>
      2025-05-11T13:26:19.000Z
    </Time><SensorState>
      Present
    </SensorState><Extensions>
      <TPX xmlns="http://www.garmin.com/xmlschemas/ActivityExtension/v2">
      <nax:Nax>
      <nax:NikeFuel>
      0
    </nax:NikeFuel><nax:Moments>
      <nax:Halt xsi:type="nax:Halt_t" action="auto_pause">
      
    </nax:Halt>
    </nax:Moments>
    </nax:Nax>
    </TPX>
    </Extensions>
    </Trackpoint>
<Trackpoint>
      <Time>
      2025-05-11T13:26:22.663Z
    </Time><SensorState>
      Present
    </SensorState><Extensions>
      <TPX xmlns="http://www.garmin.com/xmlschemas/ActivityExtension/v2">
      <nax:Nax>
      <nax:DescentInMeters>
      0.0158538818359375
    </nax:DescentInMeters><nax:Moments>
      <nax:Halt xsi:type="nax:Halt_t" action="auto_pause">
      
    </nax:Halt>
    </nax:Moments>
    </nax:Nax>
    </TPX>
    </Extensions>
    </Trackpoint>
<Trackpoint>
      <Time>
      2025-05-11T13:26:23.722Z
    </Time><SensorState>
      Present
    </SensorState><Extensions>
      <TPX xmlns="http://www.garmin.com/xmlschemas/ActivityExtension/v2">
      <nax:Nax>
      <nax:DescentInMeters>
      0.0607757568359375
    </nax:DescentInMeters><nax:Moments>
      <nax:Halt xsi:type="nax:Halt_t" action="auto_pause">
      
    </nax:Halt>
    </nax:Moments>
    </nax:Nax>
    </TPX>
    </Extensions>
    </Trackpoint>
<Trackpoint>
      <Time>
      2025-05-11T13:26:24.243Z
    </Time><Cadence>
      0
    </Cadence><SensorState>
      Present
    </SensorState><Extensions>
      <TPX xmlns="http://www.garmin.com/xmlschemas/ActivityExtension/v2">
      <nax:Nax>
      <nax:Moments>
      <nax:Halt xsi:type="nax:Halt_t" action="auto_pause">
      
    </nax:Halt>
    </nax:Moments>
    </nax:Nax>
    </TPX>
    </Extensions>
    </Trackpoint>
<Trackpoint>
      <Time>
      2025-05-11T13:26:25.526Z
    </Time><SensorState>
      Present
    </SensorState><Extensions>
      <TPX xmlns="http://www.garmin.com/xmlschemas/ActivityExtension/v2">
      <ns3:Speed>
      0
    </ns3:Speed><nax:Nax>
      <nax:Moments>
      <nax:Halt xsi:type="nax:Halt_t" action="auto_pause">
      
    </nax:Halt>
    </nax:Moments>
    </nax:Nax>
    </TPX>
    </Extensions>
    </Trackpoint>
<Trackpoint>
      <Time>
      2025-05-11T13:26:25.527Z
    </Time><DistanceMeters>
      1.95113396726083
    </DistanceMeters><Cadence>
      0
    </Cadence><SensorState>
      Present
    </SensorState><Extensions>
      <TPX xmlns="http://www.garmin.com/xmlschemas/ActivityExtension/v2">
      <nax:Nax>
      <nax:Moments>
      <nax:Halt xsi:type="nax:Halt_t" action="auto_pause">
      
    </nax:Halt>
    </nax:Moments>
    </nax:Nax>
    </TPX>
    </Extensions>
    </Trackpoint>
<Trackpoint>
      <Time>
      2025-05-11T13:26:27.958Z
    </Time><SensorState>
      Present
    </SensorState><Extensions>
      <TPX xmlns="http://www.garmin.com/xmlschemas/ActivityExtension/v2">
      <nax:Nax>
      <nax:AscentInMeters>
      0.02642822265625
    </nax:AscentInMeters><nax:Moments>
      <nax:Halt xsi:type="nax:Halt_t" action="auto_pause">
      
    </nax:Halt>
    </nax:Moments>
    </nax:Nax>
    </TPX>
    </Extensions>
    </Trackpoint>
<Trackpoint>
      <Time>
      2025-05-11T13:26:28.081Z
    </Time><SensorState>
      Present
    </SensorState><Extensions>
      <TPX xmlns="http://www.garmin.com/xmlschemas/ActivityExtension/v2">
      <ns3:Speed>
      0
    </ns3:Speed><nax:Nax>
      <nax:Moments>
      <nax:Halt xsi:type="nax:Halt_t" action="auto_pause">
      
    </nax:Halt>
    </nax:Moments>
    </nax:Nax>
    </TPX>
    </Extensions>
    </Trackpoint>
<Trackpoint>
      <Time>
      2025-05-11T13:26:28.082Z
    </Time><DistanceMeters>
      4.791695722495206
    </DistanceMeters><Cadence>
      0
    </Cadence><SensorState>
      Present
    </SensorState><Extensions>
      <TPX xmlns="http://www.garmin.com/xmlschemas/ActivityExtension/v2">
      <nax:Nax>
      <nax:Moments>
      <nax:Halt xsi:type="nax:Halt_t" action="auto_pause">
      
    </nax:Halt>
    </nax:Moments>
    </nax:Nax>
    </TPX>
    </Extensions>
    </Trackpoint>
<Trackpoint>
      <Time>
      2025-05-11T13:26:29.000Z
    </Time><SensorState>
      Present
    </SensorState><Extensions>
      <TPX xmlns="http://www.garmin.com/xmlschemas/ActivityExtension/v2">
      <nax:Nax>
      <nax:NikeFuel>
      7.868196855269419
    </nax:NikeFuel><nax:Moments>
      <nax:Halt xsi:type="nax:Halt_t" action="auto_pause">
      
    </nax:Halt>
    </nax:Moments>
    </nax:Nax>
    </TPX>
    </Extensions>
    </Trackpoint>
<Trackpoint>
      <Time>
      2025-05-11T13:26:29.017Z
    </Time><SensorState>
      Present
    </SensorState><Extensions>
      <TPX xmlns="http://www.garmin.com/xmlschemas/ActivityExtension/v2">
      <nax:Nax>
      <nax:AscentInMeters>
      0.0079193115234375
    </nax:AscentInMeters><nax:Moments>
      <nax:Halt xsi:type="nax:Halt_t" action="auto_pause">
      
    </nax:Halt>
    </nax:Moments>
    </nax:Nax>
    </TPX>
    </Extensions>
    </Trackpoint>
<Trackpoint>
      <Time>
      2025-05-11T13:26:30.076Z
    </Time><SensorState>
      Present
    </SensorState><Extensions>
      <TPX xmlns="http://www.garmin.com/xmlschemas/ActivityExtension/v2">
      <nax:Nax>
      <nax:AscentInMeters>
      0.058135986328125
    </nax:AscentInMeters><nax:Moments>
      <nax:Halt xsi:type="nax:Halt_t" action="auto_pause">
      
    </nax:Halt>
    </nax:Moments>
    </nax:Nax>
    </TPX>
    </Extensions>
    </Trackpoint>
<Trackpoint>
      <Time>
      2025-05-11T13:26:30.636Z
    </Time><SensorState>
      Present
    </SensorState><Extensions>
      <TPX xmlns="http://www.garmin.com/xmlschemas/ActivityExtension/v2">
      <ns3:Speed>
      0
    </ns3:Speed><nax:Nax>
      <nax:Moments>
      <nax:Halt xsi:type="nax:Halt_t" action="auto_pause">
      
    </nax:Halt>
    </nax:Moments>
    </nax:Nax>
    </TPX>
    </Extensions>
    </Trackpoint>
<Trackpoint>
      <Time>
      2025-05-11T13:26:30.637Z
    </Time><DistanceMeters>
      11.73636426962912
    </DistanceMeters><Cadence>
      192.3828363418579
    </Cadence><SensorState>
      Present
    </SensorState><Extensions>
      <TPX xmlns="http://www.garmin.com/xmlschemas/ActivityExtension/v2">
      <nax:Nax>
      <nax:Moments>
      <nax:Halt xsi:type="nax:Halt_t" action="auto_pause">
      
    </nax:Halt>
    </nax:Moments>
    </nax:Nax>
    </TPX>
    </Extensions>
    </Trackpoint>
<Trackpoint>
      <Time>
      2025-05-11T13:26:31.135Z
    </Time><SensorState>
      Present
    </SensorState><Extensions>
      <TPX xmlns="http://www.garmin.com/xmlschemas/ActivityExtension/v2">
      <nax:Nax>
      <nax:AscentInMeters>
      0.0475616455078125
    </nax:AscentInMeters><nax:Moments>
      <nax:Halt xsi:type="nax:Halt_t" action="auto_pause">
      
    </nax:Halt>
    </nax:Moments>
    </nax:Nax>
    </TPX>
    </Extensions>
    </Trackpoint>
<Trackpoint>
      <Time>
      2025-05-11T13:26:32.000Z
    </Time><Position>
      <LatitudeDegrees>
      47.42891760865484
    </LatitudeDegrees><LongitudeDegrees>
      -122.29079562001114
    </LongitudeDegrees>
    </Position><AltitudeMeters>
      111.02387564536184
    </AltitudeMeters><SensorState>
      Present
    </SensorState><Extensions>
      <TPX xmlns="http://www.garmin.com/xmlschemas/ActivityExtension/v2">
      <nax:Nax>
      <nax:Moments>
      <nax:Halt xsi:type="nax:Halt_t" action="auto_pause">
      
    </nax:Halt>
    </nax:Moments>
    </nax:Nax>
    </TPX>
    </Extensions>
    </Trackpoint>
<Trackpoint>
      <Time>
      2025-05-11T13:26:32.194Z
    </Time><SensorState>
      Present
    </SensorState><Extensions>
      <TPX xmlns="http://www.garmin.com/xmlschemas/ActivityExtension/v2">
      <nax:Nax>
      <nax:AscentInMeters>
      0.0845489501953125
    </nax:AscentInMeters><nax:Moments>
      <nax:Halt xsi:type="nax:Halt_t" action="auto_pause">
      
    </nax:Halt>
    </nax:Moments>
    </nax:Nax>
    </TPX>
    </Extensions>
    </Trackpoint>
<Trackpoint>
      <Time>
      2025-05-11T13:26:33.190Z
    </Time><SensorState>
      Present
    </SensorState><Extensions>
      <TPX xmlns="http://www.garmin.com/xmlschemas/ActivityExtension/v2">
      <ns3:Speed>
      3.802793986339953
    </ns3:Speed><nax:Nax>
      <nax:Pace>
      4.382742458974937
    </nax:Pace><nax:Moments>
      <nax:Halt xsi:type="nax:Halt_t" action="auto_pause">
      
    </nax:Halt>
    </nax:Moments>
    </nax:Nax>
    </TPX>
    </Extensions>
    </Trackpoint>
<Trackpoint>
      <Time>
      2025-05-11T13:26:33.191Z
    </Time><DistanceMeters>
      14.571627811528742
    </DistanceMeters><Cadence>
      192.3828363418579
    </Cadence><SensorState>
      Present
    </SensorState><Extensions>
      <TPX xmlns="http://www.garmin.com/xmlschemas/ActivityExtension/v2">
      <nax:Nax>
      <nax:Moments>
      <nax:Halt xsi:type="nax:Halt_t" action="auto_pause">
      
    </nax:Halt>
    </nax:Moments>
    </nax:Nax>
    </TPX>
    </Extensions>
    </Trackpoint>
<Trackpoint>
      <Time>
      2025-05-11T13:26:33.254Z
    </Time><SensorState>
      Present
    </SensorState><Extensions>
      <TPX xmlns="http://www.garmin.com/xmlschemas/ActivityExtension/v2">
      <nax:Nax>
      <nax:AscentInMeters>
      0.068695068359375
    </nax:AscentInMeters><nax:Moments>
      <nax:Halt xsi:type="nax:Halt_t" action="auto_pause">
      
    </nax:Halt>
    </nax:Moments>
    </nax:Nax>
    </TPX>
    </Extensions>
    </Trackpoint>
<Trackpoint>
      <Time>
      2025-05-11T13:26:34.000Z
    </Time><Position>
      <LatitudeDegrees>
      47.428953869216066
    </LatitudeDegrees><LongitudeDegrees>
      -122.29065938553153
    </LongitudeDegrees>
    </Position><AltitudeMeters>
      112.49520179722458
    </AltitudeMeters><SensorState>
      Present
    </SensorState><Extensions>
      <TPX xmlns="http://www.garmin.com/xmlschemas/ActivityExtension/v2">
      <nax:Nax>
      <nax:Moments>
      <nax:Halt xsi:type="nax:Halt_t" action="auto_pause">
      
    </nax:Halt>
    </nax:Moments>
    </nax:Nax>
    </TPX>
    </Extensions>
    </Trackpoint>
<Trackpoint>
      <Time>
      2025-05-11T13:26:34.313Z
    </Time><SensorState>
      Present
    </SensorState><Extensions>
      <TPX xmlns="http://www.garmin.com/xmlschemas/ActivityExtension/v2">
      <nax:Nax>
      <nax:AscentInMeters>
      0.1136322021484375
    </nax:AscentInMeters><nax:Moments>
      <nax:Halt xsi:type="nax:Halt_t" action="auto_pause">
      
    </nax:Halt>
    </nax:Moments>
    </nax:Nax>
    </TPX>
    </Extensions>
    </Trackpoint>
<Trackpoint>
      <Time>
      2025-05-11T13:26:35.372Z
    </Time><SensorState>
      Present
    </SensorState><Extensions>
      <TPX xmlns="http://www.garmin.com/xmlschemas/ActivityExtension/v2">
      <nax:Nax>
      <nax:AscentInMeters>
      0.060760498046875
    </nax:AscentInMeters><nax:Moments>
      <nax:Halt xsi:type="nax:Halt_t" action="auto_pause">
      
    </nax:Halt>
    </nax:Moments>
    </nax:Nax>
    </TPX>
    </Extensions>
    </Trackpoint>
<Trackpoint>
      <Time>
      2025-05-11T13:26:35.745Z
    </Time><DistanceMeters>
      12.87516256456729
    </DistanceMeters><SensorState>
      Present
    </SensorState><Extensions>
      <TPX xmlns="http://www.garmin.com/xmlschemas/ActivityExtension/v2">
      <ns3:Speed>
      3.802793986339953
    </ns3:Speed><nax:Nax>
      <nax:Pace>
      4.382742458974937
    </nax:Pace><nax:Moments>
      <nax:Halt xsi:type="nax:Halt_t" action="auto_pause">
      
    </nax:Halt>
    </nax:Moments>
    </nax:Nax>
    </TPX>
    </Extensions>
    </Trackpoint>
<Trackpoint>
      <Time>
      2025-05-11T13:26:35.746Z
    </Time><Cadence>
      196.30913257598877
    </Cadence><SensorState>
      Present
    </SensorState><Extensions>
      <TPX xmlns="http://www.garmin.com/xmlschemas/ActivityExtension/v2">
      <nax:Nax>
      <nax:Moments>
      <nax:Halt xsi:type="nax:Halt_t" action="auto_pause">
      
    </nax:Halt>
    </nax:Moments>
    </nax:Nax>
    </TPX>
    </Extensions>
    </Trackpoint>
<Trackpoint>
      <Time>
      2025-05-11T13:26:36.000Z
    </Time><Position>
      <LatitudeDegrees>
      47.42899167984331
    </LatitudeDegrees><LongitudeDegrees>
      -122.29053568549757
    </LongitudeDegrees>
    </Position><AltitudeMeters>
      112.7964763250202
    </AltitudeMeters><SensorState>
      Present
    </SensorState><Extensions>
      <TPX xmlns="http://www.garmin.com/xmlschemas/ActivityExtension/v2">
      <nax:Nax>
      <nax:Moments>
      <nax:Halt xsi:type="nax:Halt_t" action="auto_pause">
      
    </nax:Halt>
    </nax:Moments>
    </nax:Nax>
    </TPX>
    </Extensions>
    </Trackpoint>
<Trackpoint>
      <Time>
      2025-05-11T13:26:36.431Z
    </Time><SensorState>
      Present
    </SensorState><Extensions>
      <TPX xmlns="http://www.garmin.com/xmlschemas/ActivityExtension/v2">
      <nax:Nax>
      <nax:AscentInMeters>
      0.158538818359375
    </nax:AscentInMeters><nax:Moments>
      <nax:Halt xsi:type="nax:Halt_t" action="auto_pause">
      
    </nax:Halt>
    </nax:Moments>
    </nax:Nax>
    </TPX>
    </Extensions>
    </Trackpoint>
<Trackpoint>
      <Time>
      2025-05-11T13:26:37.490Z
    </Time><SensorState>
      Present
    </SensorState><Extensions>
      <TPX xmlns="http://www.garmin.com/xmlschemas/ActivityExtension/v2">
      <nax:Nax>
      <nax:AscentInMeters>
      0.129486083984375
    </nax:AscentInMeters><nax:Moments>
      <nax:Halt xsi:type="nax:Halt_t" action="auto_pause">
      
    </nax:Halt>
    </nax:Moments>
    </nax:Nax>
    </TPX>
    </Extensions>
    </Trackpoint>
<Trackpoint>
      <Time>
      2025-05-11T13:26:37.999Z
    </Time><Position>
      <LatitudeDegrees>
      47.42903338995349
    </LatitudeDegrees><LongitudeDegrees>
      -122.29041169585733
    </LongitudeDegrees>
    </Position><AltitudeMeters>
      113.54629539698362
    </AltitudeMeters><SensorState>
      Present
    </SensorState><Extensions>
      <TPX xmlns="http://www.garmin.com/xmlschemas/ActivityExtension/v2">
      <nax:Nax>
      <nax:Moments>
      <nax:Halt xsi:type="nax:Halt_t" action="auto_pause">
      
    </nax:Halt>
    </nax:Moments>
    </nax:Nax>
    </TPX>
    </Extensions>
    </Trackpoint>
<Trackpoint>
      <Time>
      2025-05-11T13:26:38.300Z
    </Time><SensorState>
      Present
    </SensorState><Extensions>
      <TPX xmlns="http://www.garmin.com/xmlschemas/ActivityExtension/v2">
      <ns3:Speed>
      4.554373975975117
    </ns3:Speed><nax:Nax>
      <nax:Pace>
      3.659485750310665
    </nax:Pace><nax:Moments>
      <nax:Halt xsi:type="nax:Halt_t" action="auto_pause">
      
    </nax:Halt>
    </nax:Moments>
    </nax:Nax>
    </TPX>
    </Extensions>
    </Trackpoint>
<Trackpoint>
      <Time>
      2025-05-11T13:26:38.301Z
    </Time><DistanceMeters>
      13.213232772075571
    </DistanceMeters><Cadence>
      198.80842208862305
    </Cadence><SensorState>
      Present
    </SensorState><Extensions>
      <TPX xmlns="http://www.garmin.com/xmlschemas/ActivityExtension/v2">
      <nax:Nax>
      <nax:Moments>
      <nax:Halt xsi:type="nax:Halt_t" action="auto_pause">
      
    </nax:Halt>
    </nax:Moments>
    </nax:Nax>
    </TPX>
    </Extensions>
    </Trackpoint>
<Trackpoint>
      <Time>
      2025-05-11T13:26:38.549Z
    </Time><SensorState>
      Present
    </SensorState><Extensions>
      <TPX xmlns="http://www.garmin.com/xmlschemas/ActivityExtension/v2">
      <nax:Nax>
      <nax:AscentInMeters>
      0.1162567138671875
    </nax:AscentInMeters><nax:Moments>
      <nax:Halt xsi:type="nax:Halt_t" action="auto_pause">
      
    </nax:Halt>
    </nax:Moments>
    </nax:Nax>
    </TPX>
    </Extensions>
    </Trackpoint>
<Trackpoint>
      <Time>
      2025-05-11T13:26:39.000Z
    </Time><SensorState>
      Present
    </SensorState><Extensions>
      <TPX xmlns="http://www.garmin.com/xmlschemas/ActivityExtension/v2">
      <nax:Nax>
      <nax:NikeFuel>
      13.010657997390549
    </nax:NikeFuel><nax:Moments>
      <nax:Halt xsi:type="nax:Halt_t" action="auto_pause">
      
    </nax:Halt>
    </nax:Moments>
    </nax:Nax>
    </TPX>
    </Extensions>
    </Trackpoint>
<Trackpoint>
      <Time>
      2025-05-11T13:26:39.608Z
    </Time><SensorState>
      Present
    </SensorState><Extensions>
      <TPX xmlns="http://www.garmin.com/xmlschemas/ActivityExtension/v2">
      <nax:Nax>
      <nax:AscentInMeters>
      0.01055908203125
    </nax:AscentInMeters><nax:Moments>
      <nax:Halt xsi:type="nax:Halt_t" action="auto_pause">
      
    </nax:Halt>
    </nax:Moments>
    </nax:Nax>
    </TPX>
    </Extensions>
    </Trackpoint>
<Trackpoint>
      <Time>
      2025-05-11T13:26:39.999Z
    </Time><Position>
      <LatitudeDegrees>
      47.42907313624122
    </LatitudeDegrees><LongitudeDegrees>
      -122.29028973751541
    </LongitudeDegrees>
    </Position><AltitudeMeters>
      113.61335896514356
    </AltitudeMeters><SensorState>
      Present
    </SensorState><Extensions>
      <TPX xmlns="http://www.garmin.com/xmlschemas/ActivityExtension/v2">
      <nax:Nax>
      <nax:Moments>
      <nax:Halt xsi:type="nax:Halt_t" action="auto_pause">
      
    </nax:Halt>
    </nax:Moments>
    </nax:Nax>
    </TPX>
    </Extensions>
    </Trackpoint>
<Trackpoint>
      <Time>
      2025-05-11T13:26:40.855Z
    </Time><SensorState>
      Present
    </SensorState><Extensions>
      <TPX xmlns="http://www.garmin.com/xmlschemas/ActivityExtension/v2">
      <ns3:Speed>
      4.933141846271861
    </ns3:Speed><nax:Nax>
      <nax:Pace>
      3.3785095150390254
    </nax:Pace><nax:Moments>
      <nax:Halt xsi:type="nax:Halt_t" action="auto_pause">
      
    </nax:Halt>
    </nax:Moments>
    </nax:Nax>
    </TPX>
    </Extensions>
    </Trackpoint>
<Trackpoint>
      <Time>
      2025-05-11T13:26:40.856Z
    </Time><DistanceMeters>
      15.493937869090587
    </DistanceMeters><Cadence>
      200.39876461029053
    </Cadence><SensorState>
      Present
    </SensorState><Extensions>
      <TPX xmlns="http://www.garmin.com/xmlschemas/ActivityExtension/v2">
      <nax:Nax>
      <nax:Moments>
      <nax:Halt xsi:type="nax:Halt_t" action="auto_pause">
      
    </nax:Halt>
    </nax:Moments>
    </nax:Nax>
    </TPX>
    </Extensions>
    </Trackpoint>
<Trackpoint>
      <Time>
      2025-05-11T13:26:41.999Z
    </Time><Position>
      <LatitudeDegrees>
      47.4291240109879
    </LatitudeDegrees><LongitudeDegrees>
      -122.29015345663225
    </LongitudeDegrees>
    </Position><AltitudeMeters>
      113.4568236535415
    </AltitudeMeters><SensorState>
      Present
    </SensorState><Extensions>
      <TPX xmlns="http://www.garmin.com/xmlschemas/ActivityExtension/v2">
      <nax:Nax>
      <nax:Moments>
      <nax:Halt xsi:type="nax:Halt_t" action="auto_pause">
      
    </nax:Halt>
    </nax:Moments>
    </nax:Nax>
    </TPX>
    </Extensions>
    </Trackpoint>
<Trackpoint>
      <Time>
      2025-05-11T13:26:43.410Z
    </Time><SensorState>
      Present
    </SensorState><Extensions>
      <TPX xmlns="http://www.garmin.com/xmlschemas/ActivityExtension/v2">
      <ns3:Speed>
      5.217873583797285
    </ns3:Speed><nax:Nax>
      <nax:Pace>
      3.194149187213074
    </nax:Pace><nax:Moments>
      <nax:Halt xsi:type="nax:Halt_t" action="auto_pause">
      
    </nax:Halt>
    </nax:Moments>
    </nax:Nax>
    </TPX>
    </Extensions>
    </Trackpoint>
<Trackpoint>
      <Time>
      2025-05-11T13:26:43.411Z
    </Time><DistanceMeters>
      13.41608029708732
    </DistanceMeters><Cadence>
      200.3986644744873
    </Cadence><SensorState>
      Present
    </SensorState><Extensions>
      <TPX xmlns="http://www.garmin.com/xmlschemas/ActivityExtension/v2">
      <nax:Nax>
      <nax:Moments>
      <nax:Halt xsi:type="nax:Halt_t" action="auto_pause">
      
    </nax:Halt>
    </nax:Moments>
    </nax:Nax>
    </TPX>
    </Extensions>
    </Trackpoint>
<Trackpoint>
      <Time>
      2025-05-11T13:26:43.843Z
    </Time><SensorState>
      Present
    </SensorState><Extensions>
      <TPX xmlns="http://www.garmin.com/xmlschemas/ActivityExtension/v2">
      <nax:Nax>
      <nax:DescentInMeters>
      0.08984375
    </nax:DescentInMeters><nax:Moments>
      <nax:Halt xsi:type="nax:Halt_t" action="auto_pause">
      
    </nax:Halt>
    </nax:Moments>
    </nax:Nax>
    </TPX>
    </Extensions>
    </Trackpoint>
<Trackpoint>
      <Time>
      2025-05-11T13:26:43.999Z
    </Time><Position>
      <LatitudeDegrees>
      47.42918735030245
    </LatitudeDegrees><LongitudeDegrees>
      -122.29003223008482
    </LongitudeDegrees>
    </Position><AltitudeMeters>
      112.67328068334609
    </AltitudeMeters><SensorState>
      Present
    </SensorState><Extensions>
      <TPX xmlns="http://www.garmin.com/xmlschemas/ActivityExtension/v2">
      <nax:Nax>
      <nax:Moments>
      <nax:Halt xsi:type="nax:Halt_t" action="auto_pause">
      
    </nax:Halt>
    </nax:Moments>
    </nax:Nax>
    </TPX>
    </Extensions>
    </Trackpoint>
<Trackpoint>
      <Time>
      2025-05-11T13:26:44.903Z
    </Time><SensorState>
      Present
    </SensorState><Extensions>
      <TPX xmlns="http://www.garmin.com/xmlschemas/ActivityExtension/v2">
      <nax:Nax>
      <nax:DescentInMeters>
      0.118896484375
    </nax:DescentInMeters><nax:Moments>
      <nax:Halt xsi:type="nax:Halt_t" action="auto_pause">
      
    </nax:Halt>
    </nax:Moments>
    </nax:Nax>
    </TPX>
    </Extensions>
    </Trackpoint>
<Trackpoint>
      <Time>
      2025-05-11T13:26:45.962Z
    </Time><SensorState>
      Present
    </SensorState><Extensions>
      <TPX xmlns="http://www.garmin.com/xmlschemas/ActivityExtension/v2">
      <nax:Nax>
      <nax:DescentInMeters>
      0.163818359375
    </nax:DescentInMeters><nax:Moments>
      <nax:Halt xsi:type="nax:Halt_t" action="auto_pause">
      
    </nax:Halt>
    </nax:Moments>
    </nax:Nax>
    </TPX>
    </Extensions>
    </Trackpoint>
<Trackpoint>
      <Time>
      2025-05-11T13:26:45.965Z
    </Time><SensorState>
      Present
    </SensorState><Extensions>
      <TPX xmlns="http://www.garmin.com/xmlschemas/ActivityExtension/v2">
      <ns3:Speed>
      5.223023167075891
    </ns3:Speed><nax:Nax>
      <nax:Pace>
      3.1909999503213955
    </nax:Pace><nax:Moments>
      <nax:Halt xsi:type="nax:Halt_t" action="auto_pause">
      
    </nax:Halt>
    </nax:Moments>
    </nax:Nax>
    </TPX>
    </Extensions>
    </Trackpoint>
<Trackpoint>
      <Time>
      2025-05-11T13:26:45.966Z
    </Time><DistanceMeters>
      14.069396191160195
    </DistanceMeters><Cadence>
      199.86571311950684
    </Cadence><SensorState>
      Present
    </SensorState><Extensions>
      <TPX xmlns="http://www.garmin.com/xmlschemas/ActivityExtension/v2">
      <nax:Nax>
      <nax:Moments>
      <nax:Halt xsi:type="nax:Halt_t" action="auto_pause">
      
    </nax:Halt>
    </nax:Moments>
    </nax:Nax>
    </TPX>
    </Extensions>
    </Trackpoint>
<Trackpoint>
      <Time>
      2025-05-11T13:26:45.999Z
    </Time><Position>
      <LatitudeDegrees>
      47.429249048067845
    </LatitudeDegrees><LongitudeDegrees>
      -122.28989482876692
    </LongitudeDegrees>
    </Position><AltitudeMeters>
      112.46591073926538
    </AltitudeMeters><SensorState>
      Present
    </SensorState><Extensions>
      <TPX xmlns="http://www.garmin.com/xmlschemas/ActivityExtension/v2">
      <nax:Nax>
      <nax:Moments>
      <nax:Halt xsi:type="nax:Halt_t" action="auto_pause">
      
    </nax:Halt>
    </nax:Moments>
    </nax:Nax>
    </TPX>
    </Extensions>
    </Trackpoint>
<Trackpoint>
      <Time>
      2025-05-11T13:26:47.021Z
    </Time><SensorState>
      Present
    </SensorState><Extensions>
      <TPX xmlns="http://www.garmin.com/xmlschemas/ActivityExtension/v2">
      <nax:Nax>
      <nax:DescentInMeters>
      0.08984375
    </nax:DescentInMeters><nax:Moments>
      <nax:Halt xsi:type="nax:Halt_t" action="auto_pause">
      
    </nax:Halt>
    </nax:Moments>
    </nax:Nax>
    </TPX>
    </Extensions>
    </Trackpoint>
<Trackpoint>
      <Time>
      2025-05-11T13:26:48.080Z
    </Time><SensorState>
      Present
    </SensorState><Extensions>
      <TPX xmlns="http://www.garmin.com/xmlschemas/ActivityExtension/v2">
      <nax:Nax>
      <nax:DescentInMeters>
      0.0977630615234375
    </nax:DescentInMeters><nax:Moments>
      <nax:Halt xsi:type="nax:Halt_t" action="auto_pause">
      
    </nax:Halt>
    </nax:Moments>
    </nax:Nax>
    </TPX>
    </Extensions>
    </Trackpoint>
<Trackpoint>
      <Time>
      2025-05-11T13:26:48.520Z
    </Time><SensorState>
      Present
    </SensorState><Extensions>
      <TPX xmlns="http://www.garmin.com/xmlschemas/ActivityExtension/v2">
      <ns3:Speed>
      5.240442286357716
    </ns3:Speed><nax:Nax>
      <nax:Pace>
      3.180393134002161
    </nax:Pace><nax:Moments>
      <nax:Halt xsi:type="nax:Halt_t" action="auto_pause">
      
    </nax:Halt>
    </nax:Moments>
    </nax:Nax>
    </TPX>
    </Extensions>
    </Trackpoint>
<Trackpoint>
      <Time>
      2025-05-11T13:26:48.521Z
    </Time><DistanceMeters>
      9.370764258899726
    </DistanceMeters><Cadence>
      199.86571311950684
    </Cadence><SensorState>
      Present
    </SensorState><Extensions>
      <TPX xmlns="http://www.garmin.com/xmlschemas/ActivityExtension/v2">
      <nax:Nax>
      <nax:Moments>
      <nax:Halt xsi:type="nax:Halt_t" action="auto_pause">
      
    </nax:Halt>
    </nax:Moments>
    </nax:Nax>
    </TPX>
    </Extensions>
    </Trackpoint>
<Trackpoint>
      <Time>
      2025-05-11T13:26:48.999Z
    </Time><Position>
      <LatitudeDegrees>
      47.42930139125134
    </LatitudeDegrees><LongitudeDegrees>
      -122.28975170507891
    </LongitudeDegrees>
    </Position><AltitudeMeters>
      111.72087745461613
    </AltitudeMeters><SensorState>
      Present
    </SensorState><Extensions>
      <TPX xmlns="http://www.garmin.com/xmlschemas/ActivityExtension/v2">
      <nax:Nax>
      <nax:Moments>
      <nax:Halt xsi:type="nax:Halt_t" action="auto_pause">
      
    </nax:Halt>
    </nax:Moments>
    </nax:Nax>
    </TPX>
    </Extensions>
    </Trackpoint>
<Trackpoint>
      <Time>
      2025-05-11T13:26:49.000Z
    </Time><SensorState>
      Present
    </SensorState><Extensions>
      <TPX xmlns="http://www.garmin.com/xmlschemas/ActivityExtension/v2">
      <nax:Nax>
      <nax:NikeFuel>
      8.51784047780474
    </nax:NikeFuel><nax:Moments>
      <nax:Halt xsi:type="nax:Halt_t" action="auto_pause">
      
    </nax:Halt>
    </nax:Moments>
    </nax:Nax>
    </TPX>
    </Extensions>
    </Trackpoint>
<Trackpoint>
      <Time>
      2025-05-11T13:26:49.139Z
    </Time><SensorState>
      Present
    </SensorState><Extensions>
      <TPX xmlns="http://www.garmin.com/xmlschemas/ActivityExtension/v2">
      <nax:Nax>
      <nax:DescentInMeters>
      0.07135009765625
    </nax:DescentInMeters><nax:Moments>
      <nax:Halt xsi:type="nax:Halt_t" action="auto_pause">
      
    </nax:Halt>
    </nax:Moments>
    </nax:Nax>
    </TPX>
    </Extensions>
    </Trackpoint>
<Trackpoint>
      <Time>
      2025-05-11T13:26:50.198Z
    </Time><SensorState>
      Present
    </SensorState><Extensions>
      <TPX xmlns="http://www.garmin.com/xmlschemas/ActivityExtension/v2">
      <nax:Nax>
      <nax:DescentInMeters>
      0.0343475341796875
    </nax:DescentInMeters><nax:Moments>
      <nax:Halt xsi:type="nax:Halt_t" action="auto_pause">
      
    </nax:Halt>
    </nax:Moments>
    </nax:Nax>
    </TPX>
    </Extensions>
    </Trackpoint>
<Trackpoint>
      <Time>
      2025-05-11T13:26:51.075Z
    </Time><SensorState>
      Present
    </SensorState><Extensions>
      <TPX xmlns="http://www.garmin.com/xmlschemas/ActivityExtension/v2">
      <ns3:Speed>
      5.240442286357716
    </ns3:Speed><nax:Nax>
      <nax:Pace>
      3.180393134002161
    </nax:Pace><nax:Moments>
      <nax:Halt xsi:type="nax:Halt_t" action="auto_pause">
      
    </nax:Halt>
    </nax:Moments>
    </nax:Nax>
    </TPX>
    </Extensions>
    </Trackpoint>
<Trackpoint>
      <Time>
      2025-05-11T13:26:51.076Z
    </Time><DistanceMeters>
      4.143220883212052
    </DistanceMeters><Cadence>
      199.86571311950684
    </Cadence><SensorState>
      Present
    </SensorState><Extensions>
      <TPX xmlns="http://www.garmin.com/xmlschemas/ActivityExtension/v2">
      <nax:Nax>
      <nax:Moments>
      <nax:Halt xsi:type="nax:Halt_t" action="auto_pause">
      
    </nax:Halt>
    </nax:Moments>
    </nax:Nax>
    </TPX>
    </Extensions>
    </Trackpoint>
<Trackpoint>
      <Time>
      2025-05-11T13:26:51.257Z
    </Time><SensorState>
      Present
    </SensorState><Extensions>
      <TPX xmlns="http://www.garmin.com/xmlschemas/ActivityExtension/v2">
      <nax:Nax>
      <nax:DescentInMeters>
      0.0079193115234375
    </nax:DescentInMeters><nax:Moments>
      <nax:Halt xsi:type="nax:Halt_t" action="auto_pause">
      
    </nax:Halt>
    </nax:Moments>
    </nax:Nax>
    </TPX>
    </Extensions>
    </Trackpoint>
<Trackpoint>
      <Time>
      2025-05-11T13:26:52.316Z
    </Time><SensorState>
      Present
    </SensorState><Extensions>
      <TPX xmlns="http://www.garmin.com/xmlschemas/ActivityExtension/v2">
      <nax:Nax>
      <nax:DescentInMeters>
      0.0475616455078125
    </nax:DescentInMeters><nax:Moments>
      <nax:Halt xsi:type="nax:Halt_t" action="auto_pause">
      
    </nax:Halt>
    </nax:Moments>
    </nax:Nax>
    </TPX>
    </Extensions>
    </Trackpoint>
<Trackpoint>
      <Time>
      2025-05-11T13:26:53.376Z
    </Time><SensorState>
      Present
    </SensorState><Extensions>
      <TPX xmlns="http://www.garmin.com/xmlschemas/ActivityExtension/v2">
      <nax:Nax>
      <nax:DescentInMeters>
      0.0105743408203125
    </nax:DescentInMeters><nax:Moments>
      <nax:Halt xsi:type="nax:Halt_t" action="auto_pause">
      
    </nax:Halt>
    </nax:Moments>
    </nax:Nax>
    </TPX>
    </Extensions>
    </Trackpoint>
<Trackpoint>
      <Time>
      2025-05-11T13:26:53.630Z
    </Time><SensorState>
      Present
    </SensorState><Extensions>
      <TPX xmlns="http://www.garmin.com/xmlschemas/ActivityExtension/v2">
      <ns3:Speed>
      5.240442286357716
    </ns3:Speed><nax:Nax>
      <nax:Pace>
      3.180393134002161
    </nax:Pace><nax:Moments>
      <nax:Halt xsi:type="nax:Halt_t" action="auto_pause">
      
    </nax:Halt>
    </nax:Moments>
    </nax:Nax>
    </TPX>
    </Extensions>
    </Trackpoint>
<Trackpoint>
      <Time>
      2025-05-11T13:26:53.631Z
    </Time><DistanceMeters>
      1.8332344031659886
    </DistanceMeters><Cadence>
      125.24989128112793
    </Cadence><SensorState>
      Present
    </SensorState><Extensions>
      <TPX xmlns="http://www.garmin.com/xmlschemas/ActivityExtension/v2">
      <nax:Nax>
      <nax:Moments>
      <nax:Halt xsi:type="nax:Halt_t" action="auto_pause">
      
    </nax:Halt>
    </nax:Moments>
    </nax:Nax>
    </TPX>
    </Extensions>
    </Trackpoint>
<Trackpoint>
      <Time>
      2025-05-11T13:26:54.435Z
    </Time><SensorState>
      Present
    </SensorState><Extensions>
      <TPX xmlns="http://www.garmin.com/xmlschemas/ActivityExtension/v2">
      <nax:Nax>
      <nax:DescentInMeters>
      0.0369873046875
    </nax:DescentInMeters><nax:Moments>
      <nax:Halt xsi:type="nax:Halt_t" action="auto_pause">
      
    </nax:Halt>
    </nax:Moments>
    </nax:Nax>
    </TPX>
    </Extensions>
    </Trackpoint>
<Trackpoint>
      <Time>
      2025-05-11T13:26:55.494Z
    </Time><SensorState>
      Present
    </SensorState><Extensions>
      <TPX xmlns="http://www.garmin.com/xmlschemas/ActivityExtension/v2">
      <nax:Nax>
      <nax:DescentInMeters>
      0.005279541015625
    </nax:DescentInMeters><nax:Moments>
      <nax:Halt xsi:type="nax:Halt_t" action="auto_pause">
      
    </nax:Halt>
    </nax:Moments>
    </nax:Nax>
    </TPX>
    </Extensions>
    </Trackpoint>
<Trackpoint>
      <Time>
      2025-05-11T13:26:56.185Z
    </Time><DistanceMeters>
      3.569607103825547
    </DistanceMeters><SensorState>
      Present
    </SensorState><Extensions>
      <TPX xmlns="http://www.garmin.com/xmlschemas/ActivityExtension/v2">
      <ns3:Speed>
      1.3735655046860478
    </ns3:Speed><nax:Nax>
      <nax:Pace>
      12.133871016567296
    </nax:Pace><nax:Moments>
      <nax:Halt xsi:type="nax:Halt_t" action="auto_pause">
      
    </nax:Halt>
    </nax:Moments>
    </nax:Nax>
    </TPX>
    </Extensions>
    </Trackpoint>
<Trackpoint>
      <Time>
      2025-05-11T13:26:56.186Z
    </Time><Cadence>
      125.24989128112793
    </Cadence><SensorState>
      Present
    </SensorState><Extensions>
      <TPX xmlns="http://www.garmin.com/xmlschemas/ActivityExtension/v2">
      <nax:Nax>
      <nax:Moments>
      <nax:Halt xsi:type="nax:Halt_t" action="auto_pause">
      
    </nax:Halt>
    </nax:Moments>
    </nax:Nax>
    </TPX>
    </Extensions>
    </Trackpoint>
<Trackpoint>
      <Time>
      2025-05-11T13:26:58.739Z
    </Time><SensorState>
      Present
    </SensorState><Extensions>
      <TPX xmlns="http://www.garmin.com/xmlschemas/ActivityExtension/v2">
      <ns3:Speed>
      1.3735655046860478
    </ns3:Speed><nax:Nax>
      <nax:Pace>
      12.133871016567296
    </nax:Pace><nax:Moments>
      <nax:Halt xsi:type="nax:Halt_t" action="auto_pause">
      
    </nax:Halt>
    </nax:Moments>
    </nax:Nax>
    </TPX>
    </Extensions>
    </Trackpoint>
<Trackpoint>
      <Time>
      2025-05-11T13:26:58.740Z
    </Time><DistanceMeters>
      1.1909967926330864
    </DistanceMeters><Cadence>
      125.24989128112793
    </Cadence><SensorState>
      Present
    </SensorState><Extensions>
      <TPX xmlns="http://www.garmin.com/xmlschemas/ActivityExtension/v2">
      <nax:Nax>
      <nax:Moments>
      <nax:Halt xsi:type="nax:Halt_t" action="auto_pause">
      
    </nax:Halt>
    </nax:Moments>
    </nax:Nax>
    </TPX>
    </Extensions>
    </Trackpoint>
<Trackpoint>
      <Time>
      2025-05-11T13:26:59.000Z
    </Time><SensorState>
      Present
    </SensorState><Extensions>
      <TPX xmlns="http://www.garmin.com/xmlschemas/ActivityExtension/v2">
      <nax:Nax>
      <nax:NikeFuel>
      2.290504188386377
    </nax:NikeFuel><nax:Moments>
      <nax:Halt xsi:type="nax:Halt_t" action="auto_pause">
      
    </nax:Halt>
    </nax:Moments>
    </nax:Nax>
    </TPX>
    </Extensions>
    </Trackpoint>
<Trackpoint>
      <Time>
      2025-05-11T13:26:59.730Z
    </Time><SensorState>
      Present
    </SensorState><Extensions>
      <TPX xmlns="http://www.garmin.com/xmlschemas/ActivityExtension/v2">
      <nax:Nax>
      <nax:AscentInMeters>
      0.0554962158203125
    </nax:AscentInMeters><nax:Moments>
      <nax:Halt xsi:type="nax:Halt_t" action="auto_pause">
      
    </nax:Halt>
    </nax:Moments>
    </nax:Nax>
    </TPX>
    </Extensions>
    </Trackpoint>
<Trackpoint>
      <Time>
      2025-05-11T13:27:00.789Z
    </Time><SensorState>
      Present
    </SensorState><Extensions>
      <TPX xmlns="http://www.garmin.com/xmlschemas/ActivityExtension/v2">
      <nax:Nax>
      <nax:AscentInMeters>
      0.0343475341796875
    </nax:AscentInMeters><nax:Moments>
      <nax:Halt xsi:type="nax:Halt_t" action="auto_pause">
      
    </nax:Halt>
    </nax:Moments>
    </nax:Nax>
    </TPX>
    </Extensions>
    </Trackpoint>
<Trackpoint>
      <Time>
      2025-05-11T13:27:01.294Z
    </Time><SensorState>
      Present
    </SensorState><Extensions>
      <TPX xmlns="http://www.garmin.com/xmlschemas/ActivityExtension/v2">
      <ns3:Speed>
      1.3735655046860478
    </ns3:Speed><nax:Nax>
      <nax:Pace>
      12.133871016567296
    </nax:Pace><nax:Moments>
      <nax:Halt xsi:type="nax:Halt_t" action="auto_pause">
      
    </nax:Halt>
    </nax:Moments>
    </nax:Nax>
    </TPX>
    </Extensions>
    </Trackpoint>
<Trackpoint>
      <Time>
      2025-05-11T13:27:01.295Z
    </Time><DistanceMeters>
      2.5367196541046724
    </DistanceMeters><Cadence>
      123.38048458099365
    </Cadence><SensorState>
      Present
    </SensorState><Extensions>
      <TPX xmlns="http://www.garmin.com/xmlschemas/ActivityExtension/v2">
      <nax:Nax>
      <nax:Moments>
      <nax:Halt xsi:type="nax:Halt_t" action="auto_pause">
      
    </nax:Halt>
    </nax:Moments>
    </nax:Nax>
    </TPX>
    </Extensions>
    </Trackpoint>
<Trackpoint>
      <Time>
      2025-05-11T13:27:01.848Z
    </Time><SensorState>
      Present
    </SensorState><Extensions>
      <TPX xmlns="http://www.garmin.com/xmlschemas/ActivityExtension/v2">
      <nax:Nax>
      <nax:AscentInMeters>
      0.0026397705078125
    </nax:AscentInMeters><nax:Moments>
      <nax:Halt xsi:type="nax:Halt_t" action="auto_pause">
      
    </nax:Halt>
    </nax:Moments>
    </nax:Nax>
    </TPX>
    </Extensions>
    </Trackpoint>
<Trackpoint>
      <Time>
      2025-05-11T13:27:02.907Z
    </Time><SensorState>
      Present
    </SensorState><Extensions>
      <TPX xmlns="http://www.garmin.com/xmlschemas/ActivityExtension/v2">
      <nax:Nax>
      <nax:AscentInMeters>
      0.0026397705078125
    </nax:AscentInMeters><nax:Moments>
      <nax:Halt xsi:type="nax:Halt_t" action="auto_pause">
      
    </nax:Halt>
    </nax:Moments>
    </nax:Nax>
    </TPX>
    </Extensions>
    </Trackpoint>
<Trackpoint>
      <Time>
      2025-05-11T13:27:03.849Z
    </Time><SensorState>
      Present
    </SensorState><Extensions>
      <TPX xmlns="http://www.garmin.com/xmlschemas/ActivityExtension/v2">
      <ns3:Speed>
      1.1909259574937698
    </ns3:Speed><nax:Nax>
      <nax:Pace>
      13.994712737423775
    </nax:Pace><nax:Moments>
      <nax:Halt xsi:type="nax:Halt_t" action="auto_pause">
      
    </nax:Halt>
    </nax:Moments>
    </nax:Nax>
    </TPX>
    </Extensions>
    </Trackpoint>
<Trackpoint>
      <Time>
      2025-05-11T13:27:03.850Z
    </Time><DistanceMeters>
      2.6573245148174465
    </DistanceMeters><Cadence>
      116.45507097244263
    </Cadence><SensorState>
      Present
    </SensorState><Extensions>
      <TPX xmlns="http://www.garmin.com/xmlschemas/ActivityExtension/v2">
      <nax:Nax>
      <nax:Moments>
      <nax:Halt xsi:type="nax:Halt_t" action="auto_pause">
      
    </nax:Halt>
    </nax:Moments>
    </nax:Nax>
    </TPX>
    </Extensions>
    </Trackpoint>
<Trackpoint>
      <Time>
      2025-05-11T13:27:03.966Z
    </Time><SensorState>
      Present
    </SensorState><Extensions>
      <TPX xmlns="http://www.garmin.com/xmlschemas/ActivityExtension/v2">
      <nax:Nax>
      <nax:AscentInMeters>
      0.0105743408203125
    </nax:AscentInMeters><nax:Moments>
      <nax:Halt xsi:type="nax:Halt_t" action="auto_pause">
      
    </nax:Halt>
    </nax:Moments>
    </nax:Nax>
    </TPX>
    </Extensions>
    </Trackpoint>
<Trackpoint>
      <Time>
      2025-05-11T13:27:05.026Z
    </Time><SensorState>
      Present
    </SensorState><Extensions>
      <TPX xmlns="http://www.garmin.com/xmlschemas/ActivityExtension/v2">
      <nax:Nax>
      <nax:AscentInMeters>
      0.013214111328125
    </nax:AscentInMeters><nax:Moments>
      <nax:Halt xsi:type="nax:Halt_t" action="auto_pause">
      
    </nax:Halt>
    </nax:Moments>
    </nax:Nax>
    </TPX>
    </Extensions>
    </Trackpoint>
<Trackpoint>
      <Time>
      2025-05-11T13:27:06.085Z
    </Time><SensorState>
      Present
    </SensorState><Extensions>
      <TPX xmlns="http://www.garmin.com/xmlschemas/ActivityExtension/v2">
      <nax:Nax>
      <nax:AscentInMeters>
      0.05548095703125
    </nax:AscentInMeters><nax:Moments>
      <nax:Halt xsi:type="nax:Halt_t" action="auto_pause">
      
    </nax:Halt>
    </nax:Moments>
    </nax:Nax>
    </TPX>
    </Extensions>
    </Trackpoint>
<Trackpoint>
      <Time>
      2025-05-11T13:27:06.404Z
    </Time><SensorState>
      Present
    </SensorState><Extensions>
      <TPX xmlns="http://www.garmin.com/xmlschemas/ActivityExtension/v2">
      <ns3:Speed>
      1.124651078665229
    </ns3:Speed><nax:Nax>
      <nax:Pace>
      14.81941108921283
    </nax:Pace><nax:Moments>
      <nax:Halt xsi:type="nax:Halt_t" action="auto_pause">
      
    </nax:Halt>
    </nax:Moments>
    </nax:Nax>
    </TPX>
    </Extensions>
    </Trackpoint>
<Trackpoint>
      <Time>
      2025-05-11T13:27:06.405Z
    </Time><DistanceMeters>
      1.7110839147353545
    </DistanceMeters><Cadence>
      116.45507097244263
    </Cadence><SensorState>
      Present
    </SensorState><Extensions>
      <TPX xmlns="http://www.garmin.com/xmlschemas/ActivityExtension/v2">
      <nax:Nax>
      <nax:Moments>
      <nax:Halt xsi:type="nax:Halt_t" action="auto_pause">
      
    </nax:Halt>
    </nax:Moments>
    </nax:Nax>
    </TPX>
    </Extensions>
    </Trackpoint>
<Trackpoint>
      <Time>
      2025-05-11T13:27:07.144Z
    </Time><SensorState>
      Present
    </SensorState><Extensions>
      <TPX xmlns="http://www.garmin.com/xmlschemas/ActivityExtension/v2">
      <nax:Nax>
      <nax:AscentInMeters>
      0.044921875
    </nax:AscentInMeters><nax:Moments>
      <nax:Halt xsi:type="nax:Halt_t" action="auto_pause">
      
    </nax:Halt>
    </nax:Moments>
    </nax:Nax>
    </TPX>
    </Extensions>
    </Trackpoint>
<Trackpoint>
      <Time>
      2025-05-11T13:27:08.203Z
    </Time><SensorState>
      Present
    </SensorState><Extensions>
      <TPX xmlns="http://www.garmin.com/xmlschemas/ActivityExtension/v2">
      <nax:Nax>
      <nax:AscentInMeters>
      0.031707763671875
    </nax:AscentInMeters><nax:Moments>
      <nax:Halt xsi:type="nax:Halt_t" action="auto_pause">
      
    </nax:Halt>
    </nax:Moments>
    </nax:Nax>
    </TPX>
    </Extensions>
    </Trackpoint>
<Trackpoint>
      <Time>
      2025-05-11T13:27:08.959Z
    </Time><SensorState>
      Present
    </SensorState><Extensions>
      <TPX xmlns="http://www.garmin.com/xmlschemas/ActivityExtension/v2">
      <ns3:Speed>
      1.124651078665229
    </ns3:Speed><nax:Nax>
      <nax:Pace>
      14.81941108921283
    </nax:Pace><nax:Moments>
      <nax:Halt xsi:type="nax:Halt_t" action="auto_pause">
      
    </nax:Halt>
    </nax:Moments>
    </nax:Nax>
    </TPX>
    </Extensions>
    </Trackpoint>
<Trackpoint>
      <Time>
      2025-05-11T13:27:08.960Z
    </Time><DistanceMeters>
      2.636057260679081
    </DistanceMeters><Cadence>
      116.68381690979004
    </Cadence><SensorState>
      Present
    </SensorState><Extensions>
      <TPX xmlns="http://www.garmin.com/xmlschemas/ActivityExtension/v2">
      <nax:Nax>
      <nax:Moments>
      <nax:Halt xsi:type="nax:Halt_t" action="auto_pause">
      
    </nax:Halt>
    </nax:Moments>
    </nax:Nax>
    </TPX>
    </Extensions>
    </Trackpoint>
<Trackpoint>
      <Time>
      2025-05-11T13:27:09.000Z
    </Time><SensorState>
      Present
    </SensorState><Extensions>
      <TPX xmlns="http://www.garmin.com/xmlschemas/ActivityExtension/v2">
      <nax:Nax>
      <nax:NikeFuel>
      2.139049415974401
    </nax:NikeFuel><nax:Moments>
      <nax:Halt xsi:type="nax:Halt_t" action="auto_pause">
      
    </nax:Halt>
    </nax:Moments>
    </nax:Nax>
    </TPX>
    </Extensions>
    </Trackpoint>
<Trackpoint>
      <Time>
      2025-05-11T13:27:09.262Z
    </Time><SensorState>
      Present
    </SensorState><Extensions>
      <TPX xmlns="http://www.garmin.com/xmlschemas/ActivityExtension/v2">
      <nax:Nax>
      <nax:AscentInMeters>
      0.0105743408203125
    </nax:AscentInMeters><nax:Moments>
      <nax:Halt xsi:type="nax:Halt_t" action="auto_pause">
      
    </nax:Halt>
    </nax:Moments>
    </nax:Nax>
    </TPX>
    </Extensions>
    </Trackpoint>
<Trackpoint>
      <Time>
      2025-05-11T13:27:11.514Z
    </Time><DistanceMeters>
      2.217523401370272
    </DistanceMeters><SensorState>
      Present
    </SensorState><Extensions>
      <TPX xmlns="http://www.garmin.com/xmlschemas/ActivityExtension/v2">
      <ns3:Speed>
      1.0853089568183056
    </ns3:Speed><nax:Nax>
      <nax:Pace>
      15.356610264718267
    </nax:Pace><nax:Moments>
      <nax:Halt xsi:type="nax:Halt_t" action="auto_pause">
      
    </nax:Halt>
    </nax:Moments>
    </nax:Nax>
    </TPX>
    </Extensions>
    </Trackpoint>
<Trackpoint>
      <Time>
      2025-05-11T13:27:11.515Z
    </Time><Cadence>
      116.68381690979004
    </Cadence><SensorState>
      Present
    </SensorState><Extensions>
      <TPX xmlns="http://www.garmin.com/xmlschemas/ActivityExtension/v2">
      <nax:Nax>
      <nax:Moments>
      <nax:Halt xsi:type="nax:Halt_t" action="auto_pause">
      
    </nax:Halt>
    </nax:Moments>
    </nax:Nax>
    </TPX>
    </Extensions>
    </Trackpoint>
<Trackpoint>
      <Time>
      2025-05-11T13:27:13.499Z
    </Time><SensorState>
      Present
    </SensorState><Extensions>
      <TPX xmlns="http://www.garmin.com/xmlschemas/ActivityExtension/v2">
      <nax:Nax>
      <nax:DescentInMeters>
      0.0026397705078125
    </nax:DescentInMeters><nax:Moments>
      <nax:Halt xsi:type="nax:Halt_t" action="auto_pause">
      
    </nax:Halt>
    </nax:Moments>
    </nax:Nax>
    </TPX>
    </Extensions>
    </Trackpoint>
<Trackpoint>
      <Time>
      2025-05-11T13:27:14.069Z
    </Time><SensorState>
      Present
    </SensorState><Extensions>
      <TPX xmlns="http://www.garmin.com/xmlschemas/ActivityExtension/v2">
      <ns3:Speed>
      1.0853089568183056
    </ns3:Speed><nax:Nax>
      <nax:Pace>
      15.356610264718267
    </nax:Pace><nax:Moments>
      <nax:Halt xsi:type="nax:Halt_t" action="auto_pause">
      
    </nax:Halt>
    </nax:Moments>
    </nax:Nax>
    </TPX>
    </Extensions>
    </Trackpoint>
<Trackpoint>
      <Time>
      2025-05-11T13:27:14.070Z
    </Time><DistanceMeters>
      1.0959339956752956
    </DistanceMeters><Cadence>
      116.68381690979004
    </Cadence><SensorState>
      Present
    </SensorState><Extensions>
      <TPX xmlns="http://www.garmin.com/xmlschemas/ActivityExtension/v2">
      <nax:Nax>
      <nax:Moments>
      <nax:Halt xsi:type="nax:Halt_t" action="auto_pause">
      
    </nax:Halt>
    </nax:Moments>
    </nax:Nax>
    </TPX>
    </Extensions>
    </Trackpoint>
<Trackpoint>
      <Time>
      2025-05-11T13:27:16.624Z
    </Time><SensorState>
      Present
    </SensorState><Extensions>
      <TPX xmlns="http://www.garmin.com/xmlschemas/ActivityExtension/v2">
      <ns3:Speed>
      1.0853089568183056
    </ns3:Speed><nax:Nax>
      <nax:Pace>
      15.356610264718267
    </nax:Pace><nax:Moments>
      <nax:Halt xsi:type="nax:Halt_t" action="auto_pause">
      
    </nax:Halt>
    </nax:Moments>
    </nax:Nax>
    </TPX>
    </Extensions>
    </Trackpoint>
<Trackpoint>
      <Time>
      2025-05-11T13:27:16.625Z
    </Time><DistanceMeters>
      2.0987786054611206
    </DistanceMeters><Cadence>
      113.00806045532227
    </Cadence><SensorState>
      Present
    </SensorState><Extensions>
      <TPX xmlns="http://www.garmin.com/xmlschemas/ActivityExtension/v2">
      <nax:Nax>
      <nax:Moments>
      <nax:Halt xsi:type="nax:Halt_t" action="auto_pause">
      
    </nax:Halt>
    </nax:Moments>
    </nax:Nax>
    </TPX>
    </Extensions>
    </Trackpoint>
<Trackpoint>
      <Time>
      2025-05-11T13:27:19.000Z
    </Time><SensorState>
      Present
    </SensorState><Extensions>
      <TPX xmlns="http://www.garmin.com/xmlschemas/ActivityExtension/v2">
      <nax:Nax>
      <nax:NikeFuel>
      2.3188211727713988
    </nax:NikeFuel><nax:Moments>
      <nax:Halt xsi:type="nax:Halt_t" action="auto_pause">
      
    </nax:Halt>
    </nax:Moments>
    </nax:Nax>
    </TPX>
    </Extensions>
    </Trackpoint>
<Trackpoint>
      <Time>
      2025-05-11T13:27:19.179Z
    </Time><DistanceMeters>
      2.3467656419379637
    </DistanceMeters><SensorState>
      Present
    </SensorState><Extensions>
      <TPX xmlns="http://www.garmin.com/xmlschemas/ActivityExtension/v2">
      <ns3:Speed>
      1.2075529714666398
    </ns3:Speed><nax:Nax>
      <nax:Pace>
      13.802017021600367
    </nax:Pace><nax:Moments>
      <nax:Halt xsi:type="nax:Halt_t" action="auto_pause">
      
    </nax:Halt>
    </nax:Moments>
    </nax:Nax>
    </TPX>
    </Extensions>
    </Trackpoint>
<Trackpoint>
      <Time>
      2025-05-11T13:27:19.180Z
    </Time><Cadence>
      114.2971658706665
    </Cadence><SensorState>
      Present
    </SensorState><Extensions>
      <TPX xmlns="http://www.garmin.com/xmlschemas/ActivityExtension/v2">
      <nax:Nax>
      <nax:Moments>
      <nax:Halt xsi:type="nax:Halt_t" action="auto_pause">
      
    </nax:Halt>
    </nax:Moments>
    </nax:Nax>
    </TPX>
    </Extensions>
    </Trackpoint>
<Trackpoint>
      <Time>
      2025-05-11T13:27:20.912Z
    </Time><SensorState>
      Present
    </SensorState><Extensions>
      <TPX xmlns="http://www.garmin.com/xmlschemas/ActivityExtension/v2">
      <nax:Nax>
      <nax:DescentInMeters>
      0.0158538818359375
    </nax:DescentInMeters><nax:Moments>
      <nax:Halt xsi:type="nax:Halt_t" action="auto_pause">
      
    </nax:Halt>
    </nax:Moments>
    </nax:Nax>
    </TPX>
    </Extensions>
    </Trackpoint>
<Trackpoint>
      <Time>
      2025-05-11T13:27:21.733Z
    </Time><SensorState>
      Present
    </SensorState><Extensions>
      <TPX xmlns="http://www.garmin.com/xmlschemas/ActivityExtension/v2">
      <ns3:Speed>
      1.2308741331373765
    </ns3:Speed><nax:Nax>
      <nax:Pace>
      13.540512565801494
    </nax:Pace><nax:Moments>
      <nax:Halt xsi:type="nax:Halt_t" action="auto_pause">
      
    </nax:Halt>
    </nax:Moments>
    </nax:Nax>
    </TPX>
    </Extensions>
    </Trackpoint>
<Trackpoint>
      <Time>
      2025-05-11T13:27:21.734Z
    </Time><DistanceMeters>
      3.711286162608303
    </DistanceMeters><Cadence>
      114.2971658706665
    </Cadence><SensorState>
      Present
    </SensorState><Extensions>
      <TPX xmlns="http://www.garmin.com/xmlschemas/ActivityExtension/v2">
      <nax:Nax>
      <nax:Moments>
      <nax:Halt xsi:type="nax:Halt_t" action="auto_pause">
      
    </nax:Halt>
    </nax:Moments>
    </nax:Nax>
    </TPX>
    </Extensions>
    </Trackpoint>
<Trackpoint>
      <Time>
      2025-05-11T13:27:21.971Z
    </Time><SensorState>
      Present
    </SensorState><Extensions>
      <TPX xmlns="http://www.garmin.com/xmlschemas/ActivityExtension/v2">
      <nax:Nax>
      <nax:DescentInMeters>
      0.0158538818359375
    </nax:DescentInMeters><nax:Moments>
      <nax:Halt xsi:type="nax:Halt_t" action="auto_pause">
      
    </nax:Halt>
    </nax:Moments>
    </nax:Nax>
    </TPX>
    </Extensions>
    </Trackpoint>
<Trackpoint>
      <Time>
      2025-05-11T13:27:23.030Z
    </Time><SensorState>
      Present
    </SensorState><Extensions>
      <TPX xmlns="http://www.garmin.com/xmlschemas/ActivityExtension/v2">
      <nax:Nax>
      <nax:DescentInMeters>
      0.021148681640625
    </nax:DescentInMeters><nax:Moments>
      <nax:Halt xsi:type="nax:Halt_t" action="auto_pause">
      
    </nax:Halt>
    </nax:Moments>
    </nax:Nax>
    </TPX>
    </Extensions>
    </Trackpoint>
<Trackpoint>
      <Time>
      2025-05-11T13:27:24.089Z
    </Time><SensorState>
      Present
    </SensorState><Extensions>
      <TPX xmlns="http://www.garmin.com/xmlschemas/ActivityExtension/v2">
      <nax:Nax>
      <nax:DescentInMeters>
      0.013214111328125
    </nax:DescentInMeters><nax:Moments>
      <nax:Halt xsi:type="nax:Halt_t" action="auto_pause">
      
    </nax:Halt>
    </nax:Moments>
    </nax:Nax>
    </TPX>
    </Extensions>
    </Trackpoint>
<Trackpoint>
      <Time>
      2025-05-11T13:27:24.288Z
    </Time><SensorState>
      Present
    </SensorState><Extensions>
      <TPX xmlns="http://www.garmin.com/xmlschemas/ActivityExtension/v2">
      <ns3:Speed>
      1.2308741331373765
    </ns3:Speed><nax:Nax>
      <nax:Pace>
      13.540512565801494
    </nax:Pace><nax:Moments>
      <nax:Halt xsi:type="nax:Halt_t" action="auto_pause">
      
    </nax:Halt>
    </nax:Moments>
    </nax:Nax>
    </TPX>
    </Extensions>
    </Trackpoint>
<Trackpoint>
      <Time>
      2025-05-11T13:27:24.289Z
    </Time><DistanceMeters>
      0.7739383215084672
    </DistanceMeters><Cadence>
      115.61598300933838
    </Cadence><SensorState>
      Present
    </SensorState><Extensions>
      <TPX xmlns="http://www.garmin.com/xmlschemas/ActivityExtension/v2">
      <nax:Nax>
      <nax:Moments>
      <nax:Halt xsi:type="nax:Halt_t" action="auto_pause">
      
    </nax:Halt>
    </nax:Moments>
    </nax:Nax>
    </TPX>
    </Extensions>
    </Trackpoint>
<Trackpoint>
      <Time>
      2025-05-11T13:27:25.148Z
    </Time><SensorState>
      Present
    </SensorState><Extensions>
      <TPX xmlns="http://www.garmin.com/xmlschemas/ActivityExtension/v2">
      <nax:Nax>
      <nax:DescentInMeters>
      0.0369873046875
    </nax:DescentInMeters><nax:Moments>
      <nax:Halt xsi:type="nax:Halt_t" action="auto_pause">
      
    </nax:Halt>
    </nax:Moments>
    </nax:Nax>
    </TPX>
    </Extensions>
    </Trackpoint>
<Trackpoint>
      <Time>
      2025-05-11T13:27:26.843Z
    </Time><DistanceMeters>
      1.7180186416953802
    </DistanceMeters><SensorState>
      Present
    </SensorState><Extensions>
      <TPX xmlns="http://www.garmin.com/xmlschemas/ActivityExtension/v2">
      <ns3:Speed>
      1.2328449071511678
    </ns3:Speed><nax:Nax>
      <nax:Pace>
      13.5188672719423
    </nax:Pace><nax:Moments>
      <nax:Halt xsi:type="nax:Halt_t" action="auto_pause">
      
    </nax:Halt>
    </nax:Moments>
    </nax:Nax>
    </TPX>
    </Extensions>
    </Trackpoint>
<Trackpoint>
      <Time>
      2025-05-11T13:27:26.844Z
    </Time><Cadence>
      115.61598300933838
    </Cadence><SensorState>
      Present
    </SensorState><Extensions>
      <TPX xmlns="http://www.garmin.com/xmlschemas/ActivityExtension/v2">
      <nax:Nax>
      <nax:Moments>
      <nax:Halt xsi:type="nax:Halt_t" action="auto_pause">
      
    </nax:Halt>
    </nax:Moments>
    </nax:Nax>
    </TPX>
    </Extensions>
    </Trackpoint>
<Trackpoint>
      <Time>
      2025-05-11T13:27:29.000Z
    </Time><SensorState>
      Present
    </SensorState><Extensions>
      <TPX xmlns="http://www.garmin.com/xmlschemas/ActivityExtension/v2">
      <nax:Nax>
      <nax:NikeFuel>
      2.3179308068318965
    </nax:NikeFuel><nax:Moments>
      <nax:Halt xsi:type="nax:Halt_t" action="auto_pause">
      
    </nax:Halt>
    </nax:Moments>
    </nax:Nax>
    </TPX>
    </Extensions>
    </Trackpoint>
<Trackpoint>
      <Time>
      2025-05-11T13:27:29.385Z
    </Time><SensorState>
      Present
    </SensorState><Extensions>
      <TPX xmlns="http://www.garmin.com/xmlschemas/ActivityExtension/v2">
      <nax:Nax>
      <nax:AscentInMeters>
      0.0237884521484375
    </nax:AscentInMeters><nax:Moments>
      <nax:Halt xsi:type="nax:Halt_t" action="auto_pause">
      
    </nax:Halt>
    </nax:Moments>
    </nax:Nax>
    </TPX>
    </Extensions>
    </Trackpoint>
<Trackpoint>
      <Time>
      2025-05-11T13:27:29.398Z
    </Time><SensorState>
      Present
    </SensorState><Extensions>
      <TPX xmlns="http://www.garmin.com/xmlschemas/ActivityExtension/v2">
      <ns3:Speed>
      1.2328449071511678
    </ns3:Speed><nax:Nax>
      <nax:Pace>
      13.5188672719423
    </nax:Pace><nax:Moments>
      <nax:Halt xsi:type="nax:Halt_t" action="auto_pause">
      
    </nax:Halt>
    </nax:Moments>
    </nax:Nax>
    </TPX>
    </Extensions>
    </Trackpoint>
<Trackpoint>
      <Time>
      2025-05-11T13:27:29.399Z
    </Time><DistanceMeters>
      2.5395789033500478
    </DistanceMeters><Cadence>
      115.61598300933838
    </Cadence><SensorState>
      Present
    </SensorState><Extensions>
      <TPX xmlns="http://www.garmin.com/xmlschemas/ActivityExtension/v2">
      <nax:Nax>
      <nax:Moments>
      <nax:Halt xsi:type="nax:Halt_t" action="auto_pause">
      
    </nax:Halt>
    </nax:Moments>
    </nax:Nax>
    </TPX>
    </Extensions>
    </Trackpoint>
<Trackpoint>
      <Time>
      2025-05-11T13:27:30.444Z
    </Time><SensorState>
      Present
    </SensorState><Extensions>
      <TPX xmlns="http://www.garmin.com/xmlschemas/ActivityExtension/v2">
      <nax:Nax>
      <nax:AscentInMeters>
      0.0343475341796875
    </nax:AscentInMeters><nax:Moments>
      <nax:Halt xsi:type="nax:Halt_t" action="auto_pause">
      
    </nax:Halt>
    </nax:Moments>
    </nax:Nax>
    </TPX>
    </Extensions>
    </Trackpoint>
<Trackpoint>
      <Time>
      2025-05-11T13:27:31.503Z
    </Time><SensorState>
      Present
    </SensorState><Extensions>
      <TPX xmlns="http://www.garmin.com/xmlschemas/ActivityExtension/v2">
      <nax:Nax>
      <nax:AscentInMeters>
      0.031707763671875
    </nax:AscentInMeters><nax:Moments>
      <nax:Halt xsi:type="nax:Halt_t" action="auto_pause">
      
    </nax:Halt>
    </nax:Moments>
    </nax:Nax>
    </TPX>
    </Extensions>
    </Trackpoint>
<Trackpoint>
      <Time>
      2025-05-11T13:27:31.953Z
    </Time><SensorState>
      Present
    </SensorState><Extensions>
      <TPX xmlns="http://www.garmin.com/xmlschemas/ActivityExtension/v2">
      <ns3:Speed>
      1.2328449071511678
    </ns3:Speed><nax:Nax>
      <nax:Pace>
      13.5188672719423
    </nax:Pace><nax:Moments>
      <nax:Halt xsi:type="nax:Halt_t" action="auto_pause">
      
    </nax:Halt>
    </nax:Moments>
    </nax:Nax>
    </TPX>
    </Extensions>
    </Trackpoint>
<Trackpoint>
      <Time>
      2025-05-11T13:27:31.954Z
    </Time><DistanceMeters>
      1.9421567441895604
    </DistanceMeters><Cadence>
      114.00054216384888
    </Cadence><SensorState>
      Present
    </SensorState><Extensions>
      <TPX xmlns="http://www.garmin.com/xmlschemas/ActivityExtension/v2">
      <nax:Nax>
      <nax:Moments>
      <nax:Halt xsi:type="nax:Halt_t" action="auto_pause">
      
    </nax:Halt>
    </nax:Moments>
    </nax:Nax>
    </TPX>
    </Extensions>
    </Trackpoint>
<Trackpoint>
      <Time>
      2025-05-11T13:27:32.562Z
    </Time><SensorState>
      Present
    </SensorState><Extensions>
      <TPX xmlns="http://www.garmin.com/xmlschemas/ActivityExtension/v2">
      <nax:Nax>
      <nax:AscentInMeters>
      0.031707763671875
    </nax:AscentInMeters><nax:Moments>
      <nax:Halt xsi:type="nax:Halt_t" action="auto_pause">
      
    </nax:Halt>
    </nax:Moments>
    </nax:Nax>
    </TPX>
    </Extensions>
    </Trackpoint>
<Trackpoint>
      <Time>
      2025-05-11T13:27:33.620Z
    </Time><SensorState>
      Present
    </SensorState><Extensions>
      <TPX xmlns="http://www.garmin.com/xmlschemas/ActivityExtension/v2">
      <nax:Nax>
      <nax:AscentInMeters>
      0.031707763671875
    </nax:AscentInMeters><nax:Moments>
      <nax:Halt xsi:type="nax:Halt_t" action="auto_pause">
      
    </nax:Halt>
    </nax:Moments>
    </nax:Nax>
    </TPX>
    </Extensions>
    </Trackpoint>
<Trackpoint>
      <Time>
      2025-05-11T13:27:34.508Z
    </Time><DistanceMeters>
      3.726151183596812
    </DistanceMeters><SensorState>
      Present
    </SensorState><Extensions>
      <TPX xmlns="http://www.garmin.com/xmlschemas/ActivityExtension/v2">
      <ns3:Speed>
      1.2168391388684312
    </ns3:Speed><nax:Nax>
      <nax:Pace>
      13.696688522170161
    </nax:Pace><nax:Moments>
      <nax:Halt xsi:type="nax:Halt_t" action="auto_pause">
      
    </nax:Halt>
    </nax:Moments>
    </nax:Nax>
    </TPX>
    </Extensions>
    </Trackpoint>
<Trackpoint>
      <Time>
      2025-05-11T13:27:34.509Z
    </Time><Cadence>
      114.00054216384888
    </Cadence><SensorState>
      Present
    </SensorState><Extensions>
      <TPX xmlns="http://www.garmin.com/xmlschemas/ActivityExtension/v2">
      <nax:Nax>
      <nax:Moments>
      <nax:Halt xsi:type="nax:Halt_t" action="auto_pause">
      
    </nax:Halt>
    </nax:Moments>
    </nax:Nax>
    </TPX>
    </Extensions>
    </Trackpoint>
<Trackpoint>
      <Time>
      2025-05-11T13:27:34.679Z
    </Time><SensorState>
      Present
    </SensorState><Extensions>
      <TPX xmlns="http://www.garmin.com/xmlschemas/ActivityExtension/v2">
      <nax:Nax>
      <nax:AscentInMeters>
      0.005279541015625
    </nax:AscentInMeters><nax:Moments>
      <nax:Halt xsi:type="nax:Halt_t" action="auto_pause">
      
    </nax:Halt>
    </nax:Moments>
    </nax:Nax>
    </TPX>
    </Extensions>
    </Trackpoint>
<Trackpoint>
      <Time>
      2025-05-11T13:27:35.738Z
    </Time><SensorState>
      Present
    </SensorState><Extensions>
      <TPX xmlns="http://www.garmin.com/xmlschemas/ActivityExtension/v2">
      <nax:Nax>
      <nax:AscentInMeters>
      0.005279541015625
    </nax:AscentInMeters><nax:Moments>
      <nax:Halt xsi:type="nax:Halt_t" action="auto_pause">
      
    </nax:Halt>
    </nax:Moments>
    </nax:Nax>
    </TPX>
    </Extensions>
    </Trackpoint>
<Trackpoint>
      <Time>
      2025-05-11T13:27:36.797Z
    </Time><SensorState>
      Present
    </SensorState><Extensions>
      <TPX xmlns="http://www.garmin.com/xmlschemas/ActivityExtension/v2">
      <nax:Nax>
      <nax:AscentInMeters>
      0.0237884521484375
    </nax:AscentInMeters><nax:Moments>
      <nax:Halt xsi:type="nax:Halt_t" action="auto_pause">
      
    </nax:Halt>
    </nax:Moments>
    </nax:Nax>
    </TPX>
    </Extensions>
    </Trackpoint>
<Trackpoint>
      <Time>
      2025-05-11T13:27:37.000Z
    </Time><Position>
      <LatitudeDegrees>
      47.42925275906202
    </LatitudeDegrees><LongitudeDegrees>
      -122.28988038289131
    </LongitudeDegrees>
    </Position><AltitudeMeters>
      110.24940991774201
    </AltitudeMeters><SensorState>
      Present
    </SensorState><Extensions>
      <TPX xmlns="http://www.garmin.com/xmlschemas/ActivityExtension/v2">
      <nax:Nax>
      <nax:Moments>
      <nax:Halt xsi:type="nax:Halt_t" action="auto_pause">
      
    </nax:Halt>
    </nax:Moments>
    </nax:Nax>
    </TPX>
    </Extensions>
    </Trackpoint>
<Trackpoint>
      <Time>
      2025-05-11T13:27:37.063Z
    </Time><SensorState>
      Present
    </SensorState><Extensions>
      <TPX xmlns="http://www.garmin.com/xmlschemas/ActivityExtension/v2">
      <ns3:Speed>
      1.2168391388684312
    </ns3:Speed><nax:Nax>
      <nax:Pace>
      13.696688522170161
    </nax:Pace><nax:Moments>
      <nax:Halt xsi:type="nax:Halt_t" action="auto_pause">
      
    </nax:Halt>
    </nax:Moments>
    </nax:Nax>
    </TPX>
    </Extensions>
    </Trackpoint>
<Trackpoint>
      <Time>
      2025-05-11T13:27:37.064Z
    </Time><DistanceMeters>
      8.013419209397398
    </DistanceMeters><Cadence>
      114.00054216384888
    </Cadence><SensorState>
      Present
    </SensorState><Extensions>
      <TPX xmlns="http://www.garmin.com/xmlschemas/ActivityExtension/v2">
      <nax:Nax>
      <nax:Moments>
      <nax:Halt xsi:type="nax:Halt_t" action="auto_pause">
      
    </nax:Halt>
    </nax:Moments>
    </nax:Nax>
    </TPX>
    </Extensions>
    </Trackpoint>
<Trackpoint>
      <Time>
      2025-05-11T13:27:37.856Z
    </Time><SensorState>
      Present
    </SensorState><Extensions>
      <TPX xmlns="http://www.garmin.com/xmlschemas/ActivityExtension/v2">
      <nax:Nax>
      <nax:AscentInMeters>
      0.0211334228515625
    </nax:AscentInMeters><nax:Moments>
      <nax:Halt xsi:type="nax:Halt_t" action="auto_pause">
      
    </nax:Halt>
    </nax:Moments>
    </nax:Nax>
    </TPX>
    </Extensions>
    </Trackpoint>
<Trackpoint>
      <Time>
      2025-05-11T13:27:38.916Z
    </Time><SensorState>
      Present
    </SensorState><Extensions>
      <TPX xmlns="http://www.garmin.com/xmlschemas/ActivityExtension/v2">
      <nax:Nax>
      <nax:AscentInMeters>
      0.050201416015625
    </nax:AscentInMeters><nax:Moments>
      <nax:Halt xsi:type="nax:Halt_t" action="auto_pause">
      
    </nax:Halt>
    </nax:Moments>
    </nax:Nax>
    </TPX>
    </Extensions>
    </Trackpoint>
<Trackpoint>
      <Time>
      2025-05-11T13:27:39.000Z
    </Time><SensorState>
      Present
    </SensorState><Extensions>
      <TPX xmlns="http://www.garmin.com/xmlschemas/ActivityExtension/v2">
      <nax:Nax>
      <nax:NikeFuel>
      10.86654991307993
    </nax:NikeFuel><nax:Moments>
      <nax:Halt xsi:type="nax:Halt_t" action="auto_pause">
      
    </nax:Halt>
    </nax:Moments>
    </nax:Nax>
    </TPX>
    </Extensions>
    </Trackpoint>
<Trackpoint>
      <Time>
      2025-05-11T13:27:39.618Z
    </Time><SensorState>
      Present
    </SensorState><Extensions>
      <TPX xmlns="http://www.garmin.com/xmlschemas/ActivityExtension/v2">
      <ns3:Speed>
      1.2168391388684312
    </ns3:Speed><nax:Nax>
      <nax:Pace>
      13.696688522170161
    </nax:Pace><nax:Moments>
      <nax:Halt xsi:type="nax:Halt_t" action="auto_pause">
      
    </nax:Halt>
    </nax:Moments>
    </nax:Nax>
    </TPX>
    </Extensions>
    </Trackpoint>
<Trackpoint>
      <Time>
      2025-05-11T13:27:39.619Z
    </Time><DistanceMeters>
      11.981893784017302
    </DistanceMeters><Cadence>
      198.74476432800293
    </Cadence><SensorState>
      Present
    </SensorState><Extensions>
      <TPX xmlns="http://www.garmin.com/xmlschemas/ActivityExtension/v2">
      <nax:Nax>
      <nax:Moments>
      <nax:Halt xsi:type="nax:Halt_t" action="auto_pause">
      
    </nax:Halt>
    </nax:Moments>
    </nax:Nax>
    </TPX>
    </Extensions>
    </Trackpoint>
<Trackpoint>
      <Time>
      2025-05-11T13:27:39.975Z
    </Time><SensorState>
      Present
    </SensorState><Extensions>
      <TPX xmlns="http://www.garmin.com/xmlschemas/ActivityExtension/v2">
      <nax:Nax>
      <nax:AscentInMeters>
      0.11627197265625
    </nax:AscentInMeters><nax:Moments>
      <nax:Halt xsi:type="nax:Halt_t" action="auto_pause">
      
    </nax:Halt>
    </nax:Moments>
    </nax:Nax>
    </TPX>
    </Extensions>
    </Trackpoint>
<Trackpoint>
      <Time>
      2025-05-11T13:27:40.000Z
    </Time><Position>
      <LatitudeDegrees>
      47.42921242779703
    </LatitudeDegrees><LongitudeDegrees>
      -122.29000248057574
    </LongitudeDegrees>
    </Position><AltitudeMeters>
      110.37800155580044
    </AltitudeMeters><SensorState>
      Present
    </SensorState><Extensions>
      <TPX xmlns="http://www.garmin.com/xmlschemas/ActivityExtension/v2">
      <nax:Nax>
      <nax:Moments>
      <nax:Halt xsi:type="nax:Halt_t" action="auto_pause">
      
    </nax:Halt>
    </nax:Moments>
    </nax:Nax>
    </TPX>
    </Extensions>
    </Trackpoint>
<Trackpoint>
      <Time>
      2025-05-11T13:27:41.034Z
    </Time><SensorState>
      Present
    </SensorState><Extensions>
      <TPX xmlns="http://www.garmin.com/xmlschemas/ActivityExtension/v2">
      <nax:Nax>
      <nax:AscentInMeters>
      0.042266845703125
    </nax:AscentInMeters><nax:Moments>
      <nax:Halt xsi:type="nax:Halt_t" action="auto_pause">
      
    </nax:Halt>
    </nax:Moments>
    </nax:Nax>
    </TPX>
    </Extensions>
    </Trackpoint>
<Trackpoint>
      <Time>
      2025-05-11T13:27:42.000Z
    </Time><Position>
      <LatitudeDegrees>
      47.429155452722426
    </LatitudeDegrees><LongitudeDegrees>
      -122.29012392212736
    </LongitudeDegrees>
    </Position><AltitudeMeters>
      111.40252342633903
    </AltitudeMeters><SensorState>
      Present
    </SensorState><Extensions>
      <TPX xmlns="http://www.garmin.com/xmlschemas/ActivityExtension/v2">
      <nax:Nax>
      <nax:Moments>
      <nax:Halt xsi:type="nax:Halt_t" action="auto_pause">
      
    </nax:Halt>
    </nax:Moments>
    </nax:Nax>
    </TPX>
    </Extensions>
    </Trackpoint>
<Trackpoint>
      <Time>
      2025-05-11T13:27:42.172Z
    </Time><DistanceMeters>
      11.38347072340548
    </DistanceMeters><SensorState>
      Present
    </SensorState><Extensions>
      <TPX xmlns="http://www.garmin.com/xmlschemas/ActivityExtension/v2">
      <ns3:Speed>
      5.20595415259608
    </ns3:Speed><nax:Nax>
      <nax:Pace>
      3.2014624366899995
    </nax:Pace><nax:Moments>
      <nax:Halt xsi:type="nax:Halt_t" action="auto_pause">
      
    </nax:Halt>
    </nax:Moments>
    </nax:Nax>
    </TPX>
    </Extensions>
    </Trackpoint>
<Trackpoint>
      <Time>
      2025-05-11T13:27:42.173Z
    </Time><Cadence>
      198.74476432800293
    </Cadence><SensorState>
      Present
    </SensorState><Extensions>
      <TPX xmlns="http://www.garmin.com/xmlschemas/ActivityExtension/v2">
      <nax:Nax>
      <nax:Moments>
      <nax:Halt xsi:type="nax:Halt_t" action="auto_pause">
      
    </nax:Halt>
    </nax:Moments>
    </nax:Nax>
    </TPX>
    </Extensions>
    </Trackpoint>
<Trackpoint>
      <Time>
      2025-05-11T13:27:43.153Z
    </Time><SensorState>
      Present
    </SensorState><Extensions>
      <TPX xmlns="http://www.garmin.com/xmlschemas/ActivityExtension/v2">
      <nax:Nax>
      <nax:AscentInMeters>
      0.0370025634765625
    </nax:AscentInMeters><nax:Moments>
      <nax:Halt xsi:type="nax:Halt_t" action="auto_pause">
      
    </nax:Halt>
    </nax:Moments>
    </nax:Nax>
    </TPX>
    </Extensions>
    </Trackpoint>
<Trackpoint>
      <Time>
      2025-05-11T13:27:44.212Z
    </Time><SensorState>
      Present
    </SensorState><Extensions>
      <TPX xmlns="http://www.garmin.com/xmlschemas/ActivityExtension/v2">
      <nax:Nax>
      <nax:AscentInMeters>
      0.10040283203125
    </nax:AscentInMeters><nax:Moments>
      <nax:Halt xsi:type="nax:Halt_t" action="auto_pause">
      
    </nax:Halt>
    </nax:Moments>
    </nax:Nax>
    </TPX>
    </Extensions>
    </Trackpoint>
<Trackpoint>
      <Time>
      2025-05-11T13:27:44.727Z
    </Time><SensorState>
      Present
    </SensorState><Extensions>
      <TPX xmlns="http://www.garmin.com/xmlschemas/ActivityExtension/v2">
      <ns3:Speed>
      5.20595415259608
    </ns3:Speed><nax:Nax>
      <nax:Pace>
      3.2014624366899995
    </nax:Pace><nax:Moments>
      <nax:Halt xsi:type="nax:Halt_t" action="auto_pause">
      
    </nax:Halt>
    </nax:Moments>
    </nax:Nax>
    </TPX>
    </Extensions>
    </Trackpoint>
<Trackpoint>
      <Time>
      2025-05-11T13:27:44.728Z
    </Time><DistanceMeters>
      20.97622340125963
    </DistanceMeters><Cadence>
      200.40093898773193
    </Cadence><SensorState>
      Present
    </SensorState><Extensions>
      <TPX xmlns="http://www.garmin.com/xmlschemas/ActivityExtension/v2">
      <nax:Nax>
      <nax:Moments>
      <nax:Halt xsi:type="nax:Halt_t" action="auto_pause">
      
    </nax:Halt>
    </nax:Moments>
    </nax:Nax>
    </TPX>
    </Extensions>
    </Trackpoint>
<Trackpoint>
      <Time>
      2025-05-11T13:27:45.000Z
    </Time><Position>
      <LatitudeDegrees>
      47.42904529504805
    </LatitudeDegrees><LongitudeDegrees>
      -122.29037267981545
    </LongitudeDegrees>
    </Position><AltitudeMeters>
      112.58926213718951
    </AltitudeMeters><SensorState>
      Present
    </SensorState><Extensions>
      <TPX xmlns="http://www.garmin.com/xmlschemas/ActivityExtension/v2">
      <nax:Nax>
      <nax:Moments>
      <nax:Halt xsi:type="nax:Halt_t" action="auto_pause">
      
    </nax:Halt>
    </nax:Moments>
    </nax:Nax>
    </TPX>
    </Extensions>
    </Trackpoint>
<Trackpoint>
      <Time>
      2025-05-11T13:27:45.271Z
    </Time><SensorState>
      Present
    </SensorState><Extensions>
      <TPX xmlns="http://www.garmin.com/xmlschemas/ActivityExtension/v2">
      <nax:Nax>
      <nax:AscentInMeters>
      0.0554962158203125
    </nax:AscentInMeters><nax:Moments>
      <nax:Halt xsi:type="nax:Halt_t" action="auto_pause">
      
    </nax:Halt>
    </nax:Moments>
    </nax:Nax>
    </TPX>
    </Extensions>
    </Trackpoint>
<Trackpoint>
      <Time>
      2025-05-11T13:27:46.330Z
    </Time><SensorState>
      Present
    </SensorState><Extensions>
      <TPX xmlns="http://www.garmin.com/xmlschemas/ActivityExtension/v2">
      <nax:Nax>
      <nax:AscentInMeters>
      0.1294708251953125
    </nax:AscentInMeters><nax:Moments>
      <nax:Halt xsi:type="nax:Halt_t" action="auto_pause">
      
    </nax:Halt>
    </nax:Moments>
    </nax:Nax>
    </TPX>
    </Extensions>
    </Trackpoint>
<Trackpoint>
      <Time>
      2025-05-11T13:27:47.000Z
    </Time><Position>
      <LatitudeDegrees>
      47.42899027784659
    </LatitudeDegrees><LongitudeDegrees>
      -122.29051115950364
    </LongitudeDegrees>
    </Position><AltitudeMeters>
      112.52926904149354
    </AltitudeMeters><SensorState>
      Present
    </SensorState><Extensions>
      <TPX xmlns="http://www.garmin.com/xmlschemas/ActivityExtension/v2">
      <nax:Nax>
      <nax:Moments>
      <nax:Halt xsi:type="nax:Halt_t" action="auto_pause">
      
    </nax:Halt>
    </nax:Moments>
    </nax:Nax>
    </TPX>
    </Extensions>
    </Trackpoint>
<Trackpoint>
      <Time>
      2025-05-11T13:27:47.282Z
    </Time><SensorState>
      Present
    </SensorState><Extensions>
      <TPX xmlns="http://www.garmin.com/xmlschemas/ActivityExtension/v2">
      <ns3:Speed>
      5.460689322203169
    </ns3:Speed><nax:Nax>
      <nax:Pace>
      3.0521177242037885
    </nax:Pace><nax:Moments>
      <nax:Halt xsi:type="nax:Halt_t" action="auto_pause">
      
    </nax:Halt>
    </nax:Moments>
    </nax:Nax>
    </TPX>
    </Extensions>
    </Trackpoint>
<Trackpoint>
      <Time>
      2025-05-11T13:27:47.283Z
    </Time><DistanceMeters>
      16.139759205281734
    </DistanceMeters><Cadence>
      200.40082454681396
    </Cadence><SensorState>
      Present
    </SensorState><Extensions>
      <TPX xmlns="http://www.garmin.com/xmlschemas/ActivityExtension/v2">
      <nax:Nax>
      <nax:Moments>
      <nax:Halt xsi:type="nax:Halt_t" action="auto_pause">
      
    </nax:Halt>
    </nax:Moments>
    </nax:Nax>
    </TPX>
    </Extensions>
    </Trackpoint>
<Trackpoint>
      <Time>
      2025-05-11T13:27:47.389Z
    </Time><SensorState>
      Present
    </SensorState><Extensions>
      <TPX xmlns="http://www.garmin.com/xmlschemas/ActivityExtension/v2">
      <nax:Nax>
      <nax:AscentInMeters>
      0.01849365234375
    </nax:AscentInMeters><nax:Moments>
      <nax:Halt xsi:type="nax:Halt_t" action="auto_pause">
      
    </nax:Halt>
    </nax:Moments>
    </nax:Nax>
    </TPX>
    </Extensions>
    </Trackpoint>
<Trackpoint>
      <Time>
      2025-05-11T13:27:49.000Z
    </Time><Position>
      <LatitudeDegrees>
      47.42894246823478
    </LatitudeDegrees><LongitudeDegrees>
      -122.29065077879892
    </LongitudeDegrees>
    </Position><AltitudeMeters>
      112.49285706318915
    </AltitudeMeters><SensorState>
      Present
    </SensorState><Extensions>
      <TPX xmlns="http://www.garmin.com/xmlschemas/ActivityExtension/v2">
      <nax:Nax>
      <nax:NikeFuel>
      13.940736232306088
    </nax:NikeFuel><nax:Moments>
      <nax:Halt xsi:type="nax:Halt_t" action="auto_pause">
      
    </nax:Halt>
    </nax:Moments>
    </nax:Nax>
    </TPX>
    </Extensions>
    </Trackpoint>
<Trackpoint>
      <Time>
      2025-05-11T13:27:49.837Z
    </Time><DistanceMeters>
      14.699468234670348
    </DistanceMeters><SensorState>
      Present
    </SensorState><Extensions>
      <TPX xmlns="http://www.garmin.com/xmlschemas/ActivityExtension/v2">
      <ns3:Speed>
      5.56659670607915
    </ns3:Speed><nax:Nax>
      <nax:Pace>
      2.9940496045753395
    </nax:Pace><nax:Moments>
      <nax:Halt xsi:type="nax:Halt_t" action="auto_pause">
      
    </nax:Halt>
    </nax:Moments>
    </nax:Nax>
    </TPX>
    </Extensions>
    </Trackpoint>
<Trackpoint>
      <Time>
      2025-05-11T13:27:49.838Z
    </Time><Cadence>
      199.59415912628174
    </Cadence><SensorState>
      Present
    </SensorState><Extensions>
      <TPX xmlns="http://www.garmin.com/xmlschemas/ActivityExtension/v2">
      <nax:Nax>
      <nax:Moments>
      <nax:Halt xsi:type="nax:Halt_t" action="auto_pause">
      
    </nax:Halt>
    </nax:Moments>
    </nax:Nax>
    </TPX>
    </Extensions>
    </Trackpoint>
<Trackpoint>
      <Time>
      2025-05-11T13:27:51.000Z
    </Time><Position>
      <LatitudeDegrees>
      47.42889410873546
    </LatitudeDegrees><LongitudeDegrees>
      -122.2907956653518
    </LongitudeDegrees>
    </Position><AltitudeMeters>
      112.34651153348386
    </AltitudeMeters><SensorState>
      Present
    </SensorState><Extensions>
      <TPX xmlns="http://www.garmin.com/xmlschemas/ActivityExtension/v2">
      <nax:Nax>
      <nax:Moments>
      <nax:Halt xsi:type="nax:Halt_t" action="auto_pause">
      
    </nax:Halt>
    </nax:Moments>
    </nax:Nax>
    </TPX>
    </Extensions>
    </Trackpoint>
<Trackpoint>
      <Time>
      2025-05-11T13:27:51.625Z
    </Time><SensorState>
      Present
    </SensorState><Extensions>
      <TPX xmlns="http://www.garmin.com/xmlschemas/ActivityExtension/v2">
      <nax:Nax>
      <nax:DescentInMeters>
      0.0819244384765625
    </nax:DescentInMeters><nax:Moments>
      <nax:Halt xsi:type="nax:Halt_t" action="auto_pause">
      
    </nax:Halt>
    </nax:Moments>
    </nax:Nax>
    </TPX>
    </Extensions>
    </Trackpoint>
<Trackpoint>
      <Time>
      2025-05-11T13:27:52.392Z
    </Time><SensorState>
      Present
    </SensorState><Extensions>
      <TPX xmlns="http://www.garmin.com/xmlschemas/ActivityExtension/v2">
      <ns3:Speed>
      5.525663124172323
    </ns3:Speed><nax:Nax>
      <nax:Pace>
      3.016229236588347
    </nax:Pace><nax:Moments>
      <nax:Halt xsi:type="nax:Halt_t" action="auto_pause">
      
    </nax:Halt>
    </nax:Moments>
    </nax:Nax>
    </TPX>
    </Extensions>
    </Trackpoint>
<Trackpoint>
      <Time>
      2025-05-11T13:27:52.393Z
    </Time><DistanceMeters>
      14.017468108329922
    </DistanceMeters><Cadence>
      199.59415912628174
    </Cadence><SensorState>
      Present
    </SensorState><Extensions>
      <TPX xmlns="http://www.garmin.com/xmlschemas/ActivityExtension/v2">
      <nax:Nax>
      <nax:Moments>
      <nax:Halt xsi:type="nax:Halt_t" action="auto_pause">
      
    </nax:Halt>
    </nax:Moments>
    </nax:Nax>
    </TPX>
    </Extensions>
    </Trackpoint>
<Trackpoint>
      <Time>
      2025-05-11T13:27:52.684Z
    </Time><SensorState>
      Present
    </SensorState><Extensions>
      <TPX xmlns="http://www.garmin.com/xmlschemas/ActivityExtension/v2">
      <nax:Nax>
      <nax:DescentInMeters>
      0.0449066162109375
    </nax:DescentInMeters><nax:Moments>
      <nax:Halt xsi:type="nax:Halt_t" action="auto_pause">
      
    </nax:Halt>
    </nax:Moments>
    </nax:Nax>
    </TPX>
    </Extensions>
    </Trackpoint>
<Trackpoint>
      <Time>
      2025-05-11T13:27:53.000Z
    </Time><Position>
      <LatitudeDegrees>
      47.42886481567086
    </LatitudeDegrees><LongitudeDegrees>
      -122.29093475456011
    </LongitudeDegrees>
    </Position><AltitudeMeters>
      112.16186702623963
    </AltitudeMeters><SensorState>
      Present
    </SensorState><Extensions>
      <TPX xmlns="http://www.garmin.com/xmlschemas/ActivityExtension/v2">
      <nax:Nax>
      <nax:Moments>
      <nax:Halt xsi:type="nax:Halt_t" action="auto_pause">
      
    </nax:Halt>
    </nax:Moments>
    </nax:Nax>
    </TPX>
    </Extensions>
    </Trackpoint>
<Trackpoint>
      <Time>
      2025-05-11T13:27:53.743Z
    </Time><SensorState>
      Present
    </SensorState><Extensions>
      <TPX xmlns="http://www.garmin.com/xmlschemas/ActivityExtension/v2">
      <nax:Nax>
      <nax:DescentInMeters>
      0.121551513671875
    </nax:DescentInMeters><nax:Moments>
      <nax:Halt xsi:type="nax:Halt_t" action="auto_pause">
      
    </nax:Halt>
    </nax:Moments>
    </nax:Nax>
    </TPX>
    </Extensions>
    </Trackpoint>
<Trackpoint>
      <Time>
      2025-05-11T13:27:54.802Z
    </Time><SensorState>
      Present
    </SensorState><Extensions>
      <TPX xmlns="http://www.garmin.com/xmlschemas/ActivityExtension/v2">
      <nax:Nax>
      <nax:DescentInMeters>
      0.121551513671875
    </nax:DescentInMeters><nax:Moments>
      <nax:Halt xsi:type="nax:Halt_t" action="auto_pause">
      
    </nax:Halt>
    </nax:Moments>
    </nax:Nax>
    </TPX>
    </Extensions>
    </Trackpoint>
<Trackpoint>
      <Time>
      2025-05-11T13:27:54.947Z
    </Time><SensorState>
      Present
    </SensorState><Extensions>
      <TPX xmlns="http://www.garmin.com/xmlschemas/ActivityExtension/v2">
      <ns3:Speed>
      5.525663124172323
    </ns3:Speed><nax:Nax>
      <nax:Pace>
      3.016229236588347
    </nax:Pace><nax:Moments>
      <nax:Halt xsi:type="nax:Halt_t" action="auto_pause">
      
    </nax:Halt>
    </nax:Moments>
    </nax:Nax>
    </TPX>
    </Extensions>
    </Trackpoint>
<Trackpoint>
      <Time>
      2025-05-11T13:27:54.948Z
    </Time><DistanceMeters>
      5.439036457566544
    </DistanceMeters><Cadence>
      199.59415912628174
    </Cadence><SensorState>
      Present
    </SensorState><Extensions>
      <TPX xmlns="http://www.garmin.com/xmlschemas/ActivityExtension/v2">
      <nax:Nax>
      <nax:Moments>
      <nax:Halt xsi:type="nax:Halt_t" action="auto_pause">
      
    </nax:Halt>
    </nax:Moments>
    </nax:Nax>
    </TPX>
    </Extensions>
    </Trackpoint>
<Trackpoint>
      <Time>
      2025-05-11T13:27:55.861Z
    </Time><SensorState>
      Present
    </SensorState><Extensions>
      <TPX xmlns="http://www.garmin.com/xmlschemas/ActivityExtension/v2">
      <nax:Nax>
      <nax:DescentInMeters>
      0.0845489501953125
    </nax:DescentInMeters><nax:Moments>
      <nax:Halt xsi:type="nax:Halt_t" action="auto_pause">
      
    </nax:Halt>
    </nax:Moments>
    </nax:Nax>
    </TPX>
    </Extensions>
    </Trackpoint>
<Trackpoint>
      <Time>
      2025-05-11T13:27:56.920Z
    </Time><SensorState>
      Present
    </SensorState><Extensions>
      <TPX xmlns="http://www.garmin.com/xmlschemas/ActivityExtension/v2">
      <nax:Nax>
      <nax:DescentInMeters>
      0.0924835205078125
    </nax:DescentInMeters><nax:Moments>
      <nax:Halt xsi:type="nax:Halt_t" action="auto_pause">
      
    </nax:Halt>
    </nax:Moments>
    </nax:Nax>
    </TPX>
    </Extensions>
    </Trackpoint>
<Trackpoint>
      <Time>
      2025-05-11T13:27:57.000Z
    </Time><Position>
      <LatitudeDegrees>
      47.42882260147639
    </LatitudeDegrees><LongitudeDegrees>
      -122.29106116263773
    </LongitudeDegrees>
    </Position><AltitudeMeters>
      111.93630077131093
    </AltitudeMeters><SensorState>
      Present
    </SensorState><Extensions>
      <TPX xmlns="http://www.garmin.com/xmlschemas/ActivityExtension/v2">
      <nax:Nax>
      <nax:Moments>
      <nax:Halt xsi:type="nax:Halt_t" action="auto_pause">
      
    </nax:Halt>
    </nax:Moments>
    </nax:Nax>
    </TPX>
    </Extensions>
    </Trackpoint>
<Trackpoint>
      <Time>
      2025-05-11T13:27:57.502Z
    </Time><SensorState>
      Present
    </SensorState><Extensions>
      <TPX xmlns="http://www.garmin.com/xmlschemas/ActivityExtension/v2">
      <ns3:Speed>
      5.525663124172323
    </ns3:Speed><nax:Nax>
      <nax:Pace>
      3.016229236588347
    </nax:Pace><nax:Moments>
      <nax:Halt xsi:type="nax:Halt_t" action="auto_pause">
      
    </nax:Halt>
    </nax:Moments>
    </nax:Nax>
    </TPX>
    </Extensions>
    </Trackpoint>
<Trackpoint>
      <Time>
      2025-05-11T13:27:57.503Z
    </Time><DistanceMeters>
      2.3006281789857894
    </DistanceMeters><Cadence>
      120.24048328399658
    </Cadence><SensorState>
      Present
    </SensorState><Extensions>
      <TPX xmlns="http://www.garmin.com/xmlschemas/ActivityExtension/v2">
      <nax:Nax>
      <nax:Moments>
      <nax:Halt xsi:type="nax:Halt_t" action="auto_pause">
      
    </nax:Halt>
    </nax:Moments>
    </nax:Nax>
    </TPX>
    </Extensions>
    </Trackpoint>
<Trackpoint>
      <Time>
      2025-05-11T13:27:57.979Z
    </Time><SensorState>
      Present
    </SensorState><Extensions>
      <TPX xmlns="http://www.garmin.com/xmlschemas/ActivityExtension/v2">
      <nax:Nax>
      <nax:DescentInMeters>
      0.10833740234375
    </nax:DescentInMeters><nax:Moments>
      <nax:Halt xsi:type="nax:Halt_t" action="auto_pause">
      
    </nax:Halt>
    </nax:Moments>
    </nax:Nax>
    </TPX>
    </Extensions>
    </Trackpoint>
<Trackpoint>
      <Time>
      2025-05-11T13:27:59.000Z
    </Time><SensorState>
      Present
    </SensorState><Extensions>
      <TPX xmlns="http://www.garmin.com/xmlschemas/ActivityExtension/v2">
      <nax:Nax>
      <nax:NikeFuel>
      2.4627539274946013
    </nax:NikeFuel><nax:Moments>
      <nax:Halt xsi:type="nax:Halt_t" action="auto_pause">
      
    </nax:Halt>
    </nax:Moments>
    </nax:Nax>
    </TPX>
    </Extensions>
    </Trackpoint>
<Trackpoint>
      <Time>
      2025-05-11T13:27:59.038Z
    </Time><SensorState>
      Present
    </SensorState><Extensions>
      <TPX xmlns="http://www.garmin.com/xmlschemas/ActivityExtension/v2">
      <nax:Nax>
      <nax:DescentInMeters>
      0.050201416015625
    </nax:DescentInMeters><nax:Moments>
      <nax:Halt xsi:type="nax:Halt_t" action="auto_pause">
      
    </nax:Halt>
    </nax:Moments>
    </nax:Nax>
    </TPX>
    </Extensions>
    </Trackpoint>
<Trackpoint>
      <Time>
      2025-05-11T13:28:00.057Z
    </Time><SensorState>
      Present
    </SensorState><Extensions>
      <TPX xmlns="http://www.garmin.com/xmlschemas/ActivityExtension/v2">
      <ns3:Speed>
      1.337576346259196
    </ns3:Speed><nax:Nax>
      <nax:Pace>
      12.460347936981977
    </nax:Pace><nax:Moments>
      <nax:Halt xsi:type="nax:Halt_t" action="auto_pause">
      
    </nax:Halt>
    </nax:Moments>
    </nax:Nax>
    </TPX>
    </Extensions>
    </Trackpoint>
<Trackpoint>
      <Time>
      2025-05-11T13:28:00.058Z
    </Time><DistanceMeters>
      2.082575970911421
    </DistanceMeters><Cadence>
      120.24048328399658
    </Cadence><SensorState>
      Present
    </SensorState><Extensions>
      <TPX xmlns="http://www.garmin.com/xmlschemas/ActivityExtension/v2">
      <nax:Nax>
      <nax:Moments>
      <nax:Halt xsi:type="nax:Halt_t" action="auto_pause">
      
    </nax:Halt>
    </nax:Moments>
    </nax:Nax>
    </TPX>
    </Extensions>
    </Trackpoint>
<Trackpoint>
      <Time>
      2025-05-11T13:28:00.097Z
    </Time><SensorState>
      Present
    </SensorState><Extensions>
      <TPX xmlns="http://www.garmin.com/xmlschemas/ActivityExtension/v2">
      <nax:Nax>
      <nax:DescentInMeters>
      0.0237884521484375
    </nax:DescentInMeters><nax:Moments>
      <nax:Halt xsi:type="nax:Halt_t" action="auto_pause">
      
    </nax:Halt>
    </nax:Moments>
    </nax:Nax>
    </TPX>
    </Extensions>
    </Trackpoint>
<Trackpoint>
      <Time>
      2025-05-11T13:28:01.156Z
    </Time><SensorState>
      Present
    </SensorState><Extensions>
      <TPX xmlns="http://www.garmin.com/xmlschemas/ActivityExtension/v2">
      <nax:Nax>
      <nax:DescentInMeters>
      0.042266845703125
    </nax:DescentInMeters><nax:Moments>
      <nax:Halt xsi:type="nax:Halt_t" action="auto_pause">
      
    </nax:Halt>
    </nax:Moments>
    </nax:Nax>
    </TPX>
    </Extensions>
    </Trackpoint>
<Trackpoint>
      <Time>
      2025-05-11T13:28:02.215Z
    </Time><SensorState>
      Present
    </SensorState><Extensions>
      <TPX xmlns="http://www.garmin.com/xmlschemas/ActivityExtension/v2">
      <nax:Nax>
      <nax:DescentInMeters>
      0.039642333984375
    </nax:DescentInMeters><nax:Moments>
      <nax:Halt xsi:type="nax:Halt_t" action="auto_pause">
      
    </nax:Halt>
    </nax:Moments>
    </nax:Nax>
    </TPX>
    </Extensions>
    </Trackpoint>
<Trackpoint>
      <Time>
      2025-05-11T13:28:02.612Z
    </Time><SensorState>
      Present
    </SensorState><Extensions>
      <TPX xmlns="http://www.garmin.com/xmlschemas/ActivityExtension/v2">
      <ns3:Speed>
      1.337576346259196
    </ns3:Speed><nax:Nax>
      <nax:Pace>
      12.460347936981977
    </nax:Pace><nax:Moments>
      <nax:Halt xsi:type="nax:Halt_t" action="auto_pause">
      
    </nax:Halt>
    </nax:Moments>
    </nax:Nax>
    </TPX>
    </Extensions>
    </Trackpoint>
<Trackpoint>
      <Time>
      2025-05-11T13:28:02.613Z
    </Time><DistanceMeters>
      2.4489957607584074
    </DistanceMeters><Cadence>
      120.24048328399658
    </Cadence><SensorState>
      Present
    </SensorState><Extensions>
      <TPX xmlns="http://www.garmin.com/xmlschemas/ActivityExtension/v2">
      <nax:Nax>
      <nax:Moments>
      <nax:Halt xsi:type="nax:Halt_t" action="auto_pause">
      
    </nax:Halt>
    </nax:Moments>
    </nax:Nax>
    </TPX>
    </Extensions>
    </Trackpoint>
<Trackpoint>
      <Time>
      2025-05-11T13:28:03.275Z
    </Time><SensorState>
      Present
    </SensorState><Extensions>
      <TPX xmlns="http://www.garmin.com/xmlschemas/ActivityExtension/v2">
      <nax:Nax>
      <nax:DescentInMeters>
      0.0369873046875
    </nax:DescentInMeters><nax:Moments>
      <nax:Halt xsi:type="nax:Halt_t" action="auto_pause">
      
    </nax:Halt>
    </nax:Moments>
    </nax:Nax>
    </TPX>
    </Extensions>
    </Trackpoint>
<Trackpoint>
      <Time>
      2025-05-11T13:28:04.334Z
    </Time><SensorState>
      Present
    </SensorState><Extensions>
      <TPX xmlns="http://www.garmin.com/xmlschemas/ActivityExtension/v2">
      <nax:Nax>
      <nax:DescentInMeters>
      0.0079345703125
    </nax:DescentInMeters><nax:Moments>
      <nax:Halt xsi:type="nax:Halt_t" action="auto_pause">
      
    </nax:Halt>
    </nax:Moments>
    </nax:Nax>
    </TPX>
    </Extensions>
    </Trackpoint>
<Trackpoint>
      <Time>
      2025-05-11T13:28:05.166Z
    </Time><DistanceMeters>
      2.559776113834232
    </DistanceMeters><SensorState>
      Present
    </SensorState><Extensions>
      <TPX xmlns="http://www.garmin.com/xmlschemas/ActivityExtension/v2">
      <ns3:Speed>
      1.337576346259196
    </ns3:Speed><nax:Nax>
      <nax:Pace>
      12.460347936981977
    </nax:Pace><nax:Moments>
      <nax:Halt xsi:type="nax:Halt_t" action="auto_pause">
      
    </nax:Halt>
    </nax:Moments>
    </nax:Nax>
    </TPX>
    </Extensions>
    </Trackpoint>
<Trackpoint>
      <Time>
      2025-05-11T13:28:05.167Z
    </Time><Cadence>
      114.29767370223999
    </Cadence><SensorState>
      Present
    </SensorState><Extensions>
      <TPX xmlns="http://www.garmin.com/xmlschemas/ActivityExtension/v2">
      <nax:Nax>
      <nax:Moments>
      <nax:Halt xsi:type="nax:Halt_t" action="auto_pause">
      
    </nax:Halt>
    </nax:Moments>
    </nax:Nax>
    </TPX>
    </Extensions>
    </Trackpoint>
<Trackpoint>
      <Time>
      2025-05-11T13:28:07.721Z
    </Time><SensorState>
      Present
    </SensorState><Extensions>
      <TPX xmlns="http://www.garmin.com/xmlschemas/ActivityExtension/v2">
      <ns3:Speed>
      1.338505264377693
    </ns3:Speed><nax:Nax>
      <nax:Pace>
      12.451700497730538
    </nax:Pace><nax:Moments>
      <nax:Halt xsi:type="nax:Halt_t" action="auto_pause">
      
    </nax:Halt>
    </nax:Moments>
    </nax:Nax>
    </TPX>
    </Extensions>
    </Trackpoint>
<Trackpoint>
      <Time>
      2025-05-11T13:28:07.722Z
    </Time><DistanceMeters>
      2.4626262048259377
    </DistanceMeters><Cadence>
      113.57803344726562
    </Cadence><SensorState>
      Present
    </SensorState><Extensions>
      <TPX xmlns="http://www.garmin.com/xmlschemas/ActivityExtension/v2">
      <nax:Nax>
      <nax:Moments>
      <nax:Halt xsi:type="nax:Halt_t" action="auto_pause">
      
    </nax:Halt>
    </nax:Moments>
    </nax:Nax>
    </TPX>
    </Extensions>
    </Trackpoint>
<Trackpoint>
      <Time>
      2025-05-11T13:28:08.570Z
    </Time><SensorState>
      Present
    </SensorState><Extensions>
      <TPX xmlns="http://www.garmin.com/xmlschemas/ActivityExtension/v2">
      <nax:Nax>
      <nax:AscentInMeters>
      0.0211334228515625
    </nax:AscentInMeters><nax:Moments>
      <nax:Halt xsi:type="nax:Halt_t" action="auto_pause">
      
    </nax:Halt>
    </nax:Moments>
    </nax:Nax>
    </TPX>
    </Extensions>
    </Trackpoint>
<Trackpoint>
      <Time>
      2025-05-11T13:28:09.000Z
    </Time><SensorState>
      Present
    </SensorState><Extensions>
      <TPX xmlns="http://www.garmin.com/xmlschemas/ActivityExtension/v2">
      <nax:Nax>
      <nax:NikeFuel>
      2.479277076022768
    </nax:NikeFuel><nax:Moments>
      <nax:Halt xsi:type="nax:Halt_t" action="auto_pause">
      
    </nax:Halt>
    </nax:Moments>
    </nax:Nax>
    </TPX>
    </Extensions>
    </Trackpoint>
<Trackpoint>
      <Time>
      2025-05-11T13:28:09.629Z
    </Time><SensorState>
      Present
    </SensorState><Extensions>
      <TPX xmlns="http://www.garmin.com/xmlschemas/ActivityExtension/v2">
      <nax:Nax>
      <nax:AscentInMeters>
      0.0158538818359375
    </nax:AscentInMeters><nax:Moments>
      <nax:Halt xsi:type="nax:Halt_t" action="auto_pause">
      
    </nax:Halt>
    </nax:Moments>
    </nax:Nax>
    </TPX>
    </Extensions>
    </Trackpoint>
<Trackpoint>
      <Time>
      2025-05-11T13:28:10.276Z
    </Time><SensorState>
      Present
    </SensorState><Extensions>
      <TPX xmlns="http://www.garmin.com/xmlschemas/ActivityExtension/v2">
      <ns3:Speed>
      1.355302633533861
    </ns3:Speed><nax:Nax>
      <nax:Pace>
      12.297376434080594
    </nax:Pace><nax:Moments>
      <nax:Halt xsi:type="nax:Halt_t" action="auto_pause">
      
    </nax:Halt>
    </nax:Moments>
    </nax:Nax>
    </TPX>
    </Extensions>
    </Trackpoint>
<Trackpoint>
      <Time>
      2025-05-11T13:28:10.277Z
    </Time><DistanceMeters>
      1.8168042143806815
    </DistanceMeters><Cadence>
      113.57803344726562
    </Cadence><SensorState>
      Present
    </SensorState><Extensions>
      <TPX xmlns="http://www.garmin.com/xmlschemas/ActivityExtension/v2">
      <nax:Nax>
      <nax:Moments>
      <nax:Halt xsi:type="nax:Halt_t" action="auto_pause">
      
    </nax:Halt>
    </nax:Moments>
    </nax:Nax>
    </TPX>
    </Extensions>
    </Trackpoint>
<Trackpoint>
      <Time>
      2025-05-11T13:28:10.688Z
    </Time><SensorState>
      Present
    </SensorState><Extensions>
      <TPX xmlns="http://www.garmin.com/xmlschemas/ActivityExtension/v2">
      <nax:Nax>
      <nax:AscentInMeters>
      0.0185089111328125
    </nax:AscentInMeters><nax:Moments>
      <nax:Halt xsi:type="nax:Halt_t" action="auto_pause">
      
    </nax:Halt>
    </nax:Moments>
    </nax:Nax>
    </TPX>
    </Extensions>
    </Trackpoint>
<Trackpoint>
      <Time>
      2025-05-11T13:28:11.747Z
    </Time><SensorState>
      Present
    </SensorState><Extensions>
      <TPX xmlns="http://www.garmin.com/xmlschemas/ActivityExtension/v2">
      <nax:Nax>
      <nax:AscentInMeters>
      0.01055908203125
    </nax:AscentInMeters><nax:Moments>
      <nax:Halt xsi:type="nax:Halt_t" action="auto_pause">
      
    </nax:Halt>
    </nax:Moments>
    </nax:Nax>
    </TPX>
    </Extensions>
    </Trackpoint>
<Trackpoint>
      <Time>
      2025-05-11T13:28:12.806Z
    </Time><SensorState>
      Present
    </SensorState><Extensions>
      <TPX xmlns="http://www.garmin.com/xmlschemas/ActivityExtension/v2">
      <nax:Nax>
      <nax:AscentInMeters>
      0.0026397705078125
    </nax:AscentInMeters><nax:Moments>
      <nax:Halt xsi:type="nax:Halt_t" action="auto_pause">
      
    </nax:Halt>
    </nax:Moments>
    </nax:Nax>
    </TPX>
    </Extensions>
    </Trackpoint>
<Trackpoint>
      <Time>
      2025-05-11T13:28:12.831Z
    </Time><SensorState>
      Present
    </SensorState><Extensions>
      <TPX xmlns="http://www.garmin.com/xmlschemas/ActivityExtension/v2">
      <ns3:Speed>
      1.355302633533861
    </ns3:Speed><nax:Nax>
      <nax:Pace>
      12.297376434080594
    </nax:Pace><nax:Moments>
      <nax:Halt xsi:type="nax:Halt_t" action="auto_pause">
      
    </nax:Halt>
    </nax:Moments>
    </nax:Nax>
    </TPX>
    </Extensions>
    </Trackpoint>
<Trackpoint>
      <Time>
      2025-05-11T13:28:12.832Z
    </Time><DistanceMeters>
      2.4495747616747394
    </DistanceMeters><Cadence>
      112.16523170471191
    </Cadence><SensorState>
      Present
    </SensorState><Extensions>
      <TPX xmlns="http://www.garmin.com/xmlschemas/ActivityExtension/v2">
      <nax:Nax>
      <nax:Moments>
      <nax:Halt xsi:type="nax:Halt_t" action="auto_pause">
      
    </nax:Halt>
    </nax:Moments>
    </nax:Nax>
    </TPX>
    </Extensions>
    </Trackpoint>
<Trackpoint>
      <Time>
      2025-05-11T13:28:13.865Z
    </Time><SensorState>
      Present
    </SensorState><Extensions>
      <TPX xmlns="http://www.garmin.com/xmlschemas/ActivityExtension/v2">
      <nax:Nax>
      <nax:AscentInMeters>
      0.0237884521484375
    </nax:AscentInMeters><nax:Moments>
      <nax:Halt xsi:type="nax:Halt_t" action="auto_pause">
      
    </nax:Halt>
    </nax:Moments>
    </nax:Nax>
    </TPX>
    </Extensions>
    </Trackpoint>
<Trackpoint>
      <Time>
      2025-05-11T13:28:14.924Z
    </Time><SensorState>
      Present
    </SensorState><Extensions>
      <TPX xmlns="http://www.garmin.com/xmlschemas/ActivityExtension/v2">
      <nax:Nax>
      <nax:AscentInMeters>
      0.0290679931640625
    </nax:AscentInMeters><nax:Moments>
      <nax:Halt xsi:type="nax:Halt_t" action="auto_pause">
      
    </nax:Halt>
    </nax:Moments>
    </nax:Nax>
    </TPX>
    </Extensions>
    </Trackpoint>
<Trackpoint>
      <Time>
      2025-05-11T13:28:15.386Z
    </Time><SensorState>
      Present
    </SensorState><Extensions>
      <TPX xmlns="http://www.garmin.com/xmlschemas/ActivityExtension/v2">
      <ns3:Speed>
      1.3460916608334315
    </ns3:Speed><nax:Nax>
      <nax:Pace>
      12.38152434311012
    </nax:Pace><nax:Moments>
      <nax:Halt xsi:type="nax:Halt_t" action="auto_pause">
      
    </nax:Halt>
    </nax:Moments>
    </nax:Nax>
    </TPX>
    </Extensions>
    </Trackpoint>
<Trackpoint>
      <Time>
      2025-05-11T13:28:15.387Z
    </Time><DistanceMeters>
      1.274466827744618
    </DistanceMeters><Cadence>
      112.16523170471191
    </Cadence><SensorState>
      Present
    </SensorState><Extensions>
      <TPX xmlns="http://www.garmin.com/xmlschemas/ActivityExtension/v2">
      <nax:Nax>
      <nax:Moments>
      <nax:Halt xsi:type="nax:Halt_t" action="auto_pause">
      
    </nax:Halt>
    </nax:Moments>
    </nax:Nax>
    </TPX>
    </Extensions>
    </Trackpoint>
<Trackpoint>
      <Time>
      2025-05-11T13:28:15.984Z
    </Time><SensorState>
      Present
    </SensorState><Extensions>
      <TPX xmlns="http://www.garmin.com/xmlschemas/ActivityExtension/v2">
      <nax:Nax>
      <nax:AscentInMeters>
      0.0290679931640625
    </nax:AscentInMeters><nax:Moments>
      <nax:Halt xsi:type="nax:Halt_t" action="auto_pause">
      
    </nax:Halt>
    </nax:Moments>
    </nax:Nax>
    </TPX>
    </Extensions>
    </Trackpoint>
<Trackpoint>
      <Time>
      2025-05-11T13:28:17.043Z
    </Time><SensorState>
      Present
    </SensorState><Extensions>
      <TPX xmlns="http://www.garmin.com/xmlschemas/ActivityExtension/v2">
      <nax:Nax>
      <nax:AscentInMeters>
      0.031707763671875
    </nax:AscentInMeters><nax:Moments>
      <nax:Halt xsi:type="nax:Halt_t" action="auto_pause">
      
    </nax:Halt>
    </nax:Moments>
    </nax:Nax>
    </TPX>
    </Extensions>
    </Trackpoint>
<Trackpoint>
      <Time>
      2025-05-11T13:28:17.941Z
    </Time><SensorState>
      Present
    </SensorState><Extensions>
      <TPX xmlns="http://www.garmin.com/xmlschemas/ActivityExtension/v2">
      <ns3:Speed>
      1.3460916608334315
    </ns3:Speed><nax:Nax>
      <nax:Pace>
      12.38152434311012
    </nax:Pace><nax:Moments>
      <nax:Halt xsi:type="nax:Halt_t" action="auto_pause">
      
    </nax:Halt>
    </nax:Moments>
    </nax:Nax>
    </TPX>
    </Extensions>
    </Trackpoint>
<Trackpoint>
      <Time>
      2025-05-11T13:28:17.942Z
    </Time><DistanceMeters>
      1.834373461548239
    </DistanceMeters><Cadence>
      112.16523170471191
    </Cadence><SensorState>
      Present
    </SensorState><Extensions>
      <TPX xmlns="http://www.garmin.com/xmlschemas/ActivityExtension/v2">
      <nax:Nax>
      <nax:Moments>
      <nax:Halt xsi:type="nax:Halt_t" action="auto_pause">
      
    </nax:Halt>
    </nax:Moments>
    </nax:Nax>
    </TPX>
    </Extensions>
    </Trackpoint>
<Trackpoint>
      <Time>
      2025-05-11T13:28:18.102Z
    </Time><SensorState>
      Present
    </SensorState><Extensions>
      <TPX xmlns="http://www.garmin.com/xmlschemas/ActivityExtension/v2">
      <nax:Nax>
      <nax:AscentInMeters>
      0.0079193115234375
    </nax:AscentInMeters><nax:Moments>
      <nax:Halt xsi:type="nax:Halt_t" action="auto_pause">
      
    </nax:Halt>
    </nax:Moments>
    </nax:Nax>
    </TPX>
    </Extensions>
    </Trackpoint>
<Trackpoint>
      <Time>
      2025-05-11T13:28:19.000Z
    </Time><SensorState>
      Present
    </SensorState><Extensions>
      <TPX xmlns="http://www.garmin.com/xmlschemas/ActivityExtension/v2">
      <nax:Nax>
      <nax:NikeFuel>
      1.9906710881348026
    </nax:NikeFuel><nax:Moments>
      <nax:Halt xsi:type="nax:Halt_t" action="auto_pause">
      
    </nax:Halt>
    </nax:Moments>
    </nax:Nax>
    </TPX>
    </Extensions>
    </Trackpoint>
<Trackpoint>
      <Time>
      2025-05-11T13:28:20.496Z
    </Time><SensorState>
      Present
    </SensorState><Extensions>
      <TPX xmlns="http://www.garmin.com/xmlschemas/ActivityExtension/v2">
      <ns3:Speed>
      1.3460916608334315
    </ns3:Speed><nax:Nax>
      <nax:Pace>
      12.38152434311012
    </nax:Pace><nax:Moments>
      <nax:Halt xsi:type="nax:Halt_t" action="auto_pause">
      
    </nax:Halt>
    </nax:Moments>
    </nax:Nax>
    </TPX>
    </Extensions>
    </Trackpoint>
<Trackpoint>
      <Time>
      2025-05-11T13:28:20.497Z
    </Time><DistanceMeters>
      2.8118827155558392
    </DistanceMeters><Cadence>
      105.10708808898926
    </Cadence><SensorState>
      Present
    </SensorState><Extensions>
      <TPX xmlns="http://www.garmin.com/xmlschemas/ActivityExtension/v2">
      <nax:Nax>
      <nax:Moments>
      <nax:Halt xsi:type="nax:Halt_t" action="auto_pause">
      
    </nax:Halt>
    </nax:Moments>
    </nax:Nax>
    </TPX>
    </Extensions>
    </Trackpoint>
<Trackpoint>
      <Time>
      2025-05-11T13:28:22.337Z
    </Time><SensorState>
      Present
    </SensorState><Extensions>
      <TPX xmlns="http://www.garmin.com/xmlschemas/ActivityExtension/v2">
      <nax:Nax>
      <nax:DescentInMeters>
      0.0290679931640625
    </nax:DescentInMeters><nax:Moments>
      <nax:Halt xsi:type="nax:Halt_t" action="auto_pause">
      
    </nax:Halt>
    </nax:Moments>
    </nax:Nax>
    </TPX>
    </Extensions>
    </Trackpoint>
<Trackpoint>
      <Time>
      2025-05-11T13:28:23.050Z
    </Time><SensorState>
      Present
    </SensorState><Extensions>
      <TPX xmlns="http://www.garmin.com/xmlschemas/ActivityExtension/v2">
      <ns3:Speed>
      0.8218757066608587
    </ns3:Speed><nax:Nax>
      <nax:Pace>
      20.27881653100625
    </nax:Pace><nax:Moments>
      <nax:Halt xsi:type="nax:Halt_t" action="auto_pause">
      
    </nax:Halt>
    </nax:Moments>
    </nax:Nax>
    </TPX>
    </Extensions>
    </Trackpoint>
<Trackpoint>
      <Time>
      2025-05-11T13:28:23.051Z
    </Time><DistanceMeters>
      1.2249968246323988
    </DistanceMeters><Cadence>
      109.31106090545654
    </Cadence><SensorState>
      Present
    </SensorState><Extensions>
      <TPX xmlns="http://www.garmin.com/xmlschemas/ActivityExtension/v2">
      <nax:Nax>
      <nax:Moments>
      <nax:Halt xsi:type="nax:Halt_t" action="auto_pause">
      
    </nax:Halt>
    </nax:Moments>
    </nax:Nax>
    </TPX>
    </Extensions>
    </Trackpoint>
<Trackpoint>
      <Time>
      2025-05-11T13:28:23.396Z
    </Time><SensorState>
      Present
    </SensorState><Extensions>
      <TPX xmlns="http://www.garmin.com/xmlschemas/ActivityExtension/v2">
      <nax:Nax>
      <nax:DescentInMeters>
      0.0290679931640625
    </nax:DescentInMeters><nax:Moments>
      <nax:Halt xsi:type="nax:Halt_t" action="auto_pause">
      
    </nax:Halt>
    </nax:Moments>
    </nax:Nax>
    </TPX>
    </Extensions>
    </Trackpoint>
<Trackpoint>
      <Time>
      2025-05-11T13:28:24.455Z
    </Time><SensorState>
      Present
    </SensorState><Extensions>
      <TPX xmlns="http://www.garmin.com/xmlschemas/ActivityExtension/v2">
      <nax:Nax>
      <nax:DescentInMeters>
      0.031707763671875
    </nax:DescentInMeters><nax:Moments>
      <nax:Halt xsi:type="nax:Halt_t" action="auto_pause">
      
    </nax:Halt>
    </nax:Moments>
    </nax:Nax>
    </TPX>
    </Extensions>
    </Trackpoint>
<Trackpoint>
      <Time>
      2025-05-11T13:28:25.514Z
    </Time><SensorState>
      Present
    </SensorState><Extensions>
      <TPX xmlns="http://www.garmin.com/xmlschemas/ActivityExtension/v2">
      <nax:Nax>
      <nax:DescentInMeters>
      0.029052734375
    </nax:DescentInMeters><nax:Moments>
      <nax:Halt xsi:type="nax:Halt_t" action="auto_pause">
      
    </nax:Halt>
    </nax:Moments>
    </nax:Nax>
    </TPX>
    </Extensions>
    </Trackpoint>
<Trackpoint>
      <Time>
      2025-05-11T13:28:25.605Z
    </Time><SensorState>
      Present
    </SensorState><Extensions>
      <TPX xmlns="http://www.garmin.com/xmlschemas/ActivityExtension/v2">
      <ns3:Speed>
      0.8551547792816676
    </ns3:Speed><nax:Nax>
      <nax:Pace>
      19.489649207909135
    </nax:Pace><nax:Moments>
      <nax:Halt xsi:type="nax:Halt_t" action="auto_pause">
      
    </nax:Halt>
    </nax:Moments>
    </nax:Nax>
    </TPX>
    </Extensions>
    </Trackpoint>
<Trackpoint>
      <Time>
      2025-05-11T13:28:25.606Z
    </Time><DistanceMeters>
      1.878075288492255
    </DistanceMeters><Cadence>
      109.31106090545654
    </Cadence><SensorState>
      Present
    </SensorState><Extensions>
      <TPX xmlns="http://www.garmin.com/xmlschemas/ActivityExtension/v2">
      <nax:Nax>
      <nax:Moments>
      <nax:Halt xsi:type="nax:Halt_t" action="auto_pause">
      
    </nax:Halt>
    </nax:Moments>
    </nax:Nax>
    </TPX>
    </Extensions>
    </Trackpoint>
<Trackpoint>
      <Time>
      2025-05-11T13:28:26.574Z
    </Time><SensorState>
      Present
    </SensorState><Extensions>
      <TPX xmlns="http://www.garmin.com/xmlschemas/ActivityExtension/v2">
      <nax:Nax>
      <nax:DescentInMeters>
      0.087188720703125
    </nax:DescentInMeters><nax:Moments>
      <nax:Halt xsi:type="nax:Halt_t" action="auto_pause">
      
    </nax:Halt>
    </nax:Moments>
    </nax:Nax>
    </TPX>
    </Extensions>
    </Trackpoint>
<Trackpoint>
      <Time>
      2025-05-11T13:28:28.160Z
    </Time><SensorState>
      Present
    </SensorState><Extensions>
      <TPX xmlns="http://www.garmin.com/xmlschemas/ActivityExtension/v2">
      <ns3:Speed>
      0.8551547792816676
    </ns3:Speed><nax:Nax>
      <nax:Pace>
      19.489649207909135
    </nax:Pace><nax:Moments>
      <nax:Halt xsi:type="nax:Halt_t" action="auto_pause">
      
    </nax:Halt>
    </nax:Moments>
    </nax:Nax>
    </TPX>
    </Extensions>
    </Trackpoint>
<Trackpoint>
      <Time>
      2025-05-11T13:28:28.161Z
    </Time><DistanceMeters>
      1.4403342165751383
    </DistanceMeters><Cadence>
      109.31106090545654
    </Cadence><SensorState>
      Present
    </SensorState><Extensions>
      <TPX xmlns="http://www.garmin.com/xmlschemas/ActivityExtension/v2">
      <nax:Nax>
      <nax:Moments>
      <nax:Halt xsi:type="nax:Halt_t" action="auto_pause">
      
    </nax:Halt>
    </nax:Moments>
    </nax:Nax>
    </TPX>
    </Extensions>
    </Trackpoint>
<Trackpoint>
      <Time>
      2025-05-11T13:28:29.000Z
    </Time><SensorState>
      Present
    </SensorState><Extensions>
      <TPX xmlns="http://www.garmin.com/xmlschemas/ActivityExtension/v2">
      <nax:Nax>
      <nax:NikeFuel>
      2.22033306406602
    </nax:NikeFuel><nax:Moments>
      <nax:Halt xsi:type="nax:Halt_t" action="auto_pause">
      
    </nax:Halt>
    </nax:Moments>
    </nax:Nax>
    </TPX>
    </Extensions>
    </Trackpoint>
<Trackpoint>
      <Time>
      2025-05-11T13:28:30.715Z
    </Time><SensorState>
      Present
    </SensorState><Extensions>
      <TPX xmlns="http://www.garmin.com/xmlschemas/ActivityExtension/v2">
      <ns3:Speed>
      0.8551547792816676
    </ns3:Speed><nax:Nax>
      <nax:Pace>
      19.489649207909135
    </nax:Pace><nax:Moments>
      <nax:Halt xsi:type="nax:Halt_t" action="auto_pause">
      
    </nax:Halt>
    </nax:Moments>
    </nax:Nax>
    </TPX>
    </Extensions>
    </Trackpoint>
<Trackpoint>
      <Time>
      2025-05-11T13:28:30.716Z
    </Time><DistanceMeters>
      2.0932768313214183
    </DistanceMeters><Cadence>
      105.10744571685791
    </Cadence><SensorState>
      Present
    </SensorState><Extensions>
      <TPX xmlns="http://www.garmin.com/xmlschemas/ActivityExtension/v2">
      <nax:Nax>
      <nax:Moments>
      <nax:Halt xsi:type="nax:Halt_t" action="auto_pause">
      
    </nax:Halt>
    </nax:Moments>
    </nax:Nax>
    </TPX>
    </Extensions>
    </Trackpoint>
<Trackpoint>
      <Time>
      2025-05-11T13:28:30.810Z
    </Time><SensorState>
      Present
    </SensorState><Extensions>
      <TPX xmlns="http://www.garmin.com/xmlschemas/ActivityExtension/v2">
      <nax:Nax>
      <nax:AscentInMeters>
      0.044921875
    </nax:AscentInMeters><nax:Moments>
      <nax:Halt xsi:type="nax:Halt_t" action="auto_pause">
      
    </nax:Halt>
    </nax:Moments>
    </nax:Nax>
    </TPX>
    </Extensions>
    </Trackpoint>
<Trackpoint>
      <Time>
      2025-05-11T13:28:31.869Z
    </Time><SensorState>
      Present
    </SensorState><Extensions>
      <TPX xmlns="http://www.garmin.com/xmlschemas/ActivityExtension/v2">
      <nax:Nax>
      <nax:AscentInMeters>
      0.0343475341796875
    </nax:AscentInMeters><nax:Moments>
      <nax:Halt xsi:type="nax:Halt_t" action="auto_pause">
      
    </nax:Halt>
    </nax:Moments>
    </nax:Nax>
    </TPX>
    </Extensions>
    </Trackpoint>
<Trackpoint>
      <Time>
      2025-05-11T13:28:32.928Z
    </Time><SensorState>
      Present
    </SensorState><Extensions>
      <TPX xmlns="http://www.garmin.com/xmlschemas/ActivityExtension/v2">
      <nax:Nax>
      <nax:AscentInMeters>
      0.031707763671875
    </nax:AscentInMeters><nax:Moments>
      <nax:Halt xsi:type="nax:Halt_t" action="auto_pause">
      
    </nax:Halt>
    </nax:Moments>
    </nax:Nax>
    </TPX>
    </Extensions>
    </Trackpoint>
<Trackpoint>
      <Time>
      2025-05-11T13:28:33.270Z
    </Time><SensorState>
      Present
    </SensorState><Extensions>
      <TPX xmlns="http://www.garmin.com/xmlschemas/ActivityExtension/v2">
      <ns3:Speed>
      1.273711316867445
    </ns3:Speed><nax:Nax>
      <nax:Pace>
      13.085120973610039
    </nax:Pace><nax:Moments>
      <nax:Halt xsi:type="nax:Halt_t" action="auto_pause">
      
    </nax:Halt>
    </nax:Moments>
    </nax:Nax>
    </TPX>
    </Extensions>
    </Trackpoint>
<Trackpoint>
      <Time>
      2025-05-11T13:28:33.271Z
    </Time><DistanceMeters>
      0.3857217311160639
    </DistanceMeters><Cadence>
      105.10744571685791
    </Cadence><SensorState>
      Present
    </SensorState><Extensions>
      <TPX xmlns="http://www.garmin.com/xmlschemas/ActivityExtension/v2">
      <nax:Nax>
      <nax:Moments>
      <nax:Halt xsi:type="nax:Halt_t" action="auto_pause">
      
    </nax:Halt>
    </nax:Moments>
    </nax:Nax>
    </TPX>
    </Extensions>
    </Trackpoint>
<Trackpoint>
      <Time>
      2025-05-11T13:28:33.987Z
    </Time><SensorState>
      Present
    </SensorState><Extensions>
      <TPX xmlns="http://www.garmin.com/xmlschemas/ActivityExtension/v2">
      <nax:Nax>
      <nax:AscentInMeters>
      0.0158538818359375
    </nax:AscentInMeters><nax:Moments>
      <nax:Halt xsi:type="nax:Halt_t" action="auto_pause">
      
    </nax:Halt>
    </nax:Moments>
    </nax:Nax>
    </TPX>
    </Extensions>
    </Trackpoint>
<Trackpoint>
      <Time>
      2025-05-11T13:28:35.046Z
    </Time><SensorState>
      Present
    </SensorState><Extensions>
      <TPX xmlns="http://www.garmin.com/xmlschemas/ActivityExtension/v2">
      <nax:Nax>
      <nax:AscentInMeters>
      0.0158538818359375
    </nax:AscentInMeters><nax:Moments>
      <nax:Halt xsi:type="nax:Halt_t" action="auto_pause">
      
    </nax:Halt>
    </nax:Moments>
    </nax:Nax>
    </TPX>
    </Extensions>
    </Trackpoint>
<Trackpoint>
      <Time>
      2025-05-11T13:28:35.825Z
    </Time><SensorState>
      Present
    </SensorState><Extensions>
      <TPX xmlns="http://www.garmin.com/xmlschemas/ActivityExtension/v2">
      <ns3:Speed>
      1.273711316867445
    </ns3:Speed><nax:Nax>
      <nax:Pace>
      13.085120973610039
    </nax:Pace><nax:Moments>
      <nax:Halt xsi:type="nax:Halt_t" action="auto_pause">
      
    </nax:Halt>
    </nax:Moments>
    </nax:Nax>
    </TPX>
    </Extensions>
    </Trackpoint>
<Trackpoint>
      <Time>
      2025-05-11T13:28:35.826Z
    </Time><DistanceMeters>
      2.9338213072624058
    </DistanceMeters><Cadence>
      97.66978740692139
    </Cadence><SensorState>
      Present
    </SensorState><Extensions>
      <TPX xmlns="http://www.garmin.com/xmlschemas/ActivityExtension/v2">
      <nax:Nax>
      <nax:Moments>
      <nax:Halt xsi:type="nax:Halt_t" action="auto_pause">
      
    </nax:Halt>
    </nax:Moments>
    </nax:Nax>
    </TPX>
    </Extensions>
    </Trackpoint>
<Trackpoint>
      <Time>
      2025-05-11T13:28:38.223Z
    </Time><SensorState>
      Present
    </SensorState><Extensions>
      <TPX xmlns="http://www.garmin.com/xmlschemas/ActivityExtension/v2">
      <nax:Nax>
      <nax:AscentInMeters>
      0.0026397705078125
    </nax:AscentInMeters><nax:Moments>
      <nax:Halt xsi:type="nax:Halt_t" action="auto_pause">
      
    </nax:Halt>
    </nax:Moments>
    </nax:Nax>
    </TPX>
    </Extensions>
    </Trackpoint>
<Trackpoint>
      <Time>
      2025-05-11T13:28:38.380Z
    </Time><SensorState>
      Present
    </SensorState><Extensions>
      <TPX xmlns="http://www.garmin.com/xmlschemas/ActivityExtension/v2">
      <ns3:Speed>
      1.1922735409075813
    </ns3:Speed><nax:Nax>
      <nax:Pace>
      13.978895022680517
    </nax:Pace><nax:Moments>
      <nax:Halt xsi:type="nax:Halt_t" action="auto_pause">
      
    </nax:Halt>
    </nax:Moments>
    </nax:Nax>
    </TPX>
    </Extensions>
    </Trackpoint>
<Trackpoint>
      <Time>
      2025-05-11T13:28:38.381Z
    </Time><DistanceMeters>
      2.3711706455796957
    </DistanceMeters><Cadence>
      98.93310070037842
    </Cadence><SensorState>
      Present
    </SensorState><Extensions>
      <TPX xmlns="http://www.garmin.com/xmlschemas/ActivityExtension/v2">
      <nax:Nax>
      <nax:Moments>
      <nax:Halt xsi:type="nax:Halt_t" action="auto_pause">
      
    </nax:Halt>
    </nax:Moments>
    </nax:Nax>
    </TPX>
    </Extensions>
    </Trackpoint>
<Trackpoint>
      <Time>
      2025-05-11T13:28:39.000Z
    </Time><SensorState>
      Present
    </SensorState><Extensions>
      <TPX xmlns="http://www.garmin.com/xmlschemas/ActivityExtension/v2">
      <nax:Nax>
      <nax:NikeFuel>
      2.2101938395780687
    </nax:NikeFuel><nax:Moments>
      <nax:Halt xsi:type="nax:Halt_t" action="auto_pause">
      
    </nax:Halt>
    </nax:Moments>
    </nax:Nax>
    </TPX>
    </Extensions>
    </Trackpoint>
<Trackpoint>
      <Time>
      2025-05-11T13:28:40.934Z
    </Time><SensorState>
      Present
    </SensorState><Extensions>
      <TPX xmlns="http://www.garmin.com/xmlschemas/ActivityExtension/v2">
      <ns3:Speed>
      1.1408038270239744
    </ns3:Speed><nax:Nax>
      <nax:Pace>
      14.609581658000883
    </nax:Pace><nax:Moments>
      <nax:Halt xsi:type="nax:Halt_t" action="auto_pause">
      
    </nax:Halt>
    </nax:Moments>
    </nax:Nax>
    </TPX>
    </Extensions>
    </Trackpoint>
<Trackpoint>
      <Time>
      2025-05-11T13:28:40.935Z
    </Time><DistanceMeters>
      2.4917386445449665
    </DistanceMeters><Cadence>
      98.93310070037842
    </Cadence><SensorState>
      Present
    </SensorState><Extensions>
      <TPX xmlns="http://www.garmin.com/xmlschemas/ActivityExtension/v2">
      <nax:Nax>
      <nax:Moments>
      <nax:Halt xsi:type="nax:Halt_t" action="auto_pause">
      
    </nax:Halt>
    </nax:Moments>
    </nax:Nax>
    </TPX>
    </Extensions>
    </Trackpoint>
<Trackpoint>
      <Time>
      2025-05-11T13:28:41.399Z
    </Time><SensorState>
      Present
    </SensorState><Extensions>
      <TPX xmlns="http://www.garmin.com/xmlschemas/ActivityExtension/v2">
      <nax:Nax>
      <nax:AscentInMeters>
      0.0422821044921875
    </nax:AscentInMeters><nax:Moments>
      <nax:Halt xsi:type="nax:Halt_t" action="auto_pause">
      
    </nax:Halt>
    </nax:Moments>
    </nax:Nax>
    </TPX>
    </Extensions>
    </Trackpoint>
<Trackpoint>
      <Time>
      2025-05-11T13:28:42.458Z
    </Time><SensorState>
      Present
    </SensorState><Extensions>
      <TPX xmlns="http://www.garmin.com/xmlschemas/ActivityExtension/v2">
      <nax:Nax>
      <nax:AscentInMeters>
      0.0369873046875
    </nax:AscentInMeters><nax:Moments>
      <nax:Halt xsi:type="nax:Halt_t" action="auto_pause">
      
    </nax:Halt>
    </nax:Moments>
    </nax:Nax>
    </TPX>
    </Extensions>
    </Trackpoint>
<Trackpoint>
      <Time>
      2025-05-11T13:28:42.999Z
    </Time><Position>
      <LatitudeDegrees>
      47.42887782908285
    </LatitudeDegrees><LongitudeDegrees>
      -122.29094606394075
    </LongitudeDegrees>
    </Position><AltitudeMeters>
      110.342111219652
    </AltitudeMeters><SensorState>
      Present
    </SensorState><Extensions>
      <TPX xmlns="http://www.garmin.com/xmlschemas/ActivityExtension/v2">
      <nax:Nax>
      <nax:Moments>
      <nax:Halt xsi:type="nax:Halt_t" action="auto_pause">
      
    </nax:Halt>
    </nax:Moments>
    </nax:Nax>
    </TPX>
    </Extensions>
    </Trackpoint>
<Trackpoint>
      <Time>
      2025-05-11T13:28:43.489Z
    </Time><SensorState>
      Present
    </SensorState><Extensions>
      <TPX xmlns="http://www.garmin.com/xmlschemas/ActivityExtension/v2">
      <ns3:Speed>
      1.1408038270239744
    </ns3:Speed><nax:Nax>
      <nax:Pace>
      14.609581658000883
    </nax:Pace><nax:Moments>
      <nax:Halt xsi:type="nax:Halt_t" action="auto_pause">
      
    </nax:Halt>
    </nax:Moments>
    </nax:Nax>
    </TPX>
    </Extensions>
    </Trackpoint>
<Trackpoint>
      <Time>
      2025-05-11T13:28:43.490Z
    </Time><DistanceMeters>
      6.510671942145564
    </DistanceMeters><Cadence>
      98.93310070037842
    </Cadence><SensorState>
      Present
    </SensorState><Extensions>
      <TPX xmlns="http://www.garmin.com/xmlschemas/ActivityExtension/v2">
      <nax:Nax>
      <nax:Moments>
      <nax:Halt xsi:type="nax:Halt_t" action="auto_pause">
      
    </nax:Halt>
    </nax:Moments>
    </nax:Nax>
    </TPX>
    </Extensions>
    </Trackpoint>
<Trackpoint>
      <Time>
      2025-05-11T13:28:43.517Z
    </Time><SensorState>
      Present
    </SensorState><Extensions>
      <TPX xmlns="http://www.garmin.com/xmlschemas/ActivityExtension/v2">
      <nax:Nax>
      <nax:AscentInMeters>
      0.050201416015625
    </nax:AscentInMeters><nax:Moments>
      <nax:Halt xsi:type="nax:Halt_t" action="auto_pause">
      
    </nax:Halt>
    </nax:Moments>
    </nax:Nax>
    </TPX>
    </Extensions>
    </Trackpoint>
<Trackpoint>
      <Time>
      2025-05-11T13:28:44.576Z
    </Time><SensorState>
      Present
    </SensorState><Extensions>
      <TPX xmlns="http://www.garmin.com/xmlschemas/ActivityExtension/v2">
      <nax:Nax>
      <nax:AscentInMeters>
      0.03436279296875
    </nax:AscentInMeters><nax:Moments>
      <nax:Halt xsi:type="nax:Halt_t" action="auto_pause">
      
    </nax:Halt>
    </nax:Moments>
    </nax:Nax>
    </TPX>
    </Extensions>
    </Trackpoint>
<Trackpoint>
      <Time>
      2025-05-11T13:28:45.635Z
    </Time><SensorState>
      Present
    </SensorState><Extensions>
      <TPX xmlns="http://www.garmin.com/xmlschemas/ActivityExtension/v2">
      <nax:Nax>
      <nax:AscentInMeters>
      0.042266845703125
    </nax:AscentInMeters><nax:Moments>
      <nax:Halt xsi:type="nax:Halt_t" action="auto_pause">
      
    </nax:Halt>
    </nax:Moments>
    </nax:Nax>
    </TPX>
    </Extensions>
    </Trackpoint>
<Trackpoint>
      <Time>
      2025-05-11T13:28:46.044Z
    </Time><SensorState>
      Present
    </SensorState><Extensions>
      <TPX xmlns="http://www.garmin.com/xmlschemas/ActivityExtension/v2">
      <ns3:Speed>
      1.1408038270239744
    </ns3:Speed><nax:Nax>
      <nax:Pace>
      14.609581658000883
    </nax:Pace><nax:Moments>
      <nax:Halt xsi:type="nax:Halt_t" action="auto_pause">
      
    </nax:Halt>
    </nax:Moments>
    </nax:Nax>
    </TPX>
    </Extensions>
    </Trackpoint>
<Trackpoint>
      <Time>
      2025-05-11T13:28:46.045Z
    </Time><DistanceMeters>
      10.507691437378526
    </DistanceMeters><Cadence>
      98.93310070037842
    </Cadence><SensorState>
      Present
    </SensorState><Extensions>
      <TPX xmlns="http://www.garmin.com/xmlschemas/ActivityExtension/v2">
      <nax:Nax>
      <nax:Moments>
      <nax:Halt xsi:type="nax:Halt_t" action="auto_pause">
      
    </nax:Halt>
    </nax:Moments>
    </nax:Nax>
    </TPX>
    </Extensions>
    </Trackpoint>
<Trackpoint>
      <Time>
      2025-05-11T13:28:46.694Z
    </Time><SensorState>
      Present
    </SensorState><Extensions>
      <TPX xmlns="http://www.garmin.com/xmlschemas/ActivityExtension/v2">
      <nax:Nax>
      <nax:AscentInMeters>
      0.0422821044921875
    </nax:AscentInMeters><nax:Moments>
      <nax:Halt xsi:type="nax:Halt_t" action="auto_pause">
      
    </nax:Halt>
    </nax:Moments>
    </nax:Nax>
    </TPX>
    </Extensions>
    </Trackpoint>
<Trackpoint>
      <Time>
      2025-05-11T13:28:46.999Z
    </Time><Position>
      <LatitudeDegrees>
      47.42892081826386
    </LatitudeDegrees><LongitudeDegrees>
      -122.29077167571981
    </LongitudeDegrees>
    </Position><AltitudeMeters>
      109.71945239696652
    </AltitudeMeters><SensorState>
      Present
    </SensorState><Extensions>
      <TPX xmlns="http://www.garmin.com/xmlschemas/ActivityExtension/v2">
      <nax:Nax>
      <nax:Moments>
      <nax:Halt xsi:type="nax:Halt_t" action="auto_pause">
      
    </nax:Halt>
    </nax:Moments>
    </nax:Nax>
    </TPX>
    </Extensions>
    </Trackpoint>
<Trackpoint>
      <Time>
      2025-05-11T13:28:47.753Z
    </Time><SensorState>
      Present
    </SensorState><Extensions>
      <TPX xmlns="http://www.garmin.com/xmlschemas/ActivityExtension/v2">
      <nax:Nax>
      <nax:AscentInMeters>
      0.087188720703125
    </nax:AscentInMeters><nax:Moments>
      <nax:Halt xsi:type="nax:Halt_t" action="auto_pause">
      
    </nax:Halt>
    </nax:Moments>
    </nax:Nax>
    </TPX>
    </Extensions>
    </Trackpoint>
<Trackpoint>
      <Time>
      2025-05-11T13:28:48.599Z
    </Time><SensorState>
      Present
    </SensorState><Extensions>
      <TPX xmlns="http://www.garmin.com/xmlschemas/ActivityExtension/v2">
      <ns3:Speed>
      1.1408038270239744
    </ns3:Speed><nax:Nax>
      <nax:Pace>
      14.609581658000883
    </nax:Pace><nax:Moments>
      <nax:Halt xsi:type="nax:Halt_t" action="auto_pause">
      
    </nax:Halt>
    </nax:Moments>
    </nax:Nax>
    </TPX>
    </Extensions>
    </Trackpoint>
<Trackpoint>
      <Time>
      2025-05-11T13:28:48.600Z
    </Time><DistanceMeters>
      15.115661054267548
    </DistanceMeters><Cadence>
      198.74567985534668
    </Cadence><SensorState>
      Present
    </SensorState><Extensions>
      <TPX xmlns="http://www.garmin.com/xmlschemas/ActivityExtension/v2">
      <nax:Nax>
      <nax:Moments>
      <nax:Halt xsi:type="nax:Halt_t" action="auto_pause">
      
    </nax:Halt>
    </nax:Moments>
    </nax:Nax>
    </TPX>
    </Extensions>
    </Trackpoint>
<Trackpoint>
      <Time>
      2025-05-11T13:28:48.812Z
    </Time><SensorState>
      Present
    </SensorState><Extensions>
      <TPX xmlns="http://www.garmin.com/xmlschemas/ActivityExtension/v2">
      <nax:Nax>
      <nax:AscentInMeters>
      0.0924835205078125
    </nax:AscentInMeters><nax:Moments>
      <nax:Halt xsi:type="nax:Halt_t" action="auto_pause">
      
    </nax:Halt>
    </nax:Moments>
    </nax:Nax>
    </TPX>
    </Extensions>
    </Trackpoint>
<Trackpoint>
      <Time>
      2025-05-11T13:28:49.000Z
    </Time><SensorState>
      Present
    </SensorState><Extensions>
      <TPX xmlns="http://www.garmin.com/xmlschemas/ActivityExtension/v2">
      <nax:Nax>
      <nax:NikeFuel>
      13.29234467457901
    </nax:NikeFuel><nax:Moments>
      <nax:Halt xsi:type="nax:Halt_t" action="auto_pause">
      
    </nax:Halt>
    </nax:Moments>
    </nax:Nax>
    </TPX>
    </Extensions>
    </Trackpoint>
<Trackpoint>
      <Time>
      2025-05-11T13:28:49.870Z
    </Time><SensorState>
      Present
    </SensorState><Extensions>
      <TPX xmlns="http://www.garmin.com/xmlschemas/ActivityExtension/v2">
      <nax:Nax>
      <nax:AscentInMeters>
      0.158538818359375
    </nax:AscentInMeters><nax:Moments>
      <nax:Halt xsi:type="nax:Halt_t" action="auto_pause">
      
    </nax:Halt>
    </nax:Moments>
    </nax:Nax>
    </TPX>
    </Extensions>
    </Trackpoint>
<Trackpoint>
      <Time>
      2025-05-11T13:28:49.999Z
    </Time><Position>
      <LatitudeDegrees>
      47.42896908205223
    </LatitudeDegrees><LongitudeDegrees>
      -122.29057104579873
    </LongitudeDegrees>
    </Position><AltitudeMeters>
      111.36187900509685
    </AltitudeMeters><SensorState>
      Present
    </SensorState><Extensions>
      <TPX xmlns="http://www.garmin.com/xmlschemas/ActivityExtension/v2">
      <nax:Nax>
      <nax:Moments>
      <nax:Halt xsi:type="nax:Halt_t" action="auto_pause">
      
    </nax:Halt>
    </nax:Moments>
    </nax:Nax>
    </TPX>
    </Extensions>
    </Trackpoint>
<Trackpoint>
      <Time>
      2025-05-11T13:28:50.931Z
    </Time><SensorState>
      Present
    </SensorState><Extensions>
      <TPX xmlns="http://www.garmin.com/xmlschemas/ActivityExtension/v2">
      <nax:Nax>
      <nax:AscentInMeters>
      0.0977783203125
    </nax:AscentInMeters><nax:Moments>
      <nax:Halt xsi:type="nax:Halt_t" action="auto_pause">
      
    </nax:Halt>
    </nax:Moments>
    </nax:Nax>
    </TPX>
    </Extensions>
    </Trackpoint>
<Trackpoint>
      <Time>
      2025-05-11T13:28:51.154Z
    </Time><SensorState>
      Present
    </SensorState><Extensions>
      <TPX xmlns="http://www.garmin.com/xmlschemas/ActivityExtension/v2">
      <ns3:Speed>
      5.209928965138865
    </ns3:Speed><nax:Nax>
      <nax:Pace>
      3.1990199440698968
    </nax:Pace><nax:Moments>
      <nax:Halt xsi:type="nax:Halt_t" action="auto_pause">
      
    </nax:Halt>
    </nax:Moments>
    </nax:Nax>
    </TPX>
    </Extensions>
    </Trackpoint>
<Trackpoint>
      <Time>
      2025-05-11T13:28:51.155Z
    </Time><DistanceMeters>
      13.790991474292241
    </DistanceMeters><Cadence>
      198.84351253509521
    </Cadence><SensorState>
      Present
    </SensorState><Extensions>
      <TPX xmlns="http://www.garmin.com/xmlschemas/ActivityExtension/v2">
      <nax:Nax>
      <nax:Moments>
      <nax:Halt xsi:type="nax:Halt_t" action="auto_pause">
      
    </nax:Halt>
    </nax:Moments>
    </nax:Nax>
    </TPX>
    </Extensions>
    </Trackpoint>
<Trackpoint>
      <Time>
      2025-05-11T13:28:51.990Z
    </Time><SensorState>
      Present
    </SensorState><Extensions>
      <TPX xmlns="http://www.garmin.com/xmlschemas/ActivityExtension/v2">
      <nax:Nax>
      <nax:AscentInMeters>
      0.0819091796875
    </nax:AscentInMeters><nax:Moments>
      <nax:Halt xsi:type="nax:Halt_t" action="auto_pause">
      
    </nax:Halt>
    </nax:Moments>
    </nax:Nax>
    </TPX>
    </Extensions>
    </Trackpoint>
<Trackpoint>
      <Time>
      2025-05-11T13:28:51.999Z
    </Time><Position>
      <LatitudeDegrees>
      47.42902070500892
    </LatitudeDegrees><LongitudeDegrees>
      -122.29046071972272
    </LongitudeDegrees>
    </Position><AltitudeMeters>
      111.9454955374822
    </AltitudeMeters><SensorState>
      Present
    </SensorState><Extensions>
      <TPX xmlns="http://www.garmin.com/xmlschemas/ActivityExtension/v2">
      <nax:Nax>
      <nax:Moments>
      <nax:Halt xsi:type="nax:Halt_t" action="auto_pause">
      
    </nax:Halt>
    </nax:Moments>
    </nax:Nax>
    </TPX>
    </Extensions>
    </Trackpoint>
<Trackpoint>
      <Time>
      2025-05-11T13:28:53.049Z
    </Time><SensorState>
      Present
    </SensorState><Extensions>
      <TPX xmlns="http://www.garmin.com/xmlschemas/ActivityExtension/v2">
      <nax:Nax>
      <nax:AscentInMeters>
      0.10040283203125
    </nax:AscentInMeters><nax:Moments>
      <nax:Halt xsi:type="nax:Halt_t" action="auto_pause">
      
    </nax:Halt>
    </nax:Moments>
    </nax:Nax>
    </TPX>
    </Extensions>
    </Trackpoint>
<Trackpoint>
      <Time>
      2025-05-11T13:28:53.709Z
    </Time><SensorState>
      Present
    </SensorState><Extensions>
      <TPX xmlns="http://www.garmin.com/xmlschemas/ActivityExtension/v2">
      <ns3:Speed>
      5.249952053637254
    </ns3:Speed><nax:Nax>
      <nax:Pace>
      3.1746321673775526
    </nax:Pace><nax:Moments>
      <nax:Halt xsi:type="nax:Halt_t" action="auto_pause">
      
    </nax:Halt>
    </nax:Moments>
    </nax:Nax>
    </TPX>
    </Extensions>
    </Trackpoint>
<Trackpoint>
      <Time>
      2025-05-11T13:28:53.710Z
    </Time><DistanceMeters>
      13.359096274594776
    </DistanceMeters><Cadence>
      198.81227016448975
    </Cadence><SensorState>
      Present
    </SensorState><Extensions>
      <TPX xmlns="http://www.garmin.com/xmlschemas/ActivityExtension/v2">
      <nax:Nax>
      <nax:Moments>
      <nax:Halt xsi:type="nax:Halt_t" action="auto_pause">
      
    </nax:Halt>
    </nax:Moments>
    </nax:Nax>
    </TPX>
    </Extensions>
    </Trackpoint>
<Trackpoint>
      <Time>
      2025-05-11T13:28:53.999Z
    </Time><Position>
      <LatitudeDegrees>
      47.42905478835515
    </LatitudeDegrees><LongitudeDegrees>
      -122.2903341743216
    </LongitudeDegrees>
    </Position><AltitudeMeters>
      111.41119403578341
    </AltitudeMeters><SensorState>
      Present
    </SensorState><Extensions>
      <TPX xmlns="http://www.garmin.com/xmlschemas/ActivityExtension/v2">
      <nax:Nax>
      <nax:Moments>
      <nax:Halt xsi:type="nax:Halt_t" action="auto_pause">
      
    </nax:Halt>
    </nax:Moments>
    </nax:Nax>
    </TPX>
    </Extensions>
    </Trackpoint>
<Trackpoint>
      <Time>
      2025-05-11T13:28:54.108Z
    </Time><SensorState>
      Present
    </SensorState><Extensions>
      <TPX xmlns="http://www.garmin.com/xmlschemas/ActivityExtension/v2">
      <nax:Nax>
      <nax:AscentInMeters>
      0.0026397705078125
    </nax:AscentInMeters><nax:Moments>
      <nax:Halt xsi:type="nax:Halt_t" action="auto_pause">
      
    </nax:Halt>
    </nax:Moments>
    </nax:Nax>
    </TPX>
    </Extensions>
    </Trackpoint>
<Trackpoint>
      <Time>
      2025-05-11T13:28:55.999Z
    </Time><Position>
      <LatitudeDegrees>
      47.42912381115326
    </LatitudeDegrees><LongitudeDegrees>
      -122.29020476931345
    </LongitudeDegrees>
    </Position><AltitudeMeters>
      111.91300290916115
    </AltitudeMeters><SensorState>
      Present
    </SensorState><Extensions>
      <TPX xmlns="http://www.garmin.com/xmlschemas/ActivityExtension/v2">
      <nax:Nax>
      <nax:Moments>
      <nax:Halt xsi:type="nax:Halt_t" action="auto_pause">
      
    </nax:Halt>
    </nax:Moments>
    </nax:Nax>
    </TPX>
    </Extensions>
    </Trackpoint>
<Trackpoint>
      <Time>
      2025-05-11T13:28:56.264Z
    </Time><DistanceMeters>
      14.988378594629467
    </DistanceMeters><SensorState>
      Present
    </SensorState><Extensions>
      <TPX xmlns="http://www.garmin.com/xmlschemas/ActivityExtension/v2">
      <ns3:Speed>
      5.299930387859205
    </ns3:Speed><nax:Nax>
      <nax:Pace>
      3.144695391631137
    </nax:Pace><nax:Moments>
      <nax:Halt xsi:type="nax:Halt_t" action="auto_pause">
      
    </nax:Halt>
    </nax:Moments>
    </nax:Nax>
    </TPX>
    </Extensions>
    </Trackpoint>
<Trackpoint>
      <Time>
      2025-05-11T13:28:56.265Z
    </Time><Cadence>
      198.3986234664917
    </Cadence><SensorState>
      Present
    </SensorState><Extensions>
      <TPX xmlns="http://www.garmin.com/xmlschemas/ActivityExtension/v2">
      <nax:Nax>
      <nax:Moments>
      <nax:Halt xsi:type="nax:Halt_t" action="auto_pause">
      
    </nax:Halt>
    </nax:Moments>
    </nax:Nax>
    </TPX>
    </Extensions>
    </Trackpoint>
<Trackpoint>
      <Time>
      2025-05-11T13:28:57.999Z
    </Time><Position>
      <LatitudeDegrees>
      47.42917634329393
    </LatitudeDegrees><LongitudeDegrees>
      -122.29005582744831
    </LongitudeDegrees>
    </Position><AltitudeMeters>
      112.15235878713429
    </AltitudeMeters><SensorState>
      Present
    </SensorState><Extensions>
      <TPX xmlns="http://www.garmin.com/xmlschemas/ActivityExtension/v2">
      <nax:Nax>
      <nax:Moments>
      <nax:Halt xsi:type="nax:Halt_t" action="auto_pause">
      
    </nax:Halt>
    </nax:Moments>
    </nax:Nax>
    </TPX>
    </Extensions>
    </Trackpoint>
<Trackpoint>
      <Time>
      2025-05-11T13:28:58.343Z
    </Time><SensorState>
      Present
    </SensorState><Extensions>
      <TPX xmlns="http://www.garmin.com/xmlschemas/ActivityExtension/v2">
      <nax:Nax>
      <nax:DescentInMeters>
      0.1004180908203125
    </nax:DescentInMeters><nax:Moments>
      <nax:Halt xsi:type="nax:Halt_t" action="auto_pause">
      
    </nax:Halt>
    </nax:Moments>
    </nax:Nax>
    </TPX>
    </Extensions>
    </Trackpoint>
<Trackpoint>
      <Time>
      2025-05-11T13:28:58.818Z
    </Time><SensorState>
      Present
    </SensorState><Extensions>
      <TPX xmlns="http://www.garmin.com/xmlschemas/ActivityExtension/v2">
      <ns3:Speed>
      5.317779509236455
    </ns3:Speed><nax:Nax>
      <nax:Pace>
      3.1341402248284878
    </nax:Pace><nax:Moments>
      <nax:Halt xsi:type="nax:Halt_t" action="auto_pause">
      
    </nax:Halt>
    </nax:Moments>
    </nax:Nax>
    </TPX>
    </Extensions>
    </Trackpoint>
<Trackpoint>
      <Time>
      2025-05-11T13:28:58.819Z
    </Time><DistanceMeters>
      12.885743209742941
    </DistanceMeters><Cadence>
      198.3986234664917
    </Cadence><SensorState>
      Present
    </SensorState><Extensions>
      <TPX xmlns="http://www.garmin.com/xmlschemas/ActivityExtension/v2">
      <nax:Nax>
      <nax:Moments>
      <nax:Halt xsi:type="nax:Halt_t" action="auto_pause">
      
    </nax:Halt>
    </nax:Moments>
    </nax:Nax>
    </TPX>
    </Extensions>
    </Trackpoint>
<Trackpoint>
      <Time>
      2025-05-11T13:28:59.000Z
    </Time><SensorState>
      Present
    </SensorState><Extensions>
      <TPX xmlns="http://www.garmin.com/xmlschemas/ActivityExtension/v2">
      <nax:Nax>
      <nax:NikeFuel>
      10.402562485590822
    </nax:NikeFuel><nax:Moments>
      <nax:Halt xsi:type="nax:Halt_t" action="auto_pause">
      
    </nax:Halt>
    </nax:Moments>
    </nax:Nax>
    </TPX>
    </Extensions>
    </Trackpoint>
<Trackpoint>
      <Time>
      2025-05-11T13:28:59.403Z
    </Time><SensorState>
      Present
    </SensorState><Extensions>
      <TPX xmlns="http://www.garmin.com/xmlschemas/ActivityExtension/v2">
      <nax:Nax>
      <nax:DescentInMeters>
      0.1109771728515625
    </nax:DescentInMeters><nax:Moments>
      <nax:Halt xsi:type="nax:Halt_t" action="auto_pause">
      
    </nax:Halt>
    </nax:Moments>
    </nax:Nax>
    </TPX>
    </Extensions>
    </Trackpoint>
<Trackpoint>
      <Time>
      2025-05-11T13:29:00.462Z
    </Time><SensorState>
      Present
    </SensorState><Extensions>
      <TPX xmlns="http://www.garmin.com/xmlschemas/ActivityExtension/v2">
      <nax:Nax>
      <nax:DescentInMeters>
      0.105682373046875
    </nax:DescentInMeters><nax:Moments>
      <nax:Halt xsi:type="nax:Halt_t" action="auto_pause">
      
    </nax:Halt>
    </nax:Moments>
    </nax:Nax>
    </TPX>
    </Extensions>
    </Trackpoint>
<Trackpoint>
      <Time>
      2025-05-11T13:29:00.999Z
    </Time><Position>
      <LatitudeDegrees>
      47.429245353118134
    </LatitudeDegrees><LongitudeDegrees>
      -122.28988844050058
    </LongitudeDegrees>
    </Position><AltitudeMeters>
      111.93865322228521
    </AltitudeMeters><SensorState>
      Present
    </SensorState><Extensions>
      <TPX xmlns="http://www.garmin.com/xmlschemas/ActivityExtension/v2">
      <nax:Nax>
      <nax:Moments>
      <nax:Halt xsi:type="nax:Halt_t" action="auto_pause">
      
    </nax:Halt>
    </nax:Moments>
    </nax:Nax>
    </TPX>
    </Extensions>
    </Trackpoint>
<Trackpoint>
      <Time>
      2025-05-11T13:29:01.373Z
    </Time><SensorState>
      Present
    </SensorState><Extensions>
      <TPX xmlns="http://www.garmin.com/xmlschemas/ActivityExtension/v2">
      <ns3:Speed>
      5.317779509236455
    </ns3:Speed><nax:Nax>
      <nax:Pace>
      3.1341402248284878
    </nax:Pace><nax:Moments>
      <nax:Halt xsi:type="nax:Halt_t" action="auto_pause">
      
    </nax:Halt>
    </nax:Moments>
    </nax:Nax>
    </TPX>
    </Extensions>
    </Trackpoint>
<Trackpoint>
      <Time>
      2025-05-11T13:29:01.374Z
    </Time><DistanceMeters>
      9.063380561303347
    </DistanceMeters><Cadence>
      198.3986234664917
    </Cadence><SensorState>
      Present
    </SensorState><Extensions>
      <TPX xmlns="http://www.garmin.com/xmlschemas/ActivityExtension/v2">
      <nax:Nax>
      <nax:Moments>
      <nax:Halt xsi:type="nax:Halt_t" action="auto_pause">
      
    </nax:Halt>
    </nax:Moments>
    </nax:Nax>
    </TPX>
    </Extensions>
    </Trackpoint>
<Trackpoint>
      <Time>
      2025-05-11T13:29:01.521Z
    </Time><SensorState>
      Present
    </SensorState><Extensions>
      <TPX xmlns="http://www.garmin.com/xmlschemas/ActivityExtension/v2">
      <nax:Nax>
      <nax:DescentInMeters>
      0.084564208984375
    </nax:DescentInMeters><nax:Moments>
      <nax:Halt xsi:type="nax:Halt_t" action="auto_pause">
      
    </nax:Halt>
    </nax:Moments>
    </nax:Nax>
    </TPX>
    </Extensions>
    </Trackpoint>
<Trackpoint>
      <Time>
      2025-05-11T13:29:02.580Z
    </Time><SensorState>
      Present
    </SensorState><Extensions>
      <TPX xmlns="http://www.garmin.com/xmlschemas/ActivityExtension/v2">
      <nax:Nax>
      <nax:DescentInMeters>
      0.0105743408203125
    </nax:DescentInMeters><nax:Moments>
      <nax:Halt xsi:type="nax:Halt_t" action="auto_pause">
      
    </nax:Halt>
    </nax:Moments>
    </nax:Nax>
    </TPX>
    </Extensions>
    </Trackpoint>
<Trackpoint>
      <Time>
      2025-05-11T13:29:03.928Z
    </Time><SensorState>
      Present
    </SensorState><Extensions>
      <TPX xmlns="http://www.garmin.com/xmlschemas/ActivityExtension/v2">
      <ns3:Speed>
      5.317779509236455
    </ns3:Speed><nax:Nax>
      <nax:Pace>
      3.1341402248284878
    </nax:Pace><nax:Moments>
      <nax:Halt xsi:type="nax:Halt_t" action="auto_pause">
      
    </nax:Halt>
    </nax:Moments>
    </nax:Nax>
    </TPX>
    </Extensions>
    </Trackpoint>
<Trackpoint>
      <Time>
      2025-05-11T13:29:03.929Z
    </Time><DistanceMeters>
      0.4165327997179702
    </DistanceMeters><Cadence>
      143.11851024627686
    </Cadence><SensorState>
      Present
    </SensorState><Extensions>
      <TPX xmlns="http://www.garmin.com/xmlschemas/ActivityExtension/v2">
      <nax:Nax>
      <nax:Moments>
      <nax:Halt xsi:type="nax:Halt_t" action="auto_pause">
      
    </nax:Halt>
    </nax:Moments>
    </nax:Nax>
    </TPX>
    </Extensions>
    </Trackpoint>
<Trackpoint>
      <Time>
      2025-05-11T13:29:06.483Z
    </Time><SensorState>
      Present
    </SensorState><Extensions>
      <TPX xmlns="http://www.garmin.com/xmlschemas/ActivityExtension/v2">
      <ns3:Speed>
      1.6094008897771777
    </ns3:Speed><nax:Nax>
      <nax:Pace>
      10.355820462466735
    </nax:Pace><nax:Moments>
      <nax:Halt xsi:type="nax:Halt_t" action="auto_pause">
      
    </nax:Halt>
    </nax:Moments>
    </nax:Nax>
    </TPX>
    </Extensions>
    </Trackpoint>
<Trackpoint>
      <Time>
      2025-05-11T13:29:06.484Z
    </Time><DistanceMeters>
      3.298806004691869
    </DistanceMeters><Cadence>
      143.11851024627686
    </Cadence><SensorState>
      Present
    </SensorState><Extensions>
      <TPX xmlns="http://www.garmin.com/xmlschemas/ActivityExtension/v2">
      <nax:Nax>
      <nax:Moments>
      <nax:Halt xsi:type="nax:Halt_t" action="auto_pause">
      
    </nax:Halt>
    </nax:Moments>
    </nax:Nax>
    </TPX>
    </Extensions>
    </Trackpoint>
<Trackpoint>
      <Time>
      2025-05-11T13:29:06.816Z
    </Time><SensorState>
      Present
    </SensorState><Extensions>
      <TPX xmlns="http://www.garmin.com/xmlschemas/ActivityExtension/v2">
      <nax:Nax>
      <nax:DescentInMeters>
      0.01849365234375
    </nax:DescentInMeters><nax:Moments>
      <nax:Halt xsi:type="nax:Halt_t" action="auto_pause">
      
    </nax:Halt>
    </nax:Moments>
    </nax:Nax>
    </TPX>
    </Extensions>
    </Trackpoint>
<Trackpoint>
      <Time>
      2025-05-11T13:29:08.934Z
    </Time><SensorState>
      Present
    </SensorState><Extensions>
      <TPX xmlns="http://www.garmin.com/xmlschemas/ActivityExtension/v2">
      <nax:Nax>
      <nax:DescentInMeters>
      0.0158538818359375
    </nax:DescentInMeters><nax:Moments>
      <nax:Halt xsi:type="nax:Halt_t" action="auto_pause">
      
    </nax:Halt>
    </nax:Moments>
    </nax:Nax>
    </TPX>
    </Extensions>
    </Trackpoint>
<Trackpoint>
      <Time>
      2025-05-11T13:29:09.000Z
    </Time><SensorState>
      Present
    </SensorState><Extensions>
      <TPX xmlns="http://www.garmin.com/xmlschemas/ActivityExtension/v2">
      <nax:Nax>
      <nax:NikeFuel>
      2.810935274027675
    </nax:NikeFuel><nax:Moments>
      <nax:Halt xsi:type="nax:Halt_t" action="auto_pause">
      
    </nax:Halt>
    </nax:Moments>
    </nax:Nax>
    </TPX>
    </Extensions>
    </Trackpoint>
<Trackpoint>
      <Time>
      2025-05-11T13:29:09.038Z
    </Time><SensorState>
      Present
    </SensorState><Extensions>
      <TPX xmlns="http://www.garmin.com/xmlschemas/ActivityExtension/v2">
      <ns3:Speed>
      1.6094008897771777
    </ns3:Speed><nax:Nax>
      <nax:Pace>
      10.355820462466735
    </nax:Pace><nax:Moments>
      <nax:Halt xsi:type="nax:Halt_t" action="auto_pause">
      
    </nax:Halt>
    </nax:Moments>
    </nax:Nax>
    </TPX>
    </Extensions>
    </Trackpoint>
<Trackpoint>
      <Time>
      2025-05-11T13:29:09.039Z
    </Time><Cadence>
      143.11851024627686
    </Cadence><SensorState>
      Present
    </SensorState><Extensions>
      <TPX xmlns="http://www.garmin.com/xmlschemas/ActivityExtension/v2">
      <nax:Nax>
      <nax:Moments>
      <nax:Halt xsi:type="nax:Halt_t" action="auto_pause">
      
    </nax:Halt>
    </nax:Moments>
    </nax:Nax>
    </TPX>
    </Extensions>
    </Trackpoint>
<Trackpoint>
      <Time>
      2025-05-11T13:29:09.993Z
    </Time><SensorState>
      Present
    </SensorState><Extensions>
      <TPX xmlns="http://www.garmin.com/xmlschemas/ActivityExtension/v2">
      <nax:Nax>
      <nax:DescentInMeters>
      0.01849365234375
    </nax:DescentInMeters><nax:Moments>
      <nax:Halt xsi:type="nax:Halt_t" action="auto_pause">
      
    </nax:Halt>
    </nax:Moments>
    </nax:Nax>
    </TPX>
    </Extensions>
    </Trackpoint>
<Trackpoint>
      <Time>
      2025-05-11T13:29:11.052Z
    </Time><SensorState>
      Present
    </SensorState><Extensions>
      <TPX xmlns="http://www.garmin.com/xmlschemas/ActivityExtension/v2">
      <nax:Nax>
      <nax:DescentInMeters>
      0.013214111328125
    </nax:DescentInMeters><nax:Moments>
      <nax:Halt xsi:type="nax:Halt_t" action="auto_pause">
      
    </nax:Halt>
    </nax:Moments>
    </nax:Nax>
    </TPX>
    </Extensions>
    </Trackpoint>
<Trackpoint>
      <Time>
      2025-05-11T13:29:11.593Z
    </Time><DistanceMeters>
      0.5606458265101537
    </DistanceMeters><SensorState>
      Present
    </SensorState><Extensions>
      <TPX xmlns="http://www.garmin.com/xmlschemas/ActivityExtension/v2">
      <ns3:Speed>
      1.6094008897771777
    </ns3:Speed><nax:Nax>
      <nax:Pace>
      10.355820462466735
    </nax:Pace><nax:Moments>
      <nax:Halt xsi:type="nax:Halt_t" action="auto_pause">
      
    </nax:Halt>
    </nax:Moments>
    </nax:Nax>
    </TPX>
    </Extensions>
    </Trackpoint>
<Trackpoint>
      <Time>
      2025-05-11T13:29:11.594Z
    </Time><Cadence>
      143.11851024627686
    </Cadence><SensorState>
      Present
    </SensorState><Extensions>
      <TPX xmlns="http://www.garmin.com/xmlschemas/ActivityExtension/v2">
      <nax:Nax>
      <nax:Moments>
      <nax:Halt xsi:type="nax:Halt_t" action="auto_pause">
      
    </nax:Halt>
    </nax:Moments>
    </nax:Nax>
    </TPX>
    </Extensions>
    </Trackpoint>
<Trackpoint>
      <Time>
      2025-05-11T13:29:14.148Z
    </Time><SensorState>
      Present
    </SensorState><Extensions>
      <TPX xmlns="http://www.garmin.com/xmlschemas/ActivityExtension/v2">
      <ns3:Speed>
      1.6094008897771777
    </ns3:Speed><nax:Nax>
      <nax:Pace>
      10.355820462466735
    </nax:Pace><nax:Moments>
      <nax:Halt xsi:type="nax:Halt_t" action="auto_pause">
      
    </nax:Halt>
    </nax:Moments>
    </nax:Nax>
    </TPX>
    </Extensions>
    </Trackpoint>
<Trackpoint>
      <Time>
      2025-05-11T13:29:14.149Z
    </Time><DistanceMeters>
      1.4425605612341315
    </DistanceMeters><Cadence>
      143.11851024627686
    </Cadence><SensorState>
      Present
    </SensorState><Extensions>
      <TPX xmlns="http://www.garmin.com/xmlschemas/ActivityExtension/v2">
      <nax:Nax>
      <nax:Moments>
      <nax:Halt xsi:type="nax:Halt_t" action="auto_pause">
      
    </nax:Halt>
    </nax:Moments>
    </nax:Nax>
    </TPX>
    </Extensions>
    </Trackpoint>
<Trackpoint>
      <Time>
      2025-05-11T13:29:16.347Z
    </Time><SensorState>
      Present
    </SensorState><Extensions>
      <TPX xmlns="http://www.garmin.com/xmlschemas/ActivityExtension/v2">
      <nax:Nax>
      <nax:AscentInMeters>
      0.0185089111328125
    </nax:AscentInMeters><nax:Moments>
      <nax:Halt xsi:type="nax:Halt_t" action="auto_pause">
      
    </nax:Halt>
    </nax:Moments>
    </nax:Nax>
    </TPX>
    </Extensions>
    </Trackpoint>
<Trackpoint>
      <Time>
      2025-05-11T13:29:16.702Z
    </Time><SensorState>
      Present
    </SensorState><Extensions>
      <TPX xmlns="http://www.garmin.com/xmlschemas/ActivityExtension/v2">
      <ns3:Speed>
      1.6094008897771777
    </ns3:Speed><nax:Nax>
      <nax:Pace>
      10.355820462466735
    </nax:Pace><nax:Moments>
      <nax:Halt xsi:type="nax:Halt_t" action="auto_pause">
      
    </nax:Halt>
    </nax:Moments>
    </nax:Nax>
    </TPX>
    </Extensions>
    </Trackpoint>
<Trackpoint>
      <Time>
      2025-05-11T13:29:16.703Z
    </Time><DistanceMeters>
      2.267120221047662
    </DistanceMeters><Cadence>
      143.11851024627686
    </Cadence><SensorState>
      Present
    </SensorState><Extensions>
      <TPX xmlns="http://www.garmin.com/xmlschemas/ActivityExtension/v2">
      <nax:Nax>
      <nax:Moments>
      <nax:Halt xsi:type="nax:Halt_t" action="auto_pause">
      
    </nax:Halt>
    </nax:Moments>
    </nax:Nax>
    </TPX>
    </Extensions>
    </Trackpoint>
<Trackpoint>
      <Time>
      2025-05-11T13:29:17.406Z
    </Time><SensorState>
      Present
    </SensorState><Extensions>
      <TPX xmlns="http://www.garmin.com/xmlschemas/ActivityExtension/v2">
      <nax:Nax>
      <nax:AscentInMeters>
      0.042266845703125
    </nax:AscentInMeters><nax:Moments>
      <nax:Halt xsi:type="nax:Halt_t" action="auto_pause">
      
    </nax:Halt>
    </nax:Moments>
    </nax:Nax>
    </TPX>
    </Extensions>
    </Trackpoint>
<Trackpoint>
      <Time>
      2025-05-11T13:29:18.465Z
    </Time><SensorState>
      Present
    </SensorState><Extensions>
      <TPX xmlns="http://www.garmin.com/xmlschemas/ActivityExtension/v2">
      <nax:Nax>
      <nax:AscentInMeters>
      0.0237884521484375
    </nax:AscentInMeters><nax:Moments>
      <nax:Halt xsi:type="nax:Halt_t" action="auto_pause">
      
    </nax:Halt>
    </nax:Moments>
    </nax:Nax>
    </TPX>
    </Extensions>
    </Trackpoint>
<Trackpoint>
      <Time>
      2025-05-11T13:29:19.000Z
    </Time><SensorState>
      Present
    </SensorState><Extensions>
      <TPX xmlns="http://www.garmin.com/xmlschemas/ActivityExtension/v2">
      <nax:Nax>
      <nax:NikeFuel>
      2.810935274027675
    </nax:NikeFuel><nax:Moments>
      <nax:Halt xsi:type="nax:Halt_t" action="auto_pause">
      
    </nax:Halt>
    </nax:Moments>
    </nax:Nax>
    </TPX>
    </Extensions>
    </Trackpoint>
<Trackpoint>
      <Time>
      2025-05-11T13:29:19.257Z
    </Time><SensorState>
      Present
    </SensorState><Extensions>
      <TPX xmlns="http://www.garmin.com/xmlschemas/ActivityExtension/v2">
      <ns3:Speed>
      1.6094008897771777
    </ns3:Speed><nax:Nax>
      <nax:Pace>
      10.355820462466735
    </nax:Pace><nax:Moments>
      <nax:Halt xsi:type="nax:Halt_t" action="auto_pause">
      
    </nax:Halt>
    </nax:Moments>
    </nax:Nax>
    </TPX>
    </Extensions>
    </Trackpoint>
<Trackpoint>
      <Time>
      2025-05-11T13:29:19.258Z
    </Time><DistanceMeters>
      6.624882343574427
    </DistanceMeters><Cadence>
      143.11851024627686
    </Cadence><SensorState>
      Present
    </SensorState><Extensions>
      <TPX xmlns="http://www.garmin.com/xmlschemas/ActivityExtension/v2">
      <nax:Nax>
      <nax:Moments>
      <nax:Halt xsi:type="nax:Halt_t" action="auto_pause">
      
    </nax:Halt>
    </nax:Moments>
    </nax:Nax>
    </TPX>
    </Extensions>
    </Trackpoint>
<Trackpoint>
      <Time>
      2025-05-11T13:29:19.524Z
    </Time><SensorState>
      Present
    </SensorState><Extensions>
      <TPX xmlns="http://www.garmin.com/xmlschemas/ActivityExtension/v2">
      <nax:Nax>
      <nax:AscentInMeters>
      0.023773193359375
    </nax:AscentInMeters><nax:Moments>
      <nax:Halt xsi:type="nax:Halt_t" action="auto_pause">
      
    </nax:Halt>
    </nax:Moments>
    </nax:Nax>
    </TPX>
    </Extensions>
    </Trackpoint>
<Trackpoint>
      <Time>
      2025-05-11T13:29:20.583Z
    </Time><SensorState>
      Present
    </SensorState><Extensions>
      <TPX xmlns="http://www.garmin.com/xmlschemas/ActivityExtension/v2">
      <nax:Nax>
      <nax:AscentInMeters>
      0.021148681640625
    </nax:AscentInMeters><nax:Moments>
      <nax:Halt xsi:type="nax:Halt_t" action="auto_pause">
      
    </nax:Halt>
    </nax:Moments>
    </nax:Nax>
    </TPX>
    </Extensions>
    </Trackpoint>
<Trackpoint>
      <Time>
      2025-05-11T13:29:21.642Z
    </Time><SensorState>
      Present
    </SensorState><Extensions>
      <TPX xmlns="http://www.garmin.com/xmlschemas/ActivityExtension/v2">
      <nax:Nax>
      <nax:AscentInMeters>
      0.01849365234375
    </nax:AscentInMeters><nax:Moments>
      <nax:Halt xsi:type="nax:Halt_t" action="auto_pause">
      
    </nax:Halt>
    </nax:Moments>
    </nax:Nax>
    </TPX>
    </Extensions>
    </Trackpoint>
<Trackpoint>
      <Time>
      2025-05-11T13:29:21.812Z
    </Time><SensorState>
      Present
    </SensorState><Extensions>
      <TPX xmlns="http://www.garmin.com/xmlschemas/ActivityExtension/v2">
      <ns3:Speed>
      1.6094008897771777
    </ns3:Speed><nax:Nax>
      <nax:Pace>
      10.355820462466735
    </nax:Pace><nax:Moments>
      <nax:Halt xsi:type="nax:Halt_t" action="auto_pause">
      
    </nax:Halt>
    </nax:Moments>
    </nax:Nax>
    </TPX>
    </Extensions>
    </Trackpoint>
<Trackpoint>
      <Time>
      2025-05-11T13:29:21.813Z
    </Time><SensorState>
      Present
    </SensorState><Extensions>
      <TPX xmlns="http://www.garmin.com/xmlschemas/ActivityExtension/v2">
      <nax:Nax>
      <nax:Moments>
      <nax:Halt xsi:type="nax:Halt_t" action="auto_pause">
      
    </nax:Halt>
    </nax:Moments>
    </nax:Nax>
    </TPX>
    </Extensions>
    </Trackpoint>
<Trackpoint>
      <Time>
      2025-05-11T13:29:22.701Z
    </Time><SensorState>
      Present
    </SensorState><Extensions>
      <TPX xmlns="http://www.garmin.com/xmlschemas/ActivityExtension/v2">
      <nax:Nax>
      <nax:AscentInMeters>
      0.0079193115234375
    </nax:AscentInMeters><nax:Moments>
      <nax:Halt xsi:type="nax:Halt_t" action="auto_pause">
      
    </nax:Halt>
    </nax:Moments>
    </nax:Nax>
    </TPX>
    </Extensions>
    </Trackpoint>
<Trackpoint>
      <Time>
      2025-05-11T13:29:23.760Z
    </Time><SensorState>
      Present
    </SensorState><Extensions>
      <TPX xmlns="http://www.garmin.com/xmlschemas/ActivityExtension/v2">
      <nax:Nax>
      <nax:AscentInMeters>
      0.0158538818359375
    </nax:AscentInMeters><nax:Moments>
      <nax:Halt xsi:type="nax:Halt_t" action="auto_pause">
      
    </nax:Halt>
    </nax:Moments>
    </nax:Nax>
    </TPX>
    </Extensions>
    </Trackpoint>
<Trackpoint>
      <Time>
      2025-05-11T13:29:29.000Z
    </Time><SensorState>
      Present
    </SensorState><Extensions>
      <TPX xmlns="http://www.garmin.com/xmlschemas/ActivityExtension/v2">
      <nax:Nax>
      <nax:NikeFuel>
      2.810935274027675
    </nax:NikeFuel><nax:Moments>
      <nax:Halt xsi:type="nax:Halt_t" action="auto_pause">
      
    </nax:Halt>
    </nax:Moments>
    </nax:Nax>
    </TPX>
    </Extensions>
    </Trackpoint>
<Trackpoint>
      <Time>
      2025-05-11T13:29:29.054Z
    </Time><SensorState>
      Present
    </SensorState><Extensions>
      <TPX xmlns="http://www.garmin.com/xmlschemas/ActivityExtension/v2">
      <nax:Nax>
      <nax:AscentInMeters>
      0.0237884521484375
    </nax:AscentInMeters><nax:Moments>
      <nax:Halt xsi:type="nax:Halt_t" action="auto_pause">
      
    </nax:Halt>
    </nax:Moments>
    </nax:Nax>
    </TPX>
    </Extensions>
    </Trackpoint>
<Trackpoint>
      <Time>
      2025-05-11T13:29:30.113Z
    </Time><SensorState>
      Present
    </SensorState><Extensions>
      <TPX xmlns="http://www.garmin.com/xmlschemas/ActivityExtension/v2">
      <nax:Nax>
      <nax:AscentInMeters>
      0.013214111328125
    </nax:AscentInMeters><nax:Moments>
      <nax:Halt xsi:type="nax:Halt_t" action="auto_pause">
      
    </nax:Halt>
    </nax:Moments>
    </nax:Nax>
    </TPX>
    </Extensions>
    </Trackpoint>
<Trackpoint>
      <Time>
      2025-05-11T13:29:30.750Z
    </Time><Cadence>
      143.11851024627686
    </Cadence><SensorState>
      Present
    </SensorState><Extensions>
      <TPX xmlns="http://www.garmin.com/xmlschemas/ActivityExtension/v2">
      <nax:Nax>
      <nax:Moments>
      <nax:Halt xsi:type="nax:Halt_t" action="auto_pause">
      
    </nax:Halt>
    </nax:Moments>
    </nax:Nax>
    </TPX>
    </Extensions>
    </Trackpoint>
<Trackpoint>
      <Time>
      2025-05-11T13:29:31.172Z
    </Time><SensorState>
      Present
    </SensorState><Extensions>
      <TPX xmlns="http://www.garmin.com/xmlschemas/ActivityExtension/v2">
      <nax:Nax>
      <nax:AscentInMeters>
      0.0713348388671875
    </nax:AscentInMeters><nax:Moments>
      <nax:Halt xsi:type="nax:Halt_t" action="auto_pause">
      
    </nax:Halt>
    </nax:Moments>
    </nax:Nax>
    </TPX>
    </Extensions>
    </Trackpoint>
<Trackpoint>
      <Time>
      2025-05-11T13:29:32.031Z
    </Time><SensorState>
      Present
    </SensorState><Extensions>
      <TPX xmlns="http://www.garmin.com/xmlschemas/ActivityExtension/v2">
      <ns3:Speed>
      1.6094008897771777
    </ns3:Speed><nax:Nax>
      <nax:Pace>
      10.355820462466735
    </nax:Pace><nax:Moments>
      <nax:Halt xsi:type="nax:Halt_t" action="auto_pause">
      
    </nax:Halt>
    </nax:Moments>
    </nax:Nax>
    </TPX>
    </Extensions>
    </Trackpoint>
<Trackpoint>
      <Time>
      2025-05-11T13:29:32.032Z
    </Time><DistanceMeters>
      4.682793546933681
    </DistanceMeters><Cadence>
      143.11851024627686
    </Cadence><SensorState>
      Present
    </SensorState><Extensions>
      <TPX xmlns="http://www.garmin.com/xmlschemas/ActivityExtension/v2">
      <nax:Nax>
      <nax:Moments>
      <nax:Halt xsi:type="nax:Halt_t" action="auto_pause">
      
    </nax:Halt>
    </nax:Moments>
    </nax:Nax>
    </TPX>
    </Extensions>
    </Trackpoint>
<Trackpoint>
      <Time>
      2025-05-11T13:29:32.231Z
    </Time><SensorState>
      Present
    </SensorState><Extensions>
      <TPX xmlns="http://www.garmin.com/xmlschemas/ActivityExtension/v2">
      <nax:Nax>
      <nax:AscentInMeters>
      0.0158538818359375
    </nax:AscentInMeters><nax:Moments>
      <nax:Halt xsi:type="nax:Halt_t" action="auto_pause">
      
    </nax:Halt>
    </nax:Moments>
    </nax:Nax>
    </TPX>
    </Extensions>
    </Trackpoint>
<Trackpoint>
      <Time>
      2025-05-11T13:29:33.291Z
    </Time><SensorState>
      Present
    </SensorState><Extensions>
      <TPX xmlns="http://www.garmin.com/xmlschemas/ActivityExtension/v2">
      <nax:Nax>
      <nax:AscentInMeters>
      0.013214111328125
    </nax:AscentInMeters><nax:Moments>
      <nax:Halt xsi:type="nax:Halt_t" action="auto_pause">
      
    </nax:Halt>
    </nax:Moments>
    </nax:Nax>
    </TPX>
    </Extensions>
    </Trackpoint>
<Trackpoint>
      <Time>
      2025-05-11T13:29:34.350Z
    </Time><SensorState>
      Present
    </SensorState><Extensions>
      <TPX xmlns="http://www.garmin.com/xmlschemas/ActivityExtension/v2">
      <nax:Nax>
      <nax:AscentInMeters>
      0.0026397705078125
    </nax:AscentInMeters><nax:Moments>
      <nax:Halt xsi:type="nax:Halt_t" action="auto_pause">
      
    </nax:Halt>
    </nax:Moments>
    </nax:Nax>
    </TPX>
    </Extensions>
    </Trackpoint>
<Trackpoint>
      <Time>
      2025-05-11T13:29:35.409Z
    </Time><SensorState>
      Present
    </SensorState><Extensions>
      <TPX xmlns="http://www.garmin.com/xmlschemas/ActivityExtension/v2">
      <nax:Nax>
      <nax:AscentInMeters>
      0.0026397705078125
    </nax:AscentInMeters><nax:Moments>
      <nax:Halt xsi:type="nax:Halt_t" action="auto_pause">
      
    </nax:Halt>
    </nax:Moments>
    </nax:Nax>
    </TPX>
    </Extensions>
    </Trackpoint>
<Trackpoint>
      <Time>
      2025-05-11T13:29:37.141Z
    </Time><SensorState>
      Present
    </SensorState><Extensions>
      <TPX xmlns="http://www.garmin.com/xmlschemas/ActivityExtension/v2">
      <ns3:Speed>
      1.6094008897771777
    </ns3:Speed><nax:Nax>
      <nax:Pace>
      10.355820462466735
    </nax:Pace><nax:Moments>
      <nax:Halt xsi:type="nax:Halt_t" action="auto_pause">
      
    </nax:Halt>
    </nax:Moments>
    </nax:Nax>
    </TPX>
    </Extensions>
    </Trackpoint>
<Trackpoint>
      <Time>
      2025-05-11T13:29:37.142Z
    </Time><DistanceMeters>
      2.57735148712527
    </DistanceMeters><Cadence>
      143.11851024627686
    </Cadence><SensorState>
      Present
    </SensorState><Extensions>
      <TPX xmlns="http://www.garmin.com/xmlschemas/ActivityExtension/v2">
      <nax:Nax>
      <nax:Moments>
      <nax:Halt xsi:type="nax:Halt_t" action="auto_pause">
      
    </nax:Halt>
    </nax:Moments>
    </nax:Nax>
    </TPX>
    </Extensions>
    </Trackpoint>
<Trackpoint>
      <Time>
      2025-05-11T13:29:39.000Z
    </Time><SensorState>
      Present
    </SensorState><Extensions>
      <TPX xmlns="http://www.garmin.com/xmlschemas/ActivityExtension/v2">
      <nax:Nax>
      <nax:NikeFuel>
      2.810935274027675
    </nax:NikeFuel><nax:Moments>
      <nax:Halt xsi:type="nax:Halt_t" action="auto_pause">
      
    </nax:Halt>
    </nax:Moments>
    </nax:Nax>
    </TPX>
    </Extensions>
    </Trackpoint>
<Trackpoint>
      <Time>
      2025-05-11T13:29:39.696Z
    </Time><SensorState>
      Present
    </SensorState><Extensions>
      <TPX xmlns="http://www.garmin.com/xmlschemas/ActivityExtension/v2">
      <ns3:Speed>
      1.6094008897771777
    </ns3:Speed><nax:Nax>
      <nax:Pace>
      10.355820462466735
    </nax:Pace><nax:Moments>
      <nax:Halt xsi:type="nax:Halt_t" action="auto_pause">
      
    </nax:Halt>
    </nax:Moments>
    </nax:Nax>
    </TPX>
    </Extensions>
    </Trackpoint>
<Trackpoint>
      <Time>
      2025-05-11T13:29:39.697Z
    </Time><DistanceMeters>
      2.541050761938095
    </DistanceMeters><Cadence>
      143.11851024627686
    </Cadence><SensorState>
      Present
    </SensorState><Extensions>
      <TPX xmlns="http://www.garmin.com/xmlschemas/ActivityExtension/v2">
      <nax:Nax>
      <nax:Moments>
      <nax:Halt xsi:type="nax:Halt_t" action="auto_pause">
      
    </nax:Halt>
    </nax:Moments>
    </nax:Nax>
    </TPX>
    </Extensions>
    </Trackpoint>
<Trackpoint>
      <Time>
      2025-05-11T13:29:40.704Z
    </Time><SensorState>
      Present
    </SensorState><Extensions>
      <TPX xmlns="http://www.garmin.com/xmlschemas/ActivityExtension/v2">
      <nax:Nax>
      <nax:AscentInMeters>
      0.013214111328125
    </nax:AscentInMeters><nax:Moments>
      <nax:Halt xsi:type="nax:Halt_t" action="auto_pause">
      
    </nax:Halt>
    </nax:Moments>
    </nax:Nax>
    </TPX>
    </Extensions>
    </Trackpoint>
<Trackpoint>
      <Time>
      2025-05-11T13:29:41.763Z
    </Time><SensorState>
      Present
    </SensorState><Extensions>
      <TPX xmlns="http://www.garmin.com/xmlschemas/ActivityExtension/v2">
      <nax:Nax>
      <nax:AscentInMeters>
      0.0158538818359375
    </nax:AscentInMeters><nax:Moments>
      <nax:Halt xsi:type="nax:Halt_t" action="auto_pause">
      
    </nax:Halt>
    </nax:Moments>
    </nax:Nax>
    </TPX>
    </Extensions>
    </Trackpoint>
<Trackpoint>
      <Time>
      2025-05-11T13:29:42.251Z
    </Time><DistanceMeters>
      0.00732099695596844
    </DistanceMeters><SensorState>
      Present
    </SensorState><Extensions>
      <TPX xmlns="http://www.garmin.com/xmlschemas/ActivityExtension/v2">
      <ns3:Speed>
      1.6094008897771777
    </ns3:Speed><nax:Nax>
      <nax:Pace>
      10.355820462466735
    </nax:Pace><nax:Moments>
      <nax:Halt xsi:type="nax:Halt_t" action="auto_pause">
      
    </nax:Halt>
    </nax:Moments>
    </nax:Nax>
    </TPX>
    </Extensions>
    </Trackpoint>
<Trackpoint>
      <Time>
      2025-05-11T13:29:42.822Z
    </Time><SensorState>
      Present
    </SensorState><Extensions>
      <TPX xmlns="http://www.garmin.com/xmlschemas/ActivityExtension/v2">
      <nax:Nax>
      <nax:AscentInMeters>
      0.0237884521484375
    </nax:AscentInMeters><nax:Moments>
      <nax:Halt xsi:type="nax:Halt_t" action="auto_pause">
      
    </nax:Halt>
    </nax:Moments>
    </nax:Nax>
    </TPX>
    </Extensions>
    </Trackpoint>
<Trackpoint>
      <Time>
      2025-05-11T13:29:43.000Z
    </Time><Position>
      <LatitudeDegrees>
      47.429182491675654
    </LatitudeDegrees><LongitudeDegrees>
      -122.28998791790248
    </LongitudeDegrees>
    </Position><AltitudeMeters>
      112.00205817166716
    </AltitudeMeters><SensorState>
      Present
    </SensorState><Extensions>
      <TPX xmlns="http://www.garmin.com/xmlschemas/ActivityExtension/v2">
      <nax:Nax>
      <nax:Moments>
      <nax:Halt xsi:type="nax:Halt_t" action="auto_pause">
      
    </nax:Halt>
    </nax:Moments>
    </nax:Nax>
    </TPX>
    </Extensions>
    </Trackpoint>
<Trackpoint>
      <Time>
      2025-05-11T13:29:43.881Z
    </Time><SensorState>
      Present
    </SensorState><Extensions>
      <TPX xmlns="http://www.garmin.com/xmlschemas/ActivityExtension/v2">
      <nax:Nax>
      <nax:AscentInMeters>
      0.0079193115234375
    </nax:AscentInMeters><nax:Moments>
      <nax:Halt xsi:type="nax:Halt_t" action="auto_pause">
      
    </nax:Halt>
    </nax:Moments>
    </nax:Nax>
    </TPX>
    </Extensions>
    </Trackpoint>
<Trackpoint>
      <Time>
      2025-05-11T13:29:49.000Z
    </Time><SensorState>
      Present
    </SensorState><Extensions>
      <TPX xmlns="http://www.garmin.com/xmlschemas/ActivityExtension/v2">
      <nax:Nax>
      <nax:NikeFuel>
      0.2639808379416584
    </nax:NikeFuel><nax:Moments>
      <nax:Halt xsi:type="nax:Halt_t" action="auto_pause">
      
    </nax:Halt>
    </nax:Moments>
    </nax:Nax>
    </TPX>
    </Extensions>
    </Trackpoint>
<Trackpoint>
      <Time>
      2025-05-11T13:29:59.000Z
    </Time><SensorState>
      Present
    </SensorState><Extensions>
      <TPX xmlns="http://www.garmin.com/xmlschemas/ActivityExtension/v2">
      <nax:Nax>
      <nax:NikeFuel>
      0
    </nax:NikeFuel><nax:Moments>
      <nax:Halt xsi:type="nax:Halt_t" action="auto_pause">
      
    </nax:Halt>
    </nax:Moments>
    </nax:Nax>
    </TPX>
    </Extensions>
    </Trackpoint>
<Trackpoint>
      <Time>
      2025-05-11T13:30:06.120Z
    </Time><SensorState>
      Present
    </SensorState><Extensions>
      <TPX xmlns="http://www.garmin.com/xmlschemas/ActivityExtension/v2">
      <nax:Nax>
      <nax:AscentInMeters>
      0.013214111328125
    </nax:AscentInMeters><nax:Moments>
      <nax:Halt xsi:type="nax:Halt_t" action="auto_pause">
      
    </nax:Halt>
    </nax:Moments>
    </nax:Nax>
    </TPX>
    </Extensions>
    </Trackpoint>
<Trackpoint>
      <Time>
      2025-05-11T13:30:07.179Z
    </Time><SensorState>
      Present
    </SensorState><Extensions>
      <TPX xmlns="http://www.garmin.com/xmlschemas/ActivityExtension/v2">
      <nax:Nax>
      <nax:AscentInMeters>
      0.013214111328125
    </nax:AscentInMeters><nax:Moments>
      <nax:Halt xsi:type="nax:Halt_t" action="auto_pause">
      
    </nax:Halt>
    </nax:Moments>
    </nax:Nax>
    </TPX>
    </Extensions>
    </Trackpoint>
<Trackpoint>
      <Time>
      2025-05-11T13:30:07.796Z
    </Time><Cadence>
      0
    </Cadence><SensorState>
      Present
    </SensorState><Extensions>
      <TPX xmlns="http://www.garmin.com/xmlschemas/ActivityExtension/v2">
      <nax:Nax>
      <nax:Moments>
      <nax:Halt xsi:type="nax:Halt_t" action="auto_pause">
      
    </nax:Halt>
    </nax:Moments>
    </nax:Nax>
    </TPX>
    </Extensions>
    </Trackpoint>
<Trackpoint>
      <Time>
      2025-05-11T13:30:07.800Z
    </Time><SensorState>
      Present
    </SensorState><Extensions>
      <TPX xmlns="http://www.garmin.com/xmlschemas/ActivityExtension/v2">
      <ns3:Speed>
      0
    </ns3:Speed><nax:Nax>
      <nax:Moments>
      <nax:Halt xsi:type="nax:Halt_t" action="auto_pause">
      
    </nax:Halt>
    </nax:Moments>
    </nax:Nax>
    </TPX>
    </Extensions>
    </Trackpoint>
<Trackpoint>
      <Time>
      2025-05-11T13:30:07.801Z
    </Time><DistanceMeters>
      3.6170399679103866
    </DistanceMeters><Cadence>
      0
    </Cadence><SensorState>
      Present
    </SensorState><Extensions>
      <TPX xmlns="http://www.garmin.com/xmlschemas/ActivityExtension/v2">
      <nax:Nax>
      <nax:Moments>
      <nax:Halt xsi:type="nax:Halt_t" action="auto_pause">
      
    </nax:Halt>
    </nax:Moments>
    </nax:Nax>
    </TPX>
    </Extensions>
    </Trackpoint>
<Trackpoint>
      <Time>
      2025-05-11T13:30:08.238Z
    </Time><SensorState>
      Present
    </SensorState><Extensions>
      <TPX xmlns="http://www.garmin.com/xmlschemas/ActivityExtension/v2">
      <nax:Nax>
      <nax:AscentInMeters>
      0.1717529296875
    </nax:AscentInMeters><nax:Moments>
      <nax:Halt xsi:type="nax:Halt_t" action="auto_pause">
      
    </nax:Halt>
    </nax:Moments>
    </nax:Nax>
    </TPX>
    </Extensions>
    </Trackpoint>
<Trackpoint>
      <Time>
      2025-05-11T13:30:09.000Z
    </Time><SensorState>
      Present
    </SensorState><Extensions>
      <TPX xmlns="http://www.garmin.com/xmlschemas/ActivityExtension/v2">
      <nax:Nax>
      <nax:NikeFuel>
      0
    </nax:NikeFuel><nax:Moments>
      <nax:Halt xsi:type="nax:Halt_t" action="auto_pause">
      
    </nax:Halt>
    </nax:Moments>
    </nax:Nax>
    </TPX>
    </Extensions>
    </Trackpoint>
<Trackpoint>
      <Time>
      2025-05-11T13:30:09.297Z
    </Time><SensorState>
      Present
    </SensorState><Extensions>
      <TPX xmlns="http://www.garmin.com/xmlschemas/ActivityExtension/v2">
      <nax:Nax>
      <nax:AscentInMeters>
      0.050201416015625
    </nax:AscentInMeters><nax:Moments>
      <nax:Halt xsi:type="nax:Halt_t" action="auto_pause">
      
    </nax:Halt>
    </nax:Moments>
    </nax:Nax>
    </TPX>
    </Extensions>
    </Trackpoint>
<Trackpoint>
      <Time>
      2025-05-11T13:30:10.354Z
    </Time><SensorState>
      Present
    </SensorState><Extensions>
      <TPX xmlns="http://www.garmin.com/xmlschemas/ActivityExtension/v2">
      <ns3:Speed>
      0
    </ns3:Speed><nax:Nax>
      <nax:Moments>
      <nax:Halt xsi:type="nax:Halt_t" action="auto_pause">
      
    </nax:Halt>
    </nax:Moments>
    </nax:Nax>
    </TPX>
    </Extensions>
    </Trackpoint>
<Trackpoint>
      <Time>
      2025-05-11T13:30:10.355Z
    </Time><DistanceMeters>
      1.8989459831500426
    </DistanceMeters><Cadence>
      0
    </Cadence><SensorState>
      Present
    </SensorState><Extensions>
      <TPX xmlns="http://www.garmin.com/xmlschemas/ActivityExtension/v2">
      <nax:Nax>
      <nax:Moments>
      <nax:Halt xsi:type="nax:Halt_t" action="auto_pause">
      
    </nax:Halt>
    </nax:Moments>
    </nax:Nax>
    </TPX>
    </Extensions>
    </Trackpoint>
<Trackpoint>
      <Time>
      2025-05-11T13:30:10.356Z
    </Time><SensorState>
      Present
    </SensorState><Extensions>
      <TPX xmlns="http://www.garmin.com/xmlschemas/ActivityExtension/v2">
      <nax:Nax>
      <nax:AscentInMeters>
      0.0422821044921875
    </nax:AscentInMeters><nax:Moments>
      <nax:Halt xsi:type="nax:Halt_t" action="auto_pause">
      
    </nax:Halt>
    </nax:Moments>
    </nax:Nax>
    </TPX>
    </Extensions>
    </Trackpoint>
<Trackpoint>
      <Time>
      2025-05-11T13:30:11.000Z
    </Time><Position>
      <LatitudeDegrees>
      47.429133947513726
    </LatitudeDegrees><LongitudeDegrees>
      -122.2901097964411
    </LongitudeDegrees>
    </Position><AltitudeMeters>
      111.5718852262944
    </AltitudeMeters><SensorState>
      Present
    </SensorState><Extensions>
      <TPX xmlns="http://www.garmin.com/xmlschemas/ActivityExtension/v2">
      <nax:Nax>
      <nax:Moments>
      <nax:Halt xsi:type="nax:Halt_t" action="auto_pause">
      
    </nax:Halt>
    </nax:Moments>
    </nax:Nax>
    </TPX>
    </Extensions>
    </Trackpoint>
<Trackpoint>
      <Time>
      2025-05-11T13:30:11.416Z
    </Time><SensorState>
      Present
    </SensorState><Extensions>
      <TPX xmlns="http://www.garmin.com/xmlschemas/ActivityExtension/v2">
      <nax:Nax>
      <nax:AscentInMeters>
      0.0369873046875
    </nax:AscentInMeters><nax:Moments>
      <nax:Halt xsi:type="nax:Halt_t" action="auto_pause">
      
    </nax:Halt>
    </nax:Moments>
    </nax:Nax>
    </TPX>
    </Extensions>
    </Trackpoint>
<Trackpoint>
      <Time>
      2025-05-11T13:30:12.475Z
    </Time><SensorState>
      Present
    </SensorState><Extensions>
      <TPX xmlns="http://www.garmin.com/xmlschemas/ActivityExtension/v2">
      <nax:Nax>
      <nax:AscentInMeters>
      0.023773193359375
    </nax:AscentInMeters><nax:Moments>
      <nax:Halt xsi:type="nax:Halt_t" action="auto_pause">
      
    </nax:Halt>
    </nax:Moments>
    </nax:Nax>
    </TPX>
    </Extensions>
    </Trackpoint>
<Trackpoint>
      <Time>
      2025-05-11T13:30:12.909Z
    </Time><DistanceMeters>
      3.6773239673348144
    </DistanceMeters><SensorState>
      Present
    </SensorState><Extensions>
      <TPX xmlns="http://www.garmin.com/xmlschemas/ActivityExtension/v2">
      <ns3:Speed>
      0
    </ns3:Speed><nax:Nax>
      <nax:Moments>
      <nax:Halt xsi:type="nax:Halt_t" action="auto_pause">
      
    </nax:Halt>
    </nax:Moments>
    </nax:Nax>
    </TPX>
    </Extensions>
    </Trackpoint>
<Trackpoint>
      <Time>
      2025-05-11T13:30:12.910Z
    </Time><Cadence>
      0
    </Cadence><SensorState>
      Present
    </SensorState><Extensions>
      <TPX xmlns="http://www.garmin.com/xmlschemas/ActivityExtension/v2">
      <nax:Nax>
      <nax:Moments>
      <nax:Halt xsi:type="nax:Halt_t" action="auto_pause">
      
    </nax:Halt>
    </nax:Moments>
    </nax:Nax>
    </TPX>
    </Extensions>
    </Trackpoint>
<Trackpoint>
      <Time>
      2025-05-11T13:30:13.534Z
    </Time><SensorState>
      Present
    </SensorState><Extensions>
      <TPX xmlns="http://www.garmin.com/xmlschemas/ActivityExtension/v2">
      <nax:Nax>
      <nax:AscentInMeters>
      0.0422821044921875
    </nax:AscentInMeters><nax:Moments>
      <nax:Halt xsi:type="nax:Halt_t" action="auto_pause">
      
    </nax:Halt>
    </nax:Moments>
    </nax:Nax>
    </TPX>
    </Extensions>
    </Trackpoint>
<Trackpoint>
      <Time>
      2025-05-11T13:30:15.464Z
    </Time><SensorState>
      Present
    </SensorState><Extensions>
      <TPX xmlns="http://www.garmin.com/xmlschemas/ActivityExtension/v2">
      <ns3:Speed>
      0
    </ns3:Speed><nax:Nax>
      <nax:Moments>
      <nax:Halt xsi:type="nax:Halt_t" action="auto_pause">
      
    </nax:Halt>
    </nax:Moments>
    </nax:Nax>
    </TPX>
    </Extensions>
    </Trackpoint>
<Trackpoint>
      <Time>
      2025-05-11T13:30:15.465Z
    </Time><DistanceMeters>
      7.8269356817472735
    </DistanceMeters><Cadence>
      0
    </Cadence><SensorState>
      Present
    </SensorState><Extensions>
      <TPX xmlns="http://www.garmin.com/xmlschemas/ActivityExtension/v2">
      <nax:Nax>
      <nax:Moments>
      <nax:Halt xsi:type="nax:Halt_t" action="auto_pause">
      
    </nax:Halt>
    </nax:Moments>
    </nax:Nax>
    </TPX>
    </Extensions>
    </Trackpoint>
<Trackpoint>
      <Time>
      2025-05-11T13:30:15.652Z
    </Time><SensorState>
      Present
    </SensorState><Extensions>
      <TPX xmlns="http://www.garmin.com/xmlschemas/ActivityExtension/v2">
      <nax:Nax>
      <nax:AscentInMeters>
      0.0369873046875
    </nax:AscentInMeters><nax:Moments>
      <nax:Halt xsi:type="nax:Halt_t" action="auto_pause">
      
    </nax:Halt>
    </nax:Moments>
    </nax:Nax>
    </TPX>
    </Extensions>
    </Trackpoint>
<Trackpoint>
      <Time>
      2025-05-11T13:30:16.711Z
    </Time><SensorState>
      Present
    </SensorState><Extensions>
      <TPX xmlns="http://www.garmin.com/xmlschemas/ActivityExtension/v2">
      <nax:Nax>
      <nax:AscentInMeters>
      0.0079345703125
    </nax:AscentInMeters><nax:Moments>
      <nax:Halt xsi:type="nax:Halt_t" action="auto_pause">
      
    </nax:Halt>
    </nax:Moments>
    </nax:Nax>
    </TPX>
    </Extensions>
    </Trackpoint>
<Trackpoint>
      <Time>
      2025-05-11T13:30:17.000Z
    </Time><Position>
      <LatitudeDegrees>
      47.42927182949361
    </LatitudeDegrees><LongitudeDegrees>
      -122.29014137758146
    </LongitudeDegrees>
    </Position><AltitudeMeters>
      112.48509959690273
    </AltitudeMeters><SensorState>
      Present
    </SensorState><Extensions>
      <TPX xmlns="http://www.garmin.com/xmlschemas/ActivityExtension/v2">
      <nax:Nax>
      <nax:Moments>
      <nax:Halt xsi:type="nax:Halt_t" action="auto_pause">
      
    </nax:Halt>
    </nax:Moments>
    </nax:Nax>
    </TPX>
    </Extensions>
    </Trackpoint>
<Trackpoint>
      <Time>
      2025-05-11T13:30:17.770Z
    </Time><SensorState>
      Present
    </SensorState><Extensions>
      <TPX xmlns="http://www.garmin.com/xmlschemas/ActivityExtension/v2">
      <nax:Nax>
      <nax:AscentInMeters>
      0.0845489501953125
    </nax:AscentInMeters><nax:Moments>
      <nax:Halt xsi:type="nax:Halt_t" action="auto_pause">
      
    </nax:Halt>
    </nax:Moments>
    </nax:Nax>
    </TPX>
    </Extensions>
    </Trackpoint>
<Trackpoint>
      <Time>
      2025-05-11T13:30:18.019Z
    </Time><SensorState>
      Present
    </SensorState><Extensions>
      <TPX xmlns="http://www.garmin.com/xmlschemas/ActivityExtension/v2">
      <ns3:Speed>
      0
    </ns3:Speed><nax:Nax>
      <nax:Moments>
      <nax:Halt xsi:type="nax:Halt_t" action="auto_pause">
      
    </nax:Halt>
    </nax:Moments>
    </nax:Nax>
    </TPX>
    </Extensions>
    </Trackpoint>
<Trackpoint>
      <Time>
      2025-05-11T13:30:18.020Z
    </Time><DistanceMeters>
      11.6397427393822
    </DistanceMeters><Cadence>
      0
    </Cadence><SensorState>
      Present
    </SensorState><Extensions>
      <TPX xmlns="http://www.garmin.com/xmlschemas/ActivityExtension/v2">
      <nax:Nax>
      <nax:Moments>
      <nax:Halt xsi:type="nax:Halt_t" action="auto_pause">
      
    </nax:Halt>
    </nax:Moments>
    </nax:Nax>
    </TPX>
    </Extensions>
    </Trackpoint>
<Trackpoint>
      <Time>
      2025-05-11T13:30:18.829Z
    </Time><SensorState>
      Present
    </SensorState><Extensions>
      <TPX xmlns="http://www.garmin.com/xmlschemas/ActivityExtension/v2">
      <nax:Nax>
      <nax:AscentInMeters>
      0.113616943359375
    </nax:AscentInMeters><nax:Moments>
      <nax:Halt xsi:type="nax:Halt_t" action="auto_pause">
      
    </nax:Halt>
    </nax:Moments>
    </nax:Nax>
    </TPX>
    </Extensions>
    </Trackpoint>
<Trackpoint>
      <Time>
      2025-05-11T13:30:19.000Z
    </Time><SensorState>
      Present
    </SensorState><Extensions>
      <TPX xmlns="http://www.garmin.com/xmlschemas/ActivityExtension/v2">
      <nax:Nax>
      <nax:NikeFuel>
      9.996443051823256
    </nax:NikeFuel><nax:Moments>
      <nax:Halt xsi:type="nax:Halt_t" action="auto_pause">
      
    </nax:Halt>
    </nax:Moments>
    </nax:Nax>
    </TPX>
    </Extensions>
    </Trackpoint>
<Trackpoint>
      <Time>
      2025-05-11T13:30:19.888Z
    </Time><SensorState>
      Present
    </SensorState><Extensions>
      <TPX xmlns="http://www.garmin.com/xmlschemas/ActivityExtension/v2">
      <nax:Nax>
      <nax:AscentInMeters>
      0.1770477294921875
    </nax:AscentInMeters><nax:Moments>
      <nax:Halt xsi:type="nax:Halt_t" action="auto_pause">
      
    </nax:Halt>
    </nax:Moments>
    </nax:Nax>
    </TPX>
    </Extensions>
    </Trackpoint>
<Trackpoint>
      <Time>
      2025-05-11T13:30:20.000Z
    </Time><Position>
      <LatitudeDegrees>
      47.42940007228652
    </LatitudeDegrees><LongitudeDegrees>
      -122.29014991799124
    </LongitudeDegrees>
    </Position><AltitudeMeters>
      113.53175063431263
    </AltitudeMeters><SensorState>
      Present
    </SensorState><Extensions>
      <TPX xmlns="http://www.garmin.com/xmlschemas/ActivityExtension/v2">
      <nax:Nax>
      <nax:Moments>
      <nax:Halt xsi:type="nax:Halt_t" action="auto_pause">
      
    </nax:Halt>
    </nax:Moments>
    </nax:Nax>
    </TPX>
    </Extensions>
    </Trackpoint>
<Trackpoint>
      <Time>
      2025-05-11T13:30:20.574Z
    </Time><DistanceMeters>
      13.001892857253551
    </DistanceMeters><SensorState>
      Present
    </SensorState><Extensions>
      <TPX xmlns="http://www.garmin.com/xmlschemas/ActivityExtension/v2">
      <ns3:Speed>
      0
    </ns3:Speed><nax:Nax>
      <nax:Moments>
      <nax:Halt xsi:type="nax:Halt_t" action="auto_pause">
      
    </nax:Halt>
    </nax:Moments>
    </nax:Nax>
    </TPX>
    </Extensions>
    </Trackpoint>
<Trackpoint>
      <Time>
      2025-05-11T13:30:20.575Z
    </Time><Cadence>
      200.400710105896
    </Cadence><SensorState>
      Present
    </SensorState><Extensions>
      <TPX xmlns="http://www.garmin.com/xmlschemas/ActivityExtension/v2">
      <nax:Nax>
      <nax:Moments>
      <nax:Halt xsi:type="nax:Halt_t" action="auto_pause">
      
    </nax:Halt>
    </nax:Moments>
    </nax:Nax>
    </TPX>
    </Extensions>
    </Trackpoint>
<Trackpoint>
      <Time>
      2025-05-11T13:30:20.947Z
    </Time><SensorState>
      Present
    </SensorState><Extensions>
      <TPX xmlns="http://www.garmin.com/xmlschemas/ActivityExtension/v2">
      <nax:Nax>
      <nax:AscentInMeters>
      0.2245941162109375
    </nax:AscentInMeters><nax:Moments>
      <nax:Halt xsi:type="nax:Halt_t" action="auto_pause">
      
    </nax:Halt>
    </nax:Moments>
    </nax:Nax>
    </TPX>
    </Extensions>
    </Trackpoint>
<Trackpoint>
      <Time>
      2025-05-11T13:30:22.000Z
    </Time><Position>
      <LatitudeDegrees>
      47.429490268238496
    </LatitudeDegrees><LongitudeDegrees>
      -122.29015164452382
    </LongitudeDegrees>
    </Position><AltitudeMeters>
      114.9341501602903
    </AltitudeMeters><SensorState>
      Present
    </SensorState><Extensions>
      <TPX xmlns="http://www.garmin.com/xmlschemas/ActivityExtension/v2">
      <nax:Nax>
      <nax:Moments>
      <nax:Halt xsi:type="nax:Halt_t" action="auto_pause">
      
    </nax:Halt>
    </nax:Moments>
    </nax:Nax>
    </TPX>
    </Extensions>
    </Trackpoint>
<Trackpoint>
      <Time>
      2025-05-11T13:30:22.006Z
    </Time><SensorState>
      Present
    </SensorState><Extensions>
      <TPX xmlns="http://www.garmin.com/xmlschemas/ActivityExtension/v2">
      <nax:Nax>
      <nax:AscentInMeters>
      0.2642364501953125
    </nax:AscentInMeters><nax:Moments>
      <nax:Halt xsi:type="nax:Halt_t" action="auto_pause">
      
    </nax:Halt>
    </nax:Moments>
    </nax:Nax>
    </TPX>
    </Extensions>
    </Trackpoint>
<Trackpoint>
      <Time>
      2025-05-11T13:30:23.064Z
    </Time><SensorState>
      Present
    </SensorState><Extensions>
      <TPX xmlns="http://www.garmin.com/xmlschemas/ActivityExtension/v2">
      <nax:Nax>
      <nax:AscentInMeters>
      0.26422119140625
    </nax:AscentInMeters><nax:Moments>
      <nax:Halt xsi:type="nax:Halt_t" action="auto_pause">
      
    </nax:Halt>
    </nax:Moments>
    </nax:Nax>
    </TPX>
    </Extensions>
    </Trackpoint>
<Trackpoint>
      <Time>
      2025-05-11T13:30:23.129Z
    </Time><SensorState>
      Present
    </SensorState><Extensions>
      <TPX xmlns="http://www.garmin.com/xmlschemas/ActivityExtension/v2">
      <ns3:Speed>
      5.218838935898787
    </ns3:Speed><nax:Nax>
      <nax:Pace>
      3.193558351077247
    </nax:Pace><nax:Moments>
      <nax:Halt xsi:type="nax:Halt_t" action="auto_pause">
      
    </nax:Halt>
    </nax:Moments>
    </nax:Nax>
    </TPX>
    </Extensions>
    </Trackpoint>
<Trackpoint>
      <Time>
      2025-05-11T13:30:23.130Z
    </Time><DistanceMeters>
      12.423364614369348
    </DistanceMeters><Cadence>
      200.9366512298584
    </Cadence><SensorState>
      Present
    </SensorState><Extensions>
      <TPX xmlns="http://www.garmin.com/xmlschemas/ActivityExtension/v2">
      <nax:Nax>
      <nax:Moments>
      <nax:Halt xsi:type="nax:Halt_t" action="auto_pause">
      
    </nax:Halt>
    </nax:Moments>
    </nax:Nax>
    </TPX>
    </Extensions>
    </Trackpoint>
<Trackpoint>
      <Time>
      2025-05-11T13:30:24.000Z
    </Time><Position>
      <LatitudeDegrees>
      47.42958395501947
    </LatitudeDegrees><LongitudeDegrees>
      -122.2901638040338
    </LongitudeDegrees>
    </Position><AltitudeMeters>
      116.21495209354907
    </AltitudeMeters><SensorState>
      Present
    </SensorState><Extensions>
      <TPX xmlns="http://www.garmin.com/xmlschemas/ActivityExtension/v2">
      <nax:Nax>
      <nax:Moments>
      <nax:Halt xsi:type="nax:Halt_t" action="auto_pause">
      
    </nax:Halt>
    </nax:Moments>
    </nax:Nax>
    </TPX>
    </Extensions>
    </Trackpoint>
<Trackpoint>
      <Time>
      2025-05-11T13:30:24.123Z
    </Time><SensorState>
      Present
    </SensorState><Extensions>
      <TPX xmlns="http://www.garmin.com/xmlschemas/ActivityExtension/v2">
      <nax:Nax>
      <nax:AscentInMeters>
      0.248382568359375
    </nax:AscentInMeters><nax:Moments>
      <nax:Halt xsi:type="nax:Halt_t" action="auto_pause">
      
    </nax:Halt>
    </nax:Moments>
    </nax:Nax>
    </TPX>
    </Extensions>
    </Trackpoint>
<Trackpoint>
      <Time>
      2025-05-11T13:30:25.182Z
    </Time><SensorState>
      Present
    </SensorState><Extensions>
      <TPX xmlns="http://www.garmin.com/xmlschemas/ActivityExtension/v2">
      <nax:Nax>
      <nax:AscentInMeters>
      0.2695159912109375
    </nax:AscentInMeters><nax:Moments>
      <nax:Halt xsi:type="nax:Halt_t" action="auto_pause">
      
    </nax:Halt>
    </nax:Moments>
    </nax:Nax>
    </TPX>
    </Extensions>
    </Trackpoint>
<Trackpoint>
      <Time>
      2025-05-11T13:30:25.683Z
    </Time><SensorState>
      Present
    </SensorState><Extensions>
      <TPX xmlns="http://www.garmin.com/xmlschemas/ActivityExtension/v2">
      <ns3:Speed>
      5.216438626635586
    </ns3:Speed><nax:Nax>
      <nax:Pace>
      3.1950278455429775
    </nax:Pace><nax:Moments>
      <nax:Halt xsi:type="nax:Halt_t" action="auto_pause">
      
    </nax:Halt>
    </nax:Moments>
    </nax:Nax>
    </TPX>
    </Extensions>
    </Trackpoint>
<Trackpoint>
      <Time>
      2025-05-11T13:30:25.684Z
    </Time><DistanceMeters>
      14.99251840019133
    </DistanceMeters><Cadence>
      200.4008960723877
    </Cadence><SensorState>
      Present
    </SensorState><Extensions>
      <TPX xmlns="http://www.garmin.com/xmlschemas/ActivityExtension/v2">
      <nax:Nax>
      <nax:Moments>
      <nax:Halt xsi:type="nax:Halt_t" action="auto_pause">
      
    </nax:Halt>
    </nax:Moments>
    </nax:Nax>
    </TPX>
    </Extensions>
    </Trackpoint>
<Trackpoint>
      <Time>
      2025-05-11T13:30:26.000Z
    </Time><Position>
      <LatitudeDegrees>
      47.42968297732986
    </LatitudeDegrees><LongitudeDegrees>
      -122.29017550553067
    </LongitudeDegrees>
    </Position><AltitudeMeters>
      116.21189843956381
    </AltitudeMeters><SensorState>
      Present
    </SensorState><Extensions>
      <TPX xmlns="http://www.garmin.com/xmlschemas/ActivityExtension/v2">
      <nax:Nax>
      <nax:Moments>
      <nax:Halt xsi:type="nax:Halt_t" action="auto_pause">
      
    </nax:Halt>
    </nax:Moments>
    </nax:Nax>
    </TPX>
    </Extensions>
    </Trackpoint>
<Trackpoint>
      <Time>
      2025-05-11T13:30:26.241Z
    </Time><SensorState>
      Present
    </SensorState><Extensions>
      <TPX xmlns="http://www.garmin.com/xmlschemas/ActivityExtension/v2">
      <nax:Nax>
      <nax:AscentInMeters>
      0.2430877685546875
    </nax:AscentInMeters><nax:Moments>
      <nax:Halt xsi:type="nax:Halt_t" action="auto_pause">
      
    </nax:Halt>
    </nax:Moments>
    </nax:Nax>
    </TPX>
    </Extensions>
    </Trackpoint>
<Trackpoint>
      <Time>
      2025-05-11T13:30:27.300Z
    </Time><SensorState>
      Present
    </SensorState><Extensions>
      <TPX xmlns="http://www.garmin.com/xmlschemas/ActivityExtension/v2">
      <nax:Nax>
      <nax:AscentInMeters>
      0.311798095703125
    </nax:AscentInMeters><nax:Moments>
      <nax:Halt xsi:type="nax:Halt_t" action="auto_pause">
      
    </nax:Halt>
    </nax:Moments>
    </nax:Nax>
    </TPX>
    </Extensions>
    </Trackpoint>
<Trackpoint>
      <Time>
      2025-05-11T13:30:28.000Z
    </Time><Position>
      <LatitudeDegrees>
      47.42977338963208
    </LatitudeDegrees><LongitudeDegrees>
      -122.29017855470964
    </LongitudeDegrees>
    </Position><AltitudeMeters>
      117.5036455290392
    </AltitudeMeters><SensorState>
      Present
    </SensorState><Extensions>
      <TPX xmlns="http://www.garmin.com/xmlschemas/ActivityExtension/v2">
      <nax:Nax>
      <nax:Moments>
      <nax:Halt xsi:type="nax:Halt_t" action="auto_pause">
      
    </nax:Halt>
    </nax:Moments>
    </nax:Nax>
    </TPX>
    </Extensions>
    </Trackpoint>
<Trackpoint>
      <Time>
      2025-05-11T13:30:28.238Z
    </Time><DistanceMeters>
      8.990212397882715
    </DistanceMeters><SensorState>
      Present
    </SensorState><Extensions>
      <TPX xmlns="http://www.garmin.com/xmlschemas/ActivityExtension/v2">
      <ns3:Speed>
      5.223650595004887
    </ns3:Speed><nax:Nax>
      <nax:Pace>
      3.1906166699978282
    </nax:Pace><nax:Moments>
      <nax:Halt xsi:type="nax:Halt_t" action="auto_pause">
      
    </nax:Halt>
    </nax:Moments>
    </nax:Nax>
    </TPX>
    </Extensions>
    </Trackpoint>
<Trackpoint>
      <Time>
      2025-05-11T13:30:28.239Z
    </Time><Cadence>
      200.4008960723877
    </Cadence><SensorState>
      Present
    </SensorState><Extensions>
      <TPX xmlns="http://www.garmin.com/xmlschemas/ActivityExtension/v2">
      <nax:Nax>
      <nax:Moments>
      <nax:Halt xsi:type="nax:Halt_t" action="auto_pause">
      
    </nax:Halt>
    </nax:Moments>
    </nax:Nax>
    </TPX>
    </Extensions>
    </Trackpoint>
<Trackpoint>
      <Time>
      2025-05-11T13:30:28.359Z
    </Time><SensorState>
      Present
    </SensorState><Extensions>
      <TPX xmlns="http://www.garmin.com/xmlschemas/ActivityExtension/v2">
      <nax:Nax>
      <nax:AscentInMeters>
      0.2747955322265625
    </nax:AscentInMeters><nax:Moments>
      <nax:Halt xsi:type="nax:Halt_t" action="auto_pause">
      
    </nax:Halt>
    </nax:Moments>
    </nax:Nax>
    </TPX>
    </Extensions>
    </Trackpoint>
<Trackpoint>
      <Time>
      2025-05-11T13:30:29.000Z
    </Time><SensorState>
      Present
    </SensorState><Extensions>
      <TPX xmlns="http://www.garmin.com/xmlschemas/ActivityExtension/v2">
      <nax:Nax>
      <nax:NikeFuel>
      8.107072803470778
    </nax:NikeFuel><nax:Moments>
      <nax:Halt xsi:type="nax:Halt_t" action="auto_pause">
      
    </nax:Halt>
    </nax:Moments>
    </nax:Nax>
    </TPX>
    </Extensions>
    </Trackpoint>
<Trackpoint>
      <Time>
      2025-05-11T13:30:29.418Z
    </Time><SensorState>
      Present
    </SensorState><Extensions>
      <TPX xmlns="http://www.garmin.com/xmlschemas/ActivityExtension/v2">
      <nax:Nax>
      <nax:AscentInMeters>
      0.2510223388671875
    </nax:AscentInMeters><nax:Moments>
      <nax:Halt xsi:type="nax:Halt_t" action="auto_pause">
      
    </nax:Halt>
    </nax:Moments>
    </nax:Nax>
    </TPX>
    </Extensions>
    </Trackpoint>
<Trackpoint>
      <Time>
      2025-05-11T13:30:30.477Z
    </Time><SensorState>
      Present
    </SensorState><Extensions>
      <TPX xmlns="http://www.garmin.com/xmlschemas/ActivityExtension/v2">
      <nax:Nax>
      <nax:AscentInMeters>
      0.2087554931640625
    </nax:AscentInMeters><nax:Moments>
      <nax:Halt xsi:type="nax:Halt_t" action="auto_pause">
      
    </nax:Halt>
    </nax:Moments>
    </nax:Nax>
    </TPX>
    </Extensions>
    </Trackpoint>
<Trackpoint>
      <Time>
      2025-05-11T13:30:30.793Z
    </Time><SensorState>
      Present
    </SensorState><Extensions>
      <TPX xmlns="http://www.garmin.com/xmlschemas/ActivityExtension/v2">
      <ns3:Speed>
      5.223650595004887
    </ns3:Speed><nax:Nax>
      <nax:Pace>
      3.1906166699978282
    </nax:Pace><nax:Moments>
      <nax:Halt xsi:type="nax:Halt_t" action="auto_pause">
      
    </nax:Halt>
    </nax:Moments>
    </nax:Nax>
    </TPX>
    </Extensions>
    </Trackpoint>
<Trackpoint>
      <Time>
      2025-05-11T13:30:30.794Z
    </Time><DistanceMeters>
      2.799306253553368
    </DistanceMeters><Cadence>
      200.4008960723877
    </Cadence><SensorState>
      Present
    </SensorState><Extensions>
      <TPX xmlns="http://www.garmin.com/xmlschemas/ActivityExtension/v2">
      <nax:Nax>
      <nax:Moments>
      <nax:Halt xsi:type="nax:Halt_t" action="auto_pause">
      
    </nax:Halt>
    </nax:Moments>
    </nax:Nax>
    </TPX>
    </Extensions>
    </Trackpoint>
<Trackpoint>
      <Time>
      2025-05-11T13:30:31.536Z
    </Time><SensorState>
      Present
    </SensorState><Extensions>
      <TPX xmlns="http://www.garmin.com/xmlschemas/ActivityExtension/v2">
      <nax:Nax>
      <nax:AscentInMeters>
      0.1426849365234375
    </nax:AscentInMeters><nax:Moments>
      <nax:Halt xsi:type="nax:Halt_t" action="auto_pause">
      
    </nax:Halt>
    </nax:Moments>
    </nax:Nax>
    </TPX>
    </Extensions>
    </Trackpoint>
<Trackpoint>
      <Time>
      2025-05-11T13:30:32.595Z
    </Time><SensorState>
      Present
    </SensorState><Extensions>
      <TPX xmlns="http://www.garmin.com/xmlschemas/ActivityExtension/v2">
      <nax:Nax>
      <nax:AscentInMeters>
      0.0819091796875
    </nax:AscentInMeters><nax:Moments>
      <nax:Halt xsi:type="nax:Halt_t" action="auto_pause">
      
    </nax:Halt>
    </nax:Moments>
    </nax:Nax>
    </TPX>
    </Extensions>
    </Trackpoint>
<Trackpoint>
      <Time>
      2025-05-11T13:30:33.348Z
    </Time><SensorState>
      Present
    </SensorState><Extensions>
      <TPX xmlns="http://www.garmin.com/xmlschemas/ActivityExtension/v2">
      <ns3:Speed>
      5.223650595004887
    </ns3:Speed><nax:Nax>
      <nax:Pace>
      3.1906166699978282
    </nax:Pace><nax:Moments>
      <nax:Halt xsi:type="nax:Halt_t" action="auto_pause">
      
    </nax:Halt>
    </nax:Moments>
    </nax:Nax>
    </TPX>
    </Extensions>
    </Trackpoint>
<Trackpoint>
      <Time>
      2025-05-11T13:30:33.349Z
    </Time><DistanceMeters>
      0.21383287955541164
    </DistanceMeters><Cadence>
      111.33419036865234
    </Cadence><SensorState>
      Present
    </SensorState><Extensions>
      <TPX xmlns="http://www.garmin.com/xmlschemas/ActivityExtension/v2">
      <nax:Nax>
      <nax:Moments>
      <nax:Halt xsi:type="nax:Halt_t" action="auto_pause">
      
    </nax:Halt>
    </nax:Moments>
    </nax:Nax>
    </TPX>
    </Extensions>
    </Trackpoint>
<Trackpoint>
      <Time>
      2025-05-11T13:30:33.654Z
    </Time><SensorState>
      Present
    </SensorState><Extensions>
      <TPX xmlns="http://www.garmin.com/xmlschemas/ActivityExtension/v2">
      <nax:Nax>
      <nax:AscentInMeters>
      0.1030426025390625
    </nax:AscentInMeters><nax:Moments>
      <nax:Halt xsi:type="nax:Halt_t" action="auto_pause">
      
    </nax:Halt>
    </nax:Moments>
    </nax:Nax>
    </TPX>
    </Extensions>
    </Trackpoint>
<Trackpoint>
      <Time>
      2025-05-11T13:30:34.712Z
    </Time><SensorState>
      Present
    </SensorState><Extensions>
      <TPX xmlns="http://www.garmin.com/xmlschemas/ActivityExtension/v2">
      <nax:Nax>
      <nax:AscentInMeters>
      0.0607757568359375
    </nax:AscentInMeters><nax:Moments>
      <nax:Halt xsi:type="nax:Halt_t" action="auto_pause">
      
    </nax:Halt>
    </nax:Moments>
    </nax:Nax>
    </TPX>
    </Extensions>
    </Trackpoint>
<Trackpoint>
      <Time>
      2025-05-11T13:30:35.771Z
    </Time><SensorState>
      Present
    </SensorState><Extensions>
      <TPX xmlns="http://www.garmin.com/xmlschemas/ActivityExtension/v2">
      <nax:Nax>
      <nax:AscentInMeters>
      0.0422821044921875
    </nax:AscentInMeters><nax:Moments>
      <nax:Halt xsi:type="nax:Halt_t" action="auto_pause">
      
    </nax:Halt>
    </nax:Moments>
    </nax:Nax>
    </TPX>
    </Extensions>
    </Trackpoint>
<Trackpoint>
      <Time>
      2025-05-11T13:30:35.903Z
    </Time><SensorState>
      Present
    </SensorState><Extensions>
      <TPX xmlns="http://www.garmin.com/xmlschemas/ActivityExtension/v2">
      <ns3:Speed>
      1.0526936741860515
    </ns3:Speed><nax:Nax>
      <nax:Pace>
      15.832399372546265
    </nax:Pace><nax:Moments>
      <nax:Halt xsi:type="nax:Halt_t" action="auto_pause">
      
    </nax:Halt>
    </nax:Moments>
    </nax:Nax>
    </TPX>
    </Extensions>
    </Trackpoint>
<Trackpoint>
      <Time>
      2025-05-11T13:30:35.904Z
    </Time><DistanceMeters>
      2.5707887506578118
    </DistanceMeters><Cadence>
      111.33419036865234
    </Cadence><SensorState>
      Present
    </SensorState><Extensions>
      <TPX xmlns="http://www.garmin.com/xmlschemas/ActivityExtension/v2">
      <nax:Nax>
      <nax:Moments>
      <nax:Halt xsi:type="nax:Halt_t" action="auto_pause">
      
    </nax:Halt>
    </nax:Moments>
    </nax:Nax>
    </TPX>
    </Extensions>
    </Trackpoint>
<Trackpoint>
      <Time>
      2025-05-11T13:30:36.830Z
    </Time><SensorState>
      Present
    </SensorState><Extensions>
      <TPX xmlns="http://www.garmin.com/xmlschemas/ActivityExtension/v2">
      <nax:Nax>
      <nax:AscentInMeters>
      0.0343475341796875
    </nax:AscentInMeters><nax:Moments>
      <nax:Halt xsi:type="nax:Halt_t" action="auto_pause">
      
    </nax:Halt>
    </nax:Moments>
    </nax:Nax>
    </TPX>
    </Extensions>
    </Trackpoint>
<Trackpoint>
      <Time>
      2025-05-11T13:30:38.460Z
    </Time><SensorState>
      Present
    </SensorState><Extensions>
      <TPX xmlns="http://www.garmin.com/xmlschemas/ActivityExtension/v2">
      <ns3:Speed>
      1.0526936741860515
    </ns3:Speed><nax:Nax>
      <nax:Pace>
      15.832399372546265
    </nax:Pace><nax:Moments>
      <nax:Halt xsi:type="nax:Halt_t" action="auto_pause">
      
    </nax:Halt>
    </nax:Moments>
    </nax:Nax>
    </TPX>
    </Extensions>
    </Trackpoint>
<Trackpoint>
      <Time>
      2025-05-11T13:30:39.000Z
    </Time><Position>
      <LatitudeDegrees>
      47.42979933475103
    </LatitudeDegrees><LongitudeDegrees>
      -122.29030923275292
    </LongitudeDegrees>
    </Position><AltitudeMeters>
      115.45516301505268
    </AltitudeMeters><SensorState>
      Present
    </SensorState><Extensions>
      <TPX xmlns="http://www.garmin.com/xmlschemas/ActivityExtension/v2">
      <nax:Nax>
      <nax:Moments>
      <nax:Halt xsi:type="nax:Halt_t" action="auto_pause">
      
    </nax:Halt>
    </nax:Moments>
    </nax:Nax>
    </TPX>
    </Extensions>
    </Trackpoint>
    </Track><Notes>
      Mean Pace: 8.796859947262485 MKM
    </Notes>
    </Lap><Extensions>
      <nax:NAX>
      <nax:ActivityType>
      Running
    </nax:ActivityType><nax:Tags>
      <nax:Tag>
      <nax:Key>
      com.nike.name
    </nax:Key><nax:Value>
      Sunday Morning Run
    </nax:Value><nax:Key>
      com.nike.running.goaltype
    </nax:Key><nax:Value>
      freeRun
    </nax:Value><nax:Key>
      com.nike.running.originalactivityid
    </nax:Key><nax:Value>
      8586029F-EF85-4A63-B850-46203C148679
    </nax:Value><nax:Key>
      com.nike.running.recordingappversion
    </nax:Key><nax:Value>
      7.65.0
    </nax:Value><nax:Key>
      com.nike.running.recordingsource
    </nax:Key><nax:Value>
      phone
    </nax:Value><nax:Key>
      com.nike.running.syncappversion
    </nax:Key><nax:Value>
      7.65.0
    </nax:Value><nax:Key>
      com.nike.running.syncsource
    </nax:Key><nax:Value>
      phone
    </nax:Value><nax:Key>
      com.nike.temperature
    </nax:Key><nax:Value>
      9.4
    </nax:Value><nax:Key>
      com.nike.weather
    </nax:Key><nax:Value>
      cloudy
    </nax:Value><nax:Key>
      com.nike.weathersource
    </nax:Key><nax:Value>
      appleWeatherKit
    </nax:Value><nax:Key>
      location
    </nax:Key><nax:Value>
      outdoors
    </nax:Value>
    </nax:Tag>
    </nax:Tags>
    </nax:NAX>
    </Extensions>
    </Activity>
    </Activities>
    </TrainingCenterDatabase>