<?xml version="1.0" encoding="utf-8"?>
<TrainingCenterDatabase xmlns="http://www.garmin.com/xmlschemas/TrainingCenterDatabase/v2" xmlns:ns3="http://www.garmin.com/xmlschemas/ActivityExtension/v2" xsi:schemaLocation="http://www.garmin.com/xmlschemas/TrainingCenterDatabase/v2 http://www.garmin.com/xmlschemas/TrainingCenterDatabasev2.xsd" xmlns:nax="https://www.nike.com/xmlschemas/NikeActivityExtension/v1" xmlns:xsi="http://www.w3.org/2001/XMLSchema-instance" xmlns:ns5="http://www.garmin.com/xmlschemas/ActivityGoals/v1" xmlns:ns2="http://www.garmin.com/xmlschemas/UserProfile/v2">
      <Activities>
      <Activity Sport="Running">
      <Id>
      2025-09-09T00:19:48.447Z
    </Id><Lap StartTime="2025-09-09T00:19:48.447Z">
      <TotalTimeSeconds>
      804.855
    </TotalTimeSeconds><DistanceMeters>
      2060.7203534077858
    </DistanceMeters><MaximumSpeed>
      3.202677930798632
    </MaximumSpeed><Calories>
      85
    </Calories><Intensity>
      Active
    </Intensity><Cadence>
      148
    </Cadence><TriggerMethod>
      Manual
    </TriggerMethod><Track>
      <Trackpoint>
      <Time>
      2025-09-09T00:19:48.447Z
    </Time><DistanceMeters>
      6.631779814371839
    </DistanceMeters><Cadence>
      0
    </Cadence><SensorState>
      Present
    </SensorState><Extensions>
      <TPX xmlns="http://www.garmin.com/xmlschemas/ActivityExtension/v2">
      <nax:Nax>
      <nax:NikeFuel>
      0
    </nax:NikeFuel><nax:DescentInMeters>
      0.4280548095703125
    </nax:DescentInMeters><nax:Moments>
      <nax:Halt xsi:type="nax:Halt_t" action="auto_pause">
      
    </nax:Halt>
    </nax:Moments>
    </nax:Nax>
    </TPX>
    </Extensions>
    </Trackpoint>
<Trackpoint>
      <Time>
      2025-09-09T00:19:48.504Z
    </Time><SensorState>
      Present
    </SensorState><Extensions>
      <TPX xmlns="http://www.garmin.com/xmlschemas/ActivityExtension/v2">
      <ns3:Speed>
      0
    </ns3:Speed><nax:Nax>
      <nax:Moments>
      <nax:Halt xsi:type="nax:Halt_t" action="auto_pause">
      
    </nax:Halt>
    </nax:Moments>
    </nax:Nax>
    </TPX>
    </Extensions>
    </Trackpoint>
<Trackpoint>
      <Time>
      2025-09-09T00:19:48.505Z
    </Time><DistanceMeters>
      6.731713273562491
    </DistanceMeters><SensorState>
      Present
    </SensorState><Extensions>
      <TPX xmlns="http://www.garmin.com/xmlschemas/ActivityExtension/v2">
      <nax:Nax>
      <nax:Moments>
      <nax:Halt xsi:type="nax:Halt_t" action="auto_pause">
      
    </nax:Halt>
    </nax:Moments>
    </nax:Nax>
    </TPX>
    </Extensions>
    </Trackpoint>
<Trackpoint>
      <Time>
      2025-09-09T00:19:58.000Z
    </Time><SensorState>
      Present
    </SensorState><Extensions>
      <TPX xmlns="http://www.garmin.com/xmlschemas/ActivityExtension/v2">
      <nax:Nax>
      <nax:NikeFuel>
      0.3977315236833958
    </nax:NikeFuel><nax:Moments>
      <nax:Halt xsi:type="nax:Halt_t" action="auto_pause">
      
    </nax:Halt>
    </nax:Moments>
    </nax:Nax>
    </TPX>
    </Extensions>
    </Trackpoint>
<Trackpoint>
      <Time>
      2025-09-09T00:20:08.000Z
    </Time><SensorState>
      Present
    </SensorState><Extensions>
      <TPX xmlns="http://www.garmin.com/xmlschemas/ActivityExtension/v2">
      <nax:Nax>
      <nax:NikeFuel>
      0.3977315236833958
    </nax:NikeFuel><nax:Moments>
      <nax:Halt xsi:type="nax:Halt_t" action="auto_pause">
      
    </nax:Halt>
    </nax:Moments>
    </nax:Nax>
    </TPX>
    </Extensions>
    </Trackpoint>
<Trackpoint>
      <Time>
      2025-09-09T00:20:18.000Z
    </Time><SensorState>
      Present
    </SensorState><Extensions>
      <TPX xmlns="http://www.garmin.com/xmlschemas/ActivityExtension/v2">
      <nax:Nax>
      <nax:NikeFuel>
      0
    </nax:NikeFuel><nax:Moments>
      <nax:Halt xsi:type="nax:Halt_t" action="auto_pause">
      
    </nax:Halt>
    </nax:Moments>
    </nax:Nax>
    </TPX>
    </Extensions>
    </Trackpoint>
<Trackpoint>
      <Time>
      2025-09-09T00:20:18.528Z
    </Time><Cadence>
      0
    </Cadence><SensorState>
      Present
    </SensorState><Extensions>
      <TPX xmlns="http://www.garmin.com/xmlschemas/ActivityExtension/v2">
      <nax:Nax>
      <nax:Moments>
      <nax:Halt xsi:type="nax:Halt_t" action="auto_pause">
      
    </nax:Halt>
    </nax:Moments>
    </nax:Nax>
    </TPX>
    </Extensions>
    </Trackpoint>
<Trackpoint>
      <Time>
      2025-09-09T00:20:18.998Z
    </Time><Position>
      <LatitudeDegrees>
      47.4297940976283
    </LatitudeDegrees><LongitudeDegrees>
      -122.29024783848676
    </LongitudeDegrees>
    </Position><AltitudeMeters>
      115.55439772922546
    </AltitudeMeters><SensorState>
      Present
    </SensorState><Extensions>
      <TPX xmlns="http://www.garmin.com/xmlschemas/ActivityExtension/v2">
      <nax:Nax>
      <nax:Moments>
      <nax:Halt xsi:type="nax:Halt_t" action="auto_pause">
      
    </nax:Halt>
    </nax:Moments>
    </nax:Nax>
    </TPX>
    </Extensions>
    </Trackpoint>
<Trackpoint>
      <Time>
      2025-09-09T00:20:21.729Z
    </Time><SensorState>
      Present
    </SensorState><Extensions>
      <TPX xmlns="http://www.garmin.com/xmlschemas/ActivityExtension/v2">
      <ns3:Speed>
      0
    </ns3:Speed><nax:Nax>
      <nax:Moments>
      <nax:Halt xsi:type="nax:Halt_t" action="auto_pause">
      
    </nax:Halt>
    </nax:Moments>
    </nax:Nax>
    </TPX>
    </Extensions>
    </Trackpoint>
<Trackpoint>
      <Time>
      2025-09-09T00:20:21.730Z
    </Time><DistanceMeters>
      1.3907018702011555
    </DistanceMeters><Cadence>
      0
    </Cadence><SensorState>
      Present
    </SensorState><Extensions>
      <TPX xmlns="http://www.garmin.com/xmlschemas/ActivityExtension/v2">
      <nax:Nax>
      <nax:Moments>
      <nax:Halt xsi:type="nax:Halt_t" action="auto_pause">
      
    </nax:Halt>
    </nax:Moments>
    </nax:Nax>
    </TPX>
    </Extensions>
    </Trackpoint>
<Trackpoint>
      <Time>
      2025-09-09T00:20:22.992Z
    </Time><SensorState>
      Present
    </SensorState><Extensions>
      <TPX xmlns="http://www.garmin.com/xmlschemas/ActivityExtension/v2">
      <nax:Nax>
      <nax:DescentInMeters>
      0.03699493408203125
    </nax:DescentInMeters><nax:Moments>
      <nax:Halt xsi:type="nax:Halt_t" action="auto_pause">
      
    </nax:Halt>
    </nax:Moments>
    </nax:Nax>
    </TPX>
    </Extensions>
    </Trackpoint>
<Trackpoint>
      <Time>
      2025-09-09T00:20:24.053Z
    </Time><SensorState>
      Present
    </SensorState><Extensions>
      <TPX xmlns="http://www.garmin.com/xmlschemas/ActivityExtension/v2">
      <nax:Nax>
      <nax:DescentInMeters>
      0.00792694091796875
    </nax:DescentInMeters><nax:Moments>
      <nax:Halt xsi:type="nax:Halt_t" action="auto_pause">
      
    </nax:Halt>
    </nax:Moments>
    </nax:Nax>
    </TPX>
    </Extensions>
    </Trackpoint>
<Trackpoint>
      <Time>
      2025-09-09T00:20:24.287Z
    </Time><SensorState>
      Present
    </SensorState><Extensions>
      <TPX xmlns="http://www.garmin.com/xmlschemas/ActivityExtension/v2">
      <ns3:Speed>
      0
    </ns3:Speed><nax:Nax>
      <nax:Moments>
      <nax:Halt xsi:type="nax:Halt_t" action="auto_pause">
      
    </nax:Halt>
    </nax:Moments>
    </nax:Nax>
    </TPX>
    </Extensions>
    </Trackpoint>
<Trackpoint>
      <Time>
      2025-09-09T00:20:24.288Z
    </Time><DistanceMeters>
      0.9963237280026077
    </DistanceMeters><Cadence>
      0
    </Cadence><SensorState>
      Present
    </SensorState><Extensions>
      <TPX xmlns="http://www.garmin.com/xmlschemas/ActivityExtension/v2">
      <nax:Nax>
      <nax:Moments>
      <nax:Halt xsi:type="nax:Halt_t" action="auto_pause">
      
    </nax:Halt>
    </nax:Moments>
    </nax:Nax>
    </TPX>
    </Extensions>
    </Trackpoint>
<Trackpoint>
      <Time>
      2025-09-09T00:20:25.113Z
    </Time><SensorState>
      Present
    </SensorState><Extensions>
      <TPX xmlns="http://www.garmin.com/xmlschemas/ActivityExtension/v2">
      <nax:Nax>
      <nax:AscentInMeters>
      0.00792694091796875
    </nax:AscentInMeters><nax:DescentInMeters>
      0.068695068359375
    </nax:DescentInMeters><nax:Moments>
      <nax:Halt xsi:type="nax:Halt_t" action="auto_pause">
      
    </nax:Halt>
    </nax:Moments>
    </nax:Nax>
    </TPX>
    </Extensions>
    </Trackpoint>
<Trackpoint>
      <Time>
      2025-09-09T00:20:26.843Z
    </Time><SensorState>
      Present
    </SensorState><Extensions>
      <TPX xmlns="http://www.garmin.com/xmlschemas/ActivityExtension/v2">
      <ns3:Speed>
      0
    </ns3:Speed><nax:Nax>
      <nax:Moments>
      <nax:Halt xsi:type="nax:Halt_t" action="auto_pause">
      
    </nax:Halt>
    </nax:Moments>
    </nax:Nax>
    </TPX>
    </Extensions>
    </Trackpoint>
<Trackpoint>
      <Time>
      2025-09-09T00:20:26.844Z
    </Time><Cadence>
      0
    </Cadence><SensorState>
      Present
    </SensorState><Extensions>
      <TPX xmlns="http://www.garmin.com/xmlschemas/ActivityExtension/v2">
      <nax:Nax>
      <nax:Moments>
      <nax:Halt xsi:type="nax:Halt_t" action="auto_pause">
      
    </nax:Halt>
    </nax:Moments>
    </nax:Nax>
    </TPX>
    </Extensions>
    </Trackpoint>
<Trackpoint>
      <Time>
      2025-09-09T00:20:28.000Z
    </Time><SensorState>
      Present
    </SensorState><Extensions>
      <TPX xmlns="http://www.garmin.com/xmlschemas/ActivityExtension/v2">
      <nax:Nax>
      <nax:NikeFuel>
      1.429975871302565
    </nax:NikeFuel><nax:Moments>
      <nax:Halt xsi:type="nax:Halt_t" action="auto_pause">
      
    </nax:Halt>
    </nax:Moments>
    </nax:Nax>
    </TPX>
    </Extensions>
    </Trackpoint>
<Trackpoint>
      <Time>
      2025-09-09T00:20:28.998Z
    </Time><Position>
      <LatitudeDegrees>
      47.429883712448635
    </LatitudeDegrees><LongitudeDegrees>
      -122.29021552882769
    </LongitudeDegrees>
    </Position><AltitudeMeters>
      114.14654873032123
    </AltitudeMeters><SensorState>
      Present
    </SensorState><Extensions>
      <TPX xmlns="http://www.garmin.com/xmlschemas/ActivityExtension/v2">
      <nax:Nax>
      <nax:Moments>
      <nax:Halt xsi:type="nax:Halt_t" action="auto_pause">
      
    </nax:Halt>
    </nax:Moments>
    </nax:Nax>
    </TPX>
    </Extensions>
    </Trackpoint>
<Trackpoint>
      <Time>
      2025-09-09T00:20:29.399Z
    </Time><SensorState>
      Present
    </SensorState><Extensions>
      <TPX xmlns="http://www.garmin.com/xmlschemas/ActivityExtension/v2">
      <ns3:Speed>
      0
    </ns3:Speed><nax:Nax>
      <nax:Moments>
      <nax:Halt xsi:type="nax:Halt_t" action="auto_pause">
      
    </nax:Halt>
    </nax:Moments>
    </nax:Nax>
    </TPX>
    </Extensions>
    </Trackpoint>
<Trackpoint>
      <Time>
      2025-09-09T00:20:29.400Z
    </Time><DistanceMeters>
      5.028085934696719
    </DistanceMeters><Cadence>
      0
    </Cadence><SensorState>
      Present
    </SensorState><Extensions>
      <TPX xmlns="http://www.garmin.com/xmlschemas/ActivityExtension/v2">
      <nax:Nax>
      <nax:Moments>
      <nax:Halt xsi:type="nax:Halt_t" action="auto_pause">
      
    </nax:Halt>
    </nax:Moments>
    </nax:Nax>
    </TPX>
    </Extensions>
    </Trackpoint>
<Trackpoint>
      <Time>
      2025-09-09T00:20:31.473Z
    </Time><SensorState>
      Present
    </SensorState><Extensions>
      <TPX xmlns="http://www.garmin.com/xmlschemas/ActivityExtension/v2">
      <nax:Nax>
      <nax:AscentInMeters>
      0.00792694091796875
    </nax:AscentInMeters><nax:Moments>
      <nax:Halt xsi:type="nax:Halt_t" action="auto_pause">
      
    </nax:Halt>
    </nax:Moments>
    </nax:Nax>
    </TPX>
    </Extensions>
    </Trackpoint>
<Trackpoint>
      <Time>
      2025-09-09T00:20:31.954Z
    </Time><SensorState>
      Present
    </SensorState><Extensions>
      <TPX xmlns="http://www.garmin.com/xmlschemas/ActivityExtension/v2">
      <ns3:Speed>
      0
    </ns3:Speed><nax:Nax>
      <nax:Moments>
      <nax:Halt xsi:type="nax:Halt_t" action="auto_pause">
      
    </nax:Halt>
    </nax:Moments>
    </nax:Nax>
    </TPX>
    </Extensions>
    </Trackpoint>
<Trackpoint>
      <Time>
      2025-09-09T00:20:31.955Z
    </Time><DistanceMeters>
      8.858748394995928
    </DistanceMeters><Cadence>
      0
    </Cadence><SensorState>
      Present
    </SensorState><Extensions>
      <TPX xmlns="http://www.garmin.com/xmlschemas/ActivityExtension/v2">
      <nax:Nax>
      <nax:Moments>
      <nax:Halt xsi:type="nax:Halt_t" action="auto_pause">
      
    </nax:Halt>
    </nax:Moments>
    </nax:Nax>
    </TPX>
    </Extensions>
    </Trackpoint>
<Trackpoint>
      <Time>
      2025-09-09T00:20:32.533Z
    </Time><SensorState>
      Present
    </SensorState><Extensions>
      <TPX xmlns="http://www.garmin.com/xmlschemas/ActivityExtension/v2">
      <nax:Nax>
      <nax:AscentInMeters>
      0.0872039794921875
    </nax:AscentInMeters><nax:Moments>
      <nax:Halt xsi:type="nax:Halt_t" action="auto_pause">
      
    </nax:Halt>
    </nax:Moments>
    </nax:Nax>
    </TPX>
    </Extensions>
    </Trackpoint>
<Trackpoint>
      <Time>
      2025-09-09T00:20:32.999Z
    </Time><Position>
      <LatitudeDegrees>
      47.429988015833416
    </LatitudeDegrees><LongitudeDegrees>
      -122.29023343189802
    </LongitudeDegrees>
    </Position><AltitudeMeters>
      114.8336677281186
    </AltitudeMeters><SensorState>
      Present
    </SensorState><Extensions>
      <TPX xmlns="http://www.garmin.com/xmlschemas/ActivityExtension/v2">
      <nax:Nax>
      <nax:Moments>
      <nax:Halt xsi:type="nax:Halt_t" action="auto_pause">
      
    </nax:Halt>
    </nax:Moments>
    </nax:Nax>
    </TPX>
    </Extensions>
    </Trackpoint>
<Trackpoint>
      <Time>
      2025-09-09T00:20:33.593Z
    </Time><SensorState>
      Present
    </SensorState><Extensions>
      <TPX xmlns="http://www.garmin.com/xmlschemas/ActivityExtension/v2">
      <nax:Nax>
      <nax:AscentInMeters>
      0.08983612060546875
    </nax:AscentInMeters><nax:Moments>
      <nax:Halt xsi:type="nax:Halt_t" action="auto_pause">
      
    </nax:Halt>
    </nax:Moments>
    </nax:Nax>
    </TPX>
    </Extensions>
    </Trackpoint>
<Trackpoint>
      <Time>
      2025-09-09T00:20:34.510Z
    </Time><SensorState>
      Present
    </SensorState><Extensions>
      <TPX xmlns="http://www.garmin.com/xmlschemas/ActivityExtension/v2">
      <ns3:Speed>
      0
    </ns3:Speed><nax:Nax>
      <nax:Moments>
      <nax:Halt xsi:type="nax:Halt_t" action="auto_pause">
      
    </nax:Halt>
    </nax:Moments>
    </nax:Nax>
    </TPX>
    </Extensions>
    </Trackpoint>
<Trackpoint>
      <Time>
      2025-09-09T00:20:34.511Z
    </Time><DistanceMeters>
      8.041555309435353
    </DistanceMeters><Cadence>
      158.15527439117432
    </Cadence><SensorState>
      Present
    </SensorState><Extensions>
      <TPX xmlns="http://www.garmin.com/xmlschemas/ActivityExtension/v2">
      <nax:Nax>
      <nax:Moments>
      <nax:Halt xsi:type="nax:Halt_t" action="auto_pause">
      
    </nax:Halt>
    </nax:Moments>
    </nax:Nax>
    </TPX>
    </Extensions>
    </Trackpoint>
<Trackpoint>
      <Time>
      2025-09-09T00:20:34.653Z
    </Time><SensorState>
      Present
    </SensorState><Extensions>
      <TPX xmlns="http://www.garmin.com/xmlschemas/ActivityExtension/v2">
      <nax:Nax>
      <nax:AscentInMeters>
      0.12154388427734375
    </nax:AscentInMeters><nax:Moments>
      <nax:Halt xsi:type="nax:Halt_t" action="auto_pause">
      
    </nax:Halt>
    </nax:Moments>
    </nax:Nax>
    </TPX>
    </Extensions>
    </Trackpoint>
<Trackpoint>
      <Time>
      2025-09-09T00:20:35.712Z
    </Time><SensorState>
      Present
    </SensorState><Extensions>
      <TPX xmlns="http://www.garmin.com/xmlschemas/ActivityExtension/v2">
      <nax:Nax>
      <nax:AscentInMeters>
      0.14533233642578125
    </nax:AscentInMeters><nax:Moments>
      <nax:Halt xsi:type="nax:Halt_t" action="auto_pause">
      
    </nax:Halt>
    </nax:Moments>
    </nax:Nax>
    </TPX>
    </Extensions>
    </Trackpoint>
<Trackpoint>
      <Time>
      2025-09-09T00:20:36.773Z
    </Time><SensorState>
      Present
    </SensorState><Extensions>
      <TPX xmlns="http://www.garmin.com/xmlschemas/ActivityExtension/v2">
      <nax:Nax>
      <nax:AscentInMeters>
      0.16910552978515625
    </nax:AscentInMeters><nax:Moments>
      <nax:Halt xsi:type="nax:Halt_t" action="auto_pause">
      
    </nax:Halt>
    </nax:Moments>
    </nax:Nax>
    </TPX>
    </Extensions>
    </Trackpoint>
<Trackpoint>
      <Time>
      2025-09-09T00:20:36.999Z
    </Time><Position>
      <LatitudeDegrees>
      47.43009069736323
    </LatitudeDegrees><LongitudeDegrees>
      -122.29024625566184
    </LongitudeDegrees>
    </Position><AltitudeMeters>
      114.95405564829707
    </AltitudeMeters><SensorState>
      Present
    </SensorState><Extensions>
      <TPX xmlns="http://www.garmin.com/xmlschemas/ActivityExtension/v2">
      <nax:Nax>
      <nax:Moments>
      <nax:Halt xsi:type="nax:Halt_t" action="auto_pause">
      
    </nax:Halt>
    </nax:Moments>
    </nax:Nax>
    </TPX>
    </Extensions>
    </Trackpoint>
<Trackpoint>
      <Time>
      2025-09-09T00:20:37.066Z
    </Time><SensorState>
      Present
    </SensorState><Extensions>
      <TPX xmlns="http://www.garmin.com/xmlschemas/ActivityExtension/v2">
      <ns3:Speed>
      2.128837871978881
    </ns3:Speed><nax:Nax>
      <nax:Pace>
      7.828997635772993
    </nax:Pace><nax:Moments>
      <nax:Halt xsi:type="nax:Halt_t" action="auto_pause">
      
    </nax:Halt>
    </nax:Moments>
    </nax:Nax>
    </TPX>
    </Extensions>
    </Trackpoint>
<Trackpoint>
      <Time>
      2025-09-09T00:20:37.067Z
    </Time><DistanceMeters>
      6.763339459430426
    </DistanceMeters><Cadence>
      158.7528419494629
    </Cadence><SensorState>
      Present
    </SensorState><Extensions>
      <TPX xmlns="http://www.garmin.com/xmlschemas/ActivityExtension/v2">
      <nax:Nax>
      <nax:Moments>
      <nax:Halt xsi:type="nax:Halt_t" action="auto_pause">
      
    </nax:Halt>
    </nax:Moments>
    </nax:Nax>
    </TPX>
    </Extensions>
    </Trackpoint>
<Trackpoint>
      <Time>
      2025-09-09T00:20:37.833Z
    </Time><SensorState>
      Present
    </SensorState><Extensions>
      <TPX xmlns="http://www.garmin.com/xmlschemas/ActivityExtension/v2">
      <nax:Nax>
      <nax:AscentInMeters>
      0.1611785888671875
    </nax:AscentInMeters><nax:Moments>
      <nax:Halt xsi:type="nax:Halt_t" action="auto_pause">
      
    </nax:Halt>
    </nax:Moments>
    </nax:Nax>
    </TPX>
    </Extensions>
    </Trackpoint>
<Trackpoint>
      <Time>
      2025-09-09T00:20:38.000Z
    </Time><SensorState>
      Present
    </SensorState><Extensions>
      <TPX xmlns="http://www.garmin.com/xmlschemas/ActivityExtension/v2">
      <nax:Nax>
      <nax:NikeFuel>
      5.53112262553597
    </nax:NikeFuel><nax:Moments>
      <nax:Halt xsi:type="nax:Halt_t" action="auto_pause">
      
    </nax:Halt>
    </nax:Moments>
    </nax:Nax>
    </TPX>
    </Extensions>
    </Trackpoint>
<Trackpoint>
      <Time>
      2025-09-09T00:20:38.893Z
    </Time><SensorState>
      Present
    </SensorState><Extensions>
      <TPX xmlns="http://www.garmin.com/xmlschemas/ActivityExtension/v2">
      <nax:Nax>
      <nax:AscentInMeters>
      0.1558990478515625
    </nax:AscentInMeters><nax:Moments>
      <nax:Halt xsi:type="nax:Halt_t" action="auto_pause">
      
    </nax:Halt>
    </nax:Moments>
    </nax:Nax>
    </TPX>
    </Extensions>
    </Trackpoint>
<Trackpoint>
      <Time>
      2025-09-09T00:20:39.622Z
    </Time><SensorState>
      Present
    </SensorState><Extensions>
      <TPX xmlns="http://www.garmin.com/xmlschemas/ActivityExtension/v2">
      <ns3:Speed>
      2.162938938717547
    </ns3:Speed><nax:Nax>
      <nax:Pace>
      7.705565038534417
    </nax:Pace><nax:Moments>
      <nax:Halt xsi:type="nax:Halt_t" action="auto_pause">
      
    </nax:Halt>
    </nax:Moments>
    </nax:Nax>
    </TPX>
    </Extensions>
    </Trackpoint>
<Trackpoint>
      <Time>
      2025-09-09T00:20:39.623Z
    </Time><DistanceMeters>
      6.584765827516094
    </DistanceMeters><Cadence>
      158.156476020813
    </Cadence><SensorState>
      Present
    </SensorState><Extensions>
      <TPX xmlns="http://www.garmin.com/xmlschemas/ActivityExtension/v2">
      <nax:Nax>
      <nax:Moments>
      <nax:Halt xsi:type="nax:Halt_t" action="auto_pause">
      
    </nax:Halt>
    </nax:Moments>
    </nax:Nax>
    </TPX>
    </Extensions>
    </Trackpoint>
<Trackpoint>
      <Time>
      2025-09-09T00:20:39.953Z
    </Time><SensorState>
      Present
    </SensorState><Extensions>
      <TPX xmlns="http://www.garmin.com/xmlschemas/ActivityExtension/v2">
      <nax:Nax>
      <nax:AscentInMeters>
      0.14532470703125
    </nax:AscentInMeters><nax:Moments>
      <nax:Halt xsi:type="nax:Halt_t" action="auto_pause">
      
    </nax:Halt>
    </nax:Moments>
    </nax:Nax>
    </TPX>
    </Extensions>
    </Trackpoint>
<Trackpoint>
      <Time>
      2025-09-09T00:20:40.999Z
    </Time><Position>
      <LatitudeDegrees>
      47.430191630811976
    </LatitudeDegrees><LongitudeDegrees>
      -122.29025439592964
    </LongitudeDegrees>
    </Position><AltitudeMeters>
      115.23216582648456
    </AltitudeMeters><SensorState>
      Present
    </SensorState><Extensions>
      <TPX xmlns="http://www.garmin.com/xmlschemas/ActivityExtension/v2">
      <nax:Nax>
      <nax:Moments>
      <nax:Halt xsi:type="nax:Halt_t" action="auto_pause">
      
    </nax:Halt>
    </nax:Moments>
    </nax:Nax>
    </TPX>
    </Extensions>
    </Trackpoint>
<Trackpoint>
      <Time>
      2025-09-09T00:20:41.013Z
    </Time><SensorState>
      Present
    </SensorState><Extensions>
      <TPX xmlns="http://www.garmin.com/xmlschemas/ActivityExtension/v2">
      <nax:Nax>
      <nax:AscentInMeters>
      0.103057861328125
    </nax:AscentInMeters><nax:Moments>
      <nax:Halt xsi:type="nax:Halt_t" action="auto_pause">
      
    </nax:Halt>
    </nax:Moments>
    </nax:Nax>
    </TPX>
    </Extensions>
    </Trackpoint>
<Trackpoint>
      <Time>
      2025-09-09T00:20:42.074Z
    </Time><SensorState>
      Present
    </SensorState><Extensions>
      <TPX xmlns="http://www.garmin.com/xmlschemas/ActivityExtension/v2">
      <nax:Nax>
      <nax:AscentInMeters>
      0.0845489501953125
    </nax:AscentInMeters><nax:Moments>
      <nax:Halt xsi:type="nax:Halt_t" action="auto_pause">
      
    </nax:Halt>
    </nax:Moments>
    </nax:Nax>
    </TPX>
    </Extensions>
    </Trackpoint>
<Trackpoint>
      <Time>
      2025-09-09T00:20:42.177Z
    </Time><SensorState>
      Present
    </SensorState><Extensions>
      <TPX xmlns="http://www.garmin.com/xmlschemas/ActivityExtension/v2">
      <ns3:Speed>
      2.1697008681263754
    </ns3:Speed><nax:Nax>
      <nax:Pace>
      7.6815504438909175
    </nax:Pace><nax:Moments>
      <nax:Halt xsi:type="nax:Halt_t" action="auto_pause">
      
    </nax:Halt>
    </nax:Moments>
    </nax:Nax>
    </TPX>
    </Extensions>
    </Trackpoint>
<Trackpoint>
      <Time>
      2025-09-09T00:20:42.178Z
    </Time><DistanceMeters>
      7.690495876129717
    </DistanceMeters><Cadence>
      157.23788738250732
    </Cadence><SensorState>
      Present
    </SensorState><Extensions>
      <TPX xmlns="http://www.garmin.com/xmlschemas/ActivityExtension/v2">
      <nax:Nax>
      <nax:Moments>
      <nax:Halt xsi:type="nax:Halt_t" action="auto_pause">
      
    </nax:Halt>
    </nax:Moments>
    </nax:Nax>
    </TPX>
    </Extensions>
    </Trackpoint>
<Trackpoint>
      <Time>
      2025-09-09T00:20:43.133Z
    </Time><SensorState>
      Present
    </SensorState><Extensions>
      <TPX xmlns="http://www.garmin.com/xmlschemas/ActivityExtension/v2">
      <nax:Nax>
      <nax:AscentInMeters>
      0.08984375
    </nax:AscentInMeters><nax:Moments>
      <nax:Halt xsi:type="nax:Halt_t" action="auto_pause">
      
    </nax:Halt>
    </nax:Moments>
    </nax:Nax>
    </TPX>
    </Extensions>
    </Trackpoint>
<Trackpoint>
      <Time>
      2025-09-09T00:20:44.194Z
    </Time><SensorState>
      Present
    </SensorState><Extensions>
      <TPX xmlns="http://www.garmin.com/xmlschemas/ActivityExtension/v2">
      <nax:Nax>
      <nax:AscentInMeters>
      0.1109771728515625
    </nax:AscentInMeters><nax:Moments>
      <nax:Halt xsi:type="nax:Halt_t" action="auto_pause">
      
    </nax:Halt>
    </nax:Moments>
    </nax:Nax>
    </TPX>
    </Extensions>
    </Trackpoint>
<Trackpoint>
      <Time>
      2025-09-09T00:20:44.733Z
    </Time><SensorState>
      Present
    </SensorState><Extensions>
      <TPX xmlns="http://www.garmin.com/xmlschemas/ActivityExtension/v2">
      <ns3:Speed>
      2.156594444978167
    </ns3:Speed><nax:Nax>
      <nax:Pace>
      7.728234070840983
    </nax:Pace><nax:Moments>
      <nax:Halt xsi:type="nax:Halt_t" action="auto_pause">
      
    </nax:Halt>
    </nax:Moments>
    </nax:Nax>
    </TPX>
    </Extensions>
    </Trackpoint>
<Trackpoint>
      <Time>
      2025-09-09T00:20:44.734Z
    </Time><DistanceMeters>
      5.665379010140896
    </DistanceMeters><Cadence>
      157.42711544036865
    </Cadence><SensorState>
      Present
    </SensorState><Extensions>
      <TPX xmlns="http://www.garmin.com/xmlschemas/ActivityExtension/v2">
      <nax:Nax>
      <nax:Moments>
      <nax:Halt xsi:type="nax:Halt_t" action="auto_pause">
      
    </nax:Halt>
    </nax:Moments>
    </nax:Nax>
    </TPX>
    </Extensions>
    </Trackpoint>
<Trackpoint>
      <Time>
      2025-09-09T00:20:44.999Z
    </Time><Position>
      <LatitudeDegrees>
      47.43029042593397
    </LatitudeDegrees><LongitudeDegrees>
      -122.2902485173567
    </LongitudeDegrees>
    </Position><AltitudeMeters>
      116.55039921216667
    </AltitudeMeters><SensorState>
      Present
    </SensorState><Extensions>
      <TPX xmlns="http://www.garmin.com/xmlschemas/ActivityExtension/v2">
      <nax:Nax>
      <nax:Moments>
      <nax:Halt xsi:type="nax:Halt_t" action="auto_pause">
      
    </nax:Halt>
    </nax:Moments>
    </nax:Nax>
    </TPX>
    </Extensions>
    </Trackpoint>
<Trackpoint>
      <Time>
      2025-09-09T00:20:45.254Z
    </Time><SensorState>
      Present
    </SensorState><Extensions>
      <TPX xmlns="http://www.garmin.com/xmlschemas/ActivityExtension/v2">
      <nax:Nax>
      <nax:AscentInMeters>
      0.10040283203125
    </nax:AscentInMeters><nax:Moments>
      <nax:Halt xsi:type="nax:Halt_t" action="auto_pause">
      
    </nax:Halt>
    </nax:Moments>
    </nax:Nax>
    </TPX>
    </Extensions>
    </Trackpoint>
<Trackpoint>
      <Time>
      2025-09-09T00:20:46.314Z
    </Time><SensorState>
      Present
    </SensorState><Extensions>
      <TPX xmlns="http://www.garmin.com/xmlschemas/ActivityExtension/v2">
      <nax:Nax>
      <nax:AscentInMeters>
      0.11890411376953125
    </nax:AscentInMeters><nax:Moments>
      <nax:Halt xsi:type="nax:Halt_t" action="auto_pause">
      
    </nax:Halt>
    </nax:Moments>
    </nax:Nax>
    </TPX>
    </Extensions>
    </Trackpoint>
<Trackpoint>
      <Time>
      2025-09-09T00:20:47.289Z
    </Time><SensorState>
      Present
    </SensorState><Extensions>
      <TPX xmlns="http://www.garmin.com/xmlschemas/ActivityExtension/v2">
      <ns3:Speed>
      2.1624579852452674
    </ns3:Speed><nax:Nax>
      <nax:Pace>
      7.707278837501354
    </nax:Pace><nax:Moments>
      <nax:Halt xsi:type="nax:Halt_t" action="auto_pause">
      
    </nax:Halt>
    </nax:Moments>
    </nax:Nax>
    </TPX>
    </Extensions>
    </Trackpoint>
<Trackpoint>
      <Time>
      2025-09-09T00:20:47.290Z
    </Time><DistanceMeters>
      5.709808039944619
    </DistanceMeters><Cadence>
      156.71536445617676
    </Cadence><SensorState>
      Present
    </SensorState><Extensions>
      <TPX xmlns="http://www.garmin.com/xmlschemas/ActivityExtension/v2">
      <nax:Nax>
      <nax:Moments>
      <nax:Halt xsi:type="nax:Halt_t" action="auto_pause">
      
    </nax:Halt>
    </nax:Moments>
    </nax:Nax>
    </TPX>
    </Extensions>
    </Trackpoint>
<Trackpoint>
      <Time>
      2025-09-09T00:20:47.374Z
    </Time><SensorState>
      Present
    </SensorState><Extensions>
      <TPX xmlns="http://www.garmin.com/xmlschemas/ActivityExtension/v2">
      <nax:Nax>
      <nax:AscentInMeters>
      0.1268310546875
    </nax:AscentInMeters><nax:Moments>
      <nax:Halt xsi:type="nax:Halt_t" action="auto_pause">
      
    </nax:Halt>
    </nax:Moments>
    </nax:Nax>
    </TPX>
    </Extensions>
    </Trackpoint>
<Trackpoint>
      <Time>
      2025-09-09T00:20:48.000Z
    </Time><SensorState>
      Present
    </SensorState><Extensions>
      <TPX xmlns="http://www.garmin.com/xmlschemas/ActivityExtension/v2">
      <nax:Nax>
      <nax:NikeFuel>
      5.46085691846728
    </nax:NikeFuel><nax:Moments>
      <nax:Halt xsi:type="nax:Halt_t" action="auto_pause">
      
    </nax:Halt>
    </nax:Moments>
    </nax:Nax>
    </TPX>
    </Extensions>
    </Trackpoint>
<Trackpoint>
      <Time>
      2025-09-09T00:20:48.434Z
    </Time><SensorState>
      Present
    </SensorState><Extensions>
      <TPX xmlns="http://www.garmin.com/xmlschemas/ActivityExtension/v2">
      <nax:Nax>
      <nax:AscentInMeters>
      0.1241912841796875
    </nax:AscentInMeters><nax:Moments>
      <nax:Halt xsi:type="nax:Halt_t" action="auto_pause">
      
    </nax:Halt>
    </nax:Moments>
    </nax:Nax>
    </TPX>
    </Extensions>
    </Trackpoint>
<Trackpoint>
      <Time>
      2025-09-09T00:20:49.494Z
    </Time><SensorState>
      Present
    </SensorState><Extensions>
      <TPX xmlns="http://www.garmin.com/xmlschemas/ActivityExtension/v2">
      <nax:Nax>
      <nax:AscentInMeters>
      0.12154388427734375
    </nax:AscentInMeters><nax:Moments>
      <nax:Halt xsi:type="nax:Halt_t" action="auto_pause">
      
    </nax:Halt>
    </nax:Moments>
    </nax:Nax>
    </TPX>
    </Extensions>
    </Trackpoint>
<Trackpoint>
      <Time>
      2025-09-09T00:20:49.845Z
    </Time><SensorState>
      Present
    </SensorState><Extensions>
      <TPX xmlns="http://www.garmin.com/xmlschemas/ActivityExtension/v2">
      <ns3:Speed>
      2.1524862942233267
    </ns3:Speed><nax:Nax>
      <nax:Pace>
      7.742983874691958
    </nax:Pace><nax:Moments>
      <nax:Halt xsi:type="nax:Halt_t" action="auto_pause">
      
    </nax:Halt>
    </nax:Moments>
    </nax:Nax>
    </TPX>
    </Extensions>
    </Trackpoint>
<Trackpoint>
      <Time>
      2025-09-09T00:20:49.846Z
    </Time><DistanceMeters>
      7.807504210388288
    </DistanceMeters><Cadence>
      156.58141136169434
    </Cadence><SensorState>
      Present
    </SensorState><Extensions>
      <TPX xmlns="http://www.garmin.com/xmlschemas/ActivityExtension/v2">
      <nax:Nax>
      <nax:Moments>
      <nax:Halt xsi:type="nax:Halt_t" action="auto_pause">
      
    </nax:Halt>
    </nax:Moments>
    </nax:Nax>
    </TPX>
    </Extensions>
    </Trackpoint>
<Trackpoint>
      <Time>
      2025-09-09T00:20:49.999Z
    </Time><Position>
      <LatitudeDegrees>
      47.43039817645511
    </LatitudeDegrees><LongitudeDegrees>
      -122.29024351920512
    </LongitudeDegrees>
    </Position><AltitudeMeters>
      117.31992181483656
    </AltitudeMeters><SensorState>
      Present
    </SensorState><Extensions>
      <TPX xmlns="http://www.garmin.com/xmlschemas/ActivityExtension/v2">
      <nax:Nax>
      <nax:Moments>
      <nax:Halt xsi:type="nax:Halt_t" action="auto_pause">
      
    </nax:Halt>
    </nax:Moments>
    </nax:Nax>
    </TPX>
    </Extensions>
    </Trackpoint>
<Trackpoint>
      <Time>
      2025-09-09T00:20:50.554Z
    </Time><SensorState>
      Present
    </SensorState><Extensions>
      <TPX xmlns="http://www.garmin.com/xmlschemas/ActivityExtension/v2">
      <nax:Nax>
      <nax:AscentInMeters>
      0.11626434326171875
    </nax:AscentInMeters><nax:Moments>
      <nax:Halt xsi:type="nax:Halt_t" action="auto_pause">
      
    </nax:Halt>
    </nax:Moments>
    </nax:Nax>
    </TPX>
    </Extensions>
    </Trackpoint>
<Trackpoint>
      <Time>
      2025-09-09T00:20:51.613Z
    </Time><SensorState>
      Present
    </SensorState><Extensions>
      <TPX xmlns="http://www.garmin.com/xmlschemas/ActivityExtension/v2">
      <nax:Nax>
      <nax:AscentInMeters>
      0.10833740234375
    </nax:AscentInMeters><nax:Moments>
      <nax:Halt xsi:type="nax:Halt_t" action="auto_pause">
      
    </nax:Halt>
    </nax:Moments>
    </nax:Nax>
    </TPX>
    </Extensions>
    </Trackpoint>
<Trackpoint>
      <Time>
      2025-09-09T00:20:52.400Z
    </Time><SensorState>
      Present
    </SensorState><Extensions>
      <TPX xmlns="http://www.garmin.com/xmlschemas/ActivityExtension/v2">
      <ns3:Speed>
      2.1462941556526127
    </ns3:Speed><nax:Nax>
      <nax:Pace>
      7.765322671532374
    </nax:Pace><nax:Moments>
      <nax:Halt xsi:type="nax:Halt_t" action="auto_pause">
      
    </nax:Halt>
    </nax:Moments>
    </nax:Nax>
    </TPX>
    </Extensions>
    </Trackpoint>
<Trackpoint>
      <Time>
      2025-09-09T00:20:52.401Z
    </Time><DistanceMeters>
      5.6021956170443445
    </DistanceMeters><Cadence>
      156.6046142578125
    </Cadence><SensorState>
      Present
    </SensorState><Extensions>
      <TPX xmlns="http://www.garmin.com/xmlschemas/ActivityExtension/v2">
      <nax:Nax>
      <nax:Moments>
      <nax:Halt xsi:type="nax:Halt_t" action="auto_pause">
      
    </nax:Halt>
    </nax:Moments>
    </nax:Nax>
    </TPX>
    </Extensions>
    </Trackpoint>
<Trackpoint>
      <Time>
      2025-09-09T00:20:52.674Z
    </Time><SensorState>
      Present
    </SensorState><Extensions>
      <TPX xmlns="http://www.garmin.com/xmlschemas/ActivityExtension/v2">
      <nax:Nax>
      <nax:AscentInMeters>
      0.0819091796875
    </nax:AscentInMeters><nax:Moments>
      <nax:Halt xsi:type="nax:Halt_t" action="auto_pause">
      
    </nax:Halt>
    </nax:Moments>
    </nax:Nax>
    </TPX>
    </Extensions>
    </Trackpoint>
<Trackpoint>
      <Time>
      2025-09-09T00:20:53.734Z
    </Time><SensorState>
      Present
    </SensorState><Extensions>
      <TPX xmlns="http://www.garmin.com/xmlschemas/ActivityExtension/v2">
      <nax:Nax>
      <nax:AscentInMeters>
      0.0924835205078125
    </nax:AscentInMeters><nax:Moments>
      <nax:Halt xsi:type="nax:Halt_t" action="auto_pause">
      
    </nax:Halt>
    </nax:Moments>
    </nax:Nax>
    </TPX>
    </Extensions>
    </Trackpoint>
<Trackpoint>
      <Time>
      2025-09-09T00:20:53.999Z
    </Time><Position>
      <LatitudeDegrees>
      47.43048888373408
    </LatitudeDegrees><LongitudeDegrees>
      -122.29022484985207
    </LongitudeDegrees>
    </Position><AltitudeMeters>
      117.42304203473032
    </AltitudeMeters><SensorState>
      Present
    </SensorState><Extensions>
      <TPX xmlns="http://www.garmin.com/xmlschemas/ActivityExtension/v2">
      <nax:Nax>
      <nax:Moments>
      <nax:Halt xsi:type="nax:Halt_t" action="auto_pause">
      
    </nax:Halt>
    </nax:Moments>
    </nax:Nax>
    </TPX>
    </Extensions>
    </Trackpoint>
<Trackpoint>
      <Time>
      2025-09-09T00:20:54.794Z
    </Time><SensorState>
      Present
    </SensorState><Extensions>
      <TPX xmlns="http://www.garmin.com/xmlschemas/ActivityExtension/v2">
      <nax:Nax>
      <nax:AscentInMeters>
      0.0819091796875
    </nax:AscentInMeters><nax:Moments>
      <nax:Halt xsi:type="nax:Halt_t" action="auto_pause">
      
    </nax:Halt>
    </nax:Moments>
    </nax:Nax>
    </TPX>
    </Extensions>
    </Trackpoint>
<Trackpoint>
      <Time>
      2025-09-09T00:20:54.956Z
    </Time><SensorState>
      Present
    </SensorState><Extensions>
      <TPX xmlns="http://www.garmin.com/xmlschemas/ActivityExtension/v2">
      <ns3:Speed>
      2.149606177482338
    </ns3:Speed><nax:Nax>
      <nax:Pace>
      7.753358192423415
    </nax:Pace><nax:Moments>
      <nax:Halt xsi:type="nax:Halt_t" action="auto_pause">
      
    </nax:Halt>
    </nax:Moments>
    </nax:Nax>
    </TPX>
    </Extensions>
    </Trackpoint>
<Trackpoint>
      <Time>
      2025-09-09T00:20:54.957Z
    </Time><DistanceMeters>
      6.342357051558793
    </DistanceMeters><Cadence>
      156.6046142578125
    </Cadence><SensorState>
      Present
    </SensorState><Extensions>
      <TPX xmlns="http://www.garmin.com/xmlschemas/ActivityExtension/v2">
      <nax:Nax>
      <nax:Moments>
      <nax:Halt xsi:type="nax:Halt_t" action="auto_pause">
      
    </nax:Halt>
    </nax:Moments>
    </nax:Nax>
    </TPX>
    </Extensions>
    </Trackpoint>
<Trackpoint>
      <Time>
      2025-09-09T00:20:55.854Z
    </Time><SensorState>
      Present
    </SensorState><Extensions>
      <TPX xmlns="http://www.garmin.com/xmlschemas/ActivityExtension/v2">
      <nax:Nax>
      <nax:AscentInMeters>
      0.06341552734375
    </nax:AscentInMeters><nax:Moments>
      <nax:Halt xsi:type="nax:Halt_t" action="auto_pause">
      
    </nax:Halt>
    </nax:Moments>
    </nax:Nax>
    </TPX>
    </Extensions>
    </Trackpoint>
<Trackpoint>
      <Time>
      2025-09-09T00:20:56.914Z
    </Time><SensorState>
      Present
    </SensorState><Extensions>
      <TPX xmlns="http://www.garmin.com/xmlschemas/ActivityExtension/v2">
      <nax:Nax>
      <nax:AscentInMeters>
      0.0422821044921875
    </nax:AscentInMeters><nax:Moments>
      <nax:Halt xsi:type="nax:Halt_t" action="auto_pause">
      
    </nax:Halt>
    </nax:Moments>
    </nax:Nax>
    </TPX>
    </Extensions>
    </Trackpoint>
<Trackpoint>
      <Time>
      2025-09-09T00:20:57.511Z
    </Time><SensorState>
      Present
    </SensorState><Extensions>
      <TPX xmlns="http://www.garmin.com/xmlschemas/ActivityExtension/v2">
      <ns3:Speed>
      2.149606177482338
    </ns3:Speed><nax:Nax>
      <nax:Pace>
      7.753358192423415
    </nax:Pace><nax:Moments>
      <nax:Halt xsi:type="nax:Halt_t" action="auto_pause">
      
    </nax:Halt>
    </nax:Moments>
    </nax:Nax>
    </TPX>
    </Extensions>
    </Trackpoint>
<Trackpoint>
      <Time>
      2025-09-09T00:20:57.512Z
    </Time><DistanceMeters>
      6.2179588144645095
    </DistanceMeters><Cadence>
      157.0583438873291
    </Cadence><SensorState>
      Present
    </SensorState><Extensions>
      <TPX xmlns="http://www.garmin.com/xmlschemas/ActivityExtension/v2">
      <nax:Nax>
      <nax:Moments>
      <nax:Halt xsi:type="nax:Halt_t" action="auto_pause">
      
    </nax:Halt>
    </nax:Moments>
    </nax:Nax>
    </TPX>
    </Extensions>
    </Trackpoint>
<Trackpoint>
      <Time>
      2025-09-09T00:20:57.974Z
    </Time><SensorState>
      Present
    </SensorState><Extensions>
      <TPX xmlns="http://www.garmin.com/xmlschemas/ActivityExtension/v2">
      <nax:Nax>
      <nax:AscentInMeters>
      0.06341552734375
    </nax:AscentInMeters><nax:Moments>
      <nax:Halt xsi:type="nax:Halt_t" action="auto_pause">
      
    </nax:Halt>
    </nax:Moments>
    </nax:Nax>
    </TPX>
    </Extensions>
    </Trackpoint>
<Trackpoint>
      <Time>
      2025-09-09T00:20:58.000Z
    </Time><SensorState>
      Present
    </SensorState><Extensions>
      <TPX xmlns="http://www.garmin.com/xmlschemas/ActivityExtension/v2">
      <nax:Nax>
      <nax:NikeFuel>
      5.535475316014392
    </nax:NikeFuel><nax:Moments>
      <nax:Halt xsi:type="nax:Halt_t" action="auto_pause">
      
    </nax:Halt>
    </nax:Moments>
    </nax:Nax>
    </TPX>
    </Extensions>
    </Trackpoint>
<Trackpoint>
      <Time>
      2025-09-09T00:20:58.999Z
    </Time><Position>
      <LatitudeDegrees>
      47.43059611152986
    </LatitudeDegrees><LongitudeDegrees>
      -122.29021417559638
    </LongitudeDegrees>
    </Position><AltitudeMeters>
      116.7519431002438
    </AltitudeMeters><SensorState>
      Present
    </SensorState><Extensions>
      <TPX xmlns="http://www.garmin.com/xmlschemas/ActivityExtension/v2">
      <nax:Nax>
      <nax:Moments>
      <nax:Halt xsi:type="nax:Halt_t" action="auto_pause">
      
    </nax:Halt>
    </nax:Moments>
    </nax:Nax>
    </TPX>
    </Extensions>
    </Trackpoint>
<Trackpoint>
      <Time>
      2025-09-09T00:20:59.034Z
    </Time><SensorState>
      Present
    </SensorState><Extensions>
      <TPX xmlns="http://www.garmin.com/xmlschemas/ActivityExtension/v2">
      <nax:Nax>
      <nax:AscentInMeters>
      0.050201416015625
    </nax:AscentInMeters><nax:Moments>
      <nax:Halt xsi:type="nax:Halt_t" action="auto_pause">
      
    </nax:Halt>
    </nax:Moments>
    </nax:Nax>
    </TPX>
    </Extensions>
    </Trackpoint>
<Trackpoint>
      <Time>
      2025-09-09T00:21:00.067Z
    </Time><DistanceMeters>
      7.010407815454528
    </DistanceMeters><SensorState>
      Present
    </SensorState><Extensions>
      <TPX xmlns="http://www.garmin.com/xmlschemas/ActivityExtension/v2">
      <ns3:Speed>
      2.153414393135457
    </ns3:Speed><nax:Nax>
      <nax:Pace>
      7.739646730232605
    </nax:Pace><nax:Moments>
      <nax:Halt xsi:type="nax:Halt_t" action="auto_pause">
      
    </nax:Halt>
    </nax:Moments>
    </nax:Nax>
    </TPX>
    </Extensions>
    </Trackpoint>
<Trackpoint>
      <Time>
      2025-09-09T00:21:00.068Z
    </Time><Cadence>
      157.17347145080566
    </Cadence><SensorState>
      Present
    </SensorState><Extensions>
      <TPX xmlns="http://www.garmin.com/xmlschemas/ActivityExtension/v2">
      <nax:Nax>
      <nax:Moments>
      <nax:Halt xsi:type="nax:Halt_t" action="auto_pause">
      
    </nax:Halt>
    </nax:Moments>
    </nax:Nax>
    </TPX>
    </Extensions>
    </Trackpoint>
<Trackpoint>
      <Time>
      2025-09-09T00:21:00.093Z
    </Time><SensorState>
      Present
    </SensorState><Extensions>
      <TPX xmlns="http://www.garmin.com/xmlschemas/ActivityExtension/v2">
      <nax:Nax>
      <nax:AscentInMeters>
      0.0158538818359375
    </nax:AscentInMeters><nax:Moments>
      <nax:Halt xsi:type="nax:Halt_t" action="auto_pause">
      
    </nax:Halt>
    </nax:Moments>
    </nax:Nax>
    </TPX>
    </Extensions>
    </Trackpoint>
<Trackpoint>
      <Time>
      2025-09-09T00:21:01.154Z
    </Time><SensorState>
      Present
    </SensorState><Extensions>
      <TPX xmlns="http://www.garmin.com/xmlschemas/ActivityExtension/v2">
      <nax:Nax>
      <nax:AscentInMeters>
      0.00528717041015625
    </nax:AscentInMeters><nax:Moments>
      <nax:Halt xsi:type="nax:Halt_t" action="auto_pause">
      
    </nax:Halt>
    </nax:Moments>
    </nax:Nax>
    </TPX>
    </Extensions>
    </Trackpoint>
<Trackpoint>
      <Time>
      2025-09-09T00:21:02.214Z
    </Time><SensorState>
      Present
    </SensorState><Extensions>
      <TPX xmlns="http://www.garmin.com/xmlschemas/ActivityExtension/v2">
      <nax:Nax>
      <nax:AscentInMeters>
      0.0475616455078125
    </nax:AscentInMeters><nax:Moments>
      <nax:Halt xsi:type="nax:Halt_t" action="auto_pause">
      
    </nax:Halt>
    </nax:Moments>
    </nax:Nax>
    </TPX>
    </Extensions>
    </Trackpoint>
<Trackpoint>
      <Time>
      2025-09-09T00:21:02.623Z
    </Time><SensorState>
      Present
    </SensorState><Extensions>
      <TPX xmlns="http://www.garmin.com/xmlschemas/ActivityExtension/v2">
      <ns3:Speed>
      2.157961034535033
    </ns3:Speed><nax:Nax>
      <nax:Pace>
      7.723339949119039
    </nax:Pace><nax:Moments>
      <nax:Halt xsi:type="nax:Halt_t" action="auto_pause">
      
    </nax:Halt>
    </nax:Moments>
    </nax:Nax>
    </TPX>
    </Extensions>
    </Trackpoint>
<Trackpoint>
      <Time>
      2025-09-09T00:21:02.624Z
    </Time><DistanceMeters>
      6.662158533232287
    </DistanceMeters><Cadence>
      157.26701259613037
    </Cadence><SensorState>
      Present
    </SensorState><Extensions>
      <TPX xmlns="http://www.garmin.com/xmlschemas/ActivityExtension/v2">
      <nax:Nax>
      <nax:Moments>
      <nax:Halt xsi:type="nax:Halt_t" action="auto_pause">
      
    </nax:Halt>
    </nax:Moments>
    </nax:Nax>
    </TPX>
    </Extensions>
    </Trackpoint>
<Trackpoint>
      <Time>
      2025-09-09T00:21:02.999Z
    </Time><Position>
      <LatitudeDegrees>
      47.43068931873065
    </LatitudeDegrees><LongitudeDegrees>
      -122.29019737654963
    </LongitudeDegrees>
    </Position><AltitudeMeters>
      116.685233973898
    </AltitudeMeters><SensorState>
      Present
    </SensorState><Extensions>
      <TPX xmlns="http://www.garmin.com/xmlschemas/ActivityExtension/v2">
      <nax:Nax>
      <nax:Moments>
      <nax:Halt xsi:type="nax:Halt_t" action="auto_pause">
      
    </nax:Halt>
    </nax:Moments>
    </nax:Nax>
    </TPX>
    </Extensions>
    </Trackpoint>
<Trackpoint>
      <Time>
      2025-09-09T00:21:03.274Z
    </Time><SensorState>
      Present
    </SensorState><Extensions>
      <TPX xmlns="http://www.garmin.com/xmlschemas/ActivityExtension/v2">
      <nax:Nax>
      <nax:AscentInMeters>
      0.02642059326171875
    </nax:AscentInMeters><nax:Moments>
      <nax:Halt xsi:type="nax:Halt_t" action="auto_pause">
      
    </nax:Halt>
    </nax:Moments>
    </nax:Nax>
    </TPX>
    </Extensions>
    </Trackpoint>
<Trackpoint>
      <Time>
      2025-09-09T00:21:04.334Z
    </Time><SensorState>
      Present
    </SensorState><Extensions>
      <TPX xmlns="http://www.garmin.com/xmlschemas/ActivityExtension/v2">
      <nax:Nax>
      <nax:AscentInMeters>
      0.01849365234375
    </nax:AscentInMeters><nax:Moments>
      <nax:Halt xsi:type="nax:Halt_t" action="auto_pause">
      
    </nax:Halt>
    </nax:Moments>
    </nax:Nax>
    </TPX>
    </Extensions>
    </Trackpoint>
<Trackpoint>
      <Time>
      2025-09-09T00:21:05.178Z
    </Time><SensorState>
      Present
    </SensorState><Extensions>
      <TPX xmlns="http://www.garmin.com/xmlschemas/ActivityExtension/v2">
      <ns3:Speed>
      2.169065500567516
    </ns3:Speed><nax:Nax>
      <nax:Pace>
      7.683800540973053
    </nax:Pace><nax:Moments>
      <nax:Halt xsi:type="nax:Halt_t" action="auto_pause">
      
    </nax:Halt>
    </nax:Moments>
    </nax:Nax>
    </TPX>
    </Extensions>
    </Trackpoint>
<Trackpoint>
      <Time>
      2025-09-09T00:21:05.179Z
    </Time><DistanceMeters>
      6.287453907076269
    </DistanceMeters><Cadence>
      157.23130702972412
    </Cadence><SensorState>
      Present
    </SensorState><Extensions>
      <TPX xmlns="http://www.garmin.com/xmlschemas/ActivityExtension/v2">
      <nax:Nax>
      <nax:Moments>
      <nax:Halt xsi:type="nax:Halt_t" action="auto_pause">
      
    </nax:Halt>
    </nax:Moments>
    </nax:Nax>
    </TPX>
    </Extensions>
    </Trackpoint>
<Trackpoint>
      <Time>
      2025-09-09T00:21:05.394Z
    </Time><SensorState>
      Present
    </SensorState><Extensions>
      <TPX xmlns="http://www.garmin.com/xmlschemas/ActivityExtension/v2">
      <nax:Nax>
      <nax:AscentInMeters>
      0.031707763671875
    </nax:AscentInMeters><nax:Moments>
      <nax:Halt xsi:type="nax:Halt_t" action="auto_pause">
      
    </nax:Halt>
    </nax:Moments>
    </nax:Nax>
    </TPX>
    </Extensions>
    </Trackpoint>
<Trackpoint>
      <Time>
      2025-09-09T00:21:06.454Z
    </Time><SensorState>
      Present
    </SensorState><Extensions>
      <TPX xmlns="http://www.garmin.com/xmlschemas/ActivityExtension/v2">
      <nax:Nax>
      <nax:AscentInMeters>
      0.031707763671875
    </nax:AscentInMeters><nax:Moments>
      <nax:Halt xsi:type="nax:Halt_t" action="auto_pause">
      
    </nax:Halt>
    </nax:Moments>
    </nax:Nax>
    </TPX>
    </Extensions>
    </Trackpoint>
<Trackpoint>
      <Time>
      2025-09-09T00:21:06.999Z
    </Time><Position>
      <LatitudeDegrees>
      47.43078489833996
    </LatitudeDegrees><LongitudeDegrees>
      -122.29019433551181
    </LongitudeDegrees>
    </Position><AltitudeMeters>
      117.11989691760391
    </AltitudeMeters><SensorState>
      Present
    </SensorState><Extensions>
      <TPX xmlns="http://www.garmin.com/xmlschemas/ActivityExtension/v2">
      <nax:Nax>
      <nax:Moments>
      <nax:Halt xsi:type="nax:Halt_t" action="auto_pause">
      
    </nax:Halt>
    </nax:Moments>
    </nax:Nax>
    </TPX>
    </Extensions>
    </Trackpoint>
<Trackpoint>
      <Time>
      2025-09-09T00:21:07.514Z
    </Time><SensorState>
      Present
    </SensorState><Extensions>
      <TPX xmlns="http://www.garmin.com/xmlschemas/ActivityExtension/v2">
      <nax:Nax>
      <nax:AscentInMeters>
      0.0290679931640625
    </nax:AscentInMeters><nax:Moments>
      <nax:Halt xsi:type="nax:Halt_t" action="auto_pause">
      
    </nax:Halt>
    </nax:Moments>
    </nax:Nax>
    </TPX>
    </Extensions>
    </Trackpoint>
<Trackpoint>
      <Time>
      2025-09-09T00:21:07.734Z
    </Time><SensorState>
      Present
    </SensorState><Extensions>
      <TPX xmlns="http://www.garmin.com/xmlschemas/ActivityExtension/v2">
      <ns3:Speed>
      2.174577782255733
    </ns3:Speed><nax:Nax>
      <nax:Pace>
      7.664323071202356
    </nax:Pace><nax:Moments>
      <nax:Halt xsi:type="nax:Halt_t" action="auto_pause">
      
    </nax:Halt>
    </nax:Moments>
    </nax:Nax>
    </TPX>
    </Extensions>
    </Trackpoint>
<Trackpoint>
      <Time>
      2025-09-09T00:21:07.735Z
    </Time><DistanceMeters>
      7.125905160792172
    </DistanceMeters><Cadence>
      157.23130702972412
    </Cadence><SensorState>
      Present
    </SensorState><Extensions>
      <TPX xmlns="http://www.garmin.com/xmlschemas/ActivityExtension/v2">
      <nax:Nax>
      <nax:Moments>
      <nax:Halt xsi:type="nax:Halt_t" action="auto_pause">
      
    </nax:Halt>
    </nax:Moments>
    </nax:Nax>
    </TPX>
    </Extensions>
    </Trackpoint>
<Trackpoint>
      <Time>
      2025-09-09T00:21:08.000Z
    </Time><SensorState>
      Present
    </SensorState><Extensions>
      <TPX xmlns="http://www.garmin.com/xmlschemas/ActivityExtension/v2">
      <nax:Nax>
      <nax:NikeFuel>
      5.57223961128721
    </nax:NikeFuel><nax:Moments>
      <nax:Halt xsi:type="nax:Halt_t" action="auto_pause">
      
    </nax:Halt>
    </nax:Moments>
    </nax:Nax>
    </TPX>
    </Extensions>
    </Trackpoint>
<Trackpoint>
      <Time>
      2025-09-09T00:21:08.574Z
    </Time><SensorState>
      Present
    </SensorState><Extensions>
      <TPX xmlns="http://www.garmin.com/xmlschemas/ActivityExtension/v2">
      <nax:Nax>
      <nax:AscentInMeters>
      0.05812835693359375
    </nax:AscentInMeters><nax:Moments>
      <nax:Halt xsi:type="nax:Halt_t" action="auto_pause">
      
    </nax:Halt>
    </nax:Moments>
    </nax:Nax>
    </TPX>
    </Extensions>
    </Trackpoint>
<Trackpoint>
      <Time>
      2025-09-09T00:21:09.633Z
    </Time><SensorState>
      Present
    </SensorState><Extensions>
      <TPX xmlns="http://www.garmin.com/xmlschemas/ActivityExtension/v2">
      <nax:Nax>
      <nax:AscentInMeters>
      0.031707763671875
    </nax:AscentInMeters><nax:Moments>
      <nax:Halt xsi:type="nax:Halt_t" action="auto_pause">
      
    </nax:Halt>
    </nax:Moments>
    </nax:Nax>
    </TPX>
    </Extensions>
    </Trackpoint>
<Trackpoint>
      <Time>
      2025-09-09T00:21:10.289Z
    </Time><SensorState>
      Present
    </SensorState><Extensions>
      <TPX xmlns="http://www.garmin.com/xmlschemas/ActivityExtension/v2">
      <ns3:Speed>
      2.174577782255733
    </ns3:Speed><nax:Nax>
      <nax:Pace>
      7.664323071202356
    </nax:Pace><nax:Moments>
      <nax:Halt xsi:type="nax:Halt_t" action="auto_pause">
      
    </nax:Halt>
    </nax:Moments>
    </nax:Nax>
    </TPX>
    </Extensions>
    </Trackpoint>
<Trackpoint>
      <Time>
      2025-09-09T00:21:10.290Z
    </Time><DistanceMeters>
      5.4969340960960835
    </DistanceMeters><Cadence>
      157.02306747436523
    </Cadence><SensorState>
      Present
    </SensorState><Extensions>
      <TPX xmlns="http://www.garmin.com/xmlschemas/ActivityExtension/v2">
      <nax:Nax>
      <nax:Moments>
      <nax:Halt xsi:type="nax:Halt_t" action="auto_pause">
      
    </nax:Halt>
    </nax:Moments>
    </nax:Nax>
    </TPX>
    </Extensions>
    </Trackpoint>
<Trackpoint>
      <Time>
      2025-09-09T00:21:10.694Z
    </Time><SensorState>
      Present
    </SensorState><Extensions>
      <TPX xmlns="http://www.garmin.com/xmlschemas/ActivityExtension/v2">
      <nax:Nax>
      <nax:AscentInMeters>
      0.05020904541015625
    </nax:AscentInMeters><nax:Moments>
      <nax:Halt xsi:type="nax:Halt_t" action="auto_pause">
      
    </nax:Halt>
    </nax:Moments>
    </nax:Nax>
    </TPX>
    </Extensions>
    </Trackpoint>
<Trackpoint>
      <Time>
      2025-09-09T00:21:11.754Z
    </Time><SensorState>
      Present
    </SensorState><Extensions>
      <TPX xmlns="http://www.garmin.com/xmlschemas/ActivityExtension/v2">
      <nax:Nax>
      <nax:AscentInMeters>
      0.02642059326171875
    </nax:AscentInMeters><nax:Moments>
      <nax:Halt xsi:type="nax:Halt_t" action="auto_pause">
      
    </nax:Halt>
    </nax:Moments>
    </nax:Nax>
    </TPX>
    </Extensions>
    </Trackpoint>
<Trackpoint>
      <Time>
      2025-09-09T00:21:11.999Z
    </Time><Position>
      <LatitudeDegrees>
      47.43086987392213
    </LatitudeDegrees><LongitudeDegrees>
      -122.2902781351412
    </LongitudeDegrees>
    </Position><AltitudeMeters>
      117.50844218023121
    </AltitudeMeters><SensorState>
      Present
    </SensorState><Extensions>
      <TPX xmlns="http://www.garmin.com/xmlschemas/ActivityExtension/v2">
      <nax:Nax>
      <nax:Moments>
      <nax:Halt xsi:type="nax:Halt_t" action="auto_pause">
      
    </nax:Halt>
    </nax:Moments>
    </nax:Nax>
    </TPX>
    </Extensions>
    </Trackpoint>
<Trackpoint>
      <Time>
      2025-09-09T00:21:12.814Z
    </Time><SensorState>
      Present
    </SensorState><Extensions>
      <TPX xmlns="http://www.garmin.com/xmlschemas/ActivityExtension/v2">
      <nax:Nax>
      <nax:AscentInMeters>
      0.04227447509765625
    </nax:AscentInMeters><nax:Moments>
      <nax:Halt xsi:type="nax:Halt_t" action="auto_pause">
      
    </nax:Halt>
    </nax:Moments>
    </nax:Nax>
    </TPX>
    </Extensions>
    </Trackpoint>
<Trackpoint>
      <Time>
      2025-09-09T00:21:12.845Z
    </Time><SensorState>
      Present
    </SensorState><Extensions>
      <TPX xmlns="http://www.garmin.com/xmlschemas/ActivityExtension/v2">
      <ns3:Speed>
      2.1727748930923703
    </ns3:Speed><nax:Nax>
      <nax:Pace>
      7.670682646257053
    </nax:Pace><nax:Moments>
      <nax:Halt xsi:type="nax:Halt_t" action="auto_pause">
      
    </nax:Halt>
    </nax:Moments>
    </nax:Nax>
    </TPX>
    </Extensions>
    </Trackpoint>
<Trackpoint>
      <Time>
      2025-09-09T00:21:12.846Z
    </Time><DistanceMeters>
      4.0662662296090275
    </DistanceMeters><Cadence>
      156.7441463470459
    </Cadence><SensorState>
      Present
    </SensorState><Extensions>
      <TPX xmlns="http://www.garmin.com/xmlschemas/ActivityExtension/v2">
      <nax:Nax>
      <nax:Moments>
      <nax:Halt xsi:type="nax:Halt_t" action="auto_pause">
      
    </nax:Halt>
    </nax:Moments>
    </nax:Nax>
    </TPX>
    </Extensions>
    </Trackpoint>
<Trackpoint>
      <Time>
      2025-09-09T00:21:13.874Z
    </Time><SensorState>
      Present
    </SensorState><Extensions>
      <TPX xmlns="http://www.garmin.com/xmlschemas/ActivityExtension/v2">
      <nax:Nax>
      <nax:AscentInMeters>
      0.02114105224609375
    </nax:AscentInMeters><nax:Moments>
      <nax:Halt xsi:type="nax:Halt_t" action="auto_pause">
      
    </nax:Halt>
    </nax:Moments>
    </nax:Nax>
    </TPX>
    </Extensions>
    </Trackpoint>
<Trackpoint>
      <Time>
      2025-09-09T00:21:14.934Z
    </Time><SensorState>
      Present
    </SensorState><Extensions>
      <TPX xmlns="http://www.garmin.com/xmlschemas/ActivityExtension/v2">
      <nax:Nax>
      <nax:AscentInMeters>
      0.02378082275390625
    </nax:AscentInMeters><nax:Moments>
      <nax:Halt xsi:type="nax:Halt_t" action="auto_pause">
      
    </nax:Halt>
    </nax:Moments>
    </nax:Nax>
    </TPX>
    </Extensions>
    </Trackpoint>
<Trackpoint>
      <Time>
      2025-09-09T00:21:15.400Z
    </Time><SensorState>
      Present
    </SensorState><Extensions>
      <TPX xmlns="http://www.garmin.com/xmlschemas/ActivityExtension/v2">
      <ns3:Speed>
      2.1702972793319253
    </ns3:Speed><nax:Nax>
      <nax:Pace>
      7.67943950600035
    </nax:Pace><nax:Moments>
      <nax:Halt xsi:type="nax:Halt_t" action="auto_pause">
      
    </nax:Halt>
    </nax:Moments>
    </nax:Nax>
    </TPX>
    </Extensions>
    </Trackpoint>
<Trackpoint>
      <Time>
      2025-09-09T00:21:15.401Z
    </Time><DistanceMeters>
      7.292812791420147
    </DistanceMeters><Cadence>
      156.35364532470703
    </Cadence><SensorState>
      Present
    </SensorState><Extensions>
      <TPX xmlns="http://www.garmin.com/xmlschemas/ActivityExtension/v2">
      <nax:Nax>
      <nax:Moments>
      <nax:Halt xsi:type="nax:Halt_t" action="auto_pause">
      
    </nax:Halt>
    </nax:Moments>
    </nax:Nax>
    </TPX>
    </Extensions>
    </Trackpoint>
<Trackpoint>
      <Time>
      2025-09-09T00:21:15.994Z
    </Time><SensorState>
      Present
    </SensorState><Extensions>
      <TPX xmlns="http://www.garmin.com/xmlschemas/ActivityExtension/v2">
      <nax:Nax>
      <nax:AscentInMeters>
      0.02378082275390625
    </nax:AscentInMeters><nax:Moments>
      <nax:Halt xsi:type="nax:Halt_t" action="auto_pause">
      
    </nax:Halt>
    </nax:Moments>
    </nax:Nax>
    </TPX>
    </Extensions>
    </Trackpoint>
<Trackpoint>
      <Time>
      2025-09-09T00:21:16.999Z
    </Time><Position>
      <LatitudeDegrees>
      47.43085536322725
    </LatitudeDegrees><LongitudeDegrees>
      -122.29044109295529
    </LongitudeDegrees>
    </Position><AltitudeMeters>
      117.44504038337618
    </AltitudeMeters><SensorState>
      Present
    </SensorState><Extensions>
      <TPX xmlns="http://www.garmin.com/xmlschemas/ActivityExtension/v2">
      <nax:Nax>
      <nax:Moments>
      <nax:Halt xsi:type="nax:Halt_t" action="auto_pause">
      
    </nax:Halt>
    </nax:Moments>
    </nax:Nax>
    </TPX>
    </Extensions>
    </Trackpoint>
<Trackpoint>
      <Time>
      2025-09-09T00:21:17.054Z
    </Time><SensorState>
      Present
    </SensorState><Extensions>
      <TPX xmlns="http://www.garmin.com/xmlschemas/ActivityExtension/v2">
      <nax:Nax>
      <nax:AscentInMeters>
      0.05548858642578125
    </nax:AscentInMeters><nax:Moments>
      <nax:Halt xsi:type="nax:Halt_t" action="auto_pause">
      
    </nax:Halt>
    </nax:Moments>
    </nax:Nax>
    </TPX>
    </Extensions>
    </Trackpoint>
<Trackpoint>
      <Time>
      2025-09-09T00:21:17.956Z
    </Time><SensorState>
      Present
    </SensorState><Extensions>
      <TPX xmlns="http://www.garmin.com/xmlschemas/ActivityExtension/v2">
      <ns3:Speed>
      2.1654652749369965
    </ns3:Speed><nax:Nax>
      <nax:Pace>
      7.696575354759073
    </nax:Pace><nax:Moments>
      <nax:Halt xsi:type="nax:Halt_t" action="auto_pause">
      
    </nax:Halt>
    </nax:Moments>
    </nax:Nax>
    </TPX>
    </Extensions>
    </Trackpoint>
<Trackpoint>
      <Time>
      2025-09-09T00:21:17.957Z
    </Time><DistanceMeters>
      5.072826702147722
    </DistanceMeters><Cadence>
      155.99573135375977
    </Cadence><SensorState>
      Present
    </SensorState><Extensions>
      <TPX xmlns="http://www.garmin.com/xmlschemas/ActivityExtension/v2">
      <nax:Nax>
      <nax:Moments>
      <nax:Halt xsi:type="nax:Halt_t" action="auto_pause">
      
    </nax:Halt>
    </nax:Moments>
    </nax:Nax>
    </TPX>
    </Extensions>
    </Trackpoint>
<Trackpoint>
      <Time>
      2025-09-09T00:21:18.000Z
    </Time><SensorState>
      Present
    </SensorState><Extensions>
      <TPX xmlns="http://www.garmin.com/xmlschemas/ActivityExtension/v2">
      <nax:Nax>
      <nax:NikeFuel>
      5.975377961227739
    </nax:NikeFuel><nax:Moments>
      <nax:Halt xsi:type="nax:Halt_t" action="auto_pause">
      
    </nax:Halt>
    </nax:Moments>
    </nax:Nax>
    </TPX>
    </Extensions>
    </Trackpoint>
<Trackpoint>
      <Time>
      2025-09-09T00:21:18.113Z
    </Time><SensorState>
      Present
    </SensorState><Extensions>
      <TPX xmlns="http://www.garmin.com/xmlschemas/ActivityExtension/v2">
      <nax:Nax>
      <nax:AscentInMeters>
      0.044921875
    </nax:AscentInMeters><nax:Moments>
      <nax:Halt xsi:type="nax:Halt_t" action="auto_pause">
      
    </nax:Halt>
    </nax:Moments>
    </nax:Nax>
    </TPX>
    </Extensions>
    </Trackpoint>
<Trackpoint>
      <Time>
      2025-09-09T00:21:19.174Z
    </Time><SensorState>
      Present
    </SensorState><Extensions>
      <TPX xmlns="http://www.garmin.com/xmlschemas/ActivityExtension/v2">
      <nax:Nax>
      <nax:AscentInMeters>
      0.03699493408203125
    </nax:AscentInMeters><nax:Moments>
      <nax:Halt xsi:type="nax:Halt_t" action="auto_pause">
      
    </nax:Halt>
    </nax:Moments>
    </nax:Nax>
    </TPX>
    </Extensions>
    </Trackpoint>
<Trackpoint>
      <Time>
      2025-09-09T00:21:20.234Z
    </Time><SensorState>
      Present
    </SensorState><Extensions>
      <TPX xmlns="http://www.garmin.com/xmlschemas/ActivityExtension/v2">
      <nax:Nax>
      <nax:AscentInMeters>
      0.05548858642578125
    </nax:AscentInMeters><nax:Moments>
      <nax:Halt xsi:type="nax:Halt_t" action="auto_pause">
      
    </nax:Halt>
    </nax:Moments>
    </nax:Nax>
    </TPX>
    </Extensions>
    </Trackpoint>
<Trackpoint>
      <Time>
      2025-09-09T00:21:20.511Z
    </Time><SensorState>
      Present
    </SensorState><Extensions>
      <TPX xmlns="http://www.garmin.com/xmlschemas/ActivityExtension/v2">
      <ns3:Speed>
      2.1586063721706186
    </ns3:Speed><nax:Nax>
      <nax:Pace>
      7.7210309769943155
    </nax:Pace><nax:Moments>
      <nax:Halt xsi:type="nax:Halt_t" action="auto_pause">
      
    </nax:Halt>
    </nax:Moments>
    </nax:Nax>
    </TPX>
    </Extensions>
    </Trackpoint>
<Trackpoint>
      <Time>
      2025-09-09T00:21:20.512Z
    </Time><DistanceMeters>
      8.165283775422722
    </DistanceMeters><Cadence>
      155.9853744506836
    </Cadence><SensorState>
      Present
    </SensorState><Extensions>
      <TPX xmlns="http://www.garmin.com/xmlschemas/ActivityExtension/v2">
      <nax:Nax>
      <nax:Moments>
      <nax:Halt xsi:type="nax:Halt_t" action="auto_pause">
      
    </nax:Halt>
    </nax:Moments>
    </nax:Nax>
    </TPX>
    </Extensions>
    </Trackpoint>
<Trackpoint>
      <Time>
      2025-09-09T00:21:20.999Z
    </Time><Position>
      <LatitudeDegrees>
      47.430860442658755
    </LatitudeDegrees><LongitudeDegrees>
      -122.29057493298598
    </LongitudeDegrees>
    </Position><AltitudeMeters>
      117.07129874639213
    </AltitudeMeters><SensorState>
      Present
    </SensorState><Extensions>
      <TPX xmlns="http://www.garmin.com/xmlschemas/ActivityExtension/v2">
      <nax:Nax>
      <nax:Moments>
      <nax:Halt xsi:type="nax:Halt_t" action="auto_pause">
      
    </nax:Halt>
    </nax:Moments>
    </nax:Nax>
    </TPX>
    </Extensions>
    </Trackpoint>
<Trackpoint>
      <Time>
      2025-09-09T00:21:21.294Z
    </Time><SensorState>
      Present
    </SensorState><Extensions>
      <TPX xmlns="http://www.garmin.com/xmlschemas/ActivityExtension/v2">
      <nax:Nax>
      <nax:AscentInMeters>
      0.0343475341796875
    </nax:AscentInMeters><nax:Moments>
      <nax:Halt xsi:type="nax:Halt_t" action="auto_pause">
      
    </nax:Halt>
    </nax:Moments>
    </nax:Nax>
    </TPX>
    </Extensions>
    </Trackpoint>
<Trackpoint>
      <Time>
      2025-09-09T00:21:22.354Z
    </Time><SensorState>
      Present
    </SensorState><Extensions>
      <TPX xmlns="http://www.garmin.com/xmlschemas/ActivityExtension/v2">
      <nax:Nax>
      <nax:AscentInMeters>
      0.05284881591796875
    </nax:AscentInMeters><nax:Moments>
      <nax:Halt xsi:type="nax:Halt_t" action="auto_pause">
      
    </nax:Halt>
    </nax:Moments>
    </nax:Nax>
    </TPX>
    </Extensions>
    </Trackpoint>
<Trackpoint>
      <Time>
      2025-09-09T00:21:23.067Z
    </Time><DistanceMeters>
      5.953533692518249
    </DistanceMeters><SensorState>
      Present
    </SensorState><Extensions>
      <TPX xmlns="http://www.garmin.com/xmlschemas/ActivityExtension/v2">
      <ns3:Speed>
      2.1603727755839737
    </ns3:Speed><nax:Nax>
      <nax:Pace>
      7.714717966746028
    </nax:Pace><nax:Moments>
      <nax:Halt xsi:type="nax:Halt_t" action="auto_pause">
      
    </nax:Halt>
    </nax:Moments>
    </nax:Nax>
    </TPX>
    </Extensions>
    </Trackpoint>
<Trackpoint>
      <Time>
      2025-09-09T00:21:23.068Z
    </Time><Cadence>
      155.8899450302124
    </Cadence><SensorState>
      Present
    </SensorState><Extensions>
      <TPX xmlns="http://www.garmin.com/xmlschemas/ActivityExtension/v2">
      <nax:Nax>
      <nax:Moments>
      <nax:Halt xsi:type="nax:Halt_t" action="auto_pause">
      
    </nax:Halt>
    </nax:Moments>
    </nax:Nax>
    </TPX>
    </Extensions>
    </Trackpoint>
<Trackpoint>
      <Time>
      2025-09-09T00:21:23.414Z
    </Time><SensorState>
      Present
    </SensorState><Extensions>
      <TPX xmlns="http://www.garmin.com/xmlschemas/ActivityExtension/v2">
      <nax:Nax>
      <nax:AscentInMeters>
      0.068695068359375
    </nax:AscentInMeters><nax:Moments>
      <nax:Halt xsi:type="nax:Halt_t" action="auto_pause">
      
    </nax:Halt>
    </nax:Moments>
    </nax:Nax>
    </TPX>
    </Extensions>
    </Trackpoint>
<Trackpoint>
      <Time>
      2025-09-09T00:21:24.474Z
    </Time><SensorState>
      Present
    </SensorState><Extensions>
      <TPX xmlns="http://www.garmin.com/xmlschemas/ActivityExtension/v2">
      <nax:Nax>
      <nax:AscentInMeters>
      0.05020904541015625
    </nax:AscentInMeters><nax:Moments>
      <nax:Halt xsi:type="nax:Halt_t" action="auto_pause">
      
    </nax:Halt>
    </nax:Moments>
    </nax:Nax>
    </TPX>
    </Extensions>
    </Trackpoint>
<Trackpoint>
      <Time>
      2025-09-09T00:21:24.999Z
    </Time><Position>
      <LatitudeDegrees>
      47.43085909318767
    </LatitudeDegrees><LongitudeDegrees>
      -122.2907169838903
    </LongitudeDegrees>
    </Position><AltitudeMeters>
      117.86415570229292
    </AltitudeMeters><SensorState>
      Present
    </SensorState><Extensions>
      <TPX xmlns="http://www.garmin.com/xmlschemas/ActivityExtension/v2">
      <nax:Nax>
      <nax:Moments>
      <nax:Halt xsi:type="nax:Halt_t" action="auto_pause">
      
    </nax:Halt>
    </nax:Moments>
    </nax:Nax>
    </TPX>
    </Extensions>
    </Trackpoint>
<Trackpoint>
      <Time>
      2025-09-09T00:21:25.534Z
    </Time><SensorState>
      Present
    </SensorState><Extensions>
      <TPX xmlns="http://www.garmin.com/xmlschemas/ActivityExtension/v2">
      <nax:Nax>
      <nax:AscentInMeters>
      0.0792694091796875
    </nax:AscentInMeters><nax:Moments>
      <nax:Halt xsi:type="nax:Halt_t" action="auto_pause">
      
    </nax:Halt>
    </nax:Moments>
    </nax:Nax>
    </TPX>
    </Extensions>
    </Trackpoint>
<Trackpoint>
      <Time>
      2025-09-09T00:21:25.623Z
    </Time><SensorState>
      Present
    </SensorState><Extensions>
      <TPX xmlns="http://www.garmin.com/xmlschemas/ActivityExtension/v2">
      <ns3:Speed>
      2.467060261897368
    </ns3:Speed><nax:Nax>
      <nax:Pace>
      6.7556787825882525
    </nax:Pace><nax:Moments>
      <nax:Halt xsi:type="nax:Halt_t" action="auto_pause">
      
    </nax:Halt>
    </nax:Moments>
    </nax:Nax>
    </TPX>
    </Extensions>
    </Trackpoint>
<Trackpoint>
      <Time>
      2025-09-09T00:21:25.624Z
    </Time><DistanceMeters>
      7.625145160360262
    </DistanceMeters><Cadence>
      155.82229614257812
    </Cadence><SensorState>
      Present
    </SensorState><Extensions>
      <TPX xmlns="http://www.garmin.com/xmlschemas/ActivityExtension/v2">
      <nax:Nax>
      <nax:Moments>
      <nax:Halt xsi:type="nax:Halt_t" action="auto_pause">
      
    </nax:Halt>
    </nax:Moments>
    </nax:Nax>
    </TPX>
    </Extensions>
    </Trackpoint>
<Trackpoint>
      <Time>
      2025-09-09T00:21:26.593Z
    </Time><SensorState>
      Present
    </SensorState><Extensions>
      <TPX xmlns="http://www.garmin.com/xmlschemas/ActivityExtension/v2">
      <nax:Nax>
      <nax:AscentInMeters>
      0.05812835693359375
    </nax:AscentInMeters><nax:Moments>
      <nax:Halt xsi:type="nax:Halt_t" action="auto_pause">
      
    </nax:Halt>
    </nax:Moments>
    </nax:Nax>
    </TPX>
    </Extensions>
    </Trackpoint>
<Trackpoint>
      <Time>
      2025-09-09T00:21:27.654Z
    </Time><SensorState>
      Present
    </SensorState><Extensions>
      <TPX xmlns="http://www.garmin.com/xmlschemas/ActivityExtension/v2">
      <nax:Nax>
      <nax:AscentInMeters>
      0.05284881591796875
    </nax:AscentInMeters><nax:Moments>
      <nax:Halt xsi:type="nax:Halt_t" action="auto_pause">
      
    </nax:Halt>
    </nax:Moments>
    </nax:Nax>
    </TPX>
    </Extensions>
    </Trackpoint>
<Trackpoint>
      <Time>
      2025-09-09T00:21:28.000Z
    </Time><SensorState>
      Present
    </SensorState><Extensions>
      <TPX xmlns="http://www.garmin.com/xmlschemas/ActivityExtension/v2">
      <nax:Nax>
      <nax:NikeFuel>
      6.482074299450483
    </nax:NikeFuel><nax:Moments>
      <nax:Halt xsi:type="nax:Halt_t" action="auto_pause">
      
    </nax:Halt>
    </nax:Moments>
    </nax:Nax>
    </TPX>
    </Extensions>
    </Trackpoint>
<Trackpoint>
      <Time>
      2025-09-09T00:21:28.178Z
    </Time><SensorState>
      Present
    </SensorState><Extensions>
      <TPX xmlns="http://www.garmin.com/xmlschemas/ActivityExtension/v2">
      <ns3:Speed>
      2.468491317029785
    </ns3:Speed><nax:Nax>
      <nax:Pace>
      6.751762322065144
    </nax:Pace><nax:Moments>
      <nax:Halt xsi:type="nax:Halt_t" action="auto_pause">
      
    </nax:Halt>
    </nax:Moments>
    </nax:Nax>
    </TPX>
    </Extensions>
    </Trackpoint>
<Trackpoint>
      <Time>
      2025-09-09T00:21:28.179Z
    </Time><DistanceMeters>
      5.986155029153451
    </DistanceMeters><Cadence>
      155.74374675750732
    </Cadence><SensorState>
      Present
    </SensorState><Extensions>
      <TPX xmlns="http://www.garmin.com/xmlschemas/ActivityExtension/v2">
      <nax:Nax>
      <nax:Moments>
      <nax:Halt xsi:type="nax:Halt_t" action="auto_pause">
      
    </nax:Halt>
    </nax:Moments>
    </nax:Nax>
    </TPX>
    </Extensions>
    </Trackpoint>
<Trackpoint>
      <Time>
      2025-09-09T00:21:28.714Z
    </Time><SensorState>
      Present
    </SensorState><Extensions>
      <TPX xmlns="http://www.garmin.com/xmlschemas/ActivityExtension/v2">
      <nax:Nax>
      <nax:AscentInMeters>
      0.050201416015625
    </nax:AscentInMeters><nax:Moments>
      <nax:Halt xsi:type="nax:Halt_t" action="auto_pause">
      
    </nax:Halt>
    </nax:Moments>
    </nax:Nax>
    </TPX>
    </Extensions>
    </Trackpoint>
<Trackpoint>
      <Time>
      2025-09-09T00:21:28.999Z
    </Time><Position>
      <LatitudeDegrees>
      47.43085470032591
    </LatitudeDegrees><LongitudeDegrees>
      -122.29086080267922
    </LongitudeDegrees>
    </Position><AltitudeMeters>
      118.15475246775895
    </AltitudeMeters><SensorState>
      Present
    </SensorState><Extensions>
      <TPX xmlns="http://www.garmin.com/xmlschemas/ActivityExtension/v2">
      <nax:Nax>
      <nax:Moments>
      <nax:Halt xsi:type="nax:Halt_t" action="auto_pause">
      
    </nax:Halt>
    </nax:Moments>
    </nax:Nax>
    </TPX>
    </Extensions>
    </Trackpoint>
<Trackpoint>
      <Time>
      2025-09-09T00:21:29.774Z
    </Time><SensorState>
      Present
    </SensorState><Extensions>
      <TPX xmlns="http://www.garmin.com/xmlschemas/ActivityExtension/v2">
      <nax:Nax>
      <nax:AscentInMeters>
      0.0607757568359375
    </nax:AscentInMeters><nax:Moments>
      <nax:Halt xsi:type="nax:Halt_t" action="auto_pause">
      
    </nax:Halt>
    </nax:Moments>
    </nax:Nax>
    </TPX>
    </Extensions>
    </Trackpoint>
<Trackpoint>
      <Time>
      2025-09-09T00:21:30.734Z
    </Time><SensorState>
      Present
    </SensorState><Extensions>
      <TPX xmlns="http://www.garmin.com/xmlschemas/ActivityExtension/v2">
      <ns3:Speed>
      2.470004387925363
    </ns3:Speed><nax:Nax>
      <nax:Pace>
      6.747626339508467
    </nax:Pace><nax:Moments>
      <nax:Halt xsi:type="nax:Halt_t" action="auto_pause">
      
    </nax:Halt>
    </nax:Moments>
    </nax:Nax>
    </TPX>
    </Extensions>
    </Trackpoint>
<Trackpoint>
      <Time>
      2025-09-09T00:21:30.735Z
    </Time><DistanceMeters>
      6.3126077589113265
    </DistanceMeters><Cadence>
      155.5003023147583
    </Cadence><SensorState>
      Present
    </SensorState><Extensions>
      <TPX xmlns="http://www.garmin.com/xmlschemas/ActivityExtension/v2">
      <nax:Nax>
      <nax:Moments>
      <nax:Halt xsi:type="nax:Halt_t" action="auto_pause">
      
    </nax:Halt>
    </nax:Moments>
    </nax:Nax>
    </TPX>
    </Extensions>
    </Trackpoint>
<Trackpoint>
      <Time>
      2025-09-09T00:21:30.834Z
    </Time><SensorState>
      Present
    </SensorState><Extensions>
      <TPX xmlns="http://www.garmin.com/xmlschemas/ActivityExtension/v2">
      <nax:Nax>
      <nax:AscentInMeters>
      0.0528411865234375
    </nax:AscentInMeters><nax:Moments>
      <nax:Halt xsi:type="nax:Halt_t" action="auto_pause">
      
    </nax:Halt>
    </nax:Moments>
    </nax:Nax>
    </TPX>
    </Extensions>
    </Trackpoint>
<Trackpoint>
      <Time>
      2025-09-09T00:21:31.894Z
    </Time><SensorState>
      Present
    </SensorState><Extensions>
      <TPX xmlns="http://www.garmin.com/xmlschemas/ActivityExtension/v2">
      <nax:Nax>
      <nax:AscentInMeters>
      0.10041046142578125
    </nax:AscentInMeters><nax:Moments>
      <nax:Halt xsi:type="nax:Halt_t" action="auto_pause">
      
    </nax:Halt>
    </nax:Moments>
    </nax:Nax>
    </TPX>
    </Extensions>
    </Trackpoint>
<Trackpoint>
      <Time>
      2025-09-09T00:21:33.289Z
    </Time><SensorState>
      Present
    </SensorState><Extensions>
      <TPX xmlns="http://www.garmin.com/xmlschemas/ActivityExtension/v2">
      <ns3:Speed>
      2.4708456268782553
    </ns3:Speed><nax:Nax>
      <nax:Pace>
      6.745329002088997
    </nax:Pace><nax:Moments>
      <nax:Halt xsi:type="nax:Halt_t" action="auto_pause">
      
    </nax:Halt>
    </nax:Moments>
    </nax:Nax>
    </TPX>
    </Extensions>
    </Trackpoint>
<Trackpoint>
      <Time>
      2025-09-09T00:21:33.290Z
    </Time><DistanceMeters>
      5.941709363134578
    </DistanceMeters><Cadence>
      155.17446041107178
    </Cadence><SensorState>
      Present
    </SensorState><Extensions>
      <TPX xmlns="http://www.garmin.com/xmlschemas/ActivityExtension/v2">
      <nax:Nax>
      <nax:Moments>
      <nax:Halt xsi:type="nax:Halt_t" action="auto_pause">
      
    </nax:Halt>
    </nax:Moments>
    </nax:Nax>
    </TPX>
    </Extensions>
    </Trackpoint>
<Trackpoint>
      <Time>
      2025-09-09T00:21:33.999Z
    </Time><Position>
      <LatitudeDegrees>
      47.43085304342526
    </LatitudeDegrees><LongitudeDegrees>
      -122.29101905930463
    </LongitudeDegrees>
    </Position><AltitudeMeters>
      118.4594212109223
    </AltitudeMeters><SensorState>
      Present
    </SensorState><Extensions>
      <TPX xmlns="http://www.garmin.com/xmlschemas/ActivityExtension/v2">
      <nax:Nax>
      <nax:Moments>
      <nax:Halt xsi:type="nax:Halt_t" action="auto_pause">
      
    </nax:Halt>
    </nax:Moments>
    </nax:Nax>
    </TPX>
    </Extensions>
    </Trackpoint>
<Trackpoint>
      <Time>
      2025-09-09T00:21:35.845Z
    </Time><SensorState>
      Present
    </SensorState><Extensions>
      <TPX xmlns="http://www.garmin.com/xmlschemas/ActivityExtension/v2">
      <ns3:Speed>
      2.4717508168726954
    </ns3:Speed><nax:Nax>
      <nax:Pace>
      6.742858767516719
    </nax:Pace><nax:Moments>
      <nax:Halt xsi:type="nax:Halt_t" action="auto_pause">
      
    </nax:Halt>
    </nax:Moments>
    </nax:Nax>
    </TPX>
    </Extensions>
    </Trackpoint>
<Trackpoint>
      <Time>
      2025-09-09T00:21:35.846Z
    </Time><DistanceMeters>
      7.151431285310537
    </DistanceMeters><Cadence>
      154.95477676391602
    </Cadence><SensorState>
      Present
    </SensorState><Extensions>
      <TPX xmlns="http://www.garmin.com/xmlschemas/ActivityExtension/v2">
      <nax:Nax>
      <nax:Moments>
      <nax:Halt xsi:type="nax:Halt_t" action="auto_pause">
      
    </nax:Halt>
    </nax:Moments>
    </nax:Nax>
    </TPX>
    </Extensions>
    </Trackpoint>
<Trackpoint>
      <Time>
      2025-09-09T00:21:36.133Z
    </Time><SensorState>
      Present
    </SensorState><Extensions>
      <TPX xmlns="http://www.garmin.com/xmlschemas/ActivityExtension/v2">
      <nax:Nax>
      <nax:DescentInMeters>
      0.0739898681640625
    </nax:DescentInMeters><nax:Moments>
      <nax:Halt xsi:type="nax:Halt_t" action="auto_pause">
      
    </nax:Halt>
    </nax:Moments>
    </nax:Nax>
    </TPX>
    </Extensions>
    </Trackpoint>
<Trackpoint>
      <Time>
      2025-09-09T00:21:37.194Z
    </Time><SensorState>
      Present
    </SensorState><Extensions>
      <TPX xmlns="http://www.garmin.com/xmlschemas/ActivityExtension/v2">
      <nax:Nax>
      <nax:DescentInMeters>
      0.07398223876953125
    </nax:DescentInMeters><nax:Moments>
      <nax:Halt xsi:type="nax:Halt_t" action="auto_pause">
      
    </nax:Halt>
    </nax:Moments>
    </nax:Nax>
    </TPX>
    </Extensions>
    </Trackpoint>
<Trackpoint>
      <Time>
      2025-09-09T00:21:37.999Z
    </Time><Position>
      <LatitudeDegrees>
      47.430848943119074
    </LatitudeDegrees><LongitudeDegrees>
      -122.29115495208885
    </LongitudeDegrees>
    </Position><AltitudeMeters>
      117.67434721346945
    </AltitudeMeters><SensorState>
      Present
    </SensorState><Extensions>
      <TPX xmlns="http://www.garmin.com/xmlschemas/ActivityExtension/v2">
      <nax:Nax>
      <nax:Moments>
      <nax:Halt xsi:type="nax:Halt_t" action="auto_pause">
      
    </nax:Halt>
    </nax:Moments>
    </nax:Nax>
    </TPX>
    </Extensions>
    </Trackpoint>
<Trackpoint>
      <Time>
      2025-09-09T00:21:38.000Z
    </Time><SensorState>
      Present
    </SensorState><Extensions>
      <TPX xmlns="http://www.garmin.com/xmlschemas/ActivityExtension/v2">
      <nax:Nax>
      <nax:NikeFuel>
      6.491028042567447
    </nax:NikeFuel><nax:Moments>
      <nax:Halt xsi:type="nax:Halt_t" action="auto_pause">
      
    </nax:Halt>
    </nax:Moments>
    </nax:Nax>
    </TPX>
    </Extensions>
    </Trackpoint>
<Trackpoint>
      <Time>
      2025-09-09T00:21:38.254Z
    </Time><SensorState>
      Present
    </SensorState><Extensions>
      <TPX xmlns="http://www.garmin.com/xmlschemas/ActivityExtension/v2">
      <nax:Nax>
      <nax:DescentInMeters>
      0.03963470458984375
    </nax:DescentInMeters><nax:Moments>
      <nax:Halt xsi:type="nax:Halt_t" action="auto_pause">
      
    </nax:Halt>
    </nax:Moments>
    </nax:Nax>
    </TPX>
    </Extensions>
    </Trackpoint>
<Trackpoint>
      <Time>
      2025-09-09T00:21:38.400Z
    </Time><SensorState>
      Present
    </SensorState><Extensions>
      <TPX xmlns="http://www.garmin.com/xmlschemas/ActivityExtension/v2">
      <ns3:Speed>
      2.4729174393433557
    </ns3:Speed><nax:Nax>
      <nax:Pace>
      6.739677759356268
    </nax:Pace><nax:Moments>
      <nax:Halt xsi:type="nax:Halt_t" action="auto_pause">
      
    </nax:Halt>
    </nax:Moments>
    </nax:Nax>
    </TPX>
    </Extensions>
    </Trackpoint>
<Trackpoint>
      <Time>
      2025-09-09T00:21:38.401Z
    </Time><DistanceMeters>
      5.682251643855125
    </DistanceMeters><Cadence>
      154.68772888183594
    </Cadence><SensorState>
      Present
    </SensorState><Extensions>
      <TPX xmlns="http://www.garmin.com/xmlschemas/ActivityExtension/v2">
      <nax:Nax>
      <nax:Moments>
      <nax:Halt xsi:type="nax:Halt_t" action="auto_pause">
      
    </nax:Halt>
    </nax:Moments>
    </nax:Nax>
    </TPX>
    </Extensions>
    </Trackpoint>
<Trackpoint>
      <Time>
      2025-09-09T00:21:39.314Z
    </Time><SensorState>
      Present
    </SensorState><Extensions>
      <TPX xmlns="http://www.garmin.com/xmlschemas/ActivityExtension/v2">
      <nax:Nax>
      <nax:DescentInMeters>
      0.0607757568359375
    </nax:DescentInMeters><nax:Moments>
      <nax:Halt xsi:type="nax:Halt_t" action="auto_pause">
      
    </nax:Halt>
    </nax:Moments>
    </nax:Nax>
    </TPX>
    </Extensions>
    </Trackpoint>
<Trackpoint>
      <Time>
      2025-09-09T00:21:40.374Z
    </Time><SensorState>
      Present
    </SensorState><Extensions>
      <TPX xmlns="http://www.garmin.com/xmlschemas/ActivityExtension/v2">
      <nax:Nax>
      <nax:DescentInMeters>
      0.0475616455078125
    </nax:DescentInMeters><nax:Moments>
      <nax:Halt xsi:type="nax:Halt_t" action="auto_pause">
      
    </nax:Halt>
    </nax:Moments>
    </nax:Nax>
    </TPX>
    </Extensions>
    </Trackpoint>
<Trackpoint>
      <Time>
      2025-09-09T00:21:40.956Z
    </Time><SensorState>
      Present
    </SensorState><Extensions>
      <TPX xmlns="http://www.garmin.com/xmlschemas/ActivityExtension/v2">
      <ns3:Speed>
      2.4736373417169166
    </ns3:Speed><nax:Nax>
      <nax:Pace>
      6.737716311760789
    </nax:Pace><nax:Moments>
      <nax:Halt xsi:type="nax:Halt_t" action="auto_pause">
      
    </nax:Halt>
    </nax:Moments>
    </nax:Nax>
    </TPX>
    </Extensions>
    </Trackpoint>
<Trackpoint>
      <Time>
      2025-09-09T00:21:40.957Z
    </Time><DistanceMeters>
      7.114526463206857
    </DistanceMeters><Cadence>
      154.3243932723999
    </Cadence><SensorState>
      Present
    </SensorState><Extensions>
      <TPX xmlns="http://www.garmin.com/xmlschemas/ActivityExtension/v2">
      <nax:Nax>
      <nax:Moments>
      <nax:Halt xsi:type="nax:Halt_t" action="auto_pause">
      
    </nax:Halt>
    </nax:Moments>
    </nax:Nax>
    </TPX>
    </Extensions>
    </Trackpoint>
<Trackpoint>
      <Time>
      2025-09-09T00:21:41.434Z
    </Time><SensorState>
      Present
    </SensorState><Extensions>
      <TPX xmlns="http://www.garmin.com/xmlschemas/ActivityExtension/v2">
      <nax:Nax>
      <nax:DescentInMeters>
      0.07134246826171875
    </nax:DescentInMeters><nax:Moments>
      <nax:Halt xsi:type="nax:Halt_t" action="auto_pause">
      
    </nax:Halt>
    </nax:Moments>
    </nax:Nax>
    </TPX>
    </Extensions>
    </Trackpoint>
<Trackpoint>
      <Time>
      2025-09-09T00:21:42.494Z
    </Time><SensorState>
      Present
    </SensorState><Extensions>
      <TPX xmlns="http://www.garmin.com/xmlschemas/ActivityExtension/v2">
      <nax:Nax>
      <nax:DescentInMeters>
      0.0792694091796875
    </nax:DescentInMeters><nax:Moments>
      <nax:Halt xsi:type="nax:Halt_t" action="auto_pause">
      
    </nax:Halt>
    </nax:Moments>
    </nax:Nax>
    </TPX>
    </Extensions>
    </Trackpoint>
<Trackpoint>
      <Time>
      2025-09-09T00:21:43.000Z
    </Time><Position>
      <LatitudeDegrees>
      47.43084976422134
    </LatitudeDegrees><LongitudeDegrees>
      -122.29131995464772
    </LongitudeDegrees>
    </Position><AltitudeMeters>
      117.51290388498455
    </AltitudeMeters><SensorState>
      Present
    </SensorState><Extensions>
      <TPX xmlns="http://www.garmin.com/xmlschemas/ActivityExtension/v2">
      <nax:Nax>
      <nax:Moments>
      <nax:Halt xsi:type="nax:Halt_t" action="auto_pause">
      
    </nax:Halt>
    </nax:Moments>
    </nax:Nax>
    </TPX>
    </Extensions>
    </Trackpoint>
<Trackpoint>
      <Time>
      2025-09-09T00:21:43.511Z
    </Time><SensorState>
      Present
    </SensorState><Extensions>
      <TPX xmlns="http://www.garmin.com/xmlschemas/ActivityExtension/v2">
      <ns3:Speed>
      2.4745542806940724
    </ns3:Speed><nax:Nax>
      <nax:Pace>
      6.735219670344809
    </nax:Pace><nax:Moments>
      <nax:Halt xsi:type="nax:Halt_t" action="auto_pause">
      
    </nax:Halt>
    </nax:Moments>
    </nax:Nax>
    </TPX>
    </Extensions>
    </Trackpoint>
<Trackpoint>
      <Time>
      2025-09-09T00:21:43.512Z
    </Time><DistanceMeters>
      5.349576538661495
    </DistanceMeters><Cadence>
      154.3247365951538
    </Cadence><SensorState>
      Present
    </SensorState><Extensions>
      <TPX xmlns="http://www.garmin.com/xmlschemas/ActivityExtension/v2">
      <nax:Nax>
      <nax:Moments>
      <nax:Halt xsi:type="nax:Halt_t" action="auto_pause">
      
    </nax:Halt>
    </nax:Moments>
    </nax:Nax>
    </TPX>
    </Extensions>
    </Trackpoint>
<Trackpoint>
      <Time>
      2025-09-09T00:21:43.554Z
    </Time><SensorState>
      Present
    </SensorState><Extensions>
      <TPX xmlns="http://www.garmin.com/xmlschemas/ActivityExtension/v2">
      <nax:Nax>
      <nax:DescentInMeters>
      0.095123291015625
    </nax:DescentInMeters><nax:Moments>
      <nax:Halt xsi:type="nax:Halt_t" action="auto_pause">
      
    </nax:Halt>
    </nax:Moments>
    </nax:Nax>
    </TPX>
    </Extensions>
    </Trackpoint>
<Trackpoint>
      <Time>
      2025-09-09T00:21:44.613Z
    </Time><SensorState>
      Present
    </SensorState><Extensions>
      <TPX xmlns="http://www.garmin.com/xmlschemas/ActivityExtension/v2">
      <nax:Nax>
      <nax:DescentInMeters>
      0.12154388427734375
    </nax:DescentInMeters><nax:Moments>
      <nax:Halt xsi:type="nax:Halt_t" action="auto_pause">
      
    </nax:Halt>
    </nax:Moments>
    </nax:Nax>
    </TPX>
    </Extensions>
    </Trackpoint>
<Trackpoint>
      <Time>
      2025-09-09T00:21:45.675Z
    </Time><SensorState>
      Present
    </SensorState><Extensions>
      <TPX xmlns="http://www.garmin.com/xmlschemas/ActivityExtension/v2">
      <nax:Nax>
      <nax:DescentInMeters>
      0.140045166015625
    </nax:DescentInMeters><nax:Moments>
      <nax:Halt xsi:type="nax:Halt_t" action="auto_pause">
      
    </nax:Halt>
    </nax:Moments>
    </nax:Nax>
    </TPX>
    </Extensions>
    </Trackpoint>
<Trackpoint>
      <Time>
      2025-09-09T00:21:46.067Z
    </Time><DistanceMeters>
      4.71423377469182
    </DistanceMeters><SensorState>
      Present
    </SensorState><Extensions>
      <TPX xmlns="http://www.garmin.com/xmlschemas/ActivityExtension/v2">
      <ns3:Speed>
      2.474703585294479
    </ns3:Speed><nax:Nax>
      <nax:Pace>
      6.7348133189387225
    </nax:Pace><nax:Moments>
      <nax:Halt xsi:type="nax:Halt_t" action="auto_pause">
      
    </nax:Halt>
    </nax:Moments>
    </nax:Nax>
    </TPX>
    </Extensions>
    </Trackpoint>
<Trackpoint>
      <Time>
      2025-09-09T00:21:46.068Z
    </Time><Cadence>
      153.96303176879883
    </Cadence><SensorState>
      Present
    </SensorState><Extensions>
      <TPX xmlns="http://www.garmin.com/xmlschemas/ActivityExtension/v2">
      <nax:Nax>
      <nax:Moments>
      <nax:Halt xsi:type="nax:Halt_t" action="auto_pause">
      
    </nax:Halt>
    </nax:Moments>
    </nax:Nax>
    </TPX>
    </Extensions>
    </Trackpoint>
<Trackpoint>
      <Time>
      2025-09-09T00:21:46.735Z
    </Time><SensorState>
      Present
    </SensorState><Extensions>
      <TPX xmlns="http://www.garmin.com/xmlschemas/ActivityExtension/v2">
      <nax:Nax>
      <nax:DescentInMeters>
      0.10833740234375
    </nax:DescentInMeters><nax:Moments>
      <nax:Halt xsi:type="nax:Halt_t" action="auto_pause">
      
    </nax:Halt>
    </nax:Moments>
    </nax:Nax>
    </TPX>
    </Extensions>
    </Trackpoint>
<Trackpoint>
      <Time>
      2025-09-09T00:21:47.795Z
    </Time><SensorState>
      Present
    </SensorState><Extensions>
      <TPX xmlns="http://www.garmin.com/xmlschemas/ActivityExtension/v2">
      <nax:Nax>
      <nax:DescentInMeters>
      0.10305023193359375
    </nax:DescentInMeters><nax:Moments>
      <nax:Halt xsi:type="nax:Halt_t" action="auto_pause">
      
    </nax:Halt>
    </nax:Moments>
    </nax:Nax>
    </TPX>
    </Extensions>
    </Trackpoint>
<Trackpoint>
      <Time>
      2025-09-09T00:21:48.000Z
    </Time><SensorState>
      Present
    </SensorState><Extensions>
      <TPX xmlns="http://www.garmin.com/xmlschemas/ActivityExtension/v2">
      <nax:Nax>
      <nax:NikeFuel>
      6.477518861672436
    </nax:NikeFuel><nax:Moments>
      <nax:Halt xsi:type="nax:Halt_t" action="auto_pause">
      
    </nax:Halt>
    </nax:Moments>
    </nax:Nax>
    </TPX>
    </Extensions>
    </Trackpoint>
<Trackpoint>
      <Time>
      2025-09-09T00:21:48.622Z
    </Time><SensorState>
      Present
    </SensorState><Extensions>
      <TPX xmlns="http://www.garmin.com/xmlschemas/ActivityExtension/v2">
      <ns3:Speed>
      2.4726494636025804
    </ns3:Speed><nax:Nax>
      <nax:Pace>
      6.740408178352869
    </nax:Pace><nax:Moments>
      <nax:Halt xsi:type="nax:Halt_t" action="auto_pause">
      
    </nax:Halt>
    </nax:Moments>
    </nax:Nax>
    </TPX>
    </Extensions>
    </Trackpoint>
<Trackpoint>
      <Time>
      2025-09-09T00:21:48.623Z
    </Time><DistanceMeters>
      4.712814848870039
    </DistanceMeters><Cadence>
      153.60302925109863
    </Cadence><SensorState>
      Present
    </SensorState><Extensions>
      <TPX xmlns="http://www.garmin.com/xmlschemas/ActivityExtension/v2">
      <nax:Nax>
      <nax:Moments>
      <nax:Halt xsi:type="nax:Halt_t" action="auto_pause">
      
    </nax:Halt>
    </nax:Moments>
    </nax:Nax>
    </TPX>
    </Extensions>
    </Trackpoint>
<Trackpoint>
      <Time>
      2025-09-09T00:21:48.855Z
    </Time><SensorState>
      Present
    </SensorState><Extensions>
      <TPX xmlns="http://www.garmin.com/xmlschemas/ActivityExtension/v2">
      <nax:Nax>
      <nax:DescentInMeters>
      0.10305023193359375
    </nax:DescentInMeters><nax:Moments>
      <nax:Halt xsi:type="nax:Halt_t" action="auto_pause">
      
    </nax:Halt>
    </nax:Moments>
    </nax:Nax>
    </TPX>
    </Extensions>
    </Trackpoint>
<Trackpoint>
      <Time>
      2025-09-09T00:21:49.000Z
    </Time><Position>
      <LatitudeDegrees>
      47.43076987344733
    </LatitudeDegrees><LongitudeDegrees>
      -122.29139698148643
    </LongitudeDegrees>
    </Position><AltitudeMeters>
      117.43004770949483
    </AltitudeMeters><SensorState>
      Present
    </SensorState><Extensions>
      <TPX xmlns="http://www.garmin.com/xmlschemas/ActivityExtension/v2">
      <nax:Nax>
      <nax:Moments>
      <nax:Halt xsi:type="nax:Halt_t" action="auto_pause">
      
    </nax:Halt>
    </nax:Moments>
    </nax:Nax>
    </TPX>
    </Extensions>
    </Trackpoint>
<Trackpoint>
      <Time>
      2025-09-09T00:21:49.915Z
    </Time><SensorState>
      Present
    </SensorState><Extensions>
      <TPX xmlns="http://www.garmin.com/xmlschemas/ActivityExtension/v2">
      <nax:Nax>
      <nax:DescentInMeters>
      0.050201416015625
    </nax:DescentInMeters><nax:Moments>
      <nax:Halt xsi:type="nax:Halt_t" action="auto_pause">
      
    </nax:Halt>
    </nax:Moments>
    </nax:Nax>
    </TPX>
    </Extensions>
    </Trackpoint>
<Trackpoint>
      <Time>
      2025-09-09T00:21:50.975Z
    </Time><SensorState>
      Present
    </SensorState><Extensions>
      <TPX xmlns="http://www.garmin.com/xmlschemas/ActivityExtension/v2">
      <nax:Nax>
      <nax:DescentInMeters>
      0.0660552978515625
    </nax:DescentInMeters><nax:Moments>
      <nax:Halt xsi:type="nax:Halt_t" action="auto_pause">
      
    </nax:Halt>
    </nax:Moments>
    </nax:Nax>
    </TPX>
    </Extensions>
    </Trackpoint>
<Trackpoint>
      <Time>
      2025-09-09T00:21:51.178Z
    </Time><SensorState>
      Present
    </SensorState><Extensions>
      <TPX xmlns="http://www.garmin.com/xmlschemas/ActivityExtension/v2">
      <ns3:Speed>
      2.469558452140145
    </ns3:Speed><nax:Nax>
      <nax:Pace>
      6.748844779204624
    </nax:Pace><nax:Moments>
      <nax:Halt xsi:type="nax:Halt_t" action="auto_pause">
      
    </nax:Halt>
    </nax:Moments>
    </nax:Nax>
    </TPX>
    </Extensions>
    </Trackpoint>
<Trackpoint>
      <Time>
      2025-09-09T00:21:51.179Z
    </Time><DistanceMeters>
      6.035781833110377
    </DistanceMeters><Cadence>
      153.0877447128296
    </Cadence><SensorState>
      Present
    </SensorState><Extensions>
      <TPX xmlns="http://www.garmin.com/xmlschemas/ActivityExtension/v2">
      <nax:Nax>
      <nax:Moments>
      <nax:Halt xsi:type="nax:Halt_t" action="auto_pause">
      
    </nax:Halt>
    </nax:Moments>
    </nax:Nax>
    </TPX>
    </Extensions>
    </Trackpoint>
<Trackpoint>
      <Time>
      2025-09-09T00:21:52.034Z
    </Time><SensorState>
      Present
    </SensorState><Extensions>
      <TPX xmlns="http://www.garmin.com/xmlschemas/ActivityExtension/v2">
      <nax:Nax>
      <nax:DescentInMeters>
      0.076629638671875
    </nax:DescentInMeters><nax:Moments>
      <nax:Halt xsi:type="nax:Halt_t" action="auto_pause">
      
    </nax:Halt>
    </nax:Moments>
    </nax:Nax>
    </TPX>
    </Extensions>
    </Trackpoint>
<Trackpoint>
      <Time>
      2025-09-09T00:21:53.095Z
    </Time><SensorState>
      Present
    </SensorState><Extensions>
      <TPX xmlns="http://www.garmin.com/xmlschemas/ActivityExtension/v2">
      <nax:Nax>
      <nax:DescentInMeters>
      0.04227447509765625
    </nax:DescentInMeters><nax:Moments>
      <nax:Halt xsi:type="nax:Halt_t" action="auto_pause">
      
    </nax:Halt>
    </nax:Moments>
    </nax:Nax>
    </TPX>
    </Extensions>
    </Trackpoint>
<Trackpoint>
      <Time>
      2025-09-09T00:21:53.734Z
    </Time><SensorState>
      Present
    </SensorState><Extensions>
      <TPX xmlns="http://www.garmin.com/xmlschemas/ActivityExtension/v2">
      <ns3:Speed>
      2.4668732491715346
    </ns3:Speed><nax:Nax>
      <nax:Pace>
      6.756190928035696
    </nax:Pace><nax:Moments>
      <nax:Halt xsi:type="nax:Halt_t" action="auto_pause">
      
    </nax:Halt>
    </nax:Moments>
    </nax:Nax>
    </TPX>
    </Extensions>
    </Trackpoint>
<Trackpoint>
      <Time>
      2025-09-09T00:21:53.735Z
    </Time><DistanceMeters>
      6.798744800733402
    </DistanceMeters><Cadence>
      152.78868198394775
    </Cadence><SensorState>
      Present
    </SensorState><Extensions>
      <TPX xmlns="http://www.garmin.com/xmlschemas/ActivityExtension/v2">
      <nax:Nax>
      <nax:Moments>
      <nax:Halt xsi:type="nax:Halt_t" action="auto_pause">
      
    </nax:Halt>
    </nax:Moments>
    </nax:Nax>
    </TPX>
    </Extensions>
    </Trackpoint>
<Trackpoint>
      <Time>
      2025-09-09T00:21:54.000Z
    </Time><Position>
      <LatitudeDegrees>
      47.430660763514396
    </LatitudeDegrees><LongitudeDegrees>
      -122.29136864035699
    </LongitudeDegrees>
    </Position><AltitudeMeters>
      117.02951345220208
    </AltitudeMeters><SensorState>
      Present
    </SensorState><Extensions>
      <TPX xmlns="http://www.garmin.com/xmlschemas/ActivityExtension/v2">
      <nax:Nax>
      <nax:Moments>
      <nax:Halt xsi:type="nax:Halt_t" action="auto_pause">
      
    </nax:Halt>
    </nax:Moments>
    </nax:Nax>
    </TPX>
    </Extensions>
    </Trackpoint>
<Trackpoint>
      <Time>
      2025-09-09T00:21:54.155Z
    </Time><SensorState>
      Present
    </SensorState><Extensions>
      <TPX xmlns="http://www.garmin.com/xmlschemas/ActivityExtension/v2">
      <nax:Nax>
      <nax:DescentInMeters>
      0.0792694091796875
    </nax:DescentInMeters><nax:Moments>
      <nax:Halt xsi:type="nax:Halt_t" action="auto_pause">
      
    </nax:Halt>
    </nax:Moments>
    </nax:Nax>
    </TPX>
    </Extensions>
    </Trackpoint>
<Trackpoint>
      <Time>
      2025-09-09T00:21:55.215Z
    </Time><SensorState>
      Present
    </SensorState><Extensions>
      <TPX xmlns="http://www.garmin.com/xmlschemas/ActivityExtension/v2">
      <nax:Nax>
      <nax:DescentInMeters>
      0.05284881591796875
    </nax:DescentInMeters><nax:Moments>
      <nax:Halt xsi:type="nax:Halt_t" action="auto_pause">
      
    </nax:Halt>
    </nax:Moments>
    </nax:Nax>
    </TPX>
    </Extensions>
    </Trackpoint>
<Trackpoint>
      <Time>
      2025-09-09T00:21:56.275Z
    </Time><SensorState>
      Present
    </SensorState><Extensions>
      <TPX xmlns="http://www.garmin.com/xmlschemas/ActivityExtension/v2">
      <nax:Nax>
      <nax:DescentInMeters>
      0.044921875
    </nax:DescentInMeters><nax:Moments>
      <nax:Halt xsi:type="nax:Halt_t" action="auto_pause">
      
    </nax:Halt>
    </nax:Moments>
    </nax:Nax>
    </TPX>
    </Extensions>
    </Trackpoint>
<Trackpoint>
      <Time>
      2025-09-09T00:21:56.289Z
    </Time><SensorState>
      Present
    </SensorState><Extensions>
      <TPX xmlns="http://www.garmin.com/xmlschemas/ActivityExtension/v2">
      <ns3:Speed>
      2.4645215669763045
    </ns3:Speed><nax:Nax>
      <nax:Pace>
      6.762637783330427
    </nax:Pace><nax:Moments>
      <nax:Halt xsi:type="nax:Halt_t" action="auto_pause">
      
    </nax:Halt>
    </nax:Moments>
    </nax:Nax>
    </TPX>
    </Extensions>
    </Trackpoint>
<Trackpoint>
      <Time>
      2025-09-09T00:21:56.290Z
    </Time><DistanceMeters>
      5.808729342883453
    </DistanceMeters><Cadence>
      152.44824886322021
    </Cadence><SensorState>
      Present
    </SensorState><Extensions>
      <TPX xmlns="http://www.garmin.com/xmlschemas/ActivityExtension/v2">
      <nax:Nax>
      <nax:Moments>
      <nax:Halt xsi:type="nax:Halt_t" action="auto_pause">
      
    </nax:Halt>
    </nax:Moments>
    </nax:Nax>
    </TPX>
    </Extensions>
    </Trackpoint>
<Trackpoint>
      <Time>
      2025-09-09T00:21:57.335Z
    </Time><SensorState>
      Present
    </SensorState><Extensions>
      <TPX xmlns="http://www.garmin.com/xmlschemas/ActivityExtension/v2">
      <nax:Nax>
      <nax:DescentInMeters>
      0.0475616455078125
    </nax:DescentInMeters><nax:Moments>
      <nax:Halt xsi:type="nax:Halt_t" action="auto_pause">
      
    </nax:Halt>
    </nax:Moments>
    </nax:Nax>
    </TPX>
    </Extensions>
    </Trackpoint>
<Trackpoint>
      <Time>
      2025-09-09T00:21:58.000Z
    </Time><SensorState>
      Present
    </SensorState><Extensions>
      <TPX xmlns="http://www.garmin.com/xmlschemas/ActivityExtension/v2">
      <nax:Nax>
      <nax:NikeFuel>
      6.454057976003005
    </nax:NikeFuel><nax:Moments>
      <nax:Halt xsi:type="nax:Halt_t" action="auto_pause">
      
    </nax:Halt>
    </nax:Moments>
    </nax:Nax>
    </TPX>
    </Extensions>
    </Trackpoint>
<Trackpoint>
      <Time>
      2025-09-09T00:21:58.395Z
    </Time><SensorState>
      Present
    </SensorState><Extensions>
      <TPX xmlns="http://www.garmin.com/xmlschemas/ActivityExtension/v2">
      <nax:Nax>
      <nax:DescentInMeters>
      0.0660552978515625
    </nax:DescentInMeters><nax:Moments>
      <nax:Halt xsi:type="nax:Halt_t" action="auto_pause">
      
    </nax:Halt>
    </nax:Moments>
    </nax:Nax>
    </TPX>
    </Extensions>
    </Trackpoint>
<Trackpoint>
      <Time>
      2025-09-09T00:21:58.845Z
    </Time><SensorState>
      Present
    </SensorState><Extensions>
      <TPX xmlns="http://www.garmin.com/xmlschemas/ActivityExtension/v2">
      <ns3:Speed>
      2.462156992682758
    </ns3:Speed><nax:Nax>
      <nax:Pace>
      6.769132397405221
    </nax:Pace><nax:Moments>
      <nax:Halt xsi:type="nax:Halt_t" action="auto_pause">
      
    </nax:Halt>
    </nax:Moments>
    </nax:Nax>
    </TPX>
    </Extensions>
    </Trackpoint>
<Trackpoint>
      <Time>
      2025-09-09T00:21:58.846Z
    </Time><DistanceMeters>
      6.271918216487393
    </DistanceMeters><Cadence>
      152.25322723388672
    </Cadence><SensorState>
      Present
    </SensorState><Extensions>
      <TPX xmlns="http://www.garmin.com/xmlschemas/ActivityExtension/v2">
      <nax:Nax>
      <nax:Moments>
      <nax:Halt xsi:type="nax:Halt_t" action="auto_pause">
      
    </nax:Halt>
    </nax:Moments>
    </nax:Nax>
    </TPX>
    </Extensions>
    </Trackpoint>
<Trackpoint>
      <Time>
      2025-09-09T00:21:59.000Z
    </Time><Position>
      <LatitudeDegrees>
      47.430556150782515
    </LatitudeDegrees><LongitudeDegrees>
      -122.29137490349626
    </LongitudeDegrees>
    </Position><AltitudeMeters>
      115.77449928224087
    </AltitudeMeters><SensorState>
      Present
    </SensorState><Extensions>
      <TPX xmlns="http://www.garmin.com/xmlschemas/ActivityExtension/v2">
      <nax:Nax>
      <nax:Moments>
      <nax:Halt xsi:type="nax:Halt_t" action="auto_pause">
      
    </nax:Halt>
    </nax:Moments>
    </nax:Nax>
    </TPX>
    </Extensions>
    </Trackpoint>
<Trackpoint>
      <Time>
      2025-09-09T00:21:59.455Z
    </Time><SensorState>
      Present
    </SensorState><Extensions>
      <TPX xmlns="http://www.garmin.com/xmlschemas/ActivityExtension/v2">
      <nax:Nax>
      <nax:DescentInMeters>
      0.0475616455078125
    </nax:DescentInMeters><nax:Moments>
      <nax:Halt xsi:type="nax:Halt_t" action="auto_pause">
      
    </nax:Halt>
    </nax:Moments>
    </nax:Nax>
    </TPX>
    </Extensions>
    </Trackpoint>
<Trackpoint>
      <Time>
      2025-09-09T00:22:00.514Z
    </Time><SensorState>
      Present
    </SensorState><Extensions>
      <TPX xmlns="http://www.garmin.com/xmlschemas/ActivityExtension/v2">
      <nax:Nax>
      <nax:DescentInMeters>
      0.05284881591796875
    </nax:DescentInMeters><nax:Moments>
      <nax:Halt xsi:type="nax:Halt_t" action="auto_pause">
      
    </nax:Halt>
    </nax:Moments>
    </nax:Nax>
    </TPX>
    </Extensions>
    </Trackpoint>
<Trackpoint>
      <Time>
      2025-09-09T00:22:01.400Z
    </Time><SensorState>
      Present
    </SensorState><Extensions>
      <TPX xmlns="http://www.garmin.com/xmlschemas/ActivityExtension/v2">
      <ns3:Speed>
      2.4598264085071073
    </ns3:Speed><nax:Nax>
      <nax:Pace>
      6.77554587145921
    </nax:Pace><nax:Moments>
      <nax:Halt xsi:type="nax:Halt_t" action="auto_pause">
      
    </nax:Halt>
    </nax:Moments>
    </nax:Nax>
    </TPX>
    </Extensions>
    </Trackpoint>
<Trackpoint>
      <Time>
      2025-09-09T00:22:01.401Z
    </Time><DistanceMeters>
      5.5230645223055035
    </DistanceMeters><Cadence>
      152.14941501617432
    </Cadence><SensorState>
      Present
    </SensorState><Extensions>
      <TPX xmlns="http://www.garmin.com/xmlschemas/ActivityExtension/v2">
      <nax:Nax>
      <nax:Moments>
      <nax:Halt xsi:type="nax:Halt_t" action="auto_pause">
      
    </nax:Halt>
    </nax:Moments>
    </nax:Nax>
    </TPX>
    </Extensions>
    </Trackpoint>
<Trackpoint>
      <Time>
      2025-09-09T00:22:01.574Z
    </Time><SensorState>
      Present
    </SensorState><Extensions>
      <TPX xmlns="http://www.garmin.com/xmlschemas/ActivityExtension/v2">
      <nax:Nax>
      <nax:DescentInMeters>
      0.05812835693359375
    </nax:DescentInMeters><nax:Moments>
      <nax:Halt xsi:type="nax:Halt_t" action="auto_pause">
      
    </nax:Halt>
    </nax:Moments>
    </nax:Nax>
    </TPX>
    </Extensions>
    </Trackpoint>
<Trackpoint>
      <Time>
      2025-09-09T00:22:02.635Z
    </Time><SensorState>
      Present
    </SensorState><Extensions>
      <TPX xmlns="http://www.garmin.com/xmlschemas/ActivityExtension/v2">
      <nax:Nax>
      <nax:DescentInMeters>
      0.058135986328125
    </nax:DescentInMeters><nax:Moments>
      <nax:Halt xsi:type="nax:Halt_t" action="auto_pause">
      
    </nax:Halt>
    </nax:Moments>
    </nax:Nax>
    </TPX>
    </Extensions>
    </Trackpoint>
<Trackpoint>
      <Time>
      2025-09-09T00:22:03.695Z
    </Time><SensorState>
      Present
    </SensorState><Extensions>
      <TPX xmlns="http://www.garmin.com/xmlschemas/ActivityExtension/v2">
      <nax:Nax>
      <nax:DescentInMeters>
      0.0343475341796875
    </nax:DescentInMeters><nax:Moments>
      <nax:Halt xsi:type="nax:Halt_t" action="auto_pause">
      
    </nax:Halt>
    </nax:Moments>
    </nax:Nax>
    </TPX>
    </Extensions>
    </Trackpoint>
<Trackpoint>
      <Time>
      2025-09-09T00:22:03.956Z
    </Time><SensorState>
      Present
    </SensorState><Extensions>
      <TPX xmlns="http://www.garmin.com/xmlschemas/ActivityExtension/v2">
      <ns3:Speed>
      2.4574155428161526
    </ns3:Speed><nax:Nax>
      <nax:Pace>
      6.782193070841806
    </nax:Pace><nax:Moments>
      <nax:Halt xsi:type="nax:Halt_t" action="auto_pause">
      
    </nax:Halt>
    </nax:Moments>
    </nax:Nax>
    </TPX>
    </Extensions>
    </Trackpoint>
<Trackpoint>
      <Time>
      2025-09-09T00:22:03.957Z
    </Time><DistanceMeters>
      7.190541081130505
    </DistanceMeters><Cadence>
      152.13489532470703
    </Cadence><SensorState>
      Present
    </SensorState><Extensions>
      <TPX xmlns="http://www.garmin.com/xmlschemas/ActivityExtension/v2">
      <nax:Nax>
      <nax:Moments>
      <nax:Halt xsi:type="nax:Halt_t" action="auto_pause">
      
    </nax:Halt>
    </nax:Moments>
    </nax:Nax>
    </TPX>
    </Extensions>
    </Trackpoint>
<Trackpoint>
      <Time>
      2025-09-09T00:22:03.999Z
    </Time><Position>
      <LatitudeDegrees>
      47.43044596792761
    </LatitudeDegrees><LongitudeDegrees>
      -122.29133817520751
    </LongitudeDegrees>
    </Position><AltitudeMeters>
      116.26413052063435
    </AltitudeMeters><SensorState>
      Present
    </SensorState><Extensions>
      <TPX xmlns="http://www.garmin.com/xmlschemas/ActivityExtension/v2">
      <nax:Nax>
      <nax:Moments>
      <nax:Halt xsi:type="nax:Halt_t" action="auto_pause">
      
    </nax:Halt>
    </nax:Moments>
    </nax:Nax>
    </TPX>
    </Extensions>
    </Trackpoint>
<Trackpoint>
      <Time>
      2025-09-09T00:22:04.755Z
    </Time><SensorState>
      Present
    </SensorState><Extensions>
      <TPX xmlns="http://www.garmin.com/xmlschemas/ActivityExtension/v2">
      <nax:Nax>
      <nax:DescentInMeters>
      0.06341552734375
    </nax:DescentInMeters><nax:Moments>
      <nax:Halt xsi:type="nax:Halt_t" action="auto_pause">
      
    </nax:Halt>
    </nax:Moments>
    </nax:Nax>
    </TPX>
    </Extensions>
    </Trackpoint>
<Trackpoint>
      <Time>
      2025-09-09T00:22:05.815Z
    </Time><SensorState>
      Present
    </SensorState><Extensions>
      <TPX xmlns="http://www.garmin.com/xmlschemas/ActivityExtension/v2">
      <nax:Nax>
      <nax:DescentInMeters>
      0.044921875
    </nax:DescentInMeters><nax:Moments>
      <nax:Halt xsi:type="nax:Halt_t" action="auto_pause">
      
    </nax:Halt>
    </nax:Moments>
    </nax:Nax>
    </TPX>
    </Extensions>
    </Trackpoint>
<Trackpoint>
      <Time>
      2025-09-09T00:22:06.511Z
    </Time><SensorState>
      Present
    </SensorState><Extensions>
      <TPX xmlns="http://www.garmin.com/xmlschemas/ActivityExtension/v2">
      <ns3:Speed>
      2.4556326647124447
    </ns3:Speed><nax:Nax>
      <nax:Pace>
      6.7871171882372465
    </nax:Pace><nax:Moments>
      <nax:Halt xsi:type="nax:Halt_t" action="auto_pause">
      
    </nax:Halt>
    </nax:Moments>
    </nax:Nax>
    </TPX>
    </Extensions>
    </Trackpoint>
<Trackpoint>
      <Time>
      2025-09-09T00:22:06.512Z
    </Time><DistanceMeters>
      6.137313645333052
    </DistanceMeters><Cadence>
      152.2093391418457
    </Cadence><SensorState>
      Present
    </SensorState><Extensions>
      <TPX xmlns="http://www.garmin.com/xmlschemas/ActivityExtension/v2">
      <nax:Nax>
      <nax:Moments>
      <nax:Halt xsi:type="nax:Halt_t" action="auto_pause">
      
    </nax:Halt>
    </nax:Moments>
    </nax:Nax>
    </TPX>
    </Extensions>
    </Trackpoint>
<Trackpoint>
      <Time>
      2025-09-09T00:22:06.875Z
    </Time><SensorState>
      Present
    </SensorState><Extensions>
      <TPX xmlns="http://www.garmin.com/xmlschemas/ActivityExtension/v2">
      <nax:Nax>
      <nax:DescentInMeters>
      0.0528411865234375
    </nax:DescentInMeters><nax:Moments>
      <nax:Halt xsi:type="nax:Halt_t" action="auto_pause">
      
    </nax:Halt>
    </nax:Moments>
    </nax:Nax>
    </TPX>
    </Extensions>
    </Trackpoint>
<Trackpoint>
      <Time>
      2025-09-09T00:22:07.935Z
    </Time><SensorState>
      Present
    </SensorState><Extensions>
      <TPX xmlns="http://www.garmin.com/xmlschemas/ActivityExtension/v2">
      <nax:Nax>
      <nax:DescentInMeters>
      0.05548858642578125
    </nax:DescentInMeters><nax:Moments>
      <nax:Halt xsi:type="nax:Halt_t" action="auto_pause">
      
    </nax:Halt>
    </nax:Moments>
    </nax:Nax>
    </TPX>
    </Extensions>
    </Trackpoint>
<Trackpoint>
      <Time>
      2025-09-09T00:22:07.999Z
    </Time><Position>
      <LatitudeDegrees>
      47.43035106333774
    </LatitudeDegrees><LongitudeDegrees>
      -122.29134952349685
    </LongitudeDegrees>
    </Position><AltitudeMeters>
      115.36664769984782
    </AltitudeMeters><SensorState>
      Present
    </SensorState><Extensions>
      <TPX xmlns="http://www.garmin.com/xmlschemas/ActivityExtension/v2">
      <nax:Nax>
      <nax:Moments>
      <nax:Halt xsi:type="nax:Halt_t" action="auto_pause">
      
    </nax:Halt>
    </nax:Moments>
    </nax:Nax>
    </TPX>
    </Extensions>
    </Trackpoint>
<Trackpoint>
      <Time>
      2025-09-09T00:22:08.000Z
    </Time><SensorState>
      Present
    </SensorState><Extensions>
      <TPX xmlns="http://www.garmin.com/xmlschemas/ActivityExtension/v2">
      <nax:Nax>
      <nax:NikeFuel>
      6.436895087664614
    </nax:NikeFuel><nax:Moments>
      <nax:Halt xsi:type="nax:Halt_t" action="auto_pause">
      
    </nax:Halt>
    </nax:Moments>
    </nax:Nax>
    </TPX>
    </Extensions>
    </Trackpoint>
<Trackpoint>
      <Time>
      2025-09-09T00:22:08.995Z
    </Time><SensorState>
      Present
    </SensorState><Extensions>
      <TPX xmlns="http://www.garmin.com/xmlschemas/ActivityExtension/v2">
      <nax:Nax>
      <nax:DescentInMeters>
      0.05020904541015625
    </nax:DescentInMeters><nax:Moments>
      <nax:Halt xsi:type="nax:Halt_t" action="auto_pause">
      
    </nax:Halt>
    </nax:Moments>
    </nax:Nax>
    </TPX>
    </Extensions>
    </Trackpoint>
<Trackpoint>
      <Time>
      2025-09-09T00:22:09.067Z
    </Time><DistanceMeters>
      6.402923075016588
    </DistanceMeters><SensorState>
      Present
    </SensorState><Extensions>
      <TPX xmlns="http://www.garmin.com/xmlschemas/ActivityExtension/v2">
      <ns3:Speed>
      2.45423710711792
    </ns3:Speed><nax:Nax>
      <nax:Pace>
      6.7909765598152845
    </nax:Pace><nax:Moments>
      <nax:Halt xsi:type="nax:Halt_t" action="auto_pause">
      
    </nax:Halt>
    </nax:Moments>
    </nax:Nax>
    </TPX>
    </Extensions>
    </Trackpoint>
<Trackpoint>
      <Time>
      2025-09-09T00:22:09.068Z
    </Time><Cadence>
      152.2536277770996
    </Cadence><SensorState>
      Present
    </SensorState><Extensions>
      <TPX xmlns="http://www.garmin.com/xmlschemas/ActivityExtension/v2">
      <nax:Nax>
      <nax:Moments>
      <nax:Halt xsi:type="nax:Halt_t" action="auto_pause">
      
    </nax:Halt>
    </nax:Moments>
    </nax:Nax>
    </TPX>
    </Extensions>
    </Trackpoint>
<Trackpoint>
      <Time>
      2025-09-09T00:22:10.054Z
    </Time><SensorState>
      Present
    </SensorState><Extensions>
      <TPX xmlns="http://www.garmin.com/xmlschemas/ActivityExtension/v2">
      <nax:Nax>
      <nax:DescentInMeters>
      0.0475616455078125
    </nax:DescentInMeters><nax:Moments>
      <nax:Halt xsi:type="nax:Halt_t" action="auto_pause">
      
    </nax:Halt>
    </nax:Moments>
    </nax:Nax>
    </TPX>
    </Extensions>
    </Trackpoint>
<Trackpoint>
      <Time>
      2025-09-09T00:22:11.115Z
    </Time><SensorState>
      Present
    </SensorState><Extensions>
      <TPX xmlns="http://www.garmin.com/xmlschemas/ActivityExtension/v2">
      <nax:Nax>
      <nax:DescentInMeters>
      0.050201416015625
    </nax:DescentInMeters><nax:Moments>
      <nax:Halt xsi:type="nax:Halt_t" action="auto_pause">
      
    </nax:Halt>
    </nax:Moments>
    </nax:Nax>
    </TPX>
    </Extensions>
    </Trackpoint>
<Trackpoint>
      <Time>
      2025-09-09T00:22:11.622Z
    </Time><SensorState>
      Present
    </SensorState><Extensions>
      <TPX xmlns="http://www.garmin.com/xmlschemas/ActivityExtension/v2">
      <ns3:Speed>
      2.45268689196754
    </ns3:Speed><nax:Nax>
      <nax:Pace>
      6.795268781045551
    </nax:Pace><nax:Moments>
      <nax:Halt xsi:type="nax:Halt_t" action="auto_pause">
      
    </nax:Halt>
    </nax:Moments>
    </nax:Nax>
    </TPX>
    </Extensions>
    </Trackpoint>
<Trackpoint>
      <Time>
      2025-09-09T00:22:11.623Z
    </Time><DistanceMeters>
      5.491179747739807
    </DistanceMeters><Cadence>
      151.97087287902832
    </Cadence><SensorState>
      Present
    </SensorState><Extensions>
      <TPX xmlns="http://www.garmin.com/xmlschemas/ActivityExtension/v2">
      <nax:Nax>
      <nax:Moments>
      <nax:Halt xsi:type="nax:Halt_t" action="auto_pause">
      
    </nax:Halt>
    </nax:Moments>
    </nax:Nax>
    </TPX>
    </Extensions>
    </Trackpoint>
<Trackpoint>
      <Time>
      2025-09-09T00:22:12.175Z
    </Time><SensorState>
      Present
    </SensorState><Extensions>
      <TPX xmlns="http://www.garmin.com/xmlschemas/ActivityExtension/v2">
      <nax:Nax>
      <nax:DescentInMeters>
      0.07134246826171875
    </nax:DescentInMeters><nax:Moments>
      <nax:Halt xsi:type="nax:Halt_t" action="auto_pause">
      
    </nax:Halt>
    </nax:Moments>
    </nax:Nax>
    </TPX>
    </Extensions>
    </Trackpoint>
<Trackpoint>
      <Time>
      2025-09-09T00:22:12.999Z
    </Time><Position>
      <LatitudeDegrees>
      47.43024761844658
    </LatitudeDegrees><LongitudeDegrees>
      -122.29134450023014
    </LongitudeDegrees>
    </Position><AltitudeMeters>
      115.90495909098536
    </AltitudeMeters><SensorState>
      Present
    </SensorState><Extensions>
      <TPX xmlns="http://www.garmin.com/xmlschemas/ActivityExtension/v2">
      <nax:Nax>
      <nax:Moments>
      <nax:Halt xsi:type="nax:Halt_t" action="auto_pause">
      
    </nax:Halt>
    </nax:Moments>
    </nax:Nax>
    </TPX>
    </Extensions>
    </Trackpoint>
<Trackpoint>
      <Time>
      2025-09-09T00:22:13.235Z
    </Time><SensorState>
      Present
    </SensorState><Extensions>
      <TPX xmlns="http://www.garmin.com/xmlschemas/ActivityExtension/v2">
      <nax:Nax>
      <nax:DescentInMeters>
      0.07398223876953125
    </nax:DescentInMeters><nax:Moments>
      <nax:Halt xsi:type="nax:Halt_t" action="auto_pause">
      
    </nax:Halt>
    </nax:Moments>
    </nax:Nax>
    </TPX>
    </Extensions>
    </Trackpoint>
<Trackpoint>
      <Time>
      2025-09-09T00:22:14.177Z
    </Time><SensorState>
      Present
    </SensorState><Extensions>
      <TPX xmlns="http://www.garmin.com/xmlschemas/ActivityExtension/v2">
      <ns3:Speed>
      2.450956739362328
    </ns3:Speed><nax:Nax>
      <nax:Pace>
      6.800065622946441
    </nax:Pace><nax:Moments>
      <nax:Halt xsi:type="nax:Halt_t" action="auto_pause">
      
    </nax:Halt>
    </nax:Moments>
    </nax:Nax>
    </TPX>
    </Extensions>
    </Trackpoint>
<Trackpoint>
      <Time>
      2025-09-09T00:22:14.178Z
    </Time><DistanceMeters>
      6.0413427574094385
    </DistanceMeters><Cadence>
      151.89873218536377
    </Cadence><SensorState>
      Present
    </SensorState><Extensions>
      <TPX xmlns="http://www.garmin.com/xmlschemas/ActivityExtension/v2">
      <nax:Nax>
      <nax:Moments>
      <nax:Halt xsi:type="nax:Halt_t" action="auto_pause">
      
    </nax:Halt>
    </nax:Moments>
    </nax:Nax>
    </TPX>
    </Extensions>
    </Trackpoint>
<Trackpoint>
      <Time>
      2025-09-09T00:22:14.295Z
    </Time><SensorState>
      Present
    </SensorState><Extensions>
      <TPX xmlns="http://www.garmin.com/xmlschemas/ActivityExtension/v2">
      <nax:Nax>
      <nax:DescentInMeters>
      0.10305023193359375
    </nax:DescentInMeters><nax:Moments>
      <nax:Halt xsi:type="nax:Halt_t" action="auto_pause">
      
    </nax:Halt>
    </nax:Moments>
    </nax:Nax>
    </TPX>
    </Extensions>
    </Trackpoint>
<Trackpoint>
      <Time>
      2025-09-09T00:22:15.355Z
    </Time><SensorState>
      Present
    </SensorState><Extensions>
      <TPX xmlns="http://www.garmin.com/xmlschemas/ActivityExtension/v2">
      <nax:Nax>
      <nax:DescentInMeters>
      0.10305023193359375
    </nax:DescentInMeters><nax:Moments>
      <nax:Halt xsi:type="nax:Halt_t" action="auto_pause">
      
    </nax:Halt>
    </nax:Moments>
    </nax:Nax>
    </TPX>
    </Extensions>
    </Trackpoint>
<Trackpoint>
      <Time>
      2025-09-09T00:22:16.415Z
    </Time><SensorState>
      Present
    </SensorState><Extensions>
      <TPX xmlns="http://www.garmin.com/xmlschemas/ActivityExtension/v2">
      <nax:Nax>
      <nax:DescentInMeters>
      0.11362457275390625
    </nax:DescentInMeters><nax:Moments>
      <nax:Halt xsi:type="nax:Halt_t" action="auto_pause">
      
    </nax:Halt>
    </nax:Moments>
    </nax:Nax>
    </TPX>
    </Extensions>
    </Trackpoint>
<Trackpoint>
      <Time>
      2025-09-09T00:22:16.733Z
    </Time><SensorState>
      Present
    </SensorState><Extensions>
      <TPX xmlns="http://www.garmin.com/xmlschemas/ActivityExtension/v2">
      <ns3:Speed>
      2.448934037819559
    </ns3:Speed><nax:Nax>
      <nax:Pace>
      6.805682149571514
    </nax:Pace><nax:Moments>
      <nax:Halt xsi:type="nax:Halt_t" action="auto_pause">
      
    </nax:Halt>
    </nax:Moments>
    </nax:Nax>
    </TPX>
    </Extensions>
    </Trackpoint>
<Trackpoint>
      <Time>
      2025-09-09T00:22:16.734Z
    </Time><DistanceMeters>
      5.412224585190415
    </DistanceMeters><Cadence>
      151.73333644866943
    </Cadence><SensorState>
      Present
    </SensorState><Extensions>
      <TPX xmlns="http://www.garmin.com/xmlschemas/ActivityExtension/v2">
      <nax:Nax>
      <nax:Moments>
      <nax:Halt xsi:type="nax:Halt_t" action="auto_pause">
      
    </nax:Halt>
    </nax:Moments>
    </nax:Nax>
    </TPX>
    </Extensions>
    </Trackpoint>
<Trackpoint>
      <Time>
      2025-09-09T00:22:17.475Z
    </Time><SensorState>
      Present
    </SensorState><Extensions>
      <TPX xmlns="http://www.garmin.com/xmlschemas/ActivityExtension/v2">
      <nax:Nax>
      <nax:DescentInMeters>
      0.1241912841796875
    </nax:DescentInMeters><nax:Moments>
      <nax:Halt xsi:type="nax:Halt_t" action="auto_pause">
      
    </nax:Halt>
    </nax:Moments>
    </nax:Nax>
    </TPX>
    </Extensions>
    </Trackpoint>
<Trackpoint>
      <Time>
      2025-09-09T00:22:17.999Z
    </Time><Position>
      <LatitudeDegrees>
      47.430147520960844
    </LatitudeDegrees><LongitudeDegrees>
      -122.29134133375523
    </LongitudeDegrees>
    </Position><AltitudeMeters>
      115.58110528066754
    </AltitudeMeters><SensorState>
      Present
    </SensorState><Extensions>
      <TPX xmlns="http://www.garmin.com/xmlschemas/ActivityExtension/v2">
      <nax:Nax>
      <nax:Moments>
      <nax:Halt xsi:type="nax:Halt_t" action="auto_pause">
      
    </nax:Halt>
    </nax:Moments>
    </nax:Nax>
    </TPX>
    </Extensions>
    </Trackpoint>
<Trackpoint>
      <Time>
      2025-09-09T00:22:18.000Z
    </Time><SensorState>
      Present
    </SensorState><Extensions>
      <TPX xmlns="http://www.garmin.com/xmlschemas/ActivityExtension/v2">
      <nax:Nax>
      <nax:NikeFuel>
      6.419655411677252
    </nax:NikeFuel><nax:Moments>
      <nax:Halt xsi:type="nax:Halt_t" action="auto_pause">
      
    </nax:Halt>
    </nax:Moments>
    </nax:Nax>
    </TPX>
    </Extensions>
    </Trackpoint>
<Trackpoint>
      <Time>
      2025-09-09T00:22:18.534Z
    </Time><SensorState>
      Present
    </SensorState><Extensions>
      <TPX xmlns="http://www.garmin.com/xmlschemas/ActivityExtension/v2">
      <nax:Nax>
      <nax:DescentInMeters>
      0.13475799560546875
    </nax:DescentInMeters><nax:Moments>
      <nax:Halt xsi:type="nax:Halt_t" action="auto_pause">
      
    </nax:Halt>
    </nax:Moments>
    </nax:Nax>
    </TPX>
    </Extensions>
    </Trackpoint>
<Trackpoint>
      <Time>
      2025-09-09T00:22:19.288Z
    </Time><SensorState>
      Present
    </SensorState><Extensions>
      <TPX xmlns="http://www.garmin.com/xmlschemas/ActivityExtension/v2">
      <ns3:Speed>
      2.446843968666139
    </ns3:Speed><nax:Nax>
      <nax:Pace>
      6.81149549382679
    </nax:Pace><nax:Moments>
      <nax:Halt xsi:type="nax:Halt_t" action="auto_pause">
      
    </nax:Halt>
    </nax:Moments>
    </nax:Nax>
    </TPX>
    </Extensions>
    </Trackpoint>
<Trackpoint>
      <Time>
      2025-09-09T00:22:19.289Z
    </Time><DistanceMeters>
      6.936858586035669
    </DistanceMeters><Cadence>
      151.66332721710205
    </Cadence><SensorState>
      Present
    </SensorState><Extensions>
      <TPX xmlns="http://www.garmin.com/xmlschemas/ActivityExtension/v2">
      <nax:Nax>
      <nax:Moments>
      <nax:Halt xsi:type="nax:Halt_t" action="auto_pause">
      
    </nax:Halt>
    </nax:Moments>
    </nax:Nax>
    </TPX>
    </Extensions>
    </Trackpoint>
<Trackpoint>
      <Time>
      2025-09-09T00:22:19.595Z
    </Time><SensorState>
      Present
    </SensorState><Extensions>
      <TPX xmlns="http://www.garmin.com/xmlschemas/ActivityExtension/v2">
      <nax:Nax>
      <nax:DescentInMeters>
      0.13475799560546875
    </nax:DescentInMeters><nax:Moments>
      <nax:Halt xsi:type="nax:Halt_t" action="auto_pause">
      
    </nax:Halt>
    </nax:Moments>
    </nax:Nax>
    </TPX>
    </Extensions>
    </Trackpoint>
<Trackpoint>
      <Time>
      2025-09-09T00:22:20.655Z
    </Time><SensorState>
      Present
    </SensorState><Extensions>
      <TPX xmlns="http://www.garmin.com/xmlschemas/ActivityExtension/v2">
      <nax:Nax>
      <nax:DescentInMeters>
      0.12418365478515625
    </nax:DescentInMeters><nax:Moments>
      <nax:Halt xsi:type="nax:Halt_t" action="auto_pause">
      
    </nax:Halt>
    </nax:Moments>
    </nax:Nax>
    </TPX>
    </Extensions>
    </Trackpoint>
<Trackpoint>
      <Time>
      2025-09-09T00:22:21.716Z
    </Time><SensorState>
      Present
    </SensorState><Extensions>
      <TPX xmlns="http://www.garmin.com/xmlschemas/ActivityExtension/v2">
      <nax:Nax>
      <nax:DescentInMeters>
      0.13475799560546875
    </nax:DescentInMeters><nax:Moments>
      <nax:Halt xsi:type="nax:Halt_t" action="auto_pause">
      
    </nax:Halt>
    </nax:Moments>
    </nax:Nax>
    </TPX>
    </Extensions>
    </Trackpoint>
<Trackpoint>
      <Time>
      2025-09-09T00:22:21.844Z
    </Time><SensorState>
      Present
    </SensorState><Extensions>
      <TPX xmlns="http://www.garmin.com/xmlschemas/ActivityExtension/v2">
      <ns3:Speed>
      2.4450537471128753
    </ns3:Speed><nax:Nax>
      <nax:Pace>
      6.816482740449654
    </nax:Pace><nax:Moments>
      <nax:Halt xsi:type="nax:Halt_t" action="auto_pause">
      
    </nax:Halt>
    </nax:Moments>
    </nax:Nax>
    </TPX>
    </Extensions>
    </Trackpoint>
<Trackpoint>
      <Time>
      2025-09-09T00:22:21.845Z
    </Time><DistanceMeters>
      6.171038151253015
    </DistanceMeters><Cadence>
      151.49664402008057
    </Cadence><SensorState>
      Present
    </SensorState><Extensions>
      <TPX xmlns="http://www.garmin.com/xmlschemas/ActivityExtension/v2">
      <nax:Nax>
      <nax:Moments>
      <nax:Halt xsi:type="nax:Halt_t" action="auto_pause">
      
    </nax:Halt>
    </nax:Moments>
    </nax:Nax>
    </TPX>
    </Extensions>
    </Trackpoint>
<Trackpoint>
      <Time>
      2025-09-09T00:22:21.999Z
    </Time><Position>
      <LatitudeDegrees>
      47.43005602644734
    </LatitudeDegrees><LongitudeDegrees>
      -122.29136919789248
    </LongitudeDegrees>
    </Position><AltitudeMeters>
      114.52599537093192
    </AltitudeMeters><SensorState>
      Present
    </SensorState><Extensions>
      <TPX xmlns="http://www.garmin.com/xmlschemas/ActivityExtension/v2">
      <nax:Nax>
      <nax:Moments>
      <nax:Halt xsi:type="nax:Halt_t" action="auto_pause">
      
    </nax:Halt>
    </nax:Moments>
    </nax:Nax>
    </TPX>
    </Extensions>
    </Trackpoint>
<Trackpoint>
      <Time>
      2025-09-09T00:22:22.776Z
    </Time><SensorState>
      Present
    </SensorState><Extensions>
      <TPX xmlns="http://www.garmin.com/xmlschemas/ActivityExtension/v2">
      <nax:Nax>
      <nax:DescentInMeters>
      0.11362457275390625
    </nax:DescentInMeters><nax:Moments>
      <nax:Halt xsi:type="nax:Halt_t" action="auto_pause">
      
    </nax:Halt>
    </nax:Moments>
    </nax:Nax>
    </TPX>
    </Extensions>
    </Trackpoint>
<Trackpoint>
      <Time>
      2025-09-09T00:22:23.836Z
    </Time><SensorState>
      Present
    </SensorState><Extensions>
      <TPX xmlns="http://www.garmin.com/xmlschemas/ActivityExtension/v2">
      <nax:Nax>
      <nax:DescentInMeters>
      0.10305023193359375
    </nax:DescentInMeters><nax:Moments>
      <nax:Halt xsi:type="nax:Halt_t" action="auto_pause">
      
    </nax:Halt>
    </nax:Moments>
    </nax:Nax>
    </TPX>
    </Extensions>
    </Trackpoint>
<Trackpoint>
      <Time>
      2025-09-09T00:22:24.399Z
    </Time><SensorState>
      Present
    </SensorState><Extensions>
      <TPX xmlns="http://www.garmin.com/xmlschemas/ActivityExtension/v2">
      <ns3:Speed>
      2.443731212512245
    </ns3:Speed><nax:Nax>
      <nax:Pace>
      6.8201717853956305
    </nax:Pace><nax:Moments>
      <nax:Halt xsi:type="nax:Halt_t" action="auto_pause">
      
    </nax:Halt>
    </nax:Moments>
    </nax:Nax>
    </TPX>
    </Extensions>
    </Trackpoint>
<Trackpoint>
      <Time>
      2025-09-09T00:22:24.400Z
    </Time><DistanceMeters>
      6.3134717650245875
    </DistanceMeters><Cadence>
      151.43770694732666
    </Cadence><SensorState>
      Present
    </SensorState><Extensions>
      <TPX xmlns="http://www.garmin.com/xmlschemas/ActivityExtension/v2">
      <nax:Nax>
      <nax:Moments>
      <nax:Halt xsi:type="nax:Halt_t" action="auto_pause">
      
    </nax:Halt>
    </nax:Moments>
    </nax:Nax>
    </TPX>
    </Extensions>
    </Trackpoint>
<Trackpoint>
      <Time>
      2025-09-09T00:22:24.896Z
    </Time><SensorState>
      Present
    </SensorState><Extensions>
      <TPX xmlns="http://www.garmin.com/xmlschemas/ActivityExtension/v2">
      <nax:Nax>
      <nax:DescentInMeters>
      0.132110595703125
    </nax:DescentInMeters><nax:Moments>
      <nax:Halt xsi:type="nax:Halt_t" action="auto_pause">
      
    </nax:Halt>
    </nax:Moments>
    </nax:Nax>
    </TPX>
    </Extensions>
    </Trackpoint>
<Trackpoint>
      <Time>
      2025-09-09T00:22:25.955Z
    </Time><SensorState>
      Present
    </SensorState><Extensions>
      <TPX xmlns="http://www.garmin.com/xmlschemas/ActivityExtension/v2">
      <nax:Nax>
      <nax:DescentInMeters>
      0.1374053955078125
    </nax:DescentInMeters><nax:Moments>
      <nax:Halt xsi:type="nax:Halt_t" action="auto_pause">
      
    </nax:Halt>
    </nax:Moments>
    </nax:Nax>
    </TPX>
    </Extensions>
    </Trackpoint>
<Trackpoint>
      <Time>
      2025-09-09T00:22:25.999Z
    </Time><Position>
      <LatitudeDegrees>
      47.42996171001613
    </LatitudeDegrees><LongitudeDegrees>
      -122.29135997169621
    </LongitudeDegrees>
    </Position><AltitudeMeters>
      114.44714374560863
    </AltitudeMeters><SensorState>
      Present
    </SensorState><Extensions>
      <TPX xmlns="http://www.garmin.com/xmlschemas/ActivityExtension/v2">
      <nax:Nax>
      <nax:Moments>
      <nax:Halt xsi:type="nax:Halt_t" action="auto_pause">
      
    </nax:Halt>
    </nax:Moments>
    </nax:Nax>
    </TPX>
    </Extensions>
    </Trackpoint>
<Trackpoint>
      <Time>
      2025-09-09T00:22:26.955Z
    </Time><DistanceMeters>
      9.964272099081427
    </DistanceMeters><SensorState>
      Present
    </SensorState><Extensions>
      <TPX xmlns="http://www.garmin.com/xmlschemas/ActivityExtension/v2">
      <ns3:Speed>
      2.4428427719590506
    </ns3:Speed><nax:Nax>
      <nax:Pace>
      6.822652222230719
    </nax:Pace><nax:Moments>
      <nax:Halt xsi:type="nax:Halt_t" action="auto_pause">
      
    </nax:Halt>
    </nax:Moments>
    </nax:Nax>
    </TPX>
    </Extensions>
    </Trackpoint>
<Trackpoint>
      <Time>
      2025-09-09T00:22:26.956Z
    </Time><Cadence>
      151.4379358291626
    </Cadence><SensorState>
      Present
    </SensorState><Extensions>
      <TPX xmlns="http://www.garmin.com/xmlschemas/ActivityExtension/v2">
      <nax:Nax>
      <nax:Moments>
      <nax:Halt xsi:type="nax:Halt_t" action="auto_pause">
      
    </nax:Halt>
    </nax:Moments>
    </nax:Nax>
    </TPX>
    </Extensions>
    </Trackpoint>
<Trackpoint>
      <Time>
      2025-09-09T00:22:27.016Z
    </Time><SensorState>
      Present
    </SensorState><Extensions>
      <TPX xmlns="http://www.garmin.com/xmlschemas/ActivityExtension/v2">
      <nax:Nax>
      <nax:DescentInMeters>
      0.1743927001953125
    </nax:DescentInMeters><nax:Moments>
      <nax:Halt xsi:type="nax:Halt_t" action="auto_pause">
      
    </nax:Halt>
    </nax:Moments>
    </nax:Nax>
    </TPX>
    </Extensions>
    </Trackpoint>
<Trackpoint>
      <Time>
      2025-09-09T00:22:28.000Z
    </Time><SensorState>
      Present
    </SensorState><Extensions>
      <TPX xmlns="http://www.garmin.com/xmlschemas/ActivityExtension/v2">
      <nax:Nax>
      <nax:NikeFuel>
      6.421040025102082
    </nax:NikeFuel><nax:Moments>
      <nax:Halt xsi:type="nax:Halt_t" action="auto_pause">
      
    </nax:Halt>
    </nax:Moments>
    </nax:Nax>
    </TPX>
    </Extensions>
    </Trackpoint>
<Trackpoint>
      <Time>
      2025-09-09T00:22:28.076Z
    </Time><SensorState>
      Present
    </SensorState><Extensions>
      <TPX xmlns="http://www.garmin.com/xmlschemas/ActivityExtension/v2">
      <nax:Nax>
      <nax:DescentInMeters>
      0.19553375244140625
    </nax:DescentInMeters><nax:Moments>
      <nax:Halt xsi:type="nax:Halt_t" action="auto_pause">
      
    </nax:Halt>
    </nax:Moments>
    </nax:Nax>
    </TPX>
    </Extensions>
    </Trackpoint>
<Trackpoint>
      <Time>
      2025-09-09T00:22:28.999Z
    </Time><Position>
      <LatitudeDegrees>
      47.42986340722359
    </LatitudeDegrees><LongitudeDegrees>
      -122.29138668292424
    </LongitudeDegrees>
    </Position><AltitudeMeters>
      113.7475221073255
    </AltitudeMeters><SensorState>
      Present
    </SensorState><Extensions>
      <TPX xmlns="http://www.garmin.com/xmlschemas/ActivityExtension/v2">
      <nax:Nax>
      <nax:Moments>
      <nax:Halt xsi:type="nax:Halt_t" action="auto_pause">
      
    </nax:Halt>
    </nax:Moments>
    </nax:Nax>
    </TPX>
    </Extensions>
    </Trackpoint>
<Trackpoint>
      <Time>
      2025-09-09T00:22:29.136Z
    </Time><SensorState>
      Present
    </SensorState><Extensions>
      <TPX xmlns="http://www.garmin.com/xmlschemas/ActivityExtension/v2">
      <nax:Nax>
      <nax:DescentInMeters>
      0.18231964111328125
    </nax:DescentInMeters><nax:Moments>
      <nax:Halt xsi:type="nax:Halt_t" action="auto_pause">
      
    </nax:Halt>
    </nax:Moments>
    </nax:Nax>
    </TPX>
    </Extensions>
    </Trackpoint>
<Trackpoint>
      <Time>
      2025-09-09T00:22:29.510Z
    </Time><SensorState>
      Present
    </SensorState><Extensions>
      <TPX xmlns="http://www.garmin.com/xmlschemas/ActivityExtension/v2">
      <ns3:Speed>
      2.444056229841994
    </ns3:Speed><nax:Nax>
      <nax:Pace>
      6.819264820165021
    </nax:Pace><nax:Moments>
      <nax:Halt xsi:type="nax:Halt_t" action="auto_pause">
      
    </nax:Halt>
    </nax:Moments>
    </nax:Nax>
    </TPX>
    </Extensions>
    </Trackpoint>
<Trackpoint>
      <Time>
      2025-09-09T00:22:29.511Z
    </Time><DistanceMeters>
      5.065312503138557
    </DistanceMeters><Cadence>
      151.49734497070312
    </Cadence><SensorState>
      Present
    </SensorState><Extensions>
      <TPX xmlns="http://www.garmin.com/xmlschemas/ActivityExtension/v2">
      <nax:Nax>
      <nax:Moments>
      <nax:Halt xsi:type="nax:Halt_t" action="auto_pause">
      
    </nax:Halt>
    </nax:Moments>
    </nax:Nax>
    </TPX>
    </Extensions>
    </Trackpoint>
<Trackpoint>
      <Time>
      2025-09-09T00:22:30.196Z
    </Time><SensorState>
      Present
    </SensorState><Extensions>
      <TPX xmlns="http://www.garmin.com/xmlschemas/ActivityExtension/v2">
      <nax:Nax>
      <nax:DescentInMeters>
      0.14003753662109375
    </nax:DescentInMeters><nax:Moments>
      <nax:Halt xsi:type="nax:Halt_t" action="auto_pause">
      
    </nax:Halt>
    </nax:Moments>
    </nax:Nax>
    </TPX>
    </Extensions>
    </Trackpoint>
<Trackpoint>
      <Time>
      2025-09-09T00:22:31.256Z
    </Time><SensorState>
      Present
    </SensorState><Extensions>
      <TPX xmlns="http://www.garmin.com/xmlschemas/ActivityExtension/v2">
      <nax:Nax>
      <nax:DescentInMeters>
      0.14533233642578125
    </nax:DescentInMeters><nax:Moments>
      <nax:Halt xsi:type="nax:Halt_t" action="auto_pause">
      
    </nax:Halt>
    </nax:Moments>
    </nax:Nax>
    </TPX>
    </Extensions>
    </Trackpoint>
<Trackpoint>
      <Time>
      2025-09-09T00:22:32.066Z
    </Time><SensorState>
      Present
    </SensorState><Extensions>
      <TPX xmlns="http://www.garmin.com/xmlschemas/ActivityExtension/v2">
      <ns3:Speed>
      2.44459693439751
    </ns3:Speed><nax:Nax>
      <nax:Pace>
      6.817756511166655
    </nax:Pace><nax:Moments>
      <nax:Halt xsi:type="nax:Halt_t" action="auto_pause">
      
    </nax:Halt>
    </nax:Moments>
    </nax:Nax>
    </TPX>
    </Extensions>
    </Trackpoint>
<Trackpoint>
      <Time>
      2025-09-09T00:22:32.067Z
    </Time><DistanceMeters>
      7.404976542806253
    </DistanceMeters><Cadence>
      151.6160774230957
    </Cadence><SensorState>
      Present
    </SensorState><Extensions>
      <TPX xmlns="http://www.garmin.com/xmlschemas/ActivityExtension/v2">
      <nax:Nax>
      <nax:Moments>
      <nax:Halt xsi:type="nax:Halt_t" action="auto_pause">
      
    </nax:Halt>
    </nax:Moments>
    </nax:Nax>
    </TPX>
    </Extensions>
    </Trackpoint>
<Trackpoint>
      <Time>
      2025-09-09T00:22:32.316Z
    </Time><SensorState>
      Present
    </SensorState><Extensions>
      <TPX xmlns="http://www.garmin.com/xmlschemas/ActivityExtension/v2">
      <nax:Nax>
      <nax:DescentInMeters>
      0.08983612060546875
    </nax:DescentInMeters><nax:Moments>
      <nax:Halt xsi:type="nax:Halt_t" action="auto_pause">
      
    </nax:Halt>
    </nax:Moments>
    </nax:Nax>
    </TPX>
    </Extensions>
    </Trackpoint>
<Trackpoint>
      <Time>
      2025-09-09T00:22:33.376Z
    </Time><SensorState>
      Present
    </SensorState><Extensions>
      <TPX xmlns="http://www.garmin.com/xmlschemas/ActivityExtension/v2">
      <nax:Nax>
      <nax:DescentInMeters>
      0.076629638671875
    </nax:DescentInMeters><nax:Moments>
      <nax:Halt xsi:type="nax:Halt_t" action="auto_pause">
      
    </nax:Halt>
    </nax:Moments>
    </nax:Nax>
    </TPX>
    </Extensions>
    </Trackpoint>
<Trackpoint>
      <Time>
      2025-09-09T00:22:33.999Z
    </Time><Position>
      <LatitudeDegrees>
      47.429756508702205
    </LatitudeDegrees><LongitudeDegrees>
      -122.29136219371657
    </LongitudeDegrees>
    </Position><AltitudeMeters>
      113.88478579092771
    </AltitudeMeters><SensorState>
      Present
    </SensorState><Extensions>
      <TPX xmlns="http://www.garmin.com/xmlschemas/ActivityExtension/v2">
      <nax:Nax>
      <nax:Moments>
      <nax:Halt xsi:type="nax:Halt_t" action="auto_pause">
      
    </nax:Halt>
    </nax:Moments>
    </nax:Nax>
    </TPX>
    </Extensions>
    </Trackpoint>
<Trackpoint>
      <Time>
      2025-09-09T00:22:34.435Z
    </Time><SensorState>
      Present
    </SensorState><Extensions>
      <TPX xmlns="http://www.garmin.com/xmlschemas/ActivityExtension/v2">
      <nax:Nax>
      <nax:DescentInMeters>
      0.12154388427734375
    </nax:DescentInMeters><nax:Moments>
      <nax:Halt xsi:type="nax:Halt_t" action="auto_pause">
      
    </nax:Halt>
    </nax:Moments>
    </nax:Nax>
    </TPX>
    </Extensions>
    </Trackpoint>
<Trackpoint>
      <Time>
      2025-09-09T00:22:34.621Z
    </Time><SensorState>
      Present
    </SensorState><Extensions>
      <TPX xmlns="http://www.garmin.com/xmlschemas/ActivityExtension/v2">
      <ns3:Speed>
      2.4456014279666594
    </ns3:Speed><nax:Nax>
      <nax:Pace>
      6.81495622143294
    </nax:Pace><nax:Moments>
      <nax:Halt xsi:type="nax:Halt_t" action="auto_pause">
      
    </nax:Halt>
    </nax:Moments>
    </nax:Nax>
    </TPX>
    </Extensions>
    </Trackpoint>
<Trackpoint>
      <Time>
      2025-09-09T00:22:34.622Z
    </Time><DistanceMeters>
      5.919069306226447
    </DistanceMeters><Cadence>
      151.6162347793579
    </Cadence><SensorState>
      Present
    </SensorState><Extensions>
      <TPX xmlns="http://www.garmin.com/xmlschemas/ActivityExtension/v2">
      <nax:Nax>
      <nax:Moments>
      <nax:Halt xsi:type="nax:Halt_t" action="auto_pause">
      
    </nax:Halt>
    </nax:Moments>
    </nax:Nax>
    </TPX>
    </Extensions>
    </Trackpoint>
<Trackpoint>
      <Time>
      2025-09-09T00:22:35.495Z
    </Time><SensorState>
      Present
    </SensorState><Extensions>
      <TPX xmlns="http://www.garmin.com/xmlschemas/ActivityExtension/v2">
      <nax:Nax>
      <nax:DescentInMeters>
      0.11626434326171875
    </nax:DescentInMeters><nax:Moments>
      <nax:Halt xsi:type="nax:Halt_t" action="auto_pause">
      
    </nax:Halt>
    </nax:Moments>
    </nax:Nax>
    </TPX>
    </Extensions>
    </Trackpoint>
<Trackpoint>
      <Time>
      2025-09-09T00:22:36.556Z
    </Time><SensorState>
      Present
    </SensorState><Extensions>
      <TPX xmlns="http://www.garmin.com/xmlschemas/ActivityExtension/v2">
      <nax:Nax>
      <nax:DescentInMeters>
      0.1109771728515625
    </nax:DescentInMeters><nax:Moments>
      <nax:Halt xsi:type="nax:Halt_t" action="auto_pause">
      
    </nax:Halt>
    </nax:Moments>
    </nax:Nax>
    </TPX>
    </Extensions>
    </Trackpoint>
<Trackpoint>
      <Time>
      2025-09-09T00:22:37.177Z
    </Time><SensorState>
      Present
    </SensorState><Extensions>
      <TPX xmlns="http://www.garmin.com/xmlschemas/ActivityExtension/v2">
      <ns3:Speed>
      2.446493496740951
    </ns3:Speed><nax:Nax>
      <nax:Pace>
      6.81247127321975
    </nax:Pace><nax:Moments>
      <nax:Halt xsi:type="nax:Halt_t" action="auto_pause">
      
    </nax:Halt>
    </nax:Moments>
    </nax:Nax>
    </TPX>
    </Extensions>
    </Trackpoint>
<Trackpoint>
      <Time>
      2025-09-09T00:22:37.178Z
    </Time><DistanceMeters>
      5.806532884715125
    </DistanceMeters><Cadence>
      151.79450511932373
    </Cadence><SensorState>
      Present
    </SensorState><Extensions>
      <TPX xmlns="http://www.garmin.com/xmlschemas/ActivityExtension/v2">
      <nax:Nax>
      <nax:Moments>
      <nax:Halt xsi:type="nax:Halt_t" action="auto_pause">
      
    </nax:Halt>
    </nax:Moments>
    </nax:Nax>
    </TPX>
    </Extensions>
    </Trackpoint>
<Trackpoint>
      <Time>
      2025-09-09T00:22:37.616Z
    </Time><SensorState>
      Present
    </SensorState><Extensions>
      <TPX xmlns="http://www.garmin.com/xmlschemas/ActivityExtension/v2">
      <nax:Nax>
      <nax:DescentInMeters>
      0.1109771728515625
    </nax:DescentInMeters><nax:Moments>
      <nax:Halt xsi:type="nax:Halt_t" action="auto_pause">
      
    </nax:Halt>
    </nax:Moments>
    </nax:Nax>
    </TPX>
    </Extensions>
    </Trackpoint>
<Trackpoint>
      <Time>
      2025-09-09T00:22:38.000Z
    </Time><SensorState>
      Present
    </SensorState><Extensions>
      <TPX xmlns="http://www.garmin.com/xmlschemas/ActivityExtension/v2">
      <nax:Nax>
      <nax:NikeFuel>
      6.422666762379397
    </nax:NikeFuel><nax:Moments>
      <nax:Halt xsi:type="nax:Halt_t" action="auto_pause">
      
    </nax:Halt>
    </nax:Moments>
    </nax:Nax>
    </TPX>
    </Extensions>
    </Trackpoint>
<Trackpoint>
      <Time>
      2025-09-09T00:22:38.676Z
    </Time><SensorState>
      Present
    </SensorState><Extensions>
      <TPX xmlns="http://www.garmin.com/xmlschemas/ActivityExtension/v2">
      <nax:Nax>
      <nax:DescentInMeters>
      0.1241912841796875
    </nax:DescentInMeters><nax:Moments>
      <nax:Halt xsi:type="nax:Halt_t" action="auto_pause">
      
    </nax:Halt>
    </nax:Moments>
    </nax:Nax>
    </TPX>
    </Extensions>
    </Trackpoint>
<Trackpoint>
      <Time>
      2025-09-09T00:22:38.999Z
    </Time><Position>
      <LatitudeDegrees>
      47.42965505555727
    </LatitudeDegrees><LongitudeDegrees>
      -122.29133784678255
    </LongitudeDegrees>
    </Position><AltitudeMeters>
      113.38428530562669
    </AltitudeMeters><SensorState>
      Present
    </SensorState><Extensions>
      <TPX xmlns="http://www.garmin.com/xmlschemas/ActivityExtension/v2">
      <nax:Nax>
      <nax:Moments>
      <nax:Halt xsi:type="nax:Halt_t" action="auto_pause">
      
    </nax:Halt>
    </nax:Moments>
    </nax:Nax>
    </TPX>
    </Extensions>
    </Trackpoint>
<Trackpoint>
      <Time>
      2025-09-09T00:22:39.732Z
    </Time><SensorState>
      Present
    </SensorState><Extensions>
      <TPX xmlns="http://www.garmin.com/xmlschemas/ActivityExtension/v2">
      <ns3:Speed>
      2.4468677481264547
    </ns3:Speed><nax:Nax>
      <nax:Pace>
      6.811429297487854
    </nax:Pace><nax:Moments>
      <nax:Halt xsi:type="nax:Halt_t" action="auto_pause">
      
    </nax:Halt>
    </nax:Moments>
    </nax:Nax>
    </TPX>
    </Extensions>
    </Trackpoint>
<Trackpoint>
      <Time>
      2025-09-09T00:22:39.733Z
    </Time><DistanceMeters>
      5.546922248788178
    </DistanceMeters><Cadence>
      151.8541145324707
    </Cadence><SensorState>
      Present
    </SensorState><Extensions>
      <TPX xmlns="http://www.garmin.com/xmlschemas/ActivityExtension/v2">
      <nax:Nax>
      <nax:Moments>
      <nax:Halt xsi:type="nax:Halt_t" action="auto_pause">
      
    </nax:Halt>
    </nax:Moments>
    </nax:Nax>
    </TPX>
    </Extensions>
    </Trackpoint>
<Trackpoint>
      <Time>
      2025-09-09T00:22:39.736Z
    </Time><SensorState>
      Present
    </SensorState><Extensions>
      <TPX xmlns="http://www.garmin.com/xmlschemas/ActivityExtension/v2">
      <nax:Nax>
      <nax:DescentInMeters>
      0.08983612060546875
    </nax:DescentInMeters><nax:Moments>
      <nax:Halt xsi:type="nax:Halt_t" action="auto_pause">
      
    </nax:Halt>
    </nax:Moments>
    </nax:Nax>
    </TPX>
    </Extensions>
    </Trackpoint>
<Trackpoint>
      <Time>
      2025-09-09T00:22:40.796Z
    </Time><SensorState>
      Present
    </SensorState><Extensions>
      <TPX xmlns="http://www.garmin.com/xmlschemas/ActivityExtension/v2">
      <nax:Nax>
      <nax:DescentInMeters>
      0.076629638671875
    </nax:DescentInMeters><nax:Moments>
      <nax:Halt xsi:type="nax:Halt_t" action="auto_pause">
      
    </nax:Halt>
    </nax:Moments>
    </nax:Nax>
    </TPX>
    </Extensions>
    </Trackpoint>
<Trackpoint>
      <Time>
      2025-09-09T00:22:41.856Z
    </Time><SensorState>
      Present
    </SensorState><Extensions>
      <TPX xmlns="http://www.garmin.com/xmlschemas/ActivityExtension/v2">
      <nax:Nax>
      <nax:DescentInMeters>
      0.0845489501953125
    </nax:DescentInMeters><nax:Moments>
      <nax:Halt xsi:type="nax:Halt_t" action="auto_pause">
      
    </nax:Halt>
    </nax:Moments>
    </nax:Nax>
    </TPX>
    </Extensions>
    </Trackpoint>
<Trackpoint>
      <Time>
      2025-09-09T00:22:42.288Z
    </Time><SensorState>
      Present
    </SensorState><Extensions>
      <TPX xmlns="http://www.garmin.com/xmlschemas/ActivityExtension/v2">
      <ns3:Speed>
      2.446875863854332
    </ns3:Speed><nax:Nax>
      <nax:Pace>
      6.8114067055339875
    </nax:Pace><nax:Moments>
      <nax:Halt xsi:type="nax:Halt_t" action="auto_pause">
      
    </nax:Halt>
    </nax:Moments>
    </nax:Nax>
    </TPX>
    </Extensions>
    </Trackpoint>
<Trackpoint>
      <Time>
      2025-09-09T00:22:42.289Z
    </Time><DistanceMeters>
      4.6563508787658066
    </DistanceMeters><Cadence>
      151.8541145324707
    </Cadence><SensorState>
      Present
    </SensorState><Extensions>
      <TPX xmlns="http://www.garmin.com/xmlschemas/ActivityExtension/v2">
      <nax:Nax>
      <nax:Moments>
      <nax:Halt xsi:type="nax:Halt_t" action="auto_pause">
      
    </nax:Halt>
    </nax:Moments>
    </nax:Nax>
    </TPX>
    </Extensions>
    </Trackpoint>
<Trackpoint>
      <Time>
      2025-09-09T00:22:42.916Z
    </Time><SensorState>
      Present
    </SensorState><Extensions>
      <TPX xmlns="http://www.garmin.com/xmlschemas/ActivityExtension/v2">
      <nax:Nax>
      <nax:DescentInMeters>
      0.076629638671875
    </nax:DescentInMeters><nax:Moments>
      <nax:Halt xsi:type="nax:Halt_t" action="auto_pause">
      
    </nax:Halt>
    </nax:Moments>
    </nax:Nax>
    </TPX>
    </Extensions>
    </Trackpoint>
<Trackpoint>
      <Time>
      2025-09-09T00:22:43.977Z
    </Time><SensorState>
      Present
    </SensorState><Extensions>
      <TPX xmlns="http://www.garmin.com/xmlschemas/ActivityExtension/v2">
      <nax:Nax>
      <nax:DescentInMeters>
      0.07134246826171875
    </nax:DescentInMeters><nax:Moments>
      <nax:Halt xsi:type="nax:Halt_t" action="auto_pause">
      
    </nax:Halt>
    </nax:Moments>
    </nax:Nax>
    </TPX>
    </Extensions>
    </Trackpoint>
<Trackpoint>
      <Time>
      2025-09-09T00:22:44.843Z
    </Time><DistanceMeters>
      4.255393921397626
    </DistanceMeters><SensorState>
      Present
    </SensorState><Extensions>
      <TPX xmlns="http://www.garmin.com/xmlschemas/ActivityExtension/v2">
      <ns3:Speed>
      2.445970203933893
    </ns3:Speed><nax:Nax>
      <nax:Pace>
      6.8139287387317315
    </nax:Pace><nax:Moments>
      <nax:Halt xsi:type="nax:Halt_t" action="auto_pause">
      
    </nax:Halt>
    </nax:Moments>
    </nax:Nax>
    </TPX>
    </Extensions>
    </Trackpoint>
<Trackpoint>
      <Time>
      2025-09-09T00:22:44.844Z
    </Time><Cadence>
      151.8541145324707
    </Cadence><SensorState>
      Present
    </SensorState><Extensions>
      <TPX xmlns="http://www.garmin.com/xmlschemas/ActivityExtension/v2">
      <nax:Nax>
      <nax:Moments>
      <nax:Halt xsi:type="nax:Halt_t" action="auto_pause">
      
    </nax:Halt>
    </nax:Moments>
    </nax:Nax>
    </TPX>
    </Extensions>
    </Trackpoint>
<Trackpoint>
      <Time>
      2025-09-09T00:22:44.999Z
    </Time><Position>
      <LatitudeDegrees>
      47.4295555805368
    </LatitudeDegrees><LongitudeDegrees>
      -122.29134486654729
    </LongitudeDegrees>
    </Position><AltitudeMeters>
      112.4496879838407
    </AltitudeMeters><SensorState>
      Present
    </SensorState><Extensions>
      <TPX xmlns="http://www.garmin.com/xmlschemas/ActivityExtension/v2">
      <nax:Nax>
      <nax:Moments>
      <nax:Halt xsi:type="nax:Halt_t" action="auto_pause">
      
    </nax:Halt>
    </nax:Moments>
    </nax:Nax>
    </TPX>
    </Extensions>
    </Trackpoint>
<Trackpoint>
      <Time>
      2025-09-09T00:22:45.037Z
    </Time><SensorState>
      Present
    </SensorState><Extensions>
      <TPX xmlns="http://www.garmin.com/xmlschemas/ActivityExtension/v2">
      <nax:Nax>
      <nax:DescentInMeters>
      0.0924835205078125
    </nax:DescentInMeters><nax:Moments>
      <nax:Halt xsi:type="nax:Halt_t" action="auto_pause">
      
    </nax:Halt>
    </nax:Moments>
    </nax:Nax>
    </TPX>
    </Extensions>
    </Trackpoint>
<Trackpoint>
      <Time>
      2025-09-09T00:22:46.097Z
    </Time><SensorState>
      Present
    </SensorState><Extensions>
      <TPX xmlns="http://www.garmin.com/xmlschemas/ActivityExtension/v2">
      <nax:Nax>
      <nax:DescentInMeters>
      0.09247589111328125
    </nax:DescentInMeters><nax:Moments>
      <nax:Halt xsi:type="nax:Halt_t" action="auto_pause">
      
    </nax:Halt>
    </nax:Moments>
    </nax:Nax>
    </TPX>
    </Extensions>
    </Trackpoint>
<Trackpoint>
      <Time>
      2025-09-09T00:22:47.157Z
    </Time><SensorState>
      Present
    </SensorState><Extensions>
      <TPX xmlns="http://www.garmin.com/xmlschemas/ActivityExtension/v2">
      <nax:Nax>
      <nax:DescentInMeters>
      0.0924835205078125
    </nax:DescentInMeters><nax:Moments>
      <nax:Halt xsi:type="nax:Halt_t" action="auto_pause">
      
    </nax:Halt>
    </nax:Moments>
    </nax:Nax>
    </TPX>
    </Extensions>
    </Trackpoint>
<Trackpoint>
      <Time>
      2025-09-09T00:22:47.399Z
    </Time><SensorState>
      Present
    </SensorState><Extensions>
      <TPX xmlns="http://www.garmin.com/xmlschemas/ActivityExtension/v2">
      <ns3:Speed>
      2.4437087280711745
    </ns3:Speed><nax:Nax>
      <nax:Pace>
      6.820234537453123
    </nax:Pace><nax:Moments>
      <nax:Halt xsi:type="nax:Halt_t" action="auto_pause">
      
    </nax:Halt>
    </nax:Moments>
    </nax:Nax>
    </TPX>
    </Extensions>
    </Trackpoint>
<Trackpoint>
      <Time>
      2025-09-09T00:22:47.400Z
    </Time><DistanceMeters>
      4.849342066096142
    </DistanceMeters><Cadence>
      123.16898345947266
    </Cadence><SensorState>
      Present
    </SensorState><Extensions>
      <TPX xmlns="http://www.garmin.com/xmlschemas/ActivityExtension/v2">
      <nax:Nax>
      <nax:Moments>
      <nax:Halt xsi:type="nax:Halt_t" action="auto_pause">
      
    </nax:Halt>
    </nax:Moments>
    </nax:Nax>
    </TPX>
    </Extensions>
    </Trackpoint>
<Trackpoint>
      <Time>
      2025-09-09T00:22:48.000Z
    </Time><SensorState>
      Present
    </SensorState><Extensions>
      <TPX xmlns="http://www.garmin.com/xmlschemas/ActivityExtension/v2">
      <nax:Nax>
      <nax:NikeFuel>
      2.300658147647142
    </nax:NikeFuel><nax:Moments>
      <nax:Halt xsi:type="nax:Halt_t" action="auto_pause">
      
    </nax:Halt>
    </nax:Moments>
    </nax:Nax>
    </TPX>
    </Extensions>
    </Trackpoint>
<Trackpoint>
      <Time>
      2025-09-09T00:22:48.217Z
    </Time><SensorState>
      Present
    </SensorState><Extensions>
      <TPX xmlns="http://www.garmin.com/xmlschemas/ActivityExtension/v2">
      <nax:Nax>
      <nax:DescentInMeters>
      0.08719635009765625
    </nax:DescentInMeters><nax:Moments>
      <nax:Halt xsi:type="nax:Halt_t" action="auto_pause">
      
    </nax:Halt>
    </nax:Moments>
    </nax:Nax>
    </TPX>
    </Extensions>
    </Trackpoint>
<Trackpoint>
      <Time>
      2025-09-09T00:22:49.277Z
    </Time><SensorState>
      Present
    </SensorState><Extensions>
      <TPX xmlns="http://www.garmin.com/xmlschemas/ActivityExtension/v2">
      <nax:Nax>
      <nax:DescentInMeters>
      0.08984375
    </nax:DescentInMeters><nax:Moments>
      <nax:Halt xsi:type="nax:Halt_t" action="auto_pause">
      
    </nax:Halt>
    </nax:Moments>
    </nax:Nax>
    </TPX>
    </Extensions>
    </Trackpoint>
<Trackpoint>
      <Time>
      2025-09-09T00:22:49.954Z
    </Time><SensorState>
      Present
    </SensorState><Extensions>
      <TPX xmlns="http://www.garmin.com/xmlschemas/ActivityExtension/v2">
      <ns3:Speed>
      1.2461632160220242
    </ns3:Speed><nax:Nax>
      <nax:Pace>
      13.374385034305256
    </nax:Pace><nax:Moments>
      <nax:Halt xsi:type="nax:Halt_t" action="auto_pause">
      
    </nax:Halt>
    </nax:Moments>
    </nax:Nax>
    </TPX>
    </Extensions>
    </Trackpoint>
<Trackpoint>
      <Time>
      2025-09-09T00:22:49.955Z
    </Time><DistanceMeters>
      4.218341765226796
    </DistanceMeters><Cadence>
      117.85596370697021
    </Cadence><SensorState>
      Present
    </SensorState><Extensions>
      <TPX xmlns="http://www.garmin.com/xmlschemas/ActivityExtension/v2">
      <nax:Nax>
      <nax:Moments>
      <nax:Halt xsi:type="nax:Halt_t" action="auto_pause">
      
    </nax:Halt>
    </nax:Moments>
    </nax:Nax>
    </TPX>
    </Extensions>
    </Trackpoint>
<Trackpoint>
      <Time>
      2025-09-09T00:22:50.337Z
    </Time><SensorState>
      Present
    </SensorState><Extensions>
      <TPX xmlns="http://www.garmin.com/xmlschemas/ActivityExtension/v2">
      <nax:Nax>
      <nax:DescentInMeters>
      0.0977630615234375
    </nax:DescentInMeters><nax:Moments>
      <nax:Halt xsi:type="nax:Halt_t" action="auto_pause">
      
    </nax:Halt>
    </nax:Moments>
    </nax:Nax>
    </TPX>
    </Extensions>
    </Trackpoint>
<Trackpoint>
      <Time>
      2025-09-09T00:22:50.999Z
    </Time><Position>
      <LatitudeDegrees>
      47.42945935483625
    </LatitudeDegrees><LongitudeDegrees>
      -122.2913534938501
    </LongitudeDegrees>
    </Position><AltitudeMeters>
      112.15530756115913
    </AltitudeMeters><SensorState>
      Present
    </SensorState><Extensions>
      <TPX xmlns="http://www.garmin.com/xmlschemas/ActivityExtension/v2">
      <nax:Nax>
      <nax:Moments>
      <nax:Halt xsi:type="nax:Halt_t" action="auto_pause">
      
    </nax:Halt>
    </nax:Moments>
    </nax:Nax>
    </TPX>
    </Extensions>
    </Trackpoint>
<Trackpoint>
      <Time>
      2025-09-09T00:22:51.396Z
    </Time><SensorState>
      Present
    </SensorState><Extensions>
      <TPX xmlns="http://www.garmin.com/xmlschemas/ActivityExtension/v2">
      <nax:Nax>
      <nax:DescentInMeters>
      0.10305023193359375
    </nax:DescentInMeters><nax:Moments>
      <nax:Halt xsi:type="nax:Halt_t" action="auto_pause">
      
    </nax:Halt>
    </nax:Moments>
    </nax:Nax>
    </TPX>
    </Extensions>
    </Trackpoint>
<Trackpoint>
      <Time>
      2025-09-09T00:22:52.457Z
    </Time><SensorState>
      Present
    </SensorState><Extensions>
      <TPX xmlns="http://www.garmin.com/xmlschemas/ActivityExtension/v2">
      <nax:Nax>
      <nax:DescentInMeters>
      0.0924835205078125
    </nax:DescentInMeters><nax:Moments>
      <nax:Halt xsi:type="nax:Halt_t" action="auto_pause">
      
    </nax:Halt>
    </nax:Moments>
    </nax:Nax>
    </TPX>
    </Extensions>
    </Trackpoint>
<Trackpoint>
      <Time>
      2025-09-09T00:22:52.510Z
    </Time><SensorState>
      Present
    </SensorState><Extensions>
      <TPX xmlns="http://www.garmin.com/xmlschemas/ActivityExtension/v2">
      <ns3:Speed>
      1.1997706745488816
    </ns3:Speed><nax:Nax>
      <nax:Pace>
      13.89154362597952
    </nax:Pace><nax:Moments>
      <nax:Halt xsi:type="nax:Halt_t" action="auto_pause">
      
    </nax:Halt>
    </nax:Moments>
    </nax:Nax>
    </TPX>
    </Extensions>
    </Trackpoint>
<Trackpoint>
      <Time>
      2025-09-09T00:22:52.511Z
    </Time><DistanceMeters>
      4.1867998915258795
    </DistanceMeters><Cadence>
      117.85596370697021
    </Cadence><SensorState>
      Present
    </SensorState><Extensions>
      <TPX xmlns="http://www.garmin.com/xmlschemas/ActivityExtension/v2">
      <nax:Nax>
      <nax:Moments>
      <nax:Halt xsi:type="nax:Halt_t" action="auto_pause">
      
    </nax:Halt>
    </nax:Moments>
    </nax:Nax>
    </TPX>
    </Extensions>
    </Trackpoint>
<Trackpoint>
      <Time>
      2025-09-09T00:22:53.517Z
    </Time><SensorState>
      Present
    </SensorState><Extensions>
      <TPX xmlns="http://www.garmin.com/xmlschemas/ActivityExtension/v2">
      <nax:Nax>
      <nax:DescentInMeters>
      0.113616943359375
    </nax:DescentInMeters><nax:Moments>
      <nax:Halt xsi:type="nax:Halt_t" action="auto_pause">
      
    </nax:Halt>
    </nax:Moments>
    </nax:Nax>
    </TPX>
    </Extensions>
    </Trackpoint>
<Trackpoint>
      <Time>
      2025-09-09T00:22:54.577Z
    </Time><SensorState>
      Present
    </SensorState><Extensions>
      <TPX xmlns="http://www.garmin.com/xmlschemas/ActivityExtension/v2">
      <nax:Nax>
      <nax:DescentInMeters>
      0.0977630615234375
    </nax:DescentInMeters><nax:Moments>
      <nax:Halt xsi:type="nax:Halt_t" action="auto_pause">
      
    </nax:Halt>
    </nax:Moments>
    </nax:Nax>
    </TPX>
    </Extensions>
    </Trackpoint>
<Trackpoint>
      <Time>
      2025-09-09T00:22:55.065Z
    </Time><SensorState>
      Present
    </SensorState><Extensions>
      <TPX xmlns="http://www.garmin.com/xmlschemas/ActivityExtension/v2">
      <ns3:Speed>
      1.1997706745488816
    </ns3:Speed><nax:Nax>
      <nax:Pace>
      13.89154362597952
    </nax:Pace><nax:Moments>
      <nax:Halt xsi:type="nax:Halt_t" action="auto_pause">
      
    </nax:Halt>
    </nax:Moments>
    </nax:Nax>
    </TPX>
    </Extensions>
    </Trackpoint>
<Trackpoint>
      <Time>
      2025-09-09T00:22:55.066Z
    </Time><DistanceMeters>
      3.9172163398470725
    </DistanceMeters><Cadence>
      117.85596370697021
    </Cadence><SensorState>
      Present
    </SensorState><Extensions>
      <TPX xmlns="http://www.garmin.com/xmlschemas/ActivityExtension/v2">
      <nax:Nax>
      <nax:Moments>
      <nax:Halt xsi:type="nax:Halt_t" action="auto_pause">
      
    </nax:Halt>
    </nax:Moments>
    </nax:Nax>
    </TPX>
    </Extensions>
    </Trackpoint>
<Trackpoint>
      <Time>
      2025-09-09T00:22:55.637Z
    </Time><SensorState>
      Present
    </SensorState><Extensions>
      <TPX xmlns="http://www.garmin.com/xmlschemas/ActivityExtension/v2">
      <nax:Nax>
      <nax:DescentInMeters>
      0.06606292724609375
    </nax:DescentInMeters><nax:Moments>
      <nax:Halt xsi:type="nax:Halt_t" action="auto_pause">
      
    </nax:Halt>
    </nax:Moments>
    </nax:Nax>
    </TPX>
    </Extensions>
    </Trackpoint>
<Trackpoint>
      <Time>
      2025-09-09T00:22:56.697Z
    </Time><SensorState>
      Present
    </SensorState><Extensions>
      <TPX xmlns="http://www.garmin.com/xmlschemas/ActivityExtension/v2">
      <nax:Nax>
      <nax:DescentInMeters>
      0.04491424560546875
    </nax:DescentInMeters><nax:Moments>
      <nax:Halt xsi:type="nax:Halt_t" action="auto_pause">
      
    </nax:Halt>
    </nax:Moments>
    </nax:Nax>
    </TPX>
    </Extensions>
    </Trackpoint>
<Trackpoint>
      <Time>
      2025-09-09T00:22:56.999Z
    </Time><Position>
      <LatitudeDegrees>
      47.42936913102745
    </LatitudeDegrees><LongitudeDegrees>
      -122.29135321264464
    </LongitudeDegrees>
    </Position><AltitudeMeters>
      111.09976232424378
    </AltitudeMeters><SensorState>
      Present
    </SensorState><Extensions>
      <TPX xmlns="http://www.garmin.com/xmlschemas/ActivityExtension/v2">
      <nax:Nax>
      <nax:Moments>
      <nax:Halt xsi:type="nax:Halt_t" action="auto_pause">
      
    </nax:Halt>
    </nax:Moments>
    </nax:Nax>
    </TPX>
    </Extensions>
    </Trackpoint>
<Trackpoint>
      <Time>
      2025-09-09T00:22:57.620Z
    </Time><DistanceMeters>
      5.286852610297501
    </DistanceMeters><SensorState>
      Present
    </SensorState><Extensions>
      <TPX xmlns="http://www.garmin.com/xmlschemas/ActivityExtension/v2">
      <ns3:Speed>
      1.1997706745488816
    </ns3:Speed><nax:Nax>
      <nax:Pace>
      13.89154362597952
    </nax:Pace><nax:Moments>
      <nax:Halt xsi:type="nax:Halt_t" action="auto_pause">
      
    </nax:Halt>
    </nax:Moments>
    </nax:Nax>
    </TPX>
    </Extensions>
    </Trackpoint>
<Trackpoint>
      <Time>
      2025-09-09T00:22:57.621Z
    </Time><Cadence>
      119.02311086654663
    </Cadence><SensorState>
      Present
    </SensorState><Extensions>
      <TPX xmlns="http://www.garmin.com/xmlschemas/ActivityExtension/v2">
      <nax:Nax>
      <nax:Moments>
      <nax:Halt xsi:type="nax:Halt_t" action="auto_pause">
      
    </nax:Halt>
    </nax:Moments>
    </nax:Nax>
    </TPX>
    </Extensions>
    </Trackpoint>
<Trackpoint>
      <Time>
      2025-09-09T00:22:57.757Z
    </Time><SensorState>
      Present
    </SensorState><Extensions>
      <TPX xmlns="http://www.garmin.com/xmlschemas/ActivityExtension/v2">
      <nax:Nax>
      <nax:DescentInMeters>
      0.0422821044921875
    </nax:DescentInMeters><nax:Moments>
      <nax:Halt xsi:type="nax:Halt_t" action="auto_pause">
      
    </nax:Halt>
    </nax:Moments>
    </nax:Nax>
    </TPX>
    </Extensions>
    </Trackpoint>
<Trackpoint>
      <Time>
      2025-09-09T00:22:58.000Z
    </Time><SensorState>
      Present
    </SensorState><Extensions>
      <TPX xmlns="http://www.garmin.com/xmlschemas/ActivityExtension/v2">
      <nax:Nax>
      <nax:NikeFuel>
      2.2955844732237654
    </nax:NikeFuel><nax:Moments>
      <nax:Halt xsi:type="nax:Halt_t" action="auto_pause">
      
    </nax:Halt>
    </nax:Moments>
    </nax:Nax>
    </TPX>
    </Extensions>
    </Trackpoint>
<Trackpoint>
      <Time>
      2025-09-09T00:22:58.817Z
    </Time><SensorState>
      Present
    </SensorState><Extensions>
      <TPX xmlns="http://www.garmin.com/xmlschemas/ActivityExtension/v2">
      <nax:Nax>
      <nax:DescentInMeters>
      0.0343475341796875
    </nax:DescentInMeters><nax:Moments>
      <nax:Halt xsi:type="nax:Halt_t" action="auto_pause">
      
    </nax:Halt>
    </nax:Moments>
    </nax:Nax>
    </TPX>
    </Extensions>
    </Trackpoint>
<Trackpoint>
      <Time>
      2025-09-09T00:22:59.876Z
    </Time><SensorState>
      Present
    </SensorState><Extensions>
      <TPX xmlns="http://www.garmin.com/xmlschemas/ActivityExtension/v2">
      <nax:Nax>
      <nax:DescentInMeters>
      0.02378082275390625
    </nax:DescentInMeters><nax:Moments>
      <nax:Halt xsi:type="nax:Halt_t" action="auto_pause">
      
    </nax:Halt>
    </nax:Moments>
    </nax:Nax>
    </TPX>
    </Extensions>
    </Trackpoint>
<Trackpoint>
      <Time>
      2025-09-09T00:23:00.176Z
    </Time><SensorState>
      Present
    </SensorState><Extensions>
      <TPX xmlns="http://www.garmin.com/xmlschemas/ActivityExtension/v2">
      <ns3:Speed>
      1.2197901704811407
    </ns3:Speed><nax:Nax>
      <nax:Pace>
      13.663552199385716
    </nax:Pace><nax:Moments>
      <nax:Halt xsi:type="nax:Halt_t" action="auto_pause">
      
    </nax:Halt>
    </nax:Moments>
    </nax:Nax>
    </TPX>
    </Extensions>
    </Trackpoint>
<Trackpoint>
      <Time>
      2025-09-09T00:23:00.177Z
    </Time><DistanceMeters>
      3.7938210831489414
    </DistanceMeters><Cadence>
      119.3043565750122
    </Cadence><SensorState>
      Present
    </SensorState><Extensions>
      <TPX xmlns="http://www.garmin.com/xmlschemas/ActivityExtension/v2">
      <nax:Nax>
      <nax:Moments>
      <nax:Halt xsi:type="nax:Halt_t" action="auto_pause">
      
    </nax:Halt>
    </nax:Moments>
    </nax:Nax>
    </TPX>
    </Extensions>
    </Trackpoint>
<Trackpoint>
      <Time>
      2025-09-09T00:23:00.937Z
    </Time><SensorState>
      Present
    </SensorState><Extensions>
      <TPX xmlns="http://www.garmin.com/xmlschemas/ActivityExtension/v2">
      <nax:Nax>
      <nax:DescentInMeters>
      0.05548858642578125
    </nax:DescentInMeters><nax:Moments>
      <nax:Halt xsi:type="nax:Halt_t" action="auto_pause">
      
    </nax:Halt>
    </nax:Moments>
    </nax:Nax>
    </TPX>
    </Extensions>
    </Trackpoint>
<Trackpoint>
      <Time>
      2025-09-09T00:23:01.997Z
    </Time><SensorState>
      Present
    </SensorState><Extensions>
      <TPX xmlns="http://www.garmin.com/xmlschemas/ActivityExtension/v2">
      <nax:Nax>
      <nax:DescentInMeters>
      0.076629638671875
    </nax:DescentInMeters><nax:Moments>
      <nax:Halt xsi:type="nax:Halt_t" action="auto_pause">
      
    </nax:Halt>
    </nax:Moments>
    </nax:Nax>
    </TPX>
    </Extensions>
    </Trackpoint>
<Trackpoint>
      <Time>
      2025-09-09T00:23:02.731Z
    </Time><DistanceMeters>
      3.7737032168079168
    </DistanceMeters><SensorState>
      Present
    </SensorState><Extensions>
      <TPX xmlns="http://www.garmin.com/xmlschemas/ActivityExtension/v2">
      <ns3:Speed>
      1.209408844963413
    </ns3:Speed><nax:Nax>
      <nax:Pace>
      13.780837419930451
    </nax:Pace><nax:Moments>
      <nax:Halt xsi:type="nax:Halt_t" action="auto_pause">
      
    </nax:Halt>
    </nax:Moments>
    </nax:Nax>
    </TPX>
    </Extensions>
    </Trackpoint>
<Trackpoint>
      <Time>
      2025-09-09T00:23:02.732Z
    </Time><Cadence>
      120.213303565979
    </Cadence><SensorState>
      Present
    </SensorState><Extensions>
      <TPX xmlns="http://www.garmin.com/xmlschemas/ActivityExtension/v2">
      <nax:Nax>
      <nax:Moments>
      <nax:Halt xsi:type="nax:Halt_t" action="auto_pause">
      
    </nax:Halt>
    </nax:Moments>
    </nax:Nax>
    </TPX>
    </Extensions>
    </Trackpoint>
<Trackpoint>
      <Time>
      2025-09-09T00:23:02.999Z
    </Time><Position>
      <LatitudeDegrees>
      47.42927639622564
    </LatitudeDegrees><LongitudeDegrees>
      -122.29135858943746
    </LongitudeDegrees>
    </Position><AltitudeMeters>
      111.1023447336629
    </AltitudeMeters><SensorState>
      Present
    </SensorState><Extensions>
      <TPX xmlns="http://www.garmin.com/xmlschemas/ActivityExtension/v2">
      <nax:Nax>
      <nax:Moments>
      <nax:Halt xsi:type="nax:Halt_t" action="auto_pause">
      
    </nax:Halt>
    </nax:Moments>
    </nax:Nax>
    </TPX>
    </Extensions>
    </Trackpoint>
<Trackpoint>
      <Time>
      2025-09-09T00:23:03.057Z
    </Time><SensorState>
      Present
    </SensorState><Extensions>
      <TPX xmlns="http://www.garmin.com/xmlschemas/ActivityExtension/v2">
      <nax:Nax>
      <nax:DescentInMeters>
      0.08983612060546875
    </nax:DescentInMeters><nax:Moments>
      <nax:Halt xsi:type="nax:Halt_t" action="auto_pause">
      
    </nax:Halt>
    </nax:Moments>
    </nax:Nax>
    </TPX>
    </Extensions>
    </Trackpoint>
<Trackpoint>
      <Time>
      2025-09-09T00:23:04.117Z
    </Time><SensorState>
      Present
    </SensorState><Extensions>
      <TPX xmlns="http://www.garmin.com/xmlschemas/ActivityExtension/v2">
      <nax:Nax>
      <nax:DescentInMeters>
      0.08719635009765625
    </nax:DescentInMeters><nax:Moments>
      <nax:Halt xsi:type="nax:Halt_t" action="auto_pause">
      
    </nax:Halt>
    </nax:Moments>
    </nax:Nax>
    </TPX>
    </Extensions>
    </Trackpoint>
<Trackpoint>
      <Time>
      2025-09-09T00:23:05.177Z
    </Time><SensorState>
      Present
    </SensorState><Extensions>
      <TPX xmlns="http://www.garmin.com/xmlschemas/ActivityExtension/v2">
      <nax:Nax>
      <nax:DescentInMeters>
      0.11890411376953125
    </nax:DescentInMeters><nax:Moments>
      <nax:Halt xsi:type="nax:Halt_t" action="auto_pause">
      
    </nax:Halt>
    </nax:Moments>
    </nax:Nax>
    </TPX>
    </Extensions>
    </Trackpoint>
<Trackpoint>
      <Time>
      2025-09-09T00:23:05.287Z
    </Time><SensorState>
      Present
    </SensorState><Extensions>
      <TPX xmlns="http://www.garmin.com/xmlschemas/ActivityExtension/v2">
      <ns3:Speed>
      1.2051982322852588
    </ns3:Speed><nax:Nax>
      <nax:Pace>
      13.828983664424946
    </nax:Pace><nax:Moments>
      <nax:Halt xsi:type="nax:Halt_t" action="auto_pause">
      
    </nax:Halt>
    </nax:Moments>
    </nax:Nax>
    </TPX>
    </Extensions>
    </Trackpoint>
<Trackpoint>
      <Time>
      2025-09-09T00:23:05.288Z
    </Time><DistanceMeters>
      4.225237305974588
    </DistanceMeters><Cadence>
      120.21328926086426
    </Cadence><SensorState>
      Present
    </SensorState><Extensions>
      <TPX xmlns="http://www.garmin.com/xmlschemas/ActivityExtension/v2">
      <nax:Nax>
      <nax:Moments>
      <nax:Halt xsi:type="nax:Halt_t" action="auto_pause">
      
    </nax:Halt>
    </nax:Moments>
    </nax:Nax>
    </TPX>
    </Extensions>
    </Trackpoint>
<Trackpoint>
      <Time>
      2025-09-09T00:23:06.237Z
    </Time><SensorState>
      Present
    </SensorState><Extensions>
      <TPX xmlns="http://www.garmin.com/xmlschemas/ActivityExtension/v2">
      <nax:Nax>
      <nax:DescentInMeters>
      0.11362457275390625
    </nax:DescentInMeters><nax:Moments>
      <nax:Halt xsi:type="nax:Halt_t" action="auto_pause">
      
    </nax:Halt>
    </nax:Moments>
    </nax:Nax>
    </TPX>
    </Extensions>
    </Trackpoint>
<Trackpoint>
      <Time>
      2025-09-09T00:23:07.297Z
    </Time><SensorState>
      Present
    </SensorState><Extensions>
      <TPX xmlns="http://www.garmin.com/xmlschemas/ActivityExtension/v2">
      <nax:Nax>
      <nax:DescentInMeters>
      0.08983612060546875
    </nax:DescentInMeters><nax:Moments>
      <nax:Halt xsi:type="nax:Halt_t" action="auto_pause">
      
    </nax:Halt>
    </nax:Moments>
    </nax:Nax>
    </TPX>
    </Extensions>
    </Trackpoint>
<Trackpoint>
      <Time>
      2025-09-09T00:23:07.842Z
    </Time><SensorState>
      Present
    </SensorState><Extensions>
      <TPX xmlns="http://www.garmin.com/xmlschemas/ActivityExtension/v2">
      <ns3:Speed>
      1.1952474945180251
    </ns3:Speed><nax:Nax>
      <nax:Pace>
      13.944113451906778
    </nax:Pace><nax:Moments>
      <nax:Halt xsi:type="nax:Halt_t" action="auto_pause">
      
    </nax:Halt>
    </nax:Moments>
    </nax:Nax>
    </TPX>
    </Extensions>
    </Trackpoint>
<Trackpoint>
      <Time>
      2025-09-09T00:23:07.843Z
    </Time><DistanceMeters>
      3.9819145128130913
    </DistanceMeters><Cadence>
      120.213303565979
    </Cadence><SensorState>
      Present
    </SensorState><Extensions>
      <TPX xmlns="http://www.garmin.com/xmlschemas/ActivityExtension/v2">
      <nax:Nax>
      <nax:Moments>
      <nax:Halt xsi:type="nax:Halt_t" action="auto_pause">
      
    </nax:Halt>
    </nax:Moments>
    </nax:Nax>
    </TPX>
    </Extensions>
    </Trackpoint>
<Trackpoint>
      <Time>
      2025-09-09T00:23:08.000Z
    </Time><SensorState>
      Present
    </SensorState><Extensions>
      <TPX xmlns="http://www.garmin.com/xmlschemas/ActivityExtension/v2">
      <nax:Nax>
      <nax:NikeFuel>
      2.842740400985667
    </nax:NikeFuel><nax:Moments>
      <nax:Halt xsi:type="nax:Halt_t" action="auto_pause">
      
    </nax:Halt>
    </nax:Moments>
    </nax:Nax>
    </TPX>
    </Extensions>
    </Trackpoint>
<Trackpoint>
      <Time>
      2025-09-09T00:23:08.356Z
    </Time><SensorState>
      Present
    </SensorState><Extensions>
      <TPX xmlns="http://www.garmin.com/xmlschemas/ActivityExtension/v2">
      <nax:Nax>
      <nax:DescentInMeters>
      0.0924835205078125
    </nax:DescentInMeters><nax:Moments>
      <nax:Halt xsi:type="nax:Halt_t" action="auto_pause">
      
    </nax:Halt>
    </nax:Moments>
    </nax:Nax>
    </TPX>
    </Extensions>
    </Trackpoint>
<Trackpoint>
      <Time>
      2025-09-09T00:23:09.416Z
    </Time><SensorState>
      Present
    </SensorState><Extensions>
      <TPX xmlns="http://www.garmin.com/xmlschemas/ActivityExtension/v2">
      <nax:Nax>
      <nax:DescentInMeters>
      0.0977630615234375
    </nax:DescentInMeters><nax:Moments>
      <nax:Halt xsi:type="nax:Halt_t" action="auto_pause">
      
    </nax:Halt>
    </nax:Moments>
    </nax:Nax>
    </TPX>
    </Extensions>
    </Trackpoint>
<Trackpoint>
      <Time>
      2025-09-09T00:23:09.999Z
    </Time><Position>
      <LatitudeDegrees>
      47.42918167918511
    </LatitudeDegrees><LongitudeDegrees>
      -122.29136628109804
    </LongitudeDegrees>
    </Position><AltitudeMeters>
      111.1058549201116
    </AltitudeMeters><SensorState>
      Present
    </SensorState><Extensions>
      <TPX xmlns="http://www.garmin.com/xmlschemas/ActivityExtension/v2">
      <nax:Nax>
      <nax:Moments>
      <nax:Halt xsi:type="nax:Halt_t" action="auto_pause">
      
    </nax:Halt>
    </nax:Moments>
    </nax:Nax>
    </TPX>
    </Extensions>
    </Trackpoint>
<Trackpoint>
      <Time>
      2025-09-09T00:23:10.398Z
    </Time><SensorState>
      Present
    </SensorState><Extensions>
      <TPX xmlns="http://www.garmin.com/xmlschemas/ActivityExtension/v2">
      <ns3:Speed>
      1.6544001906377175
    </ns3:Speed><nax:Nax>
      <nax:Pace>
      10.074144551592568
    </nax:Pace><nax:Moments>
      <nax:Halt xsi:type="nax:Halt_t" action="auto_pause">
      
    </nax:Halt>
    </nax:Moments>
    </nax:Nax>
    </TPX>
    </Extensions>
    </Trackpoint>
<Trackpoint>
      <Time>
      2025-09-09T00:23:10.399Z
    </Time><DistanceMeters>
      3.0346755599603057
    </DistanceMeters><Cadence>
      119.97921466827393
    </Cadence><SensorState>
      Present
    </SensorState><Extensions>
      <TPX xmlns="http://www.garmin.com/xmlschemas/ActivityExtension/v2">
      <nax:Nax>
      <nax:Moments>
      <nax:Halt xsi:type="nax:Halt_t" action="auto_pause">
      
    </nax:Halt>
    </nax:Moments>
    </nax:Nax>
    </TPX>
    </Extensions>
    </Trackpoint>
<Trackpoint>
      <Time>
      2025-09-09T00:23:10.477Z
    </Time><SensorState>
      Present
    </SensorState><Extensions>
      <TPX xmlns="http://www.garmin.com/xmlschemas/ActivityExtension/v2">
      <nax:Nax>
      <nax:DescentInMeters>
      0.06341552734375
    </nax:DescentInMeters><nax:Moments>
      <nax:Halt xsi:type="nax:Halt_t" action="auto_pause">
      
    </nax:Halt>
    </nax:Moments>
    </nax:Nax>
    </TPX>
    </Extensions>
    </Trackpoint>
<Trackpoint>
      <Time>
      2025-09-09T00:23:11.537Z
    </Time><SensorState>
      Present
    </SensorState><Extensions>
      <TPX xmlns="http://www.garmin.com/xmlschemas/ActivityExtension/v2">
      <nax:Nax>
      <nax:DescentInMeters>
      0.05812835693359375
    </nax:DescentInMeters><nax:Moments>
      <nax:Halt xsi:type="nax:Halt_t" action="auto_pause">
      
    </nax:Halt>
    </nax:Moments>
    </nax:Nax>
    </TPX>
    </Extensions>
    </Trackpoint>
<Trackpoint>
      <Time>
      2025-09-09T00:23:12.597Z
    </Time><SensorState>
      Present
    </SensorState><Extensions>
      <TPX xmlns="http://www.garmin.com/xmlschemas/ActivityExtension/v2">
      <nax:Nax>
      <nax:DescentInMeters>
      0.08191680908203125
    </nax:DescentInMeters><nax:Moments>
      <nax:Halt xsi:type="nax:Halt_t" action="auto_pause">
      
    </nax:Halt>
    </nax:Moments>
    </nax:Nax>
    </TPX>
    </Extensions>
    </Trackpoint>
<Trackpoint>
      <Time>
      2025-09-09T00:23:12.953Z
    </Time><SensorState>
      Present
    </SensorState><Extensions>
      <TPX xmlns="http://www.garmin.com/xmlschemas/ActivityExtension/v2">
      <ns3:Speed>
      1.6320418386952806
    </ns3:Speed><nax:Nax>
      <nax:Pace>
      10.212156497158592
    </nax:Pace><nax:Moments>
      <nax:Halt xsi:type="nax:Halt_t" action="auto_pause">
      
    </nax:Halt>
    </nax:Moments>
    </nax:Nax>
    </TPX>
    </Extensions>
    </Trackpoint>
<Trackpoint>
      <Time>
      2025-09-09T00:23:12.954Z
    </Time><DistanceMeters>
      3.702634015586227
    </DistanceMeters><Cadence>
      119.90054368972778
    </Cadence><SensorState>
      Present
    </SensorState><Extensions>
      <TPX xmlns="http://www.garmin.com/xmlschemas/ActivityExtension/v2">
      <nax:Nax>
      <nax:Moments>
      <nax:Halt xsi:type="nax:Halt_t" action="auto_pause">
      
    </nax:Halt>
    </nax:Moments>
    </nax:Nax>
    </TPX>
    </Extensions>
    </Trackpoint>
<Trackpoint>
      <Time>
      2025-09-09T00:23:13.657Z
    </Time><SensorState>
      Present
    </SensorState><Extensions>
      <TPX xmlns="http://www.garmin.com/xmlschemas/ActivityExtension/v2">
      <nax:Nax>
      <nax:DescentInMeters>
      0.06076812744140625
    </nax:DescentInMeters><nax:Moments>
      <nax:Halt xsi:type="nax:Halt_t" action="auto_pause">
      
    </nax:Halt>
    </nax:Moments>
    </nax:Nax>
    </TPX>
    </Extensions>
    </Trackpoint>
<Trackpoint>
      <Time>
      2025-09-09T00:23:14.717Z
    </Time><SensorState>
      Present
    </SensorState><Extensions>
      <TPX xmlns="http://www.garmin.com/xmlschemas/ActivityExtension/v2">
      <nax:Nax>
      <nax:DescentInMeters>
      0.06341552734375
    </nax:DescentInMeters><nax:Moments>
      <nax:Halt xsi:type="nax:Halt_t" action="auto_pause">
      
    </nax:Halt>
    </nax:Moments>
    </nax:Nax>
    </TPX>
    </Extensions>
    </Trackpoint>
<Trackpoint>
      <Time>
      2025-09-09T00:23:15.509Z
    </Time><SensorState>
      Present
    </SensorState><Extensions>
      <TPX xmlns="http://www.garmin.com/xmlschemas/ActivityExtension/v2">
      <ns3:Speed>
      1.6161876141592004
    </ns3:Speed><nax:Nax>
      <nax:Pace>
      10.312334113101882
    </nax:Pace><nax:Moments>
      <nax:Halt xsi:type="nax:Halt_t" action="auto_pause">
      
    </nax:Halt>
    </nax:Moments>
    </nax:Nax>
    </TPX>
    </Extensions>
    </Trackpoint>
<Trackpoint>
      <Time>
      2025-09-09T00:23:15.510Z
    </Time><DistanceMeters>
      3.648447305429727
    </DistanceMeters><Cadence>
      119.7437596321106
    </Cadence><SensorState>
      Present
    </SensorState><Extensions>
      <TPX xmlns="http://www.garmin.com/xmlschemas/ActivityExtension/v2">
      <nax:Nax>
      <nax:Moments>
      <nax:Halt xsi:type="nax:Halt_t" action="auto_pause">
      
    </nax:Halt>
    </nax:Moments>
    </nax:Nax>
    </TPX>
    </Extensions>
    </Trackpoint>
<Trackpoint>
      <Time>
      2025-09-09T00:23:15.777Z
    </Time><SensorState>
      Present
    </SensorState><Extensions>
      <TPX xmlns="http://www.garmin.com/xmlschemas/ActivityExtension/v2">
      <nax:Nax>
      <nax:DescentInMeters>
      0.058135986328125
    </nax:DescentInMeters><nax:Moments>
      <nax:Halt xsi:type="nax:Halt_t" action="auto_pause">
      
    </nax:Halt>
    </nax:Moments>
    </nax:Nax>
    </TPX>
    </Extensions>
    </Trackpoint>
<Trackpoint>
      <Time>
      2025-09-09T00:23:16.837Z
    </Time><SensorState>
      Present
    </SensorState><Extensions>
      <TPX xmlns="http://www.garmin.com/xmlschemas/ActivityExtension/v2">
      <nax:Nax>
      <nax:DescentInMeters>
      0.05284881591796875
    </nax:DescentInMeters><nax:Moments>
      <nax:Halt xsi:type="nax:Halt_t" action="auto_pause">
      
    </nax:Halt>
    </nax:Moments>
    </nax:Nax>
    </TPX>
    </Extensions>
    </Trackpoint>
<Trackpoint>
      <Time>
      2025-09-09T00:23:17.896Z
    </Time><SensorState>
      Present
    </SensorState><Extensions>
      <TPX xmlns="http://www.garmin.com/xmlschemas/ActivityExtension/v2">
      <nax:Nax>
      <nax:DescentInMeters>
      0.050201416015625
    </nax:DescentInMeters><nax:Moments>
      <nax:Halt xsi:type="nax:Halt_t" action="auto_pause">
      
    </nax:Halt>
    </nax:Moments>
    </nax:Nax>
    </TPX>
    </Extensions>
    </Trackpoint>
<Trackpoint>
      <Time>
      2025-09-09T00:23:17.999Z
    </Time><Position>
      <LatitudeDegrees>
      47.42908195568356
    </LatitudeDegrees><LongitudeDegrees>
      -122.2913729479666
    </LongitudeDegrees>
    </Position><AltitudeMeters>
      110.56255346909165
    </AltitudeMeters><SensorState>
      Present
    </SensorState><Extensions>
      <TPX xmlns="http://www.garmin.com/xmlschemas/ActivityExtension/v2">
      <nax:Nax>
      <nax:Moments>
      <nax:Halt xsi:type="nax:Halt_t" action="auto_pause">
      
    </nax:Halt>
    </nax:Moments>
    </nax:Nax>
    </TPX>
    </Extensions>
    </Trackpoint>
<Trackpoint>
      <Time>
      2025-09-09T00:23:18.000Z
    </Time><SensorState>
      Present
    </SensorState><Extensions>
      <TPX xmlns="http://www.garmin.com/xmlschemas/ActivityExtension/v2">
      <nax:Nax>
      <nax:NikeFuel>
      2.4932743780440103
    </nax:NikeFuel><nax:Moments>
      <nax:Halt xsi:type="nax:Halt_t" action="auto_pause">
      
    </nax:Halt>
    </nax:Moments>
    </nax:Nax>
    </TPX>
    </Extensions>
    </Trackpoint>
<Trackpoint>
      <Time>
      2025-09-09T00:23:18.064Z
    </Time><SensorState>
      Present
    </SensorState><Extensions>
      <TPX xmlns="http://www.garmin.com/xmlschemas/ActivityExtension/v2">
      <ns3:Speed>
      1.5971481468535864
    </ns3:Speed><nax:Nax>
      <nax:Pace>
      10.435266571545245
    </nax:Pace><nax:Moments>
      <nax:Halt xsi:type="nax:Halt_t" action="auto_pause">
      
    </nax:Halt>
    </nax:Moments>
    </nax:Nax>
    </TPX>
    </Extensions>
    </Trackpoint>
<Trackpoint>
      <Time>
      2025-09-09T00:23:18.065Z
    </Time><DistanceMeters>
      3.792644982924685
    </DistanceMeters><Cadence>
      119.3608045578003
    </Cadence><SensorState>
      Present
    </SensorState><Extensions>
      <TPX xmlns="http://www.garmin.com/xmlschemas/ActivityExtension/v2">
      <nax:Nax>
      <nax:Moments>
      <nax:Halt xsi:type="nax:Halt_t" action="auto_pause">
      
    </nax:Halt>
    </nax:Moments>
    </nax:Nax>
    </TPX>
    </Extensions>
    </Trackpoint>
<Trackpoint>
      <Time>
      2025-09-09T00:23:18.957Z
    </Time><SensorState>
      Present
    </SensorState><Extensions>
      <TPX xmlns="http://www.garmin.com/xmlschemas/ActivityExtension/v2">
      <nax:Nax>
      <nax:DescentInMeters>
      0.05284881591796875
    </nax:DescentInMeters><nax:Moments>
      <nax:Halt xsi:type="nax:Halt_t" action="auto_pause">
      
    </nax:Halt>
    </nax:Moments>
    </nax:Nax>
    </TPX>
    </Extensions>
    </Trackpoint>
<Trackpoint>
      <Time>
      2025-09-09T00:23:20.017Z
    </Time><SensorState>
      Present
    </SensorState><Extensions>
      <TPX xmlns="http://www.garmin.com/xmlschemas/ActivityExtension/v2">
      <nax:Nax>
      <nax:DescentInMeters>
      0.05548858642578125
    </nax:DescentInMeters><nax:Moments>
      <nax:Halt xsi:type="nax:Halt_t" action="auto_pause">
      
    </nax:Halt>
    </nax:Moments>
    </nax:Nax>
    </TPX>
    </Extensions>
    </Trackpoint>
<Trackpoint>
      <Time>
      2025-09-09T00:23:20.620Z
    </Time><DistanceMeters>
      3.3009423406329006
    </DistanceMeters><SensorState>
      Present
    </SensorState><Extensions>
      <TPX xmlns="http://www.garmin.com/xmlschemas/ActivityExtension/v2">
      <ns3:Speed>
      1.5839084198413957
    </ns3:Speed><nax:Nax>
      <nax:Pace>
      10.522493887831962
    </nax:Pace><nax:Moments>
      <nax:Halt xsi:type="nax:Halt_t" action="auto_pause">
      
    </nax:Halt>
    </nax:Moments>
    </nax:Nax>
    </TPX>
    </Extensions>
    </Trackpoint>
<Trackpoint>
      <Time>
      2025-09-09T00:23:20.621Z
    </Time><Cadence>
      119.35249328613281
    </Cadence><SensorState>
      Present
    </SensorState><Extensions>
      <TPX xmlns="http://www.garmin.com/xmlschemas/ActivityExtension/v2">
      <nax:Nax>
      <nax:Moments>
      <nax:Halt xsi:type="nax:Halt_t" action="auto_pause">
      
    </nax:Halt>
    </nax:Moments>
    </nax:Nax>
    </TPX>
    </Extensions>
    </Trackpoint>
<Trackpoint>
      <Time>
      2025-09-09T00:23:21.077Z
    </Time><SensorState>
      Present
    </SensorState><Extensions>
      <TPX xmlns="http://www.garmin.com/xmlschemas/ActivityExtension/v2">
      <nax:Nax>
      <nax:DescentInMeters>
      0.05548858642578125
    </nax:DescentInMeters><nax:Moments>
      <nax:Halt xsi:type="nax:Halt_t" action="auto_pause">
      
    </nax:Halt>
    </nax:Moments>
    </nax:Nax>
    </TPX>
    </Extensions>
    </Trackpoint>
<Trackpoint>
      <Time>
      2025-09-09T00:23:22.137Z
    </Time><SensorState>
      Present
    </SensorState><Extensions>
      <TPX xmlns="http://www.garmin.com/xmlschemas/ActivityExtension/v2">
      <nax:Nax>
      <nax:DescentInMeters>
      0.06341552734375
    </nax:DescentInMeters><nax:Moments>
      <nax:Halt xsi:type="nax:Halt_t" action="auto_pause">
      
    </nax:Halt>
    </nax:Moments>
    </nax:Nax>
    </TPX>
    </Extensions>
    </Trackpoint>
<Trackpoint>
      <Time>
      2025-09-09T00:23:23.175Z
    </Time><SensorState>
      Present
    </SensorState><Extensions>
      <TPX xmlns="http://www.garmin.com/xmlschemas/ActivityExtension/v2">
      <ns3:Speed>
      1.135124783389376
    </ns3:Speed><nax:Nax>
      <nax:Pace>
      14.682673579640792
    </nax:Pace><nax:Moments>
      <nax:Halt xsi:type="nax:Halt_t" action="auto_pause">
      
    </nax:Halt>
    </nax:Moments>
    </nax:Nax>
    </TPX>
    </Extensions>
    </Trackpoint>
<Trackpoint>
      <Time>
      2025-09-09T00:23:23.176Z
    </Time><DistanceMeters>
      3.445732844527811
    </DistanceMeters><Cadence>
      119.34544086456299
    </Cadence><SensorState>
      Present
    </SensorState><Extensions>
      <TPX xmlns="http://www.garmin.com/xmlschemas/ActivityExtension/v2">
      <nax:Nax>
      <nax:Moments>
      <nax:Halt xsi:type="nax:Halt_t" action="auto_pause">
      
    </nax:Halt>
    </nax:Moments>
    </nax:Nax>
    </TPX>
    </Extensions>
    </Trackpoint>
<Trackpoint>
      <Time>
      2025-09-09T00:23:23.197Z
    </Time><SensorState>
      Present
    </SensorState><Extensions>
      <TPX xmlns="http://www.garmin.com/xmlschemas/ActivityExtension/v2">
      <nax:Nax>
      <nax:DescentInMeters>
      0.05548858642578125
    </nax:DescentInMeters><nax:Moments>
      <nax:Halt xsi:type="nax:Halt_t" action="auto_pause">
      
    </nax:Halt>
    </nax:Moments>
    </nax:Nax>
    </TPX>
    </Extensions>
    </Trackpoint>
<Trackpoint>
      <Time>
      2025-09-09T00:23:24.257Z
    </Time><SensorState>
      Present
    </SensorState><Extensions>
      <TPX xmlns="http://www.garmin.com/xmlschemas/ActivityExtension/v2">
      <nax:Nax>
      <nax:DescentInMeters>
      0.06076812744140625
    </nax:DescentInMeters><nax:Moments>
      <nax:Halt xsi:type="nax:Halt_t" action="auto_pause">
      
    </nax:Halt>
    </nax:Moments>
    </nax:Nax>
    </TPX>
    </Extensions>
    </Trackpoint>
<Trackpoint>
      <Time>
      2025-09-09T00:23:25.317Z
    </Time><SensorState>
      Present
    </SensorState><Extensions>
      <TPX xmlns="http://www.garmin.com/xmlschemas/ActivityExtension/v2">
      <nax:Nax>
      <nax:DescentInMeters>
      0.06606292724609375
    </nax:DescentInMeters><nax:Moments>
      <nax:Halt xsi:type="nax:Halt_t" action="auto_pause">
      
    </nax:Halt>
    </nax:Moments>
    </nax:Nax>
    </TPX>
    </Extensions>
    </Trackpoint>
<Trackpoint>
      <Time>
      2025-09-09T00:23:25.730Z
    </Time><SensorState>
      Present
    </SensorState><Extensions>
      <TPX xmlns="http://www.garmin.com/xmlschemas/ActivityExtension/v2">
      <ns3:Speed>
      1.1302805678896726
    </ns3:Speed><nax:Nax>
      <nax:Pace>
      14.745601349039125
    </nax:Pace><nax:Moments>
      <nax:Halt xsi:type="nax:Halt_t" action="auto_pause">
      
    </nax:Halt>
    </nax:Moments>
    </nax:Nax>
    </TPX>
    </Extensions>
    </Trackpoint>
<Trackpoint>
      <Time>
      2025-09-09T00:23:25.731Z
    </Time><DistanceMeters>
      4.767371147638187
    </DistanceMeters><Cadence>
      119.34544086456299
    </Cadence><SensorState>
      Present
    </SensorState><Extensions>
      <TPX xmlns="http://www.garmin.com/xmlschemas/ActivityExtension/v2">
      <nax:Nax>
      <nax:Moments>
      <nax:Halt xsi:type="nax:Halt_t" action="auto_pause">
      
    </nax:Halt>
    </nax:Moments>
    </nax:Nax>
    </TPX>
    </Extensions>
    </Trackpoint>
<Trackpoint>
      <Time>
      2025-09-09T00:23:25.999Z
    </Time><Position>
      <LatitudeDegrees>
      47.42897990622971
    </LatitudeDegrees><LongitudeDegrees>
      -122.29136906817304
    </LongitudeDegrees>
    </Position><AltitudeMeters>
      110.43390458542854
    </AltitudeMeters><SensorState>
      Present
    </SensorState><Extensions>
      <TPX xmlns="http://www.garmin.com/xmlschemas/ActivityExtension/v2">
      <nax:Nax>
      <nax:Moments>
      <nax:Halt xsi:type="nax:Halt_t" action="auto_pause">
      
    </nax:Halt>
    </nax:Moments>
    </nax:Nax>
    </TPX>
    </Extensions>
    </Trackpoint>
<Trackpoint>
      <Time>
      2025-09-09T00:23:26.378Z
    </Time><SensorState>
      Present
    </SensorState><Extensions>
      <TPX xmlns="http://www.garmin.com/xmlschemas/ActivityExtension/v2">
      <nax:Nax>
      <nax:DescentInMeters>
      0.07134246826171875
    </nax:DescentInMeters><nax:Moments>
      <nax:Halt xsi:type="nax:Halt_t" action="auto_pause">
      
    </nax:Halt>
    </nax:Moments>
    </nax:Nax>
    </TPX>
    </Extensions>
    </Trackpoint>
<Trackpoint>
      <Time>
      2025-09-09T00:23:27.438Z
    </Time><SensorState>
      Present
    </SensorState><Extensions>
      <TPX xmlns="http://www.garmin.com/xmlschemas/ActivityExtension/v2">
      <nax:Nax>
      <nax:DescentInMeters>
      0.07134246826171875
    </nax:DescentInMeters><nax:Moments>
      <nax:Halt xsi:type="nax:Halt_t" action="auto_pause">
      
    </nax:Halt>
    </nax:Moments>
    </nax:Nax>
    </TPX>
    </Extensions>
    </Trackpoint>
<Trackpoint>
      <Time>
      2025-09-09T00:23:28.000Z
    </Time><SensorState>
      Present
    </SensorState><Extensions>
      <TPX xmlns="http://www.garmin.com/xmlschemas/ActivityExtension/v2">
      <nax:Nax>
      <nax:NikeFuel>
      2.531865856480164
    </nax:NikeFuel><nax:Moments>
      <nax:Halt xsi:type="nax:Halt_t" action="auto_pause">
      
    </nax:Halt>
    </nax:Moments>
    </nax:Nax>
    </TPX>
    </Extensions>
    </Trackpoint>
<Trackpoint>
      <Time>
      2025-09-09T00:23:28.286Z
    </Time><SensorState>
      Present
    </SensorState><Extensions>
      <TPX xmlns="http://www.garmin.com/xmlschemas/ActivityExtension/v2">
      <ns3:Speed>
      1.1302805678896726
    </ns3:Speed><nax:Nax>
      <nax:Pace>
      14.745601349039125
    </nax:Pace><nax:Moments>
      <nax:Halt xsi:type="nax:Halt_t" action="auto_pause">
      
    </nax:Halt>
    </nax:Moments>
    </nax:Nax>
    </TPX>
    </Extensions>
    </Trackpoint>
<Trackpoint>
      <Time>
      2025-09-09T00:23:28.287Z
    </Time><DistanceMeters>
      4.693708086851984
    </DistanceMeters><Cadence>
      119.34544086456299
    </Cadence><SensorState>
      Present
    </SensorState><Extensions>
      <TPX xmlns="http://www.garmin.com/xmlschemas/ActivityExtension/v2">
      <nax:Nax>
      <nax:Moments>
      <nax:Halt xsi:type="nax:Halt_t" action="auto_pause">
      
    </nax:Halt>
    </nax:Moments>
    </nax:Nax>
    </TPX>
    </Extensions>
    </Trackpoint>
<Trackpoint>
      <Time>
      2025-09-09T00:23:28.498Z
    </Time><SensorState>
      Present
    </SensorState><Extensions>
      <TPX xmlns="http://www.garmin.com/xmlschemas/ActivityExtension/v2">
      <nax:Nax>
      <nax:DescentInMeters>
      0.07398223876953125
    </nax:DescentInMeters><nax:Moments>
      <nax:Halt xsi:type="nax:Halt_t" action="auto_pause">
      
    </nax:Halt>
    </nax:Moments>
    </nax:Nax>
    </TPX>
    </Extensions>
    </Trackpoint>
<Trackpoint>
      <Time>
      2025-09-09T00:23:29.558Z
    </Time><SensorState>
      Present
    </SensorState><Extensions>
      <TPX xmlns="http://www.garmin.com/xmlschemas/ActivityExtension/v2">
      <nax:Nax>
      <nax:DescentInMeters>
      0.0819091796875
    </nax:DescentInMeters><nax:Moments>
      <nax:Halt xsi:type="nax:Halt_t" action="auto_pause">
      
    </nax:Halt>
    </nax:Moments>
    </nax:Nax>
    </TPX>
    </Extensions>
    </Trackpoint>
<Trackpoint>
      <Time>
      2025-09-09T00:23:30.618Z
    </Time><SensorState>
      Present
    </SensorState><Extensions>
      <TPX xmlns="http://www.garmin.com/xmlschemas/ActivityExtension/v2">
      <nax:Nax>
      <nax:DescentInMeters>
      0.02114105224609375
    </nax:DescentInMeters><nax:Moments>
      <nax:Halt xsi:type="nax:Halt_t" action="auto_pause">
      
    </nax:Halt>
    </nax:Moments>
    </nax:Nax>
    </TPX>
    </Extensions>
    </Trackpoint>
<Trackpoint>
      <Time>
      2025-09-09T00:23:30.841Z
    </Time><SensorState>
      Present
    </SensorState><Extensions>
      <TPX xmlns="http://www.garmin.com/xmlschemas/ActivityExtension/v2">
      <ns3:Speed>
      1.1302805678896726
    </ns3:Speed><nax:Nax>
      <nax:Pace>
      14.745601349039125
    </nax:Pace><nax:Moments>
      <nax:Halt xsi:type="nax:Halt_t" action="auto_pause">
      
    </nax:Halt>
    </nax:Moments>
    </nax:Nax>
    </TPX>
    </Extensions>
    </Trackpoint>
<Trackpoint>
      <Time>
      2025-09-09T00:23:30.842Z
    </Time><DistanceMeters>
      3.891550126951188
    </DistanceMeters><Cadence>
      143.11031341552734
    </Cadence><SensorState>
      Present
    </SensorState><Extensions>
      <TPX xmlns="http://www.garmin.com/xmlschemas/ActivityExtension/v2">
      <nax:Nax>
      <nax:Moments>
      <nax:Halt xsi:type="nax:Halt_t" action="auto_pause">
      
    </nax:Halt>
    </nax:Moments>
    </nax:Nax>
    </TPX>
    </Extensions>
    </Trackpoint>
<Trackpoint>
      <Time>
      2025-09-09T00:23:31.678Z
    </Time><SensorState>
      Present
    </SensorState><Extensions>
      <TPX xmlns="http://www.garmin.com/xmlschemas/ActivityExtension/v2">
      <nax:Nax>
      <nax:DescentInMeters>
      0.0343475341796875
    </nax:DescentInMeters><nax:Moments>
      <nax:Halt xsi:type="nax:Halt_t" action="auto_pause">
      
    </nax:Halt>
    </nax:Moments>
    </nax:Nax>
    </TPX>
    </Extensions>
    </Trackpoint>
<Trackpoint>
      <Time>
      2025-09-09T00:23:31.999Z
    </Time><Position>
      <LatitudeDegrees>
      47.42890375556254
    </LatitudeDegrees><LongitudeDegrees>
      -122.29129629109288
    </LongitudeDegrees>
    </Position><AltitudeMeters>
      109.4778655488044
    </AltitudeMeters><SensorState>
      Present
    </SensorState><Extensions>
      <TPX xmlns="http://www.garmin.com/xmlschemas/ActivityExtension/v2">
      <nax:Nax>
      <nax:Moments>
      <nax:Halt xsi:type="nax:Halt_t" action="auto_pause">
      
    </nax:Halt>
    </nax:Moments>
    </nax:Nax>
    </TPX>
    </Extensions>
    </Trackpoint>
<Trackpoint>
      <Time>
      2025-09-09T00:23:33.397Z
    </Time><SensorState>
      Present
    </SensorState><Extensions>
      <TPX xmlns="http://www.garmin.com/xmlschemas/ActivityExtension/v2">
      <ns3:Speed>
      1.63525154969021
    </ns3:Speed><nax:Nax>
      <nax:Pace>
      10.192111831249498
    </nax:Pace><nax:Moments>
      <nax:Halt xsi:type="nax:Halt_t" action="auto_pause">
      
    </nax:Halt>
    </nax:Moments>
    </nax:Nax>
    </TPX>
    </Extensions>
    </Trackpoint>
<Trackpoint>
      <Time>
      2025-09-09T00:23:33.398Z
    </Time><DistanceMeters>
      4.528543797321618
    </DistanceMeters><Cadence>
      144.83469486236572
    </Cadence><SensorState>
      Present
    </SensorState><Extensions>
      <TPX xmlns="http://www.garmin.com/xmlschemas/ActivityExtension/v2">
      <nax:Nax>
      <nax:Moments>
      <nax:Halt xsi:type="nax:Halt_t" action="auto_pause">
      
    </nax:Halt>
    </nax:Moments>
    </nax:Nax>
    </TPX>
    </Extensions>
    </Trackpoint>
<Trackpoint>
      <Time>
      2025-09-09T00:23:35.918Z
    </Time><SensorState>
      Present
    </SensorState><Extensions>
      <TPX xmlns="http://www.garmin.com/xmlschemas/ActivityExtension/v2">
      <nax:Nax>
      <nax:AscentInMeters>
      0.13475799560546875
    </nax:AscentInMeters><nax:Moments>
      <nax:Halt xsi:type="nax:Halt_t" action="auto_pause">
      
    </nax:Halt>
    </nax:Moments>
    </nax:Nax>
    </TPX>
    </Extensions>
    </Trackpoint>
<Trackpoint>
      <Time>
      2025-09-09T00:23:35.952Z
    </Time><SensorState>
      Present
    </SensorState><Extensions>
      <TPX xmlns="http://www.garmin.com/xmlschemas/ActivityExtension/v2">
      <ns3:Speed>
      1.671059461634439
    </ns3:Speed><nax:Nax>
      <nax:Pace>
      9.973712515511114
    </nax:Pace><nax:Moments>
      <nax:Halt xsi:type="nax:Halt_t" action="auto_pause">
      
    </nax:Halt>
    </nax:Moments>
    </nax:Nax>
    </TPX>
    </Extensions>
    </Trackpoint>
<Trackpoint>
      <Time>
      2025-09-09T00:23:35.953Z
    </Time><DistanceMeters>
      6.95422690641135
    </DistanceMeters><Cadence>
      144.83469486236572
    </Cadence><SensorState>
      Present
    </SensorState><Extensions>
      <TPX xmlns="http://www.garmin.com/xmlschemas/ActivityExtension/v2">
      <nax:Nax>
      <nax:Moments>
      <nax:Halt xsi:type="nax:Halt_t" action="auto_pause">
      
    </nax:Halt>
    </nax:Moments>
    </nax:Nax>
    </TPX>
    </Extensions>
    </Trackpoint>
<Trackpoint>
      <Time>
      2025-09-09T00:23:36.978Z
    </Time><SensorState>
      Present
    </SensorState><Extensions>
      <TPX xmlns="http://www.garmin.com/xmlschemas/ActivityExtension/v2">
      <nax:Nax>
      <nax:AscentInMeters>
      0.14532470703125
    </nax:AscentInMeters><nax:Moments>
      <nax:Halt xsi:type="nax:Halt_t" action="auto_pause">
      
    </nax:Halt>
    </nax:Moments>
    </nax:Nax>
    </TPX>
    </Extensions>
    </Trackpoint>
<Trackpoint>
      <Time>
      2025-09-09T00:23:36.999Z
    </Time><Position>
      <LatitudeDegrees>
      47.428911071645196
    </LatitudeDegrees><LongitudeDegrees>
      -122.29114960674166
    </LongitudeDegrees>
    </Position><AltitudeMeters>
      110.33860089816153
    </AltitudeMeters><SensorState>
      Present
    </SensorState><Extensions>
      <TPX xmlns="http://www.garmin.com/xmlschemas/ActivityExtension/v2">
      <nax:Nax>
      <nax:Moments>
      <nax:Halt xsi:type="nax:Halt_t" action="auto_pause">
      
    </nax:Halt>
    </nax:Moments>
    </nax:Nax>
    </TPX>
    </Extensions>
    </Trackpoint>
<Trackpoint>
      <Time>
      2025-09-09T00:23:38.000Z
    </Time><SensorState>
      Present
    </SensorState><Extensions>
      <TPX xmlns="http://www.garmin.com/xmlschemas/ActivityExtension/v2">
      <nax:Nax>
      <nax:NikeFuel>
      4.2228971061073075
    </nax:NikeFuel><nax:Moments>
      <nax:Halt xsi:type="nax:Halt_t" action="auto_pause">
      
    </nax:Halt>
    </nax:Moments>
    </nax:Nax>
    </TPX>
    </Extensions>
    </Trackpoint>
<Trackpoint>
      <Time>
      2025-09-09T00:23:38.038Z
    </Time><SensorState>
      Present
    </SensorState><Extensions>
      <TPX xmlns="http://www.garmin.com/xmlschemas/ActivityExtension/v2">
      <nax:Nax>
      <nax:AscentInMeters>
      0.1294708251953125
    </nax:AscentInMeters><nax:Moments>
      <nax:Halt xsi:type="nax:Halt_t" action="auto_pause">
      
    </nax:Halt>
    </nax:Moments>
    </nax:Nax>
    </TPX>
    </Extensions>
    </Trackpoint>
<Trackpoint>
      <Time>
      2025-09-09T00:23:38.508Z
    </Time><DistanceMeters>
      5.439542719163001
    </DistanceMeters><SensorState>
      Present
    </SensorState><Extensions>
      <TPX xmlns="http://www.garmin.com/xmlschemas/ActivityExtension/v2">
      <ns3:Speed>
      1.671059461634439
    </ns3:Speed><nax:Nax>
      <nax:Pace>
      9.973712515511114
    </nax:Pace><nax:Moments>
      <nax:Halt xsi:type="nax:Halt_t" action="auto_pause">
      
    </nax:Halt>
    </nax:Moments>
    </nax:Nax>
    </TPX>
    </Extensions>
    </Trackpoint>
<Trackpoint>
      <Time>
      2025-09-09T00:23:38.509Z
    </Time><Cadence>
      144.83469486236572
    </Cadence><SensorState>
      Present
    </SensorState><Extensions>
      <TPX xmlns="http://www.garmin.com/xmlschemas/ActivityExtension/v2">
      <nax:Nax>
      <nax:Moments>
      <nax:Halt xsi:type="nax:Halt_t" action="auto_pause">
      
    </nax:Halt>
    </nax:Moments>
    </nax:Nax>
    </TPX>
    </Extensions>
    </Trackpoint>
<Trackpoint>
      <Time>
      2025-09-09T00:23:39.098Z
    </Time><SensorState>
      Present
    </SensorState><Extensions>
      <TPX xmlns="http://www.garmin.com/xmlschemas/ActivityExtension/v2">
      <nax:Nax>
      <nax:AscentInMeters>
      0.1426849365234375
    </nax:AscentInMeters><nax:Moments>
      <nax:Halt xsi:type="nax:Halt_t" action="auto_pause">
      
    </nax:Halt>
    </nax:Moments>
    </nax:Nax>
    </TPX>
    </Extensions>
    </Trackpoint>
<Trackpoint>
      <Time>
      2025-09-09T00:23:40.158Z
    </Time><SensorState>
      Present
    </SensorState><Extensions>
      <TPX xmlns="http://www.garmin.com/xmlschemas/ActivityExtension/v2">
      <nax:Nax>
      <nax:AscentInMeters>
      0.13475799560546875
    </nax:AscentInMeters><nax:Moments>
      <nax:Halt xsi:type="nax:Halt_t" action="auto_pause">
      
    </nax:Halt>
    </nax:Moments>
    </nax:Nax>
    </TPX>
    </Extensions>
    </Trackpoint>
<Trackpoint>
      <Time>
      2025-09-09T00:23:41.063Z
    </Time><SensorState>
      Present
    </SensorState><Extensions>
      <TPX xmlns="http://www.garmin.com/xmlschemas/ActivityExtension/v2">
      <ns3:Speed>
      1.671059461634439
    </ns3:Speed><nax:Nax>
      <nax:Pace>
      9.973712515511114
    </nax:Pace><nax:Moments>
      <nax:Halt xsi:type="nax:Halt_t" action="auto_pause">
      
    </nax:Halt>
    </nax:Moments>
    </nax:Nax>
    </TPX>
    </Extensions>
    </Trackpoint>
<Trackpoint>
      <Time>
      2025-09-09T00:23:41.064Z
    </Time><DistanceMeters>
      6.076934173470363
    </DistanceMeters><Cadence>
      156.9950294494629
    </Cadence><SensorState>
      Present
    </SensorState><Extensions>
      <TPX xmlns="http://www.garmin.com/xmlschemas/ActivityExtension/v2">
      <nax:Nax>
      <nax:Moments>
      <nax:Halt xsi:type="nax:Halt_t" action="auto_pause">
      
    </nax:Halt>
    </nax:Moments>
    </nax:Nax>
    </TPX>
    </Extensions>
    </Trackpoint>
<Trackpoint>
      <Time>
      2025-09-09T00:23:41.218Z
    </Time><SensorState>
      Present
    </SensorState><Extensions>
      <TPX xmlns="http://www.garmin.com/xmlschemas/ActivityExtension/v2">
      <nax:Nax>
      <nax:AscentInMeters>
      0.13211822509765625
    </nax:AscentInMeters><nax:Moments>
      <nax:Halt xsi:type="nax:Halt_t" action="auto_pause">
      
    </nax:Halt>
    </nax:Moments>
    </nax:Nax>
    </TPX>
    </Extensions>
    </Trackpoint>
<Trackpoint>
      <Time>
      2025-09-09T00:23:41.999Z
    </Time><Position>
      <LatitudeDegrees>
      47.42894388687346
    </LatitudeDegrees><LongitudeDegrees>
      -122.29100775719456
    </LongitudeDegrees>
    </Position><AltitudeMeters>
      111.21521467436105
    </AltitudeMeters><SensorState>
      Present
    </SensorState><Extensions>
      <TPX xmlns="http://www.garmin.com/xmlschemas/ActivityExtension/v2">
      <nax:Nax>
      <nax:Moments>
      <nax:Halt xsi:type="nax:Halt_t" action="auto_pause">
      
    </nax:Halt>
    </nax:Moments>
    </nax:Nax>
    </TPX>
    </Extensions>
    </Trackpoint>
<Trackpoint>
      <Time>
      2025-09-09T00:23:42.278Z
    </Time><SensorState>
      Present
    </SensorState><Extensions>
      <TPX xmlns="http://www.garmin.com/xmlschemas/ActivityExtension/v2">
      <nax:Nax>
      <nax:AscentInMeters>
      0.1268310546875
    </nax:AscentInMeters><nax:Moments>
      <nax:Halt xsi:type="nax:Halt_t" action="auto_pause">
      
    </nax:Halt>
    </nax:Moments>
    </nax:Nax>
    </TPX>
    </Extensions>
    </Trackpoint>
<Trackpoint>
      <Time>
      2025-09-09T00:23:43.337Z
    </Time><SensorState>
      Present
    </SensorState><Extensions>
      <TPX xmlns="http://www.garmin.com/xmlschemas/ActivityExtension/v2">
      <nax:Nax>
      <nax:AscentInMeters>
      0.1268310546875
    </nax:AscentInMeters><nax:Moments>
      <nax:Halt xsi:type="nax:Halt_t" action="auto_pause">
      
    </nax:Halt>
    </nax:Moments>
    </nax:Nax>
    </TPX>
    </Extensions>
    </Trackpoint>
<Trackpoint>
      <Time>
      2025-09-09T00:23:43.619Z
    </Time><SensorState>
      Present
    </SensorState><Extensions>
      <TPX xmlns="http://www.garmin.com/xmlschemas/ActivityExtension/v2">
      <ns3:Speed>
      2.1554441107226032
    </ns3:Speed><nax:Nax>
      <nax:Pace>
      7.732358535188018
    </nax:Pace><nax:Moments>
      <nax:Halt xsi:type="nax:Halt_t" action="auto_pause">
      
    </nax:Halt>
    </nax:Moments>
    </nax:Nax>
    </TPX>
    </Extensions>
    </Trackpoint>
<Trackpoint>
      <Time>
      2025-09-09T00:23:43.620Z
    </Time><DistanceMeters>
      5.555169752100483
    </DistanceMeters><Cadence>
      154.4240427017212
    </Cadence><SensorState>
      Present
    </SensorState><Extensions>
      <TPX xmlns="http://www.garmin.com/xmlschemas/ActivityExtension/v2">
      <nax:Nax>
      <nax:Moments>
      <nax:Halt xsi:type="nax:Halt_t" action="auto_pause">
      
    </nax:Halt>
    </nax:Moments>
    </nax:Nax>
    </TPX>
    </Extensions>
    </Trackpoint>
<Trackpoint>
      <Time>
      2025-09-09T00:23:44.398Z
    </Time><SensorState>
      Present
    </SensorState><Extensions>
      <TPX xmlns="http://www.garmin.com/xmlschemas/ActivityExtension/v2">
      <nax:Nax>
      <nax:AscentInMeters>
      0.10833740234375
    </nax:AscentInMeters><nax:Moments>
      <nax:Halt xsi:type="nax:Halt_t" action="auto_pause">
      
    </nax:Halt>
    </nax:Moments>
    </nax:Nax>
    </TPX>
    </Extensions>
    </Trackpoint>
<Trackpoint>
      <Time>
      2025-09-09T00:23:45.458Z
    </Time><SensorState>
      Present
    </SensorState><Extensions>
      <TPX xmlns="http://www.garmin.com/xmlschemas/ActivityExtension/v2">
      <nax:Nax>
      <nax:AscentInMeters>
      0.08983612060546875
    </nax:AscentInMeters><nax:Moments>
      <nax:Halt xsi:type="nax:Halt_t" action="auto_pause">
      
    </nax:Halt>
    </nax:Moments>
    </nax:Nax>
    </TPX>
    </Extensions>
    </Trackpoint>
<Trackpoint>
      <Time>
      2025-09-09T00:23:46.174Z
    </Time><SensorState>
      Present
    </SensorState><Extensions>
      <TPX xmlns="http://www.garmin.com/xmlschemas/ActivityExtension/v2">
      <ns3:Speed>
      2.1543389704211857
    </ns3:Speed><nax:Nax>
      <nax:Pace>
      7.736325107375389
    </nax:Pace><nax:Moments>
      <nax:Halt xsi:type="nax:Halt_t" action="auto_pause">
      
    </nax:Halt>
    </nax:Moments>
    </nax:Nax>
    </TPX>
    </Extensions>
    </Trackpoint>
<Trackpoint>
      <Time>
      2025-09-09T00:23:46.175Z
    </Time><DistanceMeters>
      6.323338150745258
    </DistanceMeters><Cadence>
      153.08648586273193
    </Cadence><SensorState>
      Present
    </SensorState><Extensions>
      <TPX xmlns="http://www.garmin.com/xmlschemas/ActivityExtension/v2">
      <nax:Nax>
      <nax:Moments>
      <nax:Halt xsi:type="nax:Halt_t" action="auto_pause">
      
    </nax:Halt>
    </nax:Moments>
    </nax:Nax>
    </TPX>
    </Extensions>
    </Trackpoint>
<Trackpoint>
      <Time>
      2025-09-09T00:23:46.518Z
    </Time><SensorState>
      Present
    </SensorState><Extensions>
      <TPX xmlns="http://www.garmin.com/xmlschemas/ActivityExtension/v2">
      <nax:Nax>
      <nax:AscentInMeters>
      0.09777069091796875
    </nax:AscentInMeters><nax:Moments>
      <nax:Halt xsi:type="nax:Halt_t" action="auto_pause">
      
    </nax:Halt>
    </nax:Moments>
    </nax:Nax>
    </TPX>
    </Extensions>
    </Trackpoint>
<Trackpoint>
      <Time>
      2025-09-09T00:23:46.999Z
    </Time><Position>
      <LatitudeDegrees>
      47.42896932932827
    </LatitudeDegrees><LongitudeDegrees>
      -122.29085159777725
    </LongitudeDegrees>
    </Position><AltitudeMeters>
      110.73344212118536
    </AltitudeMeters><SensorState>
      Present
    </SensorState><Extensions>
      <TPX xmlns="http://www.garmin.com/xmlschemas/ActivityExtension/v2">
      <nax:Nax>
      <nax:Moments>
      <nax:Halt xsi:type="nax:Halt_t" action="auto_pause">
      
    </nax:Halt>
    </nax:Moments>
    </nax:Nax>
    </TPX>
    </Extensions>
    </Trackpoint>
<Trackpoint>
      <Time>
      2025-09-09T00:23:47.578Z
    </Time><SensorState>
      Present
    </SensorState><Extensions>
      <TPX xmlns="http://www.garmin.com/xmlschemas/ActivityExtension/v2">
      <nax:Nax>
      <nax:AscentInMeters>
      0.07398223876953125
    </nax:AscentInMeters><nax:Moments>
      <nax:Halt xsi:type="nax:Halt_t" action="auto_pause">
      
    </nax:Halt>
    </nax:Moments>
    </nax:Nax>
    </TPX>
    </Extensions>
    </Trackpoint>
<Trackpoint>
      <Time>
      2025-09-09T00:23:48.000Z
    </Time><SensorState>
      Present
    </SensorState><Extensions>
      <TPX xmlns="http://www.garmin.com/xmlschemas/ActivityExtension/v2">
      <nax:Nax>
      <nax:NikeFuel>
      5.562734480405951
    </nax:NikeFuel><nax:Moments>
      <nax:Halt xsi:type="nax:Halt_t" action="auto_pause">
      
    </nax:Halt>
    </nax:Moments>
    </nax:Nax>
    </TPX>
    </Extensions>
    </Trackpoint>
<Trackpoint>
      <Time>
      2025-09-09T00:23:48.638Z
    </Time><SensorState>
      Present
    </SensorState><Extensions>
      <TPX xmlns="http://www.garmin.com/xmlschemas/ActivityExtension/v2">
      <nax:Nax>
      <nax:AscentInMeters>
      0.07134246826171875
    </nax:AscentInMeters><nax:Moments>
      <nax:Halt xsi:type="nax:Halt_t" action="auto_pause">
      
    </nax:Halt>
    </nax:Moments>
    </nax:Nax>
    </TPX>
    </Extensions>
    </Trackpoint>
<Trackpoint>
      <Time>
      2025-09-09T00:23:48.730Z
    </Time><SensorState>
      Present
    </SensorState><Extensions>
      <TPX xmlns="http://www.garmin.com/xmlschemas/ActivityExtension/v2">
      <ns3:Speed>
      2.162077669803788
    </ns3:Speed><nax:Nax>
      <nax:Pace>
      7.7086345691638325
    </nax:Pace><nax:Moments>
      <nax:Halt xsi:type="nax:Halt_t" action="auto_pause">
      
    </nax:Halt>
    </nax:Moments>
    </nax:Nax>
    </TPX>
    </Extensions>
    </Trackpoint>
<Trackpoint>
      <Time>
      2025-09-09T00:23:48.731Z
    </Time><DistanceMeters>
      8.914648932171986
    </DistanceMeters><Cadence>
      152.02075481414795
    </Cadence><SensorState>
      Present
    </SensorState><Extensions>
      <TPX xmlns="http://www.garmin.com/xmlschemas/ActivityExtension/v2">
      <nax:Nax>
      <nax:Moments>
      <nax:Halt xsi:type="nax:Halt_t" action="auto_pause">
      
    </nax:Halt>
    </nax:Moments>
    </nax:Nax>
    </TPX>
    </Extensions>
    </Trackpoint>
<Trackpoint>
      <Time>
      2025-09-09T00:23:49.698Z
    </Time><SensorState>
      Present
    </SensorState><Extensions>
      <TPX xmlns="http://www.garmin.com/xmlschemas/ActivityExtension/v2">
      <nax:Nax>
      <nax:AscentInMeters>
      0.0792694091796875
    </nax:AscentInMeters><nax:Moments>
      <nax:Halt xsi:type="nax:Halt_t" action="auto_pause">
      
    </nax:Halt>
    </nax:Moments>
    </nax:Nax>
    </TPX>
    </Extensions>
    </Trackpoint>
<Trackpoint>
      <Time>
      2025-09-09T00:23:50.758Z
    </Time><SensorState>
      Present
    </SensorState><Extensions>
      <TPX xmlns="http://www.garmin.com/xmlschemas/ActivityExtension/v2">
      <nax:Nax>
      <nax:AscentInMeters>
      0.08983612060546875
    </nax:AscentInMeters><nax:Moments>
      <nax:Halt xsi:type="nax:Halt_t" action="auto_pause">
      
    </nax:Halt>
    </nax:Moments>
    </nax:Nax>
    </TPX>
    </Extensions>
    </Trackpoint>
<Trackpoint>
      <Time>
      2025-09-09T00:23:51.000Z
    </Time><Position>
      <LatitudeDegrees>
      47.42901736435122
    </LatitudeDegrees><LongitudeDegrees>
      -122.29070515021688
    </LongitudeDegrees>
    </Position><AltitudeMeters>
      111.8398292278871
    </AltitudeMeters><SensorState>
      Present
    </SensorState><Extensions>
      <TPX xmlns="http://www.garmin.com/xmlschemas/ActivityExtension/v2">
      <nax:Nax>
      <nax:Moments>
      <nax:Halt xsi:type="nax:Halt_t" action="auto_pause">
      
    </nax:Halt>
    </nax:Moments>
    </nax:Nax>
    </TPX>
    </Extensions>
    </Trackpoint>
<Trackpoint>
      <Time>
      2025-09-09T00:23:51.285Z
    </Time><SensorState>
      Present
    </SensorState><Extensions>
      <TPX xmlns="http://www.garmin.com/xmlschemas/ActivityExtension/v2">
      <ns3:Speed>
      2.159993193183767
    </ns3:Speed><nax:Nax>
      <nax:Pace>
      7.716073698408506
    </nax:Pace><nax:Moments>
      <nax:Halt xsi:type="nax:Halt_t" action="auto_pause">
      
    </nax:Halt>
    </nax:Moments>
    </nax:Nax>
    </TPX>
    </Extensions>
    </Trackpoint>
<Trackpoint>
      <Time>
      2025-09-09T00:23:51.286Z
    </Time><DistanceMeters>
      7.228695139987394
    </DistanceMeters><Cadence>
      151.92842960357666
    </Cadence><SensorState>
      Present
    </SensorState><Extensions>
      <TPX xmlns="http://www.garmin.com/xmlschemas/ActivityExtension/v2">
      <nax:Nax>
      <nax:Moments>
      <nax:Halt xsi:type="nax:Halt_t" action="auto_pause">
      
    </nax:Halt>
    </nax:Moments>
    </nax:Nax>
    </TPX>
    </Extensions>
    </Trackpoint>
<Trackpoint>
      <Time>
      2025-09-09T00:23:51.817Z
    </Time><SensorState>
      Present
    </SensorState><Extensions>
      <TPX xmlns="http://www.garmin.com/xmlschemas/ActivityExtension/v2">
      <nax:Nax>
      <nax:AscentInMeters>
      0.08191680908203125
    </nax:AscentInMeters><nax:Moments>
      <nax:Halt xsi:type="nax:Halt_t" action="auto_pause">
      
    </nax:Halt>
    </nax:Moments>
    </nax:Nax>
    </TPX>
    </Extensions>
    </Trackpoint>
<Trackpoint>
      <Time>
      2025-09-09T00:23:52.878Z
    </Time><SensorState>
      Present
    </SensorState><Extensions>
      <TPX xmlns="http://www.garmin.com/xmlschemas/ActivityExtension/v2">
      <nax:Nax>
      <nax:AscentInMeters>
      0.07398223876953125
    </nax:AscentInMeters><nax:Moments>
      <nax:Halt xsi:type="nax:Halt_t" action="auto_pause">
      
    </nax:Halt>
    </nax:Moments>
    </nax:Nax>
    </TPX>
    </Extensions>
    </Trackpoint>
<Trackpoint>
      <Time>
      2025-09-09T00:23:53.841Z
    </Time><SensorState>
      Present
    </SensorState><Extensions>
      <TPX xmlns="http://www.garmin.com/xmlschemas/ActivityExtension/v2">
      <ns3:Speed>
      2.170173554521776
    </ns3:Speed><nax:Nax>
      <nax:Pace>
      7.679877322226132
    </nax:Pace><nax:Moments>
      <nax:Halt xsi:type="nax:Halt_t" action="auto_pause">
      
    </nax:Halt>
    </nax:Moments>
    </nax:Nax>
    </TPX>
    </Extensions>
    </Trackpoint>
<Trackpoint>
      <Time>
      2025-09-09T00:23:53.842Z
    </Time><DistanceMeters>
      8.36035346542485
    </DistanceMeters><Cadence>
      152.02096939086914
    </Cadence><SensorState>
      Present
    </SensorState><Extensions>
      <TPX xmlns="http://www.garmin.com/xmlschemas/ActivityExtension/v2">
      <nax:Nax>
      <nax:Moments>
      <nax:Halt xsi:type="nax:Halt_t" action="auto_pause">
      
    </nax:Halt>
    </nax:Moments>
    </nax:Nax>
    </TPX>
    </Extensions>
    </Trackpoint>
<Trackpoint>
      <Time>
      2025-09-09T00:23:53.938Z
    </Time><SensorState>
      Present
    </SensorState><Extensions>
      <TPX xmlns="http://www.garmin.com/xmlschemas/ActivityExtension/v2">
      <nax:Nax>
      <nax:AscentInMeters>
      0.06606292724609375
    </nax:AscentInMeters><nax:Moments>
      <nax:Halt xsi:type="nax:Halt_t" action="auto_pause">
      
    </nax:Halt>
    </nax:Moments>
    </nax:Nax>
    </TPX>
    </Extensions>
    </Trackpoint>
<Trackpoint>
      <Time>
      2025-09-09T00:23:54.998Z
    </Time><SensorState>
      Present
    </SensorState><Extensions>
      <TPX xmlns="http://www.garmin.com/xmlschemas/ActivityExtension/v2">
      <nax:Nax>
      <nax:AscentInMeters>
      0.0343475341796875
    </nax:AscentInMeters><nax:Moments>
      <nax:Halt xsi:type="nax:Halt_t" action="auto_pause">
      
    </nax:Halt>
    </nax:Moments>
    </nax:Nax>
    </TPX>
    </Extensions>
    </Trackpoint>
<Trackpoint>
      <Time>
      2025-09-09T00:23:55.000Z
    </Time><Position>
      <LatitudeDegrees>
      47.42906020916365
    </LatitudeDegrees><LongitudeDegrees>
      -122.29054985313849
    </LongitudeDegrees>
    </Position><AltitudeMeters>
      112.25737174600363
    </AltitudeMeters><SensorState>
      Present
    </SensorState><Extensions>
      <TPX xmlns="http://www.garmin.com/xmlschemas/ActivityExtension/v2">
      <nax:Nax>
      <nax:Moments>
      <nax:Halt xsi:type="nax:Halt_t" action="auto_pause">
      
    </nax:Halt>
    </nax:Moments>
    </nax:Nax>
    </TPX>
    </Extensions>
    </Trackpoint>
<Trackpoint>
      <Time>
      2025-09-09T00:23:56.058Z
    </Time><SensorState>
      Present
    </SensorState><Extensions>
      <TPX xmlns="http://www.garmin.com/xmlschemas/ActivityExtension/v2">
      <nax:Nax>
      <nax:AscentInMeters>
      0.05548858642578125
    </nax:AscentInMeters><nax:Moments>
      <nax:Halt xsi:type="nax:Halt_t" action="auto_pause">
      
    </nax:Halt>
    </nax:Moments>
    </nax:Nax>
    </TPX>
    </Extensions>
    </Trackpoint>
<Trackpoint>
      <Time>
      2025-09-09T00:23:56.396Z
    </Time><DistanceMeters>
      6.43382555199787
    </DistanceMeters><SensorState>
      Present
    </SensorState><Extensions>
      <TPX xmlns="http://www.garmin.com/xmlschemas/ActivityExtension/v2">
      <ns3:Speed>
      2.183606669286706
    </ns3:Speed><nax:Nax>
      <nax:Pace>
      7.632632241460856
    </nax:Pace><nax:Moments>
      <nax:Halt xsi:type="nax:Halt_t" action="auto_pause">
      
    </nax:Halt>
    </nax:Moments>
    </nax:Nax>
    </TPX>
    </Extensions>
    </Trackpoint>
<Trackpoint>
      <Time>
      2025-09-09T00:23:56.397Z
    </Time><Cadence>
      152.46927738189697
    </Cadence><SensorState>
      Present
    </SensorState><Extensions>
      <TPX xmlns="http://www.garmin.com/xmlschemas/ActivityExtension/v2">
      <nax:Nax>
      <nax:Moments>
      <nax:Halt xsi:type="nax:Halt_t" action="auto_pause">
      
    </nax:Halt>
    </nax:Moments>
    </nax:Nax>
    </TPX>
    </Extensions>
    </Trackpoint>
<Trackpoint>
      <Time>
      2025-09-09T00:23:57.118Z
    </Time><SensorState>
      Present
    </SensorState><Extensions>
      <TPX xmlns="http://www.garmin.com/xmlschemas/ActivityExtension/v2">
      <nax:Nax>
      <nax:AscentInMeters>
      0.05284881591796875
    </nax:AscentInMeters><nax:Moments>
      <nax:Halt xsi:type="nax:Halt_t" action="auto_pause">
      
    </nax:Halt>
    </nax:Moments>
    </nax:Nax>
    </TPX>
    </Extensions>
    </Trackpoint>
<Trackpoint>
      <Time>
      2025-09-09T00:23:58.000Z
    </Time><SensorState>
      Present
    </SensorState><Extensions>
      <TPX xmlns="http://www.garmin.com/xmlschemas/ActivityExtension/v2">
      <nax:Nax>
      <nax:NikeFuel>
      6.674839034054077
    </nax:NikeFuel><nax:Moments>
      <nax:Halt xsi:type="nax:Halt_t" action="auto_pause">
      
    </nax:Halt>
    </nax:Moments>
    </nax:Nax>
    </TPX>
    </Extensions>
    </Trackpoint>
<Trackpoint>
      <Time>
      2025-09-09T00:23:58.178Z
    </Time><SensorState>
      Present
    </SensorState><Extensions>
      <TPX xmlns="http://www.garmin.com/xmlschemas/ActivityExtension/v2">
      <nax:Nax>
      <nax:AscentInMeters>
      0.02906036376953125
    </nax:AscentInMeters><nax:Moments>
      <nax:Halt xsi:type="nax:Halt_t" action="auto_pause">
      
    </nax:Halt>
    </nax:Moments>
    </nax:Nax>
    </TPX>
    </Extensions>
    </Trackpoint>
<Trackpoint>
      <Time>
      2025-09-09T00:23:58.951Z
    </Time><SensorState>
      Present
    </SensorState><Extensions>
      <TPX xmlns="http://www.garmin.com/xmlschemas/ActivityExtension/v2">
      <ns3:Speed>
      2.1991997378134385
    </ns3:Speed><nax:Nax>
      <nax:Pace>
      7.578514302315057
    </nax:Pace><nax:Moments>
      <nax:Halt xsi:type="nax:Halt_t" action="auto_pause">
      
    </nax:Halt>
    </nax:Moments>
    </nax:Nax>
    </TPX>
    </Extensions>
    </Trackpoint>
<Trackpoint>
      <Time>
      2025-09-09T00:23:58.952Z
    </Time><DistanceMeters>
      7.440421205246821
    </DistanceMeters><Cadence>
      152.61500358581543
    </Cadence><SensorState>
      Present
    </SensorState><Extensions>
      <TPX xmlns="http://www.garmin.com/xmlschemas/ActivityExtension/v2">
      <nax:Nax>
      <nax:Moments>
      <nax:Halt xsi:type="nax:Halt_t" action="auto_pause">
      
    </nax:Halt>
    </nax:Moments>
    </nax:Nax>
    </TPX>
    </Extensions>
    </Trackpoint>
<Trackpoint>
      <Time>
      2025-09-09T00:23:59.000Z
    </Time><Position>
      <LatitudeDegrees>
      47.42910441623565
    </LatitudeDegrees><LongitudeDegrees>
      -122.29041707296803
    </LongitudeDegrees>
    </Position><AltitudeMeters>
      112.40454512368888
    </AltitudeMeters><SensorState>
      Present
    </SensorState><Extensions>
      <TPX xmlns="http://www.garmin.com/xmlschemas/ActivityExtension/v2">
      <nax:Nax>
      <nax:Moments>
      <nax:Halt xsi:type="nax:Halt_t" action="auto_pause">
      
    </nax:Halt>
    </nax:Moments>
    </nax:Nax>
    </TPX>
    </Extensions>
    </Trackpoint>
<Trackpoint>
      <Time>
      2025-09-09T00:23:59.238Z
    </Time><SensorState>
      Present
    </SensorState><Extensions>
      <TPX xmlns="http://www.garmin.com/xmlschemas/ActivityExtension/v2">
      <nax:Nax>
      <nax:AscentInMeters>
      0.02378082275390625
    </nax:AscentInMeters><nax:Moments>
      <nax:Halt xsi:type="nax:Halt_t" action="auto_pause">
      
    </nax:Halt>
    </nax:Moments>
    </nax:Nax>
    </TPX>
    </Extensions>
    </Trackpoint>
<Trackpoint>
      <Time>
      2025-09-09T00:24:00.299Z
    </Time><SensorState>
      Present
    </SensorState><Extensions>
      <TPX xmlns="http://www.garmin.com/xmlschemas/ActivityExtension/v2">
      <nax:Nax>
      <nax:AscentInMeters>
      0.0026397705078125
    </nax:AscentInMeters><nax:Moments>
      <nax:Halt xsi:type="nax:Halt_t" action="auto_pause">
      
    </nax:Halt>
    </nax:Moments>
    </nax:Nax>
    </TPX>
    </Extensions>
    </Trackpoint>
<Trackpoint>
      <Time>
      2025-09-09T00:24:01.507Z
    </Time><SensorState>
      Present
    </SensorState><Extensions>
      <TPX xmlns="http://www.garmin.com/xmlschemas/ActivityExtension/v2">
      <ns3:Speed>
      2.2074709202248117
    </ns3:Speed><nax:Nax>
      <nax:Pace>
      7.550118334047776
    </nax:Pace><nax:Moments>
      <nax:Halt xsi:type="nax:Halt_t" action="auto_pause">
      
    </nax:Halt>
    </nax:Moments>
    </nax:Nax>
    </TPX>
    </Extensions>
    </Trackpoint>
<Trackpoint>
      <Time>
      2025-09-09T00:24:01.508Z
    </Time><DistanceMeters>
      7.645481068175286
    </DistanceMeters><Cadence>
      152.72634029388428
    </Cadence><SensorState>
      Present
    </SensorState><Extensions>
      <TPX xmlns="http://www.garmin.com/xmlschemas/ActivityExtension/v2">
      <nax:Nax>
      <nax:Moments>
      <nax:Halt xsi:type="nax:Halt_t" action="auto_pause">
      
    </nax:Halt>
    </nax:Moments>
    </nax:Nax>
    </TPX>
    </Extensions>
    </Trackpoint>
<Trackpoint>
      <Time>
      2025-09-09T00:24:03.000Z
    </Time><Position>
      <LatitudeDegrees>
      47.42914691273032
    </LatitudeDegrees><LongitudeDegrees>
      -122.29028584944342
    </LongitudeDegrees>
    </Position><AltitudeMeters>
      112.09807871840894
    </AltitudeMeters><SensorState>
      Present
    </SensorState><Extensions>
      <TPX xmlns="http://www.garmin.com/xmlschemas/ActivityExtension/v2">
      <nax:Nax>
      <nax:Moments>
      <nax:Halt xsi:type="nax:Halt_t" action="auto_pause">
      
    </nax:Halt>
    </nax:Moments>
    </nax:Nax>
    </TPX>
    </Extensions>
    </Trackpoint>
<Trackpoint>
      <Time>
      2025-09-09T00:24:04.062Z
    </Time><SensorState>
      Present
    </SensorState><Extensions>
      <TPX xmlns="http://www.garmin.com/xmlschemas/ActivityExtension/v2">
      <ns3:Speed>
      2.9044548564352186
    </ns3:Speed><nax:Nax>
      <nax:Pace>
      5.738311487176114
    </nax:Pace><nax:Moments>
      <nax:Halt xsi:type="nax:Halt_t" action="auto_pause">
      
    </nax:Halt>
    </nax:Moments>
    </nax:Nax>
    </TPX>
    </Extensions>
    </Trackpoint>
<Trackpoint>
      <Time>
      2025-09-09T00:24:04.063Z
    </Time><DistanceMeters>
      5.9608456450514495
    </DistanceMeters><Cadence>
      152.61516094207764
    </Cadence><SensorState>
      Present
    </SensorState><Extensions>
      <TPX xmlns="http://www.garmin.com/xmlschemas/ActivityExtension/v2">
      <nax:Nax>
      <nax:Moments>
      <nax:Halt xsi:type="nax:Halt_t" action="auto_pause">
      
    </nax:Halt>
    </nax:Moments>
    </nax:Nax>
    </TPX>
    </Extensions>
    </Trackpoint>
<Trackpoint>
      <Time>
      2025-09-09T00:24:04.539Z
    </Time><SensorState>
      Present
    </SensorState><Extensions>
      <TPX xmlns="http://www.garmin.com/xmlschemas/ActivityExtension/v2">
      <nax:Nax>
      <nax:DescentInMeters>
      0.0343475341796875
    </nax:DescentInMeters><nax:Moments>
      <nax:Halt xsi:type="nax:Halt_t" action="auto_pause">
      
    </nax:Halt>
    </nax:Moments>
    </nax:Nax>
    </TPX>
    </Extensions>
    </Trackpoint>
<Trackpoint>
      <Time>
      2025-09-09T00:24:05.599Z
    </Time><SensorState>
      Present
    </SensorState><Extensions>
      <TPX xmlns="http://www.garmin.com/xmlschemas/ActivityExtension/v2">
      <nax:Nax>
      <nax:DescentInMeters>
      0.05548858642578125
    </nax:DescentInMeters><nax:Moments>
      <nax:Halt xsi:type="nax:Halt_t" action="auto_pause">
      
    </nax:Halt>
    </nax:Moments>
    </nax:Nax>
    </TPX>
    </Extensions>
    </Trackpoint>
<Trackpoint>
      <Time>
      2025-09-09T00:24:06.618Z
    </Time><SensorState>
      Present
    </SensorState><Extensions>
      <TPX xmlns="http://www.garmin.com/xmlschemas/ActivityExtension/v2">
      <ns3:Speed>
      2.886883583848072
    </ns3:Speed><nax:Nax>
      <nax:Pace>
      5.773238228211069
    </nax:Pace><nax:Moments>
      <nax:Halt xsi:type="nax:Halt_t" action="auto_pause">
      
    </nax:Halt>
    </nax:Moments>
    </nax:Nax>
    </TPX>
    </Extensions>
    </Trackpoint>
<Trackpoint>
      <Time>
      2025-09-09T00:24:06.619Z
    </Time><DistanceMeters>
      7.111522526713088
    </DistanceMeters><Cadence>
      152.81421661376953
    </Cadence><SensorState>
      Present
    </SensorState><Extensions>
      <TPX xmlns="http://www.garmin.com/xmlschemas/ActivityExtension/v2">
      <nax:Nax>
      <nax:Moments>
      <nax:Halt xsi:type="nax:Halt_t" action="auto_pause">
      
    </nax:Halt>
    </nax:Moments>
    </nax:Nax>
    </TPX>
    </Extensions>
    </Trackpoint>
<Trackpoint>
      <Time>
      2025-09-09T00:24:06.659Z
    </Time><SensorState>
      Present
    </SensorState><Extensions>
      <TPX xmlns="http://www.garmin.com/xmlschemas/ActivityExtension/v2">
      <nax:Nax>
      <nax:DescentInMeters>
      0.40163421630859375
    </nax:DescentInMeters><nax:Moments>
      <nax:Halt xsi:type="nax:Halt_t" action="auto_pause">
      
    </nax:Halt>
    </nax:Moments>
    </nax:Nax>
    </TPX>
    </Extensions>
    </Trackpoint>
<Trackpoint>
      <Time>
      2025-09-09T00:24:07.000Z
    </Time><Position>
      <LatitudeDegrees>
      47.429213497113984
    </LatitudeDegrees><LongitudeDegrees>
      -122.2901827358597
    </LongitudeDegrees>
    </Position><AltitudeMeters>
      113.0522190630436
    </AltitudeMeters><SensorState>
      Present
    </SensorState><Extensions>
      <TPX xmlns="http://www.garmin.com/xmlschemas/ActivityExtension/v2">
      <nax:Nax>
      <nax:Moments>
      <nax:Halt xsi:type="nax:Halt_t" action="auto_pause">
      
    </nax:Halt>
    </nax:Moments>
    </nax:Nax>
    </TPX>
    </Extensions>
    </Trackpoint>
<Trackpoint>
      <Time>
      2025-09-09T00:24:08.000Z
    </Time><SensorState>
      Present
    </SensorState><Extensions>
      <TPX xmlns="http://www.garmin.com/xmlschemas/ActivityExtension/v2">
      <nax:Nax>
      <nax:NikeFuel>
      5.74839004675242
    </nax:NikeFuel><nax:Moments>
      <nax:Halt xsi:type="nax:Halt_t" action="auto_pause">
      
    </nax:Halt>
    </nax:Moments>
    </nax:Nax>
    </TPX>
    </Extensions>
    </Trackpoint>
<Trackpoint>
      <Time>
      2025-09-09T00:24:09.173Z
    </Time><SensorState>
      Present
    </SensorState><Extensions>
      <TPX xmlns="http://www.garmin.com/xmlschemas/ActivityExtension/v2">
      <ns3:Speed>
      2.207278926705072
    </ns3:Speed><nax:Nax>
      <nax:Pace>
      7.550775058386448
    </nax:Pace><nax:Moments>
      <nax:Halt xsi:type="nax:Halt_t" action="auto_pause">
      
    </nax:Halt>
    </nax:Moments>
    </nax:Nax>
    </TPX>
    </Extensions>
    </Trackpoint>
<Trackpoint>
      <Time>
      2025-09-09T00:24:09.174Z
    </Time><DistanceMeters>
      5.401408124482259
    </DistanceMeters><Cadence>
      152.81423091888428
    </Cadence><SensorState>
      Present
    </SensorState><Extensions>
      <TPX xmlns="http://www.garmin.com/xmlschemas/ActivityExtension/v2">
      <nax:Nax>
      <nax:Moments>
      <nax:Halt xsi:type="nax:Halt_t" action="auto_pause">
      
    </nax:Halt>
    </nax:Moments>
    </nax:Nax>
    </TPX>
    </Extensions>
    </Trackpoint>
<Trackpoint>
      <Time>
      2025-09-09T00:24:10.899Z
    </Time><SensorState>
      Present
    </SensorState><Extensions>
      <TPX xmlns="http://www.garmin.com/xmlschemas/ActivityExtension/v2">
      <nax:Nax>
      <nax:AscentInMeters>
      0.07398223876953125
    </nax:AscentInMeters><nax:Moments>
      <nax:Halt xsi:type="nax:Halt_t" action="auto_pause">
      
    </nax:Halt>
    </nax:Moments>
    </nax:Nax>
    </TPX>
    </Extensions>
    </Trackpoint>
<Trackpoint>
      <Time>
      2025-09-09T00:24:11.729Z
    </Time><SensorState>
      Present
    </SensorState><Extensions>
      <TPX xmlns="http://www.garmin.com/xmlschemas/ActivityExtension/v2">
      <ns3:Speed>
      2.204027783036361
    </ns3:Speed><nax:Nax>
      <nax:Pace>
      7.561913145988553
    </nax:Pace><nax:Moments>
      <nax:Halt xsi:type="nax:Halt_t" action="auto_pause">
      
    </nax:Halt>
    </nax:Moments>
    </nax:Nax>
    </TPX>
    </Extensions>
    </Trackpoint>
<Trackpoint>
      <Time>
      2025-09-09T00:24:11.730Z
    </Time><DistanceMeters>
      7.74160226341337
    </DistanceMeters><Cadence>
      152.87522792816162
    </Cadence><SensorState>
      Present
    </SensorState><Extensions>
      <TPX xmlns="http://www.garmin.com/xmlschemas/ActivityExtension/v2">
      <nax:Nax>
      <nax:Moments>
      <nax:Halt xsi:type="nax:Halt_t" action="auto_pause">
      
    </nax:Halt>
    </nax:Moments>
    </nax:Nax>
    </TPX>
    </Extensions>
    </Trackpoint>
<Trackpoint>
      <Time>
      2025-09-09T00:24:11.959Z
    </Time><SensorState>
      Present
    </SensorState><Extensions>
      <TPX xmlns="http://www.garmin.com/xmlschemas/ActivityExtension/v2">
      <nax:Nax>
      <nax:AscentInMeters>
      0.11362457275390625
    </nax:AscentInMeters><nax:Moments>
      <nax:Halt xsi:type="nax:Halt_t" action="auto_pause">
      
    </nax:Halt>
    </nax:Moments>
    </nax:Nax>
    </TPX>
    </Extensions>
    </Trackpoint>
<Trackpoint>
      <Time>
      2025-09-09T00:24:12.000Z
    </Time><Position>
      <LatitudeDegrees>
      47.42932621909382
    </LatitudeDegrees><LongitudeDegrees>
      -122.29017624950191
    </LongitudeDegrees>
    </Position><AltitudeMeters>
      113.16290788818151
    </AltitudeMeters><SensorState>
      Present
    </SensorState><Extensions>
      <TPX xmlns="http://www.garmin.com/xmlschemas/ActivityExtension/v2">
      <nax:Nax>
      <nax:Moments>
      <nax:Halt xsi:type="nax:Halt_t" action="auto_pause">
      
    </nax:Halt>
    </nax:Moments>
    </nax:Nax>
    </TPX>
    </Extensions>
    </Trackpoint>
<Trackpoint>
      <Time>
      2025-09-09T00:24:13.019Z
    </Time><SensorState>
      Present
    </SensorState><Extensions>
      <TPX xmlns="http://www.garmin.com/xmlschemas/ActivityExtension/v2">
      <nax:Nax>
      <nax:AscentInMeters>
      0.08719635009765625
    </nax:AscentInMeters><nax:Moments>
      <nax:Halt xsi:type="nax:Halt_t" action="auto_pause">
      
    </nax:Halt>
    </nax:Moments>
    </nax:Nax>
    </TPX>
    </Extensions>
    </Trackpoint>
<Trackpoint>
      <Time>
      2025-09-09T00:24:14.079Z
    </Time><SensorState>
      Present
    </SensorState><Extensions>
      <TPX xmlns="http://www.garmin.com/xmlschemas/ActivityExtension/v2">
      <nax:Nax>
      <nax:AscentInMeters>
      0.08719635009765625
    </nax:AscentInMeters><nax:Moments>
      <nax:Halt xsi:type="nax:Halt_t" action="auto_pause">
      
    </nax:Halt>
    </nax:Moments>
    </nax:Nax>
    </TPX>
    </Extensions>
    </Trackpoint>
<Trackpoint>
      <Time>
      2025-09-09T00:24:14.284Z
    </Time><DistanceMeters>
      7.626239051809534
    </DistanceMeters><SensorState>
      Present
    </SensorState><Extensions>
      <TPX xmlns="http://www.garmin.com/xmlschemas/ActivityExtension/v2">
      <ns3:Speed>
      2.2022729360657207
    </ns3:Speed><nax:Nax>
      <nax:Pace>
      7.567938738983485
    </nax:Pace><nax:Moments>
      <nax:Halt xsi:type="nax:Halt_t" action="auto_pause">
      
    </nax:Halt>
    </nax:Moments>
    </nax:Nax>
    </TPX>
    </Extensions>
    </Trackpoint>
<Trackpoint>
      <Time>
      2025-09-09T00:24:14.285Z
    </Time><Cadence>
      152.87116527557373
    </Cadence><SensorState>
      Present
    </SensorState><Extensions>
      <TPX xmlns="http://www.garmin.com/xmlschemas/ActivityExtension/v2">
      <nax:Nax>
      <nax:Moments>
      <nax:Halt xsi:type="nax:Halt_t" action="auto_pause">
      
    </nax:Halt>
    </nax:Moments>
    </nax:Nax>
    </TPX>
    </Extensions>
    </Trackpoint>
<Trackpoint>
      <Time>
      2025-09-09T00:24:15.139Z
    </Time><SensorState>
      Present
    </SensorState><Extensions>
      <TPX xmlns="http://www.garmin.com/xmlschemas/ActivityExtension/v2">
      <nax:Nax>
      <nax:AscentInMeters>
      0.08719635009765625
    </nax:AscentInMeters><nax:Moments>
      <nax:Halt xsi:type="nax:Halt_t" action="auto_pause">
      
    </nax:Halt>
    </nax:Moments>
    </nax:Nax>
    </TPX>
    </Extensions>
    </Trackpoint>
<Trackpoint>
      <Time>
      2025-09-09T00:24:15.999Z
    </Time><Position>
      <LatitudeDegrees>
      47.42944177242215
    </LatitudeDegrees><LongitudeDegrees>
      -122.29018662695636
    </LongitudeDegrees>
    </Position><AltitudeMeters>
      113.91802755650133
    </AltitudeMeters><SensorState>
      Present
    </SensorState><Extensions>
      <TPX xmlns="http://www.garmin.com/xmlschemas/ActivityExtension/v2">
      <nax:Nax>
      <nax:Moments>
      <nax:Halt xsi:type="nax:Halt_t" action="auto_pause">
      
    </nax:Halt>
    </nax:Moments>
    </nax:Nax>
    </TPX>
    </Extensions>
    </Trackpoint>
<Trackpoint>
      <Time>
      2025-09-09T00:24:16.199Z
    </Time><SensorState>
      Present
    </SensorState><Extensions>
      <TPX xmlns="http://www.garmin.com/xmlschemas/ActivityExtension/v2">
      <nax:Nax>
      <nax:AscentInMeters>
      0.0977630615234375
    </nax:AscentInMeters><nax:Moments>
      <nax:Halt xsi:type="nax:Halt_t" action="auto_pause">
      
    </nax:Halt>
    </nax:Moments>
    </nax:Nax>
    </TPX>
    </Extensions>
    </Trackpoint>
<Trackpoint>
      <Time>
      2025-09-09T00:24:16.840Z
    </Time><SensorState>
      Present
    </SensorState><Extensions>
      <TPX xmlns="http://www.garmin.com/xmlschemas/ActivityExtension/v2">
      <ns3:Speed>
      2.204155710263986
    </ns3:Speed><nax:Nax>
      <nax:Pace>
      7.561474259307454
    </nax:Pace><nax:Moments>
      <nax:Halt xsi:type="nax:Halt_t" action="auto_pause">
      
    </nax:Halt>
    </nax:Moments>
    </nax:Nax>
    </TPX>
    </Extensions>
    </Trackpoint>
<Trackpoint>
      <Time>
      2025-09-09T00:24:16.841Z
    </Time><DistanceMeters>
      8.43074654834345
    </DistanceMeters><Cadence>
      152.92001724243164
    </Cadence><SensorState>
      Present
    </SensorState><Extensions>
      <TPX xmlns="http://www.garmin.com/xmlschemas/ActivityExtension/v2">
      <nax:Nax>
      <nax:Moments>
      <nax:Halt xsi:type="nax:Halt_t" action="auto_pause">
      
    </nax:Halt>
    </nax:Moments>
    </nax:Nax>
    </TPX>
    </Extensions>
    </Trackpoint>
<Trackpoint>
      <Time>
      2025-09-09T00:24:17.258Z
    </Time><SensorState>
      Present
    </SensorState><Extensions>
      <TPX xmlns="http://www.garmin.com/xmlschemas/ActivityExtension/v2">
      <nax:Nax>
      <nax:AscentInMeters>
      0.07398223876953125
    </nax:AscentInMeters><nax:Moments>
      <nax:Halt xsi:type="nax:Halt_t" action="auto_pause">
      
    </nax:Halt>
    </nax:Moments>
    </nax:Nax>
    </TPX>
    </Extensions>
    </Trackpoint>
<Trackpoint>
      <Time>
      2025-09-09T00:24:18.000Z
    </Time><SensorState>
      Present
    </SensorState><Extensions>
      <TPX xmlns="http://www.garmin.com/xmlschemas/ActivityExtension/v2">
      <nax:Nax>
      <nax:NikeFuel>
      5.776826958045874
    </nax:NikeFuel><nax:Moments>
      <nax:Halt xsi:type="nax:Halt_t" action="auto_pause">
      
    </nax:Halt>
    </nax:Moments>
    </nax:Nax>
    </TPX>
    </Extensions>
    </Trackpoint>
<Trackpoint>
      <Time>
      2025-09-09T00:24:18.319Z
    </Time><SensorState>
      Present
    </SensorState><Extensions>
      <TPX xmlns="http://www.garmin.com/xmlschemas/ActivityExtension/v2">
      <nax:Nax>
      <nax:AscentInMeters>
      0.10305023193359375
    </nax:AscentInMeters><nax:Moments>
      <nax:Halt xsi:type="nax:Halt_t" action="auto_pause">
      
    </nax:Halt>
    </nax:Moments>
    </nax:Nax>
    </TPX>
    </Extensions>
    </Trackpoint>
<Trackpoint>
      <Time>
      2025-09-09T00:24:19.379Z
    </Time><SensorState>
      Present
    </SensorState><Extensions>
      <TPX xmlns="http://www.garmin.com/xmlschemas/ActivityExtension/v2">
      <nax:Nax>
      <nax:AscentInMeters>
      0.11362457275390625
    </nax:AscentInMeters><nax:Moments>
      <nax:Halt xsi:type="nax:Halt_t" action="auto_pause">
      
    </nax:Halt>
    </nax:Moments>
    </nax:Nax>
    </TPX>
    </Extensions>
    </Trackpoint>
<Trackpoint>
      <Time>
      2025-09-09T00:24:19.395Z
    </Time><SensorState>
      Present
    </SensorState><Extensions>
      <TPX xmlns="http://www.garmin.com/xmlschemas/ActivityExtension/v2">
      <ns3:Speed>
      2.2071343668311205
    </ns3:Speed><nax:Nax>
      <nax:Pace>
      7.551269608744179
    </nax:Pace><nax:Moments>
      <nax:Halt xsi:type="nax:Halt_t" action="auto_pause">
      
    </nax:Halt>
    </nax:Moments>
    </nax:Nax>
    </TPX>
    </Extensions>
    </Trackpoint>
<Trackpoint>
      <Time>
      2025-09-09T00:24:19.396Z
    </Time><DistanceMeters>
      6.0894507872872055
    </DistanceMeters><Cadence>
      153.06364059448242
    </Cadence><SensorState>
      Present
    </SensorState><Extensions>
      <TPX xmlns="http://www.garmin.com/xmlschemas/ActivityExtension/v2">
      <nax:Nax>
      <nax:Moments>
      <nax:Halt xsi:type="nax:Halt_t" action="auto_pause">
      
    </nax:Halt>
    </nax:Moments>
    </nax:Nax>
    </TPX>
    </Extensions>
    </Trackpoint>
<Trackpoint>
      <Time>
      2025-09-09T00:24:19.999Z
    </Time><Position>
      <LatitudeDegrees>
      47.42954344118264
    </LatitudeDegrees><LongitudeDegrees>
      -122.29019655806174
    </LongitudeDegrees>
    </Position><AltitudeMeters>
      114.59539118688554
    </AltitudeMeters><SensorState>
      Present
    </SensorState><Extensions>
      <TPX xmlns="http://www.garmin.com/xmlschemas/ActivityExtension/v2">
      <nax:Nax>
      <nax:Moments>
      <nax:Halt xsi:type="nax:Halt_t" action="auto_pause">
      
    </nax:Halt>
    </nax:Moments>
    </nax:Nax>
    </TPX>
    </Extensions>
    </Trackpoint>
<Trackpoint>
      <Time>
      2025-09-09T00:24:20.439Z
    </Time><SensorState>
      Present
    </SensorState><Extensions>
      <TPX xmlns="http://www.garmin.com/xmlschemas/ActivityExtension/v2">
      <nax:Nax>
      <nax:AscentInMeters>
      0.15061187744140625
    </nax:AscentInMeters><nax:Moments>
      <nax:Halt xsi:type="nax:Halt_t" action="auto_pause">
      
    </nax:Halt>
    </nax:Moments>
    </nax:Nax>
    </TPX>
    </Extensions>
    </Trackpoint>
<Trackpoint>
      <Time>
      2025-09-09T00:24:21.499Z
    </Time><SensorState>
      Present
    </SensorState><Extensions>
      <TPX xmlns="http://www.garmin.com/xmlschemas/ActivityExtension/v2">
      <nax:Nax>
      <nax:AscentInMeters>
      0.16910552978515625
    </nax:AscentInMeters><nax:Moments>
      <nax:Halt xsi:type="nax:Halt_t" action="auto_pause">
      
    </nax:Halt>
    </nax:Moments>
    </nax:Nax>
    </TPX>
    </Extensions>
    </Trackpoint>
<Trackpoint>
      <Time>
      2025-09-09T00:24:21.950Z
    </Time><SensorState>
      Present
    </SensorState><Extensions>
      <TPX xmlns="http://www.garmin.com/xmlschemas/ActivityExtension/v2">
      <ns3:Speed>
      2.21032220222127
    </ns3:Speed><nax:Nax>
      <nax:Pace>
      7.5403787963209385
    </nax:Pace><nax:Moments>
      <nax:Halt xsi:type="nax:Halt_t" action="auto_pause">
      
    </nax:Halt>
    </nax:Moments>
    </nax:Nax>
    </TPX>
    </Extensions>
    </Trackpoint>
<Trackpoint>
      <Time>
      2025-09-09T00:24:21.951Z
    </Time><DistanceMeters>
      7.660719976760447
    </DistanceMeters><Cadence>
      153.0946969985962
    </Cadence><SensorState>
      Present
    </SensorState><Extensions>
      <TPX xmlns="http://www.garmin.com/xmlschemas/ActivityExtension/v2">
      <nax:Nax>
      <nax:Moments>
      <nax:Halt xsi:type="nax:Halt_t" action="auto_pause">
      
    </nax:Halt>
    </nax:Moments>
    </nax:Nax>
    </TPX>
    </Extensions>
    </Trackpoint>
<Trackpoint>
      <Time>
      2025-09-09T00:24:22.559Z
    </Time><SensorState>
      Present
    </SensorState><Extensions>
      <TPX xmlns="http://www.garmin.com/xmlschemas/ActivityExtension/v2">
      <nax:Nax>
      <nax:AscentInMeters>
      0.16118621826171875
    </nax:AscentInMeters><nax:Moments>
      <nax:Halt xsi:type="nax:Halt_t" action="auto_pause">
      
    </nax:Halt>
    </nax:Moments>
    </nax:Nax>
    </TPX>
    </Extensions>
    </Trackpoint>
<Trackpoint>
      <Time>
      2025-09-09T00:24:23.619Z
    </Time><SensorState>
      Present
    </SensorState><Extensions>
      <TPX xmlns="http://www.garmin.com/xmlschemas/ActivityExtension/v2">
      <nax:Nax>
      <nax:AscentInMeters>
      0.16910552978515625
    </nax:AscentInMeters><nax:Moments>
      <nax:Halt xsi:type="nax:Halt_t" action="auto_pause">
      
    </nax:Halt>
    </nax:Moments>
    </nax:Nax>
    </TPX>
    </Extensions>
    </Trackpoint>
<Trackpoint>
      <Time>
      2025-09-09T00:24:23.999Z
    </Time><Position>
      <LatitudeDegrees>
      47.429641896235935
    </LatitudeDegrees><LongitudeDegrees>
      -122.29022324638963
    </LongitudeDegrees>
    </Position><AltitudeMeters>
      114.50749550480396
    </AltitudeMeters><SensorState>
      Present
    </SensorState><Extensions>
      <TPX xmlns="http://www.garmin.com/xmlschemas/ActivityExtension/v2">
      <nax:Nax>
      <nax:Moments>
      <nax:Halt xsi:type="nax:Halt_t" action="auto_pause">
      
    </nax:Halt>
    </nax:Moments>
    </nax:Nax>
    </TPX>
    </Extensions>
    </Trackpoint>
<Trackpoint>
      <Time>
      2025-09-09T00:24:24.506Z
    </Time><SensorState>
      Present
    </SensorState><Extensions>
      <TPX xmlns="http://www.garmin.com/xmlschemas/ActivityExtension/v2">
      <ns3:Speed>
      2.210147908884912
    </ns3:Speed><nax:Nax>
      <nax:Pace>
      7.540973434251065
    </nax:Pace><nax:Moments>
      <nax:Halt xsi:type="nax:Halt_t" action="auto_pause">
      
    </nax:Halt>
    </nax:Moments>
    </nax:Nax>
    </TPX>
    </Extensions>
    </Trackpoint>
<Trackpoint>
      <Time>
      2025-09-09T00:24:24.507Z
    </Time><DistanceMeters>
      6.429888294544071
    </DistanceMeters><Cadence>
      153.1468963623047
    </Cadence><SensorState>
      Present
    </SensorState><Extensions>
      <TPX xmlns="http://www.garmin.com/xmlschemas/ActivityExtension/v2">
      <nax:Nax>
      <nax:Moments>
      <nax:Halt xsi:type="nax:Halt_t" action="auto_pause">
      
    </nax:Halt>
    </nax:Moments>
    </nax:Nax>
    </TPX>
    </Extensions>
    </Trackpoint>
<Trackpoint>
      <Time>
      2025-09-09T00:24:24.679Z
    </Time><SensorState>
      Present
    </SensorState><Extensions>
      <TPX xmlns="http://www.garmin.com/xmlschemas/ActivityExtension/v2">
      <nax:Nax>
      <nax:AscentInMeters>
      0.18231964111328125
    </nax:AscentInMeters><nax:Moments>
      <nax:Halt xsi:type="nax:Halt_t" action="auto_pause">
      
    </nax:Halt>
    </nax:Moments>
    </nax:Nax>
    </TPX>
    </Extensions>
    </Trackpoint>
<Trackpoint>
      <Time>
      2025-09-09T00:24:25.738Z
    </Time><SensorState>
      Present
    </SensorState><Extensions>
      <TPX xmlns="http://www.garmin.com/xmlschemas/ActivityExtension/v2">
      <nax:Nax>
      <nax:AscentInMeters>
      0.177032470703125
    </nax:AscentInMeters><nax:Moments>
      <nax:Halt xsi:type="nax:Halt_t" action="auto_pause">
      
    </nax:Halt>
    </nax:Moments>
    </nax:Nax>
    </TPX>
    </Extensions>
    </Trackpoint>
<Trackpoint>
      <Time>
      2025-09-09T00:24:26.799Z
    </Time><SensorState>
      Present
    </SensorState><Extensions>
      <TPX xmlns="http://www.garmin.com/xmlschemas/ActivityExtension/v2">
      <nax:Nax>
      <nax:AscentInMeters>
      0.121551513671875
    </nax:AscentInMeters><nax:Moments>
      <nax:Halt xsi:type="nax:Halt_t" action="auto_pause">
      
    </nax:Halt>
    </nax:Moments>
    </nax:Nax>
    </TPX>
    </Extensions>
    </Trackpoint>
<Trackpoint>
      <Time>
      2025-09-09T00:24:27.061Z
    </Time><SensorState>
      Present
    </SensorState><Extensions>
      <TPX xmlns="http://www.garmin.com/xmlschemas/ActivityExtension/v2">
      <ns3:Speed>
      2.211863328491847
    </ns3:Speed><nax:Nax>
      <nax:Pace>
      7.535125001611554
    </nax:Pace><nax:Moments>
      <nax:Halt xsi:type="nax:Halt_t" action="auto_pause">
      
    </nax:Halt>
    </nax:Moments>
    </nax:Nax>
    </TPX>
    </Extensions>
    </Trackpoint>
<Trackpoint>
      <Time>
      2025-09-09T00:24:27.062Z
    </Time><DistanceMeters>
      7.009348972002044
    </DistanceMeters><Cadence>
      153.04424285888672
    </Cadence><SensorState>
      Present
    </SensorState><Extensions>
      <TPX xmlns="http://www.garmin.com/xmlschemas/ActivityExtension/v2">
      <nax:Nax>
      <nax:Moments>
      <nax:Halt xsi:type="nax:Halt_t" action="auto_pause">
      
    </nax:Halt>
    </nax:Moments>
    </nax:Nax>
    </TPX>
    </Extensions>
    </Trackpoint>
<Trackpoint>
      <Time>
      2025-09-09T00:24:27.859Z
    </Time><SensorState>
      Present
    </SensorState><Extensions>
      <TPX xmlns="http://www.garmin.com/xmlschemas/ActivityExtension/v2">
      <nax:Nax>
      <nax:AscentInMeters>
      0.13211822509765625
    </nax:AscentInMeters><nax:Moments>
      <nax:Halt xsi:type="nax:Halt_t" action="auto_pause">
      
    </nax:Halt>
    </nax:Moments>
    </nax:Nax>
    </TPX>
    </Extensions>
    </Trackpoint>
<Trackpoint>
      <Time>
      2025-09-09T00:24:27.999Z
    </Time><Position>
      <LatitudeDegrees>
      47.42973660180056
    </LatitudeDegrees><LongitudeDegrees>
      -122.29025051641554
    </LongitudeDegrees>
    </Position><AltitudeMeters>
      115.25006889831275
    </AltitudeMeters><SensorState>
      Present
    </SensorState><Extensions>
      <TPX xmlns="http://www.garmin.com/xmlschemas/ActivityExtension/v2">
      <nax:Nax>
      <nax:Moments>
      <nax:Halt xsi:type="nax:Halt_t" action="auto_pause">
      
    </nax:Halt>
    </nax:Moments>
    </nax:Nax>
    </TPX>
    </Extensions>
    </Trackpoint>
<Trackpoint>
      <Time>
      2025-09-09T00:24:28.000Z
    </Time><SensorState>
      Present
    </SensorState><Extensions>
      <TPX xmlns="http://www.garmin.com/xmlschemas/ActivityExtension/v2">
      <nax:Nax>
      <nax:NikeFuel>
      4.704989430593908
    </nax:NikeFuel><nax:Moments>
      <nax:Halt xsi:type="nax:Halt_t" action="auto_pause">
      
    </nax:Halt>
    </nax:Moments>
    </nax:Nax>
    </TPX>
    </Extensions>
    </Trackpoint>
<Trackpoint>
      <Time>
      2025-09-09T00:24:28.919Z
    </Time><SensorState>
      Present
    </SensorState><Extensions>
      <TPX xmlns="http://www.garmin.com/xmlschemas/ActivityExtension/v2">
      <nax:Nax>
      <nax:AscentInMeters>
      0.14003753662109375
    </nax:AscentInMeters><nax:Moments>
      <nax:Halt xsi:type="nax:Halt_t" action="auto_pause">
      
    </nax:Halt>
    </nax:Moments>
    </nax:Nax>
    </TPX>
    </Extensions>
    </Trackpoint>
<Trackpoint>
      <Time>
      2025-09-09T00:24:29.617Z
    </Time><SensorState>
      Present
    </SensorState><Extensions>
      <TPX xmlns="http://www.garmin.com/xmlschemas/ActivityExtension/v2">
      <ns3:Speed>
      2.2089637248353857
    </ns3:Speed><nax:Nax>
      <nax:Pace>
      7.545016008766139
    </nax:Pace><nax:Moments>
      <nax:Halt xsi:type="nax:Halt_t" action="auto_pause">
      
    </nax:Halt>
    </nax:Moments>
    </nax:Nax>
    </TPX>
    </Extensions>
    </Trackpoint>
<Trackpoint>
      <Time>
      2025-09-09T00:24:29.618Z
    </Time><DistanceMeters>
      4.3783824348356575
    </DistanceMeters><Cadence>
      153.04424285888672
    </Cadence><SensorState>
      Present
    </SensorState><Extensions>
      <TPX xmlns="http://www.garmin.com/xmlschemas/ActivityExtension/v2">
      <nax:Nax>
      <nax:Moments>
      <nax:Halt xsi:type="nax:Halt_t" action="auto_pause">
      
    </nax:Halt>
    </nax:Moments>
    </nax:Nax>
    </TPX>
    </Extensions>
    </Trackpoint>
<Trackpoint>
      <Time>
      2025-09-09T00:24:29.980Z
    </Time><SensorState>
      Present
    </SensorState><Extensions>
      <TPX xmlns="http://www.garmin.com/xmlschemas/ActivityExtension/v2">
      <nax:Nax>
      <nax:AscentInMeters>
      0.1109771728515625
    </nax:AscentInMeters><nax:Moments>
      <nax:Halt xsi:type="nax:Halt_t" action="auto_pause">
      
    </nax:Halt>
    </nax:Moments>
    </nax:Nax>
    </TPX>
    </Extensions>
    </Trackpoint>
<Trackpoint>
      <Time>
      2025-09-09T00:24:31.040Z
    </Time><SensorState>
      Present
    </SensorState><Extensions>
      <TPX xmlns="http://www.garmin.com/xmlschemas/ActivityExtension/v2">
      <nax:Nax>
      <nax:AscentInMeters>
      0.13211822509765625
    </nax:AscentInMeters><nax:Moments>
      <nax:Halt xsi:type="nax:Halt_t" action="auto_pause">
      
    </nax:Halt>
    </nax:Moments>
    </nax:Nax>
    </TPX>
    </Extensions>
    </Trackpoint>
<Trackpoint>
      <Time>
      2025-09-09T00:24:32.100Z
    </Time><SensorState>
      Present
    </SensorState><Extensions>
      <TPX xmlns="http://www.garmin.com/xmlschemas/ActivityExtension/v2">
      <nax:Nax>
      <nax:AscentInMeters>
      0.221954345703125
    </nax:AscentInMeters><nax:Moments>
      <nax:Halt xsi:type="nax:Halt_t" action="auto_pause">
      
    </nax:Halt>
    </nax:Moments>
    </nax:Nax>
    </TPX>
    </Extensions>
    </Trackpoint>
<Trackpoint>
      <Time>
      2025-09-09T00:24:32.172Z
    </Time><DistanceMeters>
      3.233157756505534
    </DistanceMeters><SensorState>
      Present
    </SensorState><Extensions>
      <TPX xmlns="http://www.garmin.com/xmlschemas/ActivityExtension/v2">
      <ns3:Speed>
      2.2089637248353857
    </ns3:Speed><nax:Nax>
      <nax:Pace>
      7.545016008766139
    </nax:Pace><nax:Moments>
      <nax:Halt xsi:type="nax:Halt_t" action="auto_pause">
      
    </nax:Halt>
    </nax:Moments>
    </nax:Nax>
    </TPX>
    </Extensions>
    </Trackpoint>
<Trackpoint>
      <Time>
      2025-09-09T00:24:32.173Z
    </Time><Cadence>
      153.04424285888672
    </Cadence><SensorState>
      Present
    </SensorState><Extensions>
      <TPX xmlns="http://www.garmin.com/xmlschemas/ActivityExtension/v2">
      <nax:Nax>
      <nax:Moments>
      <nax:Halt xsi:type="nax:Halt_t" action="auto_pause">
      
    </nax:Halt>
    </nax:Moments>
    </nax:Nax>
    </TPX>
    </Extensions>
    </Trackpoint>
<Trackpoint>
      <Time>
      2025-09-09T00:24:33.159Z
    </Time><SensorState>
      Present
    </SensorState><Extensions>
      <TPX xmlns="http://www.garmin.com/xmlschemas/ActivityExtension/v2">
      <nax:Nax>
      <nax:AscentInMeters>
      0.18495941162109375
    </nax:AscentInMeters><nax:Moments>
      <nax:Halt xsi:type="nax:Halt_t" action="auto_pause">
      
    </nax:Halt>
    </nax:Moments>
    </nax:Nax>
    </TPX>
    </Extensions>
    </Trackpoint>
<Trackpoint>
      <Time>
      2025-09-09T00:24:34.220Z
    </Time><SensorState>
      Present
    </SensorState><Extensions>
      <TPX xmlns="http://www.garmin.com/xmlschemas/ActivityExtension/v2">
      <nax:Nax>
      <nax:AscentInMeters>
      0.2325286865234375
    </nax:AscentInMeters><nax:Moments>
      <nax:Halt xsi:type="nax:Halt_t" action="auto_pause">
      
    </nax:Halt>
    </nax:Moments>
    </nax:Nax>
    </TPX>
    </Extensions>
    </Trackpoint>
<Trackpoint>
      <Time>
      2025-09-09T00:24:34.728Z
    </Time><SensorState>
      Present
    </SensorState><Extensions>
      <TPX xmlns="http://www.garmin.com/xmlschemas/ActivityExtension/v2">
      <ns3:Speed>
      2.2089637248353857
    </ns3:Speed><nax:Nax>
      <nax:Pace>
      7.545016008766139
    </nax:Pace><nax:Moments>
      <nax:Halt xsi:type="nax:Halt_t" action="auto_pause">
      
    </nax:Halt>
    </nax:Moments>
    </nax:Nax>
    </TPX>
    </Extensions>
    </Trackpoint>
<Trackpoint>
      <Time>
      2025-09-09T00:24:34.729Z
    </Time><DistanceMeters>
      4.682252046419308
    </DistanceMeters><Cadence>
      111.30927801132202
    </Cadence><SensorState>
      Present
    </SensorState><Extensions>
      <TPX xmlns="http://www.garmin.com/xmlschemas/ActivityExtension/v2">
      <nax:Nax>
      <nax:Moments>
      <nax:Halt xsi:type="nax:Halt_t" action="auto_pause">
      
    </nax:Halt>
    </nax:Moments>
    </nax:Nax>
    </TPX>
    </Extensions>
    </Trackpoint>
<Trackpoint>
      <Time>
      2025-09-09T00:24:34.999Z
    </Time><Position>
      <LatitudeDegrees>
      47.42973864295204
    </LatitudeDegrees><LongitudeDegrees>
      -122.29039652683053
    </LongitudeDegrees>
    </Position><AltitudeMeters>
      116.07951016910374
    </AltitudeMeters><SensorState>
      Present
    </SensorState><Extensions>
      <TPX xmlns="http://www.garmin.com/xmlschemas/ActivityExtension/v2">
      <nax:Nax>
      <nax:Moments>
      <nax:Halt xsi:type="nax:Halt_t" action="auto_pause">
      
    </nax:Halt>
    </nax:Moments>
    </nax:Nax>
    </TPX>
    </Extensions>
    </Trackpoint>
<Trackpoint>
      <Time>
      2025-09-09T00:24:35.280Z
    </Time><SensorState>
      Present
    </SensorState><Extensions>
      <TPX xmlns="http://www.garmin.com/xmlschemas/ActivityExtension/v2">
      <nax:Nax>
      <nax:AscentInMeters>
      0.29329681396484375
    </nax:AscentInMeters><nax:Moments>
      <nax:Halt xsi:type="nax:Halt_t" action="auto_pause">
      
    </nax:Halt>
    </nax:Moments>
    </nax:Nax>
    </TPX>
    </Extensions>
    </Trackpoint>
<Trackpoint>
      <Time>
      2025-09-09T00:24:36.340Z
    </Time><SensorState>
      Present
    </SensorState><Extensions>
      <TPX xmlns="http://www.garmin.com/xmlschemas/ActivityExtension/v2">
      <nax:Nax>
      <nax:AscentInMeters>
      0.3144378662109375
    </nax:AscentInMeters><nax:Moments>
      <nax:Halt xsi:type="nax:Halt_t" action="auto_pause">
      
    </nax:Halt>
    </nax:Moments>
    </nax:Nax>
    </TPX>
    </Extensions>
    </Trackpoint>
<Trackpoint>
      <Time>
      2025-09-09T00:24:37.283Z
    </Time><SensorState>
      Present
    </SensorState><Extensions>
      <TPX xmlns="http://www.garmin.com/xmlschemas/ActivityExtension/v2">
      <ns3:Speed>
      1.3934421057846909
    </ns3:Speed><nax:Nax>
      <nax:Pace>
      11.960788752885534
    </nax:Pace><nax:Moments>
      <nax:Halt xsi:type="nax:Halt_t" action="auto_pause">
      
    </nax:Halt>
    </nax:Moments>
    </nax:Nax>
    </TPX>
    </Extensions>
    </Trackpoint>
<Trackpoint>
      <Time>
      2025-09-09T00:24:37.284Z
    </Time><DistanceMeters>
      5.877689947839826
    </DistanceMeters><SensorState>
      Present
    </SensorState><Extensions>
      <TPX xmlns="http://www.garmin.com/xmlschemas/ActivityExtension/v2">
      <nax:Nax>
      <nax:Moments>
      <nax:Halt xsi:type="nax:Halt_t" action="auto_pause">
      
    </nax:Halt>
    </nax:Moments>
    </nax:Nax>
    </TPX>
    </Extensions>
    </Trackpoint>
<Trackpoint>
      <Time>
      2025-09-09T00:24:37.400Z
    </Time><SensorState>
      Present
    </SensorState><Extensions>
      <TPX xmlns="http://www.garmin.com/xmlschemas/ActivityExtension/v2">
      <nax:Nax>
      <nax:AscentInMeters>
      0.23252105712890625
    </nax:AscentInMeters><nax:Moments>
      <nax:Halt xsi:type="nax:Halt_t" action="auto_pause">
      
    </nax:Halt>
    </nax:Moments>
    </nax:Nax>
    </TPX>
    </Extensions>
    </Trackpoint>
<Trackpoint>
      <Time>
      2025-09-09T00:24:38.000Z
    </Time><SensorState>
      Present
    </SensorState><Extensions>
      <TPX xmlns="http://www.garmin.com/xmlschemas/ActivityExtension/v2">
      <nax:Nax>
      <nax:NikeFuel>
      0.4155338557678333
    </nax:NikeFuel><nax:Moments>
      <nax:Halt xsi:type="nax:Halt_t" action="auto_pause">
      
    </nax:Halt>
    </nax:Moments>
    </nax:Nax>
    </TPX>
    </Extensions>
    </Trackpoint>
<Trackpoint>
      <Time>
      2025-09-09T00:24:48.000Z
    </Time><SensorState>
      Present
    </SensorState><Extensions>
      <TPX xmlns="http://www.garmin.com/xmlschemas/ActivityExtension/v2">
      <nax:Nax>
      <nax:NikeFuel>
      0.4155338557678333
    </nax:NikeFuel><nax:Moments>
      <nax:Halt xsi:type="nax:Halt_t" action="auto_pause">
      
    </nax:Halt>
    </nax:Moments>
    </nax:Nax>
    </TPX>
    </Extensions>
    </Trackpoint>
<Trackpoint>
      <Time>
      2025-09-09T00:24:58.000Z
    </Time><SensorState>
      Present
    </SensorState><Extensions>
      <TPX xmlns="http://www.garmin.com/xmlschemas/ActivityExtension/v2">
      <nax:Nax>
      <nax:NikeFuel>
      0
    </nax:NikeFuel><nax:Moments>
      <nax:Halt xsi:type="nax:Halt_t" action="auto_pause">
      
    </nax:Halt>
    </nax:Moments>
    </nax:Nax>
    </TPX>
    </Extensions>
    </Trackpoint>
<Trackpoint>
      <Time>
      2025-09-09T00:24:59.662Z
    </Time><SensorState>
      Present
    </SensorState><Extensions>
      <TPX xmlns="http://www.garmin.com/xmlschemas/ActivityExtension/v2">
      <nax:Nax>
      <nax:AscentInMeters>
      0.2510223388671875
    </nax:AscentInMeters><nax:Moments>
      <nax:Halt xsi:type="nax:Halt_t" action="auto_pause">
      
    </nax:Halt>
    </nax:Moments>
    </nax:Nax>
    </TPX>
    </Extensions>
    </Trackpoint>
<Trackpoint>
      <Time>
      2025-09-09T00:25:00.722Z
    </Time><SensorState>
      Present
    </SensorState><Extensions>
      <TPX xmlns="http://www.garmin.com/xmlschemas/ActivityExtension/v2">
      <nax:Nax>
      <nax:AscentInMeters>
      0.21402740478515625
    </nax:AscentInMeters><nax:Moments>
      <nax:Halt xsi:type="nax:Halt_t" action="auto_pause">
      
    </nax:Halt>
    </nax:Moments>
    </nax:Nax>
    </TPX>
    </Extensions>
    </Trackpoint>
<Trackpoint>
      <Time>
      2025-09-09T00:25:01.588Z
    </Time><Cadence>
      0
    </Cadence><SensorState>
      Present
    </SensorState><Extensions>
      <TPX xmlns="http://www.garmin.com/xmlschemas/ActivityExtension/v2">
      <nax:Nax>
      <nax:Moments>
      <nax:Halt xsi:type="nax:Halt_t" action="auto_pause">
      
    </nax:Halt>
    </nax:Moments>
    </nax:Nax>
    </TPX>
    </Extensions>
    </Trackpoint>
<Trackpoint>
      <Time>
      2025-09-09T00:25:01.782Z
    </Time><SensorState>
      Present
    </SensorState><Extensions>
      <TPX xmlns="http://www.garmin.com/xmlschemas/ActivityExtension/v2">
      <nax:Nax>
      <nax:AscentInMeters>
      0.1268310546875
    </nax:AscentInMeters><nax:Moments>
      <nax:Halt xsi:type="nax:Halt_t" action="auto_pause">
      
    </nax:Halt>
    </nax:Moments>
    </nax:Nax>
    </TPX>
    </Extensions>
    </Trackpoint>
<Trackpoint>
      <Time>
      2025-09-09T00:25:02.842Z
    </Time><SensorState>
      Present
    </SensorState><Extensions>
      <TPX xmlns="http://www.garmin.com/xmlschemas/ActivityExtension/v2">
      <ns3:Speed>
      0
    </ns3:Speed><nax:Nax>
      <nax:AscentInMeters>
      0.00792694091796875
    </nax:AscentInMeters><nax:Moments>
      <nax:Halt xsi:type="nax:Halt_t" action="auto_pause">
      
    </nax:Halt>
    </nax:Moments>
    </nax:Nax>
    </TPX>
    </Extensions>
    </Trackpoint>
<Trackpoint>
      <Time>
      2025-09-09T00:25:02.843Z
    </Time><DistanceMeters>
      1.6812962910626084
    </DistanceMeters><Cadence>
      0
    </Cadence><SensorState>
      Present
    </SensorState><Extensions>
      <TPX xmlns="http://www.garmin.com/xmlschemas/ActivityExtension/v2">
      <nax:Nax>
      <nax:Moments>
      <nax:Halt xsi:type="nax:Halt_t" action="auto_pause">
      
    </nax:Halt>
    </nax:Moments>
    </nax:Nax>
    </TPX>
    </Extensions>
    </Trackpoint>
<Trackpoint>
      <Time>
      2025-09-09T00:25:03.902Z
    </Time><SensorState>
      Present
    </SensorState><Extensions>
      <TPX xmlns="http://www.garmin.com/xmlschemas/ActivityExtension/v2">
      <nax:Nax>
      <nax:AscentInMeters>
      0.0026397705078125
    </nax:AscentInMeters><nax:Moments>
      <nax:Halt xsi:type="nax:Halt_t" action="auto_pause">
      
    </nax:Halt>
    </nax:Moments>
    </nax:Nax>
    </TPX>
    </Extensions>
    </Trackpoint>
<Trackpoint>
      <Time>
      2025-09-09T00:25:05.401Z
    </Time><SensorState>
      Present
    </SensorState><Extensions>
      <TPX xmlns="http://www.garmin.com/xmlschemas/ActivityExtension/v2">
      <ns3:Speed>
      0
    </ns3:Speed><nax:Nax>
      <nax:Moments>
      <nax:Halt xsi:type="nax:Halt_t" action="auto_pause">
      
    </nax:Halt>
    </nax:Moments>
    </nax:Nax>
    </TPX>
    </Extensions>
    </Trackpoint>
<Trackpoint>
      <Time>
      2025-09-09T00:25:05.402Z
    </Time><DistanceMeters>
      2.8132533084135503
    </DistanceMeters><SensorState>
      Present
    </SensorState><Extensions>
      <TPX xmlns="http://www.garmin.com/xmlschemas/ActivityExtension/v2">
      <nax:Nax>
      <nax:Moments>
      <nax:Halt xsi:type="nax:Halt_t" action="auto_pause">
      
    </nax:Halt>
    </nax:Moments>
    </nax:Nax>
    </TPX>
    </Extensions>
    </Trackpoint>
<Trackpoint>
      <Time>
      2025-09-09T00:25:05.999Z
    </Time><Position>
      <LatitudeDegrees>
      47.429796699247454
    </LatitudeDegrees><LongitudeDegrees>
      -122.29049861370152
    </LongitudeDegrees>
    </Position><AltitudeMeters>
      116.01146879140288
    </AltitudeMeters><SensorState>
      Present
    </SensorState><Extensions>
      <TPX xmlns="http://www.garmin.com/xmlschemas/ActivityExtension/v2">
      <nax:Nax>
      <nax:Moments>
      <nax:Halt xsi:type="nax:Halt_t" action="auto_pause">
      
    </nax:Halt>
    </nax:Moments>
    </nax:Nax>
    </TPX>
    </Extensions>
    </Trackpoint>
<Trackpoint>
      <Time>
      2025-09-09T00:25:06.021Z
    </Time><SensorState>
      Present
    </SensorState><Extensions>
      <TPX xmlns="http://www.garmin.com/xmlschemas/ActivityExtension/v2">
      <nax:Nax>
      <nax:AscentInMeters>
      0.05284881591796875
    </nax:AscentInMeters><nax:Moments>
      <nax:Halt xsi:type="nax:Halt_t" action="auto_pause">
      
    </nax:Halt>
    </nax:Moments>
    </nax:Nax>
    </TPX>
    </Extensions>
    </Trackpoint>
<Trackpoint>
      <Time>
      2025-09-09T00:25:07.083Z
    </Time><SensorState>
      Present
    </SensorState><Extensions>
      <TPX xmlns="http://www.garmin.com/xmlschemas/ActivityExtension/v2">
      <nax:Nax>
      <nax:AscentInMeters>
      0.10833740234375
    </nax:AscentInMeters><nax:Moments>
      <nax:Halt xsi:type="nax:Halt_t" action="auto_pause">
      
    </nax:Halt>
    </nax:Moments>
    </nax:Nax>
    </TPX>
    </Extensions>
    </Trackpoint>
<Trackpoint>
      <Time>
      2025-09-09T00:25:08.000Z
    </Time><SensorState>
      Present
    </SensorState><Extensions>
      <TPX xmlns="http://www.garmin.com/xmlschemas/ActivityExtension/v2">
      <nax:Nax>
      <nax:NikeFuel>
      0.2702418648130105
    </nax:NikeFuel><nax:Moments>
      <nax:Halt xsi:type="nax:Halt_t" action="auto_pause">
      
    </nax:Halt>
    </nax:Moments>
    </nax:Nax>
    </TPX>
    </Extensions>
    </Trackpoint>
<Trackpoint>
      <Time>
      2025-09-09T00:25:18.000Z
    </Time><SensorState>
      Present
    </SensorState><Extensions>
      <TPX xmlns="http://www.garmin.com/xmlschemas/ActivityExtension/v2">
      <nax:Nax>
      <nax:NikeFuel>
      0.2702418648130105
    </nax:NikeFuel><nax:Moments>
      <nax:Halt xsi:type="nax:Halt_t" action="auto_pause">
      
    </nax:Halt>
    </nax:Moments>
    </nax:Nax>
    </TPX>
    </Extensions>
    </Trackpoint>
<Trackpoint>
      <Time>
      2025-09-09T00:25:28.000Z
    </Time><SensorState>
      Present
    </SensorState><Extensions>
      <TPX xmlns="http://www.garmin.com/xmlschemas/ActivityExtension/v2">
      <nax:Nax>
      <nax:NikeFuel>
      0.2702418648130105
    </nax:NikeFuel><nax:Moments>
      <nax:Halt xsi:type="nax:Halt_t" action="auto_pause">
      
    </nax:Halt>
    </nax:Moments>
    </nax:Nax>
    </TPX>
    </Extensions>
    </Trackpoint>
<Trackpoint>
      <Time>
      2025-09-09T00:25:38.000Z
    </Time><SensorState>
      Present
    </SensorState><Extensions>
      <TPX xmlns="http://www.garmin.com/xmlschemas/ActivityExtension/v2">
      <nax:Nax>
      <nax:NikeFuel>
      0.2702418648130105
    </nax:NikeFuel><nax:Moments>
      <nax:Halt xsi:type="nax:Halt_t" action="auto_pause">
      
    </nax:Halt>
    </nax:Moments>
    </nax:Nax>
    </TPX>
    </Extensions>
    </Trackpoint>
<Trackpoint>
      <Time>
      2025-09-09T00:25:48.000Z
    </Time><SensorState>
      Present
    </SensorState><Extensions>
      <TPX xmlns="http://www.garmin.com/xmlschemas/ActivityExtension/v2">
      <nax:Nax>
      <nax:NikeFuel>
      0.2702418648130105
    </nax:NikeFuel><nax:Moments>
      <nax:Halt xsi:type="nax:Halt_t" action="auto_pause">
      
    </nax:Halt>
    </nax:Moments>
    </nax:Nax>
    </TPX>
    </Extensions>
    </Trackpoint>
<Trackpoint>
      <Time>
      2025-09-09T00:25:58.000Z
    </Time><SensorState>
      Present
    </SensorState><Extensions>
      <TPX xmlns="http://www.garmin.com/xmlschemas/ActivityExtension/v2">
      <nax:Nax>
      <nax:NikeFuel>
      0.2702418648130105
    </nax:NikeFuel><nax:Moments>
      <nax:Halt xsi:type="nax:Halt_t" action="auto_pause">
      
    </nax:Halt>
    </nax:Moments>
    </nax:Nax>
    </TPX>
    </Extensions>
    </Trackpoint>
<Trackpoint>
      <Time>
      2025-09-09T00:26:08.000Z
    </Time><SensorState>
      Present
    </SensorState><Extensions>
      <TPX xmlns="http://www.garmin.com/xmlschemas/ActivityExtension/v2">
      <nax:Nax>
      <nax:NikeFuel>
      0.2702418648130105
    </nax:NikeFuel><nax:Moments>
      <nax:Halt xsi:type="nax:Halt_t" action="auto_pause">
      
    </nax:Halt>
    </nax:Moments>
    </nax:Nax>
    </TPX>
    </Extensions>
    </Trackpoint>
<Trackpoint>
      <Time>
      2025-09-09T00:26:18.000Z
    </Time><SensorState>
      Present
    </SensorState><Extensions>
      <TPX xmlns="http://www.garmin.com/xmlschemas/ActivityExtension/v2">
      <nax:Nax>
      <nax:NikeFuel>
      0.2702418648130105
    </nax:NikeFuel><nax:Moments>
      <nax:Halt xsi:type="nax:Halt_t" action="auto_pause">
      
    </nax:Halt>
    </nax:Moments>
    </nax:Nax>
    </TPX>
    </Extensions>
    </Trackpoint>
<Trackpoint>
      <Time>
      2025-09-09T00:26:28.000Z
    </Time><SensorState>
      Present
    </SensorState><Extensions>
      <TPX xmlns="http://www.garmin.com/xmlschemas/ActivityExtension/v2">
      <nax:Nax>
      <nax:NikeFuel>
      0.2702418648130105
    </nax:NikeFuel><nax:Moments>
      <nax:Halt xsi:type="nax:Halt_t" action="auto_pause">
      
    </nax:Halt>
    </nax:Moments>
    </nax:Nax>
    </TPX>
    </Extensions>
    </Trackpoint>
<Trackpoint>
      <Time>
      2025-09-09T00:26:38.000Z
    </Time><SensorState>
      Present
    </SensorState><Extensions>
      <TPX xmlns="http://www.garmin.com/xmlschemas/ActivityExtension/v2">
      <nax:Nax>
      <nax:NikeFuel>
      0.2702418648130105
    </nax:NikeFuel><nax:Moments>
      <nax:Halt xsi:type="nax:Halt_t" action="auto_pause">
      
    </nax:Halt>
    </nax:Moments>
    </nax:Nax>
    </TPX>
    </Extensions>
    </Trackpoint>
<Trackpoint>
      <Time>
      2025-09-09T00:26:48.000Z
    </Time><SensorState>
      Present
    </SensorState><Extensions>
      <TPX xmlns="http://www.garmin.com/xmlschemas/ActivityExtension/v2">
      <nax:Nax>
      <nax:NikeFuel>
      0.2702418648130105
    </nax:NikeFuel><nax:Moments>
      <nax:Halt xsi:type="nax:Halt_t" action="auto_pause">
      
    </nax:Halt>
    </nax:Moments>
    </nax:Nax>
    </TPX>
    </Extensions>
    </Trackpoint>
<Trackpoint>
      <Time>
      2025-09-09T00:26:58.000Z
    </Time><SensorState>
      Present
    </SensorState><Extensions>
      <TPX xmlns="http://www.garmin.com/xmlschemas/ActivityExtension/v2">
      <nax:Nax>
      <nax:NikeFuel>
      0.2702418648130105
    </nax:NikeFuel><nax:Moments>
      <nax:Halt xsi:type="nax:Halt_t" action="auto_pause">
      
    </nax:Halt>
    </nax:Moments>
    </nax:Nax>
    </TPX>
    </Extensions>
    </Trackpoint>
<Trackpoint>
      <Time>
      2025-09-09T00:27:08.000Z
    </Time><SensorState>
      Present
    </SensorState><Extensions>
      <TPX xmlns="http://www.garmin.com/xmlschemas/ActivityExtension/v2">
      <nax:Nax>
      <nax:NikeFuel>
      0.2702418648130105
    </nax:NikeFuel><nax:Moments>
      <nax:Halt xsi:type="nax:Halt_t" action="auto_pause">
      
    </nax:Halt>
    </nax:Moments>
    </nax:Nax>
    </TPX>
    </Extensions>
    </Trackpoint>
<Trackpoint>
      <Time>
      2025-09-09T00:27:18.000Z
    </Time><SensorState>
      Present
    </SensorState><Extensions>
      <TPX xmlns="http://www.garmin.com/xmlschemas/ActivityExtension/v2">
      <nax:Nax>
      <nax:NikeFuel>
      0.2702418648130105
    </nax:NikeFuel><nax:Moments>
      <nax:Halt xsi:type="nax:Halt_t" action="auto_pause">
      
    </nax:Halt>
    </nax:Moments>
    </nax:Nax>
    </TPX>
    </Extensions>
    </Trackpoint>
<Trackpoint>
      <Time>
      2025-09-09T00:27:28.000Z
    </Time><SensorState>
      Present
    </SensorState><Extensions>
      <TPX xmlns="http://www.garmin.com/xmlschemas/ActivityExtension/v2">
      <nax:Nax>
      <nax:NikeFuel>
      0.2702418648130105
    </nax:NikeFuel><nax:Moments>
      <nax:Halt xsi:type="nax:Halt_t" action="auto_pause">
      
    </nax:Halt>
    </nax:Moments>
    </nax:Nax>
    </TPX>
    </Extensions>
    </Trackpoint>
<Trackpoint>
      <Time>
      2025-09-09T00:27:38.000Z
    </Time><SensorState>
      Present
    </SensorState><Extensions>
      <TPX xmlns="http://www.garmin.com/xmlschemas/ActivityExtension/v2">
      <nax:Nax>
      <nax:NikeFuel>
      0.2702418648130105
    </nax:NikeFuel><nax:Moments>
      <nax:Halt xsi:type="nax:Halt_t" action="auto_pause">
      
    </nax:Halt>
    </nax:Moments>
    </nax:Nax>
    </TPX>
    </Extensions>
    </Trackpoint>
<Trackpoint>
      <Time>
      2025-09-09T00:27:48.000Z
    </Time><SensorState>
      Present
    </SensorState><Extensions>
      <TPX xmlns="http://www.garmin.com/xmlschemas/ActivityExtension/v2">
      <nax:Nax>
      <nax:NikeFuel>
      0.2702418648130105
    </nax:NikeFuel><nax:Moments>
      <nax:Halt xsi:type="nax:Halt_t" action="auto_pause">
      
    </nax:Halt>
    </nax:Moments>
    </nax:Nax>
    </TPX>
    </Extensions>
    </Trackpoint>
<Trackpoint>
      <Time>
      2025-09-09T00:27:58.000Z
    </Time><SensorState>
      Present
    </SensorState><Extensions>
      <TPX xmlns="http://www.garmin.com/xmlschemas/ActivityExtension/v2">
      <nax:Nax>
      <nax:NikeFuel>
      0.2702418648130105
    </nax:NikeFuel><nax:Moments>
      <nax:Halt xsi:type="nax:Halt_t" action="auto_pause">
      
    </nax:Halt>
    </nax:Moments>
    </nax:Nax>
    </TPX>
    </Extensions>
    </Trackpoint>
<Trackpoint>
      <Time>
      2025-09-09T00:28:08.000Z
    </Time><SensorState>
      Present
    </SensorState><Extensions>
      <TPX xmlns="http://www.garmin.com/xmlschemas/ActivityExtension/v2">
      <nax:Nax>
      <nax:NikeFuel>
      0.2702418648130105
    </nax:NikeFuel><nax:Moments>
      <nax:Halt xsi:type="nax:Halt_t" action="auto_pause">
      
    </nax:Halt>
    </nax:Moments>
    </nax:Nax>
    </TPX>
    </Extensions>
    </Trackpoint>
<Trackpoint>
      <Time>
      2025-09-09T00:28:18.000Z
    </Time><SensorState>
      Present
    </SensorState><Extensions>
      <TPX xmlns="http://www.garmin.com/xmlschemas/ActivityExtension/v2">
      <nax:Nax>
      <nax:NikeFuel>
      0.2702418648130105
    </nax:NikeFuel><nax:Moments>
      <nax:Halt xsi:type="nax:Halt_t" action="auto_pause">
      
    </nax:Halt>
    </nax:Moments>
    </nax:Nax>
    </TPX>
    </Extensions>
    </Trackpoint>
<Trackpoint>
      <Time>
      2025-09-09T00:28:28.000Z
    </Time><SensorState>
      Present
    </SensorState><Extensions>
      <TPX xmlns="http://www.garmin.com/xmlschemas/ActivityExtension/v2">
      <nax:Nax>
      <nax:NikeFuel>
      0.2702418648130105
    </nax:NikeFuel><nax:Moments>
      <nax:Halt xsi:type="nax:Halt_t" action="auto_pause">
      
    </nax:Halt>
    </nax:Moments>
    </nax:Nax>
    </TPX>
    </Extensions>
    </Trackpoint>
<Trackpoint>
      <Time>
      2025-09-09T00:28:38.000Z
    </Time><SensorState>
      Present
    </SensorState><Extensions>
      <TPX xmlns="http://www.garmin.com/xmlschemas/ActivityExtension/v2">
      <nax:Nax>
      <nax:NikeFuel>
      0.2702418648130105
    </nax:NikeFuel><nax:Moments>
      <nax:Halt xsi:type="nax:Halt_t" action="auto_pause">
      
    </nax:Halt>
    </nax:Moments>
    </nax:Nax>
    </TPX>
    </Extensions>
    </Trackpoint>
<Trackpoint>
      <Time>
      2025-09-09T00:28:48.000Z
    </Time><SensorState>
      Present
    </SensorState><Extensions>
      <TPX xmlns="http://www.garmin.com/xmlschemas/ActivityExtension/v2">
      <nax:Nax>
      <nax:NikeFuel>
      0.2702418648130105
    </nax:NikeFuel><nax:Moments>
      <nax:Halt xsi:type="nax:Halt_t" action="auto_pause">
      
    </nax:Halt>
    </nax:Moments>
    </nax:Nax>
    </TPX>
    </Extensions>
    </Trackpoint>
<Trackpoint>
      <Time>
      2025-09-09T00:28:58.000Z
    </Time><SensorState>
      Present
    </SensorState><Extensions>
      <TPX xmlns="http://www.garmin.com/xmlschemas/ActivityExtension/v2">
      <nax:Nax>
      <nax:NikeFuel>
      0.2702418648130105
    </nax:NikeFuel><nax:Moments>
      <nax:Halt xsi:type="nax:Halt_t" action="auto_pause">
      
    </nax:Halt>
    </nax:Moments>
    </nax:Nax>
    </TPX>
    </Extensions>
    </Trackpoint>
<Trackpoint>
      <Time>
      2025-09-09T00:29:08.000Z
    </Time><SensorState>
      Present
    </SensorState><Extensions>
      <TPX xmlns="http://www.garmin.com/xmlschemas/ActivityExtension/v2">
      <nax:Nax>
      <nax:NikeFuel>
      0.2702418648130105
    </nax:NikeFuel><nax:Moments>
      <nax:Halt xsi:type="nax:Halt_t" action="auto_pause">
      
    </nax:Halt>
    </nax:Moments>
    </nax:Nax>
    </TPX>
    </Extensions>
    </Trackpoint>
<Trackpoint>
      <Time>
      2025-09-09T00:29:18.000Z
    </Time><SensorState>
      Present
    </SensorState><Extensions>
      <TPX xmlns="http://www.garmin.com/xmlschemas/ActivityExtension/v2">
      <nax:Nax>
      <nax:NikeFuel>
      0.2702418648130105
    </nax:NikeFuel><nax:Moments>
      <nax:Halt xsi:type="nax:Halt_t" action="auto_pause">
      
    </nax:Halt>
    </nax:Moments>
    </nax:Nax>
    </TPX>
    </Extensions>
    </Trackpoint>
<Trackpoint>
      <Time>
      2025-09-09T00:29:28.000Z
    </Time><SensorState>
      Present
    </SensorState><Extensions>
      <TPX xmlns="http://www.garmin.com/xmlschemas/ActivityExtension/v2">
      <nax:Nax>
      <nax:NikeFuel>
      0.2702418648130105
    </nax:NikeFuel><nax:Moments>
      <nax:Halt xsi:type="nax:Halt_t" action="auto_pause">
      
    </nax:Halt>
    </nax:Moments>
    </nax:Nax>
    </TPX>
    </Extensions>
    </Trackpoint>
<Trackpoint>
      <Time>
      2025-09-09T00:29:38.000Z
    </Time><SensorState>
      Present
    </SensorState><Extensions>
      <TPX xmlns="http://www.garmin.com/xmlschemas/ActivityExtension/v2">
      <nax:Nax>
      <nax:NikeFuel>
      0.2702418648130105
    </nax:NikeFuel><nax:Moments>
      <nax:Halt xsi:type="nax:Halt_t" action="auto_pause">
      
    </nax:Halt>
    </nax:Moments>
    </nax:Nax>
    </TPX>
    </Extensions>
    </Trackpoint>
<Trackpoint>
      <Time>
      2025-09-09T00:29:48.000Z
    </Time><SensorState>
      Present
    </SensorState><Extensions>
      <TPX xmlns="http://www.garmin.com/xmlschemas/ActivityExtension/v2">
      <nax:Nax>
      <nax:NikeFuel>
      0.2702418648130105
    </nax:NikeFuel><nax:Moments>
      <nax:Halt xsi:type="nax:Halt_t" action="auto_pause">
      
    </nax:Halt>
    </nax:Moments>
    </nax:Nax>
    </TPX>
    </Extensions>
    </Trackpoint>
<Trackpoint>
      <Time>
      2025-09-09T00:29:58.000Z
    </Time><SensorState>
      Present
    </SensorState><Extensions>
      <TPX xmlns="http://www.garmin.com/xmlschemas/ActivityExtension/v2">
      <nax:Nax>
      <nax:NikeFuel>
      0.2702418648130105
    </nax:NikeFuel><nax:Moments>
      <nax:Halt xsi:type="nax:Halt_t" action="auto_pause">
      
    </nax:Halt>
    </nax:Moments>
    </nax:Nax>
    </TPX>
    </Extensions>
    </Trackpoint>
<Trackpoint>
      <Time>
      2025-09-09T00:30:08.000Z
    </Time><SensorState>
      Present
    </SensorState><Extensions>
      <TPX xmlns="http://www.garmin.com/xmlschemas/ActivityExtension/v2">
      <nax:Nax>
      <nax:NikeFuel>
      0.2702418648130105
    </nax:NikeFuel><nax:Moments>
      <nax:Halt xsi:type="nax:Halt_t" action="auto_pause">
      
    </nax:Halt>
    </nax:Moments>
    </nax:Nax>
    </TPX>
    </Extensions>
    </Trackpoint>
<Trackpoint>
      <Time>
      2025-09-09T00:30:18.000Z
    </Time><SensorState>
      Present
    </SensorState><Extensions>
      <TPX xmlns="http://www.garmin.com/xmlschemas/ActivityExtension/v2">
      <nax:Nax>
      <nax:NikeFuel>
      0.2702418648130105
    </nax:NikeFuel><nax:Moments>
      <nax:Halt xsi:type="nax:Halt_t" action="auto_pause">
      
    </nax:Halt>
    </nax:Moments>
    </nax:Nax>
    </TPX>
    </Extensions>
    </Trackpoint>
<Trackpoint>
      <Time>
      2025-09-09T00:30:28.000Z
    </Time><SensorState>
      Present
    </SensorState><Extensions>
      <TPX xmlns="http://www.garmin.com/xmlschemas/ActivityExtension/v2">
      <nax:Nax>
      <nax:NikeFuel>
      0
    </nax:NikeFuel><nax:Moments>
      <nax:Halt xsi:type="nax:Halt_t" action="auto_pause">
      
    </nax:Halt>
    </nax:Moments>
    </nax:Nax>
    </TPX>
    </Extensions>
    </Trackpoint>
<Trackpoint>
      <Time>
      2025-09-09T00:30:35.110Z
    </Time><Cadence>
      0
    </Cadence><SensorState>
      Present
    </SensorState><Extensions>
      <TPX xmlns="http://www.garmin.com/xmlschemas/ActivityExtension/v2">
      <nax:Nax>
      <nax:Moments>
      <nax:Halt xsi:type="nax:Halt_t" action="auto_pause">
      
    </nax:Halt>
    </nax:Moments>
    </nax:Nax>
    </TPX>
    </Extensions>
    </Trackpoint>
<Trackpoint>
      <Time>
      2025-09-09T00:30:35.747Z
    </Time><SensorState>
      Present
    </SensorState><Extensions>
      <TPX xmlns="http://www.garmin.com/xmlschemas/ActivityExtension/v2">
      <nax:Nax>
      <nax:DescentInMeters>
      0.19553375244140625
    </nax:DescentInMeters><nax:Moments>
      <nax:Halt xsi:type="nax:Halt_t" action="auto_pause">
      
    </nax:Halt>
    </nax:Moments>
    </nax:Nax>
    </TPX>
    </Extensions>
    </Trackpoint>
<Trackpoint>
      <Time>
      2025-09-09T00:30:36.807Z
    </Time><SensorState>
      Present
    </SensorState><Extensions>
      <TPX xmlns="http://www.garmin.com/xmlschemas/ActivityExtension/v2">
      <nax:Nax>
      <nax:DescentInMeters>
      0.17174530029296875
    </nax:DescentInMeters><nax:Moments>
      <nax:Halt xsi:type="nax:Halt_t" action="auto_pause">
      
    </nax:Halt>
    </nax:Moments>
    </nax:Nax>
    </TPX>
    </Extensions>
    </Trackpoint>
<Trackpoint>
      <Time>
      2025-09-09T00:30:37.636Z
    </Time><SensorState>
      Present
    </SensorState><Extensions>
      <TPX xmlns="http://www.garmin.com/xmlschemas/ActivityExtension/v2">
      <ns3:Speed>
      0
    </ns3:Speed><nax:Nax>
      <nax:Moments>
      <nax:Halt xsi:type="nax:Halt_t" action="auto_pause">
      
    </nax:Halt>
    </nax:Moments>
    </nax:Nax>
    </TPX>
    </Extensions>
    </Trackpoint>
<Trackpoint>
      <Time>
      2025-09-09T00:30:37.637Z
    </Time><DistanceMeters>
      3.4160933028906584
    </DistanceMeters><Cadence>
      0
    </Cadence><SensorState>
      Present
    </SensorState><Extensions>
      <TPX xmlns="http://www.garmin.com/xmlschemas/ActivityExtension/v2">
      <nax:Nax>
      <nax:Moments>
      <nax:Halt xsi:type="nax:Halt_t" action="auto_pause">
      
    </nax:Halt>
    </nax:Moments>
    </nax:Nax>
    </TPX>
    </Extensions>
    </Trackpoint>
<Trackpoint>
      <Time>
      2025-09-09T00:30:37.867Z
    </Time><SensorState>
      Present
    </SensorState><Extensions>
      <TPX xmlns="http://www.garmin.com/xmlschemas/ActivityExtension/v2">
      <nax:Nax>
      <nax:DescentInMeters>
      0.14797210693359375
    </nax:DescentInMeters><nax:Moments>
      <nax:Halt xsi:type="nax:Halt_t" action="auto_pause">
      
    </nax:Halt>
    </nax:Moments>
    </nax:Nax>
    </TPX>
    </Extensions>
    </Trackpoint>
<Trackpoint>
      <Time>
      2025-09-09T00:30:38.000Z
    </Time><SensorState>
      Present
    </SensorState><Extensions>
      <TPX xmlns="http://www.garmin.com/xmlschemas/ActivityExtension/v2">
      <nax:Nax>
      <nax:NikeFuel>
      0
    </nax:NikeFuel><nax:Moments>
      <nax:Halt xsi:type="nax:Halt_t" action="auto_pause">
      
    </nax:Halt>
    </nax:Moments>
    </nax:Nax>
    </TPX>
    </Extensions>
    </Trackpoint>
<Trackpoint>
      <Time>
      2025-09-09T00:30:38.927Z
    </Time><SensorState>
      Present
    </SensorState><Extensions>
      <TPX xmlns="http://www.garmin.com/xmlschemas/ActivityExtension/v2">
      <nax:Nax>
      <nax:DescentInMeters>
      0.12154388427734375
    </nax:DescentInMeters><nax:Moments>
      <nax:Halt xsi:type="nax:Halt_t" action="auto_pause">
      
    </nax:Halt>
    </nax:Moments>
    </nax:Nax>
    </TPX>
    </Extensions>
    </Trackpoint>
<Trackpoint>
      <Time>
      2025-09-09T00:30:39.988Z
    </Time><SensorState>
      Present
    </SensorState><Extensions>
      <TPX xmlns="http://www.garmin.com/xmlschemas/ActivityExtension/v2">
      <nax:Nax>
      <nax:DescentInMeters>
      0.10305023193359375
    </nax:DescentInMeters><nax:Moments>
      <nax:Halt xsi:type="nax:Halt_t" action="auto_pause">
      
    </nax:Halt>
    </nax:Moments>
    </nax:Nax>
    </TPX>
    </Extensions>
    </Trackpoint>
<Trackpoint>
      <Time>
      2025-09-09T00:30:40.191Z
    </Time><SensorState>
      Present
    </SensorState><Extensions>
      <TPX xmlns="http://www.garmin.com/xmlschemas/ActivityExtension/v2">
      <ns3:Speed>
      0
    </ns3:Speed><nax:Nax>
      <nax:Moments>
      <nax:Halt xsi:type="nax:Halt_t" action="auto_pause">
      
    </nax:Halt>
    </nax:Moments>
    </nax:Nax>
    </TPX>
    </Extensions>
    </Trackpoint>
<Trackpoint>
      <Time>
      2025-09-09T00:30:40.192Z
    </Time><DistanceMeters>
      3.7319334966596216
    </DistanceMeters><Cadence>
      0
    </Cadence><SensorState>
      Present
    </SensorState><Extensions>
      <TPX xmlns="http://www.garmin.com/xmlschemas/ActivityExtension/v2">
      <nax:Nax>
      <nax:Moments>
      <nax:Halt xsi:type="nax:Halt_t" action="auto_pause">
      
    </nax:Halt>
    </nax:Moments>
    </nax:Nax>
    </TPX>
    </Extensions>
    </Trackpoint>
<Trackpoint>
      <Time>
      2025-09-09T00:30:41.047Z
    </Time><SensorState>
      Present
    </SensorState><Extensions>
      <TPX xmlns="http://www.garmin.com/xmlschemas/ActivityExtension/v2">
      <nax:Nax>
      <nax:DescentInMeters>
      0.08719635009765625
    </nax:DescentInMeters><nax:Moments>
      <nax:Halt xsi:type="nax:Halt_t" action="auto_pause">
      
    </nax:Halt>
    </nax:Moments>
    </nax:Nax>
    </TPX>
    </Extensions>
    </Trackpoint>
<Trackpoint>
      <Time>
      2025-09-09T00:30:41.999Z
    </Time><Position>
      <LatitudeDegrees>
      47.42979523445255
    </LatitudeDegrees><LongitudeDegrees>
      -122.2902221283759
    </LongitudeDegrees>
    </Position><AltitudeMeters>
      114.78356446977705
    </AltitudeMeters><SensorState>
      Present
    </SensorState><Extensions>
      <TPX xmlns="http://www.garmin.com/xmlschemas/ActivityExtension/v2">
      <nax:Nax>
      <nax:Moments>
      <nax:Halt xsi:type="nax:Halt_t" action="auto_pause">
      
    </nax:Halt>
    </nax:Moments>
    </nax:Nax>
    </TPX>
    </Extensions>
    </Trackpoint>
<Trackpoint>
      <Time>
      2025-09-09T00:30:42.108Z
    </Time><SensorState>
      Present
    </SensorState><Extensions>
      <TPX xmlns="http://www.garmin.com/xmlschemas/ActivityExtension/v2">
      <nax:Nax>
      <nax:DescentInMeters>
      0.08719635009765625
    </nax:DescentInMeters><nax:Moments>
      <nax:Halt xsi:type="nax:Halt_t" action="auto_pause">
      
    </nax:Halt>
    </nax:Moments>
    </nax:Nax>
    </TPX>
    </Extensions>
    </Trackpoint>
<Trackpoint>
      <Time>
      2025-09-09T00:30:42.747Z
    </Time><SensorState>
      Present
    </SensorState><Extensions>
      <TPX xmlns="http://www.garmin.com/xmlschemas/ActivityExtension/v2">
      <ns3:Speed>
      0
    </ns3:Speed><nax:Nax>
      <nax:Moments>
      <nax:Halt xsi:type="nax:Halt_t" action="auto_pause">
      
    </nax:Halt>
    </nax:Moments>
    </nax:Nax>
    </TPX>
    </Extensions>
    </Trackpoint>
<Trackpoint>
      <Time>
      2025-09-09T00:30:42.748Z
    </Time><DistanceMeters>
      2.485154030378908
    </DistanceMeters><Cadence>
      0
    </Cadence><SensorState>
      Present
    </SensorState><Extensions>
      <TPX xmlns="http://www.garmin.com/xmlschemas/ActivityExtension/v2">
      <nax:Nax>
      <nax:Moments>
      <nax:Halt xsi:type="nax:Halt_t" action="auto_pause">
      
    </nax:Halt>
    </nax:Moments>
    </nax:Nax>
    </TPX>
    </Extensions>
    </Trackpoint>
<Trackpoint>
      <Time>
      2025-09-09T00:30:43.168Z
    </Time><SensorState>
      Present
    </SensorState><Extensions>
      <TPX xmlns="http://www.garmin.com/xmlschemas/ActivityExtension/v2">
      <nax:Nax>
      <nax:DescentInMeters>
      0.08191680908203125
    </nax:DescentInMeters><nax:Moments>
      <nax:Halt xsi:type="nax:Halt_t" action="auto_pause">
      
    </nax:Halt>
    </nax:Moments>
    </nax:Nax>
    </TPX>
    </Extensions>
    </Trackpoint>
<Trackpoint>
      <Time>
      2025-09-09T00:30:44.229Z
    </Time><SensorState>
      Present
    </SensorState><Extensions>
      <TPX xmlns="http://www.garmin.com/xmlschemas/ActivityExtension/v2">
      <nax:Nax>
      <nax:DescentInMeters>
      0.0792694091796875
    </nax:DescentInMeters><nax:Moments>
      <nax:Halt xsi:type="nax:Halt_t" action="auto_pause">
      
    </nax:Halt>
    </nax:Moments>
    </nax:Nax>
    </TPX>
    </Extensions>
    </Trackpoint>
<Trackpoint>
      <Time>
      2025-09-09T00:30:45.289Z
    </Time><SensorState>
      Present
    </SensorState><Extensions>
      <TPX xmlns="http://www.garmin.com/xmlschemas/ActivityExtension/v2">
      <nax:Nax>
      <nax:DescentInMeters>
      0.0792694091796875
    </nax:DescentInMeters><nax:Moments>
      <nax:Halt xsi:type="nax:Halt_t" action="auto_pause">
      
    </nax:Halt>
    </nax:Moments>
    </nax:Nax>
    </TPX>
    </Extensions>
    </Trackpoint>
<Trackpoint>
      <Time>
      2025-09-09T00:30:45.303Z
    </Time><SensorState>
      Present
    </SensorState><Extensions>
      <TPX xmlns="http://www.garmin.com/xmlschemas/ActivityExtension/v2">
      <ns3:Speed>
      0
    </ns3:Speed><nax:Nax>
      <nax:Moments>
      <nax:Halt xsi:type="nax:Halt_t" action="auto_pause">
      
    </nax:Halt>
    </nax:Moments>
    </nax:Nax>
    </TPX>
    </Extensions>
    </Trackpoint>
<Trackpoint>
      <Time>
      2025-09-09T00:30:45.304Z
    </Time><DistanceMeters>
      5.639141510240734
    </DistanceMeters><Cadence>
      0
    </Cadence><SensorState>
      Present
    </SensorState><Extensions>
      <TPX xmlns="http://www.garmin.com/xmlschemas/ActivityExtension/v2">
      <nax:Nax>
      <nax:Moments>
      <nax:Halt xsi:type="nax:Halt_t" action="auto_pause">
      
    </nax:Halt>
    </nax:Moments>
    </nax:Nax>
    </TPX>
    </Extensions>
    </Trackpoint>
<Trackpoint>
      <Time>
      2025-09-09T00:30:46.349Z
    </Time><SensorState>
      Present
    </SensorState><Extensions>
      <TPX xmlns="http://www.garmin.com/xmlschemas/ActivityExtension/v2">
      <nax:Nax>
      <nax:DescentInMeters>
      0.1268310546875
    </nax:DescentInMeters><nax:Moments>
      <nax:Halt xsi:type="nax:Halt_t" action="auto_pause">
      
    </nax:Halt>
    </nax:Moments>
    </nax:Nax>
    </TPX>
    </Extensions>
    </Trackpoint>
<Trackpoint>
      <Time>
      2025-09-09T00:30:47.409Z
    </Time><SensorState>
      Present
    </SensorState><Extensions>
      <TPX xmlns="http://www.garmin.com/xmlschemas/ActivityExtension/v2">
      <nax:Nax>
      <nax:DescentInMeters>
      0.15061187744140625
    </nax:DescentInMeters><nax:Moments>
      <nax:Halt xsi:type="nax:Halt_t" action="auto_pause">
      
    </nax:Halt>
    </nax:Moments>
    </nax:Nax>
    </TPX>
    </Extensions>
    </Trackpoint>
<Trackpoint>
      <Time>
      2025-09-09T00:30:47.858Z
    </Time><SensorState>
      Present
    </SensorState><Extensions>
      <TPX xmlns="http://www.garmin.com/xmlschemas/ActivityExtension/v2">
      <ns3:Speed>
      0
    </ns3:Speed><nax:Nax>
      <nax:Moments>
      <nax:Halt xsi:type="nax:Halt_t" action="auto_pause">
      
    </nax:Halt>
    </nax:Moments>
    </nax:Nax>
    </TPX>
    </Extensions>
    </Trackpoint>
<Trackpoint>
      <Time>
      2025-09-09T00:30:47.859Z
    </Time><DistanceMeters>
      8.38110172119923
    </DistanceMeters><Cadence>
      0
    </Cadence><SensorState>
      Present
    </SensorState><Extensions>
      <TPX xmlns="http://www.garmin.com/xmlschemas/ActivityExtension/v2">
      <nax:Nax>
      <nax:Moments>
      <nax:Halt xsi:type="nax:Halt_t" action="auto_pause">
      
    </nax:Halt>
    </nax:Moments>
    </nax:Nax>
    </TPX>
    </Extensions>
    </Trackpoint>
<Trackpoint>
      <Time>
      2025-09-09T00:30:47.999Z
    </Time><Position>
      <LatitudeDegrees>
      47.42967874963276
    </LatitudeDegrees><LongitudeDegrees>
      -122.29018557919734
    </LongitudeDegrees>
    </Position><AltitudeMeters>
      113.10024881083518
    </AltitudeMeters><SensorState>
      Present
    </SensorState><Extensions>
      <TPX xmlns="http://www.garmin.com/xmlschemas/ActivityExtension/v2">
      <nax:Nax>
      <nax:Moments>
      <nax:Halt xsi:type="nax:Halt_t" action="auto_pause">
      
    </nax:Halt>
    </nax:Moments>
    </nax:Nax>
    </TPX>
    </Extensions>
    </Trackpoint>
<Trackpoint>
      <Time>
      2025-09-09T00:30:48.000Z
    </Time><SensorState>
      Present
    </SensorState><Extensions>
      <TPX xmlns="http://www.garmin.com/xmlschemas/ActivityExtension/v2">
      <nax:Nax>
      <nax:NikeFuel>
      2.1162943690946157
    </nax:NikeFuel><nax:Moments>
      <nax:Halt xsi:type="nax:Halt_t" action="auto_pause">
      
    </nax:Halt>
    </nax:Moments>
    </nax:Nax>
    </TPX>
    </Extensions>
    </Trackpoint>
<Trackpoint>
      <Time>
      2025-09-09T00:30:48.470Z
    </Time><SensorState>
      Present
    </SensorState><Extensions>
      <TPX xmlns="http://www.garmin.com/xmlschemas/ActivityExtension/v2">
      <nax:Nax>
      <nax:DescentInMeters>
      0.1717529296875
    </nax:DescentInMeters><nax:Moments>
      <nax:Halt xsi:type="nax:Halt_t" action="auto_pause">
      
    </nax:Halt>
    </nax:Moments>
    </nax:Nax>
    </TPX>
    </Extensions>
    </Trackpoint>
<Trackpoint>
      <Time>
      2025-09-09T00:30:49.530Z
    </Time><SensorState>
      Present
    </SensorState><Extensions>
      <TPX xmlns="http://www.garmin.com/xmlschemas/ActivityExtension/v2">
      <nax:Nax>
      <nax:DescentInMeters>
      0.14003753662109375
    </nax:DescentInMeters><nax:Moments>
      <nax:Halt xsi:type="nax:Halt_t" action="auto_pause">
      
    </nax:Halt>
    </nax:Moments>
    </nax:Nax>
    </TPX>
    </Extensions>
    </Trackpoint>
<Trackpoint>
      <Time>
      2025-09-09T00:30:50.414Z
    </Time><SensorState>
      Present
    </SensorState><Extensions>
      <TPX xmlns="http://www.garmin.com/xmlschemas/ActivityExtension/v2">
      <ns3:Speed>
      0
    </ns3:Speed><nax:Nax>
      <nax:Moments>
      <nax:Halt xsi:type="nax:Halt_t" action="auto_pause">
      
    </nax:Halt>
    </nax:Moments>
    </nax:Nax>
    </TPX>
    </Extensions>
    </Trackpoint>
<Trackpoint>
      <Time>
      2025-09-09T00:30:50.415Z
    </Time><DistanceMeters>
      7.026665747864172
    </DistanceMeters><Cadence>
      0
    </Cadence><SensorState>
      Present
    </SensorState><Extensions>
      <TPX xmlns="http://www.garmin.com/xmlschemas/ActivityExtension/v2">
      <nax:Nax>
      <nax:Moments>
      <nax:Halt xsi:type="nax:Halt_t" action="auto_pause">
      
    </nax:Halt>
    </nax:Moments>
    </nax:Nax>
    </TPX>
    </Extensions>
    </Trackpoint>
<Trackpoint>
      <Time>
      2025-09-09T00:30:50.590Z
    </Time><SensorState>
      Present
    </SensorState><Extensions>
      <TPX xmlns="http://www.garmin.com/xmlschemas/ActivityExtension/v2">
      <nax:Nax>
      <nax:DescentInMeters>
      0.14797210693359375
    </nax:DescentInMeters><nax:Moments>
      <nax:Halt xsi:type="nax:Halt_t" action="auto_pause">
      
    </nax:Halt>
    </nax:Moments>
    </nax:Nax>
    </TPX>
    </Extensions>
    </Trackpoint>
<Trackpoint>
      <Time>
      2025-09-09T00:30:51.650Z
    </Time><SensorState>
      Present
    </SensorState><Extensions>
      <TPX xmlns="http://www.garmin.com/xmlschemas/ActivityExtension/v2">
      <nax:Nax>
      <nax:DescentInMeters>
      0.158538818359375
    </nax:DescentInMeters><nax:Moments>
      <nax:Halt xsi:type="nax:Halt_t" action="auto_pause">
      
    </nax:Halt>
    </nax:Moments>
    </nax:Nax>
    </TPX>
    </Extensions>
    </Trackpoint>
<Trackpoint>
      <Time>
      2025-09-09T00:30:51.999Z
    </Time><Position>
      <LatitudeDegrees>
      47.42958805871061
    </LatitudeDegrees><LongitudeDegrees>
      -122.29011236884472
    </LongitudeDegrees>
    </Position><AltitudeMeters>
      113.05504845362157
    </AltitudeMeters><SensorState>
      Present
    </SensorState><Extensions>
      <TPX xmlns="http://www.garmin.com/xmlschemas/ActivityExtension/v2">
      <nax:Nax>
      <nax:Moments>
      <nax:Halt xsi:type="nax:Halt_t" action="auto_pause">
      
    </nax:Halt>
    </nax:Moments>
    </nax:Nax>
    </TPX>
    </Extensions>
    </Trackpoint>
<Trackpoint>
      <Time>
      2025-09-09T00:30:52.711Z
    </Time><SensorState>
      Present
    </SensorState><Extensions>
      <TPX xmlns="http://www.garmin.com/xmlschemas/ActivityExtension/v2">
      <nax:Nax>
      <nax:DescentInMeters>
      0.1241912841796875
    </nax:DescentInMeters><nax:Moments>
      <nax:Halt xsi:type="nax:Halt_t" action="auto_pause">
      
    </nax:Halt>
    </nax:Moments>
    </nax:Nax>
    </TPX>
    </Extensions>
    </Trackpoint>
<Trackpoint>
      <Time>
      2025-09-09T00:30:52.970Z
    </Time><SensorState>
      Present
    </SensorState><Extensions>
      <TPX xmlns="http://www.garmin.com/xmlschemas/ActivityExtension/v2">
      <ns3:Speed>
      0
    </ns3:Speed><nax:Nax>
      <nax:Moments>
      <nax:Halt xsi:type="nax:Halt_t" action="auto_pause">
      
    </nax:Halt>
    </nax:Moments>
    </nax:Nax>
    </TPX>
    </Extensions>
    </Trackpoint>
<Trackpoint>
      <Time>
      2025-09-09T00:30:52.971Z
    </Time><DistanceMeters>
      8.677085114177316
    </DistanceMeters><Cadence>
      166.9489574432373
    </Cadence><SensorState>
      Present
    </SensorState><Extensions>
      <TPX xmlns="http://www.garmin.com/xmlschemas/ActivityExtension/v2">
      <nax:Nax>
      <nax:Moments>
      <nax:Halt xsi:type="nax:Halt_t" action="auto_pause">
      
    </nax:Halt>
    </nax:Moments>
    </nax:Nax>
    </TPX>
    </Extensions>
    </Trackpoint>
<Trackpoint>
      <Time>
      2025-09-09T00:30:53.771Z
    </Time><SensorState>
      Present
    </SensorState><Extensions>
      <TPX xmlns="http://www.garmin.com/xmlschemas/ActivityExtension/v2">
      <nax:Nax>
      <nax:DescentInMeters>
      0.19024658203125
    </nax:DescentInMeters><nax:Moments>
      <nax:Halt xsi:type="nax:Halt_t" action="auto_pause">
      
    </nax:Halt>
    </nax:Moments>
    </nax:Nax>
    </TPX>
    </Extensions>
    </Trackpoint>
<Trackpoint>
      <Time>
      2025-09-09T00:30:54.830Z
    </Time><SensorState>
      Present
    </SensorState><Extensions>
      <TPX xmlns="http://www.garmin.com/xmlschemas/ActivityExtension/v2">
      <nax:Nax>
      <nax:DescentInMeters>
      0.19024658203125
    </nax:DescentInMeters><nax:Moments>
      <nax:Halt xsi:type="nax:Halt_t" action="auto_pause">
      
    </nax:Halt>
    </nax:Moments>
    </nax:Nax>
    </TPX>
    </Extensions>
    </Trackpoint>
<Trackpoint>
      <Time>
      2025-09-09T00:30:55.525Z
    </Time><SensorState>
      Present
    </SensorState><Extensions>
      <TPX xmlns="http://www.garmin.com/xmlschemas/ActivityExtension/v2">
      <ns3:Speed>
      3.202677930798632
    </ns3:Speed><nax:Nax>
      <nax:Pace>
      5.203978366476145
    </nax:Pace><nax:Moments>
      <nax:Halt xsi:type="nax:Halt_t" action="auto_pause">
      
    </nax:Halt>
    </nax:Moments>
    </nax:Nax>
    </TPX>
    </Extensions>
    </Trackpoint>
<Trackpoint>
      <Time>
      2025-09-09T00:30:55.526Z
    </Time><DistanceMeters>
      8.496787412557751
    </DistanceMeters><Cadence>
      162.43846893310547
    </Cadence><SensorState>
      Present
    </SensorState><Extensions>
      <TPX xmlns="http://www.garmin.com/xmlschemas/ActivityExtension/v2">
      <nax:Nax>
      <nax:Moments>
      <nax:Halt xsi:type="nax:Halt_t" action="auto_pause">
      
    </nax:Halt>
    </nax:Moments>
    </nax:Nax>
    </TPX>
    </Extensions>
    </Trackpoint>
<Trackpoint>
      <Time>
      2025-09-09T00:30:55.891Z
    </Time><SensorState>
      Present
    </SensorState><Extensions>
      <TPX xmlns="http://www.garmin.com/xmlschemas/ActivityExtension/v2">
      <nax:Nax>
      <nax:DescentInMeters>
      0.2245941162109375
    </nax:DescentInMeters><nax:Moments>
      <nax:Halt xsi:type="nax:Halt_t" action="auto_pause">
      
    </nax:Halt>
    </nax:Moments>
    </nax:Nax>
    </TPX>
    </Extensions>
    </Trackpoint>
<Trackpoint>
      <Time>
      2025-09-09T00:30:55.999Z
    </Time><Position>
      <LatitudeDegrees>
      47.429472340456535
    </LatitudeDegrees><LongitudeDegrees>
      -122.29011088887516
    </LongitudeDegrees>
    </Position><AltitudeMeters>
      112.30853983014822
    </AltitudeMeters><SensorState>
      Present
    </SensorState><Extensions>
      <TPX xmlns="http://www.garmin.com/xmlschemas/ActivityExtension/v2">
      <nax:Nax>
      <nax:Moments>
      <nax:Halt xsi:type="nax:Halt_t" action="auto_pause">
      
    </nax:Halt>
    </nax:Moments>
    </nax:Nax>
    </TPX>
    </Extensions>
    </Trackpoint>
<Trackpoint>
      <Time>
      2025-09-09T00:30:56.952Z
    </Time><SensorState>
      Present
    </SensorState><Extensions>
      <TPX xmlns="http://www.garmin.com/xmlschemas/ActivityExtension/v2">
      <nax:Nax>
      <nax:DescentInMeters>
      0.21138763427734375
    </nax:DescentInMeters><nax:Moments>
      <nax:Halt xsi:type="nax:Halt_t" action="auto_pause">
      
    </nax:Halt>
    </nax:Moments>
    </nax:Nax>
    </TPX>
    </Extensions>
    </Trackpoint>
<Trackpoint>
      <Time>
      2025-09-09T00:30:58.000Z
    </Time><SensorState>
      Present
    </SensorState><Extensions>
      <TPX xmlns="http://www.garmin.com/xmlschemas/ActivityExtension/v2">
      <nax:Nax>
      <nax:NikeFuel>
      7.492317426267508
    </nax:NikeFuel><nax:Moments>
      <nax:Halt xsi:type="nax:Halt_t" action="auto_pause">
      
    </nax:Halt>
    </nax:Moments>
    </nax:Nax>
    </TPX>
    </Extensions>
    </Trackpoint>
<Trackpoint>
      <Time>
      2025-09-09T00:30:58.012Z
    </Time><SensorState>
      Present
    </SensorState><Extensions>
      <TPX xmlns="http://www.garmin.com/xmlschemas/ActivityExtension/v2">
      <nax:Nax>
      <nax:DescentInMeters>
      0.203460693359375
    </nax:DescentInMeters><nax:Moments>
      <nax:Halt xsi:type="nax:Halt_t" action="auto_pause">
      
    </nax:Halt>
    </nax:Moments>
    </nax:Nax>
    </TPX>
    </Extensions>
    </Trackpoint>
<Trackpoint>
      <Time>
      2025-09-09T00:30:58.081Z
    </Time><SensorState>
      Present
    </SensorState><Extensions>
      <TPX xmlns="http://www.garmin.com/xmlschemas/ActivityExtension/v2">
      <ns3:Speed>
      2.941285538174091
    </ns3:Speed><nax:Nax>
      <nax:Pace>
      5.666456537576797
    </nax:Pace><nax:Moments>
      <nax:Halt xsi:type="nax:Halt_t" action="auto_pause">
      
    </nax:Halt>
    </nax:Moments>
    </nax:Nax>
    </TPX>
    </Extensions>
    </Trackpoint>
<Trackpoint>
      <Time>
      2025-09-09T00:30:58.082Z
    </Time><DistanceMeters>
      9.208092579152435
    </DistanceMeters><Cadence>
      161.81423664093018
    </Cadence><SensorState>
      Present
    </SensorState><Extensions>
      <TPX xmlns="http://www.garmin.com/xmlschemas/ActivityExtension/v2">
      <nax:Nax>
      <nax:Moments>
      <nax:Halt xsi:type="nax:Halt_t" action="auto_pause">
      
    </nax:Halt>
    </nax:Moments>
    </nax:Nax>
    </TPX>
    </Extensions>
    </Trackpoint>
<Trackpoint>
      <Time>
      2025-09-09T00:30:58.999Z
    </Time><Position>
      <LatitudeDegrees>
      47.42937624097991
    </LatitudeDegrees><LongitudeDegrees>
      -122.29007737808735
    </LongitudeDegrees>
    </Position><AltitudeMeters>
      112.04633702524006
    </AltitudeMeters><SensorState>
      Present
    </SensorState><Extensions>
      <TPX xmlns="http://www.garmin.com/xmlschemas/ActivityExtension/v2">
      <nax:Nax>
      <nax:Moments>
      <nax:Halt xsi:type="nax:Halt_t" action="auto_pause">
      
    </nax:Halt>
    </nax:Moments>
    </nax:Nax>
    </TPX>
    </Extensions>
    </Trackpoint>
<Trackpoint>
      <Time>
      2025-09-09T00:30:59.072Z
    </Time><SensorState>
      Present
    </SensorState><Extensions>
      <TPX xmlns="http://www.garmin.com/xmlschemas/ActivityExtension/v2">
      <nax:Nax>
      <nax:DescentInMeters>
      0.15325164794921875
    </nax:DescentInMeters><nax:Moments>
      <nax:Halt xsi:type="nax:Halt_t" action="auto_pause">
      
    </nax:Halt>
    </nax:Moments>
    </nax:Nax>
    </TPX>
    </Extensions>
    </Trackpoint>
<Trackpoint>
      <Time>
      2025-09-09T00:31:00.133Z
    </Time><SensorState>
      Present
    </SensorState><Extensions>
      <TPX xmlns="http://www.garmin.com/xmlschemas/ActivityExtension/v2">
      <nax:Nax>
      <nax:DescentInMeters>
      0.2008209228515625
    </nax:DescentInMeters><nax:Moments>
      <nax:Halt xsi:type="nax:Halt_t" action="auto_pause">
      
    </nax:Halt>
    </nax:Moments>
    </nax:Nax>
    </TPX>
    </Extensions>
    </Trackpoint>
<Trackpoint>
      <Time>
      2025-09-09T00:31:00.636Z
    </Time><SensorState>
      Present
    </SensorState><Extensions>
      <TPX xmlns="http://www.garmin.com/xmlschemas/ActivityExtension/v2">
      <ns3:Speed>
      2.9003817447313067
    </ns3:Speed><nax:Nax>
      <nax:Pace>
      5.746370006962886
    </nax:Pace><nax:Moments>
      <nax:Halt xsi:type="nax:Halt_t" action="auto_pause">
      
    </nax:Halt>
    </nax:Moments>
    </nax:Nax>
    </TPX>
    </Extensions>
    </Trackpoint>
<Trackpoint>
      <Time>
      2025-09-09T00:31:00.637Z
    </Time><DistanceMeters>
      8.311495888978243
    </DistanceMeters><Cadence>
      160.57944774627686
    </Cadence><SensorState>
      Present
    </SensorState><Extensions>
      <TPX xmlns="http://www.garmin.com/xmlschemas/ActivityExtension/v2">
      <nax:Nax>
      <nax:Moments>
      <nax:Halt xsi:type="nax:Halt_t" action="auto_pause">
      
    </nax:Halt>
    </nax:Moments>
    </nax:Nax>
    </TPX>
    </Extensions>
    </Trackpoint>
<Trackpoint>
      <Time>
      2025-09-09T00:31:01.192Z
    </Time><SensorState>
      Present
    </SensorState><Extensions>
      <TPX xmlns="http://www.garmin.com/xmlschemas/ActivityExtension/v2">
      <nax:Nax>
      <nax:DescentInMeters>
      0.1743927001953125
    </nax:DescentInMeters><nax:Moments>
      <nax:Halt xsi:type="nax:Halt_t" action="auto_pause">
      
    </nax:Halt>
    </nax:Moments>
    </nax:Nax>
    </TPX>
    </Extensions>
    </Trackpoint>
<Trackpoint>
      <Time>
      2025-09-09T00:31:02.253Z
    </Time><SensorState>
      Present
    </SensorState><Extensions>
      <TPX xmlns="http://www.garmin.com/xmlschemas/ActivityExtension/v2">
      <nax:Nax>
      <nax:DescentInMeters>
      0.18231964111328125
    </nax:DescentInMeters><nax:Moments>
      <nax:Halt xsi:type="nax:Halt_t" action="auto_pause">
      
    </nax:Halt>
    </nax:Moments>
    </nax:Nax>
    </TPX>
    </Extensions>
    </Trackpoint>
<Trackpoint>
      <Time>
      2025-09-09T00:31:02.999Z
    </Time><Position>
      <LatitudeDegrees>
      47.429264114664576
    </LatitudeDegrees><LongitudeDegrees>
      -122.29008218691145
    </LongitudeDegrees>
    </Position><AltitudeMeters>
      111.68795944191515
    </AltitudeMeters><SensorState>
      Present
    </SensorState><Extensions>
      <TPX xmlns="http://www.garmin.com/xmlschemas/ActivityExtension/v2">
      <nax:Nax>
      <nax:Moments>
      <nax:Halt xsi:type="nax:Halt_t" action="auto_pause">
      
    </nax:Halt>
    </nax:Moments>
    </nax:Nax>
    </TPX>
    </Extensions>
    </Trackpoint>
<Trackpoint>
      <Time>
      2025-09-09T00:31:03.192Z
    </Time><DistanceMeters>
      6.839911015238613
    </DistanceMeters><SensorState>
      Present
    </SensorState><Extensions>
      <TPX xmlns="http://www.garmin.com/xmlschemas/ActivityExtension/v2">
      <ns3:Speed>
      2.8527649180499544
    </ns3:Speed><nax:Nax>
      <nax:Pace>
      5.8422853426210075
    </nax:Pace><nax:Moments>
      <nax:Halt xsi:type="nax:Halt_t" action="auto_pause">
      
    </nax:Halt>
    </nax:Moments>
    </nax:Nax>
    </TPX>
    </Extensions>
    </Trackpoint>
<Trackpoint>
      <Time>
      2025-09-09T00:31:03.193Z
    </Time><Cadence>
      160.6514596939087
    </Cadence><SensorState>
      Present
    </SensorState><Extensions>
      <TPX xmlns="http://www.garmin.com/xmlschemas/ActivityExtension/v2">
      <nax:Nax>
      <nax:Moments>
      <nax:Halt xsi:type="nax:Halt_t" action="auto_pause">
      
    </nax:Halt>
    </nax:Moments>
    </nax:Nax>
    </TPX>
    </Extensions>
    </Trackpoint>
<Trackpoint>
      <Time>
      2025-09-09T00:31:03.313Z
    </Time><SensorState>
      Present
    </SensorState><Extensions>
      <TPX xmlns="http://www.garmin.com/xmlschemas/ActivityExtension/v2">
      <nax:Nax>
      <nax:DescentInMeters>
      0.253662109375
    </nax:DescentInMeters><nax:Moments>
      <nax:Halt xsi:type="nax:Halt_t" action="auto_pause">
      
    </nax:Halt>
    </nax:Moments>
    </nax:Nax>
    </TPX>
    </Extensions>
    </Trackpoint>
<Trackpoint>
      <Time>
      2025-09-09T00:31:04.374Z
    </Time><SensorState>
      Present
    </SensorState><Extensions>
      <TPX xmlns="http://www.garmin.com/xmlschemas/ActivityExtension/v2">
      <nax:Nax>
      <nax:DescentInMeters>
      0.24309539794921875
    </nax:DescentInMeters><nax:Moments>
      <nax:Halt xsi:type="nax:Halt_t" action="auto_pause">
      
    </nax:Halt>
    </nax:Moments>
    </nax:Nax>
    </TPX>
    </Extensions>
    </Trackpoint>
<Trackpoint>
      <Time>
      2025-09-09T00:31:05.434Z
    </Time><SensorState>
      Present
    </SensorState><Extensions>
      <TPX xmlns="http://www.garmin.com/xmlschemas/ActivityExtension/v2">
      <nax:Nax>
      <nax:DescentInMeters>
      0.177032470703125
    </nax:DescentInMeters><nax:Moments>
      <nax:Halt xsi:type="nax:Halt_t" action="auto_pause">
      
    </nax:Halt>
    </nax:Moments>
    </nax:Nax>
    </TPX>
    </Extensions>
    </Trackpoint>
<Trackpoint>
      <Time>
      2025-09-09T00:31:05.748Z
    </Time><SensorState>
      Present
    </SensorState><Extensions>
      <TPX xmlns="http://www.garmin.com/xmlschemas/ActivityExtension/v2">
      <ns3:Speed>
      2.8475611015806246
    </ns3:Speed><nax:Nax>
      <nax:Pace>
      5.852961910954371
    </nax:Pace><nax:Moments>
      <nax:Halt xsi:type="nax:Halt_t" action="auto_pause">
      
    </nax:Halt>
    </nax:Moments>
    </nax:Nax>
    </TPX>
    </Extensions>
    </Trackpoint>
<Trackpoint>
      <Time>
      2025-09-09T00:31:05.749Z
    </Time><DistanceMeters>
      9.745180553290993
    </DistanceMeters><Cadence>
      160.8492136001587
    </Cadence><SensorState>
      Present
    </SensorState><Extensions>
      <TPX xmlns="http://www.garmin.com/xmlschemas/ActivityExtension/v2">
      <nax:Nax>
      <nax:Moments>
      <nax:Halt xsi:type="nax:Halt_t" action="auto_pause">
      
    </nax:Halt>
    </nax:Moments>
    </nax:Nax>
    </TPX>
    </Extensions>
    </Trackpoint>
<Trackpoint>
      <Time>
      2025-09-09T00:31:05.999Z
    </Time><Position>
      <LatitudeDegrees>
      47.4291707827031
    </LatitudeDegrees><LongitudeDegrees>
      -122.29009582366943
    </LongitudeDegrees>
    </Position><AltitudeMeters>
      110.68999925348908
    </AltitudeMeters><SensorState>
      Present
    </SensorState><Extensions>
      <TPX xmlns="http://www.garmin.com/xmlschemas/ActivityExtension/v2">
      <nax:Nax>
      <nax:Moments>
      <nax:Halt xsi:type="nax:Halt_t" action="auto_pause">
      
    </nax:Halt>
    </nax:Moments>
    </nax:Nax>
    </TPX>
    </Extensions>
    </Trackpoint>
<Trackpoint>
      <Time>
      2025-09-09T00:31:06.494Z
    </Time><SensorState>
      Present
    </SensorState><Extensions>
      <TPX xmlns="http://www.garmin.com/xmlschemas/ActivityExtension/v2">
      <nax:Nax>
      <nax:DescentInMeters>
      0.13475799560546875
    </nax:DescentInMeters><nax:Moments>
      <nax:Halt xsi:type="nax:Halt_t" action="auto_pause">
      
    </nax:Halt>
    </nax:Moments>
    </nax:Nax>
    </TPX>
    </Extensions>
    </Trackpoint>
<Trackpoint>
      <Time>
      2025-09-09T00:31:07.554Z
    </Time><SensorState>
      Present
    </SensorState><Extensions>
      <TPX xmlns="http://www.garmin.com/xmlschemas/ActivityExtension/v2">
      <nax:Nax>
      <nax:DescentInMeters>
      0.02642059326171875
    </nax:DescentInMeters><nax:Moments>
      <nax:Halt xsi:type="nax:Halt_t" action="auto_pause">
      
    </nax:Halt>
    </nax:Moments>
    </nax:Nax>
    </TPX>
    </Extensions>
    </Trackpoint>
<Trackpoint>
      <Time>
      2025-09-09T00:31:08.000Z
    </Time><SensorState>
      Present
    </SensorState><Extensions>
      <TPX xmlns="http://www.garmin.com/xmlschemas/ActivityExtension/v2">
      <nax:Nax>
      <nax:NikeFuel>
      7.441927194134248
    </nax:NikeFuel><nax:Moments>
      <nax:Halt xsi:type="nax:Halt_t" action="auto_pause">
      
    </nax:Halt>
    </nax:Moments>
    </nax:Nax>
    </TPX>
    </Extensions>
    </Trackpoint>
<Trackpoint>
      <Time>
      2025-09-09T00:31:08.303Z
    </Time><SensorState>
      Present
    </SensorState><Extensions>
      <TPX xmlns="http://www.garmin.com/xmlschemas/ActivityExtension/v2">
      <ns3:Speed>
      2.859514894668846
    </ns3:Speed><nax:Nax>
      <nax:Pace>
      5.828494440696661
    </nax:Pace><nax:Moments>
      <nax:Halt xsi:type="nax:Halt_t" action="auto_pause">
      
    </nax:Halt>
    </nax:Moments>
    </nax:Nax>
    </TPX>
    </Extensions>
    </Trackpoint>
<Trackpoint>
      <Time>
      2025-09-09T00:31:08.304Z
    </Time><DistanceMeters>
      7.145495344186202
    </DistanceMeters><Cadence>
      161.71154022216797
    </Cadence><SensorState>
      Present
    </SensorState><Extensions>
      <TPX xmlns="http://www.garmin.com/xmlschemas/ActivityExtension/v2">
      <nax:Nax>
      <nax:Moments>
      <nax:Halt xsi:type="nax:Halt_t" action="auto_pause">
      
    </nax:Halt>
    </nax:Moments>
    </nax:Nax>
    </TPX>
    </Extensions>
    </Trackpoint>
<Trackpoint>
      <Time>
      2025-09-09T00:31:08.999Z
    </Time><Position>
      <LatitudeDegrees>
      47.4291001249314
    </LatitudeDegrees><LongitudeDegrees>
      -122.29019133998979
    </LongitudeDegrees>
    </Position><AltitudeMeters>
      111.63992606289685
    </AltitudeMeters><SensorState>
      Present
    </SensorState><Extensions>
      <TPX xmlns="http://www.garmin.com/xmlschemas/ActivityExtension/v2">
      <nax:Nax>
      <nax:Moments>
      <nax:Halt xsi:type="nax:Halt_t" action="auto_pause">
      
    </nax:Halt>
    </nax:Moments>
    </nax:Nax>
    </TPX>
    </Extensions>
    </Trackpoint>
<Trackpoint>
      <Time>
      2025-09-09T00:31:10.859Z
    </Time><SensorState>
      Present
    </SensorState><Extensions>
      <TPX xmlns="http://www.garmin.com/xmlschemas/ActivityExtension/v2">
      <ns3:Speed>
      2.8659929122983243
    </ns3:Speed><nax:Nax>
      <nax:Pace>
      5.815320266546359
    </nax:Pace><nax:Moments>
      <nax:Halt xsi:type="nax:Halt_t" action="auto_pause">
      
    </nax:Halt>
    </nax:Moments>
    </nax:Nax>
    </TPX>
    </Extensions>
    </Trackpoint>
<Trackpoint>
      <Time>
      2025-09-09T00:31:10.860Z
    </Time><DistanceMeters>
      6.453945929417387
    </DistanceMeters><Cadence>
      162.20114707946777
    </Cadence><SensorState>
      Present
    </SensorState><Extensions>
      <TPX xmlns="http://www.garmin.com/xmlschemas/ActivityExtension/v2">
      <nax:Nax>
      <nax:Moments>
      <nax:Halt xsi:type="nax:Halt_t" action="auto_pause">
      
    </nax:Halt>
    </nax:Moments>
    </nax:Nax>
    </TPX>
    </Extensions>
    </Trackpoint>
<Trackpoint>
      <Time>
      2025-09-09T00:31:11.796Z
    </Time><SensorState>
      Present
    </SensorState><Extensions>
      <TPX xmlns="http://www.garmin.com/xmlschemas/ActivityExtension/v2">
      <nax:Nax>
      <nax:AscentInMeters>
      0.15325164794921875
    </nax:AscentInMeters><nax:Moments>
      <nax:Halt xsi:type="nax:Halt_t" action="auto_pause">
      
    </nax:Halt>
    </nax:Moments>
    </nax:Nax>
    </TPX>
    </Extensions>
    </Trackpoint>
<Trackpoint>
      <Time>
      2025-09-09T00:31:12.856Z
    </Time><SensorState>
      Present
    </SensorState><Extensions>
      <TPX xmlns="http://www.garmin.com/xmlschemas/ActivityExtension/v2">
      <nax:Nax>
      <nax:AscentInMeters>
      0.14533233642578125
    </nax:AscentInMeters><nax:Moments>
      <nax:Halt xsi:type="nax:Halt_t" action="auto_pause">
      
    </nax:Halt>
    </nax:Moments>
    </nax:Nax>
    </TPX>
    </Extensions>
    </Trackpoint>
<Trackpoint>
      <Time>
      2025-09-09T00:31:12.999Z
    </Time><Position>
      <LatitudeDegrees>
      47.42905170828148
    </LatitudeDegrees><LongitudeDegrees>
      -122.29031818489584
    </LongitudeDegrees>
    </Position><AltitudeMeters>
      111.99881229549646
    </AltitudeMeters><SensorState>
      Present
    </SensorState><Extensions>
      <TPX xmlns="http://www.garmin.com/xmlschemas/ActivityExtension/v2">
      <nax:Nax>
      <nax:Moments>
      <nax:Halt xsi:type="nax:Halt_t" action="auto_pause">
      
    </nax:Halt>
    </nax:Moments>
    </nax:Nax>
    </TPX>
    </Extensions>
    </Trackpoint>
<Trackpoint>
      <Time>
      2025-09-09T00:31:13.414Z
    </Time><SensorState>
      Present
    </SensorState><Extensions>
      <TPX xmlns="http://www.garmin.com/xmlschemas/ActivityExtension/v2">
      <ns3:Speed>
      2.8659112265028286
    </ns3:Speed><nax:Nax>
      <nax:Pace>
      5.815486018038465
    </nax:Pace><nax:Moments>
      <nax:Halt xsi:type="nax:Halt_t" action="auto_pause">
      
    </nax:Halt>
    </nax:Moments>
    </nax:Nax>
    </TPX>
    </Extensions>
    </Trackpoint>
<Trackpoint>
      <Time>
      2025-09-09T00:31:13.415Z
    </Time><DistanceMeters>
      8.984000999014825
    </DistanceMeters><Cadence>
      161.87610626220703
    </Cadence><SensorState>
      Present
    </SensorState><Extensions>
      <TPX xmlns="http://www.garmin.com/xmlschemas/ActivityExtension/v2">
      <nax:Nax>
      <nax:Moments>
      <nax:Halt xsi:type="nax:Halt_t" action="auto_pause">
      
    </nax:Halt>
    </nax:Moments>
    </nax:Nax>
    </TPX>
    </Extensions>
    </Trackpoint>
<Trackpoint>
      <Time>
      2025-09-09T00:31:13.916Z
    </Time><SensorState>
      Present
    </SensorState><Extensions>
      <TPX xmlns="http://www.garmin.com/xmlschemas/ActivityExtension/v2">
      <nax:Nax>
      <nax:AscentInMeters>
      0.21666717529296875
    </nax:AscentInMeters><nax:Moments>
      <nax:Halt xsi:type="nax:Halt_t" action="auto_pause">
      
    </nax:Halt>
    </nax:Moments>
    </nax:Nax>
    </TPX>
    </Extensions>
    </Trackpoint>
<Trackpoint>
      <Time>
      2025-09-09T00:31:14.977Z
    </Time><SensorState>
      Present
    </SensorState><Extensions>
      <TPX xmlns="http://www.garmin.com/xmlschemas/ActivityExtension/v2">
      <nax:Nax>
      <nax:AscentInMeters>
      0.16646575927734375
    </nax:AscentInMeters><nax:Moments>
      <nax:Halt xsi:type="nax:Halt_t" action="auto_pause">
      
    </nax:Halt>
    </nax:Moments>
    </nax:Nax>
    </TPX>
    </Extensions>
    </Trackpoint>
<Trackpoint>
      <Time>
      2025-09-09T00:31:15.970Z
    </Time><SensorState>
      Present
    </SensorState><Extensions>
      <TPX xmlns="http://www.garmin.com/xmlschemas/ActivityExtension/v2">
      <ns3:Speed>
      2.867729662188443
    </ns3:Speed><nax:Nax>
      <nax:Pace>
      5.811798401508975
    </nax:Pace><nax:Moments>
      <nax:Halt xsi:type="nax:Halt_t" action="auto_pause">
      
    </nax:Halt>
    </nax:Moments>
    </nax:Nax>
    </TPX>
    </Extensions>
    </Trackpoint>
<Trackpoint>
      <Time>
      2025-09-09T00:31:15.971Z
    </Time><DistanceMeters>
      9.012039633234963
    </DistanceMeters><Cadence>
      161.74405574798584
    </Cadence><SensorState>
      Present
    </SensorState><Extensions>
      <TPX xmlns="http://www.garmin.com/xmlschemas/ActivityExtension/v2">
      <nax:Nax>
      <nax:Moments>
      <nax:Halt xsi:type="nax:Halt_t" action="auto_pause">
      
    </nax:Halt>
    </nax:Moments>
    </nax:Nax>
    </TPX>
    </Extensions>
    </Trackpoint>
<Trackpoint>
      <Time>
      2025-09-09T00:31:15.999Z
    </Time><Position>
      <LatitudeDegrees>
      47.42900715050264
    </LatitudeDegrees><LongitudeDegrees>
      -122.29044077438564
    </LongitudeDegrees>
    </Position><AltitudeMeters>
      111.67053444404155
    </AltitudeMeters><SensorState>
      Present
    </SensorState><Extensions>
      <TPX xmlns="http://www.garmin.com/xmlschemas/ActivityExtension/v2">
      <nax:Nax>
      <nax:Moments>
      <nax:Halt xsi:type="nax:Halt_t" action="auto_pause">
      
    </nax:Halt>
    </nax:Moments>
    </nax:Nax>
    </TPX>
    </Extensions>
    </Trackpoint>
<Trackpoint>
      <Time>
      2025-09-09T00:31:16.037Z
    </Time><SensorState>
      Present
    </SensorState><Extensions>
      <TPX xmlns="http://www.garmin.com/xmlschemas/ActivityExtension/v2">
      <nax:Nax>
      <nax:AscentInMeters>
      0.1294708251953125
    </nax:AscentInMeters><nax:Moments>
      <nax:Halt xsi:type="nax:Halt_t" action="auto_pause">
      
    </nax:Halt>
    </nax:Moments>
    </nax:Nax>
    </TPX>
    </Extensions>
    </Trackpoint>
<Trackpoint>
      <Time>
      2025-09-09T00:31:17.097Z
    </Time><SensorState>
      Present
    </SensorState><Extensions>
      <TPX xmlns="http://www.garmin.com/xmlschemas/ActivityExtension/v2">
      <nax:Nax>
      <nax:AscentInMeters>
      0.0924835205078125
    </nax:AscentInMeters><nax:Moments>
      <nax:Halt xsi:type="nax:Halt_t" action="auto_pause">
      
    </nax:Halt>
    </nax:Moments>
    </nax:Nax>
    </TPX>
    </Extensions>
    </Trackpoint>
<Trackpoint>
      <Time>
      2025-09-09T00:31:18.000Z
    </Time><SensorState>
      Present
    </SensorState><Extensions>
      <TPX xmlns="http://www.garmin.com/xmlschemas/ActivityExtension/v2">
      <nax:Nax>
      <nax:NikeFuel>
      8.177030480957407
    </nax:NikeFuel><nax:Moments>
      <nax:Halt xsi:type="nax:Halt_t" action="auto_pause">
      
    </nax:Halt>
    </nax:Moments>
    </nax:Nax>
    </TPX>
    </Extensions>
    </Trackpoint>
<Trackpoint>
      <Time>
      2025-09-09T00:31:18.157Z
    </Time><SensorState>
      Present
    </SensorState><Extensions>
      <TPX xmlns="http://www.garmin.com/xmlschemas/ActivityExtension/v2">
      <nax:Nax>
      <nax:AscentInMeters>
      0.0792694091796875
    </nax:AscentInMeters><nax:Moments>
      <nax:Halt xsi:type="nax:Halt_t" action="auto_pause">
      
    </nax:Halt>
    </nax:Moments>
    </nax:Nax>
    </TPX>
    </Extensions>
    </Trackpoint>
<Trackpoint>
      <Time>
      2025-09-09T00:31:18.526Z
    </Time><SensorState>
      Present
    </SensorState><Extensions>
      <TPX xmlns="http://www.garmin.com/xmlschemas/ActivityExtension/v2">
      <ns3:Speed>
      3.1716168732375394
    </ns3:Speed><nax:Nax>
      <nax:Pace>
      5.254943245920362
    </nax:Pace><nax:Moments>
      <nax:Halt xsi:type="nax:Halt_t" action="auto_pause">
      
    </nax:Halt>
    </nax:Moments>
    </nax:Nax>
    </TPX>
    </Extensions>
    </Trackpoint>
<Trackpoint>
      <Time>
      2025-09-09T00:31:18.527Z
    </Time><DistanceMeters>
      8.153753485763445
    </DistanceMeters><Cadence>
      161.9804334640503
    </Cadence><SensorState>
      Present
    </SensorState><Extensions>
      <TPX xmlns="http://www.garmin.com/xmlschemas/ActivityExtension/v2">
      <nax:Nax>
      <nax:Moments>
      <nax:Halt xsi:type="nax:Halt_t" action="auto_pause">
      
    </nax:Halt>
    </nax:Moments>
    </nax:Nax>
    </TPX>
    </Extensions>
    </Trackpoint>
<Trackpoint>
      <Time>
      2025-09-09T00:31:19.218Z
    </Time><SensorState>
      Present
    </SensorState><Extensions>
      <TPX xmlns="http://www.garmin.com/xmlschemas/ActivityExtension/v2">
      <nax:Nax>
      <nax:AscentInMeters>
      0.03963470458984375
    </nax:AscentInMeters><nax:Moments>
      <nax:Halt xsi:type="nax:Halt_t" action="auto_pause">
      
    </nax:Halt>
    </nax:Moments>
    </nax:Nax>
    </TPX>
    </Extensions>
    </Trackpoint>
<Trackpoint>
      <Time>
      2025-09-09T00:31:19.999Z
    </Time><Position>
      <LatitudeDegrees>
      47.42894735644334
    </LatitudeDegrees><LongitudeDegrees>
      -122.2905902722071
    </LongitudeDegrees>
    </Position><AltitudeMeters>
      111.10464950371534
    </AltitudeMeters><SensorState>
      Present
    </SensorState><Extensions>
      <TPX xmlns="http://www.garmin.com/xmlschemas/ActivityExtension/v2">
      <nax:Nax>
      <nax:Moments>
      <nax:Halt xsi:type="nax:Halt_t" action="auto_pause">
      
    </nax:Halt>
    </nax:Moments>
    </nax:Nax>
    </TPX>
    </Extensions>
    </Trackpoint>
<Trackpoint>
      <Time>
      2025-09-09T00:31:21.081Z
    </Time><SensorState>
      Present
    </SensorState><Extensions>
      <TPX xmlns="http://www.garmin.com/xmlschemas/ActivityExtension/v2">
      <ns3:Speed>
      3.171397613804972
    </ns3:Speed><nax:Nax>
      <nax:Pace>
      5.255306554472169
    </nax:Pace><nax:Moments>
      <nax:Halt xsi:type="nax:Halt_t" action="auto_pause">
      
    </nax:Halt>
    </nax:Moments>
    </nax:Nax>
    </TPX>
    </Extensions>
    </Trackpoint>
<Trackpoint>
      <Time>
      2025-09-09T00:31:21.082Z
    </Time><DistanceMeters>
      7.5747572525870055
    </DistanceMeters><Cadence>
      162.60033130645752
    </Cadence><SensorState>
      Present
    </SensorState><Extensions>
      <TPX xmlns="http://www.garmin.com/xmlschemas/ActivityExtension/v2">
      <nax:Nax>
      <nax:Moments>
      <nax:Halt xsi:type="nax:Halt_t" action="auto_pause">
      
    </nax:Halt>
    </nax:Moments>
    </nax:Nax>
    </TPX>
    </Extensions>
    </Trackpoint>
<Trackpoint>
      <Time>
      2025-09-09T00:31:23.459Z
    </Time><SensorState>
      Present
    </SensorState><Extensions>
      <TPX xmlns="http://www.garmin.com/xmlschemas/ActivityExtension/v2">
      <nax:Nax>
      <nax:DescentInMeters>
      0.0739898681640625
    </nax:DescentInMeters><nax:Moments>
      <nax:Halt xsi:type="nax:Halt_t" action="auto_pause">
      
    </nax:Halt>
    </nax:Moments>
    </nax:Nax>
    </TPX>
    </Extensions>
    </Trackpoint>
<Trackpoint>
      <Time>
      2025-09-09T00:31:23.637Z
    </Time><SensorState>
      Present
    </SensorState><Extensions>
      <TPX xmlns="http://www.garmin.com/xmlschemas/ActivityExtension/v2">
      <ns3:Speed>
      3.167039081013281
    </ns3:Speed><nax:Nax>
      <nax:Pace>
      5.2625389963088915
    </nax:Pace><nax:Moments>
      <nax:Halt xsi:type="nax:Halt_t" action="auto_pause">
      
    </nax:Halt>
    </nax:Moments>
    </nax:Nax>
    </TPX>
    </Extensions>
    </Trackpoint>
<Trackpoint>
      <Time>
      2025-09-09T00:31:23.638Z
    </Time><DistanceMeters>
      8.411084536695853
    </DistanceMeters><Cadence>
      163.16884517669678
    </Cadence><SensorState>
      Present
    </SensorState><Extensions>
      <TPX xmlns="http://www.garmin.com/xmlschemas/ActivityExtension/v2">
      <nax:Nax>
      <nax:Moments>
      <nax:Halt xsi:type="nax:Halt_t" action="auto_pause">
      
    </nax:Halt>
    </nax:Moments>
    </nax:Nax>
    </TPX>
    </Extensions>
    </Trackpoint>
<Trackpoint>
      <Time>
      2025-09-09T00:31:23.999Z
    </Time><Position>
      <LatitudeDegrees>
      47.4289014406976
    </LatitudeDegrees><LongitudeDegrees>
      -122.2907373505452
    </LongitudeDegrees>
    </Position><AltitudeMeters>
      110.71781024336815
    </AltitudeMeters><SensorState>
      Present
    </SensorState><Extensions>
      <TPX xmlns="http://www.garmin.com/xmlschemas/ActivityExtension/v2">
      <nax:Nax>
      <nax:Moments>
      <nax:Halt xsi:type="nax:Halt_t" action="auto_pause">
      
    </nax:Halt>
    </nax:Moments>
    </nax:Nax>
    </TPX>
    </Extensions>
    </Trackpoint>
<Trackpoint>
      <Time>
      2025-09-09T00:31:24.519Z
    </Time><SensorState>
      Present
    </SensorState><Extensions>
      <TPX xmlns="http://www.garmin.com/xmlschemas/ActivityExtension/v2">
      <nax:Nax>
      <nax:DescentInMeters>
      0.113616943359375
    </nax:DescentInMeters><nax:Moments>
      <nax:Halt xsi:type="nax:Halt_t" action="auto_pause">
      
    </nax:Halt>
    </nax:Moments>
    </nax:Nax>
    </TPX>
    </Extensions>
    </Trackpoint>
<Trackpoint>
      <Time>
      2025-09-09T00:31:25.579Z
    </Time><SensorState>
      Present
    </SensorState><Extensions>
      <TPX xmlns="http://www.garmin.com/xmlschemas/ActivityExtension/v2">
      <nax:Nax>
      <nax:DescentInMeters>
      0.10833740234375
    </nax:DescentInMeters><nax:Moments>
      <nax:Halt xsi:type="nax:Halt_t" action="auto_pause">
      
    </nax:Halt>
    </nax:Moments>
    </nax:Nax>
    </TPX>
    </Extensions>
    </Trackpoint>
<Trackpoint>
      <Time>
      2025-09-09T00:31:26.192Z
    </Time><DistanceMeters>
      8.405052188551053
    </DistanceMeters><SensorState>
      Present
    </SensorState><Extensions>
      <TPX xmlns="http://www.garmin.com/xmlschemas/ActivityExtension/v2">
      <ns3:Speed>
      3.157649647657166
    </ns3:Speed><nax:Nax>
      <nax:Pace>
      5.27818742621829
    </nax:Pace><nax:Moments>
      <nax:Halt xsi:type="nax:Halt_t" action="auto_pause">
      
    </nax:Halt>
    </nax:Moments>
    </nax:Nax>
    </TPX>
    </Extensions>
    </Trackpoint>
<Trackpoint>
      <Time>
      2025-09-09T00:31:26.193Z
    </Time><Cadence>
      163.25263023376465
    </Cadence><SensorState>
      Present
    </SensorState><Extensions>
      <TPX xmlns="http://www.garmin.com/xmlschemas/ActivityExtension/v2">
      <nax:Nax>
      <nax:Moments>
      <nax:Halt xsi:type="nax:Halt_t" action="auto_pause">
      
    </nax:Halt>
    </nax:Moments>
    </nax:Nax>
    </TPX>
    </Extensions>
    </Trackpoint>
<Trackpoint>
      <Time>
      2025-09-09T00:31:26.639Z
    </Time><SensorState>
      Present
    </SensorState><Extensions>
      <TPX xmlns="http://www.garmin.com/xmlschemas/ActivityExtension/v2">
      <nax:Nax>
      <nax:DescentInMeters>
      0.0792694091796875
    </nax:DescentInMeters><nax:Moments>
      <nax:Halt xsi:type="nax:Halt_t" action="auto_pause">
      
    </nax:Halt>
    </nax:Moments>
    </nax:Nax>
    </TPX>
    </Extensions>
    </Trackpoint>
<Trackpoint>
      <Time>
      2025-09-09T00:31:27.699Z
    </Time><SensorState>
      Present
    </SensorState><Extensions>
      <TPX xmlns="http://www.garmin.com/xmlschemas/ActivityExtension/v2">
      <nax:Nax>
      <nax:DescentInMeters>
      0.050201416015625
    </nax:DescentInMeters><nax:Moments>
      <nax:Halt xsi:type="nax:Halt_t" action="auto_pause">
      
    </nax:Halt>
    </nax:Moments>
    </nax:Nax>
    </TPX>
    </Extensions>
    </Trackpoint>
<Trackpoint>
      <Time>
      2025-09-09T00:31:27.999Z
    </Time><Position>
      <LatitudeDegrees>
      47.428876494323674
    </LatitudeDegrees><LongitudeDegrees>
      -122.2909005939982
    </LongitudeDegrees>
    </Position><AltitudeMeters>
      110.51705019827932
    </AltitudeMeters><SensorState>
      Present
    </SensorState><Extensions>
      <TPX xmlns="http://www.garmin.com/xmlschemas/ActivityExtension/v2">
      <nax:Nax>
      <nax:Moments>
      <nax:Halt xsi:type="nax:Halt_t" action="auto_pause">
      
    </nax:Halt>
    </nax:Moments>
    </nax:Nax>
    </TPX>
    </Extensions>
    </Trackpoint>
<Trackpoint>
      <Time>
      2025-09-09T00:31:28.000Z
    </Time><SensorState>
      Present
    </SensorState><Extensions>
      <TPX xmlns="http://www.garmin.com/xmlschemas/ActivityExtension/v2">
      <nax:Nax>
      <nax:NikeFuel>
      8.132082169307814
    </nax:NikeFuel><nax:Moments>
      <nax:Halt xsi:type="nax:Halt_t" action="auto_pause">
      
    </nax:Halt>
    </nax:Moments>
    </nax:Nax>
    </TPX>
    </Extensions>
    </Trackpoint>
<Trackpoint>
      <Time>
      2025-09-09T00:31:28.748Z
    </Time><SensorState>
      Present
    </SensorState><Extensions>
      <TPX xmlns="http://www.garmin.com/xmlschemas/ActivityExtension/v2">
      <ns3:Speed>
      3.1557413532832364
    </ns3:Speed><nax:Nax>
      <nax:Pace>
      5.281379175554628
    </nax:Pace><nax:Moments>
      <nax:Halt xsi:type="nax:Halt_t" action="auto_pause">
      
    </nax:Halt>
    </nax:Moments>
    </nax:Nax>
    </TPX>
    </Extensions>
    </Trackpoint>
<Trackpoint>
      <Time>
      2025-09-09T00:31:28.749Z
    </Time><DistanceMeters>
      6.398504437180236
    </DistanceMeters><Cadence>
      163.03557872772217
    </Cadence><SensorState>
      Present
    </SensorState><Extensions>
      <TPX xmlns="http://www.garmin.com/xmlschemas/ActivityExtension/v2">
      <nax:Nax>
      <nax:Moments>
      <nax:Halt xsi:type="nax:Halt_t" action="auto_pause">
      
    </nax:Halt>
    </nax:Moments>
    </nax:Nax>
    </TPX>
    </Extensions>
    </Trackpoint>
<Trackpoint>
      <Time>
      2025-09-09T00:31:28.760Z
    </Time><SensorState>
      Present
    </SensorState><Extensions>
      <TPX xmlns="http://www.garmin.com/xmlschemas/ActivityExtension/v2">
      <nax:Nax>
      <nax:DescentInMeters>
      0.06341552734375
    </nax:DescentInMeters><nax:Moments>
      <nax:Halt xsi:type="nax:Halt_t" action="auto_pause">
      
    </nax:Halt>
    </nax:Moments>
    </nax:Nax>
    </TPX>
    </Extensions>
    </Trackpoint>
<Trackpoint>
      <Time>
      2025-09-09T00:31:29.821Z
    </Time><SensorState>
      Present
    </SensorState><Extensions>
      <TPX xmlns="http://www.garmin.com/xmlschemas/ActivityExtension/v2">
      <nax:Nax>
      <nax:DescentInMeters>
      0.06870269775390625
    </nax:DescentInMeters><nax:Moments>
      <nax:Halt xsi:type="nax:Halt_t" action="auto_pause">
      
    </nax:Halt>
    </nax:Moments>
    </nax:Nax>
    </TPX>
    </Extensions>
    </Trackpoint>
<Trackpoint>
      <Time>
      2025-09-09T00:31:30.881Z
    </Time><SensorState>
      Present
    </SensorState><Extensions>
      <TPX xmlns="http://www.garmin.com/xmlschemas/ActivityExtension/v2">
      <nax:Nax>
      <nax:DescentInMeters>
      0.05812835693359375
    </nax:DescentInMeters><nax:Moments>
      <nax:Halt xsi:type="nax:Halt_t" action="auto_pause">
      
    </nax:Halt>
    </nax:Moments>
    </nax:Nax>
    </TPX>
    </Extensions>
    </Trackpoint>
<Trackpoint>
      <Time>
      2025-09-09T00:31:31.303Z
    </Time><SensorState>
      Present
    </SensorState><Extensions>
      <TPX xmlns="http://www.garmin.com/xmlschemas/ActivityExtension/v2">
      <ns3:Speed>
      3.1474394883703645
    </ns3:Speed><nax:Nax>
      <nax:Pace>
      5.295309640820479
    </nax:Pace><nax:Moments>
      <nax:Halt xsi:type="nax:Halt_t" action="auto_pause">
      
    </nax:Halt>
    </nax:Moments>
    </nax:Nax>
    </TPX>
    </Extensions>
    </Trackpoint>
<Trackpoint>
      <Time>
      2025-09-09T00:31:31.304Z
    </Time><DistanceMeters>
      8.970976412296295
    </DistanceMeters><Cadence>
      162.64071464538574
    </Cadence><SensorState>
      Present
    </SensorState><Extensions>
      <TPX xmlns="http://www.garmin.com/xmlschemas/ActivityExtension/v2">
      <nax:Nax>
      <nax:Moments>
      <nax:Halt xsi:type="nax:Halt_t" action="auto_pause">
      
    </nax:Halt>
    </nax:Moments>
    </nax:Nax>
    </TPX>
    </Extensions>
    </Trackpoint>
<Trackpoint>
      <Time>
      2025-09-09T00:31:31.941Z
    </Time><SensorState>
      Present
    </SensorState><Extensions>
      <TPX xmlns="http://www.garmin.com/xmlschemas/ActivityExtension/v2">
      <nax:Nax>
      <nax:DescentInMeters>
      0.095123291015625
    </nax:DescentInMeters><nax:Moments>
      <nax:Halt xsi:type="nax:Halt_t" action="auto_pause">
      
    </nax:Halt>
    </nax:Moments>
    </nax:Nax>
    </TPX>
    </Extensions>
    </Trackpoint>
<Trackpoint>
      <Time>
      2025-09-09T00:31:31.999Z
    </Time><Position>
      <LatitudeDegrees>
      47.428854292448065
    </LatitudeDegrees><LongitudeDegrees>
      -122.29106041313653
    </LongitudeDegrees>
    </Position><AltitudeMeters>
      110.23812208510935
    </AltitudeMeters><SensorState>
      Present
    </SensorState><Extensions>
      <TPX xmlns="http://www.garmin.com/xmlschemas/ActivityExtension/v2">
      <nax:Nax>
      <nax:Moments>
      <nax:Halt xsi:type="nax:Halt_t" action="auto_pause">
      
    </nax:Halt>
    </nax:Moments>
    </nax:Nax>
    </TPX>
    </Extensions>
    </Trackpoint>
<Trackpoint>
      <Time>
      2025-09-09T00:31:33.001Z
    </Time><SensorState>
      Present
    </SensorState><Extensions>
      <TPX xmlns="http://www.garmin.com/xmlschemas/ActivityExtension/v2">
      <nax:Nax>
      <nax:DescentInMeters>
      0.1056976318359375
    </nax:DescentInMeters><nax:Moments>
      <nax:Halt xsi:type="nax:Halt_t" action="auto_pause">
      
    </nax:Halt>
    </nax:Moments>
    </nax:Nax>
    </TPX>
    </Extensions>
    </Trackpoint>
<Trackpoint>
      <Time>
      2025-09-09T00:31:33.859Z
    </Time><SensorState>
      Present
    </SensorState><Extensions>
      <TPX xmlns="http://www.garmin.com/xmlschemas/ActivityExtension/v2">
      <ns3:Speed>
      3.1475415601676486
    </ns3:Speed><nax:Nax>
      <nax:Pace>
      5.29513791893472
    </nax:Pace><nax:Moments>
      <nax:Halt xsi:type="nax:Halt_t" action="auto_pause">
      
    </nax:Halt>
    </nax:Moments>
    </nax:Nax>
    </TPX>
    </Extensions>
    </Trackpoint>
<Trackpoint>
      <Time>
      2025-09-09T00:31:33.860Z
    </Time><DistanceMeters>
      7.222328630974516
    </DistanceMeters><Cadence>
      162.59191989898682
    </Cadence><SensorState>
      Present
    </SensorState><Extensions>
      <TPX xmlns="http://www.garmin.com/xmlschemas/ActivityExtension/v2">
      <nax:Nax>
      <nax:Moments>
      <nax:Halt xsi:type="nax:Halt_t" action="auto_pause">
      
    </nax:Halt>
    </nax:Moments>
    </nax:Nax>
    </TPX>
    </Extensions>
    </Trackpoint>
<Trackpoint>
      <Time>
      2025-09-09T00:31:34.062Z
    </Time><SensorState>
      Present
    </SensorState><Extensions>
      <TPX xmlns="http://www.garmin.com/xmlschemas/ActivityExtension/v2">
      <nax:Nax>
      <nax:DescentInMeters>
      0.1162567138671875
    </nax:DescentInMeters><nax:Moments>
      <nax:Halt xsi:type="nax:Halt_t" action="auto_pause">
      
    </nax:Halt>
    </nax:Moments>
    </nax:Nax>
    </TPX>
    </Extensions>
    </Trackpoint>
<Trackpoint>
      <Time>
      2025-09-09T00:31:35.122Z
    </Time><SensorState>
      Present
    </SensorState><Extensions>
      <TPX xmlns="http://www.garmin.com/xmlschemas/ActivityExtension/v2">
      <nax:Nax>
      <nax:DescentInMeters>
      0.11362457275390625
    </nax:DescentInMeters><nax:Moments>
      <nax:Halt xsi:type="nax:Halt_t" action="auto_pause">
      
    </nax:Halt>
    </nax:Moments>
    </nax:Nax>
    </TPX>
    </Extensions>
    </Trackpoint>
<Trackpoint>
      <Time>
      2025-09-09T00:31:35.999Z
    </Time><Position>
      <LatitudeDegrees>
      47.428852511322674
    </LatitudeDegrees><LongitudeDegrees>
      -122.29121603401362
    </LongitudeDegrees>
    </Position><AltitudeMeters>
      109.06164902355522
    </AltitudeMeters><SensorState>
      Present
    </SensorState><Extensions>
      <TPX xmlns="http://www.garmin.com/xmlschemas/ActivityExtension/v2">
      <nax:Nax>
      <nax:Moments>
      <nax:Halt xsi:type="nax:Halt_t" action="auto_pause">
      
    </nax:Halt>
    </nax:Moments>
    </nax:Nax>
    </TPX>
    </Extensions>
    </Trackpoint>
<Trackpoint>
      <Time>
      2025-09-09T00:31:36.182Z
    </Time><SensorState>
      Present
    </SensorState><Extensions>
      <TPX xmlns="http://www.garmin.com/xmlschemas/ActivityExtension/v2">
      <nax:Nax>
      <nax:DescentInMeters>
      0.0792694091796875
    </nax:DescentInMeters><nax:Moments>
      <nax:Halt xsi:type="nax:Halt_t" action="auto_pause">
      
    </nax:Halt>
    </nax:Moments>
    </nax:Nax>
    </TPX>
    </Extensions>
    </Trackpoint>
<Trackpoint>
      <Time>
      2025-09-09T00:31:36.414Z
    </Time><SensorState>
      Present
    </SensorState><Extensions>
      <TPX xmlns="http://www.garmin.com/xmlschemas/ActivityExtension/v2">
      <ns3:Speed>
      3.143083055322713
    </ns3:Speed><nax:Nax>
      <nax:Pace>
      5.302649142039752
    </nax:Pace><nax:Moments>
      <nax:Halt xsi:type="nax:Halt_t" action="auto_pause">
      
    </nax:Halt>
    </nax:Moments>
    </nax:Nax>
    </TPX>
    </Extensions>
    </Trackpoint>
<Trackpoint>
      <Time>
      2025-09-09T00:31:36.415Z
    </Time><DistanceMeters>
      6.984895626083016
    </DistanceMeters><Cadence>
      162.68946647644043
    </Cadence><SensorState>
      Present
    </SensorState><Extensions>
      <TPX xmlns="http://www.garmin.com/xmlschemas/ActivityExtension/v2">
      <nax:Nax>
      <nax:Moments>
      <nax:Halt xsi:type="nax:Halt_t" action="auto_pause">
      
    </nax:Halt>
    </nax:Moments>
    </nax:Nax>
    </TPX>
    </Extensions>
    </Trackpoint>
<Trackpoint>
      <Time>
      2025-09-09T00:31:37.243Z
    </Time><SensorState>
      Present
    </SensorState><Extensions>
      <TPX xmlns="http://www.garmin.com/xmlschemas/ActivityExtension/v2">
      <nax:Nax>
      <nax:DescentInMeters>
      0.07134246826171875
    </nax:DescentInMeters><nax:Moments>
      <nax:Halt xsi:type="nax:Halt_t" action="auto_pause">
      
    </nax:Halt>
    </nax:Moments>
    </nax:Nax>
    </TPX>
    </Extensions>
    </Trackpoint>
<Trackpoint>
      <Time>
      2025-09-09T00:31:38.000Z
    </Time><SensorState>
      Present
    </SensorState><Extensions>
      <TPX xmlns="http://www.garmin.com/xmlschemas/ActivityExtension/v2">
      <nax:Nax>
      <nax:NikeFuel>
      8.079314374352279
    </nax:NikeFuel><nax:Moments>
      <nax:Halt xsi:type="nax:Halt_t" action="auto_pause">
      
    </nax:Halt>
    </nax:Moments>
    </nax:Nax>
    </TPX>
    </Extensions>
    </Trackpoint>
<Trackpoint>
      <Time>
      2025-09-09T00:31:38.303Z
    </Time><SensorState>
      Present
    </SensorState><Extensions>
      <TPX xmlns="http://www.garmin.com/xmlschemas/ActivityExtension/v2">
      <nax:Nax>
      <nax:DescentInMeters>
      0.07398223876953125
    </nax:DescentInMeters><nax:Moments>
      <nax:Halt xsi:type="nax:Halt_t" action="auto_pause">
      
    </nax:Halt>
    </nax:Moments>
    </nax:Nax>
    </TPX>
    </Extensions>
    </Trackpoint>
<Trackpoint>
      <Time>
      2025-09-09T00:31:38.970Z
    </Time><SensorState>
      Present
    </SensorState><Extensions>
      <TPX xmlns="http://www.garmin.com/xmlschemas/ActivityExtension/v2">
      <ns3:Speed>
      3.1352789666584315
    </ns3:Speed><nax:Nax>
      <nax:Pace>
      5.3158480772860655
    </nax:Pace><nax:Moments>
      <nax:Halt xsi:type="nax:Halt_t" action="auto_pause">
      
    </nax:Halt>
    </nax:Moments>
    </nax:Nax>
    </TPX>
    </Extensions>
    </Trackpoint>
<Trackpoint>
      <Time>
      2025-09-09T00:31:38.971Z
    </Time><DistanceMeters>
      8.086073654703796
    </DistanceMeters><Cadence>
      162.9104518890381
    </Cadence><SensorState>
      Present
    </SensorState><Extensions>
      <TPX xmlns="http://www.garmin.com/xmlschemas/ActivityExtension/v2">
      <nax:Nax>
      <nax:Moments>
      <nax:Halt xsi:type="nax:Halt_t" action="auto_pause">
      
    </nax:Halt>
    </nax:Moments>
    </nax:Nax>
    </TPX>
    </Extensions>
    </Trackpoint>
<Trackpoint>
      <Time>
      2025-09-09T00:31:39.363Z
    </Time><SensorState>
      Present
    </SensorState><Extensions>
      <TPX xmlns="http://www.garmin.com/xmlschemas/ActivityExtension/v2">
      <nax:Nax>
      <nax:DescentInMeters>
      0.10041046142578125
    </nax:DescentInMeters><nax:Moments>
      <nax:Halt xsi:type="nax:Halt_t" action="auto_pause">
      
    </nax:Halt>
    </nax:Moments>
    </nax:Nax>
    </TPX>
    </Extensions>
    </Trackpoint>
<Trackpoint>
      <Time>
      2025-09-09T00:31:39.999Z
    </Time><Position>
      <LatitudeDegrees>
      47.42887162870193
    </LatitudeDegrees><LongitudeDegrees>
      -122.29137118392622
    </LongitudeDegrees>
    </Position><AltitudeMeters>
      109.29424859117717
    </AltitudeMeters><SensorState>
      Present
    </SensorState><Extensions>
      <TPX xmlns="http://www.garmin.com/xmlschemas/ActivityExtension/v2">
      <nax:Nax>
      <nax:Moments>
      <nax:Halt xsi:type="nax:Halt_t" action="auto_pause">
      
    </nax:Halt>
    </nax:Moments>
    </nax:Nax>
    </TPX>
    </Extensions>
    </Trackpoint>
<Trackpoint>
      <Time>
      2025-09-09T00:31:40.422Z
    </Time><SensorState>
      Present
    </SensorState><Extensions>
      <TPX xmlns="http://www.garmin.com/xmlschemas/ActivityExtension/v2">
      <nax:Nax>
      <nax:DescentInMeters>
      0.0792694091796875
    </nax:DescentInMeters><nax:Moments>
      <nax:Halt xsi:type="nax:Halt_t" action="auto_pause">
      
    </nax:Halt>
    </nax:Moments>
    </nax:Nax>
    </TPX>
    </Extensions>
    </Trackpoint>
<Trackpoint>
      <Time>
      2025-09-09T00:31:41.483Z
    </Time><SensorState>
      Present
    </SensorState><Extensions>
      <TPX xmlns="http://www.garmin.com/xmlschemas/ActivityExtension/v2">
      <nax:Nax>
      <nax:DescentInMeters>
      0.12154388427734375
    </nax:DescentInMeters><nax:Moments>
      <nax:Halt xsi:type="nax:Halt_t" action="auto_pause">
      
    </nax:Halt>
    </nax:Moments>
    </nax:Nax>
    </TPX>
    </Extensions>
    </Trackpoint>
<Trackpoint>
      <Time>
      2025-09-09T00:31:41.525Z
    </Time><SensorState>
      Present
    </SensorState><Extensions>
      <TPX xmlns="http://www.garmin.com/xmlschemas/ActivityExtension/v2">
      <ns3:Speed>
      3.1298434015895595
    </ns3:Speed><nax:Nax>
      <nax:Pace>
      5.325080052951574
    </nax:Pace><nax:Moments>
      <nax:Halt xsi:type="nax:Halt_t" action="auto_pause">
      
    </nax:Halt>
    </nax:Moments>
    </nax:Nax>
    </TPX>
    </Extensions>
    </Trackpoint>
<Trackpoint>
      <Time>
      2025-09-09T00:31:41.526Z
    </Time><DistanceMeters>
      7.864494367502631
    </DistanceMeters><Cadence>
      162.9188346862793
    </Cadence><SensorState>
      Present
    </SensorState><Extensions>
      <TPX xmlns="http://www.garmin.com/xmlschemas/ActivityExtension/v2">
      <nax:Nax>
      <nax:Moments>
      <nax:Halt xsi:type="nax:Halt_t" action="auto_pause">
      
    </nax:Halt>
    </nax:Moments>
    </nax:Nax>
    </TPX>
    </Extensions>
    </Trackpoint>
<Trackpoint>
      <Time>
      2025-09-09T00:31:42.544Z
    </Time><SensorState>
      Present
    </SensorState><Extensions>
      <TPX xmlns="http://www.garmin.com/xmlschemas/ActivityExtension/v2">
      <nax:Nax>
      <nax:DescentInMeters>
      0.11626434326171875
    </nax:DescentInMeters><nax:Moments>
      <nax:Halt xsi:type="nax:Halt_t" action="auto_pause">
      
    </nax:Halt>
    </nax:Moments>
    </nax:Nax>
    </TPX>
    </Extensions>
    </Trackpoint>
<Trackpoint>
      <Time>
      2025-09-09T00:31:43.604Z
    </Time><SensorState>
      Present
    </SensorState><Extensions>
      <TPX xmlns="http://www.garmin.com/xmlschemas/ActivityExtension/v2">
      <nax:Nax>
      <nax:DescentInMeters>
      0.140045166015625
    </nax:DescentInMeters><nax:Moments>
      <nax:Halt xsi:type="nax:Halt_t" action="auto_pause">
      
    </nax:Halt>
    </nax:Moments>
    </nax:Nax>
    </TPX>
    </Extensions>
    </Trackpoint>
<Trackpoint>
      <Time>
      2025-09-09T00:31:43.999Z
    </Time><Position>
      <LatitudeDegrees>
      47.428893077140444
    </LatitudeDegrees><LongitudeDegrees>
      -122.29152683235478
    </LongitudeDegrees>
    </Position><AltitudeMeters>
      108.95944339782
    </AltitudeMeters><SensorState>
      Present
    </SensorState><Extensions>
      <TPX xmlns="http://www.garmin.com/xmlschemas/ActivityExtension/v2">
      <nax:Nax>
      <nax:Moments>
      <nax:Halt xsi:type="nax:Halt_t" action="auto_pause">
      
    </nax:Halt>
    </nax:Moments>
    </nax:Nax>
    </TPX>
    </Extensions>
    </Trackpoint>
<Trackpoint>
      <Time>
      2025-09-09T00:31:44.081Z
    </Time><SensorState>
      Present
    </SensorState><Extensions>
      <TPX xmlns="http://www.garmin.com/xmlschemas/ActivityExtension/v2">
      <ns3:Speed>
      3.124744777531032
    </ns3:Speed><nax:Nax>
      <nax:Pace>
      5.333768948590921
    </nax:Pace><nax:Moments>
      <nax:Halt xsi:type="nax:Halt_t" action="auto_pause">
      
    </nax:Halt>
    </nax:Moments>
    </nax:Nax>
    </TPX>
    </Extensions>
    </Trackpoint>
<Trackpoint>
      <Time>
      2025-09-09T00:31:44.082Z
    </Time><DistanceMeters>
      6.996399435447529
    </DistanceMeters><Cadence>
      162.85569190979004
    </Cadence><SensorState>
      Present
    </SensorState><Extensions>
      <TPX xmlns="http://www.garmin.com/xmlschemas/ActivityExtension/v2">
      <nax:Nax>
      <nax:Moments>
      <nax:Halt xsi:type="nax:Halt_t" action="auto_pause">
      
    </nax:Halt>
    </nax:Moments>
    </nax:Nax>
    </TPX>
    </Extensions>
    </Trackpoint>
<Trackpoint>
      <Time>
      2025-09-09T00:31:44.664Z
    </Time><SensorState>
      Present
    </SensorState><Extensions>
      <TPX xmlns="http://www.garmin.com/xmlschemas/ActivityExtension/v2">
      <nax:Nax>
      <nax:DescentInMeters>
      0.1268310546875
    </nax:DescentInMeters><nax:Moments>
      <nax:Halt xsi:type="nax:Halt_t" action="auto_pause">
      
    </nax:Halt>
    </nax:Moments>
    </nax:Nax>
    </TPX>
    </Extensions>
    </Trackpoint>
<Trackpoint>
      <Time>
      2025-09-09T00:31:45.725Z
    </Time><SensorState>
      Present
    </SensorState><Extensions>
      <TPX xmlns="http://www.garmin.com/xmlschemas/ActivityExtension/v2">
      <nax:Nax>
      <nax:DescentInMeters>
      0.10832977294921875
    </nax:DescentInMeters><nax:Moments>
      <nax:Halt xsi:type="nax:Halt_t" action="auto_pause">
      
    </nax:Halt>
    </nax:Moments>
    </nax:Nax>
    </TPX>
    </Extensions>
    </Trackpoint>
<Trackpoint>
      <Time>
      2025-09-09T00:31:46.636Z
    </Time><SensorState>
      Present
    </SensorState><Extensions>
      <TPX xmlns="http://www.garmin.com/xmlschemas/ActivityExtension/v2">
      <ns3:Speed>
      3.1171848465798413
    </ns3:Speed><nax:Nax>
      <nax:Pace>
      5.346704634777512
    </nax:Pace><nax:Moments>
      <nax:Halt xsi:type="nax:Halt_t" action="auto_pause">
      
    </nax:Halt>
    </nax:Moments>
    </nax:Nax>
    </TPX>
    </Extensions>
    </Trackpoint>
<Trackpoint>
      <Time>
      2025-09-09T00:31:46.637Z
    </Time><DistanceMeters>
      8.077966486336663
    </DistanceMeters><Cadence>
      163.1100368499756
    </Cadence><SensorState>
      Present
    </SensorState><Extensions>
      <TPX xmlns="http://www.garmin.com/xmlschemas/ActivityExtension/v2">
      <nax:Nax>
      <nax:Moments>
      <nax:Halt xsi:type="nax:Halt_t" action="auto_pause">
      
    </nax:Halt>
    </nax:Moments>
    </nax:Nax>
    </TPX>
    </Extensions>
    </Trackpoint>
<Trackpoint>
      <Time>
      2025-09-09T00:31:46.784Z
    </Time><SensorState>
      Present
    </SensorState><Extensions>
      <TPX xmlns="http://www.garmin.com/xmlschemas/ActivityExtension/v2">
      <nax:Nax>
      <nax:DescentInMeters>
      0.10305023193359375
    </nax:DescentInMeters><nax:Moments>
      <nax:Halt xsi:type="nax:Halt_t" action="auto_pause">
      
    </nax:Halt>
    </nax:Moments>
    </nax:Nax>
    </TPX>
    </Extensions>
    </Trackpoint>
<Trackpoint>
      <Time>
      2025-09-09T00:31:47.845Z
    </Time><SensorState>
      Present
    </SensorState><Extensions>
      <TPX xmlns="http://www.garmin.com/xmlschemas/ActivityExtension/v2">
      <nax:Nax>
      <nax:DescentInMeters>
      0.158538818359375
    </nax:DescentInMeters><nax:Moments>
      <nax:Halt xsi:type="nax:Halt_t" action="auto_pause">
      
    </nax:Halt>
    </nax:Moments>
    </nax:Nax>
    </TPX>
    </Extensions>
    </Trackpoint>
<Trackpoint>
      <Time>
      2025-09-09T00:31:47.999Z
    </Time><Position>
      <LatitudeDegrees>
      47.428915054266184
    </LatitudeDegrees><LongitudeDegrees>
      -122.29168101105559
    </LongitudeDegrees>
    </Position><AltitudeMeters>
      109.04770755302161
    </AltitudeMeters><SensorState>
      Present
    </SensorState><Extensions>
      <TPX xmlns="http://www.garmin.com/xmlschemas/ActivityExtension/v2">
      <nax:Nax>
      <nax:Moments>
      <nax:Halt xsi:type="nax:Halt_t" action="auto_pause">
      
    </nax:Halt>
    </nax:Moments>
    </nax:Nax>
    </TPX>
    </Extensions>
    </Trackpoint>
<Trackpoint>
      <Time>
      2025-09-09T00:31:48.000Z
    </Time><SensorState>
      Present
    </SensorState><Extensions>
      <TPX xmlns="http://www.garmin.com/xmlschemas/ActivityExtension/v2">
      <nax:Nax>
      <nax:NikeFuel>
      8.024785972894097
    </nax:NikeFuel><nax:Moments>
      <nax:Halt xsi:type="nax:Halt_t" action="auto_pause">
      
    </nax:Halt>
    </nax:Moments>
    </nax:Nax>
    </TPX>
    </Extensions>
    </Trackpoint>
<Trackpoint>
      <Time>
      2025-09-09T00:31:48.906Z
    </Time><SensorState>
      Present
    </SensorState><Extensions>
      <TPX xmlns="http://www.garmin.com/xmlschemas/ActivityExtension/v2">
      <nax:Nax>
      <nax:DescentInMeters>
      0.14533233642578125
    </nax:DescentInMeters><nax:Moments>
      <nax:Halt xsi:type="nax:Halt_t" action="auto_pause">
      
    </nax:Halt>
    </nax:Moments>
    </nax:Nax>
    </TPX>
    </Extensions>
    </Trackpoint>
<Trackpoint>
      <Time>
      2025-09-09T00:31:49.192Z
    </Time><DistanceMeters>
      8.224041517358273
    </DistanceMeters><SensorState>
      Present
    </SensorState><Extensions>
      <TPX xmlns="http://www.garmin.com/xmlschemas/ActivityExtension/v2">
      <ns3:Speed>
      3.1121573467768746
    </ns3:Speed><nax:Nax>
      <nax:Pace>
      5.355341909022564
    </nax:Pace><nax:Moments>
      <nax:Halt xsi:type="nax:Halt_t" action="auto_pause">
      
    </nax:Halt>
    </nax:Moments>
    </nax:Nax>
    </TPX>
    </Extensions>
    </Trackpoint>
<Trackpoint>
      <Time>
      2025-09-09T00:31:49.193Z
    </Time><Cadence>
      162.91876316070557
    </Cadence><SensorState>
      Present
    </SensorState><Extensions>
      <TPX xmlns="http://www.garmin.com/xmlschemas/ActivityExtension/v2">
      <nax:Nax>
      <nax:Moments>
      <nax:Halt xsi:type="nax:Halt_t" action="auto_pause">
      
    </nax:Halt>
    </nax:Moments>
    </nax:Nax>
    </TPX>
    </Extensions>
    </Trackpoint>
<Trackpoint>
      <Time>
      2025-09-09T00:31:49.966Z
    </Time><SensorState>
      Present
    </SensorState><Extensions>
      <TPX xmlns="http://www.garmin.com/xmlschemas/ActivityExtension/v2">
      <nax:Nax>
      <nax:DescentInMeters>
      0.10832977294921875
    </nax:DescentInMeters><nax:Moments>
      <nax:Halt xsi:type="nax:Halt_t" action="auto_pause">
      
    </nax:Halt>
    </nax:Moments>
    </nax:Nax>
    </TPX>
    </Extensions>
    </Trackpoint>
<Trackpoint>
      <Time>
      2025-09-09T00:31:51.026Z
    </Time><SensorState>
      Present
    </SensorState><Extensions>
      <TPX xmlns="http://www.garmin.com/xmlschemas/ActivityExtension/v2">
      <nax:Nax>
      <nax:DescentInMeters>
      0.1056976318359375
    </nax:DescentInMeters><nax:Moments>
      <nax:Halt xsi:type="nax:Halt_t" action="auto_pause">
      
    </nax:Halt>
    </nax:Moments>
    </nax:Nax>
    </TPX>
    </Extensions>
    </Trackpoint>
<Trackpoint>
      <Time>
      2025-09-09T00:31:51.748Z
    </Time><SensorState>
      Present
    </SensorState><Extensions>
      <TPX xmlns="http://www.garmin.com/xmlschemas/ActivityExtension/v2">
      <ns3:Speed>
      3.10733566792212
    </ns3:Speed><nax:Nax>
      <nax:Pace>
      5.363651838042876
    </nax:Pace><nax:Moments>
      <nax:Halt xsi:type="nax:Halt_t" action="auto_pause">
      
    </nax:Halt>
    </nax:Moments>
    </nax:Nax>
    </TPX>
    </Extensions>
    </Trackpoint>
<Trackpoint>
      <Time>
      2025-09-09T00:31:51.749Z
    </Time><DistanceMeters>
      6.146504551870748
    </DistanceMeters><Cadence>
      162.95349597930908
    </Cadence><SensorState>
      Present
    </SensorState><Extensions>
      <TPX xmlns="http://www.garmin.com/xmlschemas/ActivityExtension/v2">
      <nax:Nax>
      <nax:Moments>
      <nax:Halt xsi:type="nax:Halt_t" action="auto_pause">
      
    </nax:Halt>
    </nax:Moments>
    </nax:Nax>
    </TPX>
    </Extensions>
    </Trackpoint>
<Trackpoint>
      <Time>
      2025-09-09T00:31:51.999Z
    </Time><Position>
      <LatitudeDegrees>
      47.428926411977066
    </LatitudeDegrees><LongitudeDegrees>
      -122.29182871254898
    </LongitudeDegrees>
    </Position><AltitudeMeters>
      109.20607050321996
    </AltitudeMeters><SensorState>
      Present
    </SensorState><Extensions>
      <TPX xmlns="http://www.garmin.com/xmlschemas/ActivityExtension/v2">
      <nax:Nax>
      <nax:Moments>
      <nax:Halt xsi:type="nax:Halt_t" action="auto_pause">
      
    </nax:Halt>
    </nax:Moments>
    </nax:Nax>
    </TPX>
    </Extensions>
    </Trackpoint>
<Trackpoint>
      <Time>
      2025-09-09T00:31:52.086Z
    </Time><SensorState>
      Present
    </SensorState><Extensions>
      <TPX xmlns="http://www.garmin.com/xmlschemas/ActivityExtension/v2">
      <nax:Nax>
      <nax:DescentInMeters>
      0.02114105224609375
    </nax:DescentInMeters><nax:Moments>
      <nax:Halt xsi:type="nax:Halt_t" action="auto_pause">
      
    </nax:Halt>
    </nax:Moments>
    </nax:Nax>
    </TPX>
    </Extensions>
    </Trackpoint>
<Trackpoint>
      <Time>
      2025-09-09T00:31:54.304Z
    </Time><DistanceMeters>
      8.698922619456425
    </DistanceMeters><SensorState>
      Present
    </SensorState><Extensions>
      <TPX xmlns="http://www.garmin.com/xmlschemas/ActivityExtension/v2">
      <ns3:Speed>
      3.1013574660552212
    </ns3:Speed><nax:Nax>
      <nax:Pace>
      5.373990856934616
    </nax:Pace><nax:Moments>
      <nax:Halt xsi:type="nax:Halt_t" action="auto_pause">
      
    </nax:Halt>
    </nax:Moments>
    </nax:Nax>
    </TPX>
    </Extensions>
    </Trackpoint>
<Trackpoint>
      <Time>
      2025-09-09T00:31:54.305Z
    </Time><Cadence>
      162.79011726379395
    </Cadence><SensorState>
      Present
    </SensorState><Extensions>
      <TPX xmlns="http://www.garmin.com/xmlschemas/ActivityExtension/v2">
      <nax:Nax>
      <nax:Moments>
      <nax:Halt xsi:type="nax:Halt_t" action="auto_pause">
      
    </nax:Halt>
    </nax:Moments>
    </nax:Nax>
    </TPX>
    </Extensions>
    </Trackpoint>
<Trackpoint>
      <Time>
      2025-09-09T00:31:54.999Z
    </Time><Position>
      <LatitudeDegrees>
      47.42893165925984
    </LatitudeDegrees><LongitudeDegrees>
      -122.29196978187774
    </LongitudeDegrees>
    </Position><AltitudeMeters>
      110.27489530853927
    </AltitudeMeters><SensorState>
      Present
    </SensorState><Extensions>
      <TPX xmlns="http://www.garmin.com/xmlschemas/ActivityExtension/v2">
      <nax:Nax>
      <nax:Moments>
      <nax:Halt xsi:type="nax:Halt_t" action="auto_pause">
      
    </nax:Halt>
    </nax:Moments>
    </nax:Nax>
    </TPX>
    </Extensions>
    </Trackpoint>
<Trackpoint>
      <Time>
      2025-09-09T00:31:56.327Z
    </Time><SensorState>
      Present
    </SensorState><Extensions>
      <TPX xmlns="http://www.garmin.com/xmlschemas/ActivityExtension/v2">
      <nax:Nax>
      <nax:AscentInMeters>
      0.06606292724609375
    </nax:AscentInMeters><nax:Moments>
      <nax:Halt xsi:type="nax:Halt_t" action="auto_pause">
      
    </nax:Halt>
    </nax:Moments>
    </nax:Nax>
    </TPX>
    </Extensions>
    </Trackpoint>
<Trackpoint>
      <Time>
      2025-09-09T00:31:56.860Z
    </Time><SensorState>
      Present
    </SensorState><Extensions>
      <TPX xmlns="http://www.garmin.com/xmlschemas/ActivityExtension/v2">
      <ns3:Speed>
      3.096553502631067
    </ns3:Speed><nax:Nax>
      <nax:Pace>
      5.382328014841469
    </nax:Pace><nax:Moments>
      <nax:Halt xsi:type="nax:Halt_t" action="auto_pause">
      
    </nax:Halt>
    </nax:Moments>
    </nax:Nax>
    </TPX>
    </Extensions>
    </Trackpoint>
<Trackpoint>
      <Time>
      2025-09-09T00:31:56.861Z
    </Time><DistanceMeters>
      5.634136011824012
    </DistanceMeters><Cadence>
      162.31358528137207
    </Cadence><SensorState>
      Present
    </SensorState><Extensions>
      <TPX xmlns="http://www.garmin.com/xmlschemas/ActivityExtension/v2">
      <nax:Nax>
      <nax:Moments>
      <nax:Halt xsi:type="nax:Halt_t" action="auto_pause">
      
    </nax:Halt>
    </nax:Moments>
    </nax:Nax>
    </TPX>
    </Extensions>
    </Trackpoint>
<Trackpoint>
      <Time>
      2025-09-09T00:31:57.388Z
    </Time><SensorState>
      Present
    </SensorState><Extensions>
      <TPX xmlns="http://www.garmin.com/xmlschemas/ActivityExtension/v2">
      <nax:Nax>
      <nax:AscentInMeters>
      0.0660552978515625
    </nax:AscentInMeters><nax:Moments>
      <nax:Halt xsi:type="nax:Halt_t" action="auto_pause">
      
    </nax:Halt>
    </nax:Moments>
    </nax:Nax>
    </TPX>
    </Extensions>
    </Trackpoint>
<Trackpoint>
      <Time>
      2025-09-09T00:31:58.000Z
    </Time><SensorState>
      Present
    </SensorState><Extensions>
      <TPX xmlns="http://www.garmin.com/xmlschemas/ActivityExtension/v2">
      <nax:Nax>
      <nax:NikeFuel>
      7.979610629441563
    </nax:NikeFuel><nax:Moments>
      <nax:Halt xsi:type="nax:Halt_t" action="auto_pause">
      
    </nax:Halt>
    </nax:Moments>
    </nax:Nax>
    </TPX>
    </Extensions>
    </Trackpoint>
<Trackpoint>
      <Time>
      2025-09-09T00:31:58.448Z
    </Time><SensorState>
      Present
    </SensorState><Extensions>
      <TPX xmlns="http://www.garmin.com/xmlschemas/ActivityExtension/v2">
      <nax:Nax>
      <nax:AscentInMeters>
      0.050201416015625
    </nax:AscentInMeters><nax:Moments>
      <nax:Halt xsi:type="nax:Halt_t" action="auto_pause">
      
    </nax:Halt>
    </nax:Moments>
    </nax:Nax>
    </TPX>
    </Extensions>
    </Trackpoint>
<Trackpoint>
      <Time>
      2025-09-09T00:31:59.416Z
    </Time><DistanceMeters>
      9.84102522348985
    </DistanceMeters><SensorState>
      Present
    </SensorState><Extensions>
      <TPX xmlns="http://www.garmin.com/xmlschemas/ActivityExtension/v2">
      <ns3:Speed>
      3.0879624930487424
    </ns3:Speed><nax:Nax>
      <nax:Pace>
      5.397302170665837
    </nax:Pace><nax:Moments>
      <nax:Halt xsi:type="nax:Halt_t" action="auto_pause">
      
    </nax:Halt>
    </nax:Moments>
    </nax:Nax>
    </TPX>
    </Extensions>
    </Trackpoint>
<Trackpoint>
      <Time>
      2025-09-09T00:31:59.417Z
    </Time><Cadence>
      161.74235343933105
    </Cadence><SensorState>
      Present
    </SensorState><Extensions>
      <TPX xmlns="http://www.garmin.com/xmlschemas/ActivityExtension/v2">
      <nax:Nax>
      <nax:Moments>
      <nax:Halt xsi:type="nax:Halt_t" action="auto_pause">
      
    </nax:Halt>
    </nax:Moments>
    </nax:Nax>
    </TPX>
    </Extensions>
    </Trackpoint>
<Trackpoint>
      <Time>
      2025-09-09T00:31:59.508Z
    </Time><SensorState>
      Present
    </SensorState><Extensions>
      <TPX xmlns="http://www.garmin.com/xmlschemas/ActivityExtension/v2">
      <nax:Nax>
      <nax:AscentInMeters>
      0.10041046142578125
    </nax:AscentInMeters><nax:Moments>
      <nax:Halt xsi:type="nax:Halt_t" action="auto_pause">
      
    </nax:Halt>
    </nax:Moments>
    </nax:Nax>
    </TPX>
    </Extensions>
    </Trackpoint>
<Trackpoint>
      <Time>
      2025-09-09T00:31:59.999Z
    </Time><Position>
      <LatitudeDegrees>
      47.42888801372284
    </LatitudeDegrees><LongitudeDegrees>
      -122.29214240156581
    </LongitudeDegrees>
    </Position><AltitudeMeters>
      109.18134189583361
    </AltitudeMeters><SensorState>
      Present
    </SensorState><Extensions>
      <TPX xmlns="http://www.garmin.com/xmlschemas/ActivityExtension/v2">
      <nax:Nax>
      <nax:Moments>
      <nax:Halt xsi:type="nax:Halt_t" action="auto_pause">
      
    </nax:Halt>
    </nax:Moments>
    </nax:Nax>
    </TPX>
    </Extensions>
    </Trackpoint>
<Trackpoint>
      <Time>
      2025-09-09T00:32:00.567Z
    </Time><SensorState>
      Present
    </SensorState><Extensions>
      <TPX xmlns="http://www.garmin.com/xmlschemas/ActivityExtension/v2">
      <nax:Nax>
      <nax:AscentInMeters>
      0.095123291015625
    </nax:AscentInMeters><nax:Moments>
      <nax:Halt xsi:type="nax:Halt_t" action="auto_pause">
      
    </nax:Halt>
    </nax:Moments>
    </nax:Nax>
    </TPX>
    </Extensions>
    </Trackpoint>
<Trackpoint>
      <Time>
      2025-09-09T00:32:01.629Z
    </Time><SensorState>
      Present
    </SensorState><Extensions>
      <TPX xmlns="http://www.garmin.com/xmlschemas/ActivityExtension/v2">
      <nax:Nax>
      <nax:AscentInMeters>
      0.07398223876953125
    </nax:AscentInMeters><nax:Moments>
      <nax:Halt xsi:type="nax:Halt_t" action="auto_pause">
      
    </nax:Halt>
    </nax:Moments>
    </nax:Nax>
    </TPX>
    </Extensions>
    </Trackpoint>
<Trackpoint>
      <Time>
      2025-09-09T00:32:01.972Z
    </Time><SensorState>
      Present
    </SensorState><Extensions>
      <TPX xmlns="http://www.garmin.com/xmlschemas/ActivityExtension/v2">
      <ns3:Speed>
      3.0862507907018712
    </ns3:Speed><nax:Nax>
      <nax:Pace>
      5.400295632772071
    </nax:Pace><nax:Moments>
      <nax:Halt xsi:type="nax:Halt_t" action="auto_pause">
      
    </nax:Halt>
    </nax:Moments>
    </nax:Nax>
    </TPX>
    </Extensions>
    </Trackpoint>
<Trackpoint>
      <Time>
      2025-09-09T00:32:01.973Z
    </Time><DistanceMeters>
      8.570596762001514
    </DistanceMeters><Cadence>
      161.30046844482422
    </Cadence><SensorState>
      Present
    </SensorState><Extensions>
      <TPX xmlns="http://www.garmin.com/xmlschemas/ActivityExtension/v2">
      <nax:Nax>
      <nax:Moments>
      <nax:Halt xsi:type="nax:Halt_t" action="auto_pause">
      
    </nax:Halt>
    </nax:Moments>
    </nax:Nax>
    </TPX>
    </Extensions>
    </Trackpoint>
<Trackpoint>
      <Time>
      2025-09-09T00:32:02.689Z
    </Time><SensorState>
      Present
    </SensorState><Extensions>
      <TPX xmlns="http://www.garmin.com/xmlschemas/ActivityExtension/v2">
      <nax:Nax>
      <nax:AscentInMeters>
      0.08191680908203125
    </nax:AscentInMeters><nax:Moments>
      <nax:Halt xsi:type="nax:Halt_t" action="auto_pause">
      
    </nax:Halt>
    </nax:Moments>
    </nax:Nax>
    </TPX>
    </Extensions>
    </Trackpoint>
<Trackpoint>
      <Time>
      2025-09-09T00:32:02.999Z
    </Time><Position>
      <LatitudeDegrees>
      47.42883951819703
    </LatitudeDegrees><LongitudeDegrees>
      -122.2922632614751
    </LongitudeDegrees>
    </Position><AltitudeMeters>
      109.48295517545193
    </AltitudeMeters><SensorState>
      Present
    </SensorState><Extensions>
      <TPX xmlns="http://www.garmin.com/xmlschemas/ActivityExtension/v2">
      <nax:Nax>
      <nax:Moments>
      <nax:Halt xsi:type="nax:Halt_t" action="auto_pause">
      
    </nax:Halt>
    </nax:Moments>
    </nax:Nax>
    </TPX>
    </Extensions>
    </Trackpoint>
<Trackpoint>
      <Time>
      2025-09-09T00:32:03.749Z
    </Time><SensorState>
      Present
    </SensorState><Extensions>
      <TPX xmlns="http://www.garmin.com/xmlschemas/ActivityExtension/v2">
      <nax:Nax>
      <nax:AscentInMeters>
      0.0819091796875
    </nax:AscentInMeters><nax:Moments>
      <nax:Halt xsi:type="nax:Halt_t" action="auto_pause">
      
    </nax:Halt>
    </nax:Moments>
    </nax:Nax>
    </TPX>
    </Extensions>
    </Trackpoint>
<Trackpoint>
      <Time>
      2025-09-09T00:32:04.528Z
    </Time><SensorState>
      Present
    </SensorState><Extensions>
      <TPX xmlns="http://www.garmin.com/xmlschemas/ActivityExtension/v2">
      <ns3:Speed>
      3.0848570579856194
    </ns3:Speed><nax:Nax>
      <nax:Pace>
      5.402735476356183
    </nax:Pace><nax:Moments>
      <nax:Halt xsi:type="nax:Halt_t" action="auto_pause">
      
    </nax:Halt>
    </nax:Moments>
    </nax:Nax>
    </TPX>
    </Extensions>
    </Trackpoint>
<Trackpoint>
      <Time>
      2025-09-09T00:32:04.529Z
    </Time><DistanceMeters>
      8.336486041778699
    </DistanceMeters><Cadence>
      161.17361068725586
    </Cadence><SensorState>
      Present
    </SensorState><Extensions>
      <TPX xmlns="http://www.garmin.com/xmlschemas/ActivityExtension/v2">
      <nax:Nax>
      <nax:Moments>
      <nax:Halt xsi:type="nax:Halt_t" action="auto_pause">
      
    </nax:Halt>
    </nax:Moments>
    </nax:Nax>
    </TPX>
    </Extensions>
    </Trackpoint>
<Trackpoint>
      <Time>
      2025-09-09T00:32:04.809Z
    </Time><SensorState>
      Present
    </SensorState><Extensions>
      <TPX xmlns="http://www.garmin.com/xmlschemas/ActivityExtension/v2">
      <nax:Nax>
      <nax:AscentInMeters>
      0.08455657958984375
    </nax:AscentInMeters><nax:Moments>
      <nax:Halt xsi:type="nax:Halt_t" action="auto_pause">
      
    </nax:Halt>
    </nax:Moments>
    </nax:Nax>
    </TPX>
    </Extensions>
    </Trackpoint>
<Trackpoint>
      <Time>
      2025-09-09T00:32:05.869Z
    </Time><SensorState>
      Present
    </SensorState><Extensions>
      <TPX xmlns="http://www.garmin.com/xmlschemas/ActivityExtension/v2">
      <nax:Nax>
      <nax:AscentInMeters>
      0.06341552734375
    </nax:AscentInMeters><nax:Moments>
      <nax:Halt xsi:type="nax:Halt_t" action="auto_pause">
      
    </nax:Halt>
    </nax:Moments>
    </nax:Nax>
    </TPX>
    </Extensions>
    </Trackpoint>
<Trackpoint>
      <Time>
      2025-09-09T00:32:06.929Z
    </Time><SensorState>
      Present
    </SensorState><Extensions>
      <TPX xmlns="http://www.garmin.com/xmlschemas/ActivityExtension/v2">
      <nax:Nax>
      <nax:AscentInMeters>
      0.07398223876953125
    </nax:AscentInMeters><nax:Moments>
      <nax:Halt xsi:type="nax:Halt_t" action="auto_pause">
      
    </nax:Halt>
    </nax:Moments>
    </nax:Nax>
    </TPX>
    </Extensions>
    </Trackpoint>
<Trackpoint>
      <Time>
      2025-09-09T00:32:06.999Z
    </Time><Position>
      <LatitudeDegrees>
      47.42876900625242
    </LatitudeDegrees><LongitudeDegrees>
      -122.29238317708052
    </LongitudeDegrees>
    </Position><AltitudeMeters>
      109.95523630548269
    </AltitudeMeters><SensorState>
      Present
    </SensorState><Extensions>
      <TPX xmlns="http://www.garmin.com/xmlschemas/ActivityExtension/v2">
      <nax:Nax>
      <nax:Moments>
      <nax:Halt xsi:type="nax:Halt_t" action="auto_pause">
      
    </nax:Halt>
    </nax:Moments>
    </nax:Nax>
    </TPX>
    </Extensions>
    </Trackpoint>
<Trackpoint>
      <Time>
      2025-09-09T00:32:07.084Z
    </Time><SensorState>
      Present
    </SensorState><Extensions>
      <TPX xmlns="http://www.garmin.com/xmlschemas/ActivityExtension/v2">
      <ns3:Speed>
      3.0840626289856123
    </ns3:Speed><nax:Nax>
      <nax:Pace>
      5.404127176285181
    </nax:Pace><nax:Moments>
      <nax:Halt xsi:type="nax:Halt_t" action="auto_pause">
      
    </nax:Halt>
    </nax:Moments>
    </nax:Nax>
    </TPX>
    </Extensions>
    </Trackpoint>
<Trackpoint>
      <Time>
      2025-09-09T00:32:07.085Z
    </Time><DistanceMeters>
      5.475295486627147
    </DistanceMeters><Cadence>
      160.87976932525635
    </Cadence><SensorState>
      Present
    </SensorState><Extensions>
      <TPX xmlns="http://www.garmin.com/xmlschemas/ActivityExtension/v2">
      <nax:Nax>
      <nax:Moments>
      <nax:Halt xsi:type="nax:Halt_t" action="auto_pause">
      
    </nax:Halt>
    </nax:Moments>
    </nax:Nax>
    </TPX>
    </Extensions>
    </Trackpoint>
<Trackpoint>
      <Time>
      2025-09-09T00:32:08.000Z
    </Time><SensorState>
      Present
    </SensorState><Extensions>
      <TPX xmlns="http://www.garmin.com/xmlschemas/ActivityExtension/v2">
      <nax:Nax>
      <nax:NikeFuel>
      7.950001722008274
    </nax:NikeFuel><nax:Moments>
      <nax:Halt xsi:type="nax:Halt_t" action="auto_pause">
      
    </nax:Halt>
    </nax:Moments>
    </nax:Nax>
    </TPX>
    </Extensions>
    </Trackpoint>
<Trackpoint>
      <Time>
      2025-09-09T00:32:09.640Z
    </Time><SensorState>
      Present
    </SensorState><Extensions>
      <TPX xmlns="http://www.garmin.com/xmlschemas/ActivityExtension/v2">
      <ns3:Speed>
      3.0788696595713105
    </ns3:Speed><nax:Nax>
      <nax:Pace>
      5.413242036685394
    </nax:Pace><nax:Moments>
      <nax:Halt xsi:type="nax:Halt_t" action="auto_pause">
      
    </nax:Halt>
    </nax:Moments>
    </nax:Nax>
    </TPX>
    </Extensions>
    </Trackpoint>
<Trackpoint>
      <Time>
      2025-09-09T00:32:09.641Z
    </Time><DistanceMeters>
      8.580038431566209
    </DistanceMeters><Cadence>
      160.25230407714844
    </Cadence><SensorState>
      Present
    </SensorState><Extensions>
      <TPX xmlns="http://www.garmin.com/xmlschemas/ActivityExtension/v2">
      <nax:Nax>
      <nax:Moments>
      <nax:Halt xsi:type="nax:Halt_t" action="auto_pause">
      
    </nax:Halt>
    </nax:Moments>
    </nax:Nax>
    </TPX>
    </Extensions>
    </Trackpoint>
<Trackpoint>
      <Time>
      2025-09-09T00:32:09.999Z
    </Time><Position>
      <LatitudeDegrees>
      47.42868821944056
    </LatitudeDegrees><LongitudeDegrees>
      -122.29231021416108
    </LongitudeDegrees>
    </Position><AltitudeMeters>
      109.07674111519009
    </AltitudeMeters><SensorState>
      Present
    </SensorState><Extensions>
      <TPX xmlns="http://www.garmin.com/xmlschemas/ActivityExtension/v2">
      <nax:Nax>
      <nax:Moments>
      <nax:Halt xsi:type="nax:Halt_t" action="auto_pause">
      
    </nax:Halt>
    </nax:Moments>
    </nax:Nax>
    </TPX>
    </Extensions>
    </Trackpoint>
<Trackpoint>
      <Time>
      2025-09-09T00:32:11.171Z
    </Time><SensorState>
      Present
    </SensorState><Extensions>
      <TPX xmlns="http://www.garmin.com/xmlschemas/ActivityExtension/v2">
      <nax:Nax>
      <nax:DescentInMeters>
      0.095123291015625
    </nax:DescentInMeters><nax:Moments>
      <nax:Halt xsi:type="nax:Halt_t" action="auto_pause">
      
    </nax:Halt>
    </nax:Moments>
    </nax:Nax>
    </TPX>
    </Extensions>
    </Trackpoint>
<Trackpoint>
      <Time>
      2025-09-09T00:32:12.196Z
    </Time><SensorState>
      Present
    </SensorState><Extensions>
      <TPX xmlns="http://www.garmin.com/xmlschemas/ActivityExtension/v2">
      <ns3:Speed>
      3.075404543332546
    </ns3:Speed><nax:Nax>
      <nax:Pace>
      5.419341238472147
    </nax:Pace><nax:Moments>
      <nax:Halt xsi:type="nax:Halt_t" action="auto_pause">
      
    </nax:Halt>
    </nax:Moments>
    </nax:Nax>
    </TPX>
    </Extensions>
    </Trackpoint>
<Trackpoint>
      <Time>
      2025-09-09T00:32:12.197Z
    </Time><DistanceMeters>
      6.727442361880094
    </DistanceMeters><Cadence>
      159.5784330368042
    </Cadence><SensorState>
      Present
    </SensorState><Extensions>
      <TPX xmlns="http://www.garmin.com/xmlschemas/ActivityExtension/v2">
      <nax:Nax>
      <nax:Moments>
      <nax:Halt xsi:type="nax:Halt_t" action="auto_pause">
      
    </nax:Halt>
    </nax:Moments>
    </nax:Nax>
    </TPX>
    </Extensions>
    </Trackpoint>
<Trackpoint>
      <Time>
      2025-09-09T00:32:12.231Z
    </Time><SensorState>
      Present
    </SensorState><Extensions>
      <TPX xmlns="http://www.garmin.com/xmlschemas/ActivityExtension/v2">
      <nax:Nax>
      <nax:DescentInMeters>
      0.0607757568359375
    </nax:DescentInMeters><nax:Moments>
      <nax:Halt xsi:type="nax:Halt_t" action="auto_pause">
      
    </nax:Halt>
    </nax:Moments>
    </nax:Nax>
    </TPX>
    </Extensions>
    </Trackpoint>
<Trackpoint>
      <Time>
      2025-09-09T00:32:13.291Z
    </Time><SensorState>
      Present
    </SensorState><Extensions>
      <TPX xmlns="http://www.garmin.com/xmlschemas/ActivityExtension/v2">
      <nax:Nax>
      <nax:DescentInMeters>
      0.113616943359375
    </nax:DescentInMeters><nax:Moments>
      <nax:Halt xsi:type="nax:Halt_t" action="auto_pause">
      
    </nax:Halt>
    </nax:Moments>
    </nax:Nax>
    </TPX>
    </Extensions>
    </Trackpoint>
<Trackpoint>
      <Time>
      2025-09-09T00:32:14.000Z
    </Time><Position>
      <LatitudeDegrees>
      47.4285804591884
    </LatitudeDegrees><LongitudeDegrees>
      -122.29230300384957
    </LongitudeDegrees>
    </Position><AltitudeMeters>
      108.47886198107153
    </AltitudeMeters><SensorState>
      Present
    </SensorState><Extensions>
      <TPX xmlns="http://www.garmin.com/xmlschemas/ActivityExtension/v2">
      <nax:Nax>
      <nax:Moments>
      <nax:Halt xsi:type="nax:Halt_t" action="auto_pause">
      
    </nax:Halt>
    </nax:Moments>
    </nax:Nax>
    </TPX>
    </Extensions>
    </Trackpoint>
<Trackpoint>
      <Time>
      2025-09-09T00:32:14.350Z
    </Time><SensorState>
      Present
    </SensorState><Extensions>
      <TPX xmlns="http://www.garmin.com/xmlschemas/ActivityExtension/v2">
      <nax:Nax>
      <nax:DescentInMeters>
      0.140045166015625
    </nax:DescentInMeters><nax:Moments>
      <nax:Halt xsi:type="nax:Halt_t" action="auto_pause">
      
    </nax:Halt>
    </nax:Moments>
    </nax:Nax>
    </TPX>
    </Extensions>
    </Trackpoint>
<Trackpoint>
      <Time>
      2025-09-09T00:32:14.751Z
    </Time><DistanceMeters>
      8.57363514858298
    </DistanceMeters><SensorState>
      Present
    </SensorState><Extensions>
      <TPX xmlns="http://www.garmin.com/xmlschemas/ActivityExtension/v2">
      <ns3:Speed>
      3.0716431656997716
    </ns3:Speed><nax:Nax>
      <nax:Pace>
      5.425977487482574
    </nax:Pace><nax:Moments>
      <nax:Halt xsi:type="nax:Halt_t" action="auto_pause">
      
    </nax:Halt>
    </nax:Moments>
    </nax:Nax>
    </TPX>
    </Extensions>
    </Trackpoint>
<Trackpoint>
      <Time>
      2025-09-09T00:32:14.752Z
    </Time><Cadence>
      158.4658670425415
    </Cadence><SensorState>
      Present
    </SensorState><Extensions>
      <TPX xmlns="http://www.garmin.com/xmlschemas/ActivityExtension/v2">
      <nax:Nax>
      <nax:Moments>
      <nax:Halt xsi:type="nax:Halt_t" action="auto_pause">
      
    </nax:Halt>
    </nax:Moments>
    </nax:Nax>
    </TPX>
    </Extensions>
    </Trackpoint>
<Trackpoint>
      <Time>
      2025-09-09T00:32:15.411Z
    </Time><SensorState>
      Present
    </SensorState><Extensions>
      <TPX xmlns="http://www.garmin.com/xmlschemas/ActivityExtension/v2">
      <nax:Nax>
      <nax:DescentInMeters>
      0.13739776611328125
    </nax:DescentInMeters><nax:Moments>
      <nax:Halt xsi:type="nax:Halt_t" action="auto_pause">
      
    </nax:Halt>
    </nax:Moments>
    </nax:Nax>
    </TPX>
    </Extensions>
    </Trackpoint>
<Trackpoint>
      <Time>
      2025-09-09T00:32:16.472Z
    </Time><SensorState>
      Present
    </SensorState><Extensions>
      <TPX xmlns="http://www.garmin.com/xmlschemas/ActivityExtension/v2">
      <nax:Nax>
      <nax:DescentInMeters>
      0.14532470703125
    </nax:DescentInMeters><nax:Moments>
      <nax:Halt xsi:type="nax:Halt_t" action="auto_pause">
      
    </nax:Halt>
    </nax:Moments>
    </nax:Nax>
    </TPX>
    </Extensions>
    </Trackpoint>
<Trackpoint>
      <Time>
      2025-09-09T00:32:17.307Z
    </Time><SensorState>
      Present
    </SensorState><Extensions>
      <TPX xmlns="http://www.garmin.com/xmlschemas/ActivityExtension/v2">
      <ns3:Speed>
      3.0685367571806266
    </ns3:Speed><nax:Nax>
      <nax:Pace>
      5.4314704321743275
    </nax:Pace><nax:Moments>
      <nax:Halt xsi:type="nax:Halt_t" action="auto_pause">
      
    </nax:Halt>
    </nax:Moments>
    </nax:Nax>
    </TPX>
    </Extensions>
    </Trackpoint>
<Trackpoint>
      <Time>
      2025-09-09T00:32:17.308Z
    </Time><DistanceMeters>
      7.526020526885986
    </DistanceMeters><Cadence>
      157.9698944091797
    </Cadence><SensorState>
      Present
    </SensorState><Extensions>
      <TPX xmlns="http://www.garmin.com/xmlschemas/ActivityExtension/v2">
      <nax:Nax>
      <nax:Moments>
      <nax:Halt xsi:type="nax:Halt_t" action="auto_pause">
      
    </nax:Halt>
    </nax:Moments>
    </nax:Nax>
    </TPX>
    </Extensions>
    </Trackpoint>
<Trackpoint>
      <Time>
      2025-09-09T00:32:17.532Z
    </Time><SensorState>
      Present
    </SensorState><Extensions>
      <TPX xmlns="http://www.garmin.com/xmlschemas/ActivityExtension/v2">
      <nax:Nax>
      <nax:DescentInMeters>
      0.22460174560546875
    </nax:DescentInMeters><nax:Moments>
      <nax:Halt xsi:type="nax:Halt_t" action="auto_pause">
      
    </nax:Halt>
    </nax:Moments>
    </nax:Nax>
    </TPX>
    </Extensions>
    </Trackpoint>
<Trackpoint>
      <Time>
      2025-09-09T00:32:18.000Z
    </Time><Position>
      <LatitudeDegrees>
      47.42846523855865
    </LatitudeDegrees><LongitudeDegrees>
      -122.29228841577645
    </LongitudeDegrees>
    </Position><AltitudeMeters>
      109.46128161344677
    </AltitudeMeters><SensorState>
      Present
    </SensorState><Extensions>
      <TPX xmlns="http://www.garmin.com/xmlschemas/ActivityExtension/v2">
      <nax:Nax>
      <nax:NikeFuel>
      7.9233458729237185
    </nax:NikeFuel><nax:Moments>
      <nax:Halt xsi:type="nax:Halt_t" action="auto_pause">
      
    </nax:Halt>
    </nax:Moments>
    </nax:Nax>
    </TPX>
    </Extensions>
    </Trackpoint>
<Trackpoint>
      <Time>
      2025-09-09T00:32:18.592Z
    </Time><SensorState>
      Present
    </SensorState><Extensions>
      <TPX xmlns="http://www.garmin.com/xmlschemas/ActivityExtension/v2">
      <nax:Nax>
      <nax:DescentInMeters>
      0.19553375244140625
    </nax:DescentInMeters><nax:Moments>
      <nax:Halt xsi:type="nax:Halt_t" action="auto_pause">
      
    </nax:Halt>
    </nax:Moments>
    </nax:Nax>
    </TPX>
    </Extensions>
    </Trackpoint>
<Trackpoint>
      <Time>
      2025-09-09T00:32:19.652Z
    </Time><SensorState>
      Present
    </SensorState><Extensions>
      <TPX xmlns="http://www.garmin.com/xmlschemas/ActivityExtension/v2">
      <nax:Nax>
      <nax:DescentInMeters>
      0.1426849365234375
    </nax:DescentInMeters><nax:Moments>
      <nax:Halt xsi:type="nax:Halt_t" action="auto_pause">
      
    </nax:Halt>
    </nax:Moments>
    </nax:Nax>
    </TPX>
    </Extensions>
    </Trackpoint>
<Trackpoint>
      <Time>
      2025-09-09T00:32:19.863Z
    </Time><DistanceMeters>
      8.430348655208945
    </DistanceMeters><SensorState>
      Present
    </SensorState><Extensions>
      <TPX xmlns="http://www.garmin.com/xmlschemas/ActivityExtension/v2">
      <ns3:Speed>
      3.0665661717330748
    </ns3:Speed><nax:Nax>
      <nax:Pace>
      5.434960712831275
    </nax:Pace><nax:Moments>
      <nax:Halt xsi:type="nax:Halt_t" action="auto_pause">
      
    </nax:Halt>
    </nax:Moments>
    </nax:Nax>
    </TPX>
    </Extensions>
    </Trackpoint>
<Trackpoint>
      <Time>
      2025-09-09T00:32:19.864Z
    </Time><Cadence>
      157.6636505126953
    </Cadence><SensorState>
      Present
    </SensorState><Extensions>
      <TPX xmlns="http://www.garmin.com/xmlschemas/ActivityExtension/v2">
      <nax:Nax>
      <nax:Moments>
      <nax:Halt xsi:type="nax:Halt_t" action="auto_pause">
      
    </nax:Halt>
    </nax:Moments>
    </nax:Nax>
    </TPX>
    </Extensions>
    </Trackpoint>
<Trackpoint>
      <Time>
      2025-09-09T00:32:20.712Z
    </Time><SensorState>
      Present
    </SensorState><Extensions>
      <TPX xmlns="http://www.garmin.com/xmlschemas/ActivityExtension/v2">
      <nax:Nax>
      <nax:DescentInMeters>
      0.163818359375
    </nax:DescentInMeters><nax:Moments>
      <nax:Halt xsi:type="nax:Halt_t" action="auto_pause">
      
    </nax:Halt>
    </nax:Moments>
    </nax:Nax>
    </TPX>
    </Extensions>
    </Trackpoint>
<Trackpoint>
      <Time>
      2025-09-09T00:32:21.773Z
    </Time><SensorState>
      Present
    </SensorState><Extensions>
      <TPX xmlns="http://www.garmin.com/xmlschemas/ActivityExtension/v2">
      <nax:Nax>
      <nax:DescentInMeters>
      0.16646575927734375
    </nax:DescentInMeters><nax:Moments>
      <nax:Halt xsi:type="nax:Halt_t" action="auto_pause">
      
    </nax:Halt>
    </nax:Moments>
    </nax:Nax>
    </TPX>
    </Extensions>
    </Trackpoint>
<Trackpoint>
      <Time>
      2025-09-09T00:32:22.000Z
    </Time><Position>
      <LatitudeDegrees>
      47.42837005297649
    </LatitudeDegrees><LongitudeDegrees>
      -122.29236410434412
    </LongitudeDegrees>
    </Position><AltitudeMeters>
      108.84414834994823
    </AltitudeMeters><SensorState>
      Present
    </SensorState><Extensions>
      <TPX xmlns="http://www.garmin.com/xmlschemas/ActivityExtension/v2">
      <nax:Nax>
      <nax:Moments>
      <nax:Halt xsi:type="nax:Halt_t" action="auto_pause">
      
    </nax:Halt>
    </nax:Moments>
    </nax:Nax>
    </TPX>
    </Extensions>
    </Trackpoint>
<Trackpoint>
      <Time>
      2025-09-09T00:32:22.419Z
    </Time><SensorState>
      Present
    </SensorState><Extensions>
      <TPX xmlns="http://www.garmin.com/xmlschemas/ActivityExtension/v2">
      <ns3:Speed>
      3.0651455540378922
    </ns3:Speed><nax:Nax>
      <nax:Pace>
      5.437479680111996
    </nax:Pace><nax:Moments>
      <nax:Halt xsi:type="nax:Halt_t" action="auto_pause">
      
    </nax:Halt>
    </nax:Moments>
    </nax:Nax>
    </TPX>
    </Extensions>
    </Trackpoint>
<Trackpoint>
      <Time>
      2025-09-09T00:32:22.420Z
    </Time><DistanceMeters>
      5.753572578076273
    </DistanceMeters><Cadence>
      157.72095680236816
    </Cadence><SensorState>
      Present
    </SensorState><Extensions>
      <TPX xmlns="http://www.garmin.com/xmlschemas/ActivityExtension/v2">
      <nax:Nax>
      <nax:Moments>
      <nax:Halt xsi:type="nax:Halt_t" action="auto_pause">
      
    </nax:Halt>
    </nax:Moments>
    </nax:Nax>
    </TPX>
    </Extensions>
    </Trackpoint>
<Trackpoint>
      <Time>
      2025-09-09T00:32:24.975Z
    </Time><DistanceMeters>
      7.521200938383117
    </DistanceMeters><SensorState>
      Present
    </SensorState><Extensions>
      <TPX xmlns="http://www.garmin.com/xmlschemas/ActivityExtension/v2">
      <ns3:Speed>
      3.0614651634433585
    </ns3:Speed><nax:Nax>
      <nax:Pace>
      5.444016435555636
    </nax:Pace><nax:Moments>
      <nax:Halt xsi:type="nax:Halt_t" action="auto_pause">
      
    </nax:Halt>
    </nax:Moments>
    </nax:Nax>
    </TPX>
    </Extensions>
    </Trackpoint>
<Trackpoint>
      <Time>
      2025-09-09T00:32:24.976Z
    </Time><Cadence>
      157.47363567352295
    </Cadence><SensorState>
      Present
    </SensorState><Extensions>
      <TPX xmlns="http://www.garmin.com/xmlschemas/ActivityExtension/v2">
      <nax:Nax>
      <nax:Moments>
      <nax:Halt xsi:type="nax:Halt_t" action="auto_pause">
      
    </nax:Halt>
    </nax:Moments>
    </nax:Nax>
    </TPX>
    </Extensions>
    </Trackpoint>
<Trackpoint>
      <Time>
      2025-09-09T00:32:26.000Z
    </Time><Position>
      <LatitudeDegrees>
      47.42829490780293
    </LatitudeDegrees><LongitudeDegrees>
      -122.29245660670038
    </LongitudeDegrees>
    </Position><AltitudeMeters>
      109.39602071139961
    </AltitudeMeters><SensorState>
      Present
    </SensorState><Extensions>
      <TPX xmlns="http://www.garmin.com/xmlschemas/ActivityExtension/v2">
      <nax:Nax>
      <nax:Moments>
      <nax:Halt xsi:type="nax:Halt_t" action="auto_pause">
      
    </nax:Halt>
    </nax:Moments>
    </nax:Nax>
    </TPX>
    </Extensions>
    </Trackpoint>
<Trackpoint>
      <Time>
      2025-09-09T00:32:26.014Z
    </Time><SensorState>
      Present
    </SensorState><Extensions>
      <TPX xmlns="http://www.garmin.com/xmlschemas/ActivityExtension/v2">
      <nax:Nax>
      <nax:AscentInMeters>
      0.0158538818359375
    </nax:AscentInMeters><nax:Moments>
      <nax:Halt xsi:type="nax:Halt_t" action="auto_pause">
      
    </nax:Halt>
    </nax:Moments>
    </nax:Nax>
    </TPX>
    </Extensions>
    </Trackpoint>
<Trackpoint>
      <Time>
      2025-09-09T00:32:27.074Z
    </Time><SensorState>
      Present
    </SensorState><Extensions>
      <TPX xmlns="http://www.garmin.com/xmlschemas/ActivityExtension/v2">
      <nax:Nax>
      <nax:AscentInMeters>
      0.03963470458984375
    </nax:AscentInMeters><nax:Moments>
      <nax:Halt xsi:type="nax:Halt_t" action="auto_pause">
      
    </nax:Halt>
    </nax:Moments>
    </nax:Nax>
    </TPX>
    </Extensions>
    </Trackpoint>
<Trackpoint>
      <Time>
      2025-09-09T00:32:27.530Z
    </Time><SensorState>
      Present
    </SensorState><Extensions>
      <TPX xmlns="http://www.garmin.com/xmlschemas/ActivityExtension/v2">
      <ns3:Speed>
      3.057453399192937
    </ns3:Speed><nax:Nax>
      <nax:Pace>
      5.451159671335006
    </nax:Pace><nax:Moments>
      <nax:Halt xsi:type="nax:Halt_t" action="auto_pause">
      
    </nax:Halt>
    </nax:Moments>
    </nax:Nax>
    </TPX>
    </Extensions>
    </Trackpoint>
<Trackpoint>
      <Time>
      2025-09-09T00:32:27.531Z
    </Time><DistanceMeters>
      7.787871000356972
    </DistanceMeters><Cadence>
      156.98195457458496
    </Cadence><SensorState>
      Present
    </SensorState><Extensions>
      <TPX xmlns="http://www.garmin.com/xmlschemas/ActivityExtension/v2">
      <nax:Nax>
      <nax:Moments>
      <nax:Halt xsi:type="nax:Halt_t" action="auto_pause">
      
    </nax:Halt>
    </nax:Moments>
    </nax:Nax>
    </TPX>
    </Extensions>
    </Trackpoint>
<Trackpoint>
      <Time>
      2025-09-09T00:32:28.000Z
    </Time><SensorState>
      Present
    </SensorState><Extensions>
      <TPX xmlns="http://www.garmin.com/xmlschemas/ActivityExtension/v2">
      <nax:Nax>
      <nax:NikeFuel>
      7.896880311031404
    </nax:NikeFuel><nax:Moments>
      <nax:Halt xsi:type="nax:Halt_t" action="auto_pause">
      
    </nax:Halt>
    </nax:Moments>
    </nax:Nax>
    </TPX>
    </Extensions>
    </Trackpoint>
<Trackpoint>
      <Time>
      2025-09-09T00:32:29.000Z
    </Time><Position>
      <LatitudeDegrees>
      47.42820709260107
    </LatitudeDegrees><LongitudeDegrees>
      -122.29240868142388
    </LongitudeDegrees>
    </Position><AltitudeMeters>
      109.02651315648109
    </AltitudeMeters><SensorState>
      Present
    </SensorState><Extensions>
      <TPX xmlns="http://www.garmin.com/xmlschemas/ActivityExtension/v2">
      <nax:Nax>
      <nax:Moments>
      <nax:Halt xsi:type="nax:Halt_t" action="auto_pause">
      
    </nax:Halt>
    </nax:Moments>
    </nax:Nax>
    </TPX>
    </Extensions>
    </Trackpoint>
<Trackpoint>
      <Time>
      2025-09-09T00:32:30.086Z
    </Time><SensorState>
      Present
    </SensorState><Extensions>
      <TPX xmlns="http://www.garmin.com/xmlschemas/ActivityExtension/v2">
      <ns3:Speed>
      3.0533115998122535
    </ns3:Speed><nax:Nax>
      <nax:Pace>
      5.458554137642385
    </nax:Pace><nax:Moments>
      <nax:Halt xsi:type="nax:Halt_t" action="auto_pause">
      
    </nax:Halt>
    </nax:Moments>
    </nax:Nax>
    </TPX>
    </Extensions>
    </Trackpoint>
<Trackpoint>
      <Time>
      2025-09-09T00:32:30.087Z
    </Time><DistanceMeters>
      7.971724283415825
    </DistanceMeters><Cadence>
      156.54227256774902
    </Cadence><SensorState>
      Present
    </SensorState><Extensions>
      <TPX xmlns="http://www.garmin.com/xmlschemas/ActivityExtension/v2">
      <nax:Nax>
      <nax:Moments>
      <nax:Halt xsi:type="nax:Halt_t" action="auto_pause">
      
    </nax:Halt>
    </nax:Moments>
    </nax:Nax>
    </TPX>
    </Extensions>
    </Trackpoint>
<Trackpoint>
      <Time>
      2025-09-09T00:32:31.315Z
    </Time><SensorState>
      Present
    </SensorState><Extensions>
      <TPX xmlns="http://www.garmin.com/xmlschemas/ActivityExtension/v2">
      <nax:Nax>
      <nax:DescentInMeters>
      0.19553375244140625
    </nax:DescentInMeters><nax:Moments>
      <nax:Halt xsi:type="nax:Halt_t" action="auto_pause">
      
    </nax:Halt>
    </nax:Moments>
    </nax:Nax>
    </TPX>
    </Extensions>
    </Trackpoint>
<Trackpoint>
      <Time>
      2025-09-09T00:32:31.999Z
    </Time><Position>
      <LatitudeDegrees>
      47.42811450812409
    </LatitudeDegrees><LongitudeDegrees>
      -122.29238696244926
    </LongitudeDegrees>
    </Position><AltitudeMeters>
      108.05005146283656
    </AltitudeMeters><SensorState>
      Present
    </SensorState><Extensions>
      <TPX xmlns="http://www.garmin.com/xmlschemas/ActivityExtension/v2">
      <nax:Nax>
      <nax:Moments>
      <nax:Halt xsi:type="nax:Halt_t" action="auto_pause">
      
    </nax:Halt>
    </nax:Moments>
    </nax:Nax>
    </TPX>
    </Extensions>
    </Trackpoint>
<Trackpoint>
      <Time>
      2025-09-09T00:32:32.375Z
    </Time><SensorState>
      Present
    </SensorState><Extensions>
      <TPX xmlns="http://www.garmin.com/xmlschemas/ActivityExtension/v2">
      <nax:Nax>
      <nax:DescentInMeters>
      0.16910552978515625
    </nax:DescentInMeters><nax:Moments>
      <nax:Halt xsi:type="nax:Halt_t" action="auto_pause">
      
    </nax:Halt>
    </nax:Moments>
    </nax:Nax>
    </TPX>
    </Extensions>
    </Trackpoint>
<Trackpoint>
      <Time>
      2025-09-09T00:32:32.642Z
    </Time><SensorState>
      Present
    </SensorState><Extensions>
      <TPX xmlns="http://www.garmin.com/xmlschemas/ActivityExtension/v2">
      <ns3:Speed>
      3.0520842187146418
    </ns3:Speed><nax:Nax>
      <nax:Pace>
      5.460749269129173
    </nax:Pace><nax:Moments>
      <nax:Halt xsi:type="nax:Halt_t" action="auto_pause">
      
    </nax:Halt>
    </nax:Moments>
    </nax:Nax>
    </TPX>
    </Extensions>
    </Trackpoint>
<Trackpoint>
      <Time>
      2025-09-09T00:32:32.643Z
    </Time><DistanceMeters>
      8.26247696345672
    </DistanceMeters><Cadence>
      156.4804458618164
    </Cadence><SensorState>
      Present
    </SensorState><Extensions>
      <TPX xmlns="http://www.garmin.com/xmlschemas/ActivityExtension/v2">
      <nax:Nax>
      <nax:Moments>
      <nax:Halt xsi:type="nax:Halt_t" action="auto_pause">
      
    </nax:Halt>
    </nax:Moments>
    </nax:Nax>
    </TPX>
    </Extensions>
    </Trackpoint>
<Trackpoint>
      <Time>
      2025-09-09T00:32:33.435Z
    </Time><SensorState>
      Present
    </SensorState><Extensions>
      <TPX xmlns="http://www.garmin.com/xmlschemas/ActivityExtension/v2">
      <nax:Nax>
      <nax:DescentInMeters>
      0.177032470703125
    </nax:DescentInMeters><nax:Moments>
      <nax:Halt xsi:type="nax:Halt_t" action="auto_pause">
      
    </nax:Halt>
    </nax:Moments>
    </nax:Nax>
    </TPX>
    </Extensions>
    </Trackpoint>
<Trackpoint>
      <Time>
      2025-09-09T00:32:34.495Z
    </Time><SensorState>
      Present
    </SensorState><Extensions>
      <TPX xmlns="http://www.garmin.com/xmlschemas/ActivityExtension/v2">
      <nax:Nax>
      <nax:DescentInMeters>
      0.16382598876953125
    </nax:DescentInMeters><nax:Moments>
      <nax:Halt xsi:type="nax:Halt_t" action="auto_pause">
      
    </nax:Halt>
    </nax:Moments>
    </nax:Nax>
    </TPX>
    </Extensions>
    </Trackpoint>
<Trackpoint>
      <Time>
      2025-09-09T00:32:35.197Z
    </Time><SensorState>
      Present
    </SensorState><Extensions>
      <TPX xmlns="http://www.garmin.com/xmlschemas/ActivityExtension/v2">
      <ns3:Speed>
      3.0512517985798615
    </ns3:Speed><nax:Nax>
      <nax:Pace>
      5.462239030690224
    </nax:Pace><nax:Moments>
      <nax:Halt xsi:type="nax:Halt_t" action="auto_pause">
      
    </nax:Halt>
    </nax:Moments>
    </nax:Nax>
    </TPX>
    </Extensions>
    </Trackpoint>
<Trackpoint>
      <Time>
      2025-09-09T00:32:35.198Z
    </Time><DistanceMeters>
      7.605428506154567
    </DistanceMeters><Cadence>
      156.66418075561523
    </Cadence><SensorState>
      Present
    </SensorState><Extensions>
      <TPX xmlns="http://www.garmin.com/xmlschemas/ActivityExtension/v2">
      <nax:Nax>
      <nax:Moments>
      <nax:Halt xsi:type="nax:Halt_t" action="auto_pause">
      
    </nax:Halt>
    </nax:Moments>
    </nax:Nax>
    </TPX>
    </Extensions>
    </Trackpoint>
<Trackpoint>
      <Time>
      2025-09-09T00:32:35.556Z
    </Time><SensorState>
      Present
    </SensorState><Extensions>
      <TPX xmlns="http://www.garmin.com/xmlschemas/ActivityExtension/v2">
      <nax:Nax>
      <nax:DescentInMeters>
      0.10833740234375
    </nax:DescentInMeters><nax:Moments>
      <nax:Halt xsi:type="nax:Halt_t" action="auto_pause">
      
    </nax:Halt>
    </nax:Moments>
    </nax:Nax>
    </TPX>
    </Extensions>
    </Trackpoint>
<Trackpoint>
      <Time>
      2025-09-09T00:32:35.999Z
    </Time><Position>
      <LatitudeDegrees>
      47.42800695709535
    </LatitudeDegrees><LongitudeDegrees>
      -122.29242373404985
    </LongitudeDegrees>
    </Position><AltitudeMeters>
      107.15204036422074
    </AltitudeMeters><SensorState>
      Present
    </SensorState><Extensions>
      <TPX xmlns="http://www.garmin.com/xmlschemas/ActivityExtension/v2">
      <nax:Nax>
      <nax:Moments>
      <nax:Halt xsi:type="nax:Halt_t" action="auto_pause">
      
    </nax:Halt>
    </nax:Moments>
    </nax:Nax>
    </TPX>
    </Extensions>
    </Trackpoint>
<Trackpoint>
      <Time>
      2025-09-09T00:32:36.616Z
    </Time><SensorState>
      Present
    </SensorState><Extensions>
      <TPX xmlns="http://www.garmin.com/xmlschemas/ActivityExtension/v2">
      <nax:Nax>
      <nax:DescentInMeters>
      0.08719635009765625
    </nax:DescentInMeters><nax:Moments>
      <nax:Halt xsi:type="nax:Halt_t" action="auto_pause">
      
    </nax:Halt>
    </nax:Moments>
    </nax:Nax>
    </TPX>
    </Extensions>
    </Trackpoint>
<Trackpoint>
      <Time>
      2025-09-09T00:32:37.677Z
    </Time><SensorState>
      Present
    </SensorState><Extensions>
      <TPX xmlns="http://www.garmin.com/xmlschemas/ActivityExtension/v2">
      <nax:Nax>
      <nax:DescentInMeters>
      0.05812835693359375
    </nax:DescentInMeters><nax:Moments>
      <nax:Halt xsi:type="nax:Halt_t" action="auto_pause">
      
    </nax:Halt>
    </nax:Moments>
    </nax:Nax>
    </TPX>
    </Extensions>
    </Trackpoint>
<Trackpoint>
      <Time>
      2025-09-09T00:32:37.753Z
    </Time><SensorState>
      Present
    </SensorState><Extensions>
      <TPX xmlns="http://www.garmin.com/xmlschemas/ActivityExtension/v2">
      <ns3:Speed>
      3.050471677642776
    </ns3:Speed><nax:Nax>
      <nax:Pace>
      5.463635931721117
    </nax:Pace><nax:Moments>
      <nax:Halt xsi:type="nax:Halt_t" action="auto_pause">
      
    </nax:Halt>
    </nax:Moments>
    </nax:Nax>
    </TPX>
    </Extensions>
    </Trackpoint>
<Trackpoint>
      <Time>
      2025-09-09T00:32:37.754Z
    </Time><DistanceMeters>
      7.571701001608744
    </DistanceMeters><Cadence>
      156.72563552856445
    </Cadence><SensorState>
      Present
    </SensorState><Extensions>
      <TPX xmlns="http://www.garmin.com/xmlschemas/ActivityExtension/v2">
      <nax:Nax>
      <nax:Moments>
      <nax:Halt xsi:type="nax:Halt_t" action="auto_pause">
      
    </nax:Halt>
    </nax:Moments>
    </nax:Nax>
    </TPX>
    </Extensions>
    </Trackpoint>
<Trackpoint>
      <Time>
      2025-09-09T00:32:38.000Z
    </Time><SensorState>
      Present
    </SensorState><Extensions>
      <TPX xmlns="http://www.garmin.com/xmlschemas/ActivityExtension/v2">
      <nax:Nax>
      <nax:NikeFuel>
      7.878716132728073
    </nax:NikeFuel><nax:Moments>
      <nax:Halt xsi:type="nax:Halt_t" action="auto_pause">
      
    </nax:Halt>
    </nax:Moments>
    </nax:Nax>
    </TPX>
    </Extensions>
    </Trackpoint>
<Trackpoint>
      <Time>
      2025-09-09T00:32:38.737Z
    </Time><SensorState>
      Present
    </SensorState><Extensions>
      <TPX xmlns="http://www.garmin.com/xmlschemas/ActivityExtension/v2">
      <nax:Nax>
      <nax:DescentInMeters>
      0.0158538818359375
    </nax:DescentInMeters><nax:Moments>
      <nax:Halt xsi:type="nax:Halt_t" action="auto_pause">
      
    </nax:Halt>
    </nax:Moments>
    </nax:Nax>
    </TPX>
    </Extensions>
    </Trackpoint>
<Trackpoint>
      <Time>
      2025-09-09T00:32:39.999Z
    </Time><Position>
      <LatitudeDegrees>
      47.42791905502112
    </LatitudeDegrees><LongitudeDegrees>
      -122.292522012124
    </LongitudeDegrees>
    </Position><AltitudeMeters>
      106.75052029639482
    </AltitudeMeters><SensorState>
      Present
    </SensorState><Extensions>
      <TPX xmlns="http://www.garmin.com/xmlschemas/ActivityExtension/v2">
      <nax:Nax>
      <nax:Moments>
      <nax:Halt xsi:type="nax:Halt_t" action="auto_pause">
      
    </nax:Halt>
    </nax:Moments>
    </nax:Nax>
    </TPX>
    </Extensions>
    </Trackpoint>
<Trackpoint>
      <Time>
      2025-09-09T00:32:40.309Z
    </Time><SensorState>
      Present
    </SensorState><Extensions>
      <TPX xmlns="http://www.garmin.com/xmlschemas/ActivityExtension/v2">
      <ns3:Speed>
      3.049727769785221
    </ns3:Speed><nax:Nax>
      <nax:Pace>
      5.464968654510572
    </nax:Pace><nax:Moments>
      <nax:Halt xsi:type="nax:Halt_t" action="auto_pause">
      
    </nax:Halt>
    </nax:Moments>
    </nax:Nax>
    </TPX>
    </Extensions>
    </Trackpoint>
<Trackpoint>
      <Time>
      2025-09-09T00:32:40.310Z
    </Time><DistanceMeters>
      7.426123418612406
    </DistanceMeters><Cadence>
      157.03396797180176
    </Cadence><SensorState>
      Present
    </SensorState><Extensions>
      <TPX xmlns="http://www.garmin.com/xmlschemas/ActivityExtension/v2">
      <nax:Nax>
      <nax:Moments>
      <nax:Halt xsi:type="nax:Halt_t" action="auto_pause">
      
    </nax:Halt>
    </nax:Moments>
    </nax:Nax>
    </TPX>
    </Extensions>
    </Trackpoint>
<Trackpoint>
      <Time>
      2025-09-09T00:32:40.856Z
    </Time><SensorState>
      Present
    </SensorState><Extensions>
      <TPX xmlns="http://www.garmin.com/xmlschemas/ActivityExtension/v2">
      <nax:Nax>
      <nax:DescentInMeters>
      0.01850128173828125
    </nax:DescentInMeters><nax:Moments>
      <nax:Halt xsi:type="nax:Halt_t" action="auto_pause">
      
    </nax:Halt>
    </nax:Moments>
    </nax:Nax>
    </TPX>
    </Extensions>
    </Trackpoint>
<Trackpoint>
      <Time>
      2025-09-09T00:32:41.916Z
    </Time><SensorState>
      Present
    </SensorState><Extensions>
      <TPX xmlns="http://www.garmin.com/xmlschemas/ActivityExtension/v2">
      <nax:Nax>
      <nax:DescentInMeters>
      0.005279541015625
    </nax:DescentInMeters><nax:Moments>
      <nax:Halt xsi:type="nax:Halt_t" action="auto_pause">
      
    </nax:Halt>
    </nax:Moments>
    </nax:Nax>
    </TPX>
    </Extensions>
    </Trackpoint>
<Trackpoint>
      <Time>
      2025-09-09T00:32:42.864Z
    </Time><SensorState>
      Present
    </SensorState><Extensions>
      <TPX xmlns="http://www.garmin.com/xmlschemas/ActivityExtension/v2">
      <ns3:Speed>
      3.0480003656065406
    </ns3:Speed><nax:Nax>
      <nax:Pace>
      5.468065835795942
    </nax:Pace><nax:Moments>
      <nax:Halt xsi:type="nax:Halt_t" action="auto_pause">
      
    </nax:Halt>
    </nax:Moments>
    </nax:Nax>
    </TPX>
    </Extensions>
    </Trackpoint>
<Trackpoint>
      <Time>
      2025-09-09T00:32:42.865Z
    </Time><DistanceMeters>
      5.548875970998779
    </DistanceMeters><Cadence>
      157.465238571167
    </Cadence><SensorState>
      Present
    </SensorState><Extensions>
      <TPX xmlns="http://www.garmin.com/xmlschemas/ActivityExtension/v2">
      <nax:Nax>
      <nax:Moments>
      <nax:Halt xsi:type="nax:Halt_t" action="auto_pause">
      
    </nax:Halt>
    </nax:Moments>
    </nax:Nax>
    </TPX>
    </Extensions>
    </Trackpoint>
<Trackpoint>
      <Time>
      2025-09-09T00:32:42.977Z
    </Time><SensorState>
      Present
    </SensorState><Extensions>
      <TPX xmlns="http://www.garmin.com/xmlschemas/ActivityExtension/v2">
      <nax:Nax>
      <nax:DescentInMeters>
      0.02642822265625
    </nax:DescentInMeters><nax:Moments>
      <nax:Halt xsi:type="nax:Halt_t" action="auto_pause">
      
    </nax:Halt>
    </nax:Moments>
    </nax:Nax>
    </TPX>
    </Extensions>
    </Trackpoint>
<Trackpoint>
      <Time>
      2025-09-09T00:32:44.038Z
    </Time><SensorState>
      Present
    </SensorState><Extensions>
      <TPX xmlns="http://www.garmin.com/xmlschemas/ActivityExtension/v2">
      <nax:Nax>
      <nax:DescentInMeters>
      0.095123291015625
    </nax:DescentInMeters><nax:Moments>
      <nax:Halt xsi:type="nax:Halt_t" action="auto_pause">
      
    </nax:Halt>
    </nax:Moments>
    </nax:Nax>
    </TPX>
    </Extensions>
    </Trackpoint>
<Trackpoint>
      <Time>
      2025-09-09T00:32:44.999Z
    </Time><Position>
      <LatitudeDegrees>
      47.42782408228135
    </LatitudeDegrees><LongitudeDegrees>
      -122.29259573656604
    </LongitudeDegrees>
    </Position><AltitudeMeters>
      106.49625939223915
    </AltitudeMeters><SensorState>
      Present
    </SensorState><Extensions>
      <TPX xmlns="http://www.garmin.com/xmlschemas/ActivityExtension/v2">
      <nax:Nax>
      <nax:Moments>
      <nax:Halt xsi:type="nax:Halt_t" action="auto_pause">
      
    </nax:Halt>
    </nax:Moments>
    </nax:Nax>
    </TPX>
    </Extensions>
    </Trackpoint>
<Trackpoint>
      <Time>
      2025-09-09T00:32:45.098Z
    </Time><SensorState>
      Present
    </SensorState><Extensions>
      <TPX xmlns="http://www.garmin.com/xmlschemas/ActivityExtension/v2">
      <nax:Nax>
      <nax:DescentInMeters>
      0.08983612060546875
    </nax:DescentInMeters><nax:Moments>
      <nax:Halt xsi:type="nax:Halt_t" action="auto_pause">
      
    </nax:Halt>
    </nax:Moments>
    </nax:Nax>
    </TPX>
    </Extensions>
    </Trackpoint>
<Trackpoint>
      <Time>
      2025-09-09T00:32:45.422Z
    </Time><DistanceMeters>
      5.085014674812555
    </DistanceMeters><SensorState>
      Present
    </SensorState><Extensions>
      <TPX xmlns="http://www.garmin.com/xmlschemas/ActivityExtension/v2">
      <ns3:Speed>
      3.0432888477746003
    </ns3:Speed><nax:Nax>
      <nax:Pace>
      5.476531312121141
    </nax:Pace><nax:Moments>
      <nax:Halt xsi:type="nax:Halt_t" action="auto_pause">
      
    </nax:Halt>
    </nax:Moments>
    </nax:Nax>
    </TPX>
    </Extensions>
    </Trackpoint>
<Trackpoint>
      <Time>
      2025-09-09T00:32:45.423Z
    </Time><Cadence>
      157.465238571167
    </Cadence><SensorState>
      Present
    </SensorState><Extensions>
      <TPX xmlns="http://www.garmin.com/xmlschemas/ActivityExtension/v2">
      <nax:Nax>
      <nax:Moments>
      <nax:Halt xsi:type="nax:Halt_t" action="auto_pause">
      
    </nax:Halt>
    </nax:Moments>
    </nax:Nax>
    </TPX>
    </Extensions>
    </Trackpoint>
<Trackpoint>
      <Time>
      2025-09-09T00:32:46.158Z
    </Time><SensorState>
      Present
    </SensorState><Extensions>
      <TPX xmlns="http://www.garmin.com/xmlschemas/ActivityExtension/v2">
      <nax:Nax>
      <nax:DescentInMeters>
      0.07134246826171875
    </nax:DescentInMeters><nax:Moments>
      <nax:Halt xsi:type="nax:Halt_t" action="auto_pause">
      
    </nax:Halt>
    </nax:Moments>
    </nax:Nax>
    </TPX>
    </Extensions>
    </Trackpoint>
<Trackpoint>
      <Time>
      2025-09-09T00:32:47.218Z
    </Time><SensorState>
      Present
    </SensorState><Extensions>
      <TPX xmlns="http://www.garmin.com/xmlschemas/ActivityExtension/v2">
      <nax:Nax>
      <nax:DescentInMeters>
      0.0158538818359375
    </nax:DescentInMeters><nax:Moments>
      <nax:Halt xsi:type="nax:Halt_t" action="auto_pause">
      
    </nax:Halt>
    </nax:Moments>
    </nax:Nax>
    </TPX>
    </Extensions>
    </Trackpoint>
<Trackpoint>
      <Time>
      2025-09-09T00:32:47.978Z
    </Time><SensorState>
      Present
    </SensorState><Extensions>
      <TPX xmlns="http://www.garmin.com/xmlschemas/ActivityExtension/v2">
      <ns3:Speed>
      3.0362392975209747
    </ns3:Speed><nax:Nax>
      <nax:Pace>
      5.489246740293049
    </nax:Pace><nax:Moments>
      <nax:Halt xsi:type="nax:Halt_t" action="auto_pause">
      
    </nax:Halt>
    </nax:Moments>
    </nax:Nax>
    </TPX>
    </Extensions>
    </Trackpoint>
<Trackpoint>
      <Time>
      2025-09-09T00:32:47.979Z
    </Time><DistanceMeters>
      3.836824513040483
    </DistanceMeters><Cadence>
      157.465238571167
    </Cadence><SensorState>
      Present
    </SensorState><Extensions>
      <TPX xmlns="http://www.garmin.com/xmlschemas/ActivityExtension/v2">
      <nax:Nax>
      <nax:Moments>
      <nax:Halt xsi:type="nax:Halt_t" action="auto_pause">
      
    </nax:Halt>
    </nax:Moments>
    </nax:Nax>
    </TPX>
    </Extensions>
    </Trackpoint>
<Trackpoint>
      <Time>
      2025-09-09T00:32:48.000Z
    </Time><SensorState>
      Present
    </SensorState><Extensions>
      <TPX xmlns="http://www.garmin.com/xmlschemas/ActivityExtension/v2">
      <nax:Nax>
      <nax:NikeFuel>
      7.789477568748232
    </nax:NikeFuel><nax:Moments>
      <nax:Halt xsi:type="nax:Halt_t" action="auto_pause">
      
    </nax:Halt>
    </nax:Moments>
    </nax:Nax>
    </TPX>
    </Extensions>
    </Trackpoint>
<Trackpoint>
      <Time>
      2025-09-09T00:32:50.534Z
    </Time><DistanceMeters>
      4.454899084055796
    </DistanceMeters><SensorState>
      Present
    </SensorState><Extensions>
      <TPX xmlns="http://www.garmin.com/xmlschemas/ActivityExtension/v2">
      <ns3:Speed>
      3.0244830399448928
    </ns3:Speed><nax:Nax>
      <nax:Pace>
      5.5105836093464555
    </nax:Pace><nax:Moments>
      <nax:Halt xsi:type="nax:Halt_t" action="auto_pause">
      
    </nax:Halt>
    </nax:Moments>
    </nax:Nax>
    </TPX>
    </Extensions>
    </Trackpoint>
<Trackpoint>
      <Time>
      2025-09-09T00:32:50.535Z
    </Time><Cadence>
      157.465238571167
    </Cadence><SensorState>
      Present
    </SensorState><Extensions>
      <TPX xmlns="http://www.garmin.com/xmlschemas/ActivityExtension/v2">
      <nax:Nax>
      <nax:Moments>
      <nax:Halt xsi:type="nax:Halt_t" action="auto_pause">
      
    </nax:Halt>
    </nax:Moments>
    </nax:Nax>
    </TPX>
    </Extensions>
    </Trackpoint>
<Trackpoint>
      <Time>
      2025-09-09T00:32:50.999Z
    </Time><Position>
      <LatitudeDegrees>
      47.42773832117139
    </LatitudeDegrees><LongitudeDegrees>
      -122.29264625520283
    </LongitudeDegrees>
    </Position><AltitudeMeters>
      107.77629962749779
    </AltitudeMeters><SensorState>
      Present
    </SensorState><Extensions>
      <TPX xmlns="http://www.garmin.com/xmlschemas/ActivityExtension/v2">
      <nax:Nax>
      <nax:Moments>
      <nax:Halt xsi:type="nax:Halt_t" action="auto_pause">
      
    </nax:Halt>
    </nax:Moments>
    </nax:Nax>
    </TPX>
    </Extensions>
    </Trackpoint>
<Trackpoint>
      <Time>
      2025-09-09T00:32:51.459Z
    </Time><SensorState>
      Present
    </SensorState><Extensions>
      <TPX xmlns="http://www.garmin.com/xmlschemas/ActivityExtension/v2">
      <nax:Nax>
      <nax:AscentInMeters>
      0.13475799560546875
    </nax:AscentInMeters><nax:Moments>
      <nax:Halt xsi:type="nax:Halt_t" action="auto_pause">
      
    </nax:Halt>
    </nax:Moments>
    </nax:Nax>
    </TPX>
    </Extensions>
    </Trackpoint>
<Trackpoint>
      <Time>
      2025-09-09T00:32:53.089Z
    </Time><SensorState>
      Present
    </SensorState><Extensions>
      <TPX xmlns="http://www.garmin.com/xmlschemas/ActivityExtension/v2">
      <ns3:Speed>
      3.009044702390966
    </ns3:Speed><nax:Nax>
      <nax:Pace>
      5.5388564528215385
    </nax:Pace><nax:Moments>
      <nax:Halt xsi:type="nax:Halt_t" action="auto_pause">
      
    </nax:Halt>
    </nax:Moments>
    </nax:Nax>
    </TPX>
    </Extensions>
    </Trackpoint>
<Trackpoint>
      <Time>
      2025-09-09T00:32:53.090Z
    </Time><DistanceMeters>
      2.980127713410184
    </DistanceMeters><Cadence>
      157.465238571167
    </Cadence><SensorState>
      Present
    </SensorState><Extensions>
      <TPX xmlns="http://www.garmin.com/xmlschemas/ActivityExtension/v2">
      <nax:Nax>
      <nax:Moments>
      <nax:Halt xsi:type="nax:Halt_t" action="auto_pause">
      
    </nax:Halt>
    </nax:Moments>
    </nax:Nax>
    </TPX>
    </Extensions>
    </Trackpoint>
<Trackpoint>
      <Time>
      2025-09-09T00:32:55.645Z
    </Time><SensorState>
      Present
    </SensorState><Extensions>
      <TPX xmlns="http://www.garmin.com/xmlschemas/ActivityExtension/v2">
      <ns3:Speed>
      2.9893792474893335
    </ns3:Speed><nax:Nax>
      <nax:Pace>
      5.5752934930100855
    </nax:Pace><nax:Moments>
      <nax:Halt xsi:type="nax:Halt_t" action="auto_pause">
      
    </nax:Halt>
    </nax:Moments>
    </nax:Nax>
    </TPX>
    </Extensions>
    </Trackpoint>
<Trackpoint>
      <Time>
      2025-09-09T00:32:55.646Z
    </Time><DistanceMeters>
      7.734933943487704
    </DistanceMeters><Cadence>
      157.52739429473877
    </Cadence><SensorState>
      Present
    </SensorState><Extensions>
      <TPX xmlns="http://www.garmin.com/xmlschemas/ActivityExtension/v2">
      <nax:Nax>
      <nax:Moments>
      <nax:Halt xsi:type="nax:Halt_t" action="auto_pause">
      
    </nax:Halt>
    </nax:Moments>
    </nax:Nax>
    </TPX>
    </Extensions>
    </Trackpoint>
<Trackpoint>
      <Time>
      2025-09-09T00:32:55.699Z
    </Time><SensorState>
      Present
    </SensorState><Extensions>
      <TPX xmlns="http://www.garmin.com/xmlschemas/ActivityExtension/v2">
      <nax:Nax>
      <nax:DescentInMeters>
      0.1241912841796875
    </nax:DescentInMeters><nax:Moments>
      <nax:Halt xsi:type="nax:Halt_t" action="auto_pause">
      
    </nax:Halt>
    </nax:Moments>
    </nax:Nax>
    </TPX>
    </Extensions>
    </Trackpoint>
<Trackpoint>
      <Time>
      2025-09-09T00:32:56.760Z
    </Time><SensorState>
      Present
    </SensorState><Extensions>
      <TPX xmlns="http://www.garmin.com/xmlschemas/ActivityExtension/v2">
      <nax:Nax>
      <nax:DescentInMeters>
      0.1268310546875
    </nax:DescentInMeters><nax:Moments>
      <nax:Halt xsi:type="nax:Halt_t" action="auto_pause">
      
    </nax:Halt>
    </nax:Moments>
    </nax:Nax>
    </TPX>
    </Extensions>
    </Trackpoint>
<Trackpoint>
      <Time>
      2025-09-09T00:32:56.999Z
    </Time><Position>
      <LatitudeDegrees>
      47.42765366162665
    </LatitudeDegrees><LongitudeDegrees>
      -122.29273279202779
    </LongitudeDegrees>
    </Position><AltitudeMeters>
      107.11651210766286
    </AltitudeMeters><SensorState>
      Present
    </SensorState><Extensions>
      <TPX xmlns="http://www.garmin.com/xmlschemas/ActivityExtension/v2">
      <nax:Nax>
      <nax:Moments>
      <nax:Halt xsi:type="nax:Halt_t" action="auto_pause">
      
    </nax:Halt>
    </nax:Moments>
    </nax:Nax>
    </TPX>
    </Extensions>
    </Trackpoint>
<Trackpoint>
      <Time>
      2025-09-09T00:32:57.820Z
    </Time><SensorState>
      Present
    </SensorState><Extensions>
      <TPX xmlns="http://www.garmin.com/xmlschemas/ActivityExtension/v2">
      <nax:Nax>
      <nax:DescentInMeters>
      0.068695068359375
    </nax:DescentInMeters><nax:Moments>
      <nax:Halt xsi:type="nax:Halt_t" action="auto_pause">
      
    </nax:Halt>
    </nax:Moments>
    </nax:Nax>
    </TPX>
    </Extensions>
    </Trackpoint>
<Trackpoint>
      <Time>
      2025-09-09T00:32:58.000Z
    </Time><SensorState>
      Present
    </SensorState><Extensions>
      <TPX xmlns="http://www.garmin.com/xmlschemas/ActivityExtension/v2">
      <nax:Nax>
      <nax:NikeFuel>
      7.6603114937749215
    </nax:NikeFuel><nax:Moments>
      <nax:Halt xsi:type="nax:Halt_t" action="auto_pause">
      
    </nax:Halt>
    </nax:Moments>
    </nax:Nax>
    </TPX>
    </Extensions>
    </Trackpoint>
<Trackpoint>
      <Time>
      2025-09-09T00:32:58.201Z
    </Time><SensorState>
      Present
    </SensorState><Extensions>
      <TPX xmlns="http://www.garmin.com/xmlschemas/ActivityExtension/v2">
      <ns3:Speed>
      2.9734444903076747
    </ns3:Speed><nax:Nax>
      <nax:Pace>
      5.605171618637514
    </nax:Pace><nax:Moments>
      <nax:Halt xsi:type="nax:Halt_t" action="auto_pause">
      
    </nax:Halt>
    </nax:Moments>
    </nax:Nax>
    </TPX>
    </Extensions>
    </Trackpoint>
<Trackpoint>
      <Time>
      2025-09-09T00:32:58.202Z
    </Time><DistanceMeters>
      7.57952755712904
    </DistanceMeters><Cadence>
      157.90071487426758
    </Cadence><SensorState>
      Present
    </SensorState><Extensions>
      <TPX xmlns="http://www.garmin.com/xmlschemas/ActivityExtension/v2">
      <nax:Nax>
      <nax:Moments>
      <nax:Halt xsi:type="nax:Halt_t" action="auto_pause">
      
    </nax:Halt>
    </nax:Moments>
    </nax:Nax>
    </TPX>
    </Extensions>
    </Trackpoint>
<Trackpoint>
      <Time>
      2025-09-09T00:32:58.881Z
    </Time><SensorState>
      Present
    </SensorState><Extensions>
      <TPX xmlns="http://www.garmin.com/xmlschemas/ActivityExtension/v2">
      <nax:Nax>
      <nax:DescentInMeters>
      0.0422821044921875
    </nax:DescentInMeters><nax:Moments>
      <nax:Halt xsi:type="nax:Halt_t" action="auto_pause">
      
    </nax:Halt>
    </nax:Moments>
    </nax:Nax>
    </TPX>
    </Extensions>
    </Trackpoint>
<Trackpoint>
      <Time>
      2025-09-09T00:33:00.757Z
    </Time><SensorState>
      Present
    </SensorState><Extensions>
      <TPX xmlns="http://www.garmin.com/xmlschemas/ActivityExtension/v2">
      <ns3:Speed>
      2.9601826096923998
    </ns3:Speed><nax:Nax>
      <nax:Pace>
      5.630283284583765
    </nax:Pace><nax:Moments>
      <nax:Halt xsi:type="nax:Halt_t" action="auto_pause">
      
    </nax:Halt>
    </nax:Moments>
    </nax:Nax>
    </TPX>
    </Extensions>
    </Trackpoint>
<Trackpoint>
      <Time>
      2025-09-09T00:33:00.758Z
    </Time><DistanceMeters>
      7.4041843712329865
    </DistanceMeters><Cadence>
      158.27133178710938
    </Cadence><SensorState>
      Present
    </SensorState><Extensions>
      <TPX xmlns="http://www.garmin.com/xmlschemas/ActivityExtension/v2">
      <nax:Nax>
      <nax:Moments>
      <nax:Halt xsi:type="nax:Halt_t" action="auto_pause">
      
    </nax:Halt>
    </nax:Moments>
    </nax:Nax>
    </TPX>
    </Extensions>
    </Trackpoint>
<Trackpoint>
      <Time>
      2025-09-09T00:33:00.999Z
    </Time><Position>
      <LatitudeDegrees>
      47.42755292435353
    </LatitudeDegrees><LongitudeDegrees>
      -122.2927741547074
    </LongitudeDegrees>
    </Position><AltitudeMeters>
      106.62151344493032
    </AltitudeMeters><SensorState>
      Present
    </SensorState><Extensions>
      <TPX xmlns="http://www.garmin.com/xmlschemas/ActivityExtension/v2">
      <nax:Nax>
      <nax:Moments>
      <nax:Halt xsi:type="nax:Halt_t" action="auto_pause">
      
    </nax:Halt>
    </nax:Moments>
    </nax:Nax>
    </TPX>
    </Extensions>
    </Trackpoint>
<Trackpoint>
      <Time>
      2025-09-09T00:33:03.312Z
    </Time><SensorState>
      Present
    </SensorState><Extensions>
      <TPX xmlns="http://www.garmin.com/xmlschemas/ActivityExtension/v2">
      <ns3:Speed>
      2.9484666069306
    </ns3:Speed><nax:Nax>
      <nax:Pace>
      5.652655732132211
    </nax:Pace><nax:Moments>
      <nax:Halt xsi:type="nax:Halt_t" action="auto_pause">
      
    </nax:Halt>
    </nax:Moments>
    </nax:Nax>
    </TPX>
    </Extensions>
    </Trackpoint>
<Trackpoint>
      <Time>
      2025-09-09T00:33:03.313Z
    </Time><DistanceMeters>
      6.43267767643556
    </DistanceMeters><Cadence>
      158.51975440979004
    </Cadence><SensorState>
      Present
    </SensorState><Extensions>
      <TPX xmlns="http://www.garmin.com/xmlschemas/ActivityExtension/v2">
      <nax:Nax>
      <nax:Moments>
      <nax:Halt xsi:type="nax:Halt_t" action="auto_pause">
      
    </nax:Halt>
    </nax:Moments>
    </nax:Nax>
    </TPX>
    </Extensions>
    </Trackpoint>
<Trackpoint>
      <Time>
      2025-09-09T00:33:04.999Z
    </Time><Position>
      <LatitudeDegrees>
      47.42746115456349
    </LatitudeDegrees><LongitudeDegrees>
      -122.29280976440442
    </LongitudeDegrees>
    </Position><AltitudeMeters>
      106.56614455021918
    </AltitudeMeters><SensorState>
      Present
    </SensorState><Extensions>
      <TPX xmlns="http://www.garmin.com/xmlschemas/ActivityExtension/v2">
      <nax:Nax>
      <nax:Moments>
      <nax:Halt xsi:type="nax:Halt_t" action="auto_pause">
      
    </nax:Halt>
    </nax:Moments>
    </nax:Nax>
    </TPX>
    </Extensions>
    </Trackpoint>
<Trackpoint>
      <Time>
      2025-09-09T00:33:05.868Z
    </Time><SensorState>
      Present
    </SensorState><Extensions>
      <TPX xmlns="http://www.garmin.com/xmlschemas/ActivityExtension/v2">
      <ns3:Speed>
      2.9360920617087367
    </ns3:Speed><nax:Nax>
      <nax:Pace>
      5.676479591367805
    </nax:Pace><nax:Moments>
      <nax:Halt xsi:type="nax:Halt_t" action="auto_pause">
      
    </nax:Halt>
    </nax:Moments>
    </nax:Nax>
    </TPX>
    </Extensions>
    </Trackpoint>
<Trackpoint>
      <Time>
      2025-09-09T00:33:05.869Z
    </Time><DistanceMeters>
      8.261039791163057
    </DistanceMeters><Cadence>
      158.83113384246826
    </Cadence><SensorState>
      Present
    </SensorState><Extensions>
      <TPX xmlns="http://www.garmin.com/xmlschemas/ActivityExtension/v2">
      <nax:Nax>
      <nax:Moments>
      <nax:Halt xsi:type="nax:Halt_t" action="auto_pause">
      
    </nax:Halt>
    </nax:Moments>
    </nax:Nax>
    </TPX>
    </Extensions>
    </Trackpoint>
<Trackpoint>
      <Time>
      2025-09-09T00:33:06.302Z
    </Time><SensorState>
      Present
    </SensorState><Extensions>
      <TPX xmlns="http://www.garmin.com/xmlschemas/ActivityExtension/v2">
      <nax:Nax>
      <nax:DescentInMeters>
      0.0845489501953125
    </nax:DescentInMeters><nax:Moments>
      <nax:Halt xsi:type="nax:Halt_t" action="auto_pause">
      
    </nax:Halt>
    </nax:Moments>
    </nax:Nax>
    </TPX>
    </Extensions>
    </Trackpoint>
<Trackpoint>
      <Time>
      2025-09-09T00:33:07.362Z
    </Time><SensorState>
      Present
    </SensorState><Extensions>
      <TPX xmlns="http://www.garmin.com/xmlschemas/ActivityExtension/v2">
      <nax:Nax>
      <nax:DescentInMeters>
      0.08984375
    </nax:DescentInMeters><nax:Moments>
      <nax:Halt xsi:type="nax:Halt_t" action="auto_pause">
      
    </nax:Halt>
    </nax:Moments>
    </nax:Nax>
    </TPX>
    </Extensions>
    </Trackpoint>
<Trackpoint>
      <Time>
      2025-09-09T00:33:08.000Z
    </Time><SensorState>
      Present
    </SensorState><Extensions>
      <TPX xmlns="http://www.garmin.com/xmlschemas/ActivityExtension/v2">
      <nax:Nax>
      <nax:NikeFuel>
      7.551551141020373
    </nax:NikeFuel><nax:Moments>
      <nax:Halt xsi:type="nax:Halt_t" action="auto_pause">
      
    </nax:Halt>
    </nax:Moments>
    </nax:Nax>
    </TPX>
    </Extensions>
    </Trackpoint>
<Trackpoint>
      <Time>
      2025-09-09T00:33:08.422Z
    </Time><SensorState>
      Present
    </SensorState><Extensions>
      <TPX xmlns="http://www.garmin.com/xmlschemas/ActivityExtension/v2">
      <nax:Nax>
      <nax:DescentInMeters>
      0.1109771728515625
    </nax:DescentInMeters><nax:Moments>
      <nax:Halt xsi:type="nax:Halt_t" action="auto_pause">
      
    </nax:Halt>
    </nax:Moments>
    </nax:Nax>
    </TPX>
    </Extensions>
    </Trackpoint>
<Trackpoint>
      <Time>
      2025-09-09T00:33:08.424Z
    </Time><SensorState>
      Present
    </SensorState><Extensions>
      <TPX xmlns="http://www.garmin.com/xmlschemas/ActivityExtension/v2">
      <ns3:Speed>
      2.9240582042539796
    </ns3:Speed><nax:Nax>
      <nax:Pace>
      5.699840941065968
    </nax:Pace><nax:Moments>
      <nax:Halt xsi:type="nax:Halt_t" action="auto_pause">
      
    </nax:Halt>
    </nax:Moments>
    </nax:Nax>
    </TPX>
    </Extensions>
    </Trackpoint>
<Trackpoint>
      <Time>
      2025-09-09T00:33:08.425Z
    </Time><DistanceMeters>
      6.6951221723575145
    </DistanceMeters><Cadence>
      159.57027912139893
    </Cadence><SensorState>
      Present
    </SensorState><Extensions>
      <TPX xmlns="http://www.garmin.com/xmlschemas/ActivityExtension/v2">
      <nax:Nax>
      <nax:Moments>
      <nax:Halt xsi:type="nax:Halt_t" action="auto_pause">
      
    </nax:Halt>
    </nax:Moments>
    </nax:Nax>
    </TPX>
    </Extensions>
    </Trackpoint>
<Trackpoint>
      <Time>
      2025-09-09T00:33:08.999Z
    </Time><Position>
      <LatitudeDegrees>
      47.42737258942445
    </LatitudeDegrees><LongitudeDegrees>
      -122.2929049266943
    </LongitudeDegrees>
    </Position><AltitudeMeters>
      106.8476505484432
    </AltitudeMeters><SensorState>
      Present
    </SensorState><Extensions>
      <TPX xmlns="http://www.garmin.com/xmlschemas/ActivityExtension/v2">
      <nax:Nax>
      <nax:Moments>
      <nax:Halt xsi:type="nax:Halt_t" action="auto_pause">
      
    </nax:Halt>
    </nax:Moments>
    </nax:Nax>
    </TPX>
    </Extensions>
    </Trackpoint>
<Trackpoint>
      <Time>
      2025-09-09T00:33:10.980Z
    </Time><SensorState>
      Present
    </SensorState><Extensions>
      <TPX xmlns="http://www.garmin.com/xmlschemas/ActivityExtension/v2">
      <ns3:Speed>
      2.914024527016953
    </ns3:Speed><nax:Nax>
      <nax:Pace>
      5.7194668446144155
    </nax:Pace><nax:Moments>
      <nax:Halt xsi:type="nax:Halt_t" action="auto_pause">
      
    </nax:Halt>
    </nax:Moments>
    </nax:Nax>
    </TPX>
    </Extensions>
    </Trackpoint>
<Trackpoint>
      <Time>
      2025-09-09T00:33:10.981Z
    </Time><DistanceMeters>
      6.779189640656114
    </DistanceMeters><Cadence>
      160.00754356384277
    </Cadence><SensorState>
      Present
    </SensorState><Extensions>
      <TPX xmlns="http://www.garmin.com/xmlschemas/ActivityExtension/v2">
      <nax:Nax>
      <nax:Moments>
      <nax:Halt xsi:type="nax:Halt_t" action="auto_pause">
      
    </nax:Halt>
    </nax:Moments>
    </nax:Nax>
    </TPX>
    </Extensions>
    </Trackpoint>
<Trackpoint>
      <Time>
      2025-09-09T00:33:12.663Z
    </Time><SensorState>
      Present
    </SensorState><Extensions>
      <TPX xmlns="http://www.garmin.com/xmlschemas/ActivityExtension/v2">
      <nax:Nax>
      <nax:AscentInMeters>
      0.27744293212890625
    </nax:AscentInMeters><nax:Moments>
      <nax:Halt xsi:type="nax:Halt_t" action="auto_pause">
      
    </nax:Halt>
    </nax:Moments>
    </nax:Nax>
    </TPX>
    </Extensions>
    </Trackpoint>
<Trackpoint>
      <Time>
      2025-09-09T00:33:12.999Z
    </Time><Position>
      <LatitudeDegrees>
      47.42735402491431
    </LatitudeDegrees><LongitudeDegrees>
      -122.29304441921444
    </LongitudeDegrees>
    </Position><AltitudeMeters>
      108.54447992797941
    </AltitudeMeters><SensorState>
      Present
    </SensorState><Extensions>
      <TPX xmlns="http://www.garmin.com/xmlschemas/ActivityExtension/v2">
      <nax:Nax>
      <nax:Moments>
      <nax:Halt xsi:type="nax:Halt_t" action="auto_pause">
      
    </nax:Halt>
    </nax:Moments>
    </nax:Nax>
    </TPX>
    </Extensions>
    </Trackpoint>
<Trackpoint>
      <Time>
      2025-09-09T00:33:13.536Z
    </Time><SensorState>
      Present
    </SensorState><Extensions>
      <TPX xmlns="http://www.garmin.com/xmlschemas/ActivityExtension/v2">
      <ns3:Speed>
      2.905434671648956
    </ns3:Speed><nax:Nax>
      <nax:Pace>
      5.736376325821029
    </nax:Pace><nax:Moments>
      <nax:Halt xsi:type="nax:Halt_t" action="auto_pause">
      
    </nax:Halt>
    </nax:Moments>
    </nax:Nax>
    </TPX>
    </Extensions>
    </Trackpoint>
<Trackpoint>
      <Time>
      2025-09-09T00:33:13.537Z
    </Time><DistanceMeters>
      6.228107484756038
    </DistanceMeters><Cadence>
      160.0709581375122
    </Cadence><SensorState>
      Present
    </SensorState><Extensions>
      <TPX xmlns="http://www.garmin.com/xmlschemas/ActivityExtension/v2">
      <nax:Nax>
      <nax:Moments>
      <nax:Halt xsi:type="nax:Halt_t" action="auto_pause">
      
    </nax:Halt>
    </nax:Moments>
    </nax:Nax>
    </TPX>
    </Extensions>
    </Trackpoint>
<Trackpoint>
      <Time>
      2025-09-09T00:33:13.723Z
    </Time><SensorState>
      Present
    </SensorState><Extensions>
      <TPX xmlns="http://www.garmin.com/xmlschemas/ActivityExtension/v2">
      <nax:Nax>
      <nax:AscentInMeters>
      0.3461456298828125
    </nax:AscentInMeters><nax:Moments>
      <nax:Halt xsi:type="nax:Halt_t" action="auto_pause">
      
    </nax:Halt>
    </nax:Moments>
    </nax:Nax>
    </TPX>
    </Extensions>
    </Trackpoint>
<Trackpoint>
      <Time>
      2025-09-09T00:33:14.784Z
    </Time><SensorState>
      Present
    </SensorState><Extensions>
      <TPX xmlns="http://www.garmin.com/xmlschemas/ActivityExtension/v2">
      <nax:Nax>
      <nax:AscentInMeters>
      0.41748809814453125
    </nax:AscentInMeters><nax:Moments>
      <nax:Halt xsi:type="nax:Halt_t" action="auto_pause">
      
    </nax:Halt>
    </nax:Moments>
    </nax:Nax>
    </TPX>
    </Extensions>
    </Trackpoint>
<Trackpoint>
      <Time>
      2025-09-09T00:33:15.843Z
    </Time><SensorState>
      Present
    </SensorState><Extensions>
      <TPX xmlns="http://www.garmin.com/xmlschemas/ActivityExtension/v2">
      <nax:Nax>
      <nax:AscentInMeters>
      0.5046844482421875
    </nax:AscentInMeters><nax:Moments>
      <nax:Halt xsi:type="nax:Halt_t" action="auto_pause">
      
    </nax:Halt>
    </nax:Moments>
    </nax:Nax>
    </TPX>
    </Extensions>
    </Trackpoint>
<Trackpoint>
      <Time>
      2025-09-09T00:33:16.091Z
    </Time><SensorState>
      Present
    </SensorState><Extensions>
      <TPX xmlns="http://www.garmin.com/xmlschemas/ActivityExtension/v2">
      <ns3:Speed>
      2.8958597298715167
    </ns3:Speed><nax:Nax>
      <nax:Pace>
      5.755343221477834
    </nax:Pace><nax:Moments>
      <nax:Halt xsi:type="nax:Halt_t" action="auto_pause">
      
    </nax:Halt>
    </nax:Moments>
    </nax:Nax>
    </TPX>
    </Extensions>
    </Trackpoint>
<Trackpoint>
      <Time>
      2025-09-09T00:33:16.092Z
    </Time><DistanceMeters>
      6.086611184757203
    </DistanceMeters><Cadence>
      160.44668197631836
    </Cadence><SensorState>
      Present
    </SensorState><Extensions>
      <TPX xmlns="http://www.garmin.com/xmlschemas/ActivityExtension/v2">
      <nax:Nax>
      <nax:Moments>
      <nax:Halt xsi:type="nax:Halt_t" action="auto_pause">
      
    </nax:Halt>
    </nax:Moments>
    </nax:Nax>
    </TPX>
    </Extensions>
    </Trackpoint>
<Trackpoint>
      <Time>
      2025-09-09T00:33:16.904Z
    </Time><SensorState>
      Present
    </SensorState><Extensions>
      <TPX xmlns="http://www.garmin.com/xmlschemas/ActivityExtension/v2">
      <nax:Nax>
      <nax:AscentInMeters>
      0.3699188232421875
    </nax:AscentInMeters><nax:Moments>
      <nax:Halt xsi:type="nax:Halt_t" action="auto_pause">
      
    </nax:Halt>
    </nax:Moments>
    </nax:Nax>
    </TPX>
    </Extensions>
    </Trackpoint>
<Trackpoint>
      <Time>
      2025-09-09T00:33:16.999Z
    </Time><Position>
      <LatitudeDegrees>
      47.42729477588516
    </LatitudeDegrees><LongitudeDegrees>
      -122.29315202857539
    </LongitudeDegrees>
    </Position><AltitudeMeters>
      108.61982373800129
    </AltitudeMeters><SensorState>
      Present
    </SensorState><Extensions>
      <TPX xmlns="http://www.garmin.com/xmlschemas/ActivityExtension/v2">
      <nax:Nax>
      <nax:Moments>
      <nax:Halt xsi:type="nax:Halt_t" action="auto_pause">
      
    </nax:Halt>
    </nax:Moments>
    </nax:Nax>
    </TPX>
    </Extensions>
    </Trackpoint>
<Trackpoint>
      <Time>
      2025-09-09T00:33:17.964Z
    </Time><SensorState>
      Present
    </SensorState><Extensions>
      <TPX xmlns="http://www.garmin.com/xmlschemas/ActivityExtension/v2">
      <nax:Nax>
      <nax:AscentInMeters>
      0.15061187744140625
    </nax:AscentInMeters><nax:Moments>
      <nax:Halt xsi:type="nax:Halt_t" action="auto_pause">
      
    </nax:Halt>
    </nax:Moments>
    </nax:Nax>
    </TPX>
    </Extensions>
    </Trackpoint>
<Trackpoint>
      <Time>
      2025-09-09T00:33:18.000Z
    </Time><SensorState>
      Present
    </SensorState><Extensions>
      <TPX xmlns="http://www.garmin.com/xmlschemas/ActivityExtension/v2">
      <nax:Nax>
      <nax:NikeFuel>
      7.448854087983251
    </nax:NikeFuel><nax:Moments>
      <nax:Halt xsi:type="nax:Halt_t" action="auto_pause">
      
    </nax:Halt>
    </nax:Moments>
    </nax:Nax>
    </TPX>
    </Extensions>
    </Trackpoint>
<Trackpoint>
      <Time>
      2025-09-09T00:33:18.648Z
    </Time><SensorState>
      Present
    </SensorState><Extensions>
      <TPX xmlns="http://www.garmin.com/xmlschemas/ActivityExtension/v2">
      <ns3:Speed>
      2.8833607814741913
    </ns3:Speed><nax:Nax>
      <nax:Pace>
      5.780291794821947
    </nax:Pace><nax:Moments>
      <nax:Halt xsi:type="nax:Halt_t" action="auto_pause">
      
    </nax:Halt>
    </nax:Moments>
    </nax:Nax>
    </TPX>
    </Extensions>
    </Trackpoint>
<Trackpoint>
      <Time>
      2025-09-09T00:33:18.649Z
    </Time><DistanceMeters>
      7.770547464489937
    </DistanceMeters><Cadence>
      160.68082809448242
    </Cadence><SensorState>
      Present
    </SensorState><Extensions>
      <TPX xmlns="http://www.garmin.com/xmlschemas/ActivityExtension/v2">
      <nax:Nax>
      <nax:Moments>
      <nax:Halt xsi:type="nax:Halt_t" action="auto_pause">
      
    </nax:Halt>
    </nax:Moments>
    </nax:Nax>
    </TPX>
    </Extensions>
    </Trackpoint>
<Trackpoint>
      <Time>
      2025-09-09T00:33:19.025Z
    </Time><SensorState>
      Present
    </SensorState><Extensions>
      <TPX xmlns="http://www.garmin.com/xmlschemas/ActivityExtension/v2">
      <nax:Nax>
      <nax:AscentInMeters>
      0.050201416015625
    </nax:AscentInMeters><nax:Moments>
      <nax:Halt xsi:type="nax:Halt_t" action="auto_pause">
      
    </nax:Halt>
    </nax:Moments>
    </nax:Nax>
    </TPX>
    </Extensions>
    </Trackpoint>
<Trackpoint>
      <Time>
      2025-09-09T00:33:20.999Z
    </Time><Position>
      <LatitudeDegrees>
      47.427184697192146
    </LatitudeDegrees><LongitudeDegrees>
      -122.2931652116306
    </LongitudeDegrees>
    </Position><AltitudeMeters>
      107.65908937621862
    </AltitudeMeters><SensorState>
      Present
    </SensorState><Extensions>
      <TPX xmlns="http://www.garmin.com/xmlschemas/ActivityExtension/v2">
      <nax:Nax>
      <nax:Moments>
      <nax:Halt xsi:type="nax:Halt_t" action="auto_pause">
      
    </nax:Halt>
    </nax:Moments>
    </nax:Nax>
    </TPX>
    </Extensions>
    </Trackpoint>
<Trackpoint>
      <Time>
      2025-09-09T00:33:21.203Z
    </Time><SensorState>
      Present
    </SensorState><Extensions>
      <TPX xmlns="http://www.garmin.com/xmlschemas/ActivityExtension/v2">
      <ns3:Speed>
      2.87240524374664
    </ns3:Speed><nax:Nax>
      <nax:Pace>
      5.802338198257637
    </nax:Pace><nax:Moments>
      <nax:Halt xsi:type="nax:Halt_t" action="auto_pause">
      
    </nax:Halt>
    </nax:Moments>
    </nax:Nax>
    </TPX>
    </Extensions>
    </Trackpoint>
<Trackpoint>
      <Time>
      2025-09-09T00:33:21.204Z
    </Time><DistanceMeters>
      6.225611268309876
    </DistanceMeters><Cadence>
      160.75538635253906
    </Cadence><SensorState>
      Present
    </SensorState><Extensions>
      <TPX xmlns="http://www.garmin.com/xmlschemas/ActivityExtension/v2">
      <nax:Nax>
      <nax:Moments>
      <nax:Halt xsi:type="nax:Halt_t" action="auto_pause">
      
    </nax:Halt>
    </nax:Moments>
    </nax:Nax>
    </TPX>
    </Extensions>
    </Trackpoint>
<Trackpoint>
      <Time>
      2025-09-09T00:33:23.264Z
    </Time><SensorState>
      Present
    </SensorState><Extensions>
      <TPX xmlns="http://www.garmin.com/xmlschemas/ActivityExtension/v2">
      <nax:Nax>
      <nax:DescentInMeters>
      0.0819091796875
    </nax:DescentInMeters><nax:Moments>
      <nax:Halt xsi:type="nax:Halt_t" action="auto_pause">
      
    </nax:Halt>
    </nax:Moments>
    </nax:Nax>
    </TPX>
    </Extensions>
    </Trackpoint>
<Trackpoint>
      <Time>
      2025-09-09T00:33:23.762Z
    </Time><SensorState>
      Present
    </SensorState><Extensions>
      <TPX xmlns="http://www.garmin.com/xmlschemas/ActivityExtension/v2">
      <ns3:Speed>
      2.861849244003002
    </ns3:Speed><nax:Nax>
      <nax:Pace>
      5.823740262206902
    </nax:Pace><nax:Moments>
      <nax:Halt xsi:type="nax:Halt_t" action="auto_pause">
      
    </nax:Halt>
    </nax:Moments>
    </nax:Nax>
    </TPX>
    </Extensions>
    </Trackpoint>
<Trackpoint>
      <Time>
      2025-09-09T00:33:23.763Z
    </Time><DistanceMeters>
      8.07075975020416
    </DistanceMeters><Cadence>
      160.48583507537842
    </Cadence><SensorState>
      Present
    </SensorState><Extensions>
      <TPX xmlns="http://www.garmin.com/xmlschemas/ActivityExtension/v2">
      <nax:Nax>
      <nax:Moments>
      <nax:Halt xsi:type="nax:Halt_t" action="auto_pause">
      
    </nax:Halt>
    </nax:Moments>
    </nax:Nax>
    </TPX>
    </Extensions>
    </Trackpoint>
<Trackpoint>
      <Time>
      2025-09-09T00:33:24.324Z
    </Time><SensorState>
      Present
    </SensorState><Extensions>
      <TPX xmlns="http://www.garmin.com/xmlschemas/ActivityExtension/v2">
      <nax:Nax>
      <nax:DescentInMeters>
      0.07134246826171875
    </nax:DescentInMeters><nax:Moments>
      <nax:Halt xsi:type="nax:Halt_t" action="auto_pause">
      
    </nax:Halt>
    </nax:Moments>
    </nax:Nax>
    </TPX>
    </Extensions>
    </Trackpoint>
<Trackpoint>
      <Time>
      2025-09-09T00:33:24.999Z
    </Time><Position>
      <LatitudeDegrees>
      47.42709747158854
    </LatitudeDegrees><LongitudeDegrees>
      -122.29324878634183
    </LongitudeDegrees>
    </Position><AltitudeMeters>
      108.01338062435389
    </AltitudeMeters><SensorState>
      Present
    </SensorState><Extensions>
      <TPX xmlns="http://www.garmin.com/xmlschemas/ActivityExtension/v2">
      <nax:Nax>
      <nax:Moments>
      <nax:Halt xsi:type="nax:Halt_t" action="auto_pause">
      
    </nax:Halt>
    </nax:Moments>
    </nax:Nax>
    </TPX>
    </Extensions>
    </Trackpoint>
<Trackpoint>
      <Time>
      2025-09-09T00:33:25.386Z
    </Time><SensorState>
      Present
    </SensorState><Extensions>
      <TPX xmlns="http://www.garmin.com/xmlschemas/ActivityExtension/v2">
      <nax:Nax>
      <nax:DescentInMeters>
      0.076629638671875
    </nax:DescentInMeters><nax:Moments>
      <nax:Halt xsi:type="nax:Halt_t" action="auto_pause">
      
    </nax:Halt>
    </nax:Moments>
    </nax:Nax>
    </TPX>
    </Extensions>
    </Trackpoint>
<Trackpoint>
      <Time>
      2025-09-09T00:33:26.317Z
    </Time><DistanceMeters>
      6.414923374308273
    </DistanceMeters><SensorState>
      Present
    </SensorState><Extensions>
      <TPX xmlns="http://www.garmin.com/xmlschemas/ActivityExtension/v2">
      <ns3:Speed>
      2.852921661287061
    </ns3:Speed><nax:Nax>
      <nax:Pace>
      5.841964359844253
    </nax:Pace><nax:Moments>
      <nax:Halt xsi:type="nax:Halt_t" action="auto_pause">
      
    </nax:Halt>
    </nax:Moments>
    </nax:Nax>
    </TPX>
    </Extensions>
    </Trackpoint>
<Trackpoint>
      <Time>
      2025-09-09T00:33:26.318Z
    </Time><Cadence>
      160.8624029159546
    </Cadence><SensorState>
      Present
    </SensorState><Extensions>
      <TPX xmlns="http://www.garmin.com/xmlschemas/ActivityExtension/v2">
      <nax:Nax>
      <nax:Moments>
      <nax:Halt xsi:type="nax:Halt_t" action="auto_pause">
      
    </nax:Halt>
    </nax:Moments>
    </nax:Nax>
    </TPX>
    </Extensions>
    </Trackpoint>
<Trackpoint>
      <Time>
      2025-09-09T00:33:26.446Z
    </Time><SensorState>
      Present
    </SensorState><Extensions>
      <TPX xmlns="http://www.garmin.com/xmlschemas/ActivityExtension/v2">
      <nax:Nax>
      <nax:DescentInMeters>
      0.08719635009765625
    </nax:DescentInMeters><nax:Moments>
      <nax:Halt xsi:type="nax:Halt_t" action="auto_pause">
      
    </nax:Halt>
    </nax:Moments>
    </nax:Nax>
    </TPX>
    </Extensions>
    </Trackpoint>
<Trackpoint>
      <Time>
      2025-09-09T00:33:27.506Z
    </Time><SensorState>
      Present
    </SensorState><Extensions>
      <TPX xmlns="http://www.garmin.com/xmlschemas/ActivityExtension/v2">
      <nax:Nax>
      <nax:DescentInMeters>
      0.13475799560546875
    </nax:DescentInMeters><nax:Moments>
      <nax:Halt xsi:type="nax:Halt_t" action="auto_pause">
      
    </nax:Halt>
    </nax:Moments>
    </nax:Nax>
    </TPX>
    </Extensions>
    </Trackpoint>
<Trackpoint>
      <Time>
      2025-09-09T00:33:28.000Z
    </Time><SensorState>
      Present
    </SensorState><Extensions>
      <TPX xmlns="http://www.garmin.com/xmlschemas/ActivityExtension/v2">
      <nax:Nax>
      <nax:NikeFuel>
      7.361037384198746
    </nax:NikeFuel><nax:Moments>
      <nax:Halt xsi:type="nax:Halt_t" action="auto_pause">
      
    </nax:Halt>
    </nax:Moments>
    </nax:Nax>
    </TPX>
    </Extensions>
    </Trackpoint>
<Trackpoint>
      <Time>
      2025-09-09T00:33:28.566Z
    </Time><SensorState>
      Present
    </SensorState><Extensions>
      <TPX xmlns="http://www.garmin.com/xmlschemas/ActivityExtension/v2">
      <nax:Nax>
      <nax:DescentInMeters>
      0.1796722412109375
    </nax:DescentInMeters><nax:Moments>
      <nax:Halt xsi:type="nax:Halt_t" action="auto_pause">
      
    </nax:Halt>
    </nax:Moments>
    </nax:Nax>
    </TPX>
    </Extensions>
    </Trackpoint>
<Trackpoint>
      <Time>
      2025-09-09T00:33:28.873Z
    </Time><SensorState>
      Present
    </SensorState><Extensions>
      <TPX xmlns="http://www.garmin.com/xmlschemas/ActivityExtension/v2">
      <ns3:Speed>
      2.842888683384037
    </ns3:Speed><nax:Nax>
      <nax:Pace>
      5.86258152282891
    </nax:Pace><nax:Moments>
      <nax:Halt xsi:type="nax:Halt_t" action="auto_pause">
      
    </nax:Halt>
    </nax:Moments>
    </nax:Nax>
    </TPX>
    </Extensions>
    </Trackpoint>
<Trackpoint>
      <Time>
      2025-09-09T00:33:28.874Z
    </Time><DistanceMeters>
      7.9067598269321016
    </DistanceMeters><Cadence>
      161.43038749694824
    </Cadence><SensorState>
      Present
    </SensorState><Extensions>
      <TPX xmlns="http://www.garmin.com/xmlschemas/ActivityExtension/v2">
      <nax:Nax>
      <nax:Moments>
      <nax:Halt xsi:type="nax:Halt_t" action="auto_pause">
      
    </nax:Halt>
    </nax:Moments>
    </nax:Nax>
    </TPX>
    </Extensions>
    </Trackpoint>
<Trackpoint>
      <Time>
      2025-09-09T00:33:28.999Z
    </Time><Position>
      <LatitudeDegrees>
      47.426998455029945
    </LatitudeDegrees><LongitudeDegrees>
      -122.29327958090155
    </LongitudeDegrees>
    </Position><AltitudeMeters>
      107.25691877678037
    </AltitudeMeters><SensorState>
      Present
    </SensorState><Extensions>
      <TPX xmlns="http://www.garmin.com/xmlschemas/ActivityExtension/v2">
      <nax:Nax>
      <nax:Moments>
      <nax:Halt xsi:type="nax:Halt_t" action="auto_pause">
      
    </nax:Halt>
    </nax:Moments>
    </nax:Nax>
    </TPX>
    </Extensions>
    </Trackpoint>
<Trackpoint>
      <Time>
      2025-09-09T00:33:29.626Z
    </Time><SensorState>
      Present
    </SensorState><Extensions>
      <TPX xmlns="http://www.garmin.com/xmlschemas/ActivityExtension/v2">
      <nax:Nax>
      <nax:DescentInMeters>
      0.22724151611328125
    </nax:DescentInMeters><nax:Moments>
      <nax:Halt xsi:type="nax:Halt_t" action="auto_pause">
      
    </nax:Halt>
    </nax:Moments>
    </nax:Nax>
    </TPX>
    </Extensions>
    </Trackpoint>
<Trackpoint>
      <Time>
      2025-09-09T00:33:30.685Z
    </Time><SensorState>
      Present
    </SensorState><Extensions>
      <TPX xmlns="http://www.garmin.com/xmlschemas/ActivityExtension/v2">
      <nax:Nax>
      <nax:DescentInMeters>
      0.2325286865234375
    </nax:DescentInMeters><nax:Moments>
      <nax:Halt xsi:type="nax:Halt_t" action="auto_pause">
      
    </nax:Halt>
    </nax:Moments>
    </nax:Nax>
    </TPX>
    </Extensions>
    </Trackpoint>
<Trackpoint>
      <Time>
      2025-09-09T00:33:31.428Z
    </Time><SensorState>
      Present
    </SensorState><Extensions>
      <TPX xmlns="http://www.garmin.com/xmlschemas/ActivityExtension/v2">
      <ns3:Speed>
      2.835268139717869
    </ns3:Speed><nax:Nax>
      <nax:Pace>
      5.878338783267649
    </nax:Pace><nax:Moments>
      <nax:Halt xsi:type="nax:Halt_t" action="auto_pause">
      
    </nax:Halt>
    </nax:Moments>
    </nax:Nax>
    </TPX>
    </Extensions>
    </Trackpoint>
<Trackpoint>
      <Time>
      2025-09-09T00:33:31.429Z
    </Time><DistanceMeters>
      7.11147006903775
    </DistanceMeters><Cadence>
      161.65819644927979
    </Cadence><SensorState>
      Present
    </SensorState><Extensions>
      <TPX xmlns="http://www.garmin.com/xmlschemas/ActivityExtension/v2">
      <nax:Nax>
      <nax:Moments>
      <nax:Halt xsi:type="nax:Halt_t" action="auto_pause">
      
    </nax:Halt>
    </nax:Moments>
    </nax:Nax>
    </TPX>
    </Extensions>
    </Trackpoint>
<Trackpoint>
      <Time>
      2025-09-09T00:33:31.745Z
    </Time><SensorState>
      Present
    </SensorState><Extensions>
      <TPX xmlns="http://www.garmin.com/xmlschemas/ActivityExtension/v2">
      <nax:Nax>
      <nax:DescentInMeters>
      0.20345306396484375
    </nax:DescentInMeters><nax:Moments>
      <nax:Halt xsi:type="nax:Halt_t" action="auto_pause">
      
    </nax:Halt>
    </nax:Moments>
    </nax:Nax>
    </TPX>
    </Extensions>
    </Trackpoint>
<Trackpoint>
      <Time>
      2025-09-09T00:33:32.807Z
    </Time><SensorState>
      Present
    </SensorState><Extensions>
      <TPX xmlns="http://www.garmin.com/xmlschemas/ActivityExtension/v2">
      <nax:Nax>
      <nax:DescentInMeters>
      0.2193145751953125
    </nax:DescentInMeters><nax:Moments>
      <nax:Halt xsi:type="nax:Halt_t" action="auto_pause">
      
    </nax:Halt>
    </nax:Moments>
    </nax:Nax>
    </TPX>
    </Extensions>
    </Trackpoint>
<Trackpoint>
      <Time>
      2025-09-09T00:33:32.999Z
    </Time><Position>
      <LatitudeDegrees>
      47.426902376441
    </LatitudeDegrees><LongitudeDegrees>
      -122.29333018469197
    </LongitudeDegrees>
    </Position><AltitudeMeters>
      108.16594249103218
    </AltitudeMeters><SensorState>
      Present
    </SensorState><Extensions>
      <TPX xmlns="http://www.garmin.com/xmlschemas/ActivityExtension/v2">
      <nax:Nax>
      <nax:Moments>
      <nax:Halt xsi:type="nax:Halt_t" action="auto_pause">
      
    </nax:Halt>
    </nax:Moments>
    </nax:Nax>
    </TPX>
    </Extensions>
    </Trackpoint>
<Trackpoint>
      <Time>
      2025-09-09T00:33:33.867Z
    </Time><SensorState>
      Present
    </SensorState><Extensions>
      <TPX xmlns="http://www.garmin.com/xmlschemas/ActivityExtension/v2">
      <nax:Nax>
      <nax:DescentInMeters>
      0.1294708251953125
    </nax:DescentInMeters><nax:Moments>
      <nax:Halt xsi:type="nax:Halt_t" action="auto_pause">
      
    </nax:Halt>
    </nax:Moments>
    </nax:Nax>
    </TPX>
    </Extensions>
    </Trackpoint>
<Trackpoint>
      <Time>
      2025-09-09T00:33:33.984Z
    </Time><SensorState>
      Present
    </SensorState><Extensions>
      <TPX xmlns="http://www.garmin.com/xmlschemas/ActivityExtension/v2">
      <ns3:Speed>
      2.8266993343955855
    </ns3:Speed><nax:Nax>
      <nax:Pace>
      5.896158273313631
    </nax:Pace><nax:Moments>
      <nax:Halt xsi:type="nax:Halt_t" action="auto_pause">
      
    </nax:Halt>
    </nax:Moments>
    </nax:Nax>
    </TPX>
    </Extensions>
    </Trackpoint>
<Trackpoint>
      <Time>
      2025-09-09T00:33:33.985Z
    </Time><DistanceMeters>
      8.280190543737262
    </DistanceMeters><Cadence>
      161.7846965789795
    </Cadence><SensorState>
      Present
    </SensorState><Extensions>
      <TPX xmlns="http://www.garmin.com/xmlschemas/ActivityExtension/v2">
      <nax:Nax>
      <nax:Moments>
      <nax:Halt xsi:type="nax:Halt_t" action="auto_pause">
      
    </nax:Halt>
    </nax:Moments>
    </nax:Nax>
    </TPX>
    </Extensions>
    </Trackpoint>
<Trackpoint>
      <Time>
      2025-09-09T00:33:34.927Z
    </Time><SensorState>
      Present
    </SensorState><Extensions>
      <TPX xmlns="http://www.garmin.com/xmlschemas/ActivityExtension/v2">
      <nax:Nax>
      <nax:DescentInMeters>
      0.07134246826171875
    </nax:DescentInMeters><nax:Moments>
      <nax:Halt xsi:type="nax:Halt_t" action="auto_pause">
      
    </nax:Halt>
    </nax:Moments>
    </nax:Nax>
    </TPX>
    </Extensions>
    </Trackpoint>
<Trackpoint>
      <Time>
      2025-09-09T00:33:35.987Z
    </Time><SensorState>
      Present
    </SensorState><Extensions>
      <TPX xmlns="http://www.garmin.com/xmlschemas/ActivityExtension/v2">
      <nax:Nax>
      <nax:DescentInMeters>
      0.0290679931640625
    </nax:DescentInMeters><nax:Moments>
      <nax:Halt xsi:type="nax:Halt_t" action="auto_pause">
      
    </nax:Halt>
    </nax:Moments>
    </nax:Nax>
    </TPX>
    </Extensions>
    </Trackpoint>
<Trackpoint>
      <Time>
      2025-09-09T00:33:36.539Z
    </Time><SensorState>
      Present
    </SensorState><Extensions>
      <TPX xmlns="http://www.garmin.com/xmlschemas/ActivityExtension/v2">
      <ns3:Speed>
      2.821304770079567
    </ns3:Speed><nax:Nax>
      <nax:Pace>
      5.907432207757062
    </nax:Pace><nax:Moments>
      <nax:Halt xsi:type="nax:Halt_t" action="auto_pause">
      
    </nax:Halt>
    </nax:Moments>
    </nax:Nax>
    </TPX>
    </Extensions>
    </Trackpoint>
<Trackpoint>
      <Time>
      2025-09-09T00:33:36.540Z
    </Time><DistanceMeters>
      6.838151113362983
    </DistanceMeters><Cadence>
      161.53289794921875
    </Cadence><SensorState>
      Present
    </SensorState><Extensions>
      <TPX xmlns="http://www.garmin.com/xmlschemas/ActivityExtension/v2">
      <nax:Nax>
      <nax:Moments>
      <nax:Halt xsi:type="nax:Halt_t" action="auto_pause">
      
    </nax:Halt>
    </nax:Moments>
    </nax:Nax>
    </TPX>
    </Extensions>
    </Trackpoint>
<Trackpoint>
      <Time>
      2025-09-09T00:33:36.999Z
    </Time><Position>
      <LatitudeDegrees>
      47.426796688807535
    </LatitudeDegrees><LongitudeDegrees>
      -122.29336808936243
    </LongitudeDegrees>
    </Position><AltitudeMeters>
      108.29522612784058
    </AltitudeMeters><SensorState>
      Present
    </SensorState><Extensions>
      <TPX xmlns="http://www.garmin.com/xmlschemas/ActivityExtension/v2">
      <nax:Nax>
      <nax:Moments>
      <nax:Halt xsi:type="nax:Halt_t" action="auto_pause">
      
    </nax:Halt>
    </nax:Moments>
    </nax:Nax>
    </TPX>
    </Extensions>
    </Trackpoint>
<Trackpoint>
      <Time>
      2025-09-09T00:33:37.047Z
    </Time><SensorState>
      Present
    </SensorState><Extensions>
      <TPX xmlns="http://www.garmin.com/xmlschemas/ActivityExtension/v2">
      <nax:Nax>
      <nax:DescentInMeters>
      0.00792694091796875
    </nax:DescentInMeters><nax:Moments>
      <nax:Halt xsi:type="nax:Halt_t" action="auto_pause">
      
    </nax:Halt>
    </nax:Moments>
    </nax:Nax>
    </TPX>
    </Extensions>
    </Trackpoint>
<Trackpoint>
      <Time>
      2025-09-09T00:33:38.000Z
    </Time><SensorState>
      Present
    </SensorState><Extensions>
      <TPX xmlns="http://www.garmin.com/xmlschemas/ActivityExtension/v2">
      <nax:Nax>
      <nax:NikeFuel>
      7.310272214521735
    </nax:NikeFuel><nax:Moments>
      <nax:Halt xsi:type="nax:Halt_t" action="auto_pause">
      
    </nax:Halt>
    </nax:Moments>
    </nax:Nax>
    </TPX>
    </Extensions>
    </Trackpoint>
<Trackpoint>
      <Time>
      2025-09-09T00:33:38.106Z
    </Time><SensorState>
      Present
    </SensorState><Extensions>
      <TPX xmlns="http://www.garmin.com/xmlschemas/ActivityExtension/v2">
      <nax:Nax>
      <nax:DescentInMeters>
      0.031707763671875
    </nax:DescentInMeters><nax:Moments>
      <nax:Halt xsi:type="nax:Halt_t" action="auto_pause">
      
    </nax:Halt>
    </nax:Moments>
    </nax:Nax>
    </TPX>
    </Extensions>
    </Trackpoint>
<Trackpoint>
      <Time>
      2025-09-09T00:33:39.095Z
    </Time><SensorState>
      Present
    </SensorState><Extensions>
      <TPX xmlns="http://www.garmin.com/xmlschemas/ActivityExtension/v2">
      <ns3:Speed>
      2.816477539624857
    </ns3:Speed><nax:Nax>
      <nax:Pace>
      5.917557101799788
    </nax:Pace><nax:Moments>
      <nax:Halt xsi:type="nax:Halt_t" action="auto_pause">
      
    </nax:Halt>
    </nax:Moments>
    </nax:Nax>
    </TPX>
    </Extensions>
    </Trackpoint>
<Trackpoint>
      <Time>
      2025-09-09T00:33:39.096Z
    </Time><DistanceMeters>
      8.41795752919279
    </DistanceMeters><Cadence>
      161.21920108795166
    </Cadence><SensorState>
      Present
    </SensorState><Extensions>
      <TPX xmlns="http://www.garmin.com/xmlschemas/ActivityExtension/v2">
      <nax:Nax>
      <nax:Moments>
      <nax:Halt xsi:type="nax:Halt_t" action="auto_pause">
      
    </nax:Halt>
    </nax:Moments>
    </nax:Nax>
    </TPX>
    </Extensions>
    </Trackpoint>
<Trackpoint>
      <Time>
      2025-09-09T00:33:40.999Z
    </Time><Position>
      <LatitudeDegrees>
      47.42669191405203
    </LatitudeDegrees><LongitudeDegrees>
      -122.2934152369659
    </LongitudeDegrees>
    </Position><AltitudeMeters>
      108.01799643784761
    </AltitudeMeters><SensorState>
      Present
    </SensorState><Extensions>
      <TPX xmlns="http://www.garmin.com/xmlschemas/ActivityExtension/v2">
      <nax:Nax>
      <nax:Moments>
      <nax:Halt xsi:type="nax:Halt_t" action="auto_pause">
      
    </nax:Halt>
    </nax:Moments>
    </nax:Nax>
    </TPX>
    </Extensions>
    </Trackpoint>
<Trackpoint>
      <Time>
      2025-09-09T00:33:41.651Z
    </Time><SensorState>
      Present
    </SensorState><Extensions>
      <TPX xmlns="http://www.garmin.com/xmlschemas/ActivityExtension/v2">
      <ns3:Speed>
      2.8123897005754106
    </ns3:Speed><nax:Nax>
      <nax:Pace>
      5.926158335474167
    </nax:Pace><nax:Moments>
      <nax:Halt xsi:type="nax:Halt_t" action="auto_pause">
      
    </nax:Halt>
    </nax:Moments>
    </nax:Nax>
    </TPX>
    </Extensions>
    </Trackpoint>
<Trackpoint>
      <Time>
      2025-09-09T00:33:41.652Z
    </Time><DistanceMeters>
      6.283000211697072
    </DistanceMeters><Cadence>
      160.92697620391846
    </Cadence><SensorState>
      Present
    </SensorState><Extensions>
      <TPX xmlns="http://www.garmin.com/xmlschemas/ActivityExtension/v2">
      <nax:Nax>
      <nax:Moments>
      <nax:Halt xsi:type="nax:Halt_t" action="auto_pause">
      
    </nax:Halt>
    </nax:Moments>
    </nax:Nax>
    </TPX>
    </Extensions>
    </Trackpoint>
<Trackpoint>
      <Time>
      2025-09-09T00:33:42.348Z
    </Time><SensorState>
      Present
    </SensorState><Extensions>
      <TPX xmlns="http://www.garmin.com/xmlschemas/ActivityExtension/v2">
      <nax:Nax>
      <nax:AscentInMeters>
      0.08719635009765625
    </nax:AscentInMeters><nax:Moments>
      <nax:Halt xsi:type="nax:Halt_t" action="auto_pause">
      
    </nax:Halt>
    </nax:Moments>
    </nax:Nax>
    </TPX>
    </Extensions>
    </Trackpoint>
<Trackpoint>
      <Time>
      2025-09-09T00:33:43.408Z
    </Time><SensorState>
      Present
    </SensorState><Extensions>
      <TPX xmlns="http://www.garmin.com/xmlschemas/ActivityExtension/v2">
      <nax:Nax>
      <nax:AscentInMeters>
      0.13475799560546875
    </nax:AscentInMeters><nax:Moments>
      <nax:Halt xsi:type="nax:Halt_t" action="auto_pause">
      
    </nax:Halt>
    </nax:Moments>
    </nax:Nax>
    </TPX>
    </Extensions>
    </Trackpoint>
<Trackpoint>
      <Time>
      2025-09-09T00:33:44.206Z
    </Time><SensorState>
      Present
    </SensorState><Extensions>
      <TPX xmlns="http://www.garmin.com/xmlschemas/ActivityExtension/v2">
      <ns3:Speed>
      2.808042007584272
    </ns3:Speed><nax:Nax>
      <nax:Pace>
      5.935333809697818
    </nax:Pace><nax:Moments>
      <nax:Halt xsi:type="nax:Halt_t" action="auto_pause">
      
    </nax:Halt>
    </nax:Moments>
    </nax:Nax>
    </TPX>
    </Extensions>
    </Trackpoint>
<Trackpoint>
      <Time>
      2025-09-09T00:33:44.207Z
    </Time><DistanceMeters>
      8.201480912510306
    </DistanceMeters><Cadence>
      160.6838893890381
    </Cadence><SensorState>
      Present
    </SensorState><Extensions>
      <TPX xmlns="http://www.garmin.com/xmlschemas/ActivityExtension/v2">
      <nax:Nax>
      <nax:Moments>
      <nax:Halt xsi:type="nax:Halt_t" action="auto_pause">
      
    </nax:Halt>
    </nax:Moments>
    </nax:Nax>
    </TPX>
    </Extensions>
    </Trackpoint>
<Trackpoint>
      <Time>
      2025-09-09T00:33:44.468Z
    </Time><SensorState>
      Present
    </SensorState><Extensions>
      <TPX xmlns="http://www.garmin.com/xmlschemas/ActivityExtension/v2">
      <nax:Nax>
      <nax:AscentInMeters>
      0.2008209228515625
    </nax:AscentInMeters><nax:Moments>
      <nax:Halt xsi:type="nax:Halt_t" action="auto_pause">
      
    </nax:Halt>
    </nax:Moments>
    </nax:Nax>
    </TPX>
    </Extensions>
    </Trackpoint>
<Trackpoint>
      <Time>
      2025-09-09T00:33:44.999Z
    </Time><Position>
      <LatitudeDegrees>
      47.42659837490236
    </LatitudeDegrees><LongitudeDegrees>
      -122.29349116664046
    </LongitudeDegrees>
    </Position><AltitudeMeters>
      109.74967832211405
    </AltitudeMeters><SensorState>
      Present
    </SensorState><Extensions>
      <TPX xmlns="http://www.garmin.com/xmlschemas/ActivityExtension/v2">
      <nax:Nax>
      <nax:Moments>
      <nax:Halt xsi:type="nax:Halt_t" action="auto_pause">
      
    </nax:Halt>
    </nax:Moments>
    </nax:Nax>
    </TPX>
    </Extensions>
    </Trackpoint>
<Trackpoint>
      <Time>
      2025-09-09T00:33:45.528Z
    </Time><SensorState>
      Present
    </SensorState><Extensions>
      <TPX xmlns="http://www.garmin.com/xmlschemas/ActivityExtension/v2">
      <nax:Nax>
      <nax:AscentInMeters>
      0.20081329345703125
    </nax:AscentInMeters><nax:Moments>
      <nax:Halt xsi:type="nax:Halt_t" action="auto_pause">
      
    </nax:Halt>
    </nax:Moments>
    </nax:Nax>
    </TPX>
    </Extensions>
    </Trackpoint>
<Trackpoint>
      <Time>
      2025-09-09T00:33:46.587Z
    </Time><SensorState>
      Present
    </SensorState><Extensions>
      <TPX xmlns="http://www.garmin.com/xmlschemas/ActivityExtension/v2">
      <nax:Nax>
      <nax:AscentInMeters>
      0.2166748046875
    </nax:AscentInMeters><nax:Moments>
      <nax:Halt xsi:type="nax:Halt_t" action="auto_pause">
      
    </nax:Halt>
    </nax:Moments>
    </nax:Nax>
    </TPX>
    </Extensions>
    </Trackpoint>
<Trackpoint>
      <Time>
      2025-09-09T00:33:46.762Z
    </Time><SensorState>
      Present
    </SensorState><Extensions>
      <TPX xmlns="http://www.garmin.com/xmlschemas/ActivityExtension/v2">
      <ns3:Speed>
      2.805790652785513
    </ns3:Speed><nax:Nax>
      <nax:Pace>
      5.940096296963728
    </nax:Pace><nax:Moments>
      <nax:Halt xsi:type="nax:Halt_t" action="auto_pause">
      
    </nax:Halt>
    </nax:Moments>
    </nax:Nax>
    </TPX>
    </Extensions>
    </Trackpoint>
<Trackpoint>
      <Time>
      2025-09-09T00:33:46.763Z
    </Time><DistanceMeters>
      7.7753553001675755
    </DistanceMeters><Cadence>
      160.747389793396
    </Cadence><SensorState>
      Present
    </SensorState><Extensions>
      <TPX xmlns="http://www.garmin.com/xmlschemas/ActivityExtension/v2">
      <nax:Nax>
      <nax:Moments>
      <nax:Halt xsi:type="nax:Halt_t" action="auto_pause">
      
    </nax:Halt>
    </nax:Moments>
    </nax:Nax>
    </TPX>
    </Extensions>
    </Trackpoint>
<Trackpoint>
      <Time>
      2025-09-09T00:33:47.649Z
    </Time><SensorState>
      Present
    </SensorState><Extensions>
      <TPX xmlns="http://www.garmin.com/xmlschemas/ActivityExtension/v2">
      <nax:Nax>
      <nax:AscentInMeters>
      0.20081329345703125
    </nax:AscentInMeters><nax:Moments>
      <nax:Halt xsi:type="nax:Halt_t" action="auto_pause">
      
    </nax:Halt>
    </nax:Moments>
    </nax:Nax>
    </TPX>
    </Extensions>
    </Trackpoint>
<Trackpoint>
      <Time>
      2025-09-09T00:33:48.000Z
    </Time><SensorState>
      Present
    </SensorState><Extensions>
      <TPX xmlns="http://www.garmin.com/xmlschemas/ActivityExtension/v2">
      <nax:Nax>
      <nax:NikeFuel>
      7.285276967459469
    </nax:NikeFuel><nax:Moments>
      <nax:Halt xsi:type="nax:Halt_t" action="auto_pause">
      
    </nax:Halt>
    </nax:Moments>
    </nax:Nax>
    </TPX>
    </Extensions>
    </Trackpoint>
<Trackpoint>
      <Time>
      2025-09-09T00:33:48.709Z
    </Time><SensorState>
      Present
    </SensorState><Extensions>
      <TPX xmlns="http://www.garmin.com/xmlschemas/ActivityExtension/v2">
      <nax:Nax>
      <nax:AscentInMeters>
      0.1743927001953125
    </nax:AscentInMeters><nax:Moments>
      <nax:Halt xsi:type="nax:Halt_t" action="auto_pause">
      
    </nax:Halt>
    </nax:Moments>
    </nax:Nax>
    </TPX>
    </Extensions>
    </Trackpoint>
<Trackpoint>
      <Time>
      2025-09-09T00:33:48.999Z
    </Time><Position>
      <LatitudeDegrees>
      47.42650262331571
    </LatitudeDegrees><LongitudeDegrees>
      -122.29356736758575
    </LongitudeDegrees>
    </Position><AltitudeMeters>
      110.36235869117081
    </AltitudeMeters><SensorState>
      Present
    </SensorState><Extensions>
      <TPX xmlns="http://www.garmin.com/xmlschemas/ActivityExtension/v2">
      <nax:Nax>
      <nax:Moments>
      <nax:Halt xsi:type="nax:Halt_t" action="auto_pause">
      
    </nax:Halt>
    </nax:Moments>
    </nax:Nax>
    </TPX>
    </Extensions>
    </Trackpoint>
<Trackpoint>
      <Time>
      2025-09-09T00:33:49.317Z
    </Time><DistanceMeters>
      8.300104247638956
    </DistanceMeters><SensorState>
      Present
    </SensorState><Extensions>
      <TPX xmlns="http://www.garmin.com/xmlschemas/ActivityExtension/v2">
      <ns3:Speed>
      2.8028547187947157
    </ns3:Speed><nax:Nax>
      <nax:Pace>
      5.946318428460564
    </nax:Pace><nax:Moments>
      <nax:Halt xsi:type="nax:Halt_t" action="auto_pause">
      
    </nax:Halt>
    </nax:Moments>
    </nax:Nax>
    </TPX>
    </Extensions>
    </Trackpoint>
<Trackpoint>
      <Time>
      2025-09-09T00:33:49.318Z
    </Time><Cadence>
      160.74819087982178
    </Cadence><SensorState>
      Present
    </SensorState><Extensions>
      <TPX xmlns="http://www.garmin.com/xmlschemas/ActivityExtension/v2">
      <nax:Nax>
      <nax:Moments>
      <nax:Halt xsi:type="nax:Halt_t" action="auto_pause">
      
    </nax:Halt>
    </nax:Moments>
    </nax:Nax>
    </TPX>
    </Extensions>
    </Trackpoint>
<Trackpoint>
      <Time>
      2025-09-09T00:33:49.769Z
    </Time><SensorState>
      Present
    </SensorState><Extensions>
      <TPX xmlns="http://www.garmin.com/xmlschemas/ActivityExtension/v2">
      <nax:Nax>
      <nax:AscentInMeters>
      0.1268310546875
    </nax:AscentInMeters><nax:Moments>
      <nax:Halt xsi:type="nax:Halt_t" action="auto_pause">
      
    </nax:Halt>
    </nax:Moments>
    </nax:Nax>
    </TPX>
    </Extensions>
    </Trackpoint>
<Trackpoint>
      <Time>
      2025-09-09T00:33:50.829Z
    </Time><SensorState>
      Present
    </SensorState><Extensions>
      <TPX xmlns="http://www.garmin.com/xmlschemas/ActivityExtension/v2">
      <nax:Nax>
      <nax:AscentInMeters>
      0.095123291015625
    </nax:AscentInMeters><nax:Moments>
      <nax:Halt xsi:type="nax:Halt_t" action="auto_pause">
      
    </nax:Halt>
    </nax:Moments>
    </nax:Nax>
    </TPX>
    </Extensions>
    </Trackpoint>
<Trackpoint>
      <Time>
      2025-09-09T00:33:51.873Z
    </Time><SensorState>
      Present
    </SensorState><Extensions>
      <TPX xmlns="http://www.garmin.com/xmlschemas/ActivityExtension/v2">
      <ns3:Speed>
      2.8010831174963617
    </ns3:Speed><nax:Nax>
      <nax:Pace>
      5.950079297026899
    </nax:Pace><nax:Moments>
      <nax:Halt xsi:type="nax:Halt_t" action="auto_pause">
      
    </nax:Halt>
    </nax:Moments>
    </nax:Nax>
    </TPX>
    </Extensions>
    </Trackpoint>
<Trackpoint>
      <Time>
      2025-09-09T00:33:51.874Z
    </Time><DistanceMeters>
      6.527734250528738
    </DistanceMeters><Cadence>
      160.57867527008057
    </Cadence><SensorState>
      Present
    </SensorState><Extensions>
      <TPX xmlns="http://www.garmin.com/xmlschemas/ActivityExtension/v2">
      <nax:Nax>
      <nax:Moments>
      <nax:Halt xsi:type="nax:Halt_t" action="auto_pause">
      
    </nax:Halt>
    </nax:Moments>
    </nax:Nax>
    </TPX>
    </Extensions>
    </Trackpoint>
<Trackpoint>
      <Time>
      2025-09-09T00:33:51.889Z
    </Time><SensorState>
      Present
    </SensorState><Extensions>
      <TPX xmlns="http://www.garmin.com/xmlschemas/ActivityExtension/v2">
      <nax:Nax>
      <nax:AscentInMeters>
      0.10305023193359375
    </nax:AscentInMeters><nax:Moments>
      <nax:Halt xsi:type="nax:Halt_t" action="auto_pause">
      
    </nax:Halt>
    </nax:Moments>
    </nax:Nax>
    </TPX>
    </Extensions>
    </Trackpoint>
<Trackpoint>
      <Time>
      2025-09-09T00:33:52.949Z
    </Time><SensorState>
      Present
    </SensorState><Extensions>
      <TPX xmlns="http://www.garmin.com/xmlschemas/ActivityExtension/v2">
      <nax:Nax>
      <nax:AscentInMeters>
      0.07398223876953125
    </nax:AscentInMeters><nax:Moments>
      <nax:Halt xsi:type="nax:Halt_t" action="auto_pause">
      
    </nax:Halt>
    </nax:Moments>
    </nax:Nax>
    </TPX>
    </Extensions>
    </Trackpoint>
<Trackpoint>
      <Time>
      2025-09-09T00:33:52.999Z
    </Time><Position>
      <LatitudeDegrees>
      47.42640031292906
    </LatitudeDegrees><LongitudeDegrees>
      -122.29361556579691
    </LongitudeDegrees>
    </Position><AltitudeMeters>
      109.8024174477905
    </AltitudeMeters><SensorState>
      Present
    </SensorState><Extensions>
      <TPX xmlns="http://www.garmin.com/xmlschemas/ActivityExtension/v2">
      <nax:Nax>
      <nax:Moments>
      <nax:Halt xsi:type="nax:Halt_t" action="auto_pause">
      
    </nax:Halt>
    </nax:Moments>
    </nax:Nax>
    </TPX>
    </Extensions>
    </Trackpoint>
<Trackpoint>
      <Time>
      2025-09-09T00:33:54.010Z
    </Time><SensorState>
      Present
    </SensorState><Extensions>
      <TPX xmlns="http://www.garmin.com/xmlschemas/ActivityExtension/v2">
      <nax:Nax>
      <nax:AscentInMeters>
      0.06341552734375
    </nax:AscentInMeters><nax:Moments>
      <nax:Halt xsi:type="nax:Halt_t" action="auto_pause">
      
    </nax:Halt>
    </nax:Moments>
    </nax:Nax>
    </TPX>
    </Extensions>
    </Trackpoint>
<Trackpoint>
      <Time>
      2025-09-09T00:33:54.428Z
    </Time><SensorState>
      Present
    </SensorState><Extensions>
      <TPX xmlns="http://www.garmin.com/xmlschemas/ActivityExtension/v2">
      <ns3:Speed>
      2.7997153076097376
    </ns3:Speed><nax:Nax>
      <nax:Pace>
      5.952986227337473
    </nax:Pace><nax:Moments>
      <nax:Halt xsi:type="nax:Halt_t" action="auto_pause">
      
    </nax:Halt>
    </nax:Moments>
    </nax:Nax>
    </TPX>
    </Extensions>
    </Trackpoint>
<Trackpoint>
      <Time>
      2025-09-09T00:33:54.429Z
    </Time><DistanceMeters>
      7.6157847417052835
    </DistanceMeters><Cadence>
      160.45337677001953
    </Cadence><SensorState>
      Present
    </SensorState><Extensions>
      <TPX xmlns="http://www.garmin.com/xmlschemas/ActivityExtension/v2">
      <nax:Nax>
      <nax:Moments>
      <nax:Halt xsi:type="nax:Halt_t" action="auto_pause">
      
    </nax:Halt>
    </nax:Moments>
    </nax:Nax>
    </TPX>
    </Extensions>
    </Trackpoint>
<Trackpoint>
      <Time>
      2025-09-09T00:33:55.070Z
    </Time><SensorState>
      Present
    </SensorState><Extensions>
      <TPX xmlns="http://www.garmin.com/xmlschemas/ActivityExtension/v2">
      <nax:Nax>
      <nax:AscentInMeters>
      0.058135986328125
    </nax:AscentInMeters><nax:Moments>
      <nax:Halt xsi:type="nax:Halt_t" action="auto_pause">
      
    </nax:Halt>
    </nax:Moments>
    </nax:Nax>
    </TPX>
    </Extensions>
    </Trackpoint>
<Trackpoint>
      <Time>
      2025-09-09T00:33:56.130Z
    </Time><SensorState>
      Present
    </SensorState><Extensions>
      <TPX xmlns="http://www.garmin.com/xmlschemas/ActivityExtension/v2">
      <nax:Nax>
      <nax:AscentInMeters>
      0.0528411865234375
    </nax:AscentInMeters><nax:Moments>
      <nax:Halt xsi:type="nax:Halt_t" action="auto_pause">
      
    </nax:Halt>
    </nax:Moments>
    </nax:Nax>
    </TPX>
    </Extensions>
    </Trackpoint>
<Trackpoint>
      <Time>
      2025-09-09T00:33:56.984Z
    </Time><SensorState>
      Present
    </SensorState><Extensions>
      <TPX xmlns="http://www.garmin.com/xmlschemas/ActivityExtension/v2">
      <ns3:Speed>
      2.797953050031726
    </ns3:Speed><nax:Nax>
      <nax:Pace>
      5.956735645180923
    </nax:Pace><nax:Moments>
      <nax:Halt xsi:type="nax:Halt_t" action="auto_pause">
      
    </nax:Halt>
    </nax:Moments>
    </nax:Nax>
    </TPX>
    </Extensions>
    </Trackpoint>
<Trackpoint>
      <Time>
      2025-09-09T00:33:56.985Z
    </Time><DistanceMeters>
      7.523737894836813
    </DistanceMeters><Cadence>
      160.45409202575684
    </Cadence><SensorState>
      Present
    </SensorState><Extensions>
      <TPX xmlns="http://www.garmin.com/xmlschemas/ActivityExtension/v2">
      <nax:Nax>
      <nax:Moments>
      <nax:Halt xsi:type="nax:Halt_t" action="auto_pause">
      
    </nax:Halt>
    </nax:Moments>
    </nax:Nax>
    </TPX>
    </Extensions>
    </Trackpoint>
<Trackpoint>
      <Time>
      2025-09-09T00:33:56.999Z
    </Time><Position>
      <LatitudeDegrees>
      47.4263000536604
    </LatitudeDegrees><LongitudeDegrees>
      -122.29365899108004
    </LongitudeDegrees>
    </Position><AltitudeMeters>
      110.60719528608024
    </AltitudeMeters><SensorState>
      Present
    </SensorState><Extensions>
      <TPX xmlns="http://www.garmin.com/xmlschemas/ActivityExtension/v2">
      <nax:Nax>
      <nax:Moments>
      <nax:Halt xsi:type="nax:Halt_t" action="auto_pause">
      
    </nax:Halt>
    </nax:Moments>
    </nax:Nax>
    </TPX>
    </Extensions>
    </Trackpoint>
<Trackpoint>
      <Time>
      2025-09-09T00:33:57.190Z
    </Time><SensorState>
      Present
    </SensorState><Extensions>
      <TPX xmlns="http://www.garmin.com/xmlschemas/ActivityExtension/v2">
      <nax:Nax>
      <nax:AscentInMeters>
      0.05020904541015625
    </nax:AscentInMeters><nax:Moments>
      <nax:Halt xsi:type="nax:Halt_t" action="auto_pause">
      
    </nax:Halt>
    </nax:Moments>
    </nax:Nax>
    </TPX>
    </Extensions>
    </Trackpoint>
<Trackpoint>
      <Time>
      2025-09-09T00:33:58.000Z
    </Time><SensorState>
      Present
    </SensorState><Extensions>
      <TPX xmlns="http://www.garmin.com/xmlschemas/ActivityExtension/v2">
      <nax:Nax>
      <nax:NikeFuel>
      7.270771747217237
    </nax:NikeFuel><nax:Moments>
      <nax:Halt xsi:type="nax:Halt_t" action="auto_pause">
      
    </nax:Halt>
    </nax:Moments>
    </nax:Nax>
    </TPX>
    </Extensions>
    </Trackpoint>
<Trackpoint>
      <Time>
      2025-09-09T00:33:58.250Z
    </Time><SensorState>
      Present
    </SensorState><Extensions>
      <TPX xmlns="http://www.garmin.com/xmlschemas/ActivityExtension/v2">
      <nax:Nax>
      <nax:AscentInMeters>
      0.01056671142578125
    </nax:AscentInMeters><nax:Moments>
      <nax:Halt xsi:type="nax:Halt_t" action="auto_pause">
      
    </nax:Halt>
    </nax:Moments>
    </nax:Nax>
    </TPX>
    </Extensions>
    </Trackpoint>
<Trackpoint>
      <Time>
      2025-09-09T00:33:59.539Z
    </Time><SensorState>
      Present
    </SensorState><Extensions>
      <TPX xmlns="http://www.garmin.com/xmlschemas/ActivityExtension/v2">
      <ns3:Speed>
      2.798430668381483
    </ns3:Speed><nax:Nax>
      <nax:Pace>
      5.955718987423084
    </nax:Pace><nax:Moments>
      <nax:Halt xsi:type="nax:Halt_t" action="auto_pause">
      
    </nax:Halt>
    </nax:Moments>
    </nax:Nax>
    </TPX>
    </Extensions>
    </Trackpoint>
<Trackpoint>
      <Time>
      2025-09-09T00:33:59.540Z
    </Time><DistanceMeters>
      8.848434914369136
    </DistanceMeters><Cadence>
      159.76577281951904
    </Cadence><SensorState>
      Present
    </SensorState><Extensions>
      <TPX xmlns="http://www.garmin.com/xmlschemas/ActivityExtension/v2">
      <nax:Nax>
      <nax:Moments>
      <nax:Halt xsi:type="nax:Halt_t" action="auto_pause">
      
    </nax:Halt>
    </nax:Moments>
    </nax:Nax>
    </TPX>
    </Extensions>
    </Trackpoint>
<Trackpoint>
      <Time>
      2025-09-09T00:34:00.999Z
    </Time><Position>
      <LatitudeDegrees>
      47.426197433669564
    </LatitudeDegrees><LongitudeDegrees>
      -122.29373374761404
    </LongitudeDegrees>
    </Position><AltitudeMeters>
      108.8488147482276
    </AltitudeMeters><SensorState>
      Present
    </SensorState><Extensions>
      <TPX xmlns="http://www.garmin.com/xmlschemas/ActivityExtension/v2">
      <nax:Nax>
      <nax:Moments>
      <nax:Halt xsi:type="nax:Halt_t" action="auto_pause">
      
    </nax:Halt>
    </nax:Moments>
    </nax:Nax>
    </TPX>
    </Extensions>
    </Trackpoint>
<Trackpoint>
      <Time>
      2025-09-09T00:34:02.095Z
    </Time><SensorState>
      Present
    </SensorState><Extensions>
      <TPX xmlns="http://www.garmin.com/xmlschemas/ActivityExtension/v2">
      <ns3:Speed>
      2.796400540936826
    </ns3:Speed><nax:Nax>
      <nax:Pace>
      5.960042713009612
    </nax:Pace><nax:Moments>
      <nax:Halt xsi:type="nax:Halt_t" action="auto_pause">
      
    </nax:Halt>
    </nax:Moments>
    </nax:Nax>
    </TPX>
    </Extensions>
    </Trackpoint>
<Trackpoint>
      <Time>
      2025-09-09T00:34:02.096Z
    </Time><DistanceMeters>
      6.882410483900458
    </DistanceMeters><Cadence>
      159.58020687103271
    </Cadence><SensorState>
      Present
    </SensorState><Extensions>
      <TPX xmlns="http://www.garmin.com/xmlschemas/ActivityExtension/v2">
      <nax:Nax>
      <nax:Moments>
      <nax:Halt xsi:type="nax:Halt_t" action="auto_pause">
      
    </nax:Halt>
    </nax:Moments>
    </nax:Nax>
    </TPX>
    </Extensions>
    </Trackpoint>
<Trackpoint>
      <Time>
      2025-09-09T00:34:02.491Z
    </Time><SensorState>
      Present
    </SensorState><Extensions>
      <TPX xmlns="http://www.garmin.com/xmlschemas/ActivityExtension/v2">
      <nax:Nax>
      <nax:DescentInMeters>
      0.08191680908203125
    </nax:DescentInMeters><nax:Moments>
      <nax:Halt xsi:type="nax:Halt_t" action="auto_pause">
      
    </nax:Halt>
    </nax:Moments>
    </nax:Nax>
    </TPX>
    </Extensions>
    </Trackpoint>
<Trackpoint>
      <Time>
      2025-09-09T00:34:03.551Z
    </Time><SensorState>
      Present
    </SensorState><Extensions>
      <TPX xmlns="http://www.garmin.com/xmlschemas/ActivityExtension/v2">
      <nax:Nax>
      <nax:DescentInMeters>
      0.10305023193359375
    </nax:DescentInMeters><nax:Moments>
      <nax:Halt xsi:type="nax:Halt_t" action="auto_pause">
      
    </nax:Halt>
    </nax:Moments>
    </nax:Nax>
    </TPX>
    </Extensions>
    </Trackpoint>
<Trackpoint>
      <Time>
      2025-09-09T00:34:04.611Z
    </Time><SensorState>
      Present
    </SensorState><Extensions>
      <TPX xmlns="http://www.garmin.com/xmlschemas/ActivityExtension/v2">
      <nax:Nax>
      <nax:DescentInMeters>
      0.113616943359375
    </nax:DescentInMeters><nax:Moments>
      <nax:Halt xsi:type="nax:Halt_t" action="auto_pause">
      
    </nax:Halt>
    </nax:Moments>
    </nax:Nax>
    </TPX>
    </Extensions>
    </Trackpoint>
<Trackpoint>
      <Time>
      2025-09-09T00:34:04.650Z
    </Time><SensorState>
      Present
    </SensorState><Extensions>
      <TPX xmlns="http://www.garmin.com/xmlschemas/ActivityExtension/v2">
      <ns3:Speed>
      2.793113062356812
    </ns3:Speed><nax:Nax>
      <nax:Pace>
      5.967057650220371
    </nax:Pace><nax:Moments>
      <nax:Halt xsi:type="nax:Halt_t" action="auto_pause">
      
    </nax:Halt>
    </nax:Moments>
    </nax:Nax>
    </TPX>
    </Extensions>
    </Trackpoint>
<Trackpoint>
      <Time>
      2025-09-09T00:34:04.651Z
    </Time><DistanceMeters>
      6.775590699864551
    </DistanceMeters><Cadence>
      159.76781845092773
    </Cadence><SensorState>
      Present
    </SensorState><Extensions>
      <TPX xmlns="http://www.garmin.com/xmlschemas/ActivityExtension/v2">
      <nax:Nax>
      <nax:Moments>
      <nax:Halt xsi:type="nax:Halt_t" action="auto_pause">
      
    </nax:Halt>
    </nax:Moments>
    </nax:Nax>
    </TPX>
    </Extensions>
    </Trackpoint>
<Trackpoint>
      <Time>
      2025-09-09T00:34:04.999Z
    </Time><Position>
      <LatitudeDegrees>
      47.4261125185686
    </LatitudeDegrees><LongitudeDegrees>
      -122.29379712186565
    </LongitudeDegrees>
    </Position><AltitudeMeters>
      108.46626826096326
    </AltitudeMeters><SensorState>
      Present
    </SensorState><Extensions>
      <TPX xmlns="http://www.garmin.com/xmlschemas/ActivityExtension/v2">
      <nax:Nax>
      <nax:Moments>
      <nax:Halt xsi:type="nax:Halt_t" action="auto_pause">
      
    </nax:Halt>
    </nax:Moments>
    </nax:Nax>
    </TPX>
    </Extensions>
    </Trackpoint>
<Trackpoint>
      <Time>
      2025-09-09T00:34:05.671Z
    </Time><SensorState>
      Present
    </SensorState><Extensions>
      <TPX xmlns="http://www.garmin.com/xmlschemas/ActivityExtension/v2">
      <nax:Nax>
      <nax:DescentInMeters>
      0.13211822509765625
    </nax:DescentInMeters><nax:Moments>
      <nax:Halt xsi:type="nax:Halt_t" action="auto_pause">
      
    </nax:Halt>
    </nax:Moments>
    </nax:Nax>
    </TPX>
    </Extensions>
    </Trackpoint>
<Trackpoint>
      <Time>
      2025-09-09T00:34:06.731Z
    </Time><SensorState>
      Present
    </SensorState><Extensions>
      <TPX xmlns="http://www.garmin.com/xmlschemas/ActivityExtension/v2">
      <nax:Nax>
      <nax:DescentInMeters>
      0.10832977294921875
    </nax:DescentInMeters><nax:Moments>
      <nax:Halt xsi:type="nax:Halt_t" action="auto_pause">
      
    </nax:Halt>
    </nax:Moments>
    </nax:Nax>
    </TPX>
    </Extensions>
    </Trackpoint>
<Trackpoint>
      <Time>
      2025-09-09T00:34:07.205Z
    </Time><DistanceMeters>
      7.09255803655833
    </DistanceMeters><SensorState>
      Present
    </SensorState><Extensions>
      <TPX xmlns="http://www.garmin.com/xmlschemas/ActivityExtension/v2">
      <ns3:Speed>
      2.789814457823009
    </ns3:Speed><nax:Nax>
      <nax:Pace>
      5.974112945013647
    </nax:Pace><nax:Moments>
      <nax:Halt xsi:type="nax:Halt_t" action="auto_pause">
      
    </nax:Halt>
    </nax:Moments>
    </nax:Nax>
    </TPX>
    </Extensions>
    </Trackpoint>
<Trackpoint>
      <Time>
      2025-09-09T00:34:07.206Z
    </Time><Cadence>
      159.95790481567383
    </Cadence><SensorState>
      Present
    </SensorState><Extensions>
      <TPX xmlns="http://www.garmin.com/xmlschemas/ActivityExtension/v2">
      <nax:Nax>
      <nax:Moments>
      <nax:Halt xsi:type="nax:Halt_t" action="auto_pause">
      
    </nax:Halt>
    </nax:Moments>
    </nax:Nax>
    </TPX>
    </Extensions>
    </Trackpoint>
<Trackpoint>
      <Time>
      2025-09-09T00:34:07.791Z
    </Time><SensorState>
      Present
    </SensorState><Extensions>
      <TPX xmlns="http://www.garmin.com/xmlschemas/ActivityExtension/v2">
      <nax:Nax>
      <nax:DescentInMeters>
      0.0792694091796875
    </nax:DescentInMeters><nax:Moments>
      <nax:Halt xsi:type="nax:Halt_t" action="auto_pause">
      
    </nax:Halt>
    </nax:Moments>
    </nax:Nax>
    </TPX>
    </Extensions>
    </Trackpoint>
<Trackpoint>
      <Time>
      2025-09-09T00:34:08.000Z
    </Time><SensorState>
      Present
    </SensorState><Extensions>
      <TPX xmlns="http://www.garmin.com/xmlschemas/ActivityExtension/v2">
      <nax:Nax>
      <nax:NikeFuel>
      7.248926524538779
    </nax:NikeFuel><nax:Moments>
      <nax:Halt xsi:type="nax:Halt_t" action="auto_pause">
      
    </nax:Halt>
    </nax:Moments>
    </nax:Nax>
    </TPX>
    </Extensions>
    </Trackpoint>
<Trackpoint>
      <Time>
      2025-09-09T00:34:08.852Z
    </Time><SensorState>
      Present
    </SensorState><Extensions>
      <TPX xmlns="http://www.garmin.com/xmlschemas/ActivityExtension/v2">
      <nax:Nax>
      <nax:DescentInMeters>
      0.05284881591796875
    </nax:DescentInMeters><nax:Moments>
      <nax:Halt xsi:type="nax:Halt_t" action="auto_pause">
      
    </nax:Halt>
    </nax:Moments>
    </nax:Nax>
    </TPX>
    </Extensions>
    </Trackpoint>
<Trackpoint>
      <Time>
      2025-09-09T00:34:08.999Z
    </Time><Position>
      <LatitudeDegrees>
      47.42602791412086
    </LatitudeDegrees><LongitudeDegrees>
      -122.29388269246935
    </LongitudeDegrees>
    </Position><AltitudeMeters>
      108.71984073426574
    </AltitudeMeters><SensorState>
      Present
    </SensorState><Extensions>
      <TPX xmlns="http://www.garmin.com/xmlschemas/ActivityExtension/v2">
      <nax:Nax>
      <nax:Moments>
      <nax:Halt xsi:type="nax:Halt_t" action="auto_pause">
      
    </nax:Halt>
    </nax:Moments>
    </nax:Nax>
    </TPX>
    </Extensions>
    </Trackpoint>
<Trackpoint>
      <Time>
      2025-09-09T00:34:09.761Z
    </Time><SensorState>
      Present
    </SensorState><Extensions>
      <TPX xmlns="http://www.garmin.com/xmlschemas/ActivityExtension/v2">
      <ns3:Speed>
      2.788451134199834
    </ns3:Speed><nax:Nax>
      <nax:Pace>
      5.977033795662797
    </nax:Pace><nax:Moments>
      <nax:Halt xsi:type="nax:Halt_t" action="auto_pause">
      
    </nax:Halt>
    </nax:Moments>
    </nax:Nax>
    </TPX>
    </Extensions>
    </Trackpoint>
<Trackpoint>
      <Time>
      2025-09-09T00:34:09.762Z
    </Time><DistanceMeters>
      8.261858515674248
    </DistanceMeters><Cadence>
      160.08371829986572
    </Cadence><SensorState>
      Present
    </SensorState><Extensions>
      <TPX xmlns="http://www.garmin.com/xmlschemas/ActivityExtension/v2">
      <nax:Nax>
      <nax:Moments>
      <nax:Halt xsi:type="nax:Halt_t" action="auto_pause">
      
    </nax:Halt>
    </nax:Moments>
    </nax:Nax>
    </TPX>
    </Extensions>
    </Trackpoint>
<Trackpoint>
      <Time>
      2025-09-09T00:34:09.912Z
    </Time><SensorState>
      Present
    </SensorState><Extensions>
      <TPX xmlns="http://www.garmin.com/xmlschemas/ActivityExtension/v2">
      <nax:Nax>
      <nax:DescentInMeters>
      0.02378082275390625
    </nax:DescentInMeters><nax:Moments>
      <nax:Halt xsi:type="nax:Halt_t" action="auto_pause">
      
    </nax:Halt>
    </nax:Moments>
    </nax:Nax>
    </TPX>
    </Extensions>
    </Trackpoint>
<Trackpoint>
      <Time>
      2025-09-09T00:34:10.972Z
    </Time><SensorState>
      Present
    </SensorState><Extensions>
      <TPX xmlns="http://www.garmin.com/xmlschemas/ActivityExtension/v2">
      <nax:Nax>
      <nax:DescentInMeters>
      0.0158538818359375
    </nax:DescentInMeters><nax:Moments>
      <nax:Halt xsi:type="nax:Halt_t" action="auto_pause">
      
    </nax:Halt>
    </nax:Moments>
    </nax:Nax>
    </TPX>
    </Extensions>
    </Trackpoint>
<Trackpoint>
      <Time>
      2025-09-09T00:34:12.032Z
    </Time><SensorState>
      Present
    </SensorState><Extensions>
      <TPX xmlns="http://www.garmin.com/xmlschemas/ActivityExtension/v2">
      <nax:Nax>
      <nax:DescentInMeters>
      0.0026397705078125
    </nax:DescentInMeters><nax:Moments>
      <nax:Halt xsi:type="nax:Halt_t" action="auto_pause">
      
    </nax:Halt>
    </nax:Moments>
    </nax:Nax>
    </TPX>
    </Extensions>
    </Trackpoint>
<Trackpoint>
      <Time>
      2025-09-09T00:34:12.316Z
    </Time><SensorState>
      Present
    </SensorState><Extensions>
      <TPX xmlns="http://www.garmin.com/xmlschemas/ActivityExtension/v2">
      <ns3:Speed>
      2.787081400811453
    </ns3:Speed><nax:Nax>
      <nax:Pace>
      5.979971256603485
    </nax:Pace><nax:Moments>
      <nax:Halt xsi:type="nax:Halt_t" action="auto_pause">
      
    </nax:Halt>
    </nax:Moments>
    </nax:Nax>
    </TPX>
    </Extensions>
    </Trackpoint>
<Trackpoint>
      <Time>
      2025-09-09T00:34:12.317Z
    </Time><DistanceMeters>
      7.558135192841291
    </DistanceMeters><Cadence>
      160.14018058776855
    </Cadence><SensorState>
      Present
    </SensorState><Extensions>
      <TPX xmlns="http://www.garmin.com/xmlschemas/ActivityExtension/v2">
      <nax:Nax>
      <nax:Moments>
      <nax:Halt xsi:type="nax:Halt_t" action="auto_pause">
      
    </nax:Halt>
    </nax:Moments>
    </nax:Nax>
    </TPX>
    </Extensions>
    </Trackpoint>
<Trackpoint>
      <Time>
      2025-09-09T00:34:12.999Z
    </Time><Position>
      <LatitudeDegrees>
      47.42591884734367
    </LatitudeDegrees><LongitudeDegrees>
      -122.2939369916922
    </LongitudeDegrees>
    </Position><AltitudeMeters>
      109.61100259050727
    </AltitudeMeters><SensorState>
      Present
    </SensorState><Extensions>
      <TPX xmlns="http://www.garmin.com/xmlschemas/ActivityExtension/v2">
      <nax:Nax>
      <nax:Moments>
      <nax:Halt xsi:type="nax:Halt_t" action="auto_pause">
      
    </nax:Halt>
    </nax:Moments>
    </nax:Nax>
    </TPX>
    </Extensions>
    </Trackpoint>
<Trackpoint>
      <Time>
      2025-09-09T00:34:14.872Z
    </Time><SensorState>
      Present
    </SensorState><Extensions>
      <TPX xmlns="http://www.garmin.com/xmlschemas/ActivityExtension/v2">
      <ns3:Speed>
      2.785594603677559
    </ns3:Speed><nax:Nax>
      <nax:Pace>
      5.98316303623766
    </nax:Pace><nax:Moments>
      <nax:Halt xsi:type="nax:Halt_t" action="auto_pause">
      
    </nax:Halt>
    </nax:Moments>
    </nax:Nax>
    </TPX>
    </Extensions>
    </Trackpoint>
<Trackpoint>
      <Time>
      2025-09-09T00:34:14.873Z
    </Time><DistanceMeters>
      4.621637962758541
    </DistanceMeters><Cadence>
      160.28095722198486
    </Cadence><SensorState>
      Present
    </SensorState><Extensions>
      <TPX xmlns="http://www.garmin.com/xmlschemas/ActivityExtension/v2">
      <nax:Nax>
      <nax:Moments>
      <nax:Halt xsi:type="nax:Halt_t" action="auto_pause">
      
    </nax:Halt>
    </nax:Moments>
    </nax:Nax>
    </TPX>
    </Extensions>
    </Trackpoint>
<Trackpoint>
      <Time>
      2025-09-09T00:34:16.273Z
    </Time><SensorState>
      Present
    </SensorState><Extensions>
      <TPX xmlns="http://www.garmin.com/xmlschemas/ActivityExtension/v2">
      <nax:Nax>
      <nax:AscentInMeters>
      0.00792694091796875
    </nax:AscentInMeters><nax:Moments>
      <nax:Halt xsi:type="nax:Halt_t" action="auto_pause">
      
    </nax:Halt>
    </nax:Moments>
    </nax:Nax>
    </TPX>
    </Extensions>
    </Trackpoint>
<Trackpoint>
      <Time>
      2025-09-09T00:34:17.333Z
    </Time><SensorState>
      Present
    </SensorState><Extensions>
      <TPX xmlns="http://www.garmin.com/xmlschemas/ActivityExtension/v2">
      <nax:Nax>
      <nax:AscentInMeters>
      0.00264739990234375
    </nax:AscentInMeters><nax:Moments>
      <nax:Halt xsi:type="nax:Halt_t" action="auto_pause">
      
    </nax:Halt>
    </nax:Moments>
    </nax:Nax>
    </TPX>
    </Extensions>
    </Trackpoint>
<Trackpoint>
      <Time>
      2025-09-09T00:34:17.427Z
    </Time><SensorState>
      Present
    </SensorState><Extensions>
      <TPX xmlns="http://www.garmin.com/xmlschemas/ActivityExtension/v2">
      <ns3:Speed>
      2.7807167158755246
    </ns3:Speed><nax:Nax>
      <nax:Pace>
      5.993658603019211
    </nax:Pace><nax:Moments>
      <nax:Halt xsi:type="nax:Halt_t" action="auto_pause">
      
    </nax:Halt>
    </nax:Moments>
    </nax:Nax>
    </TPX>
    </Extensions>
    </Trackpoint>
<Trackpoint>
      <Time>
      2025-09-09T00:34:17.428Z
    </Time><DistanceMeters>
      1.9603879344649613
    </DistanceMeters><Cadence>
      160.09291648864746
    </Cadence><SensorState>
      Present
    </SensorState><Extensions>
      <TPX xmlns="http://www.garmin.com/xmlschemas/ActivityExtension/v2">
      <nax:Nax>
      <nax:Moments>
      <nax:Halt xsi:type="nax:Halt_t" action="auto_pause">
      
    </nax:Halt>
    </nax:Moments>
    </nax:Nax>
    </TPX>
    </Extensions>
    </Trackpoint>
<Trackpoint>
      <Time>
      2025-09-09T00:34:18.000Z
    </Time><SensorState>
      Present
    </SensorState><Extensions>
      <TPX xmlns="http://www.garmin.com/xmlschemas/ActivityExtension/v2">
      <nax:Nax>
      <nax:NikeFuel>
      7.180170981788898
    </nax:NikeFuel><nax:Moments>
      <nax:Halt xsi:type="nax:Halt_t" action="auto_pause">
      
    </nax:Halt>
    </nax:Moments>
    </nax:Nax>
    </TPX>
    </Extensions>
    </Trackpoint>
<Trackpoint>
      <Time>
      2025-09-09T00:34:19.000Z
    </Time><Position>
      <LatitudeDegrees>
      47.42599440638338
    </LatitudeDegrees><LongitudeDegrees>
      -122.29400942709135
    </LongitudeDegrees>
    </Position><AltitudeMeters>
      111.08675939776003
    </AltitudeMeters><SensorState>
      Present
    </SensorState><Extensions>
      <TPX xmlns="http://www.garmin.com/xmlschemas/ActivityExtension/v2">
      <nax:Nax>
      <nax:Moments>
      <nax:Halt xsi:type="nax:Halt_t" action="auto_pause">
      
    </nax:Halt>
    </nax:Moments>
    </nax:Nax>
    </TPX>
    </Extensions>
    </Trackpoint>
<Trackpoint>
      <Time>
      2025-09-09T00:34:19.454Z
    </Time><SensorState>
      Present
    </SensorState><Extensions>
      <TPX xmlns="http://www.garmin.com/xmlschemas/ActivityExtension/v2">
      <nax:Nax>
      <nax:AscentInMeters>
      0.0158538818359375
    </nax:AscentInMeters><nax:Moments>
      <nax:Halt xsi:type="nax:Halt_t" action="auto_pause">
      
    </nax:Halt>
    </nax:Moments>
    </nax:Nax>
    </TPX>
    </Extensions>
    </Trackpoint>
<Trackpoint>
      <Time>
      2025-09-09T00:34:19.983Z
    </Time><SensorState>
      Present
    </SensorState><Extensions>
      <TPX xmlns="http://www.garmin.com/xmlschemas/ActivityExtension/v2">
      <ns3:Speed>
      2.76924242989808
    </ns3:Speed><nax:Nax>
      <nax:Pace>
      6.018493175868344
    </nax:Pace><nax:Moments>
      <nax:Halt xsi:type="nax:Halt_t" action="auto_pause">
      
    </nax:Halt>
    </nax:Moments>
    </nax:Nax>
    </TPX>
    </Extensions>
    </Trackpoint>
<Trackpoint>
      <Time>
      2025-09-09T00:34:19.984Z
    </Time><DistanceMeters>
      8.320413288427517
    </DistanceMeters><Cadence>
      159.7177791595459
    </Cadence><SensorState>
      Present
    </SensorState><Extensions>
      <TPX xmlns="http://www.garmin.com/xmlschemas/ActivityExtension/v2">
      <nax:Nax>
      <nax:Moments>
      <nax:Halt xsi:type="nax:Halt_t" action="auto_pause">
      
    </nax:Halt>
    </nax:Moments>
    </nax:Nax>
    </TPX>
    </Extensions>
    </Trackpoint>
<Trackpoint>
      <Time>
      2025-09-09T00:34:20.514Z
    </Time><SensorState>
      Present
    </SensorState><Extensions>
      <TPX xmlns="http://www.garmin.com/xmlschemas/ActivityExtension/v2">
      <nax:Nax>
      <nax:AscentInMeters>
      0.02906036376953125
    </nax:AscentInMeters><nax:Moments>
      <nax:Halt xsi:type="nax:Halt_t" action="auto_pause">
      
    </nax:Halt>
    </nax:Moments>
    </nax:Nax>
    </TPX>
    </Extensions>
    </Trackpoint>
<Trackpoint>
      <Time>
      2025-09-09T00:34:21.574Z
    </Time><SensorState>
      Present
    </SensorState><Extensions>
      <TPX xmlns="http://www.garmin.com/xmlschemas/ActivityExtension/v2">
      <nax:Nax>
      <nax:AscentInMeters>
      0.02114105224609375
    </nax:AscentInMeters><nax:Moments>
      <nax:Halt xsi:type="nax:Halt_t" action="auto_pause">
      
    </nax:Halt>
    </nax:Moments>
    </nax:Nax>
    </TPX>
    </Extensions>
    </Trackpoint>
<Trackpoint>
      <Time>
      2025-09-09T00:34:22.538Z
    </Time><SensorState>
      Present
    </SensorState><Extensions>
      <TPX xmlns="http://www.garmin.com/xmlschemas/ActivityExtension/v2">
      <ns3:Speed>
      2.7607393678235215
    </ns3:Speed><nax:Nax>
      <nax:Pace>
      6.037030101760794
    </nax:Pace><nax:Moments>
      <nax:Halt xsi:type="nax:Halt_t" action="auto_pause">
      
    </nax:Halt>
    </nax:Moments>
    </nax:Nax>
    </TPX>
    </Extensions>
    </Trackpoint>
<Trackpoint>
      <Time>
      2025-09-09T00:34:22.539Z
    </Time><DistanceMeters>
      7.0067133023403585
    </DistanceMeters><Cadence>
      159.46862697601318
    </Cadence><SensorState>
      Present
    </SensorState><Extensions>
      <TPX xmlns="http://www.garmin.com/xmlschemas/ActivityExtension/v2">
      <nax:Nax>
      <nax:Moments>
      <nax:Halt xsi:type="nax:Halt_t" action="auto_pause">
      
    </nax:Halt>
    </nax:Moments>
    </nax:Nax>
    </TPX>
    </Extensions>
    </Trackpoint>
<Trackpoint>
      <Time>
      2025-09-09T00:34:22.633Z
    </Time><SensorState>
      Present
    </SensorState><Extensions>
      <TPX xmlns="http://www.garmin.com/xmlschemas/ActivityExtension/v2">
      <nax:Nax>
      <nax:AscentInMeters>
      0.02114105224609375
    </nax:AscentInMeters><nax:Moments>
      <nax:Halt xsi:type="nax:Halt_t" action="auto_pause">
      
    </nax:Halt>
    </nax:Moments>
    </nax:Nax>
    </TPX>
    </Extensions>
    </Trackpoint>
<Trackpoint>
      <Time>
      2025-09-09T00:34:23.000Z
    </Time><Position>
      <LatitudeDegrees>
      47.42606523391798
    </LatitudeDegrees><LongitudeDegrees>
      -122.29389761423917
    </LongitudeDegrees>
    </Position><AltitudeMeters>
      111.20524943619967
    </AltitudeMeters><SensorState>
      Present
    </SensorState><Extensions>
      <TPX xmlns="http://www.garmin.com/xmlschemas/ActivityExtension/v2">
      <nax:Nax>
      <nax:Moments>
      <nax:Halt xsi:type="nax:Halt_t" action="auto_pause">
      
    </nax:Halt>
    </nax:Moments>
    </nax:Nax>
    </TPX>
    </Extensions>
    </Trackpoint>
<Trackpoint>
      <Time>
      2025-09-09T00:34:23.695Z
    </Time><SensorState>
      Present
    </SensorState><Extensions>
      <TPX xmlns="http://www.garmin.com/xmlschemas/ActivityExtension/v2">
      <nax:Nax>
      <nax:AscentInMeters>
      0.0343475341796875
    </nax:AscentInMeters><nax:Moments>
      <nax:Halt xsi:type="nax:Halt_t" action="auto_pause">
      
    </nax:Halt>
    </nax:Moments>
    </nax:Nax>
    </TPX>
    </Extensions>
    </Trackpoint>
<Trackpoint>
      <Time>
      2025-09-09T00:34:24.755Z
    </Time><SensorState>
      Present
    </SensorState><Extensions>
      <TPX xmlns="http://www.garmin.com/xmlschemas/ActivityExtension/v2">
      <nax:Nax>
      <nax:AscentInMeters>
      0.05812835693359375
    </nax:AscentInMeters><nax:Moments>
      <nax:Halt xsi:type="nax:Halt_t" action="auto_pause">
      
    </nax:Halt>
    </nax:Moments>
    </nax:Nax>
    </TPX>
    </Extensions>
    </Trackpoint>
<Trackpoint>
      <Time>
      2025-09-09T00:34:25.094Z
    </Time><SensorState>
      Present
    </SensorState><Extensions>
      <TPX xmlns="http://www.garmin.com/xmlschemas/ActivityExtension/v2">
      <ns3:Speed>
      2.7525825218151585
    </ns3:Speed><nax:Nax>
      <nax:Pace>
      6.054919892347506
    </nax:Pace><nax:Moments>
      <nax:Halt xsi:type="nax:Halt_t" action="auto_pause">
      
    </nax:Halt>
    </nax:Moments>
    </nax:Nax>
    </TPX>
    </Extensions>
    </Trackpoint>
<Trackpoint>
      <Time>
      2025-09-09T00:34:25.095Z
    </Time><DistanceMeters>
      6.640444045420736
    </DistanceMeters><Cadence>
      159.22802925109863
    </Cadence><SensorState>
      Present
    </SensorState><Extensions>
      <TPX xmlns="http://www.garmin.com/xmlschemas/ActivityExtension/v2">
      <nax:Nax>
      <nax:Moments>
      <nax:Halt xsi:type="nax:Halt_t" action="auto_pause">
      
    </nax:Halt>
    </nax:Moments>
    </nax:Nax>
    </TPX>
    </Extensions>
    </Trackpoint>
<Trackpoint>
      <Time>
      2025-09-09T00:34:25.815Z
    </Time><SensorState>
      Present
    </SensorState><Extensions>
      <TPX xmlns="http://www.garmin.com/xmlschemas/ActivityExtension/v2">
      <nax:Nax>
      <nax:AscentInMeters>
      0.06341552734375
    </nax:AscentInMeters><nax:Moments>
      <nax:Halt xsi:type="nax:Halt_t" action="auto_pause">
      
    </nax:Halt>
    </nax:Moments>
    </nax:Nax>
    </TPX>
    </Extensions>
    </Trackpoint>
<Trackpoint>
      <Time>
      2025-09-09T00:34:26.875Z
    </Time><SensorState>
      Present
    </SensorState><Extensions>
      <TPX xmlns="http://www.garmin.com/xmlschemas/ActivityExtension/v2">
      <nax:Nax>
      <nax:AscentInMeters>
      0.044921875
    </nax:AscentInMeters><nax:Moments>
      <nax:Halt xsi:type="nax:Halt_t" action="auto_pause">
      
    </nax:Halt>
    </nax:Moments>
    </nax:Nax>
    </TPX>
    </Extensions>
    </Trackpoint>
<Trackpoint>
      <Time>
      2025-09-09T00:34:27.000Z
    </Time><Position>
      <LatitudeDegrees>
      47.4261505583492
    </LatitudeDegrees><LongitudeDegrees>
      -122.29381341531077
    </LongitudeDegrees>
    </Position><AltitudeMeters>
      110.76792469993234
    </AltitudeMeters><SensorState>
      Present
    </SensorState><Extensions>
      <TPX xmlns="http://www.garmin.com/xmlschemas/ActivityExtension/v2">
      <nax:Nax>
      <nax:Moments>
      <nax:Halt xsi:type="nax:Halt_t" action="auto_pause">
      
    </nax:Halt>
    </nax:Moments>
    </nax:Nax>
    </TPX>
    </Extensions>
    </Trackpoint>
<Trackpoint>
      <Time>
      2025-09-09T00:34:27.649Z
    </Time><SensorState>
      Present
    </SensorState><Extensions>
      <TPX xmlns="http://www.garmin.com/xmlschemas/ActivityExtension/v2">
      <ns3:Speed>
      2.746241240329903
    </ns3:Speed><nax:Nax>
      <nax:Pace>
      6.068901166404637
    </nax:Pace><nax:Moments>
      <nax:Halt xsi:type="nax:Halt_t" action="auto_pause">
      
    </nax:Halt>
    </nax:Moments>
    </nax:Nax>
    </TPX>
    </Extensions>
    </Trackpoint>
<Trackpoint>
      <Time>
      2025-09-09T00:34:27.650Z
    </Time><DistanceMeters>
      7.377485420089215
    </DistanceMeters><Cadence>
      158.79189491271973
    </Cadence><SensorState>
      Present
    </SensorState><Extensions>
      <TPX xmlns="http://www.garmin.com/xmlschemas/ActivityExtension/v2">
      <nax:Nax>
      <nax:Moments>
      <nax:Halt xsi:type="nax:Halt_t" action="auto_pause">
      
    </nax:Halt>
    </nax:Moments>
    </nax:Nax>
    </TPX>
    </Extensions>
    </Trackpoint>
<Trackpoint>
      <Time>
      2025-09-09T00:34:27.935Z
    </Time><SensorState>
      Present
    </SensorState><Extensions>
      <TPX xmlns="http://www.garmin.com/xmlschemas/ActivityExtension/v2">
      <nax:Nax>
      <nax:AscentInMeters>
      0.0607757568359375
    </nax:AscentInMeters><nax:Moments>
      <nax:Halt xsi:type="nax:Halt_t" action="auto_pause">
      
    </nax:Halt>
    </nax:Moments>
    </nax:Nax>
    </TPX>
    </Extensions>
    </Trackpoint>
<Trackpoint>
      <Time>
      2025-09-09T00:34:28.000Z
    </Time><SensorState>
      Present
    </SensorState><Extensions>
      <TPX xmlns="http://www.garmin.com/xmlschemas/ActivityExtension/v2">
      <nax:Nax>
      <nax:NikeFuel>
      7.132234027094881
    </nax:NikeFuel><nax:Moments>
      <nax:Halt xsi:type="nax:Halt_t" action="auto_pause">
      
    </nax:Halt>
    </nax:Moments>
    </nax:Nax>
    </TPX>
    </Extensions>
    </Trackpoint>
<Trackpoint>
      <Time>
      2025-09-09T00:34:28.995Z
    </Time><SensorState>
      Present
    </SensorState><Extensions>
      <TPX xmlns="http://www.garmin.com/xmlschemas/ActivityExtension/v2">
      <nax:Nax>
      <nax:AscentInMeters>
      0.08719635009765625
    </nax:AscentInMeters><nax:Moments>
      <nax:Halt xsi:type="nax:Halt_t" action="auto_pause">
      
    </nax:Halt>
    </nax:Moments>
    </nax:Nax>
    </TPX>
    </Extensions>
    </Trackpoint>
<Trackpoint>
      <Time>
      2025-09-09T00:34:30.056Z
    </Time><SensorState>
      Present
    </SensorState><Extensions>
      <TPX xmlns="http://www.garmin.com/xmlschemas/ActivityExtension/v2">
      <nax:Nax>
      <nax:AscentInMeters>
      0.095123291015625
    </nax:AscentInMeters><nax:Moments>
      <nax:Halt xsi:type="nax:Halt_t" action="auto_pause">
      
    </nax:Halt>
    </nax:Moments>
    </nax:Nax>
    </TPX>
    </Extensions>
    </Trackpoint>
<Trackpoint>
      <Time>
      2025-09-09T00:34:30.205Z
    </Time><DistanceMeters>
      10.09302928764373
    </DistanceMeters><SensorState>
      Present
    </SensorState><Extensions>
      <TPX xmlns="http://www.garmin.com/xmlschemas/ActivityExtension/v2">
      <ns3:Speed>
      2.7410718704166257
    </ns3:Speed><nax:Nax>
      <nax:Pace>
      6.080346468308194
    </nax:Pace><nax:Moments>
      <nax:Halt xsi:type="nax:Halt_t" action="auto_pause">
      
    </nax:Halt>
    </nax:Moments>
    </nax:Nax>
    </TPX>
    </Extensions>
    </Trackpoint>
<Trackpoint>
      <Time>
      2025-09-09T00:34:30.206Z
    </Time><Cadence>
      158.9163637161255
    </Cadence><SensorState>
      Present
    </SensorState><Extensions>
      <TPX xmlns="http://www.garmin.com/xmlschemas/ActivityExtension/v2">
      <nax:Nax>
      <nax:Moments>
      <nax:Halt xsi:type="nax:Halt_t" action="auto_pause">
      
    </nax:Halt>
    </nax:Moments>
    </nax:Nax>
    </TPX>
    </Extensions>
    </Trackpoint>
<Trackpoint>
      <Time>
      2025-09-09T00:34:31.000Z
    </Time><Position>
      <LatitudeDegrees>
      47.426251029030674
    </LatitudeDegrees><LongitudeDegrees>
      -122.29371447804226
    </LongitudeDegrees>
    </Position><AltitudeMeters>
      109.85019065067172
    </AltitudeMeters><SensorState>
      Present
    </SensorState><Extensions>
      <TPX xmlns="http://www.garmin.com/xmlschemas/ActivityExtension/v2">
      <nax:Nax>
      <nax:Moments>
      <nax:Halt xsi:type="nax:Halt_t" action="auto_pause">
      
    </nax:Halt>
    </nax:Moments>
    </nax:Nax>
    </TPX>
    </Extensions>
    </Trackpoint>
<Trackpoint>
      <Time>
      2025-09-09T00:34:31.116Z
    </Time><SensorState>
      Present
    </SensorState><Extensions>
      <TPX xmlns="http://www.garmin.com/xmlschemas/ActivityExtension/v2">
      <nax:Nax>
      <nax:AscentInMeters>
      0.10040283203125
    </nax:AscentInMeters><nax:Moments>
      <nax:Halt xsi:type="nax:Halt_t" action="auto_pause">
      
    </nax:Halt>
    </nax:Moments>
    </nax:Nax>
    </TPX>
    </Extensions>
    </Trackpoint>
<Trackpoint>
      <Time>
      2025-09-09T00:34:32.176Z
    </Time><SensorState>
      Present
    </SensorState><Extensions>
      <TPX xmlns="http://www.garmin.com/xmlschemas/ActivityExtension/v2">
      <nax:Nax>
      <nax:AscentInMeters>
      0.0792694091796875
    </nax:AscentInMeters><nax:Moments>
      <nax:Halt xsi:type="nax:Halt_t" action="auto_pause">
      
    </nax:Halt>
    </nax:Moments>
    </nax:Nax>
    </TPX>
    </Extensions>
    </Trackpoint>
<Trackpoint>
      <Time>
      2025-09-09T00:34:32.761Z
    </Time><SensorState>
      Present
    </SensorState><Extensions>
      <TPX xmlns="http://www.garmin.com/xmlschemas/ActivityExtension/v2">
      <ns3:Speed>
      2.739370029771933
    </ns3:Speed><nax:Nax>
      <nax:Pace>
      6.084123899119337
    </nax:Pace><nax:Moments>
      <nax:Halt xsi:type="nax:Halt_t" action="auto_pause">
      
    </nax:Halt>
    </nax:Moments>
    </nax:Nax>
    </TPX>
    </Extensions>
    </Trackpoint>
<Trackpoint>
      <Time>
      2025-09-09T00:34:32.762Z
    </Time><DistanceMeters>
      8.070646526524797
    </DistanceMeters><Cadence>
      159.09660816192627
    </Cadence><SensorState>
      Present
    </SensorState><Extensions>
      <TPX xmlns="http://www.garmin.com/xmlschemas/ActivityExtension/v2">
      <nax:Nax>
      <nax:Moments>
      <nax:Halt xsi:type="nax:Halt_t" action="auto_pause">
      
    </nax:Halt>
    </nax:Moments>
    </nax:Nax>
    </TPX>
    </Extensions>
    </Trackpoint>
<Trackpoint>
      <Time>
      2025-09-09T00:34:33.236Z
    </Time><SensorState>
      Present
    </SensorState><Extensions>
      <TPX xmlns="http://www.garmin.com/xmlschemas/ActivityExtension/v2">
      <nax:Nax>
      <nax:AscentInMeters>
      0.1056976318359375
    </nax:AscentInMeters><nax:Moments>
      <nax:Halt xsi:type="nax:Halt_t" action="auto_pause">
      
    </nax:Halt>
    </nax:Moments>
    </nax:Nax>
    </TPX>
    </Extensions>
    </Trackpoint>
<Trackpoint>
      <Time>
      2025-09-09T00:34:34.297Z
    </Time><SensorState>
      Present
    </SensorState><Extensions>
      <TPX xmlns="http://www.garmin.com/xmlschemas/ActivityExtension/v2">
      <nax:Nax>
      <nax:AscentInMeters>
      0.0792694091796875
    </nax:AscentInMeters><nax:Moments>
      <nax:Halt xsi:type="nax:Halt_t" action="auto_pause">
      
    </nax:Halt>
    </nax:Moments>
    </nax:Nax>
    </TPX>
    </Extensions>
    </Trackpoint>
<Trackpoint>
      <Time>
      2025-09-09T00:34:35.000Z
    </Time><Position>
      <LatitudeDegrees>
      47.42635344363791
    </LatitudeDegrees><LongitudeDegrees>
      -122.2936484829598
    </LongitudeDegrees>
    </Position><AltitudeMeters>
      109.49424294009805
    </AltitudeMeters><SensorState>
      Present
    </SensorState><Extensions>
      <TPX xmlns="http://www.garmin.com/xmlschemas/ActivityExtension/v2">
      <nax:Nax>
      <nax:Moments>
      <nax:Halt xsi:type="nax:Halt_t" action="auto_pause">
      
    </nax:Halt>
    </nax:Moments>
    </nax:Nax>
    </TPX>
    </Extensions>
    </Trackpoint>
<Trackpoint>
      <Time>
      2025-09-09T00:34:35.316Z
    </Time><SensorState>
      Present
    </SensorState><Extensions>
      <TPX xmlns="http://www.garmin.com/xmlschemas/ActivityExtension/v2">
      <ns3:Speed>
      2.7363074265836516
    </ns3:Speed><nax:Nax>
      <nax:Pace>
      6.090933535006854
    </nax:Pace><nax:Moments>
      <nax:Halt xsi:type="nax:Halt_t" action="auto_pause">
      
    </nax:Halt>
    </nax:Moments>
    </nax:Nax>
    </TPX>
    </Extensions>
    </Trackpoint>
<Trackpoint>
      <Time>
      2025-09-09T00:34:35.317Z
    </Time><DistanceMeters>
      6.634627146180719
    </DistanceMeters><Cadence>
      158.91660690307617
    </Cadence><SensorState>
      Present
    </SensorState><Extensions>
      <TPX xmlns="http://www.garmin.com/xmlschemas/ActivityExtension/v2">
      <nax:Nax>
      <nax:Moments>
      <nax:Halt xsi:type="nax:Halt_t" action="auto_pause">
      
    </nax:Halt>
    </nax:Moments>
    </nax:Nax>
    </TPX>
    </Extensions>
    </Trackpoint>
<Trackpoint>
      <Time>
      2025-09-09T00:34:35.356Z
    </Time><SensorState>
      Present
    </SensorState><Extensions>
      <TPX xmlns="http://www.garmin.com/xmlschemas/ActivityExtension/v2">
      <nax:Nax>
      <nax:AscentInMeters>
      0.02378082275390625
    </nax:AscentInMeters><nax:Moments>
      <nax:Halt xsi:type="nax:Halt_t" action="auto_pause">
      
    </nax:Halt>
    </nax:Moments>
    </nax:Nax>
    </TPX>
    </Extensions>
    </Trackpoint>
<Trackpoint>
      <Time>
      2025-09-09T00:34:36.416Z
    </Time><SensorState>
      Present
    </SensorState><Extensions>
      <TPX xmlns="http://www.garmin.com/xmlschemas/ActivityExtension/v2">
      <nax:Nax>
      <nax:AscentInMeters>
      0.0026397705078125
    </nax:AscentInMeters><nax:Moments>
      <nax:Halt xsi:type="nax:Halt_t" action="auto_pause">
      
    </nax:Halt>
    </nax:Moments>
    </nax:Nax>
    </TPX>
    </Extensions>
    </Trackpoint>
<Trackpoint>
      <Time>
      2025-09-09T00:34:37.871Z
    </Time><SensorState>
      Present
    </SensorState><Extensions>
      <TPX xmlns="http://www.garmin.com/xmlschemas/ActivityExtension/v2">
      <ns3:Speed>
      2.7332449635605163
    </ns3:Speed><nax:Nax>
      <nax:Pace>
      6.097758118597427
    </nax:Pace><nax:Moments>
      <nax:Halt xsi:type="nax:Halt_t" action="auto_pause">
      
    </nax:Halt>
    </nax:Moments>
    </nax:Nax>
    </TPX>
    </Extensions>
    </Trackpoint>
<Trackpoint>
      <Time>
      2025-09-09T00:34:37.872Z
    </Time><DistanceMeters>
      5.469580114819109
    </DistanceMeters><Cadence>
      158.85449409484863
    </Cadence><SensorState>
      Present
    </SensorState><Extensions>
      <TPX xmlns="http://www.garmin.com/xmlschemas/ActivityExtension/v2">
      <nax:Nax>
      <nax:Moments>
      <nax:Halt xsi:type="nax:Halt_t" action="auto_pause">
      
    </nax:Halt>
    </nax:Moments>
    </nax:Nax>
    </TPX>
    </Extensions>
    </Trackpoint>
<Trackpoint>
      <Time>
      2025-09-09T00:34:38.000Z
    </Time><SensorState>
      Present
    </SensorState><Extensions>
      <TPX xmlns="http://www.garmin.com/xmlschemas/ActivityExtension/v2">
      <nax:Nax>
      <nax:NikeFuel>
      7.100936243941531
    </nax:NikeFuel><nax:Moments>
      <nax:Halt xsi:type="nax:Halt_t" action="auto_pause">
      
    </nax:Halt>
    </nax:Moments>
    </nax:Nax>
    </TPX>
    </Extensions>
    </Trackpoint>
<Trackpoint>
      <Time>
      2025-09-09T00:34:40.000Z
    </Time><Position>
      <LatitudeDegrees>
      47.42645870066953
    </LatitudeDegrees><LongitudeDegrees>
      -122.29359291736006
    </LongitudeDegrees>
    </Position><AltitudeMeters>
      109.30086823087186
    </AltitudeMeters><SensorState>
      Present
    </SensorState><Extensions>
      <TPX xmlns="http://www.garmin.com/xmlschemas/ActivityExtension/v2">
      <nax:Nax>
      <nax:Moments>
      <nax:Halt xsi:type="nax:Halt_t" action="auto_pause">
      
    </nax:Halt>
    </nax:Moments>
    </nax:Nax>
    </TPX>
    </Extensions>
    </Trackpoint>
<Trackpoint>
      <Time>
      2025-09-09T00:34:40.427Z
    </Time><SensorState>
      Present
    </SensorState><Extensions>
      <TPX xmlns="http://www.garmin.com/xmlschemas/ActivityExtension/v2">
      <ns3:Speed>
      2.728105062806318
    </ns3:Speed><nax:Nax>
      <nax:Pace>
      6.109246631990843
    </nax:Pace><nax:Moments>
      <nax:Halt xsi:type="nax:Halt_t" action="auto_pause">
      
    </nax:Halt>
    </nax:Moments>
    </nax:Nax>
    </TPX>
    </Extensions>
    </Trackpoint>
<Trackpoint>
      <Time>
      2025-09-09T00:34:40.428Z
    </Time><DistanceMeters>
      8.19392543588765
    </DistanceMeters><Cadence>
      158.73026847839355
    </Cadence><SensorState>
      Present
    </SensorState><Extensions>
      <TPX xmlns="http://www.garmin.com/xmlschemas/ActivityExtension/v2">
      <nax:Nax>
      <nax:Moments>
      <nax:Halt xsi:type="nax:Halt_t" action="auto_pause">
      
    </nax:Halt>
    </nax:Moments>
    </nax:Nax>
    </TPX>
    </Extensions>
    </Trackpoint>
<Trackpoint>
      <Time>
      2025-09-09T00:34:40.658Z
    </Time><SensorState>
      Present
    </SensorState><Extensions>
      <TPX xmlns="http://www.garmin.com/xmlschemas/ActivityExtension/v2">
      <nax:Nax>
      <nax:DescentInMeters>
      0.03963470458984375
    </nax:DescentInMeters><nax:Moments>
      <nax:Halt xsi:type="nax:Halt_t" action="auto_pause">
      
    </nax:Halt>
    </nax:Moments>
    </nax:Nax>
    </TPX>
    </Extensions>
    </Trackpoint>
<Trackpoint>
      <Time>
      2025-09-09T00:34:41.718Z
    </Time><SensorState>
      Present
    </SensorState><Extensions>
      <TPX xmlns="http://www.garmin.com/xmlschemas/ActivityExtension/v2">
      <nax:Nax>
      <nax:DescentInMeters>
      0.03435516357421875
    </nax:DescentInMeters><nax:Moments>
      <nax:Halt xsi:type="nax:Halt_t" action="auto_pause">
      
    </nax:Halt>
    </nax:Moments>
    </nax:Nax>
    </TPX>
    </Extensions>
    </Trackpoint>
<Trackpoint>
      <Time>
      2025-09-09T00:34:42.778Z
    </Time><SensorState>
      Present
    </SensorState><Extensions>
      <TPX xmlns="http://www.garmin.com/xmlschemas/ActivityExtension/v2">
      <nax:Nax>
      <nax:DescentInMeters>
      0.02642059326171875
    </nax:DescentInMeters><nax:Moments>
      <nax:Halt xsi:type="nax:Halt_t" action="auto_pause">
      
    </nax:Halt>
    </nax:Moments>
    </nax:Nax>
    </TPX>
    </Extensions>
    </Trackpoint>
<Trackpoint>
      <Time>
      2025-09-09T00:34:42.982Z
    </Time><SensorState>
      Present
    </SensorState><Extensions>
      <TPX xmlns="http://www.garmin.com/xmlschemas/ActivityExtension/v2">
      <ns3:Speed>
      2.724056469678043
    </ns3:Speed><nax:Nax>
      <nax:Pace>
      6.118326419509395
    </nax:Pace><nax:Moments>
      <nax:Halt xsi:type="nax:Halt_t" action="auto_pause">
      
    </nax:Halt>
    </nax:Moments>
    </nax:Nax>
    </TPX>
    </Extensions>
    </Trackpoint>
<Trackpoint>
      <Time>
      2025-09-09T00:34:42.983Z
    </Time><DistanceMeters>
      8.727322378428653
    </DistanceMeters><Cadence>
      158.66463661193848
    </Cadence><SensorState>
      Present
    </SensorState><Extensions>
      <TPX xmlns="http://www.garmin.com/xmlschemas/ActivityExtension/v2">
      <nax:Nax>
      <nax:Moments>
      <nax:Halt xsi:type="nax:Halt_t" action="auto_pause">
      
    </nax:Halt>
    </nax:Moments>
    </nax:Nax>
    </TPX>
    </Extensions>
    </Trackpoint>
<Trackpoint>
      <Time>
      2025-09-09T00:34:43.837Z
    </Time><SensorState>
      Present
    </SensorState><Extensions>
      <TPX xmlns="http://www.garmin.com/xmlschemas/ActivityExtension/v2">
      <nax:Nax>
      <nax:DescentInMeters>
      0.03963470458984375
    </nax:DescentInMeters><nax:Moments>
      <nax:Halt xsi:type="nax:Halt_t" action="auto_pause">
      
    </nax:Halt>
    </nax:Moments>
    </nax:Nax>
    </TPX>
    </Extensions>
    </Trackpoint>
<Trackpoint>
      <Time>
      2025-09-09T00:34:43.999Z
    </Time><Position>
      <LatitudeDegrees>
      47.426561819145064
    </LatitudeDegrees><LongitudeDegrees>
      -122.29351309996855
    </LongitudeDegrees>
    </Position><AltitudeMeters>
      108.33487985748798
    </AltitudeMeters><SensorState>
      Present
    </SensorState><Extensions>
      <TPX xmlns="http://www.garmin.com/xmlschemas/ActivityExtension/v2">
      <nax:Nax>
      <nax:Moments>
      <nax:Halt xsi:type="nax:Halt_t" action="auto_pause">
      
    </nax:Halt>
    </nax:Moments>
    </nax:Nax>
    </TPX>
    </Extensions>
    </Trackpoint>
<Trackpoint>
      <Time>
      2025-09-09T00:34:44.898Z
    </Time><SensorState>
      Present
    </SensorState><Extensions>
      <TPX xmlns="http://www.garmin.com/xmlschemas/ActivityExtension/v2">
      <nax:Nax>
      <nax:DescentInMeters>
      0.09777069091796875
    </nax:DescentInMeters><nax:Moments>
      <nax:Halt xsi:type="nax:Halt_t" action="auto_pause">
      
    </nax:Halt>
    </nax:Moments>
    </nax:Nax>
    </TPX>
    </Extensions>
    </Trackpoint>
<Trackpoint>
      <Time>
      2025-09-09T00:34:45.538Z
    </Time><SensorState>
      Present
    </SensorState><Extensions>
      <TPX xmlns="http://www.garmin.com/xmlschemas/ActivityExtension/v2">
      <ns3:Speed>
      2.721742590748106
    </ns3:Speed><nax:Nax>
      <nax:Pace>
      6.123527891036022
    </nax:Pace><nax:Moments>
      <nax:Halt xsi:type="nax:Halt_t" action="auto_pause">
      
    </nax:Halt>
    </nax:Moments>
    </nax:Nax>
    </TPX>
    </Extensions>
    </Trackpoint>
<Trackpoint>
      <Time>
      2025-09-09T00:34:45.539Z
    </Time><DistanceMeters>
      5.242912574438378
    </DistanceMeters><Cadence>
      158.54427337646484
    </Cadence><SensorState>
      Present
    </SensorState><Extensions>
      <TPX xmlns="http://www.garmin.com/xmlschemas/ActivityExtension/v2">
      <nax:Nax>
      <nax:Moments>
      <nax:Halt xsi:type="nax:Halt_t" action="auto_pause">
      
    </nax:Halt>
    </nax:Moments>
    </nax:Nax>
    </TPX>
    </Extensions>
    </Trackpoint>
<Trackpoint>
      <Time>
      2025-09-09T00:34:45.958Z
    </Time><SensorState>
      Present
    </SensorState><Extensions>
      <TPX xmlns="http://www.garmin.com/xmlschemas/ActivityExtension/v2">
      <nax:Nax>
      <nax:DescentInMeters>
      0.11890411376953125
    </nax:DescentInMeters><nax:Moments>
      <nax:Halt xsi:type="nax:Halt_t" action="auto_pause">
      
    </nax:Halt>
    </nax:Moments>
    </nax:Nax>
    </TPX>
    </Extensions>
    </Trackpoint>
<Trackpoint>
      <Time>
      2025-09-09T00:34:47.019Z
    </Time><SensorState>
      Present
    </SensorState><Extensions>
      <TPX xmlns="http://www.garmin.com/xmlschemas/ActivityExtension/v2">
      <nax:Nax>
      <nax:DescentInMeters>
      0.12154388427734375
    </nax:DescentInMeters><nax:Moments>
      <nax:Halt xsi:type="nax:Halt_t" action="auto_pause">
      
    </nax:Halt>
    </nax:Moments>
    </nax:Nax>
    </TPX>
    </Extensions>
    </Trackpoint>
<Trackpoint>
      <Time>
      2025-09-09T00:34:48.000Z
    </Time><SensorState>
      Present
    </SensorState><Extensions>
      <TPX xmlns="http://www.garmin.com/xmlschemas/ActivityExtension/v2">
      <nax:Nax>
      <nax:NikeFuel>
      7.100296857602629
    </nax:NikeFuel><nax:Moments>
      <nax:Halt xsi:type="nax:Halt_t" action="auto_pause">
      
    </nax:Halt>
    </nax:Moments>
    </nax:Nax>
    </TPX>
    </Extensions>
    </Trackpoint>
<Trackpoint>
      <Time>
      2025-09-09T00:34:48.079Z
    </Time><SensorState>
      Present
    </SensorState><Extensions>
      <TPX xmlns="http://www.garmin.com/xmlschemas/ActivityExtension/v2">
      <nax:Nax>
      <nax:DescentInMeters>
      0.18231964111328125
    </nax:DescentInMeters><nax:Moments>
      <nax:Halt xsi:type="nax:Halt_t" action="auto_pause">
      
    </nax:Halt>
    </nax:Moments>
    </nax:Nax>
    </TPX>
    </Extensions>
    </Trackpoint>
<Trackpoint>
      <Time>
      2025-09-09T00:34:48.093Z
    </Time><DistanceMeters>
      7.241738674230874
    </DistanceMeters><SensorState>
      Present
    </SensorState><Extensions>
      <TPX xmlns="http://www.garmin.com/xmlschemas/ActivityExtension/v2">
      <ns3:Speed>
      2.719994627358415
    </ns3:Speed><nax:Nax>
      <nax:Pace>
      6.127463083577074
    </nax:Pace><nax:Moments>
      <nax:Halt xsi:type="nax:Halt_t" action="auto_pause">
      
    </nax:Halt>
    </nax:Moments>
    </nax:Nax>
    </TPX>
    </Extensions>
    </Trackpoint>
<Trackpoint>
      <Time>
      2025-09-09T00:34:48.094Z
    </Time><Cadence>
      158.11182975769043
    </Cadence><SensorState>
      Present
    </SensorState><Extensions>
      <TPX xmlns="http://www.garmin.com/xmlschemas/ActivityExtension/v2">
      <nax:Nax>
      <nax:Moments>
      <nax:Halt xsi:type="nax:Halt_t" action="auto_pause">
      
    </nax:Halt>
    </nax:Moments>
    </nax:Nax>
    </TPX>
    </Extensions>
    </Trackpoint>
<Trackpoint>
      <Time>
      2025-09-09T00:34:48.999Z
    </Time><Position>
      <LatitudeDegrees>
      47.42665283515871
    </LatitudeDegrees><LongitudeDegrees>
      -122.29341803108767
    </LongitudeDegrees>
    </Position><AltitudeMeters>
      107.58870999515057
    </AltitudeMeters><SensorState>
      Present
    </SensorState><Extensions>
      <TPX xmlns="http://www.garmin.com/xmlschemas/ActivityExtension/v2">
      <nax:Nax>
      <nax:Moments>
      <nax:Halt xsi:type="nax:Halt_t" action="auto_pause">
      
    </nax:Halt>
    </nax:Moments>
    </nax:Nax>
    </TPX>
    </Extensions>
    </Trackpoint>
<Trackpoint>
      <Time>
      2025-09-09T00:34:49.139Z
    </Time><SensorState>
      Present
    </SensorState><Extensions>
      <TPX xmlns="http://www.garmin.com/xmlschemas/ActivityExtension/v2">
      <nax:Nax>
      <nax:DescentInMeters>
      0.208740234375
    </nax:DescentInMeters><nax:Moments>
      <nax:Halt xsi:type="nax:Halt_t" action="auto_pause">
      
    </nax:Halt>
    </nax:Moments>
    </nax:Nax>
    </TPX>
    </Extensions>
    </Trackpoint>
<Trackpoint>
      <Time>
      2025-09-09T00:34:50.199Z
    </Time><SensorState>
      Present
    </SensorState><Extensions>
      <TPX xmlns="http://www.garmin.com/xmlschemas/ActivityExtension/v2">
      <nax:Nax>
      <nax:DescentInMeters>
      0.16646575927734375
    </nax:DescentInMeters><nax:Moments>
      <nax:Halt xsi:type="nax:Halt_t" action="auto_pause">
      
    </nax:Halt>
    </nax:Moments>
    </nax:Nax>
    </TPX>
    </Extensions>
    </Trackpoint>
<Trackpoint>
      <Time>
      2025-09-09T00:34:50.649Z
    </Time><SensorState>
      Present
    </SensorState><Extensions>
      <TPX xmlns="http://www.garmin.com/xmlschemas/ActivityExtension/v2">
      <ns3:Speed>
      2.719784323891068
    </ns3:Speed><nax:Nax>
      <nax:Pace>
      6.127936880973873
    </nax:Pace><nax:Moments>
      <nax:Halt xsi:type="nax:Halt_t" action="auto_pause">
      
    </nax:Halt>
    </nax:Moments>
    </nax:Nax>
    </TPX>
    </Extensions>
    </Trackpoint>
<Trackpoint>
      <Time>
      2025-09-09T00:34:50.650Z
    </Time><DistanceMeters>
      8.542748952750117
    </DistanceMeters><Cadence>
      158.17354202270508
    </Cadence><SensorState>
      Present
    </SensorState><Extensions>
      <TPX xmlns="http://www.garmin.com/xmlschemas/ActivityExtension/v2">
      <nax:Nax>
      <nax:Moments>
      <nax:Halt xsi:type="nax:Halt_t" action="auto_pause">
      
    </nax:Halt>
    </nax:Moments>
    </nax:Nax>
    </TPX>
    </Extensions>
    </Trackpoint>
<Trackpoint>
      <Time>
      2025-09-09T00:34:51.258Z
    </Time><SensorState>
      Present
    </SensorState><Extensions>
      <TPX xmlns="http://www.garmin.com/xmlschemas/ActivityExtension/v2">
      <nax:Nax>
      <nax:DescentInMeters>
      0.158538818359375
    </nax:DescentInMeters><nax:Moments>
      <nax:Halt xsi:type="nax:Halt_t" action="auto_pause">
      
    </nax:Halt>
    </nax:Moments>
    </nax:Nax>
    </TPX>
    </Extensions>
    </Trackpoint>
<Trackpoint>
      <Time>
      2025-09-09T00:34:52.319Z
    </Time><SensorState>
      Present
    </SensorState><Extensions>
      <TPX xmlns="http://www.garmin.com/xmlschemas/ActivityExtension/v2">
      <nax:Nax>
      <nax:DescentInMeters>
      0.1241912841796875
    </nax:DescentInMeters><nax:Moments>
      <nax:Halt xsi:type="nax:Halt_t" action="auto_pause">
      
    </nax:Halt>
    </nax:Moments>
    </nax:Nax>
    </TPX>
    </Extensions>
    </Trackpoint>
<Trackpoint>
      <Time>
      2025-09-09T00:34:52.999Z
    </Time><Position>
      <LatitudeDegrees>
      47.42676246687876
    </LatitudeDegrees><LongitudeDegrees>
      -122.29336327261888
    </LongitudeDegrees>
    </Position><AltitudeMeters>
      107.94547638110816
    </AltitudeMeters><SensorState>
      Present
    </SensorState><Extensions>
      <TPX xmlns="http://www.garmin.com/xmlschemas/ActivityExtension/v2">
      <nax:Nax>
      <nax:Moments>
      <nax:Halt xsi:type="nax:Halt_t" action="auto_pause">
      
    </nax:Halt>
    </nax:Moments>
    </nax:Nax>
    </TPX>
    </Extensions>
    </Trackpoint>
<Trackpoint>
      <Time>
      2025-09-09T00:34:53.204Z
    </Time><SensorState>
      Present
    </SensorState><Extensions>
      <TPX xmlns="http://www.garmin.com/xmlschemas/ActivityExtension/v2">
      <ns3:Speed>
      2.7248141716133603
    </ns3:Speed><nax:Nax>
      <nax:Pace>
      6.11662506760905
    </nax:Pace><nax:Moments>
      <nax:Halt xsi:type="nax:Halt_t" action="auto_pause">
      
    </nax:Halt>
    </nax:Moments>
    </nax:Nax>
    </TPX>
    </Extensions>
    </Trackpoint>
<Trackpoint>
      <Time>
      2025-09-09T00:34:53.205Z
    </Time><DistanceMeters>
      6.743432155111805
    </DistanceMeters><Cadence>
      158.2357120513916
    </Cadence><SensorState>
      Present
    </SensorState><Extensions>
      <TPX xmlns="http://www.garmin.com/xmlschemas/ActivityExtension/v2">
      <nax:Nax>
      <nax:Moments>
      <nax:Halt xsi:type="nax:Halt_t" action="auto_pause">
      
    </nax:Halt>
    </nax:Moments>
    </nax:Nax>
    </TPX>
    </Extensions>
    </Trackpoint>
<Trackpoint>
      <Time>
      2025-09-09T00:34:53.379Z
    </Time><SensorState>
      Present
    </SensorState><Extensions>
      <TPX xmlns="http://www.garmin.com/xmlschemas/ActivityExtension/v2">
      <nax:Nax>
      <nax:DescentInMeters>
      0.11890411376953125
    </nax:DescentInMeters><nax:Moments>
      <nax:Halt xsi:type="nax:Halt_t" action="auto_pause">
      
    </nax:Halt>
    </nax:Moments>
    </nax:Nax>
    </TPX>
    </Extensions>
    </Trackpoint>
<Trackpoint>
      <Time>
      2025-09-09T00:34:54.440Z
    </Time><SensorState>
      Present
    </SensorState><Extensions>
      <TPX xmlns="http://www.garmin.com/xmlschemas/ActivityExtension/v2">
      <nax:Nax>
      <nax:DescentInMeters>
      0.11626434326171875
    </nax:DescentInMeters><nax:Moments>
      <nax:Halt xsi:type="nax:Halt_t" action="auto_pause">
      
    </nax:Halt>
    </nax:Moments>
    </nax:Nax>
    </TPX>
    </Extensions>
    </Trackpoint>
<Trackpoint>
      <Time>
      2025-09-09T00:34:55.500Z
    </Time><SensorState>
      Present
    </SensorState><Extensions>
      <TPX xmlns="http://www.garmin.com/xmlschemas/ActivityExtension/v2">
      <nax:Nax>
      <nax:DescentInMeters>
      0.0792694091796875
    </nax:DescentInMeters><nax:Moments>
      <nax:Halt xsi:type="nax:Halt_t" action="auto_pause">
      
    </nax:Halt>
    </nax:Moments>
    </nax:Nax>
    </TPX>
    </Extensions>
    </Trackpoint>
<Trackpoint>
      <Time>
      2025-09-09T00:34:55.760Z
    </Time><SensorState>
      Present
    </SensorState><Extensions>
      <TPX xmlns="http://www.garmin.com/xmlschemas/ActivityExtension/v2">
      <ns3:Speed>
      2.7328945180785933
    </ns3:Speed><nax:Nax>
      <nax:Pace>
      6.0985400484408165
    </nax:Pace><nax:Moments>
      <nax:Halt xsi:type="nax:Halt_t" action="auto_pause">
      
    </nax:Halt>
    </nax:Moments>
    </nax:Nax>
    </TPX>
    </Extensions>
    </Trackpoint>
<Trackpoint>
      <Time>
      2025-09-09T00:34:55.761Z
    </Time><DistanceMeters>
      8.20171043695882
    </DistanceMeters><Cadence>
      158.1120729446411
    </Cadence><SensorState>
      Present
    </SensorState><Extensions>
      <TPX xmlns="http://www.garmin.com/xmlschemas/ActivityExtension/v2">
      <nax:Nax>
      <nax:Moments>
      <nax:Halt xsi:type="nax:Halt_t" action="auto_pause">
      
    </nax:Halt>
    </nax:Moments>
    </nax:Nax>
    </TPX>
    </Extensions>
    </Trackpoint>
<Trackpoint>
      <Time>
      2025-09-09T00:34:56.560Z
    </Time><SensorState>
      Present
    </SensorState><Extensions>
      <TPX xmlns="http://www.garmin.com/xmlschemas/ActivityExtension/v2">
      <nax:Nax>
      <nax:DescentInMeters>
      0.0422821044921875
    </nax:DescentInMeters><nax:Moments>
      <nax:Halt xsi:type="nax:Halt_t" action="auto_pause">
      
    </nax:Halt>
    </nax:Moments>
    </nax:Nax>
    </TPX>
    </Extensions>
    </Trackpoint>
<Trackpoint>
      <Time>
      2025-09-09T00:34:56.999Z
    </Time><Position>
      <LatitudeDegrees>
      47.42687013680138
    </LatitudeDegrees><LongitudeDegrees>
      -122.29333779158512
    </LongitudeDegrees>
    </Position><AltitudeMeters>
      108.03127864655107
    </AltitudeMeters><SensorState>
      Present
    </SensorState><Extensions>
      <TPX xmlns="http://www.garmin.com/xmlschemas/ActivityExtension/v2">
      <nax:Nax>
      <nax:Moments>
      <nax:Halt xsi:type="nax:Halt_t" action="auto_pause">
      
    </nax:Halt>
    </nax:Moments>
    </nax:Nax>
    </TPX>
    </Extensions>
    </Trackpoint>
<Trackpoint>
      <Time>
      2025-09-09T00:34:58.000Z
    </Time><SensorState>
      Present
    </SensorState><Extensions>
      <TPX xmlns="http://www.garmin.com/xmlschemas/ActivityExtension/v2">
      <nax:Nax>
      <nax:NikeFuel>
      7.188822997928298
    </nax:NikeFuel><nax:Moments>
      <nax:Halt xsi:type="nax:Halt_t" action="auto_pause">
      
    </nax:Halt>
    </nax:Moments>
    </nax:Nax>
    </TPX>
    </Extensions>
    </Trackpoint>
<Trackpoint>
      <Time>
      2025-09-09T00:34:58.315Z
    </Time><SensorState>
      Present
    </SensorState><Extensions>
      <TPX xmlns="http://www.garmin.com/xmlschemas/ActivityExtension/v2">
      <ns3:Speed>
      2.745068189157519
    </ns3:Speed><nax:Nax>
      <nax:Pace>
      6.071494592555745
    </nax:Pace><nax:Moments>
      <nax:Halt xsi:type="nax:Halt_t" action="auto_pause">
      
    </nax:Halt>
    </nax:Moments>
    </nax:Nax>
    </TPX>
    </Extensions>
    </Trackpoint>
<Trackpoint>
      <Time>
      2025-09-09T00:34:58.316Z
    </Time><DistanceMeters>
      7.658187351422384
    </DistanceMeters><Cadence>
      158.11218738555908
    </Cadence><SensorState>
      Present
    </SensorState><Extensions>
      <TPX xmlns="http://www.garmin.com/xmlschemas/ActivityExtension/v2">
      <nax:Nax>
      <nax:Moments>
      <nax:Halt xsi:type="nax:Halt_t" action="auto_pause">
      
    </nax:Halt>
    </nax:Moments>
    </nax:Nax>
    </TPX>
    </Extensions>
    </Trackpoint>
<Trackpoint>
      <Time>
      2025-09-09T00:35:00.801Z
    </Time><SensorState>
      Present
    </SensorState><Extensions>
      <TPX xmlns="http://www.garmin.com/xmlschemas/ActivityExtension/v2">
      <nax:Nax>
      <nax:AscentInMeters>
      0.08719635009765625
    </nax:AscentInMeters><nax:Moments>
      <nax:Halt xsi:type="nax:Halt_t" action="auto_pause">
      
    </nax:Halt>
    </nax:Moments>
    </nax:Nax>
    </TPX>
    </Extensions>
    </Trackpoint>
<Trackpoint>
      <Time>
      2025-09-09T00:35:00.871Z
    </Time><SensorState>
      Present
    </SensorState><Extensions>
      <TPX xmlns="http://www.garmin.com/xmlschemas/ActivityExtension/v2">
      <ns3:Speed>
      2.7564071824635894
    </ns3:Speed><nax:Nax>
      <nax:Pace>
      6.046518370979765
    </nax:Pace><nax:Moments>
      <nax:Halt xsi:type="nax:Halt_t" action="auto_pause">
      
    </nax:Halt>
    </nax:Moments>
    </nax:Nax>
    </TPX>
    </Extensions>
    </Trackpoint>
<Trackpoint>
      <Time>
      2025-09-09T00:35:00.872Z
    </Time><DistanceMeters>
      8.37789205252193
    </DistanceMeters><Cadence>
      157.92768001556396
    </Cadence><SensorState>
      Present
    </SensorState><Extensions>
      <TPX xmlns="http://www.garmin.com/xmlschemas/ActivityExtension/v2">
      <nax:Nax>
      <nax:Moments>
      <nax:Halt xsi:type="nax:Halt_t" action="auto_pause">
      
    </nax:Halt>
    </nax:Moments>
    </nax:Nax>
    </TPX>
    </Extensions>
    </Trackpoint>
<Trackpoint>
      <Time>
      2025-09-09T00:35:00.999Z
    </Time><Position>
      <LatitudeDegrees>
      47.42697584119747
    </LatitudeDegrees><LongitudeDegrees>
      -122.2932739764666
    </LongitudeDegrees>
    </Position><AltitudeMeters>
      108.55263475049287
    </AltitudeMeters><SensorState>
      Present
    </SensorState><Extensions>
      <TPX xmlns="http://www.garmin.com/xmlschemas/ActivityExtension/v2">
      <nax:Nax>
      <nax:Moments>
      <nax:Halt xsi:type="nax:Halt_t" action="auto_pause">
      
    </nax:Halt>
    </nax:Moments>
    </nax:Nax>
    </TPX>
    </Extensions>
    </Trackpoint>
<Trackpoint>
      <Time>
      2025-09-09T00:35:01.861Z
    </Time><SensorState>
      Present
    </SensorState><Extensions>
      <TPX xmlns="http://www.garmin.com/xmlschemas/ActivityExtension/v2">
      <nax:Nax>
      <nax:AscentInMeters>
      0.0422821044921875
    </nax:AscentInMeters><nax:Moments>
      <nax:Halt xsi:type="nax:Halt_t" action="auto_pause">
      
    </nax:Halt>
    </nax:Moments>
    </nax:Nax>
    </TPX>
    </Extensions>
    </Trackpoint>
<Trackpoint>
      <Time>
      2025-09-09T00:35:02.921Z
    </Time><SensorState>
      Present
    </SensorState><Extensions>
      <TPX xmlns="http://www.garmin.com/xmlschemas/ActivityExtension/v2">
      <nax:Nax>
      <nax:AscentInMeters>
      0.06076812744140625
    </nax:AscentInMeters><nax:Moments>
      <nax:Halt xsi:type="nax:Halt_t" action="auto_pause">
      
    </nax:Halt>
    </nax:Moments>
    </nax:Nax>
    </TPX>
    </Extensions>
    </Trackpoint>
<Trackpoint>
      <Time>
      2025-09-09T00:35:03.426Z
    </Time><SensorState>
      Present
    </SensorState><Extensions>
      <TPX xmlns="http://www.garmin.com/xmlschemas/ActivityExtension/v2">
      <ns3:Speed>
      2.766531817557707
    </ns3:Speed><nax:Nax>
      <nax:Pace>
      6.024390018178064
    </nax:Pace><nax:Moments>
      <nax:Halt xsi:type="nax:Halt_t" action="auto_pause">
      
    </nax:Halt>
    </nax:Moments>
    </nax:Nax>
    </TPX>
    </Extensions>
    </Trackpoint>
<Trackpoint>
      <Time>
      2025-09-09T00:35:03.427Z
    </Time><DistanceMeters>
      6.198480788152665
    </DistanceMeters><Cadence>
      158.04983139038086
    </Cadence><SensorState>
      Present
    </SensorState><Extensions>
      <TPX xmlns="http://www.garmin.com/xmlschemas/ActivityExtension/v2">
      <nax:Nax>
      <nax:Moments>
      <nax:Halt xsi:type="nax:Halt_t" action="auto_pause">
      
    </nax:Halt>
    </nax:Moments>
    </nax:Nax>
    </TPX>
    </Extensions>
    </Trackpoint>
<Trackpoint>
      <Time>
      2025-09-09T00:35:03.981Z
    </Time><SensorState>
      Present
    </SensorState><Extensions>
      <TPX xmlns="http://www.garmin.com/xmlschemas/ActivityExtension/v2">
      <nax:Nax>
      <nax:AscentInMeters>
      0.09777069091796875
    </nax:AscentInMeters><nax:Moments>
      <nax:Halt xsi:type="nax:Halt_t" action="auto_pause">
      
    </nax:Halt>
    </nax:Moments>
    </nax:Nax>
    </TPX>
    </Extensions>
    </Trackpoint>
<Trackpoint>
      <Time>
      2025-09-09T00:35:04.999Z
    </Time><Position>
      <LatitudeDegrees>
      47.42706798303596
    </LatitudeDegrees><LongitudeDegrees>
      -122.29322269182384
    </LongitudeDegrees>
    </Position><AltitudeMeters>
      109.13373633753508
    </AltitudeMeters><SensorState>
      Present
    </SensorState><Extensions>
      <TPX xmlns="http://www.garmin.com/xmlschemas/ActivityExtension/v2">
      <nax:Nax>
      <nax:Moments>
      <nax:Halt xsi:type="nax:Halt_t" action="auto_pause">
      
    </nax:Halt>
    </nax:Moments>
    </nax:Nax>
    </TPX>
    </Extensions>
    </Trackpoint>
<Trackpoint>
      <Time>
      2025-09-09T00:35:05.041Z
    </Time><SensorState>
      Present
    </SensorState><Extensions>
      <TPX xmlns="http://www.garmin.com/xmlschemas/ActivityExtension/v2">
      <nax:Nax>
      <nax:AscentInMeters>
      0.11626434326171875
    </nax:AscentInMeters><nax:Moments>
      <nax:Halt xsi:type="nax:Halt_t" action="auto_pause">
      
    </nax:Halt>
    </nax:Moments>
    </nax:Nax>
    </TPX>
    </Extensions>
    </Trackpoint>
<Trackpoint>
      <Time>
      2025-09-09T00:35:05.982Z
    </Time><SensorState>
      Present
    </SensorState><Extensions>
      <TPX xmlns="http://www.garmin.com/xmlschemas/ActivityExtension/v2">
      <ns3:Speed>
      2.7750228115253313
    </ns3:Speed><nax:Nax>
      <nax:Pace>
      6.005956634823335
    </nax:Pace><nax:Moments>
      <nax:Halt xsi:type="nax:Halt_t" action="auto_pause">
      
    </nax:Halt>
    </nax:Moments>
    </nax:Nax>
    </TPX>
    </Extensions>
    </Trackpoint>
<Trackpoint>
      <Time>
      2025-09-09T00:35:05.983Z
    </Time><DistanceMeters>
      7.7499747856054455
    </DistanceMeters><Cadence>
      158.23581218719482
    </Cadence><SensorState>
      Present
    </SensorState><Extensions>
      <TPX xmlns="http://www.garmin.com/xmlschemas/ActivityExtension/v2">
      <nax:Nax>
      <nax:Moments>
      <nax:Halt xsi:type="nax:Halt_t" action="auto_pause">
      
    </nax:Halt>
    </nax:Moments>
    </nax:Nax>
    </TPX>
    </Extensions>
    </Trackpoint>
<Trackpoint>
      <Time>
      2025-09-09T00:35:06.100Z
    </Time><SensorState>
      Present
    </SensorState><Extensions>
      <TPX xmlns="http://www.garmin.com/xmlschemas/ActivityExtension/v2">
      <nax:Nax>
      <nax:AscentInMeters>
      0.15061187744140625
    </nax:AscentInMeters><nax:Moments>
      <nax:Halt xsi:type="nax:Halt_t" action="auto_pause">
      
    </nax:Halt>
    </nax:Moments>
    </nax:Nax>
    </TPX>
    </Extensions>
    </Trackpoint>
<Trackpoint>
      <Time>
      2025-09-09T00:35:07.162Z
    </Time><SensorState>
      Present
    </SensorState><Extensions>
      <TPX xmlns="http://www.garmin.com/xmlschemas/ActivityExtension/v2">
      <nax:Nax>
      <nax:AscentInMeters>
      0.1294708251953125
    </nax:AscentInMeters><nax:Moments>
      <nax:Halt xsi:type="nax:Halt_t" action="auto_pause">
      
    </nax:Halt>
    </nax:Moments>
    </nax:Nax>
    </TPX>
    </Extensions>
    </Trackpoint>
<Trackpoint>
      <Time>
      2025-09-09T00:35:08.000Z
    </Time><SensorState>
      Present
    </SensorState><Extensions>
      <TPX xmlns="http://www.garmin.com/xmlschemas/ActivityExtension/v2">
      <nax:Nax>
      <nax:NikeFuel>
      7.267785398236336
    </nax:NikeFuel><nax:Moments>
      <nax:Halt xsi:type="nax:Halt_t" action="auto_pause">
      
    </nax:Halt>
    </nax:Moments>
    </nax:Nax>
    </TPX>
    </Extensions>
    </Trackpoint>
<Trackpoint>
      <Time>
      2025-09-09T00:35:08.222Z
    </Time><SensorState>
      Present
    </SensorState><Extensions>
      <TPX xmlns="http://www.garmin.com/xmlschemas/ActivityExtension/v2">
      <nax:Nax>
      <nax:AscentInMeters>
      0.1426849365234375
    </nax:AscentInMeters><nax:Moments>
      <nax:Halt xsi:type="nax:Halt_t" action="auto_pause">
      
    </nax:Halt>
    </nax:Moments>
    </nax:Nax>
    </TPX>
    </Extensions>
    </Trackpoint>
<Trackpoint>
      <Time>
      2025-09-09T00:35:08.537Z
    </Time><SensorState>
      Present
    </SensorState><Extensions>
      <TPX xmlns="http://www.garmin.com/xmlschemas/ActivityExtension/v2">
      <ns3:Speed>
      2.783627261882114
    </ns3:Speed><nax:Nax>
      <nax:Pace>
      5.987391665146186
    </nax:Pace><nax:Moments>
      <nax:Halt xsi:type="nax:Halt_t" action="auto_pause">
      
    </nax:Halt>
    </nax:Moments>
    </nax:Nax>
    </TPX>
    </Extensions>
    </Trackpoint>
<Trackpoint>
      <Time>
      2025-09-09T00:35:08.538Z
    </Time><DistanceMeters>
      7.057810295838863
    </DistanceMeters><Cadence>
      158.1743288040161
    </Cadence><SensorState>
      Present
    </SensorState><Extensions>
      <TPX xmlns="http://www.garmin.com/xmlschemas/ActivityExtension/v2">
      <nax:Nax>
      <nax:Moments>
      <nax:Halt xsi:type="nax:Halt_t" action="auto_pause">
      
    </nax:Halt>
    </nax:Moments>
    </nax:Nax>
    </TPX>
    </Extensions>
    </Trackpoint>
<Trackpoint>
      <Time>
      2025-09-09T00:35:08.999Z
    </Time><Position>
      <LatitudeDegrees>
      47.42716249069031
    </LatitudeDegrees><LongitudeDegrees>
      -122.29317418921156
    </LongitudeDegrees>
    </Position><AltitudeMeters>
      109.00814278051257
    </AltitudeMeters><SensorState>
      Present
    </SensorState><Extensions>
      <TPX xmlns="http://www.garmin.com/xmlschemas/ActivityExtension/v2">
      <nax:Nax>
      <nax:Moments>
      <nax:Halt xsi:type="nax:Halt_t" action="auto_pause">
      
    </nax:Halt>
    </nax:Moments>
    </nax:Nax>
    </TPX>
    </Extensions>
    </Trackpoint>
<Trackpoint>
      <Time>
      2025-09-09T00:35:09.282Z
    </Time><SensorState>
      Present
    </SensorState><Extensions>
      <TPX xmlns="http://www.garmin.com/xmlschemas/ActivityExtension/v2">
      <nax:Nax>
      <nax:AscentInMeters>
      0.11626434326171875
    </nax:AscentInMeters><nax:Moments>
      <nax:Halt xsi:type="nax:Halt_t" action="auto_pause">
      
    </nax:Halt>
    </nax:Moments>
    </nax:Nax>
    </TPX>
    </Extensions>
    </Trackpoint>
<Trackpoint>
      <Time>
      2025-09-09T00:35:10.342Z
    </Time><SensorState>
      Present
    </SensorState><Extensions>
      <TPX xmlns="http://www.garmin.com/xmlschemas/ActivityExtension/v2">
      <nax:Nax>
      <nax:AscentInMeters>
      0.07134246826171875
    </nax:AscentInMeters><nax:Moments>
      <nax:Halt xsi:type="nax:Halt_t" action="auto_pause">
      
    </nax:Halt>
    </nax:Moments>
    </nax:Nax>
    </TPX>
    </Extensions>
    </Trackpoint>
<Trackpoint>
      <Time>
      2025-09-09T00:35:11.092Z
    </Time><SensorState>
      Present
    </SensorState><Extensions>
      <TPX xmlns="http://www.garmin.com/xmlschemas/ActivityExtension/v2">
      <ns3:Speed>
      2.789809040339823
    </ns3:Speed><nax:Nax>
      <nax:Pace>
      5.974124546042951
    </nax:Pace><nax:Moments>
      <nax:Halt xsi:type="nax:Halt_t" action="auto_pause">
      
    </nax:Halt>
    </nax:Moments>
    </nax:Nax>
    </TPX>
    </Extensions>
    </Trackpoint>
<Trackpoint>
      <Time>
      2025-09-09T00:35:11.093Z
    </Time><DistanceMeters>
      8.535328497644514
    </DistanceMeters><Cadence>
      158.11294555664062
    </Cadence><SensorState>
      Present
    </SensorState><Extensions>
      <TPX xmlns="http://www.garmin.com/xmlschemas/ActivityExtension/v2">
      <nax:Nax>
      <nax:Moments>
      <nax:Halt xsi:type="nax:Halt_t" action="auto_pause">
      
    </nax:Halt>
    </nax:Moments>
    </nax:Nax>
    </TPX>
    </Extensions>
    </Trackpoint>
<Trackpoint>
      <Time>
      2025-09-09T00:35:11.402Z
    </Time><SensorState>
      Present
    </SensorState><Extensions>
      <TPX xmlns="http://www.garmin.com/xmlschemas/ActivityExtension/v2">
      <nax:Nax>
      <nax:AscentInMeters>
      0.05812835693359375
    </nax:AscentInMeters><nax:Moments>
      <nax:Halt xsi:type="nax:Halt_t" action="auto_pause">
      
    </nax:Halt>
    </nax:Moments>
    </nax:Nax>
    </TPX>
    </Extensions>
    </Trackpoint>
<Trackpoint>
      <Time>
      2025-09-09T00:35:12.462Z
    </Time><SensorState>
      Present
    </SensorState><Extensions>
      <TPX xmlns="http://www.garmin.com/xmlschemas/ActivityExtension/v2">
      <nax:Nax>
      <nax:AscentInMeters>
      0.01849365234375
    </nax:AscentInMeters><nax:Moments>
      <nax:Halt xsi:type="nax:Halt_t" action="auto_pause">
      
    </nax:Halt>
    </nax:Moments>
    </nax:Nax>
    </TPX>
    </Extensions>
    </Trackpoint>
<Trackpoint>
      <Time>
      2025-09-09T00:35:12.999Z
    </Time><Position>
      <LatitudeDegrees>
      47.42726673803473
    </LatitudeDegrees><LongitudeDegrees>
      -122.29311246302962
    </LongitudeDegrees>
    </Position><AltitudeMeters>
      109.48003671038896
    </AltitudeMeters><SensorState>
      Present
    </SensorState><Extensions>
      <TPX xmlns="http://www.garmin.com/xmlschemas/ActivityExtension/v2">
      <nax:Nax>
      <nax:Moments>
      <nax:Halt xsi:type="nax:Halt_t" action="auto_pause">
      
    </nax:Halt>
    </nax:Moments>
    </nax:Nax>
    </TPX>
    </Extensions>
    </Trackpoint>
<Trackpoint>
      <Time>
      2025-09-09T00:35:13.521Z
    </Time><SensorState>
      Present
    </SensorState><Extensions>
      <TPX xmlns="http://www.garmin.com/xmlschemas/ActivityExtension/v2">
      <nax:Nax>
      <nax:AscentInMeters>
      0.0475616455078125
    </nax:AscentInMeters><nax:Moments>
      <nax:Halt xsi:type="nax:Halt_t" action="auto_pause">
      
    </nax:Halt>
    </nax:Moments>
    </nax:Nax>
    </TPX>
    </Extensions>
    </Trackpoint>
<Trackpoint>
      <Time>
      2025-09-09T00:35:13.648Z
    </Time><SensorState>
      Present
    </SensorState><Extensions>
      <TPX xmlns="http://www.garmin.com/xmlschemas/ActivityExtension/v2">
      <ns3:Speed>
      2.79652852430474
    </ns3:Speed><nax:Nax>
      <nax:Pace>
      5.9597699511433575
    </nax:Pace><nax:Moments>
      <nax:Halt xsi:type="nax:Halt_t" action="auto_pause">
      
    </nax:Halt>
    </nax:Moments>
    </nax:Nax>
    </TPX>
    </Extensions>
    </Trackpoint>
<Trackpoint>
      <Time>
      2025-09-09T00:35:13.649Z
    </Time><DistanceMeters>
      6.452123968396336
    </DistanceMeters><Cadence>
      158.11275959014893
    </Cadence><SensorState>
      Present
    </SensorState><Extensions>
      <TPX xmlns="http://www.garmin.com/xmlschemas/ActivityExtension/v2">
      <nax:Nax>
      <nax:Moments>
      <nax:Halt xsi:type="nax:Halt_t" action="auto_pause">
      
    </nax:Halt>
    </nax:Moments>
    </nax:Nax>
    </TPX>
    </Extensions>
    </Trackpoint>
<Trackpoint>
      <Time>
      2025-09-09T00:35:14.582Z
    </Time><SensorState>
      Present
    </SensorState><Extensions>
      <TPX xmlns="http://www.garmin.com/xmlschemas/ActivityExtension/v2">
      <nax:Nax>
      <nax:AscentInMeters>
      0.08984375
    </nax:AscentInMeters><nax:Moments>
      <nax:Halt xsi:type="nax:Halt_t" action="auto_pause">
      
    </nax:Halt>
    </nax:Moments>
    </nax:Nax>
    </TPX>
    </Extensions>
    </Trackpoint>
<Trackpoint>
      <Time>
      2025-09-09T00:35:15.642Z
    </Time><SensorState>
      Present
    </SensorState><Extensions>
      <TPX xmlns="http://www.garmin.com/xmlschemas/ActivityExtension/v2">
      <nax:Nax>
      <nax:AscentInMeters>
      0.0290679931640625
    </nax:AscentInMeters><nax:Moments>
      <nax:Halt xsi:type="nax:Halt_t" action="auto_pause">
      
    </nax:Halt>
    </nax:Moments>
    </nax:Nax>
    </TPX>
    </Extensions>
    </Trackpoint>
<Trackpoint>
      <Time>
      2025-09-09T00:35:16.203Z
    </Time><SensorState>
      Present
    </SensorState><Extensions>
      <TPX xmlns="http://www.garmin.com/xmlschemas/ActivityExtension/v2">
      <ns3:Speed>
      2.8028841635864934
    </ns3:Speed><nax:Nax>
      <nax:Pace>
      5.946255961338217
    </nax:Pace><nax:Moments>
      <nax:Halt xsi:type="nax:Halt_t" action="auto_pause">
      
    </nax:Halt>
    </nax:Moments>
    </nax:Nax>
    </TPX>
    </Extensions>
    </Trackpoint>
<Trackpoint>
      <Time>
      2025-09-09T00:35:16.204Z
    </Time><DistanceMeters>
      6.740629814332351
    </DistanceMeters><Cadence>
      157.92891025543213
    </Cadence><SensorState>
      Present
    </SensorState><Extensions>
      <TPX xmlns="http://www.garmin.com/xmlschemas/ActivityExtension/v2">
      <nax:Nax>
      <nax:Moments>
      <nax:Halt xsi:type="nax:Halt_t" action="auto_pause">
      
    </nax:Halt>
    </nax:Moments>
    </nax:Nax>
    </TPX>
    </Extensions>
    </Trackpoint>
<Trackpoint>
      <Time>
      2025-09-09T00:35:16.999Z
    </Time><Position>
      <LatitudeDegrees>
      47.42735297402823
    </LatitudeDegrees><LongitudeDegrees>
      -122.29307397681985
    </LongitudeDegrees>
    </Position><AltitudeMeters>
      108.01225785817951
    </AltitudeMeters><SensorState>
      Present
    </SensorState><Extensions>
      <TPX xmlns="http://www.garmin.com/xmlschemas/ActivityExtension/v2">
      <nax:Nax>
      <nax:Moments>
      <nax:Halt xsi:type="nax:Halt_t" action="auto_pause">
      
    </nax:Halt>
    </nax:Moments>
    </nax:Nax>
    </TPX>
    </Extensions>
    </Trackpoint>
<Trackpoint>
      <Time>
      2025-09-09T00:35:18.000Z
    </Time><SensorState>
      Present
    </SensorState><Extensions>
      <TPX xmlns="http://www.garmin.com/xmlschemas/ActivityExtension/v2">
      <nax:Nax>
      <nax:NikeFuel>
      7.339042200471612
    </nax:NikeFuel><nax:Moments>
      <nax:Halt xsi:type="nax:Halt_t" action="auto_pause">
      
    </nax:Halt>
    </nax:Moments>
    </nax:Nax>
    </TPX>
    </Extensions>
    </Trackpoint>
<Trackpoint>
      <Time>
      2025-09-09T00:35:18.759Z
    </Time><SensorState>
      Present
    </SensorState><Extensions>
      <TPX xmlns="http://www.garmin.com/xmlschemas/ActivityExtension/v2">
      <ns3:Speed>
      2.808160831612469
    </ns3:Speed><nax:Nax>
      <nax:Pace>
      5.9350826630170355
    </nax:Pace><nax:Moments>
      <nax:Halt xsi:type="nax:Halt_t" action="auto_pause">
      
    </nax:Halt>
    </nax:Moments>
    </nax:Nax>
    </TPX>
    </Extensions>
    </Trackpoint>
<Trackpoint>
      <Time>
      2025-09-09T00:35:18.760Z
    </Time><DistanceMeters>
      10.572386416606605
    </DistanceMeters><Cadence>
      158.11383247375488
    </Cadence><SensorState>
      Present
    </SensorState><Extensions>
      <TPX xmlns="http://www.garmin.com/xmlschemas/ActivityExtension/v2">
      <nax:Nax>
      <nax:Moments>
      <nax:Halt xsi:type="nax:Halt_t" action="auto_pause">
      
    </nax:Halt>
    </nax:Moments>
    </nax:Nax>
    </TPX>
    </Extensions>
    </Trackpoint>
<Trackpoint>
      <Time>
      2025-09-09T00:35:19.883Z
    </Time><SensorState>
      Present
    </SensorState><Extensions>
      <TPX xmlns="http://www.garmin.com/xmlschemas/ActivityExtension/v2">
      <nax:Nax>
      <nax:DescentInMeters>
      0.221954345703125
    </nax:DescentInMeters><nax:Moments>
      <nax:Halt xsi:type="nax:Halt_t" action="auto_pause">
      
    </nax:Halt>
    </nax:Moments>
    </nax:Nax>
    </TPX>
    </Extensions>
    </Trackpoint>
<Trackpoint>
      <Time>
      2025-09-09T00:35:19.999Z
    </Time><Position>
      <LatitudeDegrees>
      47.42744110219916
    </LatitudeDegrees><LongitudeDegrees>
      -122.29298752328883
    </LongitudeDegrees>
    </Position><AltitudeMeters>
      107.90711660124362
    </AltitudeMeters><SensorState>
      Present
    </SensorState><Extensions>
      <TPX xmlns="http://www.garmin.com/xmlschemas/ActivityExtension/v2">
      <nax:Nax>
      <nax:Moments>
      <nax:Halt xsi:type="nax:Halt_t" action="auto_pause">
      
    </nax:Halt>
    </nax:Moments>
    </nax:Nax>
    </TPX>
    </Extensions>
    </Trackpoint>
<Trackpoint>
      <Time>
      2025-09-09T00:35:20.942Z
    </Time><SensorState>
      Present
    </SensorState><Extensions>
      <TPX xmlns="http://www.garmin.com/xmlschemas/ActivityExtension/v2">
      <nax:Nax>
      <nax:DescentInMeters>
      0.2061004638671875
    </nax:DescentInMeters><nax:Moments>
      <nax:Halt xsi:type="nax:Halt_t" action="auto_pause">
      
    </nax:Halt>
    </nax:Moments>
    </nax:Nax>
    </TPX>
    </Extensions>
    </Trackpoint>
<Trackpoint>
      <Time>
      2025-09-09T00:35:21.314Z
    </Time><SensorState>
      Present
    </SensorState><Extensions>
      <TPX xmlns="http://www.garmin.com/xmlschemas/ActivityExtension/v2">
      <ns3:Speed>
      2.81845435743313
    </ns3:Speed><nax:Nax>
      <nax:Pace>
      5.913406623992879
    </nax:Pace><nax:Moments>
      <nax:Halt xsi:type="nax:Halt_t" action="auto_pause">
      
    </nax:Halt>
    </nax:Moments>
    </nax:Nax>
    </TPX>
    </Extensions>
    </Trackpoint>
<Trackpoint>
      <Time>
      2025-09-09T00:35:21.315Z
    </Time><DistanceMeters>
      6.883111247560009
    </DistanceMeters><Cadence>
      158.05156230926514
    </Cadence><SensorState>
      Present
    </SensorState><Extensions>
      <TPX xmlns="http://www.garmin.com/xmlschemas/ActivityExtension/v2">
      <nax:Nax>
      <nax:Moments>
      <nax:Halt xsi:type="nax:Halt_t" action="auto_pause">
      
    </nax:Halt>
    </nax:Moments>
    </nax:Nax>
    </TPX>
    </Extensions>
    </Trackpoint>
<Trackpoint>
      <Time>
      2025-09-09T00:35:22.003Z
    </Time><SensorState>
      Present
    </SensorState><Extensions>
      <TPX xmlns="http://www.garmin.com/xmlschemas/ActivityExtension/v2">
      <nax:Nax>
      <nax:DescentInMeters>
      0.08983612060546875
    </nax:DescentInMeters><nax:Moments>
      <nax:Halt xsi:type="nax:Halt_t" action="auto_pause">
      
    </nax:Halt>
    </nax:Moments>
    </nax:Nax>
    </TPX>
    </Extensions>
    </Trackpoint>
<Trackpoint>
      <Time>
      2025-09-09T00:35:23.063Z
    </Time><SensorState>
      Present
    </SensorState><Extensions>
      <TPX xmlns="http://www.garmin.com/xmlschemas/ActivityExtension/v2">
      <nax:Nax>
      <nax:DescentInMeters>
      0.04227447509765625
    </nax:DescentInMeters><nax:Moments>
      <nax:Halt xsi:type="nax:Halt_t" action="auto_pause">
      
    </nax:Halt>
    </nax:Moments>
    </nax:Nax>
    </TPX>
    </Extensions>
    </Trackpoint>
<Trackpoint>
      <Time>
      2025-09-09T00:35:23.870Z
    </Time><DistanceMeters>
      9.134081082651392
    </DistanceMeters><SensorState>
      Present
    </SensorState><Extensions>
      <TPX xmlns="http://www.garmin.com/xmlschemas/ActivityExtension/v2">
      <ns3:Speed>
      2.8273851568217157
    </ns3:Speed><nax:Nax>
      <nax:Pace>
      5.894728076383406
    </nax:Pace><nax:Moments>
      <nax:Halt xsi:type="nax:Halt_t" action="auto_pause">
      
    </nax:Halt>
    </nax:Moments>
    </nax:Nax>
    </TPX>
    </Extensions>
    </Trackpoint>
<Trackpoint>
      <Time>
      2025-09-09T00:35:23.871Z
    </Time><Cadence>
      158.23768615722656
    </Cadence><SensorState>
      Present
    </SensorState><Extensions>
      <TPX xmlns="http://www.garmin.com/xmlschemas/ActivityExtension/v2">
      <nax:Nax>
      <nax:Moments>
      <nax:Halt xsi:type="nax:Halt_t" action="auto_pause">
      
    </nax:Halt>
    </nax:Moments>
    </nax:Nax>
    </TPX>
    </Extensions>
    </Trackpoint>
<Trackpoint>
      <Time>
      2025-09-09T00:35:23.999Z
    </Time><Position>
      <LatitudeDegrees>
      47.42753753804924
    </LatitudeDegrees><LongitudeDegrees>
      -122.29291096653141
    </LongitudeDegrees>
    </Position><AltitudeMeters>
      107.35038812551647
    </AltitudeMeters><SensorState>
      Present
    </SensorState><Extensions>
      <TPX xmlns="http://www.garmin.com/xmlschemas/ActivityExtension/v2">
      <nax:Nax>
      <nax:Moments>
      <nax:Halt xsi:type="nax:Halt_t" action="auto_pause">
      
    </nax:Halt>
    </nax:Moments>
    </nax:Nax>
    </TPX>
    </Extensions>
    </Trackpoint>
<Trackpoint>
      <Time>
      2025-09-09T00:35:24.123Z
    </Time><SensorState>
      Present
    </SensorState><Extensions>
      <TPX xmlns="http://www.garmin.com/xmlschemas/ActivityExtension/v2">
      <nax:Nax>
      <nax:DescentInMeters>
      0.00264739990234375
    </nax:DescentInMeters><nax:Moments>
      <nax:Halt xsi:type="nax:Halt_t" action="auto_pause">
      
    </nax:Halt>
    </nax:Moments>
    </nax:Nax>
    </TPX>
    </Extensions>
    </Trackpoint>
<Trackpoint>
      <Time>
      2025-09-09T00:35:25.183Z
    </Time><SensorState>
      Present
    </SensorState><Extensions>
      <TPX xmlns="http://www.garmin.com/xmlschemas/ActivityExtension/v2">
      <nax:Nax>
      <nax:DescentInMeters>
      0.0158538818359375
    </nax:DescentInMeters><nax:Moments>
      <nax:Halt xsi:type="nax:Halt_t" action="auto_pause">
      
    </nax:Halt>
    </nax:Moments>
    </nax:Nax>
    </TPX>
    </Extensions>
    </Trackpoint>
<Trackpoint>
      <Time>
      2025-09-09T00:35:26.425Z
    </Time><SensorState>
      Present
    </SensorState><Extensions>
      <TPX xmlns="http://www.garmin.com/xmlschemas/ActivityExtension/v2">
      <ns3:Speed>
      2.835999161689794
    </ns3:Speed><nax:Nax>
      <nax:Pace>
      5.876823551928007
    </nax:Pace><nax:Moments>
      <nax:Halt xsi:type="nax:Halt_t" action="auto_pause">
      
    </nax:Halt>
    </nax:Moments>
    </nax:Nax>
    </TPX>
    </Extensions>
    </Trackpoint>
<Trackpoint>
      <Time>
      2025-09-09T00:35:26.426Z
    </Time><DistanceMeters>
      8.137250907951966
    </DistanceMeters><Cadence>
      158.60203742980957
    </Cadence><SensorState>
      Present
    </SensorState><Extensions>
      <TPX xmlns="http://www.garmin.com/xmlschemas/ActivityExtension/v2">
      <nax:Nax>
      <nax:Moments>
      <nax:Halt xsi:type="nax:Halt_t" action="auto_pause">
      
    </nax:Halt>
    </nax:Moments>
    </nax:Nax>
    </TPX>
    </Extensions>
    </Trackpoint>
<Trackpoint>
      <Time>
      2025-09-09T00:35:27.999Z
    </Time><Position>
      <LatitudeDegrees>
      47.42764986586253
    </LatitudeDegrees><LongitudeDegrees>
      -122.2928685962137
    </LongitudeDegrees>
    </Position><AltitudeMeters>
      107.49310303945094
    </AltitudeMeters><SensorState>
      Present
    </SensorState><Extensions>
      <TPX xmlns="http://www.garmin.com/xmlschemas/ActivityExtension/v2">
      <nax:Nax>
      <nax:Moments>
      <nax:Halt xsi:type="nax:Halt_t" action="auto_pause">
      
    </nax:Halt>
    </nax:Moments>
    </nax:Nax>
    </TPX>
    </Extensions>
    </Trackpoint>
<Trackpoint>
      <Time>
      2025-09-09T00:35:28.000Z
    </Time><SensorState>
      Present
    </SensorState><Extensions>
      <TPX xmlns="http://www.garmin.com/xmlschemas/ActivityExtension/v2">
      <nax:Nax>
      <nax:NikeFuel>
      7.42720923870098
    </nax:NikeFuel><nax:Moments>
      <nax:Halt xsi:type="nax:Halt_t" action="auto_pause">
      
    </nax:Halt>
    </nax:Moments>
    </nax:Nax>
    </TPX>
    </Extensions>
    </Trackpoint>
<Trackpoint>
      <Time>
      2025-09-09T00:35:28.982Z
    </Time><SensorState>
      Present
    </SensorState><Extensions>
      <TPX xmlns="http://www.garmin.com/xmlschemas/ActivityExtension/v2">
      <ns3:Speed>
      2.8451089452112663
    </ns3:Speed><nax:Nax>
      <nax:Pace>
      5.858006490302981
    </nax:Pace><nax:Moments>
      <nax:Halt xsi:type="nax:Halt_t" action="auto_pause">
      
    </nax:Halt>
    </nax:Moments>
    </nax:Nax>
    </TPX>
    </Extensions>
    </Trackpoint>
<Trackpoint>
      <Time>
      2025-09-09T00:35:28.983Z
    </Time><DistanceMeters>
      7.526402953779325
    </DistanceMeters><Cadence>
      158.66724014282227
    </Cadence><SensorState>
      Present
    </SensorState><Extensions>
      <TPX xmlns="http://www.garmin.com/xmlschemas/ActivityExtension/v2">
      <nax:Nax>
      <nax:Moments>
      <nax:Halt xsi:type="nax:Halt_t" action="auto_pause">
      
    </nax:Halt>
    </nax:Moments>
    </nax:Nax>
    </TPX>
    </Extensions>
    </Trackpoint>
<Trackpoint>
      <Time>
      2025-09-09T00:35:29.424Z
    </Time><SensorState>
      Present
    </SensorState><Extensions>
      <TPX xmlns="http://www.garmin.com/xmlschemas/ActivityExtension/v2">
      <nax:Nax>
      <nax:AscentInMeters>
      0.08719635009765625
    </nax:AscentInMeters><nax:Moments>
      <nax:Halt xsi:type="nax:Halt_t" action="auto_pause">
      
    </nax:Halt>
    </nax:Moments>
    </nax:Nax>
    </TPX>
    </Extensions>
    </Trackpoint>
<Trackpoint>
      <Time>
      2025-09-09T00:35:30.484Z
    </Time><SensorState>
      Present
    </SensorState><Extensions>
      <TPX xmlns="http://www.garmin.com/xmlschemas/ActivityExtension/v2">
      <nax:Nax>
      <nax:AscentInMeters>
      0.13739776611328125
    </nax:AscentInMeters><nax:Moments>
      <nax:Halt xsi:type="nax:Halt_t" action="auto_pause">
      
    </nax:Halt>
    </nax:Moments>
    </nax:Nax>
    </TPX>
    </Extensions>
    </Trackpoint>
<Trackpoint>
      <Time>
      2025-09-09T00:35:30.999Z
    </Time><Position>
      <LatitudeDegrees>
      47.42773929655083
    </LatitudeDegrees><LongitudeDegrees>
      -122.29288984048719
    </LongitudeDegrees>
    </Position><AltitudeMeters>
      109.03898293618113
    </AltitudeMeters><SensorState>
      Present
    </SensorState><Extensions>
      <TPX xmlns="http://www.garmin.com/xmlschemas/ActivityExtension/v2">
      <nax:Nax>
      <nax:Moments>
      <nax:Halt xsi:type="nax:Halt_t" action="auto_pause">
      
    </nax:Halt>
    </nax:Moments>
    </nax:Nax>
    </TPX>
    </Extensions>
    </Trackpoint>
<Trackpoint>
      <Time>
      2025-09-09T00:35:31.537Z
    </Time><SensorState>
      Present
    </SensorState><Extensions>
      <TPX xmlns="http://www.garmin.com/xmlschemas/ActivityExtension/v2">
      <ns3:Speed>
      2.8542799402194685
    </ns3:Speed><nax:Nax>
      <nax:Pace>
      5.839184318194503
    </nax:Pace><nax:Moments>
      <nax:Halt xsi:type="nax:Halt_t" action="auto_pause">
      
    </nax:Halt>
    </nax:Moments>
    </nax:Nax>
    </TPX>
    </Extensions>
    </Trackpoint>
<Trackpoint>
      <Time>
      2025-09-09T00:35:31.538Z
    </Time><DistanceMeters>
      8.114561503287405
    </DistanceMeters><Cadence>
      158.9157485961914
    </Cadence><SensorState>
      Present
    </SensorState><Extensions>
      <TPX xmlns="http://www.garmin.com/xmlschemas/ActivityExtension/v2">
      <nax:Nax>
      <nax:Moments>
      <nax:Halt xsi:type="nax:Halt_t" action="auto_pause">
      
    </nax:Halt>
    </nax:Moments>
    </nax:Nax>
    </TPX>
    </Extensions>
    </Trackpoint>
<Trackpoint>
      <Time>
      2025-09-09T00:35:31.544Z
    </Time><SensorState>
      Present
    </SensorState><Extensions>
      <TPX xmlns="http://www.garmin.com/xmlschemas/ActivityExtension/v2">
      <nax:Nax>
      <nax:AscentInMeters>
      0.14533233642578125
    </nax:AscentInMeters><nax:Moments>
      <nax:Halt xsi:type="nax:Halt_t" action="auto_pause">
      
    </nax:Halt>
    </nax:Moments>
    </nax:Nax>
    </TPX>
    </Extensions>
    </Trackpoint>
<Trackpoint>
      <Time>
      2025-09-09T00:35:32.604Z
    </Time><SensorState>
      Present
    </SensorState><Extensions>
      <TPX xmlns="http://www.garmin.com/xmlschemas/ActivityExtension/v2">
      <nax:Nax>
      <nax:AscentInMeters>
      0.13475799560546875
    </nax:AscentInMeters><nax:Moments>
      <nax:Halt xsi:type="nax:Halt_t" action="auto_pause">
      
    </nax:Halt>
    </nax:Moments>
    </nax:Nax>
    </TPX>
    </Extensions>
    </Trackpoint>
<Trackpoint>
      <Time>
      2025-09-09T00:35:33.664Z
    </Time><SensorState>
      Present
    </SensorState><Extensions>
      <TPX xmlns="http://www.garmin.com/xmlschemas/ActivityExtension/v2">
      <nax:Nax>
      <nax:AscentInMeters>
      0.09247589111328125
    </nax:AscentInMeters><nax:Moments>
      <nax:Halt xsi:type="nax:Halt_t" action="auto_pause">
      
    </nax:Halt>
    </nax:Moments>
    </nax:Nax>
    </TPX>
    </Extensions>
    </Trackpoint>
<Trackpoint>
      <Time>
      2025-09-09T00:35:34.093Z
    </Time><DistanceMeters>
      9.028455021325499
    </DistanceMeters><SensorState>
      Present
    </SensorState><Extensions>
      <TPX xmlns="http://www.garmin.com/xmlschemas/ActivityExtension/v2">
      <ns3:Speed>
      2.863528651089576
    </ns3:Speed><nax:Nax>
      <nax:Pace>
      5.820324745249181
    </nax:Pace><nax:Moments>
      <nax:Halt xsi:type="nax:Halt_t" action="auto_pause">
      
    </nax:Halt>
    </nax:Moments>
    </nax:Nax>
    </TPX>
    </Extensions>
    </Trackpoint>
<Trackpoint>
      <Time>
      2025-09-09T00:35:34.094Z
    </Time><Cadence>
      158.97789001464844
    </Cadence><SensorState>
      Present
    </SensorState><Extensions>
      <TPX xmlns="http://www.garmin.com/xmlschemas/ActivityExtension/v2">
      <nax:Nax>
      <nax:Moments>
      <nax:Halt xsi:type="nax:Halt_t" action="auto_pause">
      
    </nax:Halt>
    </nax:Moments>
    </nax:Nax>
    </TPX>
    </Extensions>
    </Trackpoint>
<Trackpoint>
      <Time>
      2025-09-09T00:35:34.724Z
    </Time><SensorState>
      Present
    </SensorState><Extensions>
      <TPX xmlns="http://www.garmin.com/xmlschemas/ActivityExtension/v2">
      <nax:Nax>
      <nax:AscentInMeters>
      0.10305023193359375
    </nax:AscentInMeters><nax:Moments>
      <nax:Halt xsi:type="nax:Halt_t" action="auto_pause">
      
    </nax:Halt>
    </nax:Moments>
    </nax:Nax>
    </TPX>
    </Extensions>
    </Trackpoint>
<Trackpoint>
      <Time>
      2025-09-09T00:35:34.999Z
    </Time><Position>
      <LatitudeDegrees>
      47.427856086508214
    </LatitudeDegrees><LongitudeDegrees>
      -122.29283524225312
    </LongitudeDegrees>
    </Position><AltitudeMeters>
      109.15179626643658
    </AltitudeMeters><SensorState>
      Present
    </SensorState><Extensions>
      <TPX xmlns="http://www.garmin.com/xmlschemas/ActivityExtension/v2">
      <nax:Nax>
      <nax:Moments>
      <nax:Halt xsi:type="nax:Halt_t" action="auto_pause">
      
    </nax:Halt>
    </nax:Moments>
    </nax:Nax>
    </TPX>
    </Extensions>
    </Trackpoint>
<Trackpoint>
      <Time>
      2025-09-09T00:35:35.784Z
    </Time><SensorState>
      Present
    </SensorState><Extensions>
      <TPX xmlns="http://www.garmin.com/xmlschemas/ActivityExtension/v2">
      <nax:Nax>
      <nax:AscentInMeters>
      0.00264739990234375
    </nax:AscentInMeters><nax:Moments>
      <nax:Halt xsi:type="nax:Halt_t" action="auto_pause">
      
    </nax:Halt>
    </nax:Moments>
    </nax:Nax>
    </TPX>
    </Extensions>
    </Trackpoint>
<Trackpoint>
      <Time>
      2025-09-09T00:35:36.648Z
    </Time><SensorState>
      Present
    </SensorState><Extensions>
      <TPX xmlns="http://www.garmin.com/xmlschemas/ActivityExtension/v2">
      <ns3:Speed>
      2.8720339451089205
    </ns3:Speed><nax:Nax>
      <nax:Pace>
      5.803088328760888
    </nax:Pace><nax:Moments>
      <nax:Halt xsi:type="nax:Halt_t" action="auto_pause">
      
    </nax:Halt>
    </nax:Moments>
    </nax:Nax>
    </TPX>
    </Extensions>
    </Trackpoint>
<Trackpoint>
      <Time>
      2025-09-09T00:35:36.649Z
    </Time><DistanceMeters>
      10.769838141044602
    </DistanceMeters><Cadence>
      159.21953201293945
    </Cadence><SensorState>
      Present
    </SensorState><Extensions>
      <TPX xmlns="http://www.garmin.com/xmlschemas/ActivityExtension/v2">
      <nax:Nax>
      <nax:Moments>
      <nax:Halt xsi:type="nax:Halt_t" action="auto_pause">
      
    </nax:Halt>
    </nax:Moments>
    </nax:Nax>
    </TPX>
    </Extensions>
    </Trackpoint>
<Trackpoint>
      <Time>
      2025-09-09T00:35:36.843Z
    </Time><SensorState>
      Present
    </SensorState><Extensions>
      <TPX xmlns="http://www.garmin.com/xmlschemas/ActivityExtension/v2">
      <nax:Nax>
      <nax:AscentInMeters>
      0.02642059326171875
    </nax:AscentInMeters><nax:Moments>
      <nax:Halt xsi:type="nax:Halt_t" action="auto_pause">
      
    </nax:Halt>
    </nax:Moments>
    </nax:Nax>
    </TPX>
    </Extensions>
    </Trackpoint>
<Trackpoint>
      <Time>
      2025-09-09T00:35:37.905Z
    </Time><SensorState>
      Present
    </SensorState><Extensions>
      <TPX xmlns="http://www.garmin.com/xmlschemas/ActivityExtension/v2">
      <nax:Nax>
      <nax:AscentInMeters>
      0.0026397705078125
    </nax:AscentInMeters><nax:Moments>
      <nax:Halt xsi:type="nax:Halt_t" action="auto_pause">
      
    </nax:Halt>
    </nax:Moments>
    </nax:Nax>
    </TPX>
    </Extensions>
    </Trackpoint>
<Trackpoint>
      <Time>
      2025-09-09T00:35:37.999Z
    </Time><Position>
      <LatitudeDegrees>
      47.42795442033569
    </LatitudeDegrees><LongitudeDegrees>
      -122.29276264847552
    </LongitudeDegrees>
    </Position><AltitudeMeters>
      110.59295861329883
    </AltitudeMeters><SensorState>
      Present
    </SensorState><Extensions>
      <TPX xmlns="http://www.garmin.com/xmlschemas/ActivityExtension/v2">
      <nax:Nax>
      <nax:Moments>
      <nax:Halt xsi:type="nax:Halt_t" action="auto_pause">
      
    </nax:Halt>
    </nax:Moments>
    </nax:Nax>
    </TPX>
    </Extensions>
    </Trackpoint>
<Trackpoint>
      <Time>
      2025-09-09T00:35:38.000Z
    </Time><SensorState>
      Present
    </SensorState><Extensions>
      <TPX xmlns="http://www.garmin.com/xmlschemas/ActivityExtension/v2">
      <nax:Nax>
      <nax:NikeFuel>
      7.5267228374417545
    </nax:NikeFuel><nax:Moments>
      <nax:Halt xsi:type="nax:Halt_t" action="auto_pause">
      
    </nax:Halt>
    </nax:Moments>
    </nax:Nax>
    </TPX>
    </Extensions>
    </Trackpoint>
<Trackpoint>
      <Time>
      2025-09-09T00:35:39.204Z
    </Time><SensorState>
      Present
    </SensorState><Extensions>
      <TPX xmlns="http://www.garmin.com/xmlschemas/ActivityExtension/v2">
      <ns3:Speed>
      2.8839768399056886
    </ns3:Speed><nax:Nax>
      <nax:Pace>
      5.7790570423622745
    </nax:Pace><nax:Moments>
      <nax:Halt xsi:type="nax:Halt_t" action="auto_pause">
      
    </nax:Halt>
    </nax:Moments>
    </nax:Nax>
    </TPX>
    </Extensions>
    </Trackpoint>
<Trackpoint>
      <Time>
      2025-09-09T00:35:39.205Z
    </Time><DistanceMeters>
      9.007717374479398
    </DistanceMeters><Cadence>
      159.4055986404419
    </Cadence><SensorState>
      Present
    </SensorState><Extensions>
      <TPX xmlns="http://www.garmin.com/xmlschemas/ActivityExtension/v2">
      <nax:Nax>
      <nax:Moments>
      <nax:Halt xsi:type="nax:Halt_t" action="auto_pause">
      
    </nax:Halt>
    </nax:Moments>
    </nax:Nax>
    </TPX>
    </Extensions>
    </Trackpoint>
<Trackpoint>
      <Time>
      2025-09-09T00:35:40.999Z
    </Time><Position>
      <LatitudeDegrees>
      47.428033877671105
    </LatitudeDegrees><LongitudeDegrees>
      -122.29269292660777
    </LongitudeDegrees>
    </Position><AltitudeMeters>
      109.84883788600564
    </AltitudeMeters><SensorState>
      Present
    </SensorState><Extensions>
      <TPX xmlns="http://www.garmin.com/xmlschemas/ActivityExtension/v2">
      <nax:Nax>
      <nax:Moments>
      <nax:Halt xsi:type="nax:Halt_t" action="auto_pause">
      
    </nax:Halt>
    </nax:Moments>
    </nax:Nax>
    </TPX>
    </Extensions>
    </Trackpoint>
<Trackpoint>
      <Time>
      2025-09-09T00:35:41.759Z
    </Time><SensorState>
      Present
    </SensorState><Extensions>
      <TPX xmlns="http://www.garmin.com/xmlschemas/ActivityExtension/v2">
      <ns3:Speed>
      2.894910654023154
    </ns3:Speed><nax:Nax>
      <nax:Pace>
      5.757230069779336
    </nax:Pace><nax:Moments>
      <nax:Halt xsi:type="nax:Halt_t" action="auto_pause">
      
    </nax:Halt>
    </nax:Moments>
    </nax:Nax>
    </TPX>
    </Extensions>
    </Trackpoint>
<Trackpoint>
      <Time>
      2025-09-09T00:35:41.760Z
    </Time><DistanceMeters>
      8.473138077417389
    </DistanceMeters><Cadence>
      159.59206581115723
    </Cadence><SensorState>
      Present
    </SensorState><Extensions>
      <TPX xmlns="http://www.garmin.com/xmlschemas/ActivityExtension/v2">
      <nax:Nax>
      <nax:Moments>
      <nax:Halt xsi:type="nax:Halt_t" action="auto_pause">
      
    </nax:Halt>
    </nax:Moments>
    </nax:Nax>
    </TPX>
    </Extensions>
    </Trackpoint>
<Trackpoint>
      <Time>
      2025-09-09T00:35:43.205Z
    </Time><SensorState>
      Present
    </SensorState><Extensions>
      <TPX xmlns="http://www.garmin.com/xmlschemas/ActivityExtension/v2">
      <nax:Nax>
      <nax:DescentInMeters>
      0.0290679931640625
    </nax:DescentInMeters><nax:Moments>
      <nax:Halt xsi:type="nax:Halt_t" action="auto_pause">
      
    </nax:Halt>
    </nax:Moments>
    </nax:Nax>
    </TPX>
    </Extensions>
    </Trackpoint>
<Trackpoint>
      <Time>
      2025-09-09T00:35:44.264Z
    </Time><SensorState>
      Present
    </SensorState><Extensions>
      <TPX xmlns="http://www.garmin.com/xmlschemas/ActivityExtension/v2">
      <nax:Nax>
      <nax:DescentInMeters>
      0.01849365234375
    </nax:DescentInMeters><nax:Moments>
      <nax:Halt xsi:type="nax:Halt_t" action="auto_pause">
      
    </nax:Halt>
    </nax:Moments>
    </nax:Nax>
    </TPX>
    </Extensions>
    </Trackpoint>
<Trackpoint>
      <Time>
      2025-09-09T00:35:44.315Z
    </Time><SensorState>
      Present
    </SensorState><Extensions>
      <TPX xmlns="http://www.garmin.com/xmlschemas/ActivityExtension/v2">
      <ns3:Speed>
      2.9056460583994603
    </ns3:Speed><nax:Nax>
      <nax:Pace>
      5.73595900246959
    </nax:Pace><nax:Moments>
      <nax:Halt xsi:type="nax:Halt_t" action="auto_pause">
      
    </nax:Halt>
    </nax:Moments>
    </nax:Nax>
    </TPX>
    </Extensions>
    </Trackpoint>
<Trackpoint>
      <Time>
      2025-09-09T00:35:44.316Z
    </Time><DistanceMeters>
      6.430991063360125
    </DistanceMeters><Cadence>
      159.7788906097412
    </Cadence><SensorState>
      Present
    </SensorState><Extensions>
      <TPX xmlns="http://www.garmin.com/xmlschemas/ActivityExtension/v2">
      <nax:Nax>
      <nax:Moments>
      <nax:Halt xsi:type="nax:Halt_t" action="auto_pause">
      
    </nax:Halt>
    </nax:Moments>
    </nax:Nax>
    </TPX>
    </Extensions>
    </Trackpoint>
<Trackpoint>
      <Time>
      2025-09-09T00:35:44.999Z
    </Time><Position>
      <LatitudeDegrees>
      47.428115695703426
    </LatitudeDegrees><LongitudeDegrees>
      -122.29258317957701
    </LongitudeDegrees>
    </Position><AltitudeMeters>
      109.93322674930096
    </AltitudeMeters><SensorState>
      Present
    </SensorState><Extensions>
      <TPX xmlns="http://www.garmin.com/xmlschemas/ActivityExtension/v2">
      <nax:Nax>
      <nax:Moments>
      <nax:Halt xsi:type="nax:Halt_t" action="auto_pause">
      
    </nax:Halt>
    </nax:Moments>
    </nax:Nax>
    </TPX>
    </Extensions>
    </Trackpoint>
<Trackpoint>
      <Time>
      2025-09-09T00:35:45.324Z
    </Time><SensorState>
      Present
    </SensorState><Extensions>
      <TPX xmlns="http://www.garmin.com/xmlschemas/ActivityExtension/v2">
      <nax:Nax>
      <nax:DescentInMeters>
      0.121551513671875
    </nax:DescentInMeters><nax:Moments>
      <nax:Halt xsi:type="nax:Halt_t" action="auto_pause">
      
    </nax:Halt>
    </nax:Moments>
    </nax:Nax>
    </TPX>
    </Extensions>
    </Trackpoint>
<Trackpoint>
      <Time>
      2025-09-09T00:35:46.870Z
    </Time><DistanceMeters>
      7.722072430187836
    </DistanceMeters><SensorState>
      Present
    </SensorState><Extensions>
      <TPX xmlns="http://www.garmin.com/xmlschemas/ActivityExtension/v2">
      <ns3:Speed>
      2.9140243390679217
    </ns3:Speed><nax:Nax>
      <nax:Pace>
      5.719467213509156
    </nax:Pace><nax:Moments>
      <nax:Halt xsi:type="nax:Halt_t" action="auto_pause">
      
    </nax:Halt>
    </nax:Moments>
    </nax:Nax>
    </TPX>
    </Extensions>
    </Trackpoint>
<Trackpoint>
      <Time>
      2025-09-09T00:35:46.871Z
    </Time><Cadence>
      159.52910900115967
    </Cadence><SensorState>
      Present
    </SensorState><Extensions>
      <TPX xmlns="http://www.garmin.com/xmlschemas/ActivityExtension/v2">
      <nax:Nax>
      <nax:Moments>
      <nax:Halt xsi:type="nax:Halt_t" action="auto_pause">
      
    </nax:Halt>
    </nax:Moments>
    </nax:Nax>
    </TPX>
    </Extensions>
    </Trackpoint>
<Trackpoint>
      <Time>
      2025-09-09T00:35:48.000Z
    </Time><SensorState>
      Present
    </SensorState><Extensions>
      <TPX xmlns="http://www.garmin.com/xmlschemas/ActivityExtension/v2">
      <nax:Nax>
      <nax:NikeFuel>
      7.597316006637735
    </nax:NikeFuel><nax:Moments>
      <nax:Halt xsi:type="nax:Halt_t" action="auto_pause">
      
    </nax:Halt>
    </nax:Moments>
    </nax:Nax>
    </TPX>
    </Extensions>
    </Trackpoint>
<Trackpoint>
      <Time>
      2025-09-09T00:35:48.999Z
    </Time><Position>
      <LatitudeDegrees>
      47.42817376666944
    </LatitudeDegrees><LongitudeDegrees>
      -122.29246043012627
    </LongitudeDegrees>
    </Position><AltitudeMeters>
      110.61726748291403
    </AltitudeMeters><SensorState>
      Present
    </SensorState><Extensions>
      <TPX xmlns="http://www.garmin.com/xmlschemas/ActivityExtension/v2">
      <nax:Nax>
      <nax:Moments>
      <nax:Halt xsi:type="nax:Halt_t" action="auto_pause">
      
    </nax:Halt>
    </nax:Moments>
    </nax:Nax>
    </TPX>
    </Extensions>
    </Trackpoint>
<Trackpoint>
      <Time>
      2025-09-09T00:35:49.426Z
    </Time><SensorState>
      Present
    </SensorState><Extensions>
      <TPX xmlns="http://www.garmin.com/xmlschemas/ActivityExtension/v2">
      <ns3:Speed>
      2.920492618342785
    </ns3:Speed><nax:Nax>
      <nax:Pace>
      5.706799791921426
    </nax:Pace><nax:Moments>
      <nax:Halt xsi:type="nax:Halt_t" action="auto_pause">
      
    </nax:Halt>
    </nax:Moments>
    </nax:Nax>
    </TPX>
    </Extensions>
    </Trackpoint>
<Trackpoint>
      <Time>
      2025-09-09T00:35:49.427Z
    </Time><DistanceMeters>
      9.191966864513233
    </DistanceMeters><Cadence>
      159.46650981903076
    </Cadence><SensorState>
      Present
    </SensorState><Extensions>
      <TPX xmlns="http://www.garmin.com/xmlschemas/ActivityExtension/v2">
      <nax:Nax>
      <nax:Moments>
      <nax:Halt xsi:type="nax:Halt_t" action="auto_pause">
      
    </nax:Halt>
    </nax:Moments>
    </nax:Nax>
    </TPX>
    </Extensions>
    </Trackpoint>
<Trackpoint>
      <Time>
      2025-09-09T00:35:49.566Z
    </Time><SensorState>
      Present
    </SensorState><Extensions>
      <TPX xmlns="http://www.garmin.com/xmlschemas/ActivityExtension/v2">
      <nax:Nax>
      <nax:AscentInMeters>
      0.0924835205078125
    </nax:AscentInMeters><nax:Moments>
      <nax:Halt xsi:type="nax:Halt_t" action="auto_pause">
      
    </nax:Halt>
    </nax:Moments>
    </nax:Nax>
    </TPX>
    </Extensions>
    </Trackpoint>
<Trackpoint>
      <Time>
      2025-09-09T00:35:50.626Z
    </Time><SensorState>
      Present
    </SensorState><Extensions>
      <TPX xmlns="http://www.garmin.com/xmlschemas/ActivityExtension/v2">
      <nax:Nax>
      <nax:AscentInMeters>
      0.0607757568359375
    </nax:AscentInMeters><nax:Moments>
      <nax:Halt xsi:type="nax:Halt_t" action="auto_pause">
      
    </nax:Halt>
    </nax:Moments>
    </nax:Nax>
    </TPX>
    </Extensions>
    </Trackpoint>
<Trackpoint>
      <Time>
      2025-09-09T00:35:51.685Z
    </Time><SensorState>
      Present
    </SensorState><Extensions>
      <TPX xmlns="http://www.garmin.com/xmlschemas/ActivityExtension/v2">
      <nax:Nax>
      <nax:AscentInMeters>
      0.02642059326171875
    </nax:AscentInMeters><nax:Moments>
      <nax:Halt xsi:type="nax:Halt_t" action="auto_pause">
      
    </nax:Halt>
    </nax:Moments>
    </nax:Nax>
    </TPX>
    </Extensions>
    </Trackpoint>
<Trackpoint>
      <Time>
      2025-09-09T00:35:51.981Z
    </Time><DistanceMeters>
      6.91603468824178
    </DistanceMeters><SensorState>
      Present
    </SensorState><Extensions>
      <TPX xmlns="http://www.garmin.com/xmlschemas/ActivityExtension/v2">
      <ns3:Speed>
      2.9272175318024694
    </ns3:Speed><nax:Nax>
      <nax:Pace>
      5.693689138437199
    </nax:Pace><nax:Moments>
      <nax:Halt xsi:type="nax:Halt_t" action="auto_pause">
      
    </nax:Halt>
    </nax:Moments>
    </nax:Nax>
    </TPX>
    </Extensions>
    </Trackpoint>
<Trackpoint>
      <Time>
      2025-09-09T00:35:51.982Z
    </Time><Cadence>
      159.789719581604
    </Cadence><SensorState>
      Present
    </SensorState><Extensions>
      <TPX xmlns="http://www.garmin.com/xmlschemas/ActivityExtension/v2">
      <nax:Nax>
      <nax:Moments>
      <nax:Halt xsi:type="nax:Halt_t" action="auto_pause">
      
    </nax:Halt>
    </nax:Moments>
    </nax:Nax>
    </TPX>
    </Extensions>
    </Trackpoint>
<Trackpoint>
      <Time>
      2025-09-09T00:35:51.999Z
    </Time><Position>
      <LatitudeDegrees>
      47.42825215590057
    </LatitudeDegrees><LongitudeDegrees>
      -122.29237730933338
    </LongitudeDegrees>
    </Position><AltitudeMeters>
      110.42858432605863
    </AltitudeMeters><SensorState>
      Present
    </SensorState><Extensions>
      <TPX xmlns="http://www.garmin.com/xmlschemas/ActivityExtension/v2">
      <nax:Nax>
      <nax:Moments>
      <nax:Halt xsi:type="nax:Halt_t" action="auto_pause">
      
    </nax:Halt>
    </nax:Moments>
    </nax:Nax>
    </TPX>
    </Extensions>
    </Trackpoint>
<Trackpoint>
      <Time>
      2025-09-09T00:35:52.745Z
    </Time><SensorState>
      Present
    </SensorState><Extensions>
      <TPX xmlns="http://www.garmin.com/xmlschemas/ActivityExtension/v2">
      <nax:Nax>
      <nax:AscentInMeters>
      0.06606292724609375
    </nax:AscentInMeters><nax:Moments>
      <nax:Halt xsi:type="nax:Halt_t" action="auto_pause">
      
    </nax:Halt>
    </nax:Moments>
    </nax:Nax>
    </TPX>
    </Extensions>
    </Trackpoint>
<Trackpoint>
      <Time>
      2025-09-09T00:35:53.806Z
    </Time><SensorState>
      Present
    </SensorState><Extensions>
      <TPX xmlns="http://www.garmin.com/xmlschemas/ActivityExtension/v2">
      <nax:Nax>
      <nax:AscentInMeters>
      0.050201416015625
    </nax:AscentInMeters><nax:Moments>
      <nax:Halt xsi:type="nax:Halt_t" action="auto_pause">
      
    </nax:Halt>
    </nax:Moments>
    </nax:Nax>
    </TPX>
    </Extensions>
    </Trackpoint>
<Trackpoint>
      <Time>
      2025-09-09T00:35:54.537Z
    </Time><SensorState>
      Present
    </SensorState><Extensions>
      <TPX xmlns="http://www.garmin.com/xmlschemas/ActivityExtension/v2">
      <ns3:Speed>
      2.9325413357519268
    </ns3:Speed><nax:Nax>
      <nax:Pace>
      5.683352682356378
    </nax:Pace><nax:Moments>
      <nax:Halt xsi:type="nax:Halt_t" action="auto_pause">
      
    </nax:Halt>
    </nax:Moments>
    </nax:Nax>
    </TPX>
    </Extensions>
    </Trackpoint>
<Trackpoint>
      <Time>
      2025-09-09T00:35:54.538Z
    </Time><DistanceMeters>
      4.999331614933908
    </DistanceMeters><Cadence>
      159.789719581604
    </Cadence><SensorState>
      Present
    </SensorState><Extensions>
      <TPX xmlns="http://www.garmin.com/xmlschemas/ActivityExtension/v2">
      <nax:Nax>
      <nax:Moments>
      <nax:Halt xsi:type="nax:Halt_t" action="auto_pause">
      
    </nax:Halt>
    </nax:Moments>
    </nax:Nax>
    </TPX>
    </Extensions>
    </Trackpoint>
<Trackpoint>
      <Time>
      2025-09-09T00:35:54.866Z
    </Time><SensorState>
      Present
    </SensorState><Extensions>
      <TPX xmlns="http://www.garmin.com/xmlschemas/ActivityExtension/v2">
      <nax:Nax>
      <nax:AscentInMeters>
      0.044921875
    </nax:AscentInMeters><nax:Moments>
      <nax:Halt xsi:type="nax:Halt_t" action="auto_pause">
      
    </nax:Halt>
    </nax:Moments>
    </nax:Nax>
    </TPX>
    </Extensions>
    </Trackpoint>
<Trackpoint>
      <Time>
      2025-09-09T00:35:55.926Z
    </Time><SensorState>
      Present
    </SensorState><Extensions>
      <TPX xmlns="http://www.garmin.com/xmlschemas/ActivityExtension/v2">
      <nax:Nax>
      <nax:AscentInMeters>
      0.07662200927734375
    </nax:AscentInMeters><nax:Moments>
      <nax:Halt xsi:type="nax:Halt_t" action="auto_pause">
      
    </nax:Halt>
    </nax:Moments>
    </nax:Nax>
    </TPX>
    </Extensions>
    </Trackpoint>
<Trackpoint>
      <Time>
      2025-09-09T00:35:55.999Z
    </Time><Position>
      <LatitudeDegrees>
      47.4283416952436
    </LatitudeDegrees><LongitudeDegrees>
      -122.29242302917685
    </LongitudeDegrees>
    </Position><AltitudeMeters>
      110.50432567670941
    </AltitudeMeters><SensorState>
      Present
    </SensorState><Extensions>
      <TPX xmlns="http://www.garmin.com/xmlschemas/ActivityExtension/v2">
      <nax:Nax>
      <nax:Moments>
      <nax:Halt xsi:type="nax:Halt_t" action="auto_pause">
      
    </nax:Halt>
    </nax:Moments>
    </nax:Nax>
    </TPX>
    </Extensions>
    </Trackpoint>
<Trackpoint>
      <Time>
      2025-09-09T00:35:56.986Z
    </Time><SensorState>
      Present
    </SensorState><Extensions>
      <TPX xmlns="http://www.garmin.com/xmlschemas/ActivityExtension/v2">
      <nax:Nax>
      <nax:AscentInMeters>
      0.12947845458984375
    </nax:AscentInMeters><nax:Moments>
      <nax:Halt xsi:type="nax:Halt_t" action="auto_pause">
      
    </nax:Halt>
    </nax:Moments>
    </nax:Nax>
    </TPX>
    </Extensions>
    </Trackpoint>
<Trackpoint>
      <Time>
      2025-09-09T00:35:57.093Z
    </Time><DistanceMeters>
      6.422737666172907
    </DistanceMeters><SensorState>
      Present
    </SensorState><Extensions>
      <TPX xmlns="http://www.garmin.com/xmlschemas/ActivityExtension/v2">
      <ns3:Speed>
      2.934365869857417
    </ns3:Speed><nax:Nax>
      <nax:Pace>
      5.679818879394379
    </nax:Pace><nax:Moments>
      <nax:Halt xsi:type="nax:Halt_t" action="auto_pause">
      
    </nax:Halt>
    </nax:Moments>
    </nax:Nax>
    </TPX>
    </Extensions>
    </Trackpoint>
<Trackpoint>
      <Time>
      2025-09-09T00:35:57.094Z
    </Time><Cadence>
      159.83980178833008
    </Cadence><SensorState>
      Present
    </SensorState><Extensions>
      <TPX xmlns="http://www.garmin.com/xmlschemas/ActivityExtension/v2">
      <nax:Nax>
      <nax:Moments>
      <nax:Halt xsi:type="nax:Halt_t" action="auto_pause">
      
    </nax:Halt>
    </nax:Moments>
    </nax:Nax>
    </TPX>
    </Extensions>
    </Trackpoint>
<Trackpoint>
      <Time>
      2025-09-09T00:35:58.000Z
    </Time><SensorState>
      Present
    </SensorState><Extensions>
      <TPX xmlns="http://www.garmin.com/xmlschemas/ActivityExtension/v2">
      <nax:Nax>
      <nax:NikeFuel>
      7.601389133437866
    </nax:NikeFuel><nax:Moments>
      <nax:Halt xsi:type="nax:Halt_t" action="auto_pause">
      
    </nax:Halt>
    </nax:Moments>
    </nax:Nax>
    </TPX>
    </Extensions>
    </Trackpoint>
<Trackpoint>
      <Time>
      2025-09-09T00:35:58.046Z
    </Time><SensorState>
      Present
    </SensorState><Extensions>
      <TPX xmlns="http://www.garmin.com/xmlschemas/ActivityExtension/v2">
      <nax:Nax>
      <nax:AscentInMeters>
      0.06341552734375
    </nax:AscentInMeters><nax:Moments>
      <nax:Halt xsi:type="nax:Halt_t" action="auto_pause">
      
    </nax:Halt>
    </nax:Moments>
    </nax:Nax>
    </TPX>
    </Extensions>
    </Trackpoint>
<Trackpoint>
      <Time>
      2025-09-09T00:35:59.648Z
    </Time><SensorState>
      Present
    </SensorState><Extensions>
      <TPX xmlns="http://www.garmin.com/xmlschemas/ActivityExtension/v2">
      <ns3:Speed>
      2.9334440639990786
    </ns3:Speed><nax:Nax>
      <nax:Pace>
      5.6816037064451415
    </nax:Pace><nax:Moments>
      <nax:Halt xsi:type="nax:Halt_t" action="auto_pause">
      
    </nax:Halt>
    </nax:Moments>
    </nax:Nax>
    </TPX>
    </Extensions>
    </Trackpoint>
<Trackpoint>
      <Time>
      2025-09-09T00:35:59.649Z
    </Time><DistanceMeters>
      8.100144647993147
    </DistanceMeters><Cadence>
      159.77688789367676
    </Cadence><SensorState>
      Present
    </SensorState><Extensions>
      <TPX xmlns="http://www.garmin.com/xmlschemas/ActivityExtension/v2">
      <nax:Nax>
      <nax:Moments>
      <nax:Halt xsi:type="nax:Halt_t" action="auto_pause">
      
    </nax:Halt>
    </nax:Moments>
    </nax:Nax>
    </TPX>
    </Extensions>
    </Trackpoint>
<Trackpoint>
      <Time>
      2025-09-09T00:35:59.999Z
    </Time><Position>
      <LatitudeDegrees>
      47.42838022794581
    </LatitudeDegrees><LongitudeDegrees>
      -122.29229059537865
    </LongitudeDegrees>
    </Position><AltitudeMeters>
      107.84557686559856
    </AltitudeMeters><SensorState>
      Present
    </SensorState><Extensions>
      <TPX xmlns="http://www.garmin.com/xmlschemas/ActivityExtension/v2">
      <nax:Nax>
      <nax:Moments>
      <nax:Halt xsi:type="nax:Halt_t" action="auto_pause">
      
    </nax:Halt>
    </nax:Moments>
    </nax:Nax>
    </TPX>
    </Extensions>
    </Trackpoint>
<Trackpoint>
      <Time>
      2025-09-09T00:36:02.204Z
    </Time><SensorState>
      Present
    </SensorState><Extensions>
      <TPX xmlns="http://www.garmin.com/xmlschemas/ActivityExtension/v2">
      <ns3:Speed>
      2.9326991206867823
    </ns3:Speed><nax:Nax>
      <nax:Pace>
      5.683046906892942
    </nax:Pace><nax:Moments>
      <nax:Halt xsi:type="nax:Halt_t" action="auto_pause">
      
    </nax:Halt>
    </nax:Moments>
    </nax:Nax>
    </TPX>
    </Extensions>
    </Trackpoint>
<Trackpoint>
      <Time>
      2025-09-09T00:36:02.205Z
    </Time><DistanceMeters>
      3.525467856321484
    </DistanceMeters><Cadence>
      160.845365524292
    </Cadence><SensorState>
      Present
    </SensorState><Extensions>
      <TPX xmlns="http://www.garmin.com/xmlschemas/ActivityExtension/v2">
      <nax:Nax>
      <nax:Moments>
      <nax:Halt xsi:type="nax:Halt_t" action="auto_pause">
      
    </nax:Halt>
    </nax:Moments>
    </nax:Nax>
    </TPX>
    </Extensions>
    </Trackpoint>
<Trackpoint>
      <Time>
      2025-09-09T00:36:02.287Z
    </Time><SensorState>
      Present
    </SensorState><Extensions>
      <TPX xmlns="http://www.garmin.com/xmlschemas/ActivityExtension/v2">
      <nax:Nax>
      <nax:DescentInMeters>
      0.132110595703125
    </nax:DescentInMeters><nax:Moments>
      <nax:Halt xsi:type="nax:Halt_t" action="auto_pause">
      
    </nax:Halt>
    </nax:Moments>
    </nax:Nax>
    </TPX>
    </Extensions>
    </Trackpoint>
<Trackpoint>
      <Time>
      2025-09-09T00:36:03.347Z
    </Time><SensorState>
      Present
    </SensorState><Extensions>
      <TPX xmlns="http://www.garmin.com/xmlschemas/ActivityExtension/v2">
      <nax:Nax>
      <nax:DescentInMeters>
      0.06341552734375
    </nax:DescentInMeters><nax:Moments>
      <nax:Halt xsi:type="nax:Halt_t" action="auto_pause">
      
    </nax:Halt>
    </nax:Moments>
    </nax:Nax>
    </TPX>
    </Extensions>
    </Trackpoint>
<Trackpoint>
      <Time>
      2025-09-09T00:36:03.999Z
    </Time><Position>
      <LatitudeDegrees>
      47.428484372876724
    </LatitudeDegrees><LongitudeDegrees>
      -122.29226269296339
    </LongitudeDegrees>
    </Position><AltitudeMeters>
      109.00608363095671
    </AltitudeMeters><SensorState>
      Present
    </SensorState><Extensions>
      <TPX xmlns="http://www.garmin.com/xmlschemas/ActivityExtension/v2">
      <nax:Nax>
      <nax:Moments>
      <nax:Halt xsi:type="nax:Halt_t" action="auto_pause">
      
    </nax:Halt>
    </nax:Moments>
    </nax:Nax>
    </TPX>
    </Extensions>
    </Trackpoint>
<Trackpoint>
      <Time>
      2025-09-09T00:36:04.759Z
    </Time><SensorState>
      Present
    </SensorState><Extensions>
      <TPX xmlns="http://www.garmin.com/xmlschemas/ActivityExtension/v2">
      <ns3:Speed>
      2.929171697118763
    </ns3:Speed><nax:Nax>
      <nax:Pace>
      5.689890655116117
    </nax:Pace><nax:Moments>
      <nax:Halt xsi:type="nax:Halt_t" action="auto_pause">
      
    </nax:Halt>
    </nax:Moments>
    </nax:Nax>
    </TPX>
    </Extensions>
    </Trackpoint>
<Trackpoint>
      <Time>
      2025-09-09T00:36:04.760Z
    </Time><DistanceMeters>
      7.622562674572691
    </DistanceMeters><Cadence>
      160.845365524292
    </Cadence><SensorState>
      Present
    </SensorState><Extensions>
      <TPX xmlns="http://www.garmin.com/xmlschemas/ActivityExtension/v2">
      <nax:Nax>
      <nax:Moments>
      <nax:Halt xsi:type="nax:Halt_t" action="auto_pause">
      
    </nax:Halt>
    </nax:Moments>
    </nax:Nax>
    </TPX>
    </Extensions>
    </Trackpoint>
<Trackpoint>
      <Time>
      2025-09-09T00:36:07.315Z
    </Time><SensorState>
      Present
    </SensorState><Extensions>
      <TPX xmlns="http://www.garmin.com/xmlschemas/ActivityExtension/v2">
      <ns3:Speed>
      2.9259989421787145
    </ns3:Speed><nax:Nax>
      <nax:Pace>
      5.696060386903824
    </nax:Pace><nax:Moments>
      <nax:Halt xsi:type="nax:Halt_t" action="auto_pause">
      
    </nax:Halt>
    </nax:Moments>
    </nax:Nax>
    </TPX>
    </Extensions>
    </Trackpoint>
<Trackpoint>
      <Time>
      2025-09-09T00:36:07.316Z
    </Time><DistanceMeters>
      5.85052630957216
    </DistanceMeters><Cadence>
      160.845365524292
    </Cadence><SensorState>
      Present
    </SensorState><Extensions>
      <TPX xmlns="http://www.garmin.com/xmlschemas/ActivityExtension/v2">
      <nax:Nax>
      <nax:Moments>
      <nax:Halt xsi:type="nax:Halt_t" action="auto_pause">
      
    </nax:Halt>
    </nax:Moments>
    </nax:Nax>
    </TPX>
    </Extensions>
    </Trackpoint>
<Trackpoint>
      <Time>
      2025-09-09T00:36:07.587Z
    </Time><SensorState>
      Present
    </SensorState><Extensions>
      <TPX xmlns="http://www.garmin.com/xmlschemas/ActivityExtension/v2">
      <nax:Nax>
      <nax:AscentInMeters>
      0.11890411376953125
    </nax:AscentInMeters><nax:Moments>
      <nax:Halt xsi:type="nax:Halt_t" action="auto_pause">
      
    </nax:Halt>
    </nax:Moments>
    </nax:Nax>
    </TPX>
    </Extensions>
    </Trackpoint>
<Trackpoint>
      <Time>
      2025-09-09T00:36:07.999Z
    </Time><Position>
      <LatitudeDegrees>
      47.428585210481046
    </LatitudeDegrees><LongitudeDegrees>
      -122.29229609182086
    </LongitudeDegrees>
    </Position><AltitudeMeters>
      109.01421461254358
    </AltitudeMeters><SensorState>
      Present
    </SensorState><Extensions>
      <TPX xmlns="http://www.garmin.com/xmlschemas/ActivityExtension/v2">
      <nax:Nax>
      <nax:Moments>
      <nax:Halt xsi:type="nax:Halt_t" action="auto_pause">
      
    </nax:Halt>
    </nax:Moments>
    </nax:Nax>
    </TPX>
    </Extensions>
    </Trackpoint>
<Trackpoint>
      <Time>
      2025-09-09T00:36:08.000Z
    </Time><SensorState>
      Present
    </SensorState><Extensions>
      <TPX xmlns="http://www.garmin.com/xmlschemas/ActivityExtension/v2">
      <nax:Nax>
      <nax:NikeFuel>
      7.566594412422537
    </nax:NikeFuel><nax:Moments>
      <nax:Halt xsi:type="nax:Halt_t" action="auto_pause">
      
    </nax:Halt>
    </nax:Moments>
    </nax:Nax>
    </TPX>
    </Extensions>
    </Trackpoint>
<Trackpoint>
      <Time>
      2025-09-09T00:36:08.646Z
    </Time><SensorState>
      Present
    </SensorState><Extensions>
      <TPX xmlns="http://www.garmin.com/xmlschemas/ActivityExtension/v2">
      <nax:Nax>
      <nax:AscentInMeters>
      0.132110595703125
    </nax:AscentInMeters><nax:Moments>
      <nax:Halt xsi:type="nax:Halt_t" action="auto_pause">
      
    </nax:Halt>
    </nax:Moments>
    </nax:Nax>
    </TPX>
    </Extensions>
    </Trackpoint>
<Trackpoint>
      <Time>
      2025-09-09T00:36:09.707Z
    </Time><SensorState>
      Present
    </SensorState><Extensions>
      <TPX xmlns="http://www.garmin.com/xmlschemas/ActivityExtension/v2">
      <nax:Nax>
      <nax:AscentInMeters>
      0.1426849365234375
    </nax:AscentInMeters><nax:Moments>
      <nax:Halt xsi:type="nax:Halt_t" action="auto_pause">
      
    </nax:Halt>
    </nax:Moments>
    </nax:Nax>
    </TPX>
    </Extensions>
    </Trackpoint>
<Trackpoint>
      <Time>
      2025-09-09T00:36:09.870Z
    </Time><DistanceMeters>
      7.116332235047594
    </DistanceMeters><SensorState>
      Present
    </SensorState><Extensions>
      <TPX xmlns="http://www.garmin.com/xmlschemas/ActivityExtension/v2">
      <ns3:Speed>
      2.923480068813694
    </ns3:Speed><nax:Nax>
      <nax:Pace>
      5.700968118257006
    </nax:Pace><nax:Moments>
      <nax:Halt xsi:type="nax:Halt_t" action="auto_pause">
      
    </nax:Halt>
    </nax:Moments>
    </nax:Nax>
    </TPX>
    </Extensions>
    </Trackpoint>
<Trackpoint>
      <Time>
      2025-09-09T00:36:09.871Z
    </Time><Cadence>
      160.845365524292
    </Cadence><SensorState>
      Present
    </SensorState><Extensions>
      <TPX xmlns="http://www.garmin.com/xmlschemas/ActivityExtension/v2">
      <nax:Nax>
      <nax:Moments>
      <nax:Halt xsi:type="nax:Halt_t" action="auto_pause">
      
    </nax:Halt>
    </nax:Moments>
    </nax:Nax>
    </TPX>
    </Extensions>
    </Trackpoint>
<Trackpoint>
      <Time>
      2025-09-09T00:36:10.767Z
    </Time><SensorState>
      Present
    </SensorState><Extensions>
      <TPX xmlns="http://www.garmin.com/xmlschemas/ActivityExtension/v2">
      <nax:Nax>
      <nax:AscentInMeters>
      0.12947845458984375
    </nax:AscentInMeters><nax:Moments>
      <nax:Halt xsi:type="nax:Halt_t" action="auto_pause">
      
    </nax:Halt>
    </nax:Moments>
    </nax:Nax>
    </TPX>
    </Extensions>
    </Trackpoint>
<Trackpoint>
      <Time>
      2025-09-09T00:36:11.827Z
    </Time><SensorState>
      Present
    </SensorState><Extensions>
      <TPX xmlns="http://www.garmin.com/xmlschemas/ActivityExtension/v2">
      <nax:Nax>
      <nax:AscentInMeters>
      0.11890411376953125
    </nax:AscentInMeters><nax:Moments>
      <nax:Halt xsi:type="nax:Halt_t" action="auto_pause">
      
    </nax:Halt>
    </nax:Moments>
    </nax:Nax>
    </TPX>
    </Extensions>
    </Trackpoint>
<Trackpoint>
      <Time>
      2025-09-09T00:36:12.426Z
    </Time><SensorState>
      Present
    </SensorState><Extensions>
      <TPX xmlns="http://www.garmin.com/xmlschemas/ActivityExtension/v2">
      <ns3:Speed>
      2.917452713145504
    </ns3:Speed><nax:Nax>
      <nax:Pace>
      5.712746119781047
    </nax:Pace><nax:Moments>
      <nax:Halt xsi:type="nax:Halt_t" action="auto_pause">
      
    </nax:Halt>
    </nax:Moments>
    </nax:Nax>
    </TPX>
    </Extensions>
    </Trackpoint>
<Trackpoint>
      <Time>
      2025-09-09T00:36:12.427Z
    </Time><DistanceMeters>
      6.311457088915631
    </DistanceMeters><Cadence>
      160.73703289031982
    </Cadence><SensorState>
      Present
    </SensorState><Extensions>
      <TPX xmlns="http://www.garmin.com/xmlschemas/ActivityExtension/v2">
      <nax:Nax>
      <nax:Moments>
      <nax:Halt xsi:type="nax:Halt_t" action="auto_pause">
      
    </nax:Halt>
    </nax:Moments>
    </nax:Nax>
    </TPX>
    </Extensions>
    </Trackpoint>
<Trackpoint>
      <Time>
      2025-09-09T00:36:12.887Z
    </Time><SensorState>
      Present
    </SensorState><Extensions>
      <TPX xmlns="http://www.garmin.com/xmlschemas/ActivityExtension/v2">
      <nax:Nax>
      <nax:AscentInMeters>
      0.12154388427734375
    </nax:AscentInMeters><nax:Moments>
      <nax:Halt xsi:type="nax:Halt_t" action="auto_pause">
      
    </nax:Halt>
    </nax:Moments>
    </nax:Nax>
    </TPX>
    </Extensions>
    </Trackpoint>
<Trackpoint>
      <Time>
      2025-09-09T00:36:12.999Z
    </Time><Position>
      <LatitudeDegrees>
      47.42868065086813
    </LatitudeDegrees><LongitudeDegrees>
      -122.29236721566835
    </LongitudeDegrees>
    </Position><AltitudeMeters>
      110.2382038012147
    </AltitudeMeters><SensorState>
      Present
    </SensorState><Extensions>
      <TPX xmlns="http://www.garmin.com/xmlschemas/ActivityExtension/v2">
      <nax:Nax>
      <nax:Moments>
      <nax:Halt xsi:type="nax:Halt_t" action="auto_pause">
      
    </nax:Halt>
    </nax:Moments>
    </nax:Nax>
    </TPX>
    </Extensions>
    </Trackpoint>
<Trackpoint>
      <Time>
      2025-09-09T00:36:13.947Z
    </Time><SensorState>
      Present
    </SensorState><Extensions>
      <TPX xmlns="http://www.garmin.com/xmlschemas/ActivityExtension/v2">
      <nax:Nax>
      <nax:AscentInMeters>
      0.1241912841796875
    </nax:AscentInMeters><nax:Moments>
      <nax:Halt xsi:type="nax:Halt_t" action="auto_pause">
      
    </nax:Halt>
    </nax:Moments>
    </nax:Nax>
    </TPX>
    </Extensions>
    </Trackpoint>
<Trackpoint>
      <Time>
      2025-09-09T00:36:14.982Z
    </Time><SensorState>
      Present
    </SensorState><Extensions>
      <TPX xmlns="http://www.garmin.com/xmlschemas/ActivityExtension/v2">
      <ns3:Speed>
      2.912163548585328
    </ns3:Speed><nax:Nax>
      <nax:Pace>
      5.723121791962202
    </nax:Pace><nax:Moments>
      <nax:Halt xsi:type="nax:Halt_t" action="auto_pause">
      
    </nax:Halt>
    </nax:Moments>
    </nax:Nax>
    </TPX>
    </Extensions>
    </Trackpoint>
<Trackpoint>
      <Time>
      2025-09-09T00:36:14.983Z
    </Time><DistanceMeters>
      7.76512918737717
    </DistanceMeters><Cadence>
      160.21260738372803
    </Cadence><SensorState>
      Present
    </SensorState><Extensions>
      <TPX xmlns="http://www.garmin.com/xmlschemas/ActivityExtension/v2">
      <nax:Nax>
      <nax:Moments>
      <nax:Halt xsi:type="nax:Halt_t" action="auto_pause">
      
    </nax:Halt>
    </nax:Moments>
    </nax:Nax>
    </TPX>
    </Extensions>
    </Trackpoint>
<Trackpoint>
      <Time>
      2025-09-09T00:36:15.008Z
    </Time><SensorState>
      Present
    </SensorState><Extensions>
      <TPX xmlns="http://www.garmin.com/xmlschemas/ActivityExtension/v2">
      <nax:Nax>
      <nax:AscentInMeters>
      0.10305023193359375
    </nax:AscentInMeters><nax:Moments>
      <nax:Halt xsi:type="nax:Halt_t" action="auto_pause">
      
    </nax:Halt>
    </nax:Moments>
    </nax:Nax>
    </TPX>
    </Extensions>
    </Trackpoint>
<Trackpoint>
      <Time>
      2025-09-09T00:36:16.067Z
    </Time><SensorState>
      Present
    </SensorState><Extensions>
      <TPX xmlns="http://www.garmin.com/xmlschemas/ActivityExtension/v2">
      <nax:Nax>
      <nax:AscentInMeters>
      0.10833740234375
    </nax:AscentInMeters><nax:Moments>
      <nax:Halt xsi:type="nax:Halt_t" action="auto_pause">
      
    </nax:Halt>
    </nax:Moments>
    </nax:Nax>
    </TPX>
    </Extensions>
    </Trackpoint>
<Trackpoint>
      <Time>
      2025-09-09T00:36:16.999Z
    </Time><Position>
      <LatitudeDegrees>
      47.428767633368835
    </LatitudeDegrees><LongitudeDegrees>
      -122.29242177188628
    </LongitudeDegrees>
    </Position><AltitudeMeters>
      112.44633837603033
    </AltitudeMeters><SensorState>
      Present
    </SensorState><Extensions>
      <TPX xmlns="http://www.garmin.com/xmlschemas/ActivityExtension/v2">
      <nax:Nax>
      <nax:Moments>
      <nax:Halt xsi:type="nax:Halt_t" action="auto_pause">
      
    </nax:Halt>
    </nax:Moments>
    </nax:Nax>
    </TPX>
    </Extensions>
    </Trackpoint>
<Trackpoint>
      <Time>
      2025-09-09T00:36:17.128Z
    </Time><SensorState>
      Present
    </SensorState><Extensions>
      <TPX xmlns="http://www.garmin.com/xmlschemas/ActivityExtension/v2">
      <nax:Nax>
      <nax:AscentInMeters>
      0.11890411376953125
    </nax:AscentInMeters><nax:Moments>
      <nax:Halt xsi:type="nax:Halt_t" action="auto_pause">
      
    </nax:Halt>
    </nax:Moments>
    </nax:Nax>
    </TPX>
    </Extensions>
    </Trackpoint>
<Trackpoint>
      <Time>
      2025-09-09T00:36:17.538Z
    </Time><SensorState>
      Present
    </SensorState><Extensions>
      <TPX xmlns="http://www.garmin.com/xmlschemas/ActivityExtension/v2">
      <ns3:Speed>
      2.9110128555180115
    </ns3:Speed><nax:Nax>
      <nax:Pace>
      5.725384082407582
    </nax:Pace><nax:Moments>
      <nax:Halt xsi:type="nax:Halt_t" action="auto_pause">
      
    </nax:Halt>
    </nax:Moments>
    </nax:Nax>
    </TPX>
    </Extensions>
    </Trackpoint>
<Trackpoint>
      <Time>
      2025-09-09T00:36:17.539Z
    </Time><DistanceMeters>
      6.8030863790772855
    </DistanceMeters><Cadence>
      160.21260738372803
    </Cadence><SensorState>
      Present
    </SensorState><Extensions>
      <TPX xmlns="http://www.garmin.com/xmlschemas/ActivityExtension/v2">
      <nax:Nax>
      <nax:Moments>
      <nax:Halt xsi:type="nax:Halt_t" action="auto_pause">
      
    </nax:Halt>
    </nax:Moments>
    </nax:Nax>
    </TPX>
    </Extensions>
    </Trackpoint>
<Trackpoint>
      <Time>
      2025-09-09T00:36:18.000Z
    </Time><SensorState>
      Present
    </SensorState><Extensions>
      <TPX xmlns="http://www.garmin.com/xmlschemas/ActivityExtension/v2">
      <nax:Nax>
      <nax:NikeFuel>
      7.568386518972133
    </nax:NikeFuel><nax:Moments>
      <nax:Halt xsi:type="nax:Halt_t" action="auto_pause">
      
    </nax:Halt>
    </nax:Moments>
    </nax:Nax>
    </TPX>
    </Extensions>
    </Trackpoint>
<Trackpoint>
      <Time>
      2025-09-09T00:36:18.188Z
    </Time><SensorState>
      Present
    </SensorState><Extensions>
      <TPX xmlns="http://www.garmin.com/xmlschemas/ActivityExtension/v2">
      <nax:Nax>
      <nax:AscentInMeters>
      0.0977630615234375
    </nax:AscentInMeters><nax:Moments>
      <nax:Halt xsi:type="nax:Halt_t" action="auto_pause">
      
    </nax:Halt>
    </nax:Moments>
    </nax:Nax>
    </TPX>
    </Extensions>
    </Trackpoint>
<Trackpoint>
      <Time>
      2025-09-09T00:36:19.248Z
    </Time><SensorState>
      Present
    </SensorState><Extensions>
      <TPX xmlns="http://www.garmin.com/xmlschemas/ActivityExtension/v2">
      <nax:Nax>
      <nax:AscentInMeters>
      0.10305023193359375
    </nax:AscentInMeters><nax:Moments>
      <nax:Halt xsi:type="nax:Halt_t" action="auto_pause">
      
    </nax:Halt>
    </nax:Moments>
    </nax:Nax>
    </TPX>
    </Extensions>
    </Trackpoint>
<Trackpoint>
      <Time>
      2025-09-09T00:36:20.094Z
    </Time><SensorState>
      Present
    </SensorState><Extensions>
      <TPX xmlns="http://www.garmin.com/xmlschemas/ActivityExtension/v2">
      <ns3:Speed>
      2.916127286458919
    </ns3:Speed><nax:Nax>
      <nax:Pace>
      5.715342654642884
    </nax:Pace><nax:Moments>
      <nax:Halt xsi:type="nax:Halt_t" action="auto_pause">
      
    </nax:Halt>
    </nax:Moments>
    </nax:Nax>
    </TPX>
    </Extensions>
    </Trackpoint>
<Trackpoint>
      <Time>
      2025-09-09T00:36:20.095Z
    </Time><DistanceMeters>
      3.994283128762618
    </DistanceMeters><Cadence>
      160.21260738372803
    </Cadence><SensorState>
      Present
    </SensorState><Extensions>
      <TPX xmlns="http://www.garmin.com/xmlschemas/ActivityExtension/v2">
      <nax:Nax>
      <nax:Moments>
      <nax:Halt xsi:type="nax:Halt_t" action="auto_pause">
      
    </nax:Halt>
    </nax:Moments>
    </nax:Nax>
    </TPX>
    </Extensions>
    </Trackpoint>
<Trackpoint>
      <Time>
      2025-09-09T00:36:20.308Z
    </Time><SensorState>
      Present
    </SensorState><Extensions>
      <TPX xmlns="http://www.garmin.com/xmlschemas/ActivityExtension/v2">
      <nax:Nax>
      <nax:AscentInMeters>
      0.06870269775390625
    </nax:AscentInMeters><nax:Moments>
      <nax:Halt xsi:type="nax:Halt_t" action="auto_pause">
      
    </nax:Halt>
    </nax:Moments>
    </nax:Nax>
    </TPX>
    </Extensions>
    </Trackpoint>
<Trackpoint>
      <Time>
      2025-09-09T00:36:20.999Z
    </Time><Position>
      <LatitudeDegrees>
      47.42885399858526
    </LatitudeDegrees><LongitudeDegrees>
      -122.2923812008935
    </LongitudeDegrees>
    </Position><AltitudeMeters>
      110.69474087934941
    </AltitudeMeters><SensorState>
      Present
    </SensorState><Extensions>
      <TPX xmlns="http://www.garmin.com/xmlschemas/ActivityExtension/v2">
      <nax:Nax>
      <nax:Moments>
      <nax:Halt xsi:type="nax:Halt_t" action="auto_pause">
      
    </nax:Halt>
    </nax:Moments>
    </nax:Nax>
    </TPX>
    </Extensions>
    </Trackpoint>
<Trackpoint>
      <Time>
      2025-09-09T00:36:21.368Z
    </Time><SensorState>
      Present
    </SensorState><Extensions>
      <TPX xmlns="http://www.garmin.com/xmlschemas/ActivityExtension/v2">
      <nax:Nax>
      <nax:AscentInMeters>
      0.031707763671875
    </nax:AscentInMeters><nax:Moments>
      <nax:Halt xsi:type="nax:Halt_t" action="auto_pause">
      
    </nax:Halt>
    </nax:Moments>
    </nax:Nax>
    </TPX>
    </Extensions>
    </Trackpoint>
<Trackpoint>
      <Time>
      2025-09-09T00:36:22.650Z
    </Time><SensorState>
      Present
    </SensorState><Extensions>
      <TPX xmlns="http://www.garmin.com/xmlschemas/ActivityExtension/v2">
      <ns3:Speed>
      2.9163837998560904
    </ns3:Speed><nax:Nax>
      <nax:Pace>
      5.714839956074741
    </nax:Pace><nax:Moments>
      <nax:Halt xsi:type="nax:Halt_t" action="auto_pause">
      
    </nax:Halt>
    </nax:Moments>
    </nax:Nax>
    </TPX>
    </Extensions>
    </Trackpoint>
<Trackpoint>
      <Time>
      2025-09-09T00:36:22.651Z
    </Time><DistanceMeters>
      6.652694463264197
    </DistanceMeters><Cadence>
      160.21260738372803
    </Cadence><SensorState>
      Present
    </SensorState><Extensions>
      <TPX xmlns="http://www.garmin.com/xmlschemas/ActivityExtension/v2">
      <nax:Nax>
      <nax:Moments>
      <nax:Halt xsi:type="nax:Halt_t" action="auto_pause">
      
    </nax:Halt>
    </nax:Moments>
    </nax:Nax>
    </TPX>
    </Extensions>
    </Trackpoint>
<Trackpoint>
      <Time>
      2025-09-09T00:36:25.000Z
    </Time><Position>
      <LatitudeDegrees>
      47.42888422259439
    </LatitudeDegrees><LongitudeDegrees>
      -122.29222057851811
    </LongitudeDegrees>
    </Position><AltitudeMeters>
      110.461411642842
    </AltitudeMeters><SensorState>
      Present
    </SensorState><Extensions>
      <TPX xmlns="http://www.garmin.com/xmlschemas/ActivityExtension/v2">
      <nax:Nax>
      <nax:Moments>
      <nax:Halt xsi:type="nax:Halt_t" action="auto_pause">
      
    </nax:Halt>
    </nax:Moments>
    </nax:Nax>
    </TPX>
    </Extensions>
    </Trackpoint>
<Trackpoint>
      <Time>
      2025-09-09T00:36:25.205Z
    </Time><DistanceMeters>
      8.488644528901204
    </DistanceMeters><SensorState>
      Present
    </SensorState><Extensions>
      <TPX xmlns="http://www.garmin.com/xmlschemas/ActivityExtension/v2">
      <ns3:Speed>
      2.9172497494039717
    </ns3:Speed><nax:Nax>
      <nax:Pace>
      5.713143576435943
    </nax:Pace><nax:Moments>
      <nax:Halt xsi:type="nax:Halt_t" action="auto_pause">
      
    </nax:Halt>
    </nax:Moments>
    </nax:Nax>
    </TPX>
    </Extensions>
    </Trackpoint>
<Trackpoint>
      <Time>
      2025-09-09T00:36:25.206Z
    </Time><Cadence>
      160.63317775726318
    </Cadence><SensorState>
      Present
    </SensorState><Extensions>
      <TPX xmlns="http://www.garmin.com/xmlschemas/ActivityExtension/v2">
      <nax:Nax>
      <nax:Moments>
      <nax:Halt xsi:type="nax:Halt_t" action="auto_pause">
      
    </nax:Halt>
    </nax:Moments>
    </nax:Nax>
    </TPX>
    </Extensions>
    </Trackpoint>
<Trackpoint>
      <Time>
      2025-09-09T00:36:25.608Z
    </Time><SensorState>
      Present
    </SensorState><Extensions>
      <TPX xmlns="http://www.garmin.com/xmlschemas/ActivityExtension/v2">
      <nax:Nax>
      <nax:DescentInMeters>
      0.07134246826171875
    </nax:DescentInMeters><nax:Moments>
      <nax:Halt xsi:type="nax:Halt_t" action="auto_pause">
      
    </nax:Halt>
    </nax:Moments>
    </nax:Nax>
    </TPX>
    </Extensions>
    </Trackpoint>
<Trackpoint>
      <Time>
      2025-09-09T00:36:26.668Z
    </Time><SensorState>
      Present
    </SensorState><Extensions>
      <TPX xmlns="http://www.garmin.com/xmlschemas/ActivityExtension/v2">
      <nax:Nax>
      <nax:DescentInMeters>
      0.0607757568359375
    </nax:DescentInMeters><nax:Moments>
      <nax:Halt xsi:type="nax:Halt_t" action="auto_pause">
      
    </nax:Halt>
    </nax:Moments>
    </nax:Nax>
    </TPX>
    </Extensions>
    </Trackpoint>
<Trackpoint>
      <Time>
      2025-09-09T00:36:27.728Z
    </Time><SensorState>
      Present
    </SensorState><Extensions>
      <TPX xmlns="http://www.garmin.com/xmlschemas/ActivityExtension/v2">
      <nax:Nax>
      <nax:DescentInMeters>
      0.044921875
    </nax:DescentInMeters><nax:Moments>
      <nax:Halt xsi:type="nax:Halt_t" action="auto_pause">
      
    </nax:Halt>
    </nax:Moments>
    </nax:Nax>
    </TPX>
    </Extensions>
    </Trackpoint>
<Trackpoint>
      <Time>
      2025-09-09T00:36:27.761Z
    </Time><SensorState>
      Present
    </SensorState><Extensions>
      <TPX xmlns="http://www.garmin.com/xmlschemas/ActivityExtension/v2">
      <ns3:Speed>
      2.917294682525378
    </ns3:Speed><nax:Nax>
      <nax:Pace>
      5.713055580740661
    </nax:Pace><nax:Moments>
      <nax:Halt xsi:type="nax:Halt_t" action="auto_pause">
      
    </nax:Halt>
    </nax:Moments>
    </nax:Nax>
    </TPX>
    </Extensions>
    </Trackpoint>
<Trackpoint>
      <Time>
      2025-09-09T00:36:27.762Z
    </Time><DistanceMeters>
      5.795224088709801
    </DistanceMeters><Cadence>
      160.58687210083008
    </Cadence><SensorState>
      Present
    </SensorState><Extensions>
      <TPX xmlns="http://www.garmin.com/xmlschemas/ActivityExtension/v2">
      <nax:Nax>
      <nax:Moments>
      <nax:Halt xsi:type="nax:Halt_t" action="auto_pause">
      
    </nax:Halt>
    </nax:Moments>
    </nax:Nax>
    </TPX>
    </Extensions>
    </Trackpoint>
<Trackpoint>
      <Time>
      2025-09-09T00:36:28.000Z
    </Time><SensorState>
      Present
    </SensorState><Extensions>
      <TPX xmlns="http://www.garmin.com/xmlschemas/ActivityExtension/v2">
      <nax:Nax>
      <nax:NikeFuel>
      7.552398536864516
    </nax:NikeFuel><nax:Moments>
      <nax:Halt xsi:type="nax:Halt_t" action="auto_pause">
      
    </nax:Halt>
    </nax:Moments>
    </nax:Nax>
    </TPX>
    </Extensions>
    </Trackpoint>
<Trackpoint>
      <Time>
      2025-09-09T00:36:28.788Z
    </Time><SensorState>
      Present
    </SensorState><Extensions>
      <TPX xmlns="http://www.garmin.com/xmlschemas/ActivityExtension/v2">
      <nax:Nax>
      <nax:DescentInMeters>
      0.07662200927734375
    </nax:DescentInMeters><nax:Moments>
      <nax:Halt xsi:type="nax:Halt_t" action="auto_pause">
      
    </nax:Halt>
    </nax:Moments>
    </nax:Nax>
    </TPX>
    </Extensions>
    </Trackpoint>
<Trackpoint>
      <Time>
      2025-09-09T00:36:29.000Z
    </Time><Position>
      <LatitudeDegrees>
      47.428904450372144
    </LatitudeDegrees><LongitudeDegrees>
      -122.29209084705423
    </LongitudeDegrees>
    </Position><AltitudeMeters>
      109.60044022276998
    </AltitudeMeters><SensorState>
      Present
    </SensorState><Extensions>
      <TPX xmlns="http://www.garmin.com/xmlschemas/ActivityExtension/v2">
      <nax:Nax>
      <nax:Moments>
      <nax:Halt xsi:type="nax:Halt_t" action="auto_pause">
      
    </nax:Halt>
    </nax:Moments>
    </nax:Nax>
    </TPX>
    </Extensions>
    </Trackpoint>
<Trackpoint>
      <Time>
      2025-09-09T00:36:29.848Z
    </Time><SensorState>
      Present
    </SensorState><Extensions>
      <TPX xmlns="http://www.garmin.com/xmlschemas/ActivityExtension/v2">
      <nax:Nax>
      <nax:DescentInMeters>
      0.05020904541015625
    </nax:DescentInMeters><nax:Moments>
      <nax:Halt xsi:type="nax:Halt_t" action="auto_pause">
      
    </nax:Halt>
    </nax:Moments>
    </nax:Nax>
    </TPX>
    </Extensions>
    </Trackpoint>
<Trackpoint>
      <Time>
      2025-09-09T00:36:30.317Z
    </Time><DistanceMeters>
      8.643110838485882
    </DistanceMeters><SensorState>
      Present
    </SensorState><Extensions>
      <TPX xmlns="http://www.garmin.com/xmlschemas/ActivityExtension/v2">
      <ns3:Speed>
      2.915899652504468
    </ns3:Speed><nax:Nax>
      <nax:Pace>
      5.715788831193713
    </nax:Pace><nax:Moments>
      <nax:Halt xsi:type="nax:Halt_t" action="auto_pause">
      
    </nax:Halt>
    </nax:Moments>
    </nax:Nax>
    </TPX>
    </Extensions>
    </Trackpoint>
<Trackpoint>
      <Time>
      2025-09-09T00:36:30.318Z
    </Time><Cadence>
      160.61169147491455
    </Cadence><SensorState>
      Present
    </SensorState><Extensions>
      <TPX xmlns="http://www.garmin.com/xmlschemas/ActivityExtension/v2">
      <nax:Nax>
      <nax:Moments>
      <nax:Halt xsi:type="nax:Halt_t" action="auto_pause">
      
    </nax:Halt>
    </nax:Moments>
    </nax:Nax>
    </TPX>
    </Extensions>
    </Trackpoint>
<Trackpoint>
      <Time>
      2025-09-09T00:36:30.908Z
    </Time><SensorState>
      Present
    </SensorState><Extensions>
      <TPX xmlns="http://www.garmin.com/xmlschemas/ActivityExtension/v2">
      <nax:Nax>
      <nax:DescentInMeters>
      0.08983612060546875
    </nax:DescentInMeters><nax:Moments>
      <nax:Halt xsi:type="nax:Halt_t" action="auto_pause">
      
    </nax:Halt>
    </nax:Moments>
    </nax:Nax>
    </TPX>
    </Extensions>
    </Trackpoint>
<Trackpoint>
      <Time>
      2025-09-09T00:36:31.968Z
    </Time><SensorState>
      Present
    </SensorState><Extensions>
      <TPX xmlns="http://www.garmin.com/xmlschemas/ActivityExtension/v2">
      <nax:Nax>
      <nax:DescentInMeters>
      0.08719635009765625
    </nax:DescentInMeters><nax:Moments>
      <nax:Halt xsi:type="nax:Halt_t" action="auto_pause">
      
    </nax:Halt>
    </nax:Moments>
    </nax:Nax>
    </TPX>
    </Extensions>
    </Trackpoint>
<Trackpoint>
      <Time>
      2025-09-09T00:36:32.873Z
    </Time><SensorState>
      Present
    </SensorState><Extensions>
      <TPX xmlns="http://www.garmin.com/xmlschemas/ActivityExtension/v2">
      <ns3:Speed>
      2.9122174588358973
    </ns3:Speed><nax:Nax>
      <nax:Pace>
      5.723015846944632
    </nax:Pace><nax:Moments>
      <nax:Halt xsi:type="nax:Halt_t" action="auto_pause">
      
    </nax:Halt>
    </nax:Moments>
    </nax:Nax>
    </TPX>
    </Extensions>
    </Trackpoint>
<Trackpoint>
      <Time>
      2025-09-09T00:36:32.874Z
    </Time><DistanceMeters>
      6.176314027747139
    </DistanceMeters><Cadence>
      160.20568370819092
    </Cadence><SensorState>
      Present
    </SensorState><Extensions>
      <TPX xmlns="http://www.garmin.com/xmlschemas/ActivityExtension/v2">
      <nax:Nax>
      <nax:Moments>
      <nax:Halt xsi:type="nax:Halt_t" action="auto_pause">
      
    </nax:Halt>
    </nax:Moments>
    </nax:Nax>
    </TPX>
    </Extensions>
    </Trackpoint>
<Trackpoint>
      <Time>
      2025-09-09T00:36:33.000Z
    </Time><Position>
      <LatitudeDegrees>
      47.42889569310952
    </LatitudeDegrees><LongitudeDegrees>
      -122.29194160114976
    </LongitudeDegrees>
    </Position><AltitudeMeters>
      109.73952587414533
    </AltitudeMeters><SensorState>
      Present
    </SensorState><Extensions>
      <TPX xmlns="http://www.garmin.com/xmlschemas/ActivityExtension/v2">
      <nax:Nax>
      <nax:Moments>
      <nax:Halt xsi:type="nax:Halt_t" action="auto_pause">
      
    </nax:Halt>
    </nax:Moments>
    </nax:Nax>
    </TPX>
    </Extensions>
    </Trackpoint>
<Trackpoint>
      <Time>
      2025-09-09T00:36:33.029Z
    </Time><SensorState>
      Present
    </SensorState><Extensions>
      <TPX xmlns="http://www.garmin.com/xmlschemas/ActivityExtension/v2">
      <nax:Nax>
      <nax:DescentInMeters>
      0.0422821044921875
    </nax:DescentInMeters><nax:Moments>
      <nax:Halt xsi:type="nax:Halt_t" action="auto_pause">
      
    </nax:Halt>
    </nax:Moments>
    </nax:Nax>
    </TPX>
    </Extensions>
    </Trackpoint>
<Trackpoint>
      <Time>
      2025-09-09T00:36:34.089Z
    </Time><SensorState>
      Present
    </SensorState><Extensions>
      <TPX xmlns="http://www.garmin.com/xmlschemas/ActivityExtension/v2">
      <nax:Nax>
      <nax:DescentInMeters>
      0.06076812744140625
    </nax:DescentInMeters><nax:Moments>
      <nax:Halt xsi:type="nax:Halt_t" action="auto_pause">
      
    </nax:Halt>
    </nax:Moments>
    </nax:Nax>
    </TPX>
    </Extensions>
    </Trackpoint>
<Trackpoint>
      <Time>
      2025-09-09T00:36:35.149Z
    </Time><SensorState>
      Present
    </SensorState><Extensions>
      <TPX xmlns="http://www.garmin.com/xmlschemas/ActivityExtension/v2">
      <nax:Nax>
      <nax:DescentInMeters>
      0.02378082275390625
    </nax:DescentInMeters><nax:Moments>
      <nax:Halt xsi:type="nax:Halt_t" action="auto_pause">
      
    </nax:Halt>
    </nax:Moments>
    </nax:Nax>
    </TPX>
    </Extensions>
    </Trackpoint>
<Trackpoint>
      <Time>
      2025-09-09T00:36:35.429Z
    </Time><DistanceMeters>
      6.74941400391981
    </DistanceMeters><SensorState>
      Present
    </SensorState><Extensions>
      <TPX xmlns="http://www.garmin.com/xmlschemas/ActivityExtension/v2">
      <ns3:Speed>
      2.9080174115759925
    </ns3:Speed><nax:Nax>
      <nax:Pace>
      5.73128159423028
    </nax:Pace><nax:Moments>
      <nax:Halt xsi:type="nax:Halt_t" action="auto_pause">
      
    </nax:Halt>
    </nax:Moments>
    </nax:Nax>
    </TPX>
    </Extensions>
    </Trackpoint>
<Trackpoint>
      <Time>
      2025-09-09T00:36:35.430Z
    </Time><Cadence>
      159.78150844573975
    </Cadence><SensorState>
      Present
    </SensorState><Extensions>
      <TPX xmlns="http://www.garmin.com/xmlschemas/ActivityExtension/v2">
      <nax:Nax>
      <nax:Moments>
      <nax:Halt xsi:type="nax:Halt_t" action="auto_pause">
      
    </nax:Halt>
    </nax:Moments>
    </nax:Nax>
    </TPX>
    </Extensions>
    </Trackpoint>
<Trackpoint>
      <Time>
      2025-09-09T00:36:36.209Z
    </Time><SensorState>
      Present
    </SensorState><Extensions>
      <TPX xmlns="http://www.garmin.com/xmlschemas/ActivityExtension/v2">
      <nax:Nax>
      <nax:DescentInMeters>
      0.03963470458984375
    </nax:DescentInMeters><nax:Moments>
      <nax:Halt xsi:type="nax:Halt_t" action="auto_pause">
      
    </nax:Halt>
    </nax:Moments>
    </nax:Nax>
    </TPX>
    </Extensions>
    </Trackpoint>
<Trackpoint>
      <Time>
      2025-09-09T00:36:37.000Z
    </Time><Position>
      <LatitudeDegrees>
      47.42886628255506
    </LatitudeDegrees><LongitudeDegrees>
      -122.29179619476383
    </LongitudeDegrees>
    </Position><AltitudeMeters>
      109.19299614615738
    </AltitudeMeters><SensorState>
      Present
    </SensorState><Extensions>
      <TPX xmlns="http://www.garmin.com/xmlschemas/ActivityExtension/v2">
      <nax:Nax>
      <nax:Moments>
      <nax:Halt xsi:type="nax:Halt_t" action="auto_pause">
      
    </nax:Halt>
    </nax:Moments>
    </nax:Nax>
    </TPX>
    </Extensions>
    </Trackpoint>
<Trackpoint>
      <Time>
      2025-09-09T00:36:37.269Z
    </Time><SensorState>
      Present
    </SensorState><Extensions>
      <TPX xmlns="http://www.garmin.com/xmlschemas/ActivityExtension/v2">
      <nax:Nax>
      <nax:DescentInMeters>
      0.0475616455078125
    </nax:DescentInMeters><nax:Moments>
      <nax:Halt xsi:type="nax:Halt_t" action="auto_pause">
      
    </nax:Halt>
    </nax:Moments>
    </nax:Nax>
    </TPX>
    </Extensions>
    </Trackpoint>
<Trackpoint>
      <Time>
      2025-09-09T00:36:37.985Z
    </Time><SensorState>
      Present
    </SensorState><Extensions>
      <TPX xmlns="http://www.garmin.com/xmlschemas/ActivityExtension/v2">
      <ns3:Speed>
      2.9046357801901204
    </ns3:Speed><nax:Nax>
      <nax:Pace>
      5.737954059622499
    </nax:Pace><nax:Moments>
      <nax:Halt xsi:type="nax:Halt_t" action="auto_pause">
      
    </nax:Halt>
    </nax:Moments>
    </nax:Nax>
    </TPX>
    </Extensions>
    </Trackpoint>
<Trackpoint>
      <Time>
      2025-09-09T00:36:37.986Z
    </Time><DistanceMeters>
      6.925075804116204
    </DistanceMeters><Cadence>
      159.78150844573975
    </Cadence><SensorState>
      Present
    </SensorState><Extensions>
      <TPX xmlns="http://www.garmin.com/xmlschemas/ActivityExtension/v2">
      <nax:Nax>
      <nax:Moments>
      <nax:Halt xsi:type="nax:Halt_t" action="auto_pause">
      
    </nax:Halt>
    </nax:Moments>
    </nax:Nax>
    </TPX>
    </Extensions>
    </Trackpoint>
<Trackpoint>
      <Time>
      2025-09-09T00:36:38.000Z
    </Time><SensorState>
      Present
    </SensorState><Extensions>
      <TPX xmlns="http://www.garmin.com/xmlschemas/ActivityExtension/v2">
      <nax:Nax>
      <nax:NikeFuel>
      7.533070023208226
    </nax:NikeFuel><nax:Moments>
      <nax:Halt xsi:type="nax:Halt_t" action="auto_pause">
      
    </nax:Halt>
    </nax:Moments>
    </nax:Nax>
    </TPX>
    </Extensions>
    </Trackpoint>
<Trackpoint>
      <Time>
      2025-09-09T00:36:38.329Z
    </Time><SensorState>
      Present
    </SensorState><Extensions>
      <TPX xmlns="http://www.garmin.com/xmlschemas/ActivityExtension/v2">
      <nax:Nax>
      <nax:DescentInMeters>
      0.03699493408203125
    </nax:DescentInMeters><nax:Moments>
      <nax:Halt xsi:type="nax:Halt_t" action="auto_pause">
      
    </nax:Halt>
    </nax:Moments>
    </nax:Nax>
    </TPX>
    </Extensions>
    </Trackpoint>
<Trackpoint>
      <Time>
      2025-09-09T00:36:39.389Z
    </Time><SensorState>
      Present
    </SensorState><Extensions>
      <TPX xmlns="http://www.garmin.com/xmlschemas/ActivityExtension/v2">
      <nax:Nax>
      <nax:DescentInMeters>
      0.00528717041015625
    </nax:DescentInMeters><nax:Moments>
      <nax:Halt xsi:type="nax:Halt_t" action="auto_pause">
      
    </nax:Halt>
    </nax:Moments>
    </nax:Nax>
    </TPX>
    </Extensions>
    </Trackpoint>
<Trackpoint>
      <Time>
      2025-09-09T00:36:40.449Z
    </Time><SensorState>
      Present
    </SensorState><Extensions>
      <TPX xmlns="http://www.garmin.com/xmlschemas/ActivityExtension/v2">
      <nax:Nax>
      <nax:DescentInMeters>
      0.03699493408203125
    </nax:DescentInMeters><nax:Moments>
      <nax:Halt xsi:type="nax:Halt_t" action="auto_pause">
      
    </nax:Halt>
    </nax:Moments>
    </nax:Nax>
    </TPX>
    </Extensions>
    </Trackpoint>
<Trackpoint>
      <Time>
      2025-09-09T00:36:40.541Z
    </Time><DistanceMeters>
      8.319395668106154
    </DistanceMeters><SensorState>
      Present
    </SensorState><Extensions>
      <TPX xmlns="http://www.garmin.com/xmlschemas/ActivityExtension/v2">
      <ns3:Speed>
      2.9042030209980894
    </ns3:Speed><nax:Nax>
      <nax:Pace>
      5.738809079862062
    </nax:Pace><nax:Moments>
      <nax:Halt xsi:type="nax:Halt_t" action="auto_pause">
      
    </nax:Halt>
    </nax:Moments>
    </nax:Nax>
    </TPX>
    </Extensions>
    </Trackpoint>
<Trackpoint>
      <Time>
      2025-09-09T00:36:40.542Z
    </Time><Cadence>
      159.78150844573975
    </Cadence><SensorState>
      Present
    </SensorState><Extensions>
      <TPX xmlns="http://www.garmin.com/xmlschemas/ActivityExtension/v2">
      <nax:Nax>
      <nax:Moments>
      <nax:Halt xsi:type="nax:Halt_t" action="auto_pause">
      
    </nax:Halt>
    </nax:Moments>
    </nax:Nax>
    </TPX>
    </Extensions>
    </Trackpoint>
<Trackpoint>
      <Time>
      2025-09-09T00:36:41.000Z
    </Time><Position>
      <LatitudeDegrees>
      47.42887265473605
    </LatitudeDegrees><LongitudeDegrees>
      -122.29164310985749
    </LongitudeDegrees>
    </Position><AltitudeMeters>
      110.44590783212334
    </AltitudeMeters><SensorState>
      Present
    </SensorState><Extensions>
      <TPX xmlns="http://www.garmin.com/xmlschemas/ActivityExtension/v2">
      <nax:Nax>
      <nax:Moments>
      <nax:Halt xsi:type="nax:Halt_t" action="auto_pause">
      
    </nax:Halt>
    </nax:Moments>
    </nax:Nax>
    </TPX>
    </Extensions>
    </Trackpoint>
<Trackpoint>
      <Time>
      2025-09-09T00:36:43.097Z
    </Time><SensorState>
      Present
    </SensorState><Extensions>
      <TPX xmlns="http://www.garmin.com/xmlschemas/ActivityExtension/v2">
      <ns3:Speed>
      2.9030381851042493
    </ns3:Speed><nax:Nax>
      <nax:Pace>
      5.741111760838985
    </nax:Pace><nax:Moments>
      <nax:Halt xsi:type="nax:Halt_t" action="auto_pause">
      
    </nax:Halt>
    </nax:Moments>
    </nax:Nax>
    </TPX>
    </Extensions>
    </Trackpoint>
<Trackpoint>
      <Time>
      2025-09-09T00:36:43.098Z
    </Time><DistanceMeters>
      5.83132478618063
    </DistanceMeters><Cadence>
      159.84290599822998
    </Cadence><SensorState>
      Present
    </SensorState><Extensions>
      <TPX xmlns="http://www.garmin.com/xmlschemas/ActivityExtension/v2">
      <nax:Nax>
      <nax:Moments>
      <nax:Halt xsi:type="nax:Halt_t" action="auto_pause">
      
    </nax:Halt>
    </nax:Moments>
    </nax:Nax>
    </TPX>
    </Extensions>
    </Trackpoint>
<Trackpoint>
      <Time>
      2025-09-09T00:36:44.689Z
    </Time><SensorState>
      Present
    </SensorState><Extensions>
      <TPX xmlns="http://www.garmin.com/xmlschemas/ActivityExtension/v2">
      <nax:Nax>
      <nax:AscentInMeters>
      0.06341552734375
    </nax:AscentInMeters><nax:Moments>
      <nax:Halt xsi:type="nax:Halt_t" action="auto_pause">
      
    </nax:Halt>
    </nax:Moments>
    </nax:Nax>
    </TPX>
    </Extensions>
    </Trackpoint>
<Trackpoint>
      <Time>
      2025-09-09T00:36:45.000Z
    </Time><Position>
      <LatitudeDegrees>
      47.42890103055505
    </LatitudeDegrees><LongitudeDegrees>
      -122.29150901014393
    </LongitudeDegrees>
    </Position><AltitudeMeters>
      110.3735183281824
    </AltitudeMeters><SensorState>
      Present
    </SensorState><Extensions>
      <TPX xmlns="http://www.garmin.com/xmlschemas/ActivityExtension/v2">
      <nax:Nax>
      <nax:Moments>
      <nax:Halt xsi:type="nax:Halt_t" action="auto_pause">
      
    </nax:Halt>
    </nax:Moments>
    </nax:Nax>
    </TPX>
    </Extensions>
    </Trackpoint>
<Trackpoint>
      <Time>
      2025-09-09T00:36:45.653Z
    </Time><SensorState>
      Present
    </SensorState><Extensions>
      <TPX xmlns="http://www.garmin.com/xmlschemas/ActivityExtension/v2">
      <ns3:Speed>
      2.899503582070565
    </ns3:Speed><nax:Nax>
      <nax:Pace>
      5.748110390249917
    </nax:Pace><nax:Moments>
      <nax:Halt xsi:type="nax:Halt_t" action="auto_pause">
      
    </nax:Halt>
    </nax:Moments>
    </nax:Nax>
    </TPX>
    </Extensions>
    </Trackpoint>
<Trackpoint>
      <Time>
      2025-09-09T00:36:45.654Z
    </Time><DistanceMeters>
      8.540223089046776
    </DistanceMeters><Cadence>
      159.64138984680176
    </Cadence><SensorState>
      Present
    </SensorState><Extensions>
      <TPX xmlns="http://www.garmin.com/xmlschemas/ActivityExtension/v2">
      <nax:Nax>
      <nax:Moments>
      <nax:Halt xsi:type="nax:Halt_t" action="auto_pause">
      
    </nax:Halt>
    </nax:Moments>
    </nax:Nax>
    </TPX>
    </Extensions>
    </Trackpoint>
<Trackpoint>
      <Time>
      2025-09-09T00:36:45.749Z
    </Time><SensorState>
      Present
    </SensorState><Extensions>
      <TPX xmlns="http://www.garmin.com/xmlschemas/ActivityExtension/v2">
      <nax:Nax>
      <nax:AscentInMeters>
      0.044921875
    </nax:AscentInMeters><nax:Moments>
      <nax:Halt xsi:type="nax:Halt_t" action="auto_pause">
      
    </nax:Halt>
    </nax:Moments>
    </nax:Nax>
    </TPX>
    </Extensions>
    </Trackpoint>
<Trackpoint>
      <Time>
      2025-09-09T00:36:46.809Z
    </Time><SensorState>
      Present
    </SensorState><Extensions>
      <TPX xmlns="http://www.garmin.com/xmlschemas/ActivityExtension/v2">
      <nax:Nax>
      <nax:AscentInMeters>
      0.0660552978515625
    </nax:AscentInMeters><nax:Moments>
      <nax:Halt xsi:type="nax:Halt_t" action="auto_pause">
      
    </nax:Halt>
    </nax:Moments>
    </nax:Nax>
    </TPX>
    </Extensions>
    </Trackpoint>
<Trackpoint>
      <Time>
      2025-09-09T00:36:47.869Z
    </Time><SensorState>
      Present
    </SensorState><Extensions>
      <TPX xmlns="http://www.garmin.com/xmlschemas/ActivityExtension/v2">
      <nax:Nax>
      <nax:AscentInMeters>
      0.06606292724609375
    </nax:AscentInMeters><nax:Moments>
      <nax:Halt xsi:type="nax:Halt_t" action="auto_pause">
      
    </nax:Halt>
    </nax:Moments>
    </nax:Nax>
    </TPX>
    </Extensions>
    </Trackpoint>
<Trackpoint>
      <Time>
      2025-09-09T00:36:48.000Z
    </Time><SensorState>
      Present
    </SensorState><Extensions>
      <TPX xmlns="http://www.garmin.com/xmlschemas/ActivityExtension/v2">
      <nax:Nax>
      <nax:NikeFuel>
      7.512085278491899
    </nax:NikeFuel><nax:Moments>
      <nax:Halt xsi:type="nax:Halt_t" action="auto_pause">
      
    </nax:Halt>
    </nax:Moments>
    </nax:Nax>
    </TPX>
    </Extensions>
    </Trackpoint>
<Trackpoint>
      <Time>
      2025-09-09T00:36:48.209Z
    </Time><SensorState>
      Present
    </SensorState><Extensions>
      <TPX xmlns="http://www.garmin.com/xmlschemas/ActivityExtension/v2">
      <ns3:Speed>
      2.898699111800249
    </ns3:Speed><nax:Nax>
      <nax:Pace>
      5.7497056520349785
    </nax:Pace><nax:Moments>
      <nax:Halt xsi:type="nax:Halt_t" action="auto_pause">
      
    </nax:Halt>
    </nax:Moments>
    </nax:Nax>
    </TPX>
    </Extensions>
    </Trackpoint>
<Trackpoint>
      <Time>
      2025-09-09T00:36:48.210Z
    </Time><DistanceMeters>
      4.614119019592181
    </DistanceMeters><Cadence>
      159.7139024734497
    </Cadence><SensorState>
      Present
    </SensorState><Extensions>
      <TPX xmlns="http://www.garmin.com/xmlschemas/ActivityExtension/v2">
      <nax:Nax>
      <nax:Moments>
      <nax:Halt xsi:type="nax:Halt_t" action="auto_pause">
      
    </nax:Halt>
    </nax:Moments>
    </nax:Nax>
    </TPX>
    </Extensions>
    </Trackpoint>
<Trackpoint>
      <Time>
      2025-09-09T00:36:48.929Z
    </Time><SensorState>
      Present
    </SensorState><Extensions>
      <TPX xmlns="http://www.garmin.com/xmlschemas/ActivityExtension/v2">
      <nax:Nax>
      <nax:AscentInMeters>
      0.06870269775390625
    </nax:AscentInMeters><nax:Moments>
      <nax:Halt xsi:type="nax:Halt_t" action="auto_pause">
      
    </nax:Halt>
    </nax:Moments>
    </nax:Nax>
    </TPX>
    </Extensions>
    </Trackpoint>
<Trackpoint>
      <Time>
      2025-09-09T00:36:48.999Z
    </Time><Position>
      <LatitudeDegrees>
      47.428991649762075
    </LatitudeDegrees><LongitudeDegrees>
      -122.29145997162665
    </LongitudeDegrees>
    </Position><AltitudeMeters>
      111.01935590896755
    </AltitudeMeters><SensorState>
      Present
    </SensorState><Extensions>
      <TPX xmlns="http://www.garmin.com/xmlschemas/ActivityExtension/v2">
      <nax:Nax>
      <nax:Moments>
      <nax:Halt xsi:type="nax:Halt_t" action="auto_pause">
      
    </nax:Halt>
    </nax:Moments>
    </nax:Nax>
    </TPX>
    </Extensions>
    </Trackpoint>
<Trackpoint>
      <Time>
      2025-09-09T00:36:49.988Z
    </Time><SensorState>
      Present
    </SensorState><Extensions>
      <TPX xmlns="http://www.garmin.com/xmlschemas/ActivityExtension/v2">
      <nax:Nax>
      <nax:AscentInMeters>
      0.00792694091796875
    </nax:AscentInMeters><nax:Moments>
      <nax:Halt xsi:type="nax:Halt_t" action="auto_pause">
      
    </nax:Halt>
    </nax:Moments>
    </nax:Nax>
    </TPX>
    </Extensions>
    </Trackpoint>
<Trackpoint>
      <Time>
      2025-09-09T00:36:50.765Z
    </Time><SensorState>
      Present
    </SensorState><Extensions>
      <TPX xmlns="http://www.garmin.com/xmlschemas/ActivityExtension/v2">
      <ns3:Speed>
      2.8960044828706475
    </ns3:Speed><nax:Nax>
      <nax:Pace>
      5.75505554816888
    </nax:Pace><nax:Moments>
      <nax:Halt xsi:type="nax:Halt_t" action="auto_pause">
      
    </nax:Halt>
    </nax:Moments>
    </nax:Nax>
    </TPX>
    </Extensions>
    </Trackpoint>
<Trackpoint>
      <Time>
      2025-09-09T00:36:50.766Z
    </Time><DistanceMeters>
      5.8609297117218375
    </DistanceMeters><Cadence>
      159.59777355194092
    </Cadence><SensorState>
      Present
    </SensorState><Extensions>
      <TPX xmlns="http://www.garmin.com/xmlschemas/ActivityExtension/v2">
      <nax:Nax>
      <nax:Moments>
      <nax:Halt xsi:type="nax:Halt_t" action="auto_pause">
      
    </nax:Halt>
    </nax:Moments>
    </nax:Nax>
    </TPX>
    </Extensions>
    </Trackpoint>
<Trackpoint>
      <Time>
      2025-09-09T00:36:51.049Z
    </Time><SensorState>
      Present
    </SensorState><Extensions>
      <TPX xmlns="http://www.garmin.com/xmlschemas/ActivityExtension/v2">
      <nax:Nax>
      <nax:AscentInMeters>
      0.07398223876953125
    </nax:AscentInMeters><nax:Moments>
      <nax:Halt xsi:type="nax:Halt_t" action="auto_pause">
      
    </nax:Halt>
    </nax:Moments>
    </nax:Nax>
    </TPX>
    </Extensions>
    </Trackpoint>
<Trackpoint>
      <Time>
      2025-09-09T00:36:52.109Z
    </Time><SensorState>
      Present
    </SensorState><Extensions>
      <TPX xmlns="http://www.garmin.com/xmlschemas/ActivityExtension/v2">
      <nax:Nax>
      <nax:AscentInMeters>
      0.08455657958984375
    </nax:AscentInMeters><nax:Moments>
      <nax:Halt xsi:type="nax:Halt_t" action="auto_pause">
      
    </nax:Halt>
    </nax:Moments>
    </nax:Nax>
    </TPX>
    </Extensions>
    </Trackpoint>
<Trackpoint>
      <Time>
      2025-09-09T00:36:52.999Z
    </Time><Position>
      <LatitudeDegrees>
      47.42909537736294
    </LatitudeDegrees><LongitudeDegrees>
      -122.29146311146194
    </LongitudeDegrees>
    </Position><AltitudeMeters>
      111.6449332460761
    </AltitudeMeters><SensorState>
      Present
    </SensorState><Extensions>
      <TPX xmlns="http://www.garmin.com/xmlschemas/ActivityExtension/v2">
      <nax:Nax>
      <nax:Moments>
      <nax:Halt xsi:type="nax:Halt_t" action="auto_pause">
      
    </nax:Halt>
    </nax:Moments>
    </nax:Nax>
    </TPX>
    </Extensions>
    </Trackpoint>
<Trackpoint>
      <Time>
      2025-09-09T00:36:53.169Z
    </Time><SensorState>
      Present
    </SensorState><Extensions>
      <TPX xmlns="http://www.garmin.com/xmlschemas/ActivityExtension/v2">
      <nax:Nax>
      <nax:AscentInMeters>
      0.10832977294921875
    </nax:AscentInMeters><nax:Moments>
      <nax:Halt xsi:type="nax:Halt_t" action="auto_pause">
      
    </nax:Halt>
    </nax:Moments>
    </nax:Nax>
    </TPX>
    </Extensions>
    </Trackpoint>
<Trackpoint>
      <Time>
      2025-09-09T00:36:53.321Z
    </Time><SensorState>
      Present
    </SensorState><Extensions>
      <TPX xmlns="http://www.garmin.com/xmlschemas/ActivityExtension/v2">
      <ns3:Speed>
      2.891987056586746
    </ns3:Speed><nax:Nax>
      <nax:Pace>
      5.763050228287474
    </nax:Pace><nax:Moments>
      <nax:Halt xsi:type="nax:Halt_t" action="auto_pause">
      
    </nax:Halt>
    </nax:Moments>
    </nax:Nax>
    </TPX>
    </Extensions>
    </Trackpoint>
<Trackpoint>
      <Time>
      2025-09-09T00:36:53.322Z
    </Time><DistanceMeters>
      8.741937561426312
    </DistanceMeters><Cadence>
      159.33305740356445
    </Cadence><SensorState>
      Present
    </SensorState><Extensions>
      <TPX xmlns="http://www.garmin.com/xmlschemas/ActivityExtension/v2">
      <nax:Nax>
      <nax:Moments>
      <nax:Halt xsi:type="nax:Halt_t" action="auto_pause">
      
    </nax:Halt>
    </nax:Moments>
    </nax:Nax>
    </TPX>
    </Extensions>
    </Trackpoint>
<Trackpoint>
      <Time>
      2025-09-09T00:36:54.230Z
    </Time><SensorState>
      Present
    </SensorState><Extensions>
      <TPX xmlns="http://www.garmin.com/xmlschemas/ActivityExtension/v2">
      <nax:Nax>
      <nax:AscentInMeters>
      0.10305023193359375
    </nax:AscentInMeters><nax:Moments>
      <nax:Halt xsi:type="nax:Halt_t" action="auto_pause">
      
    </nax:Halt>
    </nax:Moments>
    </nax:Nax>
    </TPX>
    </Extensions>
    </Trackpoint>
<Trackpoint>
      <Time>
      2025-09-09T00:36:55.290Z
    </Time><SensorState>
      Present
    </SensorState><Extensions>
      <TPX xmlns="http://www.garmin.com/xmlschemas/ActivityExtension/v2">
      <nax:Nax>
      <nax:AscentInMeters>
      0.08719635009765625
    </nax:AscentInMeters><nax:Moments>
      <nax:Halt xsi:type="nax:Halt_t" action="auto_pause">
      
    </nax:Halt>
    </nax:Moments>
    </nax:Nax>
    </TPX>
    </Extensions>
    </Trackpoint>
<Trackpoint>
      <Time>
      2025-09-09T00:36:55.878Z
    </Time><SensorState>
      Present
    </SensorState><Extensions>
      <TPX xmlns="http://www.garmin.com/xmlschemas/ActivityExtension/v2">
      <ns3:Speed>
      2.8878022028186368
    </ns3:Speed><nax:Nax>
      <nax:Pace>
      5.771401742958427
    </nax:Pace><nax:Moments>
      <nax:Halt xsi:type="nax:Halt_t" action="auto_pause">
      
    </nax:Halt>
    </nax:Moments>
    </nax:Nax>
    </TPX>
    </Extensions>
    </Trackpoint>
<Trackpoint>
      <Time>
      2025-09-09T00:36:55.879Z
    </Time><DistanceMeters>
      7.506114085670561
    </DistanceMeters><Cadence>
      159.0890121459961
    </Cadence><SensorState>
      Present
    </SensorState><Extensions>
      <TPX xmlns="http://www.garmin.com/xmlschemas/ActivityExtension/v2">
      <nax:Nax>
      <nax:Moments>
      <nax:Halt xsi:type="nax:Halt_t" action="auto_pause">
      
    </nax:Halt>
    </nax:Moments>
    </nax:Nax>
    </TPX>
    </Extensions>
    </Trackpoint>
<Trackpoint>
      <Time>
      2025-09-09T00:36:56.350Z
    </Time><SensorState>
      Present
    </SensorState><Extensions>
      <TPX xmlns="http://www.garmin.com/xmlschemas/ActivityExtension/v2">
      <nax:Nax>
      <nax:AscentInMeters>
      0.10041046142578125
    </nax:AscentInMeters><nax:Moments>
      <nax:Halt xsi:type="nax:Halt_t" action="auto_pause">
      
    </nax:Halt>
    </nax:Moments>
    </nax:Nax>
    </TPX>
    </Extensions>
    </Trackpoint>
<Trackpoint>
      <Time>
      2025-09-09T00:36:56.999Z
    </Time><Position>
      <LatitudeDegrees>
      47.429199228276936
    </LatitudeDegrees><LongitudeDegrees>
      -122.29145905816603
    </LongitudeDegrees>
    </Position><AltitudeMeters>
      111.88155935518444
    </AltitudeMeters><SensorState>
      Present
    </SensorState><Extensions>
      <TPX xmlns="http://www.garmin.com/xmlschemas/ActivityExtension/v2">
      <nax:Nax>
      <nax:Moments>
      <nax:Halt xsi:type="nax:Halt_t" action="auto_pause">
      
    </nax:Halt>
    </nax:Moments>
    </nax:Nax>
    </TPX>
    </Extensions>
    </Trackpoint>
<Trackpoint>
      <Time>
      2025-09-09T00:36:57.409Z
    </Time><SensorState>
      Present
    </SensorState><Extensions>
      <TPX xmlns="http://www.garmin.com/xmlschemas/ActivityExtension/v2">
      <nax:Nax>
      <nax:AscentInMeters>
      0.1241912841796875
    </nax:AscentInMeters><nax:Moments>
      <nax:Halt xsi:type="nax:Halt_t" action="auto_pause">
      
    </nax:Halt>
    </nax:Moments>
    </nax:Nax>
    </TPX>
    </Extensions>
    </Trackpoint>
<Trackpoint>
      <Time>
      2025-09-09T00:36:58.000Z
    </Time><SensorState>
      Present
    </SensorState><Extensions>
      <TPX xmlns="http://www.garmin.com/xmlschemas/ActivityExtension/v2">
      <nax:Nax>
      <nax:NikeFuel>
      7.47711579605229
    </nax:NikeFuel><nax:Moments>
      <nax:Halt xsi:type="nax:Halt_t" action="auto_pause">
      
    </nax:Halt>
    </nax:Moments>
    </nax:Nax>
    </TPX>
    </Extensions>
    </Trackpoint>
<Trackpoint>
      <Time>
      2025-09-09T00:36:58.434Z
    </Time><SensorState>
      Present
    </SensorState><Extensions>
      <TPX xmlns="http://www.garmin.com/xmlschemas/ActivityExtension/v2">
      <ns3:Speed>
      2.8847191716868346
    </ns3:Speed><nax:Nax>
      <nax:Pace>
      5.777569903596842
    </nax:Pace><nax:Moments>
      <nax:Halt xsi:type="nax:Halt_t" action="auto_pause">
      
    </nax:Halt>
    </nax:Moments>
    </nax:Nax>
    </TPX>
    </Extensions>
    </Trackpoint>
<Trackpoint>
      <Time>
      2025-09-09T00:36:58.435Z
    </Time><DistanceMeters>
      6.463084903312847
    </DistanceMeters><Cadence>
      158.70803833007812
    </Cadence><SensorState>
      Present
    </SensorState><Extensions>
      <TPX xmlns="http://www.garmin.com/xmlschemas/ActivityExtension/v2">
      <nax:Nax>
      <nax:Moments>
      <nax:Halt xsi:type="nax:Halt_t" action="auto_pause">
      
    </nax:Halt>
    </nax:Moments>
    </nax:Nax>
    </TPX>
    </Extensions>
    </Trackpoint>
<Trackpoint>
      <Time>
      2025-09-09T00:36:58.470Z
    </Time><SensorState>
      Present
    </SensorState><Extensions>
      <TPX xmlns="http://www.garmin.com/xmlschemas/ActivityExtension/v2">
      <nax:Nax>
      <nax:AscentInMeters>
      0.10832977294921875
    </nax:AscentInMeters><nax:Moments>
      <nax:Halt xsi:type="nax:Halt_t" action="auto_pause">
      
    </nax:Halt>
    </nax:Moments>
    </nax:Nax>
    </TPX>
    </Extensions>
    </Trackpoint>
<Trackpoint>
      <Time>
      2025-09-09T00:36:59.530Z
    </Time><SensorState>
      Present
    </SensorState><Extensions>
      <TPX xmlns="http://www.garmin.com/xmlschemas/ActivityExtension/v2">
      <nax:Nax>
      <nax:AscentInMeters>
      0.10833740234375
    </nax:AscentInMeters><nax:Moments>
      <nax:Halt xsi:type="nax:Halt_t" action="auto_pause">
      
    </nax:Halt>
    </nax:Moments>
    </nax:Nax>
    </TPX>
    </Extensions>
    </Trackpoint>
<Trackpoint>
      <Time>
      2025-09-09T00:37:00.590Z
    </Time><SensorState>
      Present
    </SensorState><Extensions>
      <TPX xmlns="http://www.garmin.com/xmlschemas/ActivityExtension/v2">
      <nax:Nax>
      <nax:AscentInMeters>
      0.12947845458984375
    </nax:AscentInMeters><nax:Moments>
      <nax:Halt xsi:type="nax:Halt_t" action="auto_pause">
      
    </nax:Halt>
    </nax:Moments>
    </nax:Nax>
    </TPX>
    </Extensions>
    </Trackpoint>
<Trackpoint>
      <Time>
      2025-09-09T00:37:00.991Z
    </Time><SensorState>
      Present
    </SensorState><Extensions>
      <TPX xmlns="http://www.garmin.com/xmlschemas/ActivityExtension/v2">
      <ns3:Speed>
      2.8823637564824542
    </ns3:Speed><nax:Nax>
      <nax:Pace>
      5.782291228573503
    </nax:Pace><nax:Moments>
      <nax:Halt xsi:type="nax:Halt_t" action="auto_pause">
      
    </nax:Halt>
    </nax:Moments>
    </nax:Nax>
    </TPX>
    </Extensions>
    </Trackpoint>
<Trackpoint>
      <Time>
      2025-09-09T00:37:00.992Z
    </Time><DistanceMeters>
      7.913806387688965
    </DistanceMeters><Cadence>
      158.64091873168945
    </Cadence><SensorState>
      Present
    </SensorState><Extensions>
      <TPX xmlns="http://www.garmin.com/xmlschemas/ActivityExtension/v2">
      <nax:Nax>
      <nax:Moments>
      <nax:Halt xsi:type="nax:Halt_t" action="auto_pause">
      
    </nax:Halt>
    </nax:Moments>
    </nax:Nax>
    </TPX>
    </Extensions>
    </Trackpoint>
<Trackpoint>
      <Time>
      2025-09-09T00:37:00.999Z
    </Time><Position>
      <LatitudeDegrees>
      47.42929398127267
    </LatitudeDegrees><LongitudeDegrees>
      -122.29146839876167
    </LongitudeDegrees>
    </Position><AltitudeMeters>
      112.08362838253379
    </AltitudeMeters><SensorState>
      Present
    </SensorState><Extensions>
      <TPX xmlns="http://www.garmin.com/xmlschemas/ActivityExtension/v2">
      <nax:Nax>
      <nax:Moments>
      <nax:Halt xsi:type="nax:Halt_t" action="auto_pause">
      
    </nax:Halt>
    </nax:Moments>
    </nax:Nax>
    </TPX>
    </Extensions>
    </Trackpoint>
<Trackpoint>
      <Time>
      2025-09-09T00:37:01.650Z
    </Time><SensorState>
      Present
    </SensorState><Extensions>
      <TPX xmlns="http://www.garmin.com/xmlschemas/ActivityExtension/v2">
      <nax:Nax>
      <nax:AscentInMeters>
      0.15061187744140625
    </nax:AscentInMeters><nax:Moments>
      <nax:Halt xsi:type="nax:Halt_t" action="auto_pause">
      
    </nax:Halt>
    </nax:Moments>
    </nax:Nax>
    </TPX>
    </Extensions>
    </Trackpoint>
<Trackpoint>
      <Time>
      2025-09-09T00:37:02.710Z
    </Time><SensorState>
      Present
    </SensorState><Extensions>
      <TPX xmlns="http://www.garmin.com/xmlschemas/ActivityExtension/v2">
      <nax:Nax>
      <nax:AscentInMeters>
      0.0977630615234375
    </nax:AscentInMeters><nax:Moments>
      <nax:Halt xsi:type="nax:Halt_t" action="auto_pause">
      
    </nax:Halt>
    </nax:Moments>
    </nax:Nax>
    </TPX>
    </Extensions>
    </Trackpoint>
<Trackpoint>
      <Time>
      2025-09-09T00:37:03.547Z
    </Time><DistanceMeters>
      5.9435439594089985
    </DistanceMeters><SensorState>
      Present
    </SensorState><Extensions>
      <TPX xmlns="http://www.garmin.com/xmlschemas/ActivityExtension/v2">
      <ns3:Speed>
      2.877486335225953
    </ns3:Speed><nax:Nax>
      <nax:Pace>
      5.7920923768202455
    </nax:Pace><nax:Moments>
      <nax:Halt xsi:type="nax:Halt_t" action="auto_pause">
      
    </nax:Halt>
    </nax:Moments>
    </nax:Nax>
    </TPX>
    </Extensions>
    </Trackpoint>
<Trackpoint>
      <Time>
      2025-09-09T00:37:03.548Z
    </Time><Cadence>
      158.64352226257324
    </Cadence><SensorState>
      Present
    </SensorState><Extensions>
      <TPX xmlns="http://www.garmin.com/xmlschemas/ActivityExtension/v2">
      <nax:Nax>
      <nax:Moments>
      <nax:Halt xsi:type="nax:Halt_t" action="auto_pause">
      
    </nax:Halt>
    </nax:Moments>
    </nax:Nax>
    </TPX>
    </Extensions>
    </Trackpoint>
<Trackpoint>
      <Time>
      2025-09-09T00:37:03.770Z
    </Time><SensorState>
      Present
    </SensorState><Extensions>
      <TPX xmlns="http://www.garmin.com/xmlschemas/ActivityExtension/v2">
      <nax:Nax>
      <nax:AscentInMeters>
      0.113616943359375
    </nax:AscentInMeters><nax:Moments>
      <nax:Halt xsi:type="nax:Halt_t" action="auto_pause">
      
    </nax:Halt>
    </nax:Moments>
    </nax:Nax>
    </TPX>
    </Extensions>
    </Trackpoint>
<Trackpoint>
      <Time>
      2025-09-09T00:37:04.830Z
    </Time><SensorState>
      Present
    </SensorState><Extensions>
      <TPX xmlns="http://www.garmin.com/xmlschemas/ActivityExtension/v2">
      <nax:Nax>
      <nax:AscentInMeters>
      0.13475799560546875
    </nax:AscentInMeters><nax:Moments>
      <nax:Halt xsi:type="nax:Halt_t" action="auto_pause">
      
    </nax:Halt>
    </nax:Moments>
    </nax:Nax>
    </TPX>
    </Extensions>
    </Trackpoint>
<Trackpoint>
      <Time>
      2025-09-09T00:37:04.999Z
    </Time><Position>
      <LatitudeDegrees>
      47.429385133704514
    </LatitudeDegrees><LongitudeDegrees>
      -122.29148760624683
    </LongitudeDegrees>
    </Position><AltitudeMeters>
      113.79898582305759
    </AltitudeMeters><SensorState>
      Present
    </SensorState><Extensions>
      <TPX xmlns="http://www.garmin.com/xmlschemas/ActivityExtension/v2">
      <nax:Nax>
      <nax:Moments>
      <nax:Halt xsi:type="nax:Halt_t" action="auto_pause">
      
    </nax:Halt>
    </nax:Moments>
    </nax:Nax>
    </TPX>
    </Extensions>
    </Trackpoint>
<Trackpoint>
      <Time>
      2025-09-09T00:37:05.889Z
    </Time><SensorState>
      Present
    </SensorState><Extensions>
      <TPX xmlns="http://www.garmin.com/xmlschemas/ActivityExtension/v2">
      <nax:Nax>
      <nax:AscentInMeters>
      0.1374053955078125
    </nax:AscentInMeters><nax:Moments>
      <nax:Halt xsi:type="nax:Halt_t" action="auto_pause">
      
    </nax:Halt>
    </nax:Moments>
    </nax:Nax>
    </TPX>
    </Extensions>
    </Trackpoint>
<Trackpoint>
      <Time>
      2025-09-09T00:37:06.102Z
    </Time><SensorState>
      Present
    </SensorState><Extensions>
      <TPX xmlns="http://www.garmin.com/xmlschemas/ActivityExtension/v2">
      <ns3:Speed>
      2.8724316343479415
    </ns3:Speed><nax:Nax>
      <nax:Pace>
      5.802284889001404
    </nax:Pace><nax:Moments>
      <nax:Halt xsi:type="nax:Halt_t" action="auto_pause">
      
    </nax:Halt>
    </nax:Moments>
    </nax:Nax>
    </TPX>
    </Extensions>
    </Trackpoint>
<Trackpoint>
      <Time>
      2025-09-09T00:37:06.103Z
    </Time><DistanceMeters>
      7.275844248244539
    </DistanceMeters><Cadence>
      157.77551651000977
    </Cadence><SensorState>
      Present
    </SensorState><Extensions>
      <TPX xmlns="http://www.garmin.com/xmlschemas/ActivityExtension/v2">
      <nax:Nax>
      <nax:Moments>
      <nax:Halt xsi:type="nax:Halt_t" action="auto_pause">
      
    </nax:Halt>
    </nax:Moments>
    </nax:Nax>
    </TPX>
    </Extensions>
    </Trackpoint>
<Trackpoint>
      <Time>
      2025-09-09T00:37:06.949Z
    </Time><SensorState>
      Present
    </SensorState><Extensions>
      <TPX xmlns="http://www.garmin.com/xmlschemas/ActivityExtension/v2">
      <nax:Nax>
      <nax:AscentInMeters>
      0.14532470703125
    </nax:AscentInMeters><nax:Moments>
      <nax:Halt xsi:type="nax:Halt_t" action="auto_pause">
      
    </nax:Halt>
    </nax:Moments>
    </nax:Nax>
    </TPX>
    </Extensions>
    </Trackpoint>
<Trackpoint>
      <Time>
      2025-09-09T00:37:08.000Z
    </Time><SensorState>
      Present
    </SensorState><Extensions>
      <TPX xmlns="http://www.garmin.com/xmlschemas/ActivityExtension/v2">
      <nax:Nax>
      <nax:NikeFuel>
      7.4312188334093285
    </nax:NikeFuel><nax:Moments>
      <nax:Halt xsi:type="nax:Halt_t" action="auto_pause">
      
    </nax:Halt>
    </nax:Moments>
    </nax:Nax>
    </TPX>
    </Extensions>
    </Trackpoint>
<Trackpoint>
      <Time>
      2025-09-09T00:37:08.010Z
    </Time><SensorState>
      Present
    </SensorState><Extensions>
      <TPX xmlns="http://www.garmin.com/xmlschemas/ActivityExtension/v2">
      <nax:Nax>
      <nax:AscentInMeters>
      0.15325164794921875
    </nax:AscentInMeters><nax:Moments>
      <nax:Halt xsi:type="nax:Halt_t" action="auto_pause">
      
    </nax:Halt>
    </nax:Moments>
    </nax:Nax>
    </TPX>
    </Extensions>
    </Trackpoint>
<Trackpoint>
      <Time>
      2025-09-09T00:37:08.658Z
    </Time><SensorState>
      Present
    </SensorState><Extensions>
      <TPX xmlns="http://www.garmin.com/xmlschemas/ActivityExtension/v2">
      <ns3:Speed>
      2.867655706653085
    </ns3:Speed><nax:Nax>
      <nax:Pace>
      5.811948285144301
    </nax:Pace><nax:Moments>
      <nax:Halt xsi:type="nax:Halt_t" action="auto_pause">
      
    </nax:Halt>
    </nax:Moments>
    </nax:Nax>
    </TPX>
    </Extensions>
    </Trackpoint>
<Trackpoint>
      <Time>
      2025-09-09T00:37:08.659Z
    </Time><DistanceMeters>
      7.142000021180138
    </DistanceMeters><Cadence>
      157.77551651000977
    </Cadence><SensorState>
      Present
    </SensorState><Extensions>
      <TPX xmlns="http://www.garmin.com/xmlschemas/ActivityExtension/v2">
      <nax:Nax>
      <nax:Moments>
      <nax:Halt xsi:type="nax:Halt_t" action="auto_pause">
      
    </nax:Halt>
    </nax:Moments>
    </nax:Nax>
    </TPX>
    </Extensions>
    </Trackpoint>
<Trackpoint>
      <Time>
      2025-09-09T00:37:08.999Z
    </Time><Position>
      <LatitudeDegrees>
      47.429480018195584
    </LatitudeDegrees><LongitudeDegrees>
      -122.29145117612318
    </LongitudeDegrees>
    </Position><AltitudeMeters>
      113.73980294261128
    </AltitudeMeters><SensorState>
      Present
    </SensorState><Extensions>
      <TPX xmlns="http://www.garmin.com/xmlschemas/ActivityExtension/v2">
      <nax:Nax>
      <nax:Moments>
      <nax:Halt xsi:type="nax:Halt_t" action="auto_pause">
      
    </nax:Halt>
    </nax:Moments>
    </nax:Nax>
    </TPX>
    </Extensions>
    </Trackpoint>
<Trackpoint>
      <Time>
      2025-09-09T00:37:09.070Z
    </Time><SensorState>
      Present
    </SensorState><Extensions>
      <TPX xmlns="http://www.garmin.com/xmlschemas/ActivityExtension/v2">
      <nax:Nax>
      <nax:AscentInMeters>
      0.14533233642578125
    </nax:AscentInMeters><nax:Moments>
      <nax:Halt xsi:type="nax:Halt_t" action="auto_pause">
      
    </nax:Halt>
    </nax:Moments>
    </nax:Nax>
    </TPX>
    </Extensions>
    </Trackpoint>
<Trackpoint>
      <Time>
      2025-09-09T00:37:10.130Z
    </Time><SensorState>
      Present
    </SensorState><Extensions>
      <TPX xmlns="http://www.garmin.com/xmlschemas/ActivityExtension/v2">
      <nax:Nax>
      <nax:AscentInMeters>
      0.16910552978515625
    </nax:AscentInMeters><nax:Moments>
      <nax:Halt xsi:type="nax:Halt_t" action="auto_pause">
      
    </nax:Halt>
    </nax:Moments>
    </nax:Nax>
    </TPX>
    </Extensions>
    </Trackpoint>
<Trackpoint>
      <Time>
      2025-09-09T00:37:11.190Z
    </Time><SensorState>
      Present
    </SensorState><Extensions>
      <TPX xmlns="http://www.garmin.com/xmlschemas/ActivityExtension/v2">
      <nax:Nax>
      <nax:AscentInMeters>
      0.13211822509765625
    </nax:AscentInMeters><nax:Moments>
      <nax:Halt xsi:type="nax:Halt_t" action="auto_pause">
      
    </nax:Halt>
    </nax:Moments>
    </nax:Nax>
    </TPX>
    </Extensions>
    </Trackpoint>
<Trackpoint>
      <Time>
      2025-09-09T00:37:11.214Z
    </Time><SensorState>
      Present
    </SensorState><Extensions>
      <TPX xmlns="http://www.garmin.com/xmlschemas/ActivityExtension/v2">
      <ns3:Speed>
      2.863584323306469
    </ns3:Speed><nax:Nax>
      <nax:Pace>
      5.820211589726234
    </nax:Pace><nax:Moments>
      <nax:Halt xsi:type="nax:Halt_t" action="auto_pause">
      
    </nax:Halt>
    </nax:Moments>
    </nax:Nax>
    </TPX>
    </Extensions>
    </Trackpoint>
<Trackpoint>
      <Time>
      2025-09-09T00:37:11.215Z
    </Time><DistanceMeters>
      5.885474702110514
    </DistanceMeters><Cadence>
      157.52511978149414
    </Cadence><SensorState>
      Present
    </SensorState><Extensions>
      <TPX xmlns="http://www.garmin.com/xmlschemas/ActivityExtension/v2">
      <nax:Nax>
      <nax:Moments>
      <nax:Halt xsi:type="nax:Halt_t" action="auto_pause">
      
    </nax:Halt>
    </nax:Moments>
    </nax:Nax>
    </TPX>
    </Extensions>
    </Trackpoint>
<Trackpoint>
      <Time>
      2025-09-09T00:37:12.250Z
    </Time><SensorState>
      Present
    </SensorState><Extensions>
      <TPX xmlns="http://www.garmin.com/xmlschemas/ActivityExtension/v2">
      <nax:Nax>
      <nax:AscentInMeters>
      0.10041046142578125
    </nax:AscentInMeters><nax:Moments>
      <nax:Halt xsi:type="nax:Halt_t" action="auto_pause">
      
    </nax:Halt>
    </nax:Moments>
    </nax:Nax>
    </TPX>
    </Extensions>
    </Trackpoint>
<Trackpoint>
      <Time>
      2025-09-09T00:37:12.999Z
    </Time><Position>
      <LatitudeDegrees>
      47.429575566837
    </LatitudeDegrees><LongitudeDegrees>
      -122.29144974007401
    </LongitudeDegrees>
    </Position><AltitudeMeters>
      114.42981321271509
    </AltitudeMeters><SensorState>
      Present
    </SensorState><Extensions>
      <TPX xmlns="http://www.garmin.com/xmlschemas/ActivityExtension/v2">
      <nax:Nax>
      <nax:Moments>
      <nax:Halt xsi:type="nax:Halt_t" action="auto_pause">
      
    </nax:Halt>
    </nax:Moments>
    </nax:Nax>
    </TPX>
    </Extensions>
    </Trackpoint>
<Trackpoint>
      <Time>
      2025-09-09T00:37:13.310Z
    </Time><SensorState>
      Present
    </SensorState><Extensions>
      <TPX xmlns="http://www.garmin.com/xmlschemas/ActivityExtension/v2">
      <nax:Nax>
      <nax:AscentInMeters>
      0.1109771728515625
    </nax:AscentInMeters><nax:Moments>
      <nax:Halt xsi:type="nax:Halt_t" action="auto_pause">
      
    </nax:Halt>
    </nax:Moments>
    </nax:Nax>
    </TPX>
    </Extensions>
    </Trackpoint>
<Trackpoint>
      <Time>
      2025-09-09T00:37:13.770Z
    </Time><SensorState>
      Present
    </SensorState><Extensions>
      <TPX xmlns="http://www.garmin.com/xmlschemas/ActivityExtension/v2">
      <ns3:Speed>
      2.857789621707503
    </ns3:Speed><nax:Nax>
      <nax:Pace>
      5.832013154526219
    </nax:Pace><nax:Moments>
      <nax:Halt xsi:type="nax:Halt_t" action="auto_pause">
      
    </nax:Halt>
    </nax:Moments>
    </nax:Nax>
    </TPX>
    </Extensions>
    </Trackpoint>
<Trackpoint>
      <Time>
      2025-09-09T00:37:13.771Z
    </Time><DistanceMeters>
      7.096901430282742
    </DistanceMeters><Cadence>
      157.27845668792725
    </Cadence><SensorState>
      Present
    </SensorState><Extensions>
      <TPX xmlns="http://www.garmin.com/xmlschemas/ActivityExtension/v2">
      <nax:Nax>
      <nax:Moments>
      <nax:Halt xsi:type="nax:Halt_t" action="auto_pause">
      
    </nax:Halt>
    </nax:Moments>
    </nax:Nax>
    </TPX>
    </Extensions>
    </Trackpoint>
<Trackpoint>
      <Time>
      2025-09-09T00:37:14.370Z
    </Time><SensorState>
      Present
    </SensorState><Extensions>
      <TPX xmlns="http://www.garmin.com/xmlschemas/ActivityExtension/v2">
      <nax:Nax>
      <nax:AscentInMeters>
      0.12154388427734375
    </nax:AscentInMeters><nax:Moments>
      <nax:Halt xsi:type="nax:Halt_t" action="auto_pause">
      
    </nax:Halt>
    </nax:Moments>
    </nax:Nax>
    </TPX>
    </Extensions>
    </Trackpoint>
<Trackpoint>
      <Time>
      2025-09-09T00:37:15.429Z
    </Time><SensorState>
      Present
    </SensorState><Extensions>
      <TPX xmlns="http://www.garmin.com/xmlschemas/ActivityExtension/v2">
      <nax:Nax>
      <nax:AscentInMeters>
      0.0924835205078125
    </nax:AscentInMeters><nax:Moments>
      <nax:Halt xsi:type="nax:Halt_t" action="auto_pause">
      
    </nax:Halt>
    </nax:Moments>
    </nax:Nax>
    </TPX>
    </Extensions>
    </Trackpoint>
<Trackpoint>
      <Time>
      2025-09-09T00:37:16.326Z
    </Time><SensorState>
      Present
    </SensorState><Extensions>
      <TPX xmlns="http://www.garmin.com/xmlschemas/ActivityExtension/v2">
      <ns3:Speed>
      2.8525138475673484
    </ns3:Speed><nax:Nax>
      <nax:Pace>
      5.84279956462969
    </nax:Pace><nax:Moments>
      <nax:Halt xsi:type="nax:Halt_t" action="auto_pause">
      
    </nax:Halt>
    </nax:Moments>
    </nax:Nax>
    </TPX>
    </Extensions>
    </Trackpoint>
<Trackpoint>
      <Time>
      2025-09-09T00:37:16.327Z
    </Time><DistanceMeters>
      7.513127283891663
    </DistanceMeters><Cadence>
      155.92167377471924
    </Cadence><SensorState>
      Present
    </SensorState><Extensions>
      <TPX xmlns="http://www.garmin.com/xmlschemas/ActivityExtension/v2">
      <nax:Nax>
      <nax:Moments>
      <nax:Halt xsi:type="nax:Halt_t" action="auto_pause">
      
    </nax:Halt>
    </nax:Moments>
    </nax:Nax>
    </TPX>
    </Extensions>
    </Trackpoint>
<Trackpoint>
      <Time>
      2025-09-09T00:37:16.490Z
    </Time><SensorState>
      Present
    </SensorState><Extensions>
      <TPX xmlns="http://www.garmin.com/xmlschemas/ActivityExtension/v2">
      <nax:Nax>
      <nax:AscentInMeters>
      0.15325164794921875
    </nax:AscentInMeters><nax:Moments>
      <nax:Halt xsi:type="nax:Halt_t" action="auto_pause">
      
    </nax:Halt>
    </nax:Moments>
    </nax:Nax>
    </TPX>
    </Extensions>
    </Trackpoint>
<Trackpoint>
      <Time>
      2025-09-09T00:37:16.999Z
    </Time><Position>
      <LatitudeDegrees>
      47.4296797709232
    </LatitudeDegrees><LongitudeDegrees>
      -122.29143559965043
    </LongitudeDegrees>
    </Position><AltitudeMeters>
      115.15112191904336
    </AltitudeMeters><SensorState>
      Present
    </SensorState><Extensions>
      <TPX xmlns="http://www.garmin.com/xmlschemas/ActivityExtension/v2">
      <nax:Nax>
      <nax:Moments>
      <nax:Halt xsi:type="nax:Halt_t" action="auto_pause">
      
    </nax:Halt>
    </nax:Moments>
    </nax:Nax>
    </TPX>
    </Extensions>
    </Trackpoint>
<Trackpoint>
      <Time>
      2025-09-09T00:37:17.550Z
    </Time><SensorState>
      Present
    </SensorState><Extensions>
      <TPX xmlns="http://www.garmin.com/xmlschemas/ActivityExtension/v2">
      <nax:Nax>
      <nax:AscentInMeters>
      0.16382598876953125
    </nax:AscentInMeters><nax:Moments>
      <nax:Halt xsi:type="nax:Halt_t" action="auto_pause">
      
    </nax:Halt>
    </nax:Moments>
    </nax:Nax>
    </TPX>
    </Extensions>
    </Trackpoint>
<Trackpoint>
      <Time>
      2025-09-09T00:37:18.000Z
    </Time><SensorState>
      Present
    </SensorState><Extensions>
      <TPX xmlns="http://www.garmin.com/xmlschemas/ActivityExtension/v2">
      <nax:Nax>
      <nax:NikeFuel>
      7.380602849911158
    </nax:NikeFuel><nax:Moments>
      <nax:Halt xsi:type="nax:Halt_t" action="auto_pause">
      
    </nax:Halt>
    </nax:Moments>
    </nax:Nax>
    </TPX>
    </Extensions>
    </Trackpoint>
<Trackpoint>
      <Time>
      2025-09-09T00:37:18.610Z
    </Time><SensorState>
      Present
    </SensorState><Extensions>
      <TPX xmlns="http://www.garmin.com/xmlschemas/ActivityExtension/v2">
      <nax:Nax>
      <nax:AscentInMeters>
      0.13211822509765625
    </nax:AscentInMeters><nax:Moments>
      <nax:Halt xsi:type="nax:Halt_t" action="auto_pause">
      
    </nax:Halt>
    </nax:Moments>
    </nax:Nax>
    </TPX>
    </Extensions>
    </Trackpoint>
<Trackpoint>
      <Time>
      2025-09-09T00:37:18.881Z
    </Time><SensorState>
      Present
    </SensorState><Extensions>
      <TPX xmlns="http://www.garmin.com/xmlschemas/ActivityExtension/v2">
      <ns3:Speed>
      2.8498598717044445
    </ns3:Speed><nax:Nax>
      <nax:Pace>
      5.848240761640909
    </nax:Pace><nax:Moments>
      <nax:Halt xsi:type="nax:Halt_t" action="auto_pause">
      
    </nax:Halt>
    </nax:Moments>
    </nax:Nax>
    </TPX>
    </Extensions>
    </Trackpoint>
<Trackpoint>
      <Time>
      2025-09-09T00:37:18.882Z
    </Time><DistanceMeters>
      6.772337200120091
    </DistanceMeters><Cadence>
      156.29766941070557
    </Cadence><SensorState>
      Present
    </SensorState><Extensions>
      <TPX xmlns="http://www.garmin.com/xmlschemas/ActivityExtension/v2">
      <nax:Nax>
      <nax:Moments>
      <nax:Halt xsi:type="nax:Halt_t" action="auto_pause">
      
    </nax:Halt>
    </nax:Moments>
    </nax:Nax>
    </TPX>
    </Extensions>
    </Trackpoint>
<Trackpoint>
      <Time>
      2025-09-09T00:37:19.670Z
    </Time><SensorState>
      Present
    </SensorState><Extensions>
      <TPX xmlns="http://www.garmin.com/xmlschemas/ActivityExtension/v2">
      <nax:Nax>
      <nax:AscentInMeters>
      0.14003753662109375
    </nax:AscentInMeters><nax:Moments>
      <nax:Halt xsi:type="nax:Halt_t" action="auto_pause">
      
    </nax:Halt>
    </nax:Moments>
    </nax:Nax>
    </TPX>
    </Extensions>
    </Trackpoint>
<Trackpoint>
      <Time>
      2025-09-09T00:37:20.730Z
    </Time><SensorState>
      Present
    </SensorState><Extensions>
      <TPX xmlns="http://www.garmin.com/xmlschemas/ActivityExtension/v2">
      <nax:Nax>
      <nax:AscentInMeters>
      0.1268310546875
    </nax:AscentInMeters><nax:Moments>
      <nax:Halt xsi:type="nax:Halt_t" action="auto_pause">
      
    </nax:Halt>
    </nax:Moments>
    </nax:Nax>
    </TPX>
    </Extensions>
    </Trackpoint>
<Trackpoint>
      <Time>
      2025-09-09T00:37:20.999Z
    </Time><Position>
      <LatitudeDegrees>
      47.42977326660381
    </LatitudeDegrees><LongitudeDegrees>
      -122.29146181614313
    </LongitudeDegrees>
    </Position><AltitudeMeters>
      114.15411992929876
    </AltitudeMeters><SensorState>
      Present
    </SensorState><Extensions>
      <TPX xmlns="http://www.garmin.com/xmlschemas/ActivityExtension/v2">
      <nax:Nax>
      <nax:Moments>
      <nax:Halt xsi:type="nax:Halt_t" action="auto_pause">
      
    </nax:Halt>
    </nax:Moments>
    </nax:Nax>
    </TPX>
    </Extensions>
    </Trackpoint>
<Trackpoint>
      <Time>
      2025-09-09T00:37:21.438Z
    </Time><SensorState>
      Present
    </SensorState><Extensions>
      <TPX xmlns="http://www.garmin.com/xmlschemas/ActivityExtension/v2">
      <ns3:Speed>
      2.842658734633068
    </ns3:Speed><nax:Nax>
      <nax:Pace>
      5.863055759599652
    </nax:Pace><nax:Moments>
      <nax:Halt xsi:type="nax:Halt_t" action="auto_pause">
      
    </nax:Halt>
    </nax:Moments>
    </nax:Nax>
    </TPX>
    </Extensions>
    </Trackpoint>
<Trackpoint>
      <Time>
      2025-09-09T00:37:21.439Z
    </Time><DistanceMeters>
      7.51851080195047
    </DistanceMeters><Cadence>
      156.4802598953247
    </Cadence><SensorState>
      Present
    </SensorState><Extensions>
      <TPX xmlns="http://www.garmin.com/xmlschemas/ActivityExtension/v2">
      <nax:Nax>
      <nax:Moments>
      <nax:Halt xsi:type="nax:Halt_t" action="auto_pause">
      
    </nax:Halt>
    </nax:Moments>
    </nax:Nax>
    </TPX>
    </Extensions>
    </Trackpoint>
<Trackpoint>
      <Time>
      2025-09-09T00:37:21.790Z
    </Time><SensorState>
      Present
    </SensorState><Extensions>
      <TPX xmlns="http://www.garmin.com/xmlschemas/ActivityExtension/v2">
      <nax:Nax>
      <nax:AscentInMeters>
      0.095123291015625
    </nax:AscentInMeters><nax:Moments>
      <nax:Halt xsi:type="nax:Halt_t" action="auto_pause">
      
    </nax:Halt>
    </nax:Moments>
    </nax:Nax>
    </TPX>
    </Extensions>
    </Trackpoint>
<Trackpoint>
      <Time>
      2025-09-09T00:37:22.850Z
    </Time><SensorState>
      Present
    </SensorState><Extensions>
      <TPX xmlns="http://www.garmin.com/xmlschemas/ActivityExtension/v2">
      <nax:Nax>
      <nax:AscentInMeters>
      0.0924835205078125
    </nax:AscentInMeters><nax:Moments>
      <nax:Halt xsi:type="nax:Halt_t" action="auto_pause">
      
    </nax:Halt>
    </nax:Moments>
    </nax:Nax>
    </TPX>
    </Extensions>
    </Trackpoint>
<Trackpoint>
      <Time>
      2025-09-09T00:37:23.909Z
    </Time><SensorState>
      Present
    </SensorState><Extensions>
      <TPX xmlns="http://www.garmin.com/xmlschemas/ActivityExtension/v2">
      <nax:Nax>
      <nax:AscentInMeters>
      0.10569000244140625
    </nax:AscentInMeters><nax:Moments>
      <nax:Halt xsi:type="nax:Halt_t" action="auto_pause">
      
    </nax:Halt>
    </nax:Moments>
    </nax:Nax>
    </TPX>
    </Extensions>
    </Trackpoint>
<Trackpoint>
      <Time>
      2025-09-09T00:37:23.994Z
    </Time><SensorState>
      Present
    </SensorState><Extensions>
      <TPX xmlns="http://www.garmin.com/xmlschemas/ActivityExtension/v2">
      <ns3:Speed>
      2.8358659132889583
    </ns3:Speed><nax:Nax>
      <nax:Pace>
      5.87709968534342
    </nax:Pace><nax:Moments>
      <nax:Halt xsi:type="nax:Halt_t" action="auto_pause">
      
    </nax:Halt>
    </nax:Moments>
    </nax:Nax>
    </TPX>
    </Extensions>
    </Trackpoint>
<Trackpoint>
      <Time>
      2025-09-09T00:37:23.995Z
    </Time><DistanceMeters>
      7.950544094434008
    </DistanceMeters><Cadence>
      156.4685583114624
    </Cadence><SensorState>
      Present
    </SensorState><Extensions>
      <TPX xmlns="http://www.garmin.com/xmlschemas/ActivityExtension/v2">
      <nax:Nax>
      <nax:Moments>
      <nax:Halt xsi:type="nax:Halt_t" action="auto_pause">
      
    </nax:Halt>
    </nax:Moments>
    </nax:Nax>
    </TPX>
    </Extensions>
    </Trackpoint>
<Trackpoint>
      <Time>
      2025-09-09T00:37:24.970Z
    </Time><SensorState>
      Present
    </SensorState><Extensions>
      <TPX xmlns="http://www.garmin.com/xmlschemas/ActivityExtension/v2">
      <nax:Nax>
      <nax:AscentInMeters>
      0.1241912841796875
    </nax:AscentInMeters><nax:Moments>
      <nax:Halt xsi:type="nax:Halt_t" action="auto_pause">
      
    </nax:Halt>
    </nax:Moments>
    </nax:Nax>
    </TPX>
    </Extensions>
    </Trackpoint>
<Trackpoint>
      <Time>
      2025-09-09T00:37:24.999Z
    </Time><Position>
      <LatitudeDegrees>
      47.42988139810536
    </LatitudeDegrees><LongitudeDegrees>
      -122.29145826659406
    </LongitudeDegrees>
    </Position><AltitudeMeters>
      116.1073881983757
    </AltitudeMeters><SensorState>
      Present
    </SensorState><Extensions>
      <TPX xmlns="http://www.garmin.com/xmlschemas/ActivityExtension/v2">
      <nax:Nax>
      <nax:Moments>
      <nax:Halt xsi:type="nax:Halt_t" action="auto_pause">
      
    </nax:Halt>
    </nax:Moments>
    </nax:Nax>
    </TPX>
    </Extensions>
    </Trackpoint>
<Trackpoint>
      <Time>
      2025-09-09T00:37:26.030Z
    </Time><SensorState>
      Present
    </SensorState><Extensions>
      <TPX xmlns="http://www.garmin.com/xmlschemas/ActivityExtension/v2">
      <nax:Nax>
      <nax:AscentInMeters>
      0.10569000244140625
    </nax:AscentInMeters><nax:Moments>
      <nax:Halt xsi:type="nax:Halt_t" action="auto_pause">
      
    </nax:Halt>
    </nax:Moments>
    </nax:Nax>
    </TPX>
    </Extensions>
    </Trackpoint>
<Trackpoint>
      <Time>
      2025-09-09T00:37:26.550Z
    </Time><SensorState>
      Present
    </SensorState><Extensions>
      <TPX xmlns="http://www.garmin.com/xmlschemas/ActivityExtension/v2">
      <ns3:Speed>
      2.8299432237539794
    </ns3:Speed><nax:Nax>
      <nax:Pace>
      5.8893996624278495
    </nax:Pace><nax:Moments>
      <nax:Halt xsi:type="nax:Halt_t" action="auto_pause">
      
    </nax:Halt>
    </nax:Moments>
    </nax:Nax>
    </TPX>
    </Extensions>
    </Trackpoint>
<Trackpoint>
      <Time>
      2025-09-09T00:37:26.551Z
    </Time><DistanceMeters>
      6.459945506416261
    </DistanceMeters><Cadence>
      156.53032779693604
    </Cadence><SensorState>
      Present
    </SensorState><Extensions>
      <TPX xmlns="http://www.garmin.com/xmlschemas/ActivityExtension/v2">
      <nax:Nax>
      <nax:Moments>
      <nax:Halt xsi:type="nax:Halt_t" action="auto_pause">
      
    </nax:Halt>
    </nax:Moments>
    </nax:Nax>
    </TPX>
    </Extensions>
    </Trackpoint>
<Trackpoint>
      <Time>
      2025-09-09T00:37:27.090Z
    </Time><SensorState>
      Present
    </SensorState><Extensions>
      <TPX xmlns="http://www.garmin.com/xmlschemas/ActivityExtension/v2">
      <nax:Nax>
      <nax:AscentInMeters>
      0.140045166015625
    </nax:AscentInMeters><nax:Moments>
      <nax:Halt xsi:type="nax:Halt_t" action="auto_pause">
      
    </nax:Halt>
    </nax:Moments>
    </nax:Nax>
    </TPX>
    </Extensions>
    </Trackpoint>
<Trackpoint>
      <Time>
      2025-09-09T00:37:28.000Z
    </Time><SensorState>
      Present
    </SensorState><Extensions>
      <TPX xmlns="http://www.garmin.com/xmlschemas/ActivityExtension/v2">
      <nax:Nax>
      <nax:NikeFuel>
      7.317150299950485
    </nax:NikeFuel><nax:Moments>
      <nax:Halt xsi:type="nax:Halt_t" action="auto_pause">
      
    </nax:Halt>
    </nax:Moments>
    </nax:Nax>
    </TPX>
    </Extensions>
    </Trackpoint>
<Trackpoint>
      <Time>
      2025-09-09T00:37:28.150Z
    </Time><SensorState>
      Present
    </SensorState><Extensions>
      <TPX xmlns="http://www.garmin.com/xmlschemas/ActivityExtension/v2">
      <nax:Nax>
      <nax:AscentInMeters>
      0.1558990478515625
    </nax:AscentInMeters><nax:Moments>
      <nax:Halt xsi:type="nax:Halt_t" action="auto_pause">
      
    </nax:Halt>
    </nax:Moments>
    </nax:Nax>
    </TPX>
    </Extensions>
    </Trackpoint>
<Trackpoint>
      <Time>
      2025-09-09T00:37:28.999Z
    </Time><Position>
      <LatitudeDegrees>
      47.42998685748341
    </LatitudeDegrees><LongitudeDegrees>
      -122.2914365431718
    </LongitudeDegrees>
    </Position><AltitudeMeters>
      115.42887899279594
    </AltitudeMeters><SensorState>
      Present
    </SensorState><Extensions>
      <TPX xmlns="http://www.garmin.com/xmlschemas/ActivityExtension/v2">
      <nax:Nax>
      <nax:Moments>
      <nax:Halt xsi:type="nax:Halt_t" action="auto_pause">
      
    </nax:Halt>
    </nax:Moments>
    </nax:Nax>
    </TPX>
    </Extensions>
    </Trackpoint>
<Trackpoint>
      <Time>
      2025-09-09T00:37:29.105Z
    </Time><SensorState>
      Present
    </SensorState><Extensions>
      <TPX xmlns="http://www.garmin.com/xmlschemas/ActivityExtension/v2">
      <ns3:Speed>
      2.823799340743505
    </ns3:Speed><nax:Nax>
      <nax:Pace>
      5.902213527069647
    </nax:Pace><nax:Moments>
      <nax:Halt xsi:type="nax:Halt_t" action="auto_pause">
      
    </nax:Halt>
    </nax:Moments>
    </nax:Nax>
    </TPX>
    </Extensions>
    </Trackpoint>
<Trackpoint>
      <Time>
      2025-09-09T00:37:29.106Z
    </Time><DistanceMeters>
      7.1765006529167295
    </DistanceMeters><Cadence>
      156.38192653656006
    </Cadence><SensorState>
      Present
    </SensorState><Extensions>
      <TPX xmlns="http://www.garmin.com/xmlschemas/ActivityExtension/v2">
      <nax:Nax>
      <nax:Moments>
      <nax:Halt xsi:type="nax:Halt_t" action="auto_pause">
      
    </nax:Halt>
    </nax:Moments>
    </nax:Nax>
    </TPX>
    </Extensions>
    </Trackpoint>
<Trackpoint>
      <Time>
      2025-09-09T00:37:29.211Z
    </Time><SensorState>
      Present
    </SensorState><Extensions>
      <TPX xmlns="http://www.garmin.com/xmlschemas/ActivityExtension/v2">
      <nax:Nax>
      <nax:AscentInMeters>
      0.1109771728515625
    </nax:AscentInMeters><nax:Moments>
      <nax:Halt xsi:type="nax:Halt_t" action="auto_pause">
      
    </nax:Halt>
    </nax:Moments>
    </nax:Nax>
    </TPX>
    </Extensions>
    </Trackpoint>
<Trackpoint>
      <Time>
      2025-09-09T00:37:30.271Z
    </Time><SensorState>
      Present
    </SensorState><Extensions>
      <TPX xmlns="http://www.garmin.com/xmlschemas/ActivityExtension/v2">
      <nax:Nax>
      <nax:AscentInMeters>
      0.158538818359375
    </nax:AscentInMeters><nax:Moments>
      <nax:Halt xsi:type="nax:Halt_t" action="auto_pause">
      
    </nax:Halt>
    </nax:Moments>
    </nax:Nax>
    </TPX>
    </Extensions>
    </Trackpoint>
<Trackpoint>
      <Time>
      2025-09-09T00:37:31.330Z
    </Time><SensorState>
      Present
    </SensorState><Extensions>
      <TPX xmlns="http://www.garmin.com/xmlschemas/ActivityExtension/v2">
      <nax:Nax>
      <nax:AscentInMeters>
      0.10833740234375
    </nax:AscentInMeters><nax:Moments>
      <nax:Halt xsi:type="nax:Halt_t" action="auto_pause">
      
    </nax:Halt>
    </nax:Moments>
    </nax:Nax>
    </TPX>
    </Extensions>
    </Trackpoint>
<Trackpoint>
      <Time>
      2025-09-09T00:37:31.661Z
    </Time><SensorState>
      Present
    </SensorState><Extensions>
      <TPX xmlns="http://www.garmin.com/xmlschemas/ActivityExtension/v2">
      <ns3:Speed>
      2.817581265081392
    </ns3:Speed><nax:Nax>
      <nax:Pace>
      5.915239029027691
    </nax:Pace><nax:Moments>
      <nax:Halt xsi:type="nax:Halt_t" action="auto_pause">
      
    </nax:Halt>
    </nax:Moments>
    </nax:Nax>
    </TPX>
    </Extensions>
    </Trackpoint>
<Trackpoint>
      <Time>
      2025-09-09T00:37:31.662Z
    </Time><DistanceMeters>
      7.449812251375988
    </DistanceMeters><Cadence>
      156.38192653656006
    </Cadence><SensorState>
      Present
    </SensorState><Extensions>
      <TPX xmlns="http://www.garmin.com/xmlschemas/ActivityExtension/v2">
      <nax:Nax>
      <nax:Moments>
      <nax:Halt xsi:type="nax:Halt_t" action="auto_pause">
      
    </nax:Halt>
    </nax:Moments>
    </nax:Nax>
    </TPX>
    </Extensions>
    </Trackpoint>
<Trackpoint>
      <Time>
      2025-09-09T00:37:32.391Z
    </Time><SensorState>
      Present
    </SensorState><Extensions>
      <TPX xmlns="http://www.garmin.com/xmlschemas/ActivityExtension/v2">
      <nax:Nax>
      <nax:AscentInMeters>
      0.132110595703125
    </nax:AscentInMeters><nax:Moments>
      <nax:Halt xsi:type="nax:Halt_t" action="auto_pause">
      
    </nax:Halt>
    </nax:Moments>
    </nax:Nax>
    </TPX>
    </Extensions>
    </Trackpoint>
<Trackpoint>
      <Time>
      2025-09-09T00:37:32.999Z
    </Time><Position>
      <LatitudeDegrees>
      47.43008583804606
    </LatitudeDegrees><LongitudeDegrees>
      -122.29145632887457
    </LongitudeDegrees>
    </Position><AltitudeMeters>
      117.56462127808481
    </AltitudeMeters><SensorState>
      Present
    </SensorState><Extensions>
      <TPX xmlns="http://www.garmin.com/xmlschemas/ActivityExtension/v2">
      <nax:Nax>
      <nax:Moments>
      <nax:Halt xsi:type="nax:Halt_t" action="auto_pause">
      
    </nax:Halt>
    </nax:Moments>
    </nax:Nax>
    </TPX>
    </Extensions>
    </Trackpoint>
<Trackpoint>
      <Time>
      2025-09-09T00:37:33.451Z
    </Time><SensorState>
      Present
    </SensorState><Extensions>
      <TPX xmlns="http://www.garmin.com/xmlschemas/ActivityExtension/v2">
      <nax:Nax>
      <nax:AscentInMeters>
      0.06870269775390625
    </nax:AscentInMeters><nax:Moments>
      <nax:Halt xsi:type="nax:Halt_t" action="auto_pause">
      
    </nax:Halt>
    </nax:Moments>
    </nax:Nax>
    </TPX>
    </Extensions>
    </Trackpoint>
<Trackpoint>
      <Time>
      2025-09-09T00:37:34.217Z
    </Time><SensorState>
      Present
    </SensorState><Extensions>
      <TPX xmlns="http://www.garmin.com/xmlschemas/ActivityExtension/v2">
      <ns3:Speed>
      2.810727588910234
    </ns3:Speed><nax:Nax>
      <nax:Pace>
      5.929662743705665
    </nax:Pace><nax:Moments>
      <nax:Halt xsi:type="nax:Halt_t" action="auto_pause">
      
    </nax:Halt>
    </nax:Moments>
    </nax:Nax>
    </TPX>
    </Extensions>
    </Trackpoint>
<Trackpoint>
      <Time>
      2025-09-09T00:37:34.218Z
    </Time><DistanceMeters>
      7.1284351975191385
    </DistanceMeters><Cadence>
      156.38192653656006
    </Cadence><SensorState>
      Present
    </SensorState><Extensions>
      <TPX xmlns="http://www.garmin.com/xmlschemas/ActivityExtension/v2">
      <nax:Nax>
      <nax:Moments>
      <nax:Halt xsi:type="nax:Halt_t" action="auto_pause">
      
    </nax:Halt>
    </nax:Moments>
    </nax:Nax>
    </TPX>
    </Extensions>
    </Trackpoint>
<Trackpoint>
      <Time>
      2025-09-09T00:37:34.511Z
    </Time><SensorState>
      Present
    </SensorState><Extensions>
      <TPX xmlns="http://www.garmin.com/xmlschemas/ActivityExtension/v2">
      <nax:Nax>
      <nax:AscentInMeters>
      0.050201416015625
    </nax:AscentInMeters><nax:Moments>
      <nax:Halt xsi:type="nax:Halt_t" action="auto_pause">
      
    </nax:Halt>
    </nax:Moments>
    </nax:Nax>
    </TPX>
    </Extensions>
    </Trackpoint>
<Trackpoint>
      <Time>
      2025-09-09T00:37:35.571Z
    </Time><SensorState>
      Present
    </SensorState><Extensions>
      <TPX xmlns="http://www.garmin.com/xmlschemas/ActivityExtension/v2">
      <nax:Nax>
      <nax:AscentInMeters>
      0.02642822265625
    </nax:AscentInMeters><nax:Moments>
      <nax:Halt xsi:type="nax:Halt_t" action="auto_pause">
      
    </nax:Halt>
    </nax:Moments>
    </nax:Nax>
    </TPX>
    </Extensions>
    </Trackpoint>
<Trackpoint>
      <Time>
      2025-09-09T00:37:36.631Z
    </Time><SensorState>
      Present
    </SensorState><Extensions>
      <TPX xmlns="http://www.garmin.com/xmlschemas/ActivityExtension/v2">
      <nax:Nax>
      <nax:AscentInMeters>
      0.02378082275390625
    </nax:AscentInMeters><nax:Moments>
      <nax:Halt xsi:type="nax:Halt_t" action="auto_pause">
      
    </nax:Halt>
    </nax:Moments>
    </nax:Nax>
    </TPX>
    </Extensions>
    </Trackpoint>
<Trackpoint>
      <Time>
      2025-09-09T00:37:36.773Z
    </Time><SensorState>
      Present
    </SensorState><Extensions>
      <TPX xmlns="http://www.garmin.com/xmlschemas/ActivityExtension/v2">
      <ns3:Speed>
      2.801899696675448
    </ns3:Speed><nax:Nax>
      <nax:Pace>
      5.948345219653027
    </nax:Pace><nax:Moments>
      <nax:Halt xsi:type="nax:Halt_t" action="auto_pause">
      
    </nax:Halt>
    </nax:Moments>
    </nax:Nax>
    </TPX>
    </Extensions>
    </Trackpoint>
<Trackpoint>
      <Time>
      2025-09-09T00:37:36.774Z
    </Time><DistanceMeters>
      6.4826212984044105
    </DistanceMeters><Cadence>
      156.38192653656006
    </Cadence><SensorState>
      Present
    </SensorState><Extensions>
      <TPX xmlns="http://www.garmin.com/xmlschemas/ActivityExtension/v2">
      <nax:Nax>
      <nax:Moments>
      <nax:Halt xsi:type="nax:Halt_t" action="auto_pause">
      
    </nax:Halt>
    </nax:Moments>
    </nax:Nax>
    </TPX>
    </Extensions>
    </Trackpoint>
<Trackpoint>
      <Time>
      2025-09-09T00:37:36.999Z
    </Time><Position>
      <LatitudeDegrees>
      47.43017897014274
    </LatitudeDegrees><LongitudeDegrees>
      -122.29144768521509
    </LongitudeDegrees>
    </Position><AltitudeMeters>
      116.06306512467563
    </AltitudeMeters><SensorState>
      Present
    </SensorState><Extensions>
      <TPX xmlns="http://www.garmin.com/xmlschemas/ActivityExtension/v2">
      <nax:Nax>
      <nax:Moments>
      <nax:Halt xsi:type="nax:Halt_t" action="auto_pause">
      
    </nax:Halt>
    </nax:Moments>
    </nax:Nax>
    </TPX>
    </Extensions>
    </Trackpoint>
<Trackpoint>
      <Time>
      2025-09-09T00:37:37.691Z
    </Time><SensorState>
      Present
    </SensorState><Extensions>
      <TPX xmlns="http://www.garmin.com/xmlschemas/ActivityExtension/v2">
      <nax:Nax>
      <nax:AscentInMeters>
      0.0026397705078125
    </nax:AscentInMeters><nax:Moments>
      <nax:Halt xsi:type="nax:Halt_t" action="auto_pause">
      
    </nax:Halt>
    </nax:Moments>
    </nax:Nax>
    </TPX>
    </Extensions>
    </Trackpoint>
<Trackpoint>
      <Time>
      2025-09-09T00:37:38.000Z
    </Time><SensorState>
      Present
    </SensorState><Extensions>
      <TPX xmlns="http://www.garmin.com/xmlschemas/ActivityExtension/v2">
      <nax:Nax>
      <nax:NikeFuel>
      7.208830350133329
    </nax:NikeFuel><nax:Moments>
      <nax:Halt xsi:type="nax:Halt_t" action="auto_pause">
      
    </nax:Halt>
    </nax:Moments>
    </nax:Nax>
    </TPX>
    </Extensions>
    </Trackpoint>
<Trackpoint>
      <Time>
      2025-09-09T00:37:38.751Z
    </Time><SensorState>
      Present
    </SensorState><Extensions>
      <TPX xmlns="http://www.garmin.com/xmlschemas/ActivityExtension/v2">
      <nax:Nax>
      <nax:AscentInMeters>
      0.08719635009765625
    </nax:AscentInMeters><nax:Moments>
      <nax:Halt xsi:type="nax:Halt_t" action="auto_pause">
      
    </nax:Halt>
    </nax:Moments>
    </nax:Nax>
    </TPX>
    </Extensions>
    </Trackpoint>
<Trackpoint>
      <Time>
      2025-09-09T00:37:39.329Z
    </Time><SensorState>
      Present
    </SensorState><Extensions>
      <TPX xmlns="http://www.garmin.com/xmlschemas/ActivityExtension/v2">
      <ns3:Speed>
      2.7890723681614795
    </ns3:Speed><nax:Nax>
      <nax:Pace>
      5.975702479765026
    </nax:Pace><nax:Moments>
      <nax:Halt xsi:type="nax:Halt_t" action="auto_pause">
      
    </nax:Halt>
    </nax:Moments>
    </nax:Nax>
    </TPX>
    </Extensions>
    </Trackpoint>
<Trackpoint>
      <Time>
      2025-09-09T00:37:39.330Z
    </Time><DistanceMeters>
      5.8574965773150325
    </DistanceMeters><Cadence>
      156.95260047912598
    </Cadence><SensorState>
      Present
    </SensorState><Extensions>
      <TPX xmlns="http://www.garmin.com/xmlschemas/ActivityExtension/v2">
      <nax:Nax>
      <nax:Moments>
      <nax:Halt xsi:type="nax:Halt_t" action="auto_pause">
      
    </nax:Halt>
    </nax:Moments>
    </nax:Nax>
    </TPX>
    </Extensions>
    </Trackpoint>
<Trackpoint>
      <Time>
      2025-09-09T00:37:39.810Z
    </Time><SensorState>
      Present
    </SensorState><Extensions>
      <TPX xmlns="http://www.garmin.com/xmlschemas/ActivityExtension/v2">
      <nax:Nax>
      <nax:AscentInMeters>
      0.13475799560546875
    </nax:AscentInMeters><nax:Moments>
      <nax:Halt xsi:type="nax:Halt_t" action="auto_pause">
      
    </nax:Halt>
    </nax:Moments>
    </nax:Nax>
    </TPX>
    </Extensions>
    </Trackpoint>
<Trackpoint>
      <Time>
      2025-09-09T00:37:40.872Z
    </Time><SensorState>
      Present
    </SensorState><Extensions>
      <TPX xmlns="http://www.garmin.com/xmlschemas/ActivityExtension/v2">
      <nax:Nax>
      <nax:AscentInMeters>
      0.2061004638671875
    </nax:AscentInMeters><nax:Moments>
      <nax:Halt xsi:type="nax:Halt_t" action="auto_pause">
      
    </nax:Halt>
    </nax:Moments>
    </nax:Nax>
    </TPX>
    </Extensions>
    </Trackpoint>
<Trackpoint>
      <Time>
      2025-09-09T00:37:41.885Z
    </Time><SensorState>
      Present
    </SensorState><Extensions>
      <TPX xmlns="http://www.garmin.com/xmlschemas/ActivityExtension/v2">
      <ns3:Speed>
      2.7742479869385943
    </ns3:Speed><nax:Nax>
      <nax:Pace>
      6.007634048987262
    </nax:Pace><nax:Moments>
      <nax:Halt xsi:type="nax:Halt_t" action="auto_pause">
      
    </nax:Halt>
    </nax:Moments>
    </nax:Nax>
    </TPX>
    </Extensions>
    </Trackpoint>
<Trackpoint>
      <Time>
      2025-09-09T00:37:41.886Z
    </Time><DistanceMeters>
      7.012213105801493
    </DistanceMeters><Cadence>
      156.95260047912598
    </Cadence><SensorState>
      Present
    </SensorState><Extensions>
      <TPX xmlns="http://www.garmin.com/xmlschemas/ActivityExtension/v2">
      <nax:Nax>
      <nax:Moments>
      <nax:Halt xsi:type="nax:Halt_t" action="auto_pause">
      
    </nax:Halt>
    </nax:Moments>
    </nax:Nax>
    </TPX>
    </Extensions>
    </Trackpoint>
<Trackpoint>
      <Time>
      2025-09-09T00:37:41.932Z
    </Time><SensorState>
      Present
    </SensorState><Extensions>
      <TPX xmlns="http://www.garmin.com/xmlschemas/ActivityExtension/v2">
      <nax:Nax>
      <nax:AscentInMeters>
      0.221954345703125
    </nax:AscentInMeters><nax:Moments>
      <nax:Halt xsi:type="nax:Halt_t" action="auto_pause">
      
    </nax:Halt>
    </nax:Moments>
    </nax:Nax>
    </TPX>
    </Extensions>
    </Trackpoint>
<Trackpoint>
      <Time>
      2025-09-09T00:37:41.999Z
    </Time><Position>
      <LatitudeDegrees>
      47.430289569985234
    </LatitudeDegrees><LongitudeDegrees>
      -122.2914556730785
    </LongitudeDegrees>
    </Position><AltitudeMeters>
      116.08597965352237
    </AltitudeMeters><SensorState>
      Present
    </SensorState><Extensions>
      <TPX xmlns="http://www.garmin.com/xmlschemas/ActivityExtension/v2">
      <nax:Nax>
      <nax:Moments>
      <nax:Halt xsi:type="nax:Halt_t" action="auto_pause">
      
    </nax:Halt>
    </nax:Moments>
    </nax:Nax>
    </TPX>
    </Extensions>
    </Trackpoint>
<Trackpoint>
      <Time>
      2025-09-09T00:37:42.992Z
    </Time><SensorState>
      Present
    </SensorState><Extensions>
      <TPX xmlns="http://www.garmin.com/xmlschemas/ActivityExtension/v2">
      <nax:Nax>
      <nax:AscentInMeters>
      0.29329681396484375
    </nax:AscentInMeters><nax:Moments>
      <nax:Halt xsi:type="nax:Halt_t" action="auto_pause">
      
    </nax:Halt>
    </nax:Moments>
    </nax:Nax>
    </TPX>
    </Extensions>
    </Trackpoint>
<Trackpoint>
      <Time>
      2025-09-09T00:37:44.052Z
    </Time><SensorState>
      Present
    </SensorState><Extensions>
      <TPX xmlns="http://www.garmin.com/xmlschemas/ActivityExtension/v2">
      <nax:Nax>
      <nax:AscentInMeters>
      0.2325286865234375
    </nax:AscentInMeters><nax:Moments>
      <nax:Halt xsi:type="nax:Halt_t" action="auto_pause">
      
    </nax:Halt>
    </nax:Moments>
    </nax:Nax>
    </TPX>
    </Extensions>
    </Trackpoint>
<Trackpoint>
      <Time>
      2025-09-09T00:37:44.440Z
    </Time><SensorState>
      Present
    </SensorState><Extensions>
      <TPX xmlns="http://www.garmin.com/xmlschemas/ActivityExtension/v2">
      <ns3:Speed>
      2.7616061510698553
    </ns3:Speed><nax:Nax>
      <nax:Pace>
      6.0351352636616715
    </nax:Pace><nax:Moments>
      <nax:Halt xsi:type="nax:Halt_t" action="auto_pause">
      
    </nax:Halt>
    </nax:Moments>
    </nax:Nax>
    </TPX>
    </Extensions>
    </Trackpoint>
<Trackpoint>
      <Time>
      2025-09-09T00:37:44.441Z
    </Time><DistanceMeters>
      7.586421122774482
    </DistanceMeters><Cadence>
      156.95260047912598
    </Cadence><SensorState>
      Present
    </SensorState><Extensions>
      <TPX xmlns="http://www.garmin.com/xmlschemas/ActivityExtension/v2">
      <nax:Nax>
      <nax:Moments>
      <nax:Halt xsi:type="nax:Halt_t" action="auto_pause">
      
    </nax:Halt>
    </nax:Moments>
    </nax:Nax>
    </TPX>
    </Extensions>
    </Trackpoint>
<Trackpoint>
      <Time>
      2025-09-09T00:37:45.112Z
    </Time><SensorState>
      Present
    </SensorState><Extensions>
      <TPX xmlns="http://www.garmin.com/xmlschemas/ActivityExtension/v2">
      <nax:Nax>
      <nax:AscentInMeters>
      0.195526123046875
    </nax:AscentInMeters><nax:Moments>
      <nax:Halt xsi:type="nax:Halt_t" action="auto_pause">
      
    </nax:Halt>
    </nax:Moments>
    </nax:Nax>
    </TPX>
    </Extensions>
    </Trackpoint>
<Trackpoint>
      <Time>
      2025-09-09T00:37:45.999Z
    </Time><Position>
      <LatitudeDegrees>
      47.43039931836784
    </LatitudeDegrees><LongitudeDegrees>
      -122.29144892859311
    </LongitudeDegrees>
    </Position><AltitudeMeters>
      116.912394287996
    </AltitudeMeters><SensorState>
      Present
    </SensorState><Extensions>
      <TPX xmlns="http://www.garmin.com/xmlschemas/ActivityExtension/v2">
      <nax:Nax>
      <nax:Moments>
      <nax:Halt xsi:type="nax:Halt_t" action="auto_pause">
      
    </nax:Halt>
    </nax:Moments>
    </nax:Nax>
    </TPX>
    </Extensions>
    </Trackpoint>
<Trackpoint>
      <Time>
      2025-09-09T00:37:46.172Z
    </Time><SensorState>
      Present
    </SensorState><Extensions>
      <TPX xmlns="http://www.garmin.com/xmlschemas/ActivityExtension/v2">
      <nax:Nax>
      <nax:AscentInMeters>
      0.2008209228515625
    </nax:AscentInMeters><nax:Moments>
      <nax:Halt xsi:type="nax:Halt_t" action="auto_pause">
      
    </nax:Halt>
    </nax:Moments>
    </nax:Nax>
    </TPX>
    </Extensions>
    </Trackpoint>
<Trackpoint>
      <Time>
      2025-09-09T00:37:46.996Z
    </Time><SensorState>
      Present
    </SensorState><Extensions>
      <TPX xmlns="http://www.garmin.com/xmlschemas/ActivityExtension/v2">
      <ns3:Speed>
      2.75099679861154
    </ns3:Speed><nax:Nax>
      <nax:Pace>
      6.058410055249256
    </nax:Pace><nax:Moments>
      <nax:Halt xsi:type="nax:Halt_t" action="auto_pause">
      
    </nax:Halt>
    </nax:Moments>
    </nax:Nax>
    </TPX>
    </Extensions>
    </Trackpoint>
<Trackpoint>
      <Time>
      2025-09-09T00:37:46.997Z
    </Time><DistanceMeters>
      5.60586310364306
    </DistanceMeters><Cadence>
      156.95337295532227
    </Cadence><SensorState>
      Present
    </SensorState><Extensions>
      <TPX xmlns="http://www.garmin.com/xmlschemas/ActivityExtension/v2">
      <nax:Nax>
      <nax:Moments>
      <nax:Halt xsi:type="nax:Halt_t" action="auto_pause">
      
    </nax:Halt>
    </nax:Moments>
    </nax:Nax>
    </TPX>
    </Extensions>
    </Trackpoint>
<Trackpoint>
      <Time>
      2025-09-09T00:37:47.231Z
    </Time><SensorState>
      Present
    </SensorState><Extensions>
      <TPX xmlns="http://www.garmin.com/xmlschemas/ActivityExtension/v2">
      <nax:Nax>
      <nax:AscentInMeters>
      0.15325164794921875
    </nax:AscentInMeters><nax:Moments>
      <nax:Halt xsi:type="nax:Halt_t" action="auto_pause">
      
    </nax:Halt>
    </nax:Moments>
    </nax:Nax>
    </TPX>
    </Extensions>
    </Trackpoint>
<Trackpoint>
      <Time>
      2025-09-09T00:37:48.000Z
    </Time><SensorState>
      Present
    </SensorState><Extensions>
      <TPX xmlns="http://www.garmin.com/xmlschemas/ActivityExtension/v2">
      <nax:Nax>
      <nax:NikeFuel>
      7.098214483603316
    </nax:NikeFuel><nax:Moments>
      <nax:Halt xsi:type="nax:Halt_t" action="auto_pause">
      
    </nax:Halt>
    </nax:Moments>
    </nax:Nax>
    </TPX>
    </Extensions>
    </Trackpoint>
<Trackpoint>
      <Time>
      2025-09-09T00:37:48.291Z
    </Time><SensorState>
      Present
    </SensorState><Extensions>
      <TPX xmlns="http://www.garmin.com/xmlschemas/ActivityExtension/v2">
      <nax:Nax>
      <nax:AscentInMeters>
      0.1558990478515625
    </nax:AscentInMeters><nax:Moments>
      <nax:Halt xsi:type="nax:Halt_t" action="auto_pause">
      
    </nax:Halt>
    </nax:Moments>
    </nax:Nax>
    </TPX>
    </Extensions>
    </Trackpoint>
<Trackpoint>
      <Time>
      2025-09-09T00:37:49.352Z
    </Time><SensorState>
      Present
    </SensorState><Extensions>
      <TPX xmlns="http://www.garmin.com/xmlschemas/ActivityExtension/v2">
      <nax:Nax>
      <nax:AscentInMeters>
      0.1426849365234375
    </nax:AscentInMeters><nax:Moments>
      <nax:Halt xsi:type="nax:Halt_t" action="auto_pause">
      
    </nax:Halt>
    </nax:Moments>
    </nax:Nax>
    </TPX>
    </Extensions>
    </Trackpoint>
<Trackpoint>
      <Time>
      2025-09-09T00:37:49.552Z
    </Time><SensorState>
      Present
    </SensorState><Extensions>
      <TPX xmlns="http://www.garmin.com/xmlschemas/ActivityExtension/v2">
      <ns3:Speed>
      2.740841271465194
    </ns3:Speed><nax:Nax>
      <nax:Pace>
      6.080858034422778
    </nax:Pace><nax:Moments>
      <nax:Halt xsi:type="nax:Halt_t" action="auto_pause">
      
    </nax:Halt>
    </nax:Moments>
    </nax:Nax>
    </TPX>
    </Extensions>
    </Trackpoint>
<Trackpoint>
      <Time>
      2025-09-09T00:37:49.553Z
    </Time><DistanceMeters>
      8.080231238156557
    </DistanceMeters><Cadence>
      156.54500484466553
    </Cadence><SensorState>
      Present
    </SensorState><Extensions>
      <TPX xmlns="http://www.garmin.com/xmlschemas/ActivityExtension/v2">
      <nax:Nax>
      <nax:Moments>
      <nax:Halt xsi:type="nax:Halt_t" action="auto_pause">
      
    </nax:Halt>
    </nax:Moments>
    </nax:Nax>
    </TPX>
    </Extensions>
    </Trackpoint>
<Trackpoint>
      <Time>
      2025-09-09T00:37:49.999Z
    </Time><Position>
      <LatitudeDegrees>
      47.43049147462459
    </LatitudeDegrees><LongitudeDegrees>
      -122.2914370652071
    </LongitudeDegrees>
    </Position><AltitudeMeters>
      116.7542459918186
    </AltitudeMeters><SensorState>
      Present
    </SensorState><Extensions>
      <TPX xmlns="http://www.garmin.com/xmlschemas/ActivityExtension/v2">
      <nax:Nax>
      <nax:Moments>
      <nax:Halt xsi:type="nax:Halt_t" action="auto_pause">
      
    </nax:Halt>
    </nax:Moments>
    </nax:Nax>
    </TPX>
    </Extensions>
    </Trackpoint>
<Trackpoint>
      <Time>
      2025-09-09T00:37:50.412Z
    </Time><SensorState>
      Present
    </SensorState><Extensions>
      <TPX xmlns="http://www.garmin.com/xmlschemas/ActivityExtension/v2">
      <nax:Nax>
      <nax:AscentInMeters>
      0.10041046142578125
    </nax:AscentInMeters><nax:Moments>
      <nax:Halt xsi:type="nax:Halt_t" action="auto_pause">
      
    </nax:Halt>
    </nax:Moments>
    </nax:Nax>
    </TPX>
    </Extensions>
    </Trackpoint>
<Trackpoint>
      <Time>
      2025-09-09T00:37:51.472Z
    </Time><SensorState>
      Present
    </SensorState><Extensions>
      <TPX xmlns="http://www.garmin.com/xmlschemas/ActivityExtension/v2">
      <nax:Nax>
      <nax:AscentInMeters>
      0.10569000244140625
    </nax:AscentInMeters><nax:Moments>
      <nax:Halt xsi:type="nax:Halt_t" action="auto_pause">
      
    </nax:Halt>
    </nax:Moments>
    </nax:Nax>
    </TPX>
    </Extensions>
    </Trackpoint>
<Trackpoint>
      <Time>
      2025-09-09T00:37:52.108Z
    </Time><SensorState>
      Present
    </SensorState><Extensions>
      <TPX xmlns="http://www.garmin.com/xmlschemas/ActivityExtension/v2">
      <ns3:Speed>
      2.728986812543086
    </ns3:Speed><nax:Nax>
      <nax:Pace>
      6.107272702844374
    </nax:Pace><nax:Moments>
      <nax:Halt xsi:type="nax:Halt_t" action="auto_pause">
      
    </nax:Halt>
    </nax:Moments>
    </nax:Nax>
    </TPX>
    </Extensions>
    </Trackpoint>
<Trackpoint>
      <Time>
      2025-09-09T00:37:52.109Z
    </Time><DistanceMeters>
      4.987251373939216
    </DistanceMeters><Cadence>
      155.90671062469482
    </Cadence><SensorState>
      Present
    </SensorState><Extensions>
      <TPX xmlns="http://www.garmin.com/xmlschemas/ActivityExtension/v2">
      <nax:Nax>
      <nax:Moments>
      <nax:Halt xsi:type="nax:Halt_t" action="auto_pause">
      
    </nax:Halt>
    </nax:Moments>
    </nax:Nax>
    </TPX>
    </Extensions>
    </Trackpoint>
<Trackpoint>
      <Time>
      2025-09-09T00:37:52.532Z
    </Time><SensorState>
      Present
    </SensorState><Extensions>
      <TPX xmlns="http://www.garmin.com/xmlschemas/ActivityExtension/v2">
      <nax:Nax>
      <nax:AscentInMeters>
      0.02114105224609375
    </nax:AscentInMeters><nax:Moments>
      <nax:Halt xsi:type="nax:Halt_t" action="auto_pause">
      
    </nax:Halt>
    </nax:Moments>
    </nax:Nax>
    </TPX>
    </Extensions>
    </Trackpoint>
<Trackpoint>
      <Time>
      2025-09-09T00:37:53.592Z
    </Time><SensorState>
      Present
    </SensorState><Extensions>
      <TPX xmlns="http://www.garmin.com/xmlschemas/ActivityExtension/v2">
      <nax:Nax>
      <nax:AscentInMeters>
      0.02378082275390625
    </nax:AscentInMeters><nax:Moments>
      <nax:Halt xsi:type="nax:Halt_t" action="auto_pause">
      
    </nax:Halt>
    </nax:Moments>
    </nax:Nax>
    </TPX>
    </Extensions>
    </Trackpoint>
<Trackpoint>
      <Time>
      2025-09-09T00:37:54.652Z
    </Time><SensorState>
      Present
    </SensorState><Extensions>
      <TPX xmlns="http://www.garmin.com/xmlschemas/ActivityExtension/v2">
      <nax:Nax>
      <nax:AscentInMeters>
      0.0528411865234375
    </nax:AscentInMeters><nax:Moments>
      <nax:Halt xsi:type="nax:Halt_t" action="auto_pause">
      
    </nax:Halt>
    </nax:Moments>
    </nax:Nax>
    </TPX>
    </Extensions>
    </Trackpoint>
<Trackpoint>
      <Time>
      2025-09-09T00:37:54.663Z
    </Time><SensorState>
      Present
    </SensorState><Extensions>
      <TPX xmlns="http://www.garmin.com/xmlschemas/ActivityExtension/v2">
      <ns3:Speed>
      2.716582455103962
    </ns3:Speed><nax:Nax>
      <nax:Pace>
      6.135159503571499
    </nax:Pace><nax:Moments>
      <nax:Halt xsi:type="nax:Halt_t" action="auto_pause">
      
    </nax:Halt>
    </nax:Moments>
    </nax:Nax>
    </TPX>
    </Extensions>
    </Trackpoint>
<Trackpoint>
      <Time>
      2025-09-09T00:37:54.664Z
    </Time><DistanceMeters>
      5.699702067300677
    </DistanceMeters><Cadence>
      155.540771484375
    </Cadence><SensorState>
      Present
    </SensorState><Extensions>
      <TPX xmlns="http://www.garmin.com/xmlschemas/ActivityExtension/v2">
      <nax:Nax>
      <nax:Moments>
      <nax:Halt xsi:type="nax:Halt_t" action="auto_pause">
      
    </nax:Halt>
    </nax:Moments>
    </nax:Nax>
    </TPX>
    </Extensions>
    </Trackpoint>
<Trackpoint>
      <Time>
      2025-09-09T00:37:54.999Z
    </Time><Position>
      <LatitudeDegrees>
      47.43058845030189
    </LatitudeDegrees><LongitudeDegrees>
      -122.29144987664147
    </LongitudeDegrees>
    </Position><AltitudeMeters>
      117.59896386694163
    </AltitudeMeters><SensorState>
      Present
    </SensorState><Extensions>
      <TPX xmlns="http://www.garmin.com/xmlschemas/ActivityExtension/v2">
      <nax:Nax>
      <nax:Moments>
      <nax:Halt xsi:type="nax:Halt_t" action="auto_pause">
      
    </nax:Halt>
    </nax:Moments>
    </nax:Nax>
    </TPX>
    </Extensions>
    </Trackpoint>
<Trackpoint>
      <Time>
      2025-09-09T00:37:55.712Z
    </Time><SensorState>
      Present
    </SensorState><Extensions>
      <TPX xmlns="http://www.garmin.com/xmlschemas/ActivityExtension/v2">
      <nax:Nax>
      <nax:AscentInMeters>
      0.08719635009765625
    </nax:AscentInMeters><nax:Moments>
      <nax:Halt xsi:type="nax:Halt_t" action="auto_pause">
      
    </nax:Halt>
    </nax:Moments>
    </nax:Nax>
    </TPX>
    </Extensions>
    </Trackpoint>
<Trackpoint>
      <Time>
      2025-09-09T00:37:56.771Z
    </Time><SensorState>
      Present
    </SensorState><Extensions>
      <TPX xmlns="http://www.garmin.com/xmlschemas/ActivityExtension/v2">
      <nax:Nax>
      <nax:AscentInMeters>
      0.0607757568359375
    </nax:AscentInMeters><nax:Moments>
      <nax:Halt xsi:type="nax:Halt_t" action="auto_pause">
      
    </nax:Halt>
    </nax:Moments>
    </nax:Nax>
    </TPX>
    </Extensions>
    </Trackpoint>
<Trackpoint>
      <Time>
      2025-09-09T00:37:57.219Z
    </Time><SensorState>
      Present
    </SensorState><Extensions>
      <TPX xmlns="http://www.garmin.com/xmlschemas/ActivityExtension/v2">
      <ns3:Speed>
      2.7076535523029905
    </ns3:Speed><nax:Nax>
      <nax:Pace>
      6.155391132846688
    </nax:Pace><nax:Moments>
      <nax:Halt xsi:type="nax:Halt_t" action="auto_pause">
      
    </nax:Halt>
    </nax:Moments>
    </nax:Nax>
    </TPX>
    </Extensions>
    </Trackpoint>
<Trackpoint>
      <Time>
      2025-09-09T00:37:57.220Z
    </Time><DistanceMeters>
      8.123030510963872
    </DistanceMeters><Cadence>
      155.37949562072754
    </Cadence><SensorState>
      Present
    </SensorState><Extensions>
      <TPX xmlns="http://www.garmin.com/xmlschemas/ActivityExtension/v2">
      <nax:Nax>
      <nax:Moments>
      <nax:Halt xsi:type="nax:Halt_t" action="auto_pause">
      
    </nax:Halt>
    </nax:Moments>
    </nax:Nax>
    </TPX>
    </Extensions>
    </Trackpoint>
<Trackpoint>
      <Time>
      2025-09-09T00:37:57.832Z
    </Time><SensorState>
      Present
    </SensorState><Extensions>
      <TPX xmlns="http://www.garmin.com/xmlschemas/ActivityExtension/v2">
      <nax:Nax>
      <nax:AscentInMeters>
      0.1691131591796875
    </nax:AscentInMeters><nax:Moments>
      <nax:Halt xsi:type="nax:Halt_t" action="auto_pause">
      
    </nax:Halt>
    </nax:Moments>
    </nax:Nax>
    </TPX>
    </Extensions>
    </Trackpoint>
<Trackpoint>
      <Time>
      2025-09-09T00:37:58.000Z
    </Time><SensorState>
      Present
    </SensorState><Extensions>
      <TPX xmlns="http://www.garmin.com/xmlschemas/ActivityExtension/v2">
      <nax:Nax>
      <nax:NikeFuel>
      7.033697884619006
    </nax:NikeFuel><nax:Moments>
      <nax:Halt xsi:type="nax:Halt_t" action="auto_pause">
      
    </nax:Halt>
    </nax:Moments>
    </nax:Nax>
    </TPX>
    </Extensions>
    </Trackpoint>
<Trackpoint>
      <Time>
      2025-09-09T00:37:58.892Z
    </Time><SensorState>
      Present
    </SensorState><Extensions>
      <TPX xmlns="http://www.garmin.com/xmlschemas/ActivityExtension/v2">
      <nax:Nax>
      <nax:AscentInMeters>
      0.0528411865234375
    </nax:AscentInMeters><nax:Moments>
      <nax:Halt xsi:type="nax:Halt_t" action="auto_pause">
      
    </nax:Halt>
    </nax:Moments>
    </nax:Nax>
    </TPX>
    </Extensions>
    </Trackpoint>
<Trackpoint>
      <Time>
      2025-09-09T00:37:58.999Z
    </Time><Position>
      <LatitudeDegrees>
      47.43069228661404
    </LatitudeDegrees><LongitudeDegrees>
      -122.29142003217311
    </LongitudeDegrees>
    </Position><AltitudeMeters>
      117.62381325755268
    </AltitudeMeters><SensorState>
      Present
    </SensorState><Extensions>
      <TPX xmlns="http://www.garmin.com/xmlschemas/ActivityExtension/v2">
      <nax:Nax>
      <nax:Moments>
      <nax:Halt xsi:type="nax:Halt_t" action="auto_pause">
      
    </nax:Halt>
    </nax:Moments>
    </nax:Nax>
    </TPX>
    </Extensions>
    </Trackpoint>
<Trackpoint>
      <Time>
      2025-09-09T00:37:59.775Z
    </Time><SensorState>
      Present
    </SensorState><Extensions>
      <TPX xmlns="http://www.garmin.com/xmlschemas/ActivityExtension/v2">
      <ns3:Speed>
      2.702713581490751
    </ns3:Speed><nax:Nax>
      <nax:Pace>
      6.166641844998515
    </nax:Pace><nax:Moments>
      <nax:Halt xsi:type="nax:Halt_t" action="auto_pause">
      
    </nax:Halt>
    </nax:Moments>
    </nax:Nax>
    </TPX>
    </Extensions>
    </Trackpoint>
<Trackpoint>
      <Time>
      2025-09-09T00:37:59.776Z
    </Time><DistanceMeters>
      6.811279878951609
    </DistanceMeters><Cadence>
      155.97245693206787
    </Cadence><SensorState>
      Present
    </SensorState><Extensions>
      <TPX xmlns="http://www.garmin.com/xmlschemas/ActivityExtension/v2">
      <nax:Nax>
      <nax:Moments>
      <nax:Halt xsi:type="nax:Halt_t" action="auto_pause">
      
    </nax:Halt>
    </nax:Moments>
    </nax:Nax>
    </TPX>
    </Extensions>
    </Trackpoint>
<Trackpoint>
      <Time>
      2025-09-09T00:37:59.952Z
    </Time><SensorState>
      Present
    </SensorState><Extensions>
      <TPX xmlns="http://www.garmin.com/xmlschemas/ActivityExtension/v2">
      <nax:Nax>
      <nax:AscentInMeters>
      0.0792694091796875
    </nax:AscentInMeters><nax:Moments>
      <nax:Halt xsi:type="nax:Halt_t" action="auto_pause">
      
    </nax:Halt>
    </nax:Moments>
    </nax:Nax>
    </TPX>
    </Extensions>
    </Trackpoint>
<Trackpoint>
      <Time>
      2025-09-09T00:38:01.012Z
    </Time><SensorState>
      Present
    </SensorState><Extensions>
      <TPX xmlns="http://www.garmin.com/xmlschemas/ActivityExtension/v2">
      <nax:Nax>
      <nax:AscentInMeters>
      0.0924835205078125
    </nax:AscentInMeters><nax:Moments>
      <nax:Halt xsi:type="nax:Halt_t" action="auto_pause">
      
    </nax:Halt>
    </nax:Moments>
    </nax:Nax>
    </TPX>
    </Extensions>
    </Trackpoint>
<Trackpoint>
      <Time>
      2025-09-09T00:38:02.072Z
    </Time><SensorState>
      Present
    </SensorState><Extensions>
      <TPX xmlns="http://www.garmin.com/xmlschemas/ActivityExtension/v2">
      <nax:Nax>
      <nax:AscentInMeters>
      0.113616943359375
    </nax:AscentInMeters><nax:Moments>
      <nax:Halt xsi:type="nax:Halt_t" action="auto_pause">
      
    </nax:Halt>
    </nax:Moments>
    </nax:Nax>
    </TPX>
    </Extensions>
    </Trackpoint>
<Trackpoint>
      <Time>
      2025-09-09T00:38:02.330Z
    </Time><DistanceMeters>
      6.1541469832882285
    </DistanceMeters><SensorState>
      Present
    </SensorState><Extensions>
      <TPX xmlns="http://www.garmin.com/xmlschemas/ActivityExtension/v2">
      <ns3:Speed>
      2.6967826311805423
    </ns3:Speed><nax:Nax>
      <nax:Pace>
      6.1802039489444045
    </nax:Pace><nax:Moments>
      <nax:Halt xsi:type="nax:Halt_t" action="auto_pause">
      
    </nax:Halt>
    </nax:Moments>
    </nax:Nax>
    </TPX>
    </Extensions>
    </Trackpoint>
<Trackpoint>
      <Time>
      2025-09-09T00:38:02.331Z
    </Time><Cadence>
      156.1573076248169
    </Cadence><SensorState>
      Present
    </SensorState><Extensions>
      <TPX xmlns="http://www.garmin.com/xmlschemas/ActivityExtension/v2">
      <nax:Nax>
      <nax:Moments>
      <nax:Halt xsi:type="nax:Halt_t" action="auto_pause">
      
    </nax:Halt>
    </nax:Moments>
    </nax:Nax>
    </TPX>
    </Extensions>
    </Trackpoint>
<Trackpoint>
      <Time>
      2025-09-09T00:38:02.999Z
    </Time><Position>
      <LatitudeDegrees>
      47.430780804185424
    </LatitudeDegrees><LongitudeDegrees>
      -122.29136901670626
    </LongitudeDegrees>
    </Position><AltitudeMeters>
      117.38177263457328
    </AltitudeMeters><SensorState>
      Present
    </SensorState><Extensions>
      <TPX xmlns="http://www.garmin.com/xmlschemas/ActivityExtension/v2">
      <nax:Nax>
      <nax:Moments>
      <nax:Halt xsi:type="nax:Halt_t" action="auto_pause">
      
    </nax:Halt>
    </nax:Moments>
    </nax:Nax>
    </TPX>
    </Extensions>
    </Trackpoint>
<Trackpoint>
      <Time>
      2025-09-09T00:38:03.132Z
    </Time><SensorState>
      Present
    </SensorState><Extensions>
      <TPX xmlns="http://www.garmin.com/xmlschemas/ActivityExtension/v2">
      <nax:Nax>
      <nax:AscentInMeters>
      0.0290679931640625
    </nax:AscentInMeters><nax:Moments>
      <nax:Halt xsi:type="nax:Halt_t" action="auto_pause">
      
    </nax:Halt>
    </nax:Moments>
    </nax:Nax>
    </TPX>
    </Extensions>
    </Trackpoint>
<Trackpoint>
      <Time>
      2025-09-09T00:38:04.192Z
    </Time><SensorState>
      Present
    </SensorState><Extensions>
      <TPX xmlns="http://www.garmin.com/xmlschemas/ActivityExtension/v2">
      <nax:Nax>
      <nax:AscentInMeters>
      0.0660552978515625
    </nax:AscentInMeters><nax:Moments>
      <nax:Halt xsi:type="nax:Halt_t" action="auto_pause">
      
    </nax:Halt>
    </nax:Moments>
    </nax:Nax>
    </TPX>
    </Extensions>
    </Trackpoint>
<Trackpoint>
      <Time>
      2025-09-09T00:38:04.886Z
    </Time><SensorState>
      Present
    </SensorState><Extensions>
      <TPX xmlns="http://www.garmin.com/xmlschemas/ActivityExtension/v2">
      <ns3:Speed>
      2.6954490874828543
    </ns3:Speed><nax:Nax>
      <nax:Pace>
      6.183261536663204
    </nax:Pace><nax:Moments>
      <nax:Halt xsi:type="nax:Halt_t" action="auto_pause">
      
    </nax:Halt>
    </nax:Moments>
    </nax:Nax>
    </TPX>
    </Extensions>
    </Trackpoint>
<Trackpoint>
      <Time>
      2025-09-09T00:38:04.887Z
    </Time><DistanceMeters>
      6.166532945819199
    </DistanceMeters><Cadence>
      156.22334003448486
    </Cadence><SensorState>
      Present
    </SensorState><Extensions>
      <TPX xmlns="http://www.garmin.com/xmlschemas/ActivityExtension/v2">
      <nax:Nax>
      <nax:Moments>
      <nax:Halt xsi:type="nax:Halt_t" action="auto_pause">
      
    </nax:Halt>
    </nax:Moments>
    </nax:Nax>
    </TPX>
    </Extensions>
    </Trackpoint>
<Trackpoint>
      <Time>
      2025-09-09T00:38:05.251Z
    </Time><SensorState>
      Present
    </SensorState><Extensions>
      <TPX xmlns="http://www.garmin.com/xmlschemas/ActivityExtension/v2">
      <nax:Nax>
      <nax:AscentInMeters>
      0.044921875
    </nax:AscentInMeters><nax:Moments>
      <nax:Halt xsi:type="nax:Halt_t" action="auto_pause">
      
    </nax:Halt>
    </nax:Moments>
    </nax:Nax>
    </TPX>
    </Extensions>
    </Trackpoint>
<Trackpoint>
      <Time>
      2025-09-09T00:38:06.312Z
    </Time><SensorState>
      Present
    </SensorState><Extensions>
      <TPX xmlns="http://www.garmin.com/xmlschemas/ActivityExtension/v2">
      <nax:Nax>
      <nax:AscentInMeters>
      0.03699493408203125
    </nax:AscentInMeters><nax:Moments>
      <nax:Halt xsi:type="nax:Halt_t" action="auto_pause">
      
    </nax:Halt>
    </nax:Moments>
    </nax:Nax>
    </TPX>
    </Extensions>
    </Trackpoint>
<Trackpoint>
      <Time>
      2025-09-09T00:38:06.999Z
    </Time><Position>
      <LatitudeDegrees>
      47.430874502556705
    </LatitudeDegrees><LongitudeDegrees>
      -122.29132315239309
    </LongitudeDegrees>
    </Position><AltitudeMeters>
      118.66975138988346
    </AltitudeMeters><SensorState>
      Present
    </SensorState><Extensions>
      <TPX xmlns="http://www.garmin.com/xmlschemas/ActivityExtension/v2">
      <nax:Nax>
      <nax:Moments>
      <nax:Halt xsi:type="nax:Halt_t" action="auto_pause">
      
    </nax:Halt>
    </nax:Moments>
    </nax:Nax>
    </TPX>
    </Extensions>
    </Trackpoint>
<Trackpoint>
      <Time>
      2025-09-09T00:38:07.373Z
    </Time><SensorState>
      Present
    </SensorState><Extensions>
      <TPX xmlns="http://www.garmin.com/xmlschemas/ActivityExtension/v2">
      <nax:Nax>
      <nax:AscentInMeters>
      0.0211334228515625
    </nax:AscentInMeters><nax:Moments>
      <nax:Halt xsi:type="nax:Halt_t" action="auto_pause">
      
    </nax:Halt>
    </nax:Moments>
    </nax:Nax>
    </TPX>
    </Extensions>
    </Trackpoint>
<Trackpoint>
      <Time>
      2025-09-09T00:38:07.441Z
    </Time><SensorState>
      Present
    </SensorState><Extensions>
      <TPX xmlns="http://www.garmin.com/xmlschemas/ActivityExtension/v2">
      <ns3:Speed>
      2.6930495779699877
    </ns3:Speed><nax:Nax>
      <nax:Pace>
      6.188770828062491
    </nax:Pace><nax:Moments>
      <nax:Halt xsi:type="nax:Halt_t" action="auto_pause">
      
    </nax:Halt>
    </nax:Moments>
    </nax:Nax>
    </TPX>
    </Extensions>
    </Trackpoint>
<Trackpoint>
      <Time>
      2025-09-09T00:38:07.442Z
    </Time><DistanceMeters>
      7.3996972104068846
    </DistanceMeters><Cadence>
      156.34743690490723
    </Cadence><SensorState>
      Present
    </SensorState><Extensions>
      <TPX xmlns="http://www.garmin.com/xmlschemas/ActivityExtension/v2">
      <nax:Nax>
      <nax:Moments>
      <nax:Halt xsi:type="nax:Halt_t" action="auto_pause">
      
    </nax:Halt>
    </nax:Moments>
    </nax:Nax>
    </TPX>
    </Extensions>
    </Trackpoint>
<Trackpoint>
      <Time>
      2025-09-09T00:38:08.000Z
    </Time><SensorState>
      Present
    </SensorState><Extensions>
      <TPX xmlns="http://www.garmin.com/xmlschemas/ActivityExtension/v2">
      <nax:Nax>
      <nax:NikeFuel>
      7.012699695914803
    </nax:NikeFuel><nax:Moments>
      <nax:Halt xsi:type="nax:Halt_t" action="auto_pause">
      
    </nax:Halt>
    </nax:Moments>
    </nax:Nax>
    </TPX>
    </Extensions>
    </Trackpoint>
<Trackpoint>
      <Time>
      2025-09-09T00:38:08.433Z
    </Time><SensorState>
      Present
    </SensorState><Extensions>
      <TPX xmlns="http://www.garmin.com/xmlschemas/ActivityExtension/v2">
      <nax:Nax>
      <nax:AscentInMeters>
      0.09777069091796875
    </nax:AscentInMeters><nax:Moments>
      <nax:Halt xsi:type="nax:Halt_t" action="auto_pause">
      
    </nax:Halt>
    </nax:Moments>
    </nax:Nax>
    </TPX>
    </Extensions>
    </Trackpoint>
<Trackpoint>
      <Time>
      2025-09-09T00:38:09.493Z
    </Time><SensorState>
      Present
    </SensorState><Extensions>
      <TPX xmlns="http://www.garmin.com/xmlschemas/ActivityExtension/v2">
      <nax:Nax>
      <nax:AscentInMeters>
      0.09247589111328125
    </nax:AscentInMeters><nax:Moments>
      <nax:Halt xsi:type="nax:Halt_t" action="auto_pause">
      
    </nax:Halt>
    </nax:Moments>
    </nax:Nax>
    </TPX>
    </Extensions>
    </Trackpoint>
<Trackpoint>
      <Time>
      2025-09-09T00:38:09.997Z
    </Time><SensorState>
      Present
    </SensorState><Extensions>
      <TPX xmlns="http://www.garmin.com/xmlschemas/ActivityExtension/v2">
      <ns3:Speed>
      2.68953974439928
    </ns3:Speed><nax:Nax>
      <nax:Pace>
      6.19684713764631
    </nax:Pace><nax:Moments>
      <nax:Halt xsi:type="nax:Halt_t" action="auto_pause">
      
    </nax:Halt>
    </nax:Moments>
    </nax:Nax>
    </TPX>
    </Extensions>
    </Trackpoint>
<Trackpoint>
      <Time>
      2025-09-09T00:38:09.998Z
    </Time><DistanceMeters>
      5.3588036661967635
    </DistanceMeters><Cadence>
      156.34743690490723
    </Cadence><SensorState>
      Present
    </SensorState><Extensions>
      <TPX xmlns="http://www.garmin.com/xmlschemas/ActivityExtension/v2">
      <nax:Nax>
      <nax:Moments>
      <nax:Halt xsi:type="nax:Halt_t" action="auto_pause">
      
    </nax:Halt>
    </nax:Moments>
    </nax:Nax>
    </TPX>
    </Extensions>
    </Trackpoint>
<Trackpoint>
      <Time>
      2025-09-09T00:38:10.553Z
    </Time><SensorState>
      Present
    </SensorState><Extensions>
      <TPX xmlns="http://www.garmin.com/xmlschemas/ActivityExtension/v2">
      <nax:Nax>
      <nax:AscentInMeters>
      0.1426849365234375
    </nax:AscentInMeters><nax:Moments>
      <nax:Halt xsi:type="nax:Halt_t" action="auto_pause">
      
    </nax:Halt>
    </nax:Moments>
    </nax:Nax>
    </TPX>
    </Extensions>
    </Trackpoint>
<Trackpoint>
      <Time>
      2025-09-09T00:38:11.613Z
    </Time><SensorState>
      Present
    </SensorState><Extensions>
      <TPX xmlns="http://www.garmin.com/xmlschemas/ActivityExtension/v2">
      <nax:Nax>
      <nax:AscentInMeters>
      0.1558990478515625
    </nax:AscentInMeters><nax:Moments>
      <nax:Halt xsi:type="nax:Halt_t" action="auto_pause">
      
    </nax:Halt>
    </nax:Moments>
    </nax:Nax>
    </TPX>
    </Extensions>
    </Trackpoint>
<Trackpoint>
      <Time>
      2025-09-09T00:38:11.999Z
    </Time><Position>
      <LatitudeDegrees>
      47.43088154467494
    </LatitudeDegrees><LongitudeDegrees>
      -122.29115820917694
    </LongitudeDegrees>
    </Position><AltitudeMeters>
      119.66406667791307
    </AltitudeMeters><SensorState>
      Present
    </SensorState><Extensions>
      <TPX xmlns="http://www.garmin.com/xmlschemas/ActivityExtension/v2">
      <nax:Nax>
      <nax:Moments>
      <nax:Halt xsi:type="nax:Halt_t" action="auto_pause">
      
    </nax:Halt>
    </nax:Moments>
    </nax:Nax>
    </TPX>
    </Extensions>
    </Trackpoint>
<Trackpoint>
      <Time>
      2025-09-09T00:38:12.553Z
    </Time><SensorState>
      Present
    </SensorState><Extensions>
      <TPX xmlns="http://www.garmin.com/xmlschemas/ActivityExtension/v2">
      <ns3:Speed>
      2.6877585528889423
    </ns3:Speed><nax:Nax>
      <nax:Pace>
      6.200953820331989
    </nax:Pace><nax:Moments>
      <nax:Halt xsi:type="nax:Halt_t" action="auto_pause">
      
    </nax:Halt>
    </nax:Moments>
    </nax:Nax>
    </TPX>
    </Extensions>
    </Trackpoint>
<Trackpoint>
      <Time>
      2025-09-09T00:38:12.554Z
    </Time><DistanceMeters>
      8.833889284869656
    </DistanceMeters><Cadence>
      156.23956203460693
    </Cadence><SensorState>
      Present
    </SensorState><Extensions>
      <TPX xmlns="http://www.garmin.com/xmlschemas/ActivityExtension/v2">
      <nax:Nax>
      <nax:Moments>
      <nax:Halt xsi:type="nax:Halt_t" action="auto_pause">
      
    </nax:Halt>
    </nax:Moments>
    </nax:Nax>
    </TPX>
    </Extensions>
    </Trackpoint>
<Trackpoint>
      <Time>
      2025-09-09T00:38:12.672Z
    </Time><SensorState>
      Present
    </SensorState><Extensions>
      <TPX xmlns="http://www.garmin.com/xmlschemas/ActivityExtension/v2">
      <nax:Nax>
      <nax:AscentInMeters>
      0.11890411376953125
    </nax:AscentInMeters><nax:Moments>
      <nax:Halt xsi:type="nax:Halt_t" action="auto_pause">
      
    </nax:Halt>
    </nax:Moments>
    </nax:Nax>
    </TPX>
    </Extensions>
    </Trackpoint>
<Trackpoint>
      <Time>
      2025-09-09T00:38:13.733Z
    </Time><SensorState>
      Present
    </SensorState><Extensions>
      <TPX xmlns="http://www.garmin.com/xmlschemas/ActivityExtension/v2">
      <nax:Nax>
      <nax:AscentInMeters>
      0.14533233642578125
    </nax:AscentInMeters><nax:Moments>
      <nax:Halt xsi:type="nax:Halt_t" action="auto_pause">
      
    </nax:Halt>
    </nax:Moments>
    </nax:Nax>
    </TPX>
    </Extensions>
    </Trackpoint>
<Trackpoint>
      <Time>
      2025-09-09T00:38:14.793Z
    </Time><SensorState>
      Present
    </SensorState><Extensions>
      <TPX xmlns="http://www.garmin.com/xmlschemas/ActivityExtension/v2">
      <nax:Nax>
      <nax:AscentInMeters>
      0.12154388427734375
    </nax:AscentInMeters><nax:Moments>
      <nax:Halt xsi:type="nax:Halt_t" action="auto_pause">
      
    </nax:Halt>
    </nax:Moments>
    </nax:Nax>
    </TPX>
    </Extensions>
    </Trackpoint>
<Trackpoint>
      <Time>
      2025-09-09T00:38:15.108Z
    </Time><SensorState>
      Present
    </SensorState><Extensions>
      <TPX xmlns="http://www.garmin.com/xmlschemas/ActivityExtension/v2">
      <ns3:Speed>
      2.687913585000308
    </ns3:Speed><nax:Nax>
      <nax:Pace>
      6.2005961648743835
    </nax:Pace><nax:Moments>
      <nax:Halt xsi:type="nax:Halt_t" action="auto_pause">
      
    </nax:Halt>
    </nax:Moments>
    </nax:Nax>
    </TPX>
    </Extensions>
    </Trackpoint>
<Trackpoint>
      <Time>
      2025-09-09T00:38:15.109Z
    </Time><DistanceMeters>
      5.971276944037527
    </DistanceMeters><Cadence>
      156.71964168548584
    </Cadence><SensorState>
      Present
    </SensorState><Extensions>
      <TPX xmlns="http://www.garmin.com/xmlschemas/ActivityExtension/v2">
      <nax:Nax>
      <nax:Moments>
      <nax:Halt xsi:type="nax:Halt_t" action="auto_pause">
      
    </nax:Halt>
    </nax:Moments>
    </nax:Nax>
    </TPX>
    </Extensions>
    </Trackpoint>
<Trackpoint>
      <Time>
      2025-09-09T00:38:15.853Z
    </Time><SensorState>
      Present
    </SensorState><Extensions>
      <TPX xmlns="http://www.garmin.com/xmlschemas/ActivityExtension/v2">
      <nax:Nax>
      <nax:AscentInMeters>
      0.0924835205078125
    </nax:AscentInMeters><nax:Moments>
      <nax:Halt xsi:type="nax:Halt_t" action="auto_pause">
      
    </nax:Halt>
    </nax:Moments>
    </nax:Nax>
    </TPX>
    </Extensions>
    </Trackpoint>
<Trackpoint>
      <Time>
      2025-09-09T00:38:15.999Z
    </Time><Position>
      <LatitudeDegrees>
      47.43087686922039
    </LatitudeDegrees><LongitudeDegrees>
      -122.29100265455205
    </LongitudeDegrees>
    </Position><AltitudeMeters>
      120.0522356890142
    </AltitudeMeters><SensorState>
      Present
    </SensorState><Extensions>
      <TPX xmlns="http://www.garmin.com/xmlschemas/ActivityExtension/v2">
      <nax:Nax>
      <nax:Moments>
      <nax:Halt xsi:type="nax:Halt_t" action="auto_pause">
      
    </nax:Halt>
    </nax:Moments>
    </nax:Nax>
    </TPX>
    </Extensions>
    </Trackpoint>
<Trackpoint>
      <Time>
      2025-09-09T00:38:16.913Z
    </Time><SensorState>
      Present
    </SensorState><Extensions>
      <TPX xmlns="http://www.garmin.com/xmlschemas/ActivityExtension/v2">
      <nax:Nax>
      <nax:AscentInMeters>
      0.08983612060546875
    </nax:AscentInMeters><nax:Moments>
      <nax:Halt xsi:type="nax:Halt_t" action="auto_pause">
      
    </nax:Halt>
    </nax:Moments>
    </nax:Nax>
    </TPX>
    </Extensions>
    </Trackpoint>
<Trackpoint>
      <Time>
      2025-09-09T00:38:17.664Z
    </Time><SensorState>
      Present
    </SensorState><Extensions>
      <TPX xmlns="http://www.garmin.com/xmlschemas/ActivityExtension/v2">
      <ns3:Speed>
      2.6882606962808095
    </ns3:Speed><nax:Nax>
      <nax:Pace>
      6.199795536840934
    </nax:Pace><nax:Moments>
      <nax:Halt xsi:type="nax:Halt_t" action="auto_pause">
      
    </nax:Halt>
    </nax:Moments>
    </nax:Nax>
    </TPX>
    </Extensions>
    </Trackpoint>
<Trackpoint>
      <Time>
      2025-09-09T00:38:17.665Z
    </Time><DistanceMeters>
      6.910778935067356
    </DistanceMeters><Cadence>
      156.4112377166748
    </Cadence><SensorState>
      Present
    </SensorState><Extensions>
      <TPX xmlns="http://www.garmin.com/xmlschemas/ActivityExtension/v2">
      <nax:Nax>
      <nax:Moments>
      <nax:Halt xsi:type="nax:Halt_t" action="auto_pause">
      
    </nax:Halt>
    </nax:Moments>
    </nax:Nax>
    </TPX>
    </Extensions>
    </Trackpoint>
<Trackpoint>
      <Time>
      2025-09-09T00:38:17.973Z
    </Time><SensorState>
      Present
    </SensorState><Extensions>
      <TPX xmlns="http://www.garmin.com/xmlschemas/ActivityExtension/v2">
      <nax:Nax>
      <nax:AscentInMeters>
      0.06870269775390625
    </nax:AscentInMeters><nax:Moments>
      <nax:Halt xsi:type="nax:Halt_t" action="auto_pause">
      
    </nax:Halt>
    </nax:Moments>
    </nax:Nax>
    </TPX>
    </Extensions>
    </Trackpoint>
<Trackpoint>
      <Time>
      2025-09-09T00:38:18.000Z
    </Time><SensorState>
      Present
    </SensorState><Extensions>
      <TPX xmlns="http://www.garmin.com/xmlschemas/ActivityExtension/v2">
      <nax:Nax>
      <nax:NikeFuel>
      7.019278025534899
    </nax:NikeFuel><nax:Moments>
      <nax:Halt xsi:type="nax:Halt_t" action="auto_pause">
      
    </nax:Halt>
    </nax:Moments>
    </nax:Nax>
    </TPX>
    </Extensions>
    </Trackpoint>
<Trackpoint>
      <Time>
      2025-09-09T00:38:19.033Z
    </Time><SensorState>
      Present
    </SensorState><Extensions>
      <TPX xmlns="http://www.garmin.com/xmlschemas/ActivityExtension/v2">
      <nax:Nax>
      <nax:AscentInMeters>
      0.05812835693359375
    </nax:AscentInMeters><nax:Moments>
      <nax:Halt xsi:type="nax:Halt_t" action="auto_pause">
      
    </nax:Halt>
    </nax:Moments>
    </nax:Nax>
    </TPX>
    </Extensions>
    </Trackpoint>
<Trackpoint>
      <Time>
      2025-09-09T00:38:19.999Z
    </Time><Position>
      <LatitudeDegrees>
      47.430870320243415
    </LatitudeDegrees><LongitudeDegrees>
      -122.29085517897231
    </LongitudeDegrees>
    </Position><AltitudeMeters>
      119.09691755846143
    </AltitudeMeters><SensorState>
      Present
    </SensorState><Extensions>
      <TPX xmlns="http://www.garmin.com/xmlschemas/ActivityExtension/v2">
      <nax:Nax>
      <nax:Moments>
      <nax:Halt xsi:type="nax:Halt_t" action="auto_pause">
      
    </nax:Halt>
    </nax:Moments>
    </nax:Nax>
    </TPX>
    </Extensions>
    </Trackpoint>
<Trackpoint>
      <Time>
      2025-09-09T00:38:20.093Z
    </Time><SensorState>
      Present
    </SensorState><Extensions>
      <TPX xmlns="http://www.garmin.com/xmlschemas/ActivityExtension/v2">
      <nax:Nax>
      <nax:AscentInMeters>
      0.0343475341796875
    </nax:AscentInMeters><nax:Moments>
      <nax:Halt xsi:type="nax:Halt_t" action="auto_pause">
      
    </nax:Halt>
    </nax:Moments>
    </nax:Nax>
    </TPX>
    </Extensions>
    </Trackpoint>
<Trackpoint>
      <Time>
      2025-09-09T00:38:20.219Z
    </Time><SensorState>
      Present
    </SensorState><Extensions>
      <TPX xmlns="http://www.garmin.com/xmlschemas/ActivityExtension/v2">
      <ns3:Speed>
      2.688108456228447
    </ns3:Speed><nax:Nax>
      <nax:Pace>
      6.200146660023848
    </nax:Pace><nax:Moments>
      <nax:Halt xsi:type="nax:Halt_t" action="auto_pause">
      
    </nax:Halt>
    </nax:Moments>
    </nax:Nax>
    </TPX>
    </Extensions>
    </Trackpoint>
<Trackpoint>
      <Time>
      2025-09-09T00:38:20.220Z
    </Time><DistanceMeters>
      6.433763369685039
    </DistanceMeters><Cadence>
      156.15041255950928
    </Cadence><SensorState>
      Present
    </SensorState><Extensions>
      <TPX xmlns="http://www.garmin.com/xmlschemas/ActivityExtension/v2">
      <nax:Nax>
      <nax:Moments>
      <nax:Halt xsi:type="nax:Halt_t" action="auto_pause">
      
    </nax:Halt>
    </nax:Moments>
    </nax:Nax>
    </TPX>
    </Extensions>
    </Trackpoint>
<Trackpoint>
      <Time>
      2025-09-09T00:38:21.153Z
    </Time><SensorState>
      Present
    </SensorState><Extensions>
      <TPX xmlns="http://www.garmin.com/xmlschemas/ActivityExtension/v2">
      <nax:Nax>
      <nax:AscentInMeters>
      0.02642822265625
    </nax:AscentInMeters><nax:Moments>
      <nax:Halt xsi:type="nax:Halt_t" action="auto_pause">
      
    </nax:Halt>
    </nax:Moments>
    </nax:Nax>
    </TPX>
    </Extensions>
    </Trackpoint>
<Trackpoint>
      <Time>
      2025-09-09T00:38:22.775Z
    </Time><SensorState>
      Present
    </SensorState><Extensions>
      <TPX xmlns="http://www.garmin.com/xmlschemas/ActivityExtension/v2">
      <ns3:Speed>
      2.6900458666484806
    </ns3:Speed><nax:Nax>
      <nax:Pace>
      6.195681223618545
    </nax:Pace><nax:Moments>
      <nax:Halt xsi:type="nax:Halt_t" action="auto_pause">
      
    </nax:Halt>
    </nax:Moments>
    </nax:Nax>
    </TPX>
    </Extensions>
    </Trackpoint>
<Trackpoint>
      <Time>
      2025-09-09T00:38:22.776Z
    </Time><DistanceMeters>
      8.993694758275524
    </DistanceMeters><Cadence>
      156.15041255950928
    </Cadence><SensorState>
      Present
    </SensorState><Extensions>
      <TPX xmlns="http://www.garmin.com/xmlschemas/ActivityExtension/v2">
      <nax:Nax>
      <nax:Moments>
      <nax:Halt xsi:type="nax:Halt_t" action="auto_pause">
      
    </nax:Halt>
    </nax:Moments>
    </nax:Nax>
    </TPX>
    </Extensions>
    </Trackpoint>
<Trackpoint>
      <Time>
      2025-09-09T00:38:23.999Z
    </Time><Position>
      <LatitudeDegrees>
      47.430864817264975
    </LatitudeDegrees><LongitudeDegrees>
      -122.29070680530893
    </LongitudeDegrees>
    </Position><AltitudeMeters>
      118.28402859251946
    </AltitudeMeters><SensorState>
      Present
    </SensorState><Extensions>
      <TPX xmlns="http://www.garmin.com/xmlschemas/ActivityExtension/v2">
      <nax:Nax>
      <nax:Moments>
      <nax:Halt xsi:type="nax:Halt_t" action="auto_pause">
      
    </nax:Halt>
    </nax:Moments>
    </nax:Nax>
    </TPX>
    </Extensions>
    </Trackpoint>
<Trackpoint>
      <Time>
      2025-09-09T00:38:25.330Z
    </Time><DistanceMeters>
      6.923267550999299
    </DistanceMeters><SensorState>
      Present
    </SensorState><Extensions>
      <TPX xmlns="http://www.garmin.com/xmlschemas/ActivityExtension/v2">
      <ns3:Speed>
      2.691788879474268
    </ns3:Speed><nax:Nax>
      <nax:Pace>
      6.191669336980776
    </nax:Pace><nax:Moments>
      <nax:Halt xsi:type="nax:Halt_t" action="auto_pause">
      
    </nax:Halt>
    </nax:Moments>
    </nax:Nax>
    </TPX>
    </Extensions>
    </Trackpoint>
<Trackpoint>
      <Time>
      2025-09-09T00:38:25.331Z
    </Time><Cadence>
      156.15041255950928
    </Cadence><SensorState>
      Present
    </SensorState><Extensions>
      <TPX xmlns="http://www.garmin.com/xmlschemas/ActivityExtension/v2">
      <nax:Nax>
      <nax:Moments>
      <nax:Halt xsi:type="nax:Halt_t" action="auto_pause">
      
    </nax:Halt>
    </nax:Moments>
    </nax:Nax>
    </TPX>
    </Extensions>
    </Trackpoint>
<Trackpoint>
      <Time>
      2025-09-09T00:38:26.453Z
    </Time><SensorState>
      Present
    </SensorState><Extensions>
      <TPX xmlns="http://www.garmin.com/xmlschemas/ActivityExtension/v2">
      <nax:Nax>
      <nax:DescentInMeters>
      0.0475616455078125
    </nax:DescentInMeters><nax:Moments>
      <nax:Halt xsi:type="nax:Halt_t" action="auto_pause">
      
    </nax:Halt>
    </nax:Moments>
    </nax:Nax>
    </TPX>
    </Extensions>
    </Trackpoint>
<Trackpoint>
      <Time>
      2025-09-09T00:38:27.514Z
    </Time><SensorState>
      Present
    </SensorState><Extensions>
      <TPX xmlns="http://www.garmin.com/xmlschemas/ActivityExtension/v2">
      <nax:Nax>
      <nax:DescentInMeters>
      0.07398223876953125
    </nax:DescentInMeters><nax:Moments>
      <nax:Halt xsi:type="nax:Halt_t" action="auto_pause">
      
    </nax:Halt>
    </nax:Moments>
    </nax:Nax>
    </TPX>
    </Extensions>
    </Trackpoint>
<Trackpoint>
      <Time>
      2025-09-09T00:38:27.886Z
    </Time><SensorState>
      Present
    </SensorState><Extensions>
      <TPX xmlns="http://www.garmin.com/xmlschemas/ActivityExtension/v2">
      <ns3:Speed>
      2.6943445502750274
    </ns3:Speed><nax:Nax>
      <nax:Pace>
      6.185796343294477
    </nax:Pace><nax:Moments>
      <nax:Halt xsi:type="nax:Halt_t" action="auto_pause">
      
    </nax:Halt>
    </nax:Moments>
    </nax:Nax>
    </TPX>
    </Extensions>
    </Trackpoint>
<Trackpoint>
      <Time>
      2025-09-09T00:38:27.887Z
    </Time><DistanceMeters>
      6.353534433525056
    </DistanceMeters><Cadence>
      156.41236782073975
    </Cadence><SensorState>
      Present
    </SensorState><Extensions>
      <TPX xmlns="http://www.garmin.com/xmlschemas/ActivityExtension/v2">
      <nax:Nax>
      <nax:Moments>
      <nax:Halt xsi:type="nax:Halt_t" action="auto_pause">
      
    </nax:Halt>
    </nax:Moments>
    </nax:Nax>
    </TPX>
    </Extensions>
    </Trackpoint>
<Trackpoint>
      <Time>
      2025-09-09T00:38:27.999Z
    </Time><Position>
      <LatitudeDegrees>
      47.43086799255168
    </LatitudeDegrees><LongitudeDegrees>
      -122.29056520741084
    </LongitudeDegrees>
    </Position><AltitudeMeters>
      118.29390700813383
    </AltitudeMeters><SensorState>
      Present
    </SensorState><Extensions>
      <TPX xmlns="http://www.garmin.com/xmlschemas/ActivityExtension/v2">
      <nax:Nax>
      <nax:Moments>
      <nax:Halt xsi:type="nax:Halt_t" action="auto_pause">
      
    </nax:Halt>
    </nax:Moments>
    </nax:Nax>
    </TPX>
    </Extensions>
    </Trackpoint>
<Trackpoint>
      <Time>
      2025-09-09T00:38:28.000Z
    </Time><SensorState>
      Present
    </SensorState><Extensions>
      <TPX xmlns="http://www.garmin.com/xmlschemas/ActivityExtension/v2">
      <nax:Nax>
      <nax:NikeFuel>
      7.031001497352753
    </nax:NikeFuel><nax:Moments>
      <nax:Halt xsi:type="nax:Halt_t" action="auto_pause">
      
    </nax:Halt>
    </nax:Moments>
    </nax:Nax>
    </TPX>
    </Extensions>
    </Trackpoint>
<Trackpoint>
      <Time>
      2025-09-09T00:38:28.574Z
    </Time><SensorState>
      Present
    </SensorState><Extensions>
      <TPX xmlns="http://www.garmin.com/xmlschemas/ActivityExtension/v2">
      <nax:Nax>
      <nax:DescentInMeters>
      0.0607757568359375
    </nax:DescentInMeters><nax:Moments>
      <nax:Halt xsi:type="nax:Halt_t" action="auto_pause">
      
    </nax:Halt>
    </nax:Moments>
    </nax:Nax>
    </TPX>
    </Extensions>
    </Trackpoint>
<Trackpoint>
      <Time>
      2025-09-09T00:38:29.633Z
    </Time><SensorState>
      Present
    </SensorState><Extensions>
      <TPX xmlns="http://www.garmin.com/xmlschemas/ActivityExtension/v2">
      <nax:Nax>
      <nax:DescentInMeters>
      0.07134246826171875
    </nax:DescentInMeters><nax:Moments>
      <nax:Halt xsi:type="nax:Halt_t" action="auto_pause">
      
    </nax:Halt>
    </nax:Moments>
    </nax:Nax>
    </TPX>
    </Extensions>
    </Trackpoint>
<Trackpoint>
      <Time>
      2025-09-09T00:38:30.442Z
    </Time><DistanceMeters>
      6.1114723877981305
    </DistanceMeters><SensorState>
      Present
    </SensorState><Extensions>
      <TPX xmlns="http://www.garmin.com/xmlschemas/ActivityExtension/v2">
      <ns3:Speed>
      2.696314454658621
    </ns3:Speed><nax:Nax>
      <nax:Pace>
      6.1812770531532175
    </nax:Pace><nax:Moments>
      <nax:Halt xsi:type="nax:Halt_t" action="auto_pause">
      
    </nax:Halt>
    </nax:Moments>
    </nax:Nax>
    </TPX>
    </Extensions>
    </Trackpoint>
<Trackpoint>
      <Time>
      2025-09-09T00:38:30.443Z
    </Time><Cadence>
      156.031494140625
    </Cadence><SensorState>
      Present
    </SensorState><Extensions>
      <TPX xmlns="http://www.garmin.com/xmlschemas/ActivityExtension/v2">
      <nax:Nax>
      <nax:Moments>
      <nax:Halt xsi:type="nax:Halt_t" action="auto_pause">
      
    </nax:Halt>
    </nax:Moments>
    </nax:Nax>
    </TPX>
    </Extensions>
    </Trackpoint>
<Trackpoint>
      <Time>
      2025-09-09T00:38:30.694Z
    </Time><SensorState>
      Present
    </SensorState><Extensions>
      <TPX xmlns="http://www.garmin.com/xmlschemas/ActivityExtension/v2">
      <nax:Nax>
      <nax:DescentInMeters>
      0.05812835693359375
    </nax:DescentInMeters><nax:Moments>
      <nax:Halt xsi:type="nax:Halt_t" action="auto_pause">
      
    </nax:Halt>
    </nax:Moments>
    </nax:Nax>
    </TPX>
    </Extensions>
    </Trackpoint>
<Trackpoint>
      <Time>
      2025-09-09T00:38:31.754Z
    </Time><SensorState>
      Present
    </SensorState><Extensions>
      <TPX xmlns="http://www.garmin.com/xmlschemas/ActivityExtension/v2">
      <nax:Nax>
      <nax:DescentInMeters>
      0.0924835205078125
    </nax:DescentInMeters><nax:Moments>
      <nax:Halt xsi:type="nax:Halt_t" action="auto_pause">
      
    </nax:Halt>
    </nax:Moments>
    </nax:Nax>
    </TPX>
    </Extensions>
    </Trackpoint>
<Trackpoint>
      <Time>
      2025-09-09T00:38:31.999Z
    </Time><Position>
      <LatitudeDegrees>
      47.43085896928454
    </LatitudeDegrees><LongitudeDegrees>
      -122.29042768501304
    </LongitudeDegrees>
    </Position><AltitudeMeters>
      118.48733354452997
    </AltitudeMeters><SensorState>
      Present
    </SensorState><Extensions>
      <TPX xmlns="http://www.garmin.com/xmlschemas/ActivityExtension/v2">
      <nax:Nax>
      <nax:Moments>
      <nax:Halt xsi:type="nax:Halt_t" action="auto_pause">
      
    </nax:Halt>
    </nax:Moments>
    </nax:Nax>
    </TPX>
    </Extensions>
    </Trackpoint>
<Trackpoint>
      <Time>
      2025-09-09T00:38:32.814Z
    </Time><SensorState>
      Present
    </SensorState><Extensions>
      <TPX xmlns="http://www.garmin.com/xmlschemas/ActivityExtension/v2">
      <nax:Nax>
      <nax:DescentInMeters>
      0.07398223876953125
    </nax:DescentInMeters><nax:Moments>
      <nax:Halt xsi:type="nax:Halt_t" action="auto_pause">
      
    </nax:Halt>
    </nax:Moments>
    </nax:Nax>
    </TPX>
    </Extensions>
    </Trackpoint>
<Trackpoint>
      <Time>
      2025-09-09T00:38:32.997Z
    </Time><SensorState>
      Present
    </SensorState><Extensions>
      <TPX xmlns="http://www.garmin.com/xmlschemas/ActivityExtension/v2">
      <ns3:Speed>
      2.6958827363586
    </ns3:Speed><nax:Nax>
      <nax:Pace>
      6.182266922031918
    </nax:Pace><nax:Moments>
      <nax:Halt xsi:type="nax:Halt_t" action="auto_pause">
      
    </nax:Halt>
    </nax:Moments>
    </nax:Nax>
    </TPX>
    </Extensions>
    </Trackpoint>
<Trackpoint>
      <Time>
      2025-09-09T00:38:32.998Z
    </Time><DistanceMeters>
      5.355154200922698
    </DistanceMeters><Cadence>
      156.031494140625
    </Cadence><SensorState>
      Present
    </SensorState><Extensions>
      <TPX xmlns="http://www.garmin.com/xmlschemas/ActivityExtension/v2">
      <nax:Nax>
      <nax:Moments>
      <nax:Halt xsi:type="nax:Halt_t" action="auto_pause">
      
    </nax:Halt>
    </nax:Moments>
    </nax:Nax>
    </TPX>
    </Extensions>
    </Trackpoint>
<Trackpoint>
      <Time>
      2025-09-09T00:38:33.874Z
    </Time><SensorState>
      Present
    </SensorState><Extensions>
      <TPX xmlns="http://www.garmin.com/xmlschemas/ActivityExtension/v2">
      <nax:Nax>
      <nax:DescentInMeters>
      0.10041046142578125
    </nax:DescentInMeters><nax:Moments>
      <nax:Halt xsi:type="nax:Halt_t" action="auto_pause">
      
    </nax:Halt>
    </nax:Moments>
    </nax:Nax>
    </TPX>
    </Extensions>
    </Trackpoint>
<Trackpoint>
      <Time>
      2025-09-09T00:38:34.934Z
    </Time><SensorState>
      Present
    </SensorState><Extensions>
      <TPX xmlns="http://www.garmin.com/xmlschemas/ActivityExtension/v2">
      <nax:Nax>
      <nax:DescentInMeters>
      0.06870269775390625
    </nax:DescentInMeters><nax:Moments>
      <nax:Halt xsi:type="nax:Halt_t" action="auto_pause">
      
    </nax:Halt>
    </nax:Moments>
    </nax:Nax>
    </TPX>
    </Extensions>
    </Trackpoint>
<Trackpoint>
      <Time>
      2025-09-09T00:38:35.553Z
    </Time><SensorState>
      Present
    </SensorState><Extensions>
      <TPX xmlns="http://www.garmin.com/xmlschemas/ActivityExtension/v2">
      <ns3:Speed>
      2.695474199060156
    </ns3:Speed><nax:Nax>
      <nax:Pace>
      6.183203932160773
    </nax:Pace><nax:Moments>
      <nax:Halt xsi:type="nax:Halt_t" action="auto_pause">
      
    </nax:Halt>
    </nax:Moments>
    </nax:Nax>
    </TPX>
    </Extensions>
    </Trackpoint>
<Trackpoint>
      <Time>
      2025-09-09T00:38:35.554Z
    </Time><DistanceMeters>
      7.023168399231508
    </DistanceMeters><Cadence>
      156.031494140625
    </Cadence><SensorState>
      Present
    </SensorState><Extensions>
      <TPX xmlns="http://www.garmin.com/xmlschemas/ActivityExtension/v2">
      <nax:Nax>
      <nax:Moments>
      <nax:Halt xsi:type="nax:Halt_t" action="auto_pause">
      
    </nax:Halt>
    </nax:Moments>
    </nax:Nax>
    </TPX>
    </Extensions>
    </Trackpoint>
<Trackpoint>
      <Time>
      2025-09-09T00:38:35.994Z
    </Time><SensorState>
      Present
    </SensorState><Extensions>
      <TPX xmlns="http://www.garmin.com/xmlschemas/ActivityExtension/v2">
      <nax:Nax>
      <nax:DescentInMeters>
      0.03963470458984375
    </nax:DescentInMeters><nax:Moments>
      <nax:Halt xsi:type="nax:Halt_t" action="auto_pause">
      
    </nax:Halt>
    </nax:Moments>
    </nax:Nax>
    </TPX>
    </Extensions>
    </Trackpoint>
<Trackpoint>
      <Time>
      2025-09-09T00:38:35.999Z
    </Time><Position>
      <LatitudeDegrees>
      47.43086573430846
    </LatitudeDegrees><LongitudeDegrees>
      -122.29028746285293
    </LongitudeDegrees>
    </Position><AltitudeMeters>
      118.79317383375019
    </AltitudeMeters><SensorState>
      Present
    </SensorState><Extensions>
      <TPX xmlns="http://www.garmin.com/xmlschemas/ActivityExtension/v2">
      <nax:Nax>
      <nax:Moments>
      <nax:Halt xsi:type="nax:Halt_t" action="auto_pause">
      
    </nax:Halt>
    </nax:Moments>
    </nax:Nax>
    </TPX>
    </Extensions>
    </Trackpoint>
<Trackpoint>
      <Time>
      2025-09-09T00:38:37.054Z
    </Time><SensorState>
      Present
    </SensorState><Extensions>
      <TPX xmlns="http://www.garmin.com/xmlschemas/ActivityExtension/v2">
      <nax:Nax>
      <nax:DescentInMeters>
      0.005279541015625
    </nax:DescentInMeters><nax:Moments>
      <nax:Halt xsi:type="nax:Halt_t" action="auto_pause">
      
    </nax:Halt>
    </nax:Moments>
    </nax:Nax>
    </TPX>
    </Extensions>
    </Trackpoint>
<Trackpoint>
      <Time>
      2025-09-09T00:38:38.000Z
    </Time><SensorState>
      Present
    </SensorState><Extensions>
      <TPX xmlns="http://www.garmin.com/xmlschemas/ActivityExtension/v2">
      <nax:Nax>
      <nax:NikeFuel>
      7.0048055146585035
    </nax:NikeFuel><nax:Moments>
      <nax:Halt xsi:type="nax:Halt_t" action="auto_pause">
      
    </nax:Halt>
    </nax:Moments>
    </nax:Nax>
    </TPX>
    </Extensions>
    </Trackpoint>
<Trackpoint>
      <Time>
      2025-09-09T00:38:38.108Z
    </Time><SensorState>
      Present
    </SensorState><Extensions>
      <TPX xmlns="http://www.garmin.com/xmlschemas/ActivityExtension/v2">
      <ns3:Speed>
      2.6935452115633782
    </ns3:Speed><nax:Nax>
      <nax:Pace>
      6.1876320453492815
    </nax:Pace><nax:Moments>
      <nax:Halt xsi:type="nax:Halt_t" action="auto_pause">
      
    </nax:Halt>
    </nax:Moments>
    </nax:Nax>
    </TPX>
    </Extensions>
    </Trackpoint>
<Trackpoint>
      <Time>
      2025-09-09T00:38:38.109Z
    </Time><DistanceMeters>
      6.576304650865495
    </DistanceMeters><Cadence>
      156.031494140625
    </Cadence><SensorState>
      Present
    </SensorState><Extensions>
      <TPX xmlns="http://www.garmin.com/xmlschemas/ActivityExtension/v2">
      <nax:Nax>
      <nax:Moments>
      <nax:Halt xsi:type="nax:Halt_t" action="auto_pause">
      
    </nax:Halt>
    </nax:Moments>
    </nax:Nax>
    </TPX>
    </Extensions>
    </Trackpoint>
<Trackpoint>
      <Time>
      2025-09-09T00:38:40.234Z
    </Time><SensorState>
      Present
    </SensorState><Extensions>
      <TPX xmlns="http://www.garmin.com/xmlschemas/ActivityExtension/v2">
      <nax:Nax>
      <nax:DescentInMeters>
      0.05020904541015625
    </nax:DescentInMeters><nax:Moments>
      <nax:Halt xsi:type="nax:Halt_t" action="auto_pause">
      
    </nax:Halt>
    </nax:Moments>
    </nax:Nax>
    </TPX>
    </Extensions>
    </Trackpoint>
<Trackpoint>
      <Time>
      2025-09-09T00:38:40.664Z
    </Time><SensorState>
      Present
    </SensorState><Extensions>
      <TPX xmlns="http://www.garmin.com/xmlschemas/ActivityExtension/v2">
      <ns3:Speed>
      2.68956789257096
    </ns3:Speed><nax:Nax>
      <nax:Pace>
      6.196782283393109
    </nax:Pace><nax:Moments>
      <nax:Halt xsi:type="nax:Halt_t" action="auto_pause">
      
    </nax:Halt>
    </nax:Moments>
    </nax:Nax>
    </TPX>
    </Extensions>
    </Trackpoint>
<Trackpoint>
      <Time>
      2025-09-09T00:38:40.665Z
    </Time><DistanceMeters>
      4.381857700878754
    </DistanceMeters><Cadence>
      156.031494140625
    </Cadence><SensorState>
      Present
    </SensorState><Extensions>
      <TPX xmlns="http://www.garmin.com/xmlschemas/ActivityExtension/v2">
      <nax:Nax>
      <nax:Moments>
      <nax:Halt xsi:type="nax:Halt_t" action="auto_pause">
      
    </nax:Halt>
    </nax:Moments>
    </nax:Nax>
    </TPX>
    </Extensions>
    </Trackpoint>
<Trackpoint>
      <Time>
      2025-09-09T00:38:40.999Z
    </Time><Position>
      <LatitudeDegrees>
      47.43083118303491
    </LatitudeDegrees><LongitudeDegrees>
      -122.29016105982173
    </LongitudeDegrees>
    </Position><AltitudeMeters>
      117.72318141162395
    </AltitudeMeters><SensorState>
      Present
    </SensorState><Extensions>
      <TPX xmlns="http://www.garmin.com/xmlschemas/ActivityExtension/v2">
      <nax:Nax>
      <nax:Moments>
      <nax:Halt xsi:type="nax:Halt_t" action="auto_pause">
      
    </nax:Halt>
    </nax:Moments>
    </nax:Nax>
    </TPX>
    </Extensions>
    </Trackpoint>
<Trackpoint>
      <Time>
      2025-09-09T00:38:43.219Z
    </Time><SensorState>
      Present
    </SensorState><Extensions>
      <TPX xmlns="http://www.garmin.com/xmlschemas/ActivityExtension/v2">
      <ns3:Speed>
      2.682388455755159
    </ns3:Speed><nax:Nax>
      <nax:Pace>
      6.213368026882067
    </nax:Pace><nax:Moments>
      <nax:Halt xsi:type="nax:Halt_t" action="auto_pause">
      
    </nax:Halt>
    </nax:Moments>
    </nax:Nax>
    </TPX>
    </Extensions>
    </Trackpoint>
<Trackpoint>
      <Time>
      2025-09-09T00:38:43.220Z
    </Time><DistanceMeters>
      5.712526464601979
    </DistanceMeters><Cadence>
      156.031494140625
    </Cadence><SensorState>
      Present
    </SensorState><Extensions>
      <TPX xmlns="http://www.garmin.com/xmlschemas/ActivityExtension/v2">
      <nax:Nax>
      <nax:Moments>
      <nax:Halt xsi:type="nax:Halt_t" action="auto_pause">
      
    </nax:Halt>
    </nax:Moments>
    </nax:Nax>
    </TPX>
    </Extensions>
    </Trackpoint>
<Trackpoint>
      <Time>
      2025-09-09T00:38:44.474Z
    </Time><SensorState>
      Present
    </SensorState><Extensions>
      <TPX xmlns="http://www.garmin.com/xmlschemas/ActivityExtension/v2">
      <nax:Nax>
      <nax:DescentInMeters>
      0.0369873046875
    </nax:DescentInMeters><nax:Moments>
      <nax:Halt xsi:type="nax:Halt_t" action="auto_pause">
      
    </nax:Halt>
    </nax:Moments>
    </nax:Nax>
    </TPX>
    </Extensions>
    </Trackpoint>
<Trackpoint>
      <Time>
      2025-09-09T00:38:45.534Z
    </Time><SensorState>
      Present
    </SensorState><Extensions>
      <TPX xmlns="http://www.garmin.com/xmlschemas/ActivityExtension/v2">
      <nax:Nax>
      <nax:DescentInMeters>
      0.013214111328125
    </nax:DescentInMeters><nax:Moments>
      <nax:Halt xsi:type="nax:Halt_t" action="auto_pause">
      
    </nax:Halt>
    </nax:Moments>
    </nax:Nax>
    </TPX>
    </Extensions>
    </Trackpoint>
<Trackpoint>
      <Time>
      2025-09-09T00:38:45.775Z
    </Time><SensorState>
      Present
    </SensorState><Extensions>
      <TPX xmlns="http://www.garmin.com/xmlschemas/ActivityExtension/v2">
      <ns3:Speed>
      2.674992504489464
    </ns3:Speed><nax:Nax>
      <nax:Pace>
      6.230547053382336
    </nax:Pace><nax:Moments>
      <nax:Halt xsi:type="nax:Halt_t" action="auto_pause">
      
    </nax:Halt>
    </nax:Moments>
    </nax:Nax>
    </TPX>
    </Extensions>
    </Trackpoint>
<Trackpoint>
      <Time>
      2025-09-09T00:38:45.776Z
    </Time><DistanceMeters>
      4.526665083831176
    </DistanceMeters><Cadence>
      156.031494140625
    </Cadence><SensorState>
      Present
    </SensorState><Extensions>
      <TPX xmlns="http://www.garmin.com/xmlschemas/ActivityExtension/v2">
      <nax:Nax>
      <nax:Moments>
      <nax:Halt xsi:type="nax:Halt_t" action="auto_pause">
      
    </nax:Halt>
    </nax:Moments>
    </nax:Nax>
    </TPX>
    </Extensions>
    </Trackpoint>
<Trackpoint>
      <Time>
      2025-09-09T00:38:45.999Z
    </Time><Position>
      <LatitudeDegrees>
      47.430727523582185
    </LatitudeDegrees><LongitudeDegrees>
      -122.29016754936899
    </LongitudeDegrees>
    </Position><AltitudeMeters>
      117.28236575983465
    </AltitudeMeters><SensorState>
      Present
    </SensorState><Extensions>
      <TPX xmlns="http://www.garmin.com/xmlschemas/ActivityExtension/v2">
      <nax:Nax>
      <nax:Moments>
      <nax:Halt xsi:type="nax:Halt_t" action="auto_pause">
      
    </nax:Halt>
    </nax:Moments>
    </nax:Nax>
    </TPX>
    </Extensions>
    </Trackpoint>
<Trackpoint>
      <Time>
      2025-09-09T00:38:46.593Z
    </Time><SensorState>
      Present
    </SensorState><Extensions>
      <TPX xmlns="http://www.garmin.com/xmlschemas/ActivityExtension/v2">
      <nax:Nax>
      <nax:DescentInMeters>
      0.05548858642578125
    </nax:DescentInMeters><nax:Moments>
      <nax:Halt xsi:type="nax:Halt_t" action="auto_pause">
      
    </nax:Halt>
    </nax:Moments>
    </nax:Nax>
    </TPX>
    </Extensions>
    </Trackpoint>
<Trackpoint>
      <Time>
      2025-09-09T00:38:47.654Z
    </Time><SensorState>
      Present
    </SensorState><Extensions>
      <TPX xmlns="http://www.garmin.com/xmlschemas/ActivityExtension/v2">
      <nax:Nax>
      <nax:DescentInMeters>
      0.06606292724609375
    </nax:DescentInMeters><nax:Moments>
      <nax:Halt xsi:type="nax:Halt_t" action="auto_pause">
      
    </nax:Halt>
    </nax:Moments>
    </nax:Nax>
    </TPX>
    </Extensions>
    </Trackpoint>
<Trackpoint>
      <Time>
      2025-09-09T00:38:48.000Z
    </Time><SensorState>
      Present
    </SensorState><Extensions>
      <TPX xmlns="http://www.garmin.com/xmlschemas/ActivityExtension/v2">
      <nax:Nax>
      <nax:NikeFuel>
      6.943205106759756
    </nax:NikeFuel><nax:Moments>
      <nax:Halt xsi:type="nax:Halt_t" action="auto_pause">
      
    </nax:Halt>
    </nax:Moments>
    </nax:Nax>
    </TPX>
    </Extensions>
    </Trackpoint>
<Trackpoint>
      <Time>
      2025-09-09T00:38:48.331Z
    </Time><SensorState>
      Present
    </SensorState><Extensions>
      <TPX xmlns="http://www.garmin.com/xmlschemas/ActivityExtension/v2">
      <ns3:Speed>
      2.6679488617712117
    </ns3:Speed><nax:Nax>
      <nax:Pace>
      6.246996299472514
    </nax:Pace><nax:Moments>
      <nax:Halt xsi:type="nax:Halt_t" action="auto_pause">
      
    </nax:Halt>
    </nax:Moments>
    </nax:Nax>
    </TPX>
    </Extensions>
    </Trackpoint>
<Trackpoint>
      <Time>
      2025-09-09T00:38:48.332Z
    </Time><DistanceMeters>
      7.712067400105298
    </DistanceMeters><Cadence>
      156.031494140625
    </Cadence><SensorState>
      Present
    </SensorState><Extensions>
      <TPX xmlns="http://www.garmin.com/xmlschemas/ActivityExtension/v2">
      <nax:Nax>
      <nax:Moments>
      <nax:Halt xsi:type="nax:Halt_t" action="auto_pause">
      
    </nax:Halt>
    </nax:Moments>
    </nax:Nax>
    </TPX>
    </Extensions>
    </Trackpoint>
<Trackpoint>
      <Time>
      2025-09-09T00:38:48.714Z
    </Time><SensorState>
      Present
    </SensorState><Extensions>
      <TPX xmlns="http://www.garmin.com/xmlschemas/ActivityExtension/v2">
      <nax:Nax>
      <nax:DescentInMeters>
      0.0475616455078125
    </nax:DescentInMeters><nax:Moments>
      <nax:Halt xsi:type="nax:Halt_t" action="auto_pause">
      
    </nax:Halt>
    </nax:Moments>
    </nax:Nax>
    </TPX>
    </Extensions>
    </Trackpoint>
<Trackpoint>
      <Time>
      2025-09-09T00:38:49.774Z
    </Time><SensorState>
      Present
    </SensorState><Extensions>
      <TPX xmlns="http://www.garmin.com/xmlschemas/ActivityExtension/v2">
      <nax:Nax>
      <nax:DescentInMeters>
      0.06076812744140625
    </nax:DescentInMeters><nax:Moments>
      <nax:Halt xsi:type="nax:Halt_t" action="auto_pause">
      
    </nax:Halt>
    </nax:Moments>
    </nax:Nax>
    </TPX>
    </Extensions>
    </Trackpoint>
<Trackpoint>
      <Time>
      2025-09-09T00:38:49.999Z
    </Time><Position>
      <LatitudeDegrees>
      47.43063344317558
    </LatitudeDegrees><LongitudeDegrees>
      -122.29017144069395
    </LongitudeDegrees>
    </Position><AltitudeMeters>
      117.44311188347638
    </AltitudeMeters><SensorState>
      Present
    </SensorState><Extensions>
      <TPX xmlns="http://www.garmin.com/xmlschemas/ActivityExtension/v2">
      <nax:Nax>
      <nax:Moments>
      <nax:Halt xsi:type="nax:Halt_t" action="auto_pause">
      
    </nax:Halt>
    </nax:Moments>
    </nax:Nax>
    </TPX>
    </Extensions>
    </Trackpoint>
<Trackpoint>
      <Time>
      2025-09-09T00:38:50.834Z
    </Time><SensorState>
      Present
    </SensorState><Extensions>
      <TPX xmlns="http://www.garmin.com/xmlschemas/ActivityExtension/v2">
      <nax:Nax>
      <nax:DescentInMeters>
      0.0422821044921875
    </nax:DescentInMeters><nax:Moments>
      <nax:Halt xsi:type="nax:Halt_t" action="auto_pause">
      
    </nax:Halt>
    </nax:Moments>
    </nax:Nax>
    </TPX>
    </Extensions>
    </Trackpoint>
<Trackpoint>
      <Time>
      2025-09-09T00:38:50.886Z
    </Time><SensorState>
      Present
    </SensorState><Extensions>
      <TPX xmlns="http://www.garmin.com/xmlschemas/ActivityExtension/v2">
      <ns3:Speed>
      2.6627246501087654
    </ns3:Speed><nax:Nax>
      <nax:Pace>
      6.259252779286013
    </nax:Pace><nax:Moments>
      <nax:Halt xsi:type="nax:Halt_t" action="auto_pause">
      
    </nax:Halt>
    </nax:Moments>
    </nax:Nax>
    </TPX>
    </Extensions>
    </Trackpoint>
<Trackpoint>
      <Time>
      2025-09-09T00:38:50.887Z
    </Time><DistanceMeters>
      5.066131084691733
    </DistanceMeters><Cadence>
      162.3007106781006
    </Cadence><SensorState>
      Present
    </SensorState><Extensions>
      <TPX xmlns="http://www.garmin.com/xmlschemas/ActivityExtension/v2">
      <nax:Nax>
      <nax:Moments>
      <nax:Halt xsi:type="nax:Halt_t" action="auto_pause">
      
    </nax:Halt>
    </nax:Moments>
    </nax:Nax>
    </TPX>
    </Extensions>
    </Trackpoint>
<Trackpoint>
      <Time>
      2025-09-09T00:38:51.894Z
    </Time><SensorState>
      Present
    </SensorState><Extensions>
      <TPX xmlns="http://www.garmin.com/xmlschemas/ActivityExtension/v2">
      <nax:Nax>
      <nax:DescentInMeters>
      0.0343475341796875
    </nax:DescentInMeters><nax:Moments>
      <nax:Halt xsi:type="nax:Halt_t" action="auto_pause">
      
    </nax:Halt>
    </nax:Moments>
    </nax:Nax>
    </TPX>
    </Extensions>
    </Trackpoint>
<Trackpoint>
      <Time>
      2025-09-09T00:38:52.954Z
    </Time><SensorState>
      Present
    </SensorState><Extensions>
      <TPX xmlns="http://www.garmin.com/xmlschemas/ActivityExtension/v2">
      <nax:Nax>
      <nax:DescentInMeters>
      0.00792694091796875
    </nax:DescentInMeters><nax:Moments>
      <nax:Halt xsi:type="nax:Halt_t" action="auto_pause">
      
    </nax:Halt>
    </nax:Moments>
    </nax:Nax>
    </TPX>
    </Extensions>
    </Trackpoint>
<Trackpoint>
      <Time>
      2025-09-09T00:38:53.444Z
    </Time><SensorState>
      Present
    </SensorState><Extensions>
      <TPX xmlns="http://www.garmin.com/xmlschemas/ActivityExtension/v2">
      <ns3:Speed>
      2.6571341424119552
    </ns3:Speed><nax:Nax>
      <nax:Pace>
      6.272422005589023
    </nax:Pace><nax:Moments>
      <nax:Halt xsi:type="nax:Halt_t" action="auto_pause">
      
    </nax:Halt>
    </nax:Moments>
    </nax:Nax>
    </TPX>
    </Extensions>
    </Trackpoint>
<Trackpoint>
      <Time>
      2025-09-09T00:38:53.445Z
    </Time><DistanceMeters>
      7.595936675090343
    </DistanceMeters><Cadence>
      156.927752494812
    </Cadence><SensorState>
      Present
    </SensorState><Extensions>
      <TPX xmlns="http://www.garmin.com/xmlschemas/ActivityExtension/v2">
      <nax:Nax>
      <nax:Moments>
      <nax:Halt xsi:type="nax:Halt_t" action="auto_pause">
      
    </nax:Halt>
    </nax:Moments>
    </nax:Nax>
    </TPX>
    </Extensions>
    </Trackpoint>
<Trackpoint>
      <Time>
      2025-09-09T00:38:54.999Z
    </Time><Position>
      <LatitudeDegrees>
      47.430529080382
    </LatitudeDegrees><LongitudeDegrees>
      -122.29018975457691
    </LongitudeDegrees>
    </Position><AltitudeMeters>
      118.46190876699984
    </AltitudeMeters><SensorState>
      Present
    </SensorState><Extensions>
      <TPX xmlns="http://www.garmin.com/xmlschemas/ActivityExtension/v2">
      <nax:Nax>
      <nax:Moments>
      <nax:Halt xsi:type="nax:Halt_t" action="auto_pause">
      
    </nax:Halt>
    </nax:Moments>
    </nax:Nax>
    </TPX>
    </Extensions>
    </Trackpoint>
<Trackpoint>
      <Time>
      2025-09-09T00:38:55.999Z
    </Time><SensorState>
      Present
    </SensorState><Extensions>
      <TPX xmlns="http://www.garmin.com/xmlschemas/ActivityExtension/v2">
      <ns3:Speed>
      2.651411592333232
    </ns3:Speed><nax:Nax>
      <nax:Pace>
      6.285959793967734
    </nax:Pace><nax:Moments>
      <nax:Halt xsi:type="nax:Halt_t" action="auto_pause">
      
    </nax:Halt>
    </nax:Moments>
    </nax:Nax>
    </TPX>
    </Extensions>
    </Trackpoint>
<Trackpoint>
      <Time>
      2025-09-09T00:38:56.000Z
    </Time><DistanceMeters>
      6.859394084429368
    </DistanceMeters><Cadence>
      156.04529857635498
    </Cadence><SensorState>
      Present
    </SensorState><Extensions>
      <TPX xmlns="http://www.garmin.com/xmlschemas/ActivityExtension/v2">
      <nax:Nax>
      <nax:Moments>
      <nax:Halt xsi:type="nax:Halt_t" action="auto_pause">
      
    </nax:Halt>
    </nax:Moments>
    </nax:Nax>
    </TPX>
    </Extensions>
    </Trackpoint>
<Trackpoint>
      <Time>
      2025-09-09T00:38:56.133Z
    </Time><SensorState>
      Present
    </SensorState><Extensions>
      <TPX xmlns="http://www.garmin.com/xmlschemas/ActivityExtension/v2">
      <nax:Nax>
      <nax:DescentInMeters>
      0.031707763671875
    </nax:DescentInMeters><nax:Moments>
      <nax:Halt xsi:type="nax:Halt_t" action="auto_pause">
      
    </nax:Halt>
    </nax:Moments>
    </nax:Nax>
    </TPX>
    </Extensions>
    </Trackpoint>
<Trackpoint>
      <Time>
      2025-09-09T00:38:57.194Z
    </Time><SensorState>
      Present
    </SensorState><Extensions>
      <TPX xmlns="http://www.garmin.com/xmlschemas/ActivityExtension/v2">
      <nax:Nax>
      <nax:DescentInMeters>
      0.0343475341796875
    </nax:DescentInMeters><nax:Moments>
      <nax:Halt xsi:type="nax:Halt_t" action="auto_pause">
      
    </nax:Halt>
    </nax:Moments>
    </nax:Nax>
    </TPX>
    </Extensions>
    </Trackpoint>
<Trackpoint>
      <Time>
      2025-09-09T00:38:58.000Z
    </Time><SensorState>
      Present
    </SensorState><Extensions>
      <TPX xmlns="http://www.garmin.com/xmlschemas/ActivityExtension/v2">
      <nax:Nax>
      <nax:NikeFuel>
      6.8835942227371305
    </nax:NikeFuel><nax:Moments>
      <nax:Halt xsi:type="nax:Halt_t" action="auto_pause">
      
    </nax:Halt>
    </nax:Moments>
    </nax:Nax>
    </TPX>
    </Extensions>
    </Trackpoint>
<Trackpoint>
      <Time>
      2025-09-09T00:38:58.254Z
    </Time><SensorState>
      Present
    </SensorState><Extensions>
      <TPX xmlns="http://www.garmin.com/xmlschemas/ActivityExtension/v2">
      <nax:Nax>
      <nax:DescentInMeters>
      0.05548858642578125
    </nax:DescentInMeters><nax:Moments>
      <nax:Halt xsi:type="nax:Halt_t" action="auto_pause">
      
    </nax:Halt>
    </nax:Moments>
    </nax:Nax>
    </TPX>
    </Extensions>
    </Trackpoint>
<Trackpoint>
      <Time>
      2025-09-09T00:38:58.556Z
    </Time><SensorState>
      Present
    </SensorState><Extensions>
      <TPX xmlns="http://www.garmin.com/xmlschemas/ActivityExtension/v2">
      <ns3:Speed>
      2.6453145170947914
    </ns3:Speed><nax:Nax>
      <nax:Pace>
      6.300448040851785
    </nax:Pace><nax:Moments>
      <nax:Halt xsi:type="nax:Halt_t" action="auto_pause">
      
    </nax:Halt>
    </nax:Moments>
    </nax:Nax>
    </TPX>
    </Extensions>
    </Trackpoint>
<Trackpoint>
      <Time>
      2025-09-09T00:38:58.557Z
    </Time><DistanceMeters>
      4.823147181654349
    </DistanceMeters><Cadence>
      155.88515281677246
    </Cadence><SensorState>
      Present
    </SensorState><Extensions>
      <TPX xmlns="http://www.garmin.com/xmlschemas/ActivityExtension/v2">
      <nax:Nax>
      <nax:Moments>
      <nax:Halt xsi:type="nax:Halt_t" action="auto_pause">
      
    </nax:Halt>
    </nax:Moments>
    </nax:Nax>
    </TPX>
    </Extensions>
    </Trackpoint>
<Trackpoint>
      <Time>
      2025-09-09T00:38:59.314Z
    </Time><SensorState>
      Present
    </SensorState><Extensions>
      <TPX xmlns="http://www.garmin.com/xmlschemas/ActivityExtension/v2">
      <nax:Nax>
      <nax:DescentInMeters>
      0.06870269775390625
    </nax:DescentInMeters><nax:Moments>
      <nax:Halt xsi:type="nax:Halt_t" action="auto_pause">
      
    </nax:Halt>
    </nax:Moments>
    </nax:Nax>
    </TPX>
    </Extensions>
    </Trackpoint>
<Trackpoint>
      <Time>
      2025-09-09T00:38:59.999Z
    </Time><Position>
      <LatitudeDegrees>
      47.43041659090486
    </LatitudeDegrees><LongitudeDegrees>
      -122.29021061359578
    </LongitudeDegrees>
    </Position><AltitudeMeters>
      117.05944853369147
    </AltitudeMeters><SensorState>
      Present
    </SensorState><Extensions>
      <TPX xmlns="http://www.garmin.com/xmlschemas/ActivityExtension/v2">
      <nax:Nax>
      <nax:Moments>
      <nax:Halt xsi:type="nax:Halt_t" action="auto_pause">
      
    </nax:Halt>
    </nax:Moments>
    </nax:Nax>
    </TPX>
    </Extensions>
    </Trackpoint>
<Trackpoint>
      <Time>
      2025-09-09T00:39:00.374Z
    </Time><SensorState>
      Present
    </SensorState><Extensions>
      <TPX xmlns="http://www.garmin.com/xmlschemas/ActivityExtension/v2">
      <nax:Nax>
      <nax:DescentInMeters>
      0.0660552978515625
    </nax:DescentInMeters><nax:Moments>
      <nax:Halt xsi:type="nax:Halt_t" action="auto_pause">
      
    </nax:Halt>
    </nax:Moments>
    </nax:Nax>
    </TPX>
    </Extensions>
    </Trackpoint>
<Trackpoint>
      <Time>
      2025-09-09T00:39:01.113Z
    </Time><DistanceMeters>
      5.297160406364128
    </DistanceMeters><SensorState>
      Present
    </SensorState><Extensions>
      <TPX xmlns="http://www.garmin.com/xmlschemas/ActivityExtension/v2">
      <ns3:Speed>
      2.637852308809144
    </ns3:Speed><nax:Nax>
      <nax:Pace>
      6.318271349388327
    </nax:Pace><nax:Moments>
      <nax:Halt xsi:type="nax:Halt_t" action="auto_pause">
      
    </nax:Halt>
    </nax:Moments>
    </nax:Nax>
    </TPX>
    </Extensions>
    </Trackpoint>
<Trackpoint>
      <Time>
      2025-09-09T00:39:01.114Z
    </Time><Cadence>
      155.54898262023926
    </Cadence><SensorState>
      Present
    </SensorState><Extensions>
      <TPX xmlns="http://www.garmin.com/xmlschemas/ActivityExtension/v2">
      <nax:Nax>
      <nax:Moments>
      <nax:Halt xsi:type="nax:Halt_t" action="auto_pause">
      
    </nax:Halt>
    </nax:Moments>
    </nax:Nax>
    </TPX>
    </Extensions>
    </Trackpoint>
<Trackpoint>
      <Time>
      2025-09-09T00:39:01.434Z
    </Time><SensorState>
      Present
    </SensorState><Extensions>
      <TPX xmlns="http://www.garmin.com/xmlschemas/ActivityExtension/v2">
      <nax:Nax>
      <nax:DescentInMeters>
      0.06341552734375
    </nax:DescentInMeters><nax:Moments>
      <nax:Halt xsi:type="nax:Halt_t" action="auto_pause">
      
    </nax:Halt>
    </nax:Moments>
    </nax:Nax>
    </TPX>
    </Extensions>
    </Trackpoint>
<Trackpoint>
      <Time>
      2025-09-09T00:39:02.494Z
    </Time><SensorState>
      Present
    </SensorState><Extensions>
      <TPX xmlns="http://www.garmin.com/xmlschemas/ActivityExtension/v2">
      <nax:Nax>
      <nax:DescentInMeters>
      0.076629638671875
    </nax:DescentInMeters><nax:Moments>
      <nax:Halt xsi:type="nax:Halt_t" action="auto_pause">
      
    </nax:Halt>
    </nax:Moments>
    </nax:Nax>
    </TPX>
    </Extensions>
    </Trackpoint>
<Trackpoint>
      <Time>
      2025-09-09T00:39:03.554Z
    </Time><SensorState>
      Present
    </SensorState><Extensions>
      <TPX xmlns="http://www.garmin.com/xmlschemas/ActivityExtension/v2">
      <nax:Nax>
      <nax:DescentInMeters>
      0.05812835693359375
    </nax:DescentInMeters><nax:Moments>
      <nax:Halt xsi:type="nax:Halt_t" action="auto_pause">
      
    </nax:Halt>
    </nax:Moments>
    </nax:Nax>
    </TPX>
    </Extensions>
    </Trackpoint>
<Trackpoint>
      <Time>
      2025-09-09T00:39:03.669Z
    </Time><SensorState>
      Present
    </SensorState><Extensions>
      <TPX xmlns="http://www.garmin.com/xmlschemas/ActivityExtension/v2">
      <ns3:Speed>
      2.6319495501760737
    </ns3:Speed><nax:Nax>
      <nax:Pace>
      6.332441541499794
    </nax:Pace><nax:Moments>
      <nax:Halt xsi:type="nax:Halt_t" action="auto_pause">
      
    </nax:Halt>
    </nax:Moments>
    </nax:Nax>
    </TPX>
    </Extensions>
    </Trackpoint>
<Trackpoint>
      <Time>
      2025-09-09T00:39:03.670Z
    </Time><DistanceMeters>
      8.206169387558475
    </DistanceMeters><Cadence>
      153.67177963256836
    </Cadence><SensorState>
      Present
    </SensorState><Extensions>
      <TPX xmlns="http://www.garmin.com/xmlschemas/ActivityExtension/v2">
      <nax:Nax>
      <nax:Moments>
      <nax:Halt xsi:type="nax:Halt_t" action="auto_pause">
      
    </nax:Halt>
    </nax:Moments>
    </nax:Nax>
    </TPX>
    </Extensions>
    </Trackpoint>
<Trackpoint>
      <Time>
      2025-09-09T00:39:03.999Z
    </Time><Position>
      <LatitudeDegrees>
      47.43032611414645
    </LatitudeDegrees><LongitudeDegrees>
      -122.29019121671124
    </LongitudeDegrees>
    </Position><AltitudeMeters>
      117.53618812467903
    </AltitudeMeters><SensorState>
      Present
    </SensorState><Extensions>
      <TPX xmlns="http://www.garmin.com/xmlschemas/ActivityExtension/v2">
      <nax:Nax>
      <nax:Moments>
      <nax:Halt xsi:type="nax:Halt_t" action="auto_pause">
      
    </nax:Halt>
    </nax:Moments>
    </nax:Nax>
    </TPX>
    </Extensions>
    </Trackpoint>
<Trackpoint>
      <Time>
      2025-09-09T00:39:04.613Z
    </Time><SensorState>
      Present
    </SensorState><Extensions>
      <TPX xmlns="http://www.garmin.com/xmlschemas/ActivityExtension/v2">
      <nax:Nax>
      <nax:DescentInMeters>
      0.10305023193359375
    </nax:DescentInMeters><nax:Moments>
      <nax:Halt xsi:type="nax:Halt_t" action="auto_pause">
      
    </nax:Halt>
    </nax:Moments>
    </nax:Nax>
    </TPX>
    </Extensions>
    </Trackpoint>
<Trackpoint>
      <Time>
      2025-09-09T00:39:05.674Z
    </Time><SensorState>
      Present
    </SensorState><Extensions>
      <TPX xmlns="http://www.garmin.com/xmlschemas/ActivityExtension/v2">
      <nax:Nax>
      <nax:DescentInMeters>
      0.08455657958984375
    </nax:DescentInMeters><nax:Moments>
      <nax:Halt xsi:type="nax:Halt_t" action="auto_pause">
      
    </nax:Halt>
    </nax:Moments>
    </nax:Nax>
    </TPX>
    </Extensions>
    </Trackpoint>
<Trackpoint>
      <Time>
      2025-09-09T00:39:06.224Z
    </Time><SensorState>
      Present
    </SensorState><Extensions>
      <TPX xmlns="http://www.garmin.com/xmlschemas/ActivityExtension/v2">
      <ns3:Speed>
      2.6260989510669366
    </ns3:Speed><nax:Nax>
      <nax:Pace>
      6.3465493788401615
    </nax:Pace><nax:Moments>
      <nax:Halt xsi:type="nax:Halt_t" action="auto_pause">
      
    </nax:Halt>
    </nax:Moments>
    </nax:Nax>
    </TPX>
    </Extensions>
    </Trackpoint>
<Trackpoint>
      <Time>
      2025-09-09T00:39:06.225Z
    </Time><DistanceMeters>
      5.780641215853393
    </DistanceMeters><Cadence>
      153.72881412506104
    </Cadence><SensorState>
      Present
    </SensorState><Extensions>
      <TPX xmlns="http://www.garmin.com/xmlschemas/ActivityExtension/v2">
      <nax:Nax>
      <nax:Moments>
      <nax:Halt xsi:type="nax:Halt_t" action="auto_pause">
      
    </nax:Halt>
    </nax:Moments>
    </nax:Nax>
    </TPX>
    </Extensions>
    </Trackpoint>
<Trackpoint>
      <Time>
      2025-09-09T00:39:06.734Z
    </Time><SensorState>
      Present
    </SensorState><Extensions>
      <TPX xmlns="http://www.garmin.com/xmlschemas/ActivityExtension/v2">
      <nax:Nax>
      <nax:DescentInMeters>
      0.0924835205078125
    </nax:DescentInMeters><nax:Moments>
      <nax:Halt xsi:type="nax:Halt_t" action="auto_pause">
      
    </nax:Halt>
    </nax:Moments>
    </nax:Nax>
    </TPX>
    </Extensions>
    </Trackpoint>
<Trackpoint>
      <Time>
      2025-09-09T00:39:07.794Z
    </Time><SensorState>
      Present
    </SensorState><Extensions>
      <TPX xmlns="http://www.garmin.com/xmlschemas/ActivityExtension/v2">
      <nax:Nax>
      <nax:DescentInMeters>
      0.0792694091796875
    </nax:DescentInMeters><nax:Moments>
      <nax:Halt xsi:type="nax:Halt_t" action="auto_pause">
      
    </nax:Halt>
    </nax:Moments>
    </nax:Nax>
    </TPX>
    </Extensions>
    </Trackpoint>
<Trackpoint>
      <Time>
      2025-09-09T00:39:08.000Z
    </Time><SensorState>
      Present
    </SensorState><Extensions>
      <TPX xmlns="http://www.garmin.com/xmlschemas/ActivityExtension/v2">
      <nax:Nax>
      <nax:NikeFuel>
      6.8316147035668155
    </nax:NikeFuel><nax:Moments>
      <nax:Halt xsi:type="nax:Halt_t" action="auto_pause">
      
    </nax:Halt>
    </nax:Moments>
    </nax:Nax>
    </TPX>
    </Extensions>
    </Trackpoint>
<Trackpoint>
      <Time>
      2025-09-09T00:39:08.780Z
    </Time><SensorState>
      Present
    </SensorState><Extensions>
      <TPX xmlns="http://www.garmin.com/xmlschemas/ActivityExtension/v2">
      <ns3:Speed>
      2.6214713958313514
    </ns3:Speed><nax:Nax>
      <nax:Pace>
      6.357752632040884
    </nax:Pace><nax:Moments>
      <nax:Halt xsi:type="nax:Halt_t" action="auto_pause">
      
    </nax:Halt>
    </nax:Moments>
    </nax:Nax>
    </TPX>
    </Extensions>
    </Trackpoint>
<Trackpoint>
      <Time>
      2025-09-09T00:39:08.781Z
    </Time><DistanceMeters>
      6.00653913943097
    </DistanceMeters><Cadence>
      154.59094047546387
    </Cadence><SensorState>
      Present
    </SensorState><Extensions>
      <TPX xmlns="http://www.garmin.com/xmlschemas/ActivityExtension/v2">
      <nax:Nax>
      <nax:Moments>
      <nax:Halt xsi:type="nax:Halt_t" action="auto_pause">
      
    </nax:Halt>
    </nax:Moments>
    </nax:Nax>
    </TPX>
    </Extensions>
    </Trackpoint>
<Trackpoint>
      <Time>
      2025-09-09T00:39:08.854Z
    </Time><SensorState>
      Present
    </SensorState><Extensions>
      <TPX xmlns="http://www.garmin.com/xmlschemas/ActivityExtension/v2">
      <nax:Nax>
      <nax:DescentInMeters>
      0.1109771728515625
    </nax:DescentInMeters><nax:Moments>
      <nax:Halt xsi:type="nax:Halt_t" action="auto_pause">
      
    </nax:Halt>
    </nax:Moments>
    </nax:Nax>
    </TPX>
    </Extensions>
    </Trackpoint>
<Trackpoint>
      <Time>
      2025-09-09T00:39:08.999Z
    </Time><Position>
      <LatitudeDegrees>
      47.4302333309141
    </LatitudeDegrees><LongitudeDegrees>
      -122.29018983026386
    </LongitudeDegrees>
    </Position><AltitudeMeters>
      116.80192885827273
    </AltitudeMeters><SensorState>
      Present
    </SensorState><Extensions>
      <TPX xmlns="http://www.garmin.com/xmlschemas/ActivityExtension/v2">
      <nax:Nax>
      <nax:Moments>
      <nax:Halt xsi:type="nax:Halt_t" action="auto_pause">
      
    </nax:Halt>
    </nax:Moments>
    </nax:Nax>
    </TPX>
    </Extensions>
    </Trackpoint>
<Trackpoint>
      <Time>
      2025-09-09T00:39:09.914Z
    </Time><SensorState>
      Present
    </SensorState><Extensions>
      <TPX xmlns="http://www.garmin.com/xmlschemas/ActivityExtension/v2">
      <nax:Nax>
      <nax:DescentInMeters>
      0.08719635009765625
    </nax:DescentInMeters><nax:Moments>
      <nax:Halt xsi:type="nax:Halt_t" action="auto_pause">
      
    </nax:Halt>
    </nax:Moments>
    </nax:Nax>
    </TPX>
    </Extensions>
    </Trackpoint>
<Trackpoint>
      <Time>
      2025-09-09T00:39:10.974Z
    </Time><SensorState>
      Present
    </SensorState><Extensions>
      <TPX xmlns="http://www.garmin.com/xmlschemas/ActivityExtension/v2">
      <nax:Nax>
      <nax:DescentInMeters>
      0.0977630615234375
    </nax:DescentInMeters><nax:Moments>
      <nax:Halt xsi:type="nax:Halt_t" action="auto_pause">
      
    </nax:Halt>
    </nax:Moments>
    </nax:Nax>
    </TPX>
    </Extensions>
    </Trackpoint>
<Trackpoint>
      <Time>
      2025-09-09T00:39:11.337Z
    </Time><DistanceMeters>
      6.165284500457346
    </DistanceMeters><SensorState>
      Present
    </SensorState><Extensions>
      <TPX xmlns="http://www.garmin.com/xmlschemas/ActivityExtension/v2">
      <ns3:Speed>
      2.6156553315500415
    </ns3:Speed><nax:Nax>
      <nax:Pace>
      6.371889470922751
    </nax:Pace><nax:Moments>
      <nax:Halt xsi:type="nax:Halt_t" action="auto_pause">
      
    </nax:Halt>
    </nax:Moments>
    </nax:Nax>
    </TPX>
    </Extensions>
    </Trackpoint>
<Trackpoint>
      <Time>
      2025-09-09T00:39:11.338Z
    </Time><Cadence>
      154.54195976257324
    </Cadence><SensorState>
      Present
    </SensorState><Extensions>
      <TPX xmlns="http://www.garmin.com/xmlschemas/ActivityExtension/v2">
      <nax:Nax>
      <nax:Moments>
      <nax:Halt xsi:type="nax:Halt_t" action="auto_pause">
      
    </nax:Halt>
    </nax:Moments>
    </nax:Nax>
    </TPX>
    </Extensions>
    </Trackpoint>
<Trackpoint>
      <Time>
      2025-09-09T00:39:12.034Z
    </Time><SensorState>
      Present
    </SensorState><Extensions>
      <TPX xmlns="http://www.garmin.com/xmlschemas/ActivityExtension/v2">
      <nax:Nax>
      <nax:DescentInMeters>
      0.10833740234375
    </nax:DescentInMeters><nax:Moments>
      <nax:Halt xsi:type="nax:Halt_t" action="auto_pause">
      
    </nax:Halt>
    </nax:Moments>
    </nax:Nax>
    </TPX>
    </Extensions>
    </Trackpoint>
<Trackpoint>
      <Time>
      2025-09-09T00:39:12.999Z
    </Time><Position>
      <LatitudeDegrees>
      47.43012917422327
    </LatitudeDegrees><LongitudeDegrees>
      -122.29019742453713
    </LongitudeDegrees>
    </Position><AltitudeMeters>
      116.339669986628
    </AltitudeMeters><SensorState>
      Present
    </SensorState><Extensions>
      <TPX xmlns="http://www.garmin.com/xmlschemas/ActivityExtension/v2">
      <nax:Nax>
      <nax:Moments>
      <nax:Halt xsi:type="nax:Halt_t" action="auto_pause">
      
    </nax:Halt>
    </nax:Moments>
    </nax:Nax>
    </TPX>
    </Extensions>
    </Trackpoint>
<Trackpoint>
      <Time>
      2025-09-09T00:39:13.093Z
    </Time><SensorState>
      Present
    </SensorState><Extensions>
      <TPX xmlns="http://www.garmin.com/xmlschemas/ActivityExtension/v2">
      <nax:Nax>
      <nax:DescentInMeters>
      0.10041046142578125
    </nax:DescentInMeters><nax:Moments>
      <nax:Halt xsi:type="nax:Halt_t" action="auto_pause">
      
    </nax:Halt>
    </nax:Moments>
    </nax:Nax>
    </TPX>
    </Extensions>
    </Trackpoint>
<Trackpoint>
      <Time>
      2025-09-09T00:39:13.892Z
    </Time><SensorState>
      Present
    </SensorState><Extensions>
      <TPX xmlns="http://www.garmin.com/xmlschemas/ActivityExtension/v2">
      <ns3:Speed>
      2.61120367083366
    </ns3:Speed><nax:Nax>
      <nax:Pace>
      6.382752465013815
    </nax:Pace><nax:Moments>
      <nax:Halt xsi:type="nax:Halt_t" action="auto_pause">
      
    </nax:Halt>
    </nax:Moments>
    </nax:Nax>
    </TPX>
    </Extensions>
    </Trackpoint>
<Trackpoint>
      <Time>
      2025-09-09T00:39:13.893Z
    </Time><DistanceMeters>
      7.243755389470607
    </DistanceMeters><Cadence>
      154.31602478027344
    </Cadence><SensorState>
      Present
    </SensorState><Extensions>
      <TPX xmlns="http://www.garmin.com/xmlschemas/ActivityExtension/v2">
      <nax:Nax>
      <nax:Moments>
      <nax:Halt xsi:type="nax:Halt_t" action="auto_pause">
      
    </nax:Halt>
    </nax:Moments>
    </nax:Nax>
    </TPX>
    </Extensions>
    </Trackpoint>
<Trackpoint>
      <Time>
      2025-09-09T00:39:14.154Z
    </Time><SensorState>
      Present
    </SensorState><Extensions>
      <TPX xmlns="http://www.garmin.com/xmlschemas/ActivityExtension/v2">
      <nax:Nax>
      <nax:DescentInMeters>
      0.095123291015625
    </nax:DescentInMeters><nax:Moments>
      <nax:Halt xsi:type="nax:Halt_t" action="auto_pause">
      
    </nax:Halt>
    </nax:Moments>
    </nax:Nax>
    </TPX>
    </Extensions>
    </Trackpoint>
<Trackpoint>
      <Time>
      2025-09-09T00:39:15.214Z
    </Time><SensorState>
      Present
    </SensorState><Extensions>
      <TPX xmlns="http://www.garmin.com/xmlschemas/ActivityExtension/v2">
      <nax:Nax>
      <nax:DescentInMeters>
      0.0819091796875
    </nax:DescentInMeters><nax:Moments>
      <nax:Halt xsi:type="nax:Halt_t" action="auto_pause">
      
    </nax:Halt>
    </nax:Moments>
    </nax:Nax>
    </TPX>
    </Extensions>
    </Trackpoint>
<Trackpoint>
      <Time>
      2025-09-09T00:39:16.274Z
    </Time><SensorState>
      Present
    </SensorState><Extensions>
      <TPX xmlns="http://www.garmin.com/xmlschemas/ActivityExtension/v2">
      <nax:Nax>
      <nax:DescentInMeters>
      0.07398223876953125
    </nax:DescentInMeters><nax:Moments>
      <nax:Halt xsi:type="nax:Halt_t" action="auto_pause">
      
    </nax:Halt>
    </nax:Moments>
    </nax:Nax>
    </TPX>
    </Extensions>
    </Trackpoint>
<Trackpoint>
      <Time>
      2025-09-09T00:39:16.448Z
    </Time><SensorState>
      Present
    </SensorState><Extensions>
      <TPX xmlns="http://www.garmin.com/xmlschemas/ActivityExtension/v2">
      <ns3:Speed>
      2.607427437488712
    </ns3:Speed><nax:Nax>
      <nax:Pace>
      6.391996351284395
    </nax:Pace><nax:Moments>
      <nax:Halt xsi:type="nax:Halt_t" action="auto_pause">
      
    </nax:Halt>
    </nax:Moments>
    </nax:Nax>
    </TPX>
    </Extensions>
    </Trackpoint>
<Trackpoint>
      <Time>
      2025-09-09T00:39:16.449Z
    </Time><DistanceMeters>
      6.087966208113357
    </DistanceMeters><Cadence>
      154.67732906341553
    </Cadence><SensorState>
      Present
    </SensorState><Extensions>
      <TPX xmlns="http://www.garmin.com/xmlschemas/ActivityExtension/v2">
      <nax:Nax>
      <nax:Moments>
      <nax:Halt xsi:type="nax:Halt_t" action="auto_pause">
      
    </nax:Halt>
    </nax:Moments>
    </nax:Nax>
    </TPX>
    </Extensions>
    </Trackpoint>
<Trackpoint>
      <Time>
      2025-09-09T00:39:17.334Z
    </Time><SensorState>
      Present
    </SensorState><Extensions>
      <TPX xmlns="http://www.garmin.com/xmlschemas/ActivityExtension/v2">
      <nax:Nax>
      <nax:DescentInMeters>
      0.10041046142578125
    </nax:DescentInMeters><nax:Moments>
      <nax:Halt xsi:type="nax:Halt_t" action="auto_pause">
      
    </nax:Halt>
    </nax:Moments>
    </nax:Nax>
    </TPX>
    </Extensions>
    </Trackpoint>
<Trackpoint>
      <Time>
      2025-09-09T00:39:17.999Z
    </Time><Position>
      <LatitudeDegrees>
      47.430021329341635
    </LatitudeDegrees><LongitudeDegrees>
      -122.29019877289083
    </LongitudeDegrees>
    </Position><AltitudeMeters>
      115.60985492356122
    </AltitudeMeters><SensorState>
      Present
    </SensorState><Extensions>
      <TPX xmlns="http://www.garmin.com/xmlschemas/ActivityExtension/v2">
      <nax:Nax>
      <nax:Moments>
      <nax:Halt xsi:type="nax:Halt_t" action="auto_pause">
      
    </nax:Halt>
    </nax:Moments>
    </nax:Nax>
    </TPX>
    </Extensions>
    </Trackpoint>
<Trackpoint>
      <Time>
      2025-09-09T00:39:18.000Z
    </Time><SensorState>
      Present
    </SensorState><Extensions>
      <TPX xmlns="http://www.garmin.com/xmlschemas/ActivityExtension/v2">
      <nax:Nax>
      <nax:NikeFuel>
      6.794160665790278
    </nax:NikeFuel><nax:Moments>
      <nax:Halt xsi:type="nax:Halt_t" action="auto_pause">
      
    </nax:Halt>
    </nax:Moments>
    </nax:Nax>
    </TPX>
    </Extensions>
    </Trackpoint>
<Trackpoint>
      <Time>
      2025-09-09T00:39:18.394Z
    </Time><SensorState>
      Present
    </SensorState><Extensions>
      <TPX xmlns="http://www.garmin.com/xmlschemas/ActivityExtension/v2">
      <nax:Nax>
      <nax:DescentInMeters>
      0.10833740234375
    </nax:DescentInMeters><nax:Moments>
      <nax:Halt xsi:type="nax:Halt_t" action="auto_pause">
      
    </nax:Halt>
    </nax:Moments>
    </nax:Nax>
    </TPX>
    </Extensions>
    </Trackpoint>
<Trackpoint>
      <Time>
      2025-09-09T00:39:19.004Z
    </Time><SensorState>
      Present
    </SensorState><Extensions>
      <TPX xmlns="http://www.garmin.com/xmlschemas/ActivityExtension/v2">
      <ns3:Speed>
      2.600888283808717
    </ns3:Speed><nax:Nax>
      <nax:Pace>
      6.408067109387779
    </nax:Pace><nax:Moments>
      <nax:Halt xsi:type="nax:Halt_t" action="auto_pause">
      
    </nax:Halt>
    </nax:Moments>
    </nax:Nax>
    </TPX>
    </Extensions>
    </Trackpoint>
<Trackpoint>
      <Time>
      2025-09-09T00:39:19.005Z
    </Time><DistanceMeters>
      6.352771222824231
    </DistanceMeters><Cadence>
      154.2846965789795
    </Cadence><SensorState>
      Present
    </SensorState><Extensions>
      <TPX xmlns="http://www.garmin.com/xmlschemas/ActivityExtension/v2">
      <nax:Nax>
      <nax:Moments>
      <nax:Halt xsi:type="nax:Halt_t" action="auto_pause">
      
    </nax:Halt>
    </nax:Moments>
    </nax:Nax>
    </TPX>
    </Extensions>
    </Trackpoint>
<Trackpoint>
      <Time>
      2025-09-09T00:39:19.454Z
    </Time><SensorState>
      Present
    </SensorState><Extensions>
      <TPX xmlns="http://www.garmin.com/xmlschemas/ActivityExtension/v2">
      <nax:Nax>
      <nax:DescentInMeters>
      0.12154388427734375
    </nax:DescentInMeters><nax:Moments>
      <nax:Halt xsi:type="nax:Halt_t" action="auto_pause">
      
    </nax:Halt>
    </nax:Moments>
    </nax:Nax>
    </TPX>
    </Extensions>
    </Trackpoint>
<Trackpoint>
      <Time>
      2025-09-09T00:39:20.514Z
    </Time><SensorState>
      Present
    </SensorState><Extensions>
      <TPX xmlns="http://www.garmin.com/xmlschemas/ActivityExtension/v2">
      <nax:Nax>
      <nax:DescentInMeters>
      0.15061187744140625
    </nax:DescentInMeters><nax:Moments>
      <nax:Halt xsi:type="nax:Halt_t" action="auto_pause">
      
    </nax:Halt>
    </nax:Moments>
    </nax:Nax>
    </TPX>
    </Extensions>
    </Trackpoint>
<Trackpoint>
      <Time>
      2025-09-09T00:39:20.999Z
    </Time><Position>
      <LatitudeDegrees>
      47.42992413564277
    </LatitudeDegrees><LongitudeDegrees>
      -122.29019251861745
    </LongitudeDegrees>
    </Position><AltitudeMeters>
      114.76157478243113
    </AltitudeMeters><SensorState>
      Present
    </SensorState><Extensions>
      <TPX xmlns="http://www.garmin.com/xmlschemas/ActivityExtension/v2">
      <nax:Nax>
      <nax:Moments>
      <nax:Halt xsi:type="nax:Halt_t" action="auto_pause">
      
    </nax:Halt>
    </nax:Moments>
    </nax:Nax>
    </TPX>
    </Extensions>
    </Trackpoint>
<Trackpoint>
      <Time>
      2025-09-09T00:39:21.559Z
    </Time><SensorState>
      Present
    </SensorState><Extensions>
      <TPX xmlns="http://www.garmin.com/xmlschemas/ActivityExtension/v2">
      <ns3:Speed>
      2.5983734949983854
    </ns3:Speed><nax:Nax>
      <nax:Pace>
      6.414269041286162
    </nax:Pace><nax:Moments>
      <nax:Halt xsi:type="nax:Halt_t" action="auto_pause">
      
    </nax:Halt>
    </nax:Moments>
    </nax:Nax>
    </TPX>
    </Extensions>
    </Trackpoint>
<Trackpoint>
      <Time>
      2025-09-09T00:39:21.560Z
    </Time><DistanceMeters>
      9.642779917223379
    </DistanceMeters><Cadence>
      154.36118602752686
    </Cadence><SensorState>
      Present
    </SensorState><Extensions>
      <TPX xmlns="http://www.garmin.com/xmlschemas/ActivityExtension/v2">
      <nax:Nax>
      <nax:Moments>
      <nax:Halt xsi:type="nax:Halt_t" action="auto_pause">
      
    </nax:Halt>
    </nax:Moments>
    </nax:Nax>
    </TPX>
    </Extensions>
    </Trackpoint>
<Trackpoint>
      <Time>
      2025-09-09T00:39:21.574Z
    </Time><SensorState>
      Present
    </SensorState><Extensions>
      <TPX xmlns="http://www.garmin.com/xmlschemas/ActivityExtension/v2">
      <nax:Nax>
      <nax:DescentInMeters>
      0.1426849365234375
    </nax:DescentInMeters><nax:Moments>
      <nax:Halt xsi:type="nax:Halt_t" action="auto_pause">
      
    </nax:Halt>
    </nax:Moments>
    </nax:Nax>
    </TPX>
    </Extensions>
    </Trackpoint>
<Trackpoint>
      <Time>
      2025-09-09T00:39:22.633Z
    </Time><SensorState>
      Present
    </SensorState><Extensions>
      <TPX xmlns="http://www.garmin.com/xmlschemas/ActivityExtension/v2">
      <nax:Nax>
      <nax:DescentInMeters>
      0.1268310546875
    </nax:DescentInMeters><nax:Moments>
      <nax:Halt xsi:type="nax:Halt_t" action="auto_pause">
      
    </nax:Halt>
    </nax:Moments>
    </nax:Nax>
    </TPX>
    </Extensions>
    </Trackpoint>
<Trackpoint>
      <Time>
      2025-09-09T00:39:23.694Z
    </Time><SensorState>
      Present
    </SensorState><Extensions>
      <TPX xmlns="http://www.garmin.com/xmlschemas/ActivityExtension/v2">
      <nax:Nax>
      <nax:DescentInMeters>
      0.13475799560546875
    </nax:DescentInMeters><nax:Moments>
      <nax:Halt xsi:type="nax:Halt_t" action="auto_pause">
      
    </nax:Halt>
    </nax:Moments>
    </nax:Nax>
    </TPX>
    </Extensions>
    </Trackpoint>
<Trackpoint>
      <Time>
      2025-09-09T00:39:24.115Z
    </Time><SensorState>
      Present
    </SensorState><Extensions>
      <TPX xmlns="http://www.garmin.com/xmlschemas/ActivityExtension/v2">
      <ns3:Speed>
      2.5963740606383703
    </ns3:Speed><nax:Nax>
      <nax:Pace>
      6.419208587598058
    </nax:Pace><nax:Moments>
      <nax:Halt xsi:type="nax:Halt_t" action="auto_pause">
      
    </nax:Halt>
    </nax:Moments>
    </nax:Nax>
    </TPX>
    </Extensions>
    </Trackpoint>
<Trackpoint>
      <Time>
      2025-09-09T00:39:24.999Z
    </Time><Position>
      <LatitudeDegrees>
      47.429832872705475
    </LatitudeDegrees><LongitudeDegrees>
      -122.29022212926755
    </LongitudeDegrees>
    </Position><AltitudeMeters>
      115.27238767314702
    </AltitudeMeters><SensorState>
      Present
    </SensorState><Extensions>
      <TPX xmlns="http://www.garmin.com/xmlschemas/ActivityExtension/v2">
      <nax:Nax>
      <nax:Moments>
      <nax:Halt xsi:type="nax:Halt_t" action="auto_pause">
      
    </nax:Halt>
    </nax:Moments>
    </nax:Nax>
    </TPX>
    </Extensions>
    </Trackpoint>
    </Track><Notes>
      Mean Pace: 6.509495564411267 MKM
    </Notes>
    </Lap><Extensions>
      <nax:NAX>
      <nax:ActivityType>
      Running
    </nax:ActivityType><nax:Tags>
      <nax:Tag>
      <nax:Key>
      com.nike.name
    </nax:Key><nax:Value>
      Monday Evening Run
    </nax:Value><nax:Key>
      com.nike.running.goaltype
    </nax:Key><nax:Value>
      freeRun
    </nax:Value><nax:Key>
      com.nike.running.originalactivityid
    </nax:Key><nax:Value>
      4E6D2AF5-5E9E-486F-9CB4-CAA1B61024F4
    </nax:Value><nax:Key>
      com.nike.running.recordingappversion
    </nax:Key><nax:Value>
      7.67.0
    </nax:Value><nax:Key>
      com.nike.running.recordingsource
    </nax:Key><nax:Value>
      phone
    </nax:Value><nax:Key>
      com.nike.running.syncappversion
    </nax:Key><nax:Value>
      7.67.0
    </nax:Value><nax:Key>
      com.nike.running.syncsource
    </nax:Key><nax:Value>
      phone
    </nax:Value><nax:Key>
      com.nike.temperature
    </nax:Key><nax:Value>
      23.01
    </nax:Value><nax:Key>
      com.nike.weather
    </nax:Key><nax:Value>
      partly-cloudy-day
    </nax:Value><nax:Key>
      com.nike.weathersource
    </nax:Key><nax:Value>
      appleWeatherKit
    </nax:Value><nax:Key>
      location
    </nax:Key><nax:Value>
      outdoors
    </nax:Value>
    </nax:Tag>
    </nax:Tags>
    </nax:NAX>
    </Extensions>
    </Activity>
    </Activities>
    </TrainingCenterDatabase>