<?xml version="1.0" encoding="utf-8"?>
<TrainingCenterDatabase xmlns="http://www.garmin.com/xmlschemas/TrainingCenterDatabase/v2" xmlns:ns3="http://www.garmin.com/xmlschemas/ActivityExtension/v2" xsi:schemaLocation="http://www.garmin.com/xmlschemas/TrainingCenterDatabase/v2 http://www.garmin.com/xmlschemas/TrainingCenterDatabasev2.xsd" xmlns:nax="https://www.nike.com/xmlschemas/NikeActivityExtension/v1" xmlns:xsi="http://www.w3.org/2001/XMLSchema-instance" xmlns:ns5="http://www.garmin.com/xmlschemas/ActivityGoals/v1" xmlns:ns2="http://www.garmin.com/xmlschemas/UserProfile/v2">
      <Activities>
      <Activity Sport="Running">
      <Id>
      2025-09-06T16:01:21.472Z
    </Id><Lap StartTime="2025-09-06T16:01:21.472Z">
      <TotalTimeSeconds>
      1197.629
    </TotalTimeSeconds><DistanceMeters>
      3083.2973265850437
    </DistanceMeters><MaximumSpeed>
      3.127771621886027
    </MaximumSpeed><Calories>
      124
    </Calories><Intensity>
      Active
    </Intensity><Cadence>
      157
    </Cadence><TriggerMethod>
      Manual
    </TriggerMethod><Track>
      <Trackpoint>
      <Time>
      2025-09-06T16:01:21.472Z
    </Time><DistanceMeters>
      5.18918608315289
    </DistanceMeters><SensorState>
      Present
    </SensorState><Extensions>
      <TPX xmlns="http://www.garmin.com/xmlschemas/ActivityExtension/v2">
      <nax:Nax>
      <nax:NikeFuel>
      0
    </nax:NikeFuel><nax:DescentInMeters>
      0.031707763671875
    </nax:DescentInMeters>
    </nax:Nax>
    </TPX>
    </Extensions>
    </Trackpoint>
<Trackpoint>
      <Time>
      2025-09-06T16:01:24.869Z
    </Time><Cadence>
      0
    </Cadence><SensorState>
      Present
    </SensorState>
    </Trackpoint>
<Trackpoint>
      <Time>
      2025-09-06T16:01:27.353Z
    </Time><SensorState>
      Present
    </SensorState><Extensions>
      <TPX xmlns="http://www.garmin.com/xmlschemas/ActivityExtension/v2">
      <nax:Nax>
      <nax:DescentInMeters>
      0.01849365234375
    </nax:DescentInMeters>
    </nax:Nax>
    </TPX>
    </Extensions>
    </Trackpoint>
<Trackpoint>
      <Time>
      2025-09-06T16:01:28.413Z
    </Time><SensorState>
      Present
    </SensorState><Extensions>
      <TPX xmlns="http://www.garmin.com/xmlschemas/ActivityExtension/v2">
      <nax:Nax>
      <nax:DescentInMeters>
      0.0343475341796875
    </nax:DescentInMeters>
    </nax:Nax>
    </TPX>
    </Extensions>
    </Trackpoint>
<Trackpoint>
      <Time>
      2025-09-06T16:01:30.533Z
    </Time><SensorState>
      Present
    </SensorState><Extensions>
      <TPX xmlns="http://www.garmin.com/xmlschemas/ActivityExtension/v2">
      <nax:Nax>
      <nax:DescentInMeters>
      0.0475616455078125
    </nax:DescentInMeters>
    </nax:Nax>
    </TPX>
    </Extensions>
    </Trackpoint>
<Trackpoint>
      <Time>
      2025-09-06T16:01:30.668Z
    </Time><SensorState>
      Present
    </SensorState><Extensions>
      <TPX xmlns="http://www.garmin.com/xmlschemas/ActivityExtension/v2">
      <ns3:Speed>
      0
    </ns3:Speed>
    </TPX>
    </Extensions>
    </Trackpoint>
<Trackpoint>
      <Time>
      2025-09-06T16:01:30.669Z
    </Time><DistanceMeters>
      4.844297561794519
    </DistanceMeters><Cadence>
      0
    </Cadence><SensorState>
      Present
    </SensorState>
    </Trackpoint>
<Trackpoint>
      <Time>
      2025-09-06T16:01:31.000Z
    </Time><SensorState>
      Present
    </SensorState><Extensions>
      <TPX xmlns="http://www.garmin.com/xmlschemas/ActivityExtension/v2">
      <nax:Nax>
      <nax:NikeFuel>
      1.7501341381478053
    </nax:NikeFuel>
    </nax:Nax>
    </TPX>
    </Extensions>
    </Trackpoint>
<Trackpoint>
      <Time>
      2025-09-06T16:01:31.593Z
    </Time><SensorState>
      Present
    </SensorState><Extensions>
      <TPX xmlns="http://www.garmin.com/xmlschemas/ActivityExtension/v2">
      <nax:Nax>
      <nax:DescentInMeters>
      0.02378082275390625
    </nax:DescentInMeters>
    </nax:Nax>
    </TPX>
    </Extensions>
    </Trackpoint>
<Trackpoint>
      <Time>
      2025-09-06T16:01:31.594Z
    </Time><SensorState>
      Present
    </SensorState><Extensions>
      <TPX xmlns="http://www.garmin.com/xmlschemas/ActivityExtension/v2">
      <nax:Nax>
      <nax:AscentInMeters>
      0.068695068359375
    </nax:AscentInMeters>
    </nax:Nax>
    </TPX>
    </Extensions>
    </Trackpoint>
<Trackpoint>
      <Time>
      2025-09-06T16:01:33.223Z
    </Time><SensorState>
      Present
    </SensorState><Extensions>
      <TPX xmlns="http://www.garmin.com/xmlschemas/ActivityExtension/v2">
      <ns3:Speed>
      0
    </ns3:Speed>
    </TPX>
    </Extensions>
    </Trackpoint>
<Trackpoint>
      <Time>
      2025-09-06T16:01:33.224Z
    </Time><DistanceMeters>
      7.494202044326812
    </DistanceMeters><Cadence>
      0
    </Cadence><SensorState>
      Present
    </SensorState>
    </Trackpoint>
<Trackpoint>
      <Time>
      2025-09-06T16:01:35.000Z
    </Time><Position>
      <LatitudeDegrees>
      47.611632654563664
    </LatitudeDegrees><LongitudeDegrees>
      -122.28946248701351
    </LongitudeDegrees>
    </Position><AltitudeMeters>
      100.86105493921787
    </AltitudeMeters><SensorState>
      Present
    </SensorState>
    </Trackpoint>
<Trackpoint>
      <Time>
      2025-09-06T16:01:35.779Z
    </Time><SensorState>
      Present
    </SensorState><Extensions>
      <TPX xmlns="http://www.garmin.com/xmlschemas/ActivityExtension/v2">
      <ns3:Speed>
      0
    </ns3:Speed>
    </TPX>
    </Extensions>
    </Trackpoint>
<Trackpoint>
      <Time>
      2025-09-06T16:01:35.780Z
    </Time><DistanceMeters>
      8.365914810448885
    </DistanceMeters><Cadence>
      0
    </Cadence><SensorState>
      Present
    </SensorState>
    </Trackpoint>
<Trackpoint>
      <Time>
      2025-09-06T16:01:35.834Z
    </Time><SensorState>
      Present
    </SensorState><Extensions>
      <TPX xmlns="http://www.garmin.com/xmlschemas/ActivityExtension/v2">
      <nax:Nax>
      <nax:AscentInMeters>
      0.1268310546875
    </nax:AscentInMeters>
    </nax:Nax>
    </TPX>
    </Extensions>
    </Trackpoint>
<Trackpoint>
      <Time>
      2025-09-06T16:01:36.895Z
    </Time><SensorState>
      Present
    </SensorState><Extensions>
      <TPX xmlns="http://www.garmin.com/xmlschemas/ActivityExtension/v2">
      <nax:Nax>
      <nax:AscentInMeters>
      0.17967987060546875
    </nax:AscentInMeters>
    </nax:Nax>
    </TPX>
    </Extensions>
    </Trackpoint>
<Trackpoint>
      <Time>
      2025-09-06T16:01:37.955Z
    </Time><SensorState>
      Present
    </SensorState><Extensions>
      <TPX xmlns="http://www.garmin.com/xmlschemas/ActivityExtension/v2">
      <nax:Nax>
      <nax:AscentInMeters>
      0.1294708251953125
    </nax:AscentInMeters>
    </nax:Nax>
    </TPX>
    </Extensions>
    </Trackpoint>
<Trackpoint>
      <Time>
      2025-09-06T16:01:38.000Z
    </Time><Position>
      <LatitudeDegrees>
      47.61153190462905
    </LatitudeDegrees><LongitudeDegrees>
      -122.28945735317477
    </LongitudeDegrees>
    </Position><AltitudeMeters>
      100.23787442408502
    </AltitudeMeters><SensorState>
      Present
    </SensorState>
    </Trackpoint>
<Trackpoint>
      <Time>
      2025-09-06T16:01:38.335Z
    </Time><SensorState>
      Present
    </SensorState><Extensions>
      <TPX xmlns="http://www.garmin.com/xmlschemas/ActivityExtension/v2">
      <ns3:Speed>
      0
    </ns3:Speed>
    </TPX>
    </Extensions>
    </Trackpoint>
<Trackpoint>
      <Time>
      2025-09-06T16:01:38.336Z
    </Time><DistanceMeters>
      9.122203716542572
    </DistanceMeters><Cadence>
      159.35407161712646
    </Cadence><SensorState>
      Present
    </SensorState>
    </Trackpoint>
<Trackpoint>
      <Time>
      2025-09-06T16:01:39.014Z
    </Time><SensorState>
      Present
    </SensorState><Extensions>
      <TPX xmlns="http://www.garmin.com/xmlschemas/ActivityExtension/v2">
      <nax:Nax>
      <nax:AscentInMeters>
      0.1109771728515625
    </nax:AscentInMeters>
    </nax:Nax>
    </TPX>
    </Extensions>
    </Trackpoint>
<Trackpoint>
      <Time>
      2025-09-06T16:01:40.074Z
    </Time><SensorState>
      Present
    </SensorState><Extensions>
      <TPX xmlns="http://www.garmin.com/xmlschemas/ActivityExtension/v2">
      <nax:Nax>
      <nax:AscentInMeters>
      0.0792694091796875
    </nax:AscentInMeters>
    </nax:Nax>
    </TPX>
    </Extensions>
    </Trackpoint>
<Trackpoint>
      <Time>
      2025-09-06T16:01:40.891Z
    </Time><SensorState>
      Present
    </SensorState><Extensions>
      <TPX xmlns="http://www.garmin.com/xmlschemas/ActivityExtension/v2">
      <ns3:Speed>
      3.127771621886027
    </ns3:Speed><nax:Nax>
      <nax:Pace>
      5.328607290265255
    </nax:Pace>
    </nax:Nax>
    </TPX>
    </Extensions>
    </Trackpoint>
<Trackpoint>
      <Time>
      2025-09-06T16:01:40.892Z
    </Time><DistanceMeters>
      7.780260629951954
    </DistanceMeters><Cadence>
      158.7535572052002
    </Cadence><SensorState>
      Present
    </SensorState>
    </Trackpoint>
<Trackpoint>
      <Time>
      2025-09-06T16:01:41.000Z
    </Time><SensorState>
      Present
    </SensorState><Extensions>
      <TPX xmlns="http://www.garmin.com/xmlschemas/ActivityExtension/v2">
      <nax:Nax>
      <nax:NikeFuel>
      7.780201286180912
    </nax:NikeFuel>
    </nax:Nax>
    </TPX>
    </Extensions>
    </Trackpoint>
<Trackpoint>
      <Time>
      2025-09-06T16:01:41.135Z
    </Time><SensorState>
      Present
    </SensorState><Extensions>
      <TPX xmlns="http://www.garmin.com/xmlschemas/ActivityExtension/v2">
      <nax:Nax>
      <nax:AscentInMeters>
      0.08984375
    </nax:AscentInMeters>
    </nax:Nax>
    </TPX>
    </Extensions>
    </Trackpoint>
<Trackpoint>
      <Time>
      2025-09-06T16:01:42.000Z
    </Time><Position>
      <LatitudeDegrees>
      47.61142479738108
    </LatitudeDegrees><LongitudeDegrees>
      -122.2894752269276
    </LongitudeDegrees>
    </Position><AltitudeMeters>
      101.90447353571653
    </AltitudeMeters><SensorState>
      Present
    </SensorState>
    </Trackpoint>
<Trackpoint>
      <Time>
      2025-09-06T16:01:42.195Z
    </Time><SensorState>
      Present
    </SensorState><Extensions>
      <TPX xmlns="http://www.garmin.com/xmlschemas/ActivityExtension/v2">
      <nax:Nax>
      <nax:AscentInMeters>
      0.068695068359375
    </nax:AscentInMeters>
    </nax:Nax>
    </TPX>
    </Extensions>
    </Trackpoint>
<Trackpoint>
      <Time>
      2025-09-06T16:01:43.256Z
    </Time><SensorState>
      Present
    </SensorState><Extensions>
      <TPX xmlns="http://www.garmin.com/xmlschemas/ActivityExtension/v2">
      <nax:Nax>
      <nax:AscentInMeters>
      0.08984375
    </nax:AscentInMeters>
    </nax:Nax>
    </TPX>
    </Extensions>
    </Trackpoint>
<Trackpoint>
      <Time>
      2025-09-06T16:01:43.447Z
    </Time><SensorState>
      Present
    </SensorState><Extensions>
      <TPX xmlns="http://www.garmin.com/xmlschemas/ActivityExtension/v2">
      <ns3:Speed>
      2.9941413199187514
    </ns3:Speed><nax:Nax>
      <nax:Pace>
      5.56642619230776
    </nax:Pace>
    </nax:Nax>
    </TPX>
    </Extensions>
    </Trackpoint>
<Trackpoint>
      <Time>
      2025-09-06T16:01:43.448Z
    </Time><DistanceMeters>
      6.649242416489869
    </DistanceMeters><Cadence>
      161.3933515548706
    </Cadence><SensorState>
      Present
    </SensorState>
    </Trackpoint>
<Trackpoint>
      <Time>
      2025-09-06T16:01:44.316Z
    </Time><SensorState>
      Present
    </SensorState><Extensions>
      <TPX xmlns="http://www.garmin.com/xmlschemas/ActivityExtension/v2">
      <nax:Nax>
      <nax:AscentInMeters>
      0.095123291015625
    </nax:AscentInMeters>
    </nax:Nax>
    </TPX>
    </Extensions>
    </Trackpoint>
<Trackpoint>
      <Time>
      2025-09-06T16:01:45.376Z
    </Time><SensorState>
      Present
    </SensorState><Extensions>
      <TPX xmlns="http://www.garmin.com/xmlschemas/ActivityExtension/v2">
      <nax:Nax>
      <nax:AscentInMeters>
      0.11890411376953125
    </nax:AscentInMeters>
    </nax:Nax>
    </TPX>
    </Extensions>
    </Trackpoint>
<Trackpoint>
      <Time>
      2025-09-06T16:01:46.000Z
    </Time><Position>
      <LatitudeDegrees>
      47.6113342597064
    </LatitudeDegrees><LongitudeDegrees>
      -122.28947162024969
    </LongitudeDegrees>
    </Position><AltitudeMeters>
      101.72451584879309
    </AltitudeMeters><SensorState>
      Present
    </SensorState>
    </Trackpoint>
<Trackpoint>
      <Time>
      2025-09-06T16:01:46.002Z
    </Time><SensorState>
      Present
    </SensorState><Extensions>
      <TPX xmlns="http://www.garmin.com/xmlschemas/ActivityExtension/v2">
      <ns3:Speed>
      3.0142059599087343
    </ns3:Speed><nax:Nax>
      <nax:Pace>
      5.529372208915448
    </nax:Pace>
    </nax:Nax>
    </TPX>
    </Extensions>
    </Trackpoint>
<Trackpoint>
      <Time>
      2025-09-06T16:01:46.003Z
    </Time><DistanceMeters>
      6.348476937506348
    </DistanceMeters><Cadence>
      163.06217193603516
    </Cadence><SensorState>
      Present
    </SensorState>
    </Trackpoint>
<Trackpoint>
      <Time>
      2025-09-06T16:01:46.435Z
    </Time><SensorState>
      Present
    </SensorState><Extensions>
      <TPX xmlns="http://www.garmin.com/xmlschemas/ActivityExtension/v2">
      <nax:Nax>
      <nax:AscentInMeters>
      0.0977630615234375
    </nax:AscentInMeters>
    </nax:Nax>
    </TPX>
    </Extensions>
    </Trackpoint>
<Trackpoint>
      <Time>
      2025-09-06T16:01:47.495Z
    </Time><SensorState>
      Present
    </SensorState><Extensions>
      <TPX xmlns="http://www.garmin.com/xmlschemas/ActivityExtension/v2">
      <nax:Nax>
      <nax:AscentInMeters>
      0.1109771728515625
    </nax:AscentInMeters>
    </nax:Nax>
    </TPX>
    </Extensions>
    </Trackpoint>
<Trackpoint>
      <Time>
      2025-09-06T16:01:48.556Z
    </Time><SensorState>
      Present
    </SensorState><Extensions>
      <TPX xmlns="http://www.garmin.com/xmlschemas/ActivityExtension/v2">
      <nax:Nax>
      <nax:AscentInMeters>
      0.10833740234375
    </nax:AscentInMeters>
    </nax:Nax>
    </TPX>
    </Extensions>
    </Trackpoint>
<Trackpoint>
      <Time>
      2025-09-06T16:01:48.558Z
    </Time><SensorState>
      Present
    </SensorState><Extensions>
      <TPX xmlns="http://www.garmin.com/xmlschemas/ActivityExtension/v2">
      <ns3:Speed>
      3.003121630383255
    </ns3:Speed><nax:Nax>
      <nax:Pace>
      5.549780767467511
    </nax:Pace>
    </nax:Nax>
    </TPX>
    </Extensions>
    </Trackpoint>
<Trackpoint>
      <Time>
      2025-09-06T16:01:48.559Z
    </Time><DistanceMeters>
      6.942476036027074
    </DistanceMeters><Cadence>
      164.0803098678589
    </Cadence><SensorState>
      Present
    </SensorState>
    </Trackpoint>
<Trackpoint>
      <Time>
      2025-09-06T16:01:49.616Z
    </Time><SensorState>
      Present
    </SensorState><Extensions>
      <TPX xmlns="http://www.garmin.com/xmlschemas/ActivityExtension/v2">
      <nax:Nax>
      <nax:AscentInMeters>
      0.10041046142578125
    </nax:AscentInMeters>
    </nax:Nax>
    </TPX>
    </Extensions>
    </Trackpoint>
<Trackpoint>
      <Time>
      2025-09-06T16:01:50.000Z
    </Time><Position>
      <LatitudeDegrees>
      47.61123354261517
    </LatitudeDegrees><LongitudeDegrees>
      -122.28949222550614
    </LongitudeDegrees>
    </Position><AltitudeMeters>
      103.17918435297906
    </AltitudeMeters><SensorState>
      Present
    </SensorState>
    </Trackpoint>
<Trackpoint>
      <Time>
      2025-09-06T16:01:50.676Z
    </Time><SensorState>
      Present
    </SensorState><Extensions>
      <TPX xmlns="http://www.garmin.com/xmlschemas/ActivityExtension/v2">
      <nax:Nax>
      <nax:AscentInMeters>
      0.1109771728515625
    </nax:AscentInMeters>
    </nax:Nax>
    </TPX>
    </Extensions>
    </Trackpoint>
<Trackpoint>
      <Time>
      2025-09-06T16:01:51.000Z
    </Time><SensorState>
      Present
    </SensorState><Extensions>
      <TPX xmlns="http://www.garmin.com/xmlschemas/ActivityExtension/v2">
      <nax:Nax>
      <nax:NikeFuel>
      7.65701992269333
    </nax:NikeFuel>
    </nax:Nax>
    </TPX>
    </Extensions>
    </Trackpoint>
<Trackpoint>
      <Time>
      2025-09-06T16:01:51.114Z
    </Time><SensorState>
      Present
    </SensorState><Extensions>
      <TPX xmlns="http://www.garmin.com/xmlschemas/ActivityExtension/v2">
      <ns3:Speed>
      2.9906990412474723
    </ns3:Speed><nax:Nax>
      <nax:Pace>
      5.5728331192144
    </nax:Pace>
    </nax:Nax>
    </TPX>
    </Extensions>
    </Trackpoint>
<Trackpoint>
      <Time>
      2025-09-06T16:01:51.115Z
    </Time><DistanceMeters>
      9.558220308506861
    </DistanceMeters><Cadence>
      164.12353992462158
    </Cadence><SensorState>
      Present
    </SensorState>
    </Trackpoint>
<Trackpoint>
      <Time>
      2025-09-06T16:01:51.736Z
    </Time><SensorState>
      Present
    </SensorState><Extensions>
      <TPX xmlns="http://www.garmin.com/xmlschemas/ActivityExtension/v2">
      <nax:Nax>
      <nax:AscentInMeters>
      0.0819091796875
    </nax:AscentInMeters>
    </nax:Nax>
    </TPX>
    </Extensions>
    </Trackpoint>
<Trackpoint>
      <Time>
      2025-09-06T16:01:52.796Z
    </Time><SensorState>
      Present
    </SensorState><Extensions>
      <TPX xmlns="http://www.garmin.com/xmlschemas/ActivityExtension/v2">
      <nax:Nax>
      <nax:AscentInMeters>
      0.11890411376953125
    </nax:AscentInMeters>
    </nax:Nax>
    </TPX>
    </Extensions>
    </Trackpoint>
<Trackpoint>
      <Time>
      2025-09-06T16:01:53.000Z
    </Time><Position>
      <LatitudeDegrees>
      47.61113856309413
    </LatitudeDegrees><LongitudeDegrees>
      -122.28946533945708
    </LongitudeDegrees>
    </Position><AltitudeMeters>
      102.78006096649915
    </AltitudeMeters><SensorState>
      Present
    </SensorState>
    </Trackpoint>
<Trackpoint>
      <Time>
      2025-09-06T16:01:53.669Z
    </Time><SensorState>
      Present
    </SensorState><Extensions>
      <TPX xmlns="http://www.garmin.com/xmlschemas/ActivityExtension/v2">
      <ns3:Speed>
      2.968427939078262
    </ns3:Speed><nax:Nax>
      <nax:Pace>
      5.614644184976205
    </nax:Pace>
    </nax:Nax>
    </TPX>
    </Extensions>
    </Trackpoint>
<Trackpoint>
      <Time>
      2025-09-06T16:01:53.670Z
    </Time><DistanceMeters>
      6.985241636168212
    </DistanceMeters><Cadence>
      163.6073398590088
    </Cadence><SensorState>
      Present
    </SensorState>
    </Trackpoint>
<Trackpoint>
      <Time>
      2025-09-06T16:01:53.856Z
    </Time><SensorState>
      Present
    </SensorState><Extensions>
      <TPX xmlns="http://www.garmin.com/xmlschemas/ActivityExtension/v2">
      <nax:Nax>
      <nax:AscentInMeters>
      0.10041046142578125
    </nax:AscentInMeters>
    </nax:Nax>
    </TPX>
    </Extensions>
    </Trackpoint>
<Trackpoint>
      <Time>
      2025-09-06T16:01:54.916Z
    </Time><SensorState>
      Present
    </SensorState><Extensions>
      <TPX xmlns="http://www.garmin.com/xmlschemas/ActivityExtension/v2">
      <nax:Nax>
      <nax:AscentInMeters>
      0.10569000244140625
    </nax:AscentInMeters>
    </nax:Nax>
    </TPX>
    </Extensions>
    </Trackpoint>
<Trackpoint>
      <Time>
      2025-09-06T16:01:55.977Z
    </Time><SensorState>
      Present
    </SensorState><Extensions>
      <TPX xmlns="http://www.garmin.com/xmlschemas/ActivityExtension/v2">
      <nax:Nax>
      <nax:AscentInMeters>
      0.095123291015625
    </nax:AscentInMeters>
    </nax:Nax>
    </TPX>
    </Extensions>
    </Trackpoint>
<Trackpoint>
      <Time>
      2025-09-06T16:01:56.225Z
    </Time><DistanceMeters>
      7.334531908854842
    </DistanceMeters><SensorState>
      Present
    </SensorState><Extensions>
      <TPX xmlns="http://www.garmin.com/xmlschemas/ActivityExtension/v2">
      <ns3:Speed>
      2.9341161878019597
    </ns3:Speed><nax:Nax>
      <nax:Pace>
      5.680302210238033
    </nax:Pace>
    </nax:Nax>
    </TPX>
    </Extensions>
    </Trackpoint>
<Trackpoint>
      <Time>
      2025-09-06T16:01:56.226Z
    </Time><Cadence>
      163.85825157165527
    </Cadence><SensorState>
      Present
    </SensorState>
    </Trackpoint>
<Trackpoint>
      <Time>
      2025-09-06T16:01:57.000Z
    </Time><Position>
      <LatitudeDegrees>
      47.61104016127963
    </LatitudeDegrees><LongitudeDegrees>
      -122.2894586210374
    </LongitudeDegrees>
    </Position><AltitudeMeters>
      103.62593102827668
    </AltitudeMeters><SensorState>
      Present
    </SensorState>
    </Trackpoint>
<Trackpoint>
      <Time>
      2025-09-06T16:01:57.037Z
    </Time><SensorState>
      Present
    </SensorState><Extensions>
      <TPX xmlns="http://www.garmin.com/xmlschemas/ActivityExtension/v2">
      <nax:Nax>
      <nax:AscentInMeters>
      0.13475799560546875
    </nax:AscentInMeters>
    </nax:Nax>
    </TPX>
    </Extensions>
    </Trackpoint>
<Trackpoint>
      <Time>
      2025-09-06T16:01:58.097Z
    </Time><SensorState>
      Present
    </SensorState><Extensions>
      <TPX xmlns="http://www.garmin.com/xmlschemas/ActivityExtension/v2">
      <nax:Nax>
      <nax:AscentInMeters>
      0.11890411376953125
    </nax:AscentInMeters>
    </nax:Nax>
    </TPX>
    </Extensions>
    </Trackpoint>
<Trackpoint>
      <Time>
      2025-09-06T16:01:58.781Z
    </Time><SensorState>
      Present
    </SensorState><Extensions>
      <TPX xmlns="http://www.garmin.com/xmlschemas/ActivityExtension/v2">
      <ns3:Speed>
      2.9195310574264854
    </ns3:Speed><nax:Nax>
      <nax:Pace>
      5.708679352552609
    </nax:Pace>
    </nax:Nax>
    </TPX>
    </Extensions>
    </Trackpoint>
<Trackpoint>
      <Time>
      2025-09-06T16:01:58.782Z
    </Time><DistanceMeters>
      8.286149822641164
    </DistanceMeters><Cadence>
      163.9120388031006
    </Cadence><SensorState>
      Present
    </SensorState>
    </Trackpoint>
<Trackpoint>
      <Time>
      2025-09-06T16:01:59.157Z
    </Time><SensorState>
      Present
    </SensorState><Extensions>
      <TPX xmlns="http://www.garmin.com/xmlschemas/ActivityExtension/v2">
      <nax:Nax>
      <nax:AscentInMeters>
      0.1268310546875
    </nax:AscentInMeters>
    </nax:Nax>
    </TPX>
    </Extensions>
    </Trackpoint>
<Trackpoint>
      <Time>
      2025-09-06T16:02:00.217Z
    </Time><SensorState>
      Present
    </SensorState><Extensions>
      <TPX xmlns="http://www.garmin.com/xmlschemas/ActivityExtension/v2">
      <nax:Nax>
      <nax:AscentInMeters>
      0.121551513671875
    </nax:AscentInMeters>
    </nax:Nax>
    </TPX>
    </Extensions>
    </Trackpoint>
<Trackpoint>
      <Time>
      2025-09-06T16:02:01.000Z
    </Time><Position>
      <LatitudeDegrees>
      47.61092836204279
    </LatitudeDegrees><LongitudeDegrees>
      -122.28946315205849
    </LongitudeDegrees>
    </Position><AltitudeMeters>
      104.32380893267691
    </AltitudeMeters><SensorState>
      Present
    </SensorState><Extensions>
      <TPX xmlns="http://www.garmin.com/xmlschemas/ActivityExtension/v2">
      <nax:Nax>
      <nax:NikeFuel>
      7.650538400418087
    </nax:NikeFuel>
    </nax:Nax>
    </TPX>
    </Extensions>
    </Trackpoint>
<Trackpoint>
      <Time>
      2025-09-06T16:02:01.277Z
    </Time><SensorState>
      Present
    </SensorState><Extensions>
      <TPX xmlns="http://www.garmin.com/xmlschemas/ActivityExtension/v2">
      <nax:Nax>
      <nax:AscentInMeters>
      0.1109771728515625
    </nax:AscentInMeters>
    </nax:Nax>
    </TPX>
    </Extensions>
    </Trackpoint>
<Trackpoint>
      <Time>
      2025-09-06T16:02:01.336Z
    </Time><SensorState>
      Present
    </SensorState><Extensions>
      <TPX xmlns="http://www.garmin.com/xmlschemas/ActivityExtension/v2">
      <ns3:Speed>
      2.9749457421983596
    </ns3:Speed><nax:Nax>
      <nax:Pace>
      5.6023430714237845
    </nax:Pace>
    </nax:Nax>
    </TPX>
    </Extensions>
    </Trackpoint>
<Trackpoint>
      <Time>
      2025-09-06T16:02:01.337Z
    </Time><DistanceMeters>
      7.045577676035464
    </DistanceMeters><Cadence>
      164.33940410614014
    </Cadence><SensorState>
      Present
    </SensorState>
    </Trackpoint>
<Trackpoint>
      <Time>
      2025-09-06T16:02:02.337Z
    </Time><SensorState>
      Present
    </SensorState><Extensions>
      <TPX xmlns="http://www.garmin.com/xmlschemas/ActivityExtension/v2">
      <nax:Nax>
      <nax:AscentInMeters>
      0.10569000244140625
    </nax:AscentInMeters>
    </nax:Nax>
    </TPX>
    </Extensions>
    </Trackpoint>
<Trackpoint>
      <Time>
      2025-09-06T16:02:03.396Z
    </Time><SensorState>
      Present
    </SensorState><Extensions>
      <TPX xmlns="http://www.garmin.com/xmlschemas/ActivityExtension/v2">
      <nax:Nax>
      <nax:AscentInMeters>
      0.1109771728515625
    </nax:AscentInMeters>
    </nax:Nax>
    </TPX>
    </Extensions>
    </Trackpoint>
<Trackpoint>
      <Time>
      2025-09-06T16:02:03.892Z
    </Time><SensorState>
      Present
    </SensorState><Extensions>
      <TPX xmlns="http://www.garmin.com/xmlschemas/ActivityExtension/v2">
      <ns3:Speed>
      2.970153052740386
    </ns3:Speed><nax:Nax>
      <nax:Pace>
      5.611383107442665
    </nax:Pace>
    </nax:Nax>
    </TPX>
    </Extensions>
    </Trackpoint>
<Trackpoint>
      <Time>
      2025-09-06T16:02:03.893Z
    </Time><DistanceMeters>
      5.702201826497912
    </DistanceMeters><Cadence>
      164.80806827545166
    </Cadence><SensorState>
      Present
    </SensorState>
    </Trackpoint>
<Trackpoint>
      <Time>
      2025-09-06T16:02:04.457Z
    </Time><SensorState>
      Present
    </SensorState><Extensions>
      <TPX xmlns="http://www.garmin.com/xmlschemas/ActivityExtension/v2">
      <nax:Nax>
      <nax:AscentInMeters>
      0.113616943359375
    </nax:AscentInMeters>
    </nax:Nax>
    </TPX>
    </Extensions>
    </Trackpoint>
<Trackpoint>
      <Time>
      2025-09-06T16:02:04.999Z
    </Time><Position>
      <LatitudeDegrees>
      47.61083596666865
    </LatitudeDegrees><LongitudeDegrees>
      -122.2894696107806
    </LongitudeDegrees>
    </Position><AltitudeMeters>
      103.87913773208857
    </AltitudeMeters><SensorState>
      Present
    </SensorState>
    </Trackpoint>
<Trackpoint>
      <Time>
      2025-09-06T16:02:05.518Z
    </Time><SensorState>
      Present
    </SensorState><Extensions>
      <TPX xmlns="http://www.garmin.com/xmlschemas/ActivityExtension/v2">
      <nax:Nax>
      <nax:AscentInMeters>
      0.121551513671875
    </nax:AscentInMeters>
    </nax:Nax>
    </TPX>
    </Extensions>
    </Trackpoint>
<Trackpoint>
      <Time>
      2025-09-06T16:02:06.447Z
    </Time><SensorState>
      Present
    </SensorState><Extensions>
      <TPX xmlns="http://www.garmin.com/xmlschemas/ActivityExtension/v2">
      <ns3:Speed>
      2.9378861121313307
    </ns3:Speed><nax:Nax>
      <nax:Pace>
      5.673013190622151
    </nax:Pace>
    </nax:Nax>
    </TPX>
    </Extensions>
    </Trackpoint>
<Trackpoint>
      <Time>
      2025-09-06T16:02:06.448Z
    </Time><DistanceMeters>
      8.161247043171898
    </DistanceMeters><Cadence>
      165.32821655273438
    </Cadence><SensorState>
      Present
    </SensorState>
    </Trackpoint>
<Trackpoint>
      <Time>
      2025-09-06T16:02:06.578Z
    </Time><SensorState>
      Present
    </SensorState><Extensions>
      <TPX xmlns="http://www.garmin.com/xmlschemas/ActivityExtension/v2">
      <nax:Nax>
      <nax:AscentInMeters>
      0.10569000244140625
    </nax:AscentInMeters>
    </nax:Nax>
    </TPX>
    </Extensions>
    </Trackpoint>
<Trackpoint>
      <Time>
      2025-09-06T16:02:07.638Z
    </Time><SensorState>
      Present
    </SensorState><Extensions>
      <TPX xmlns="http://www.garmin.com/xmlschemas/ActivityExtension/v2">
      <nax:Nax>
      <nax:AscentInMeters>
      0.1268310546875
    </nax:AscentInMeters>
    </nax:Nax>
    </TPX>
    </Extensions>
    </Trackpoint>
<Trackpoint>
      <Time>
      2025-09-06T16:02:08.698Z
    </Time><SensorState>
      Present
    </SensorState><Extensions>
      <TPX xmlns="http://www.garmin.com/xmlschemas/ActivityExtension/v2">
      <nax:Nax>
      <nax:AscentInMeters>
      0.11890411376953125
    </nax:AscentInMeters>
    </nax:Nax>
    </TPX>
    </Extensions>
    </Trackpoint>
<Trackpoint>
      <Time>
      2025-09-06T16:02:08.999Z
    </Time><Position>
      <LatitudeDegrees>
      47.61073176120516
    </LatitudeDegrees><LongitudeDegrees>
      -122.28946245106475
    </LongitudeDegrees>
    </Position><AltitudeMeters>
      104.13961919769645
    </AltitudeMeters><SensorState>
      Present
    </SensorState>
    </Trackpoint>
<Trackpoint>
      <Time>
      2025-09-06T16:02:09.003Z
    </Time><SensorState>
      Present
    </SensorState><Extensions>
      <TPX xmlns="http://www.garmin.com/xmlschemas/ActivityExtension/v2">
      <ns3:Speed>
      2.91913330159098
    </ns3:Speed><nax:Nax>
      <nax:Pace>
      5.709457206898716
    </nax:Pace>
    </nax:Nax>
    </TPX>
    </Extensions>
    </Trackpoint>
<Trackpoint>
      <Time>
      2025-09-06T16:02:09.004Z
    </Time><DistanceMeters>
      7.795964637538418
    </DistanceMeters><Cadence>
      165.35192012786865
    </Cadence><SensorState>
      Present
    </SensorState>
    </Trackpoint>
<Trackpoint>
      <Time>
      2025-09-06T16:02:09.758Z
    </Time><SensorState>
      Present
    </SensorState><Extensions>
      <TPX xmlns="http://www.garmin.com/xmlschemas/ActivityExtension/v2">
      <nax:Nax>
      <nax:AscentInMeters>
      0.13211822509765625
    </nax:AscentInMeters>
    </nax:Nax>
    </TPX>
    </Extensions>
    </Trackpoint>
<Trackpoint>
      <Time>
      2025-09-06T16:02:10.817Z
    </Time><SensorState>
      Present
    </SensorState><Extensions>
      <TPX xmlns="http://www.garmin.com/xmlschemas/ActivityExtension/v2">
      <nax:Nax>
      <nax:AscentInMeters>
      0.11890411376953125
    </nax:AscentInMeters>
    </nax:Nax>
    </TPX>
    </Extensions>
    </Trackpoint>
<Trackpoint>
      <Time>
      2025-09-06T16:02:11.000Z
    </Time><SensorState>
      Present
    </SensorState><Extensions>
      <TPX xmlns="http://www.garmin.com/xmlschemas/ActivityExtension/v2">
      <nax:Nax>
      <nax:NikeFuel>
      7.561363301475397
    </nax:NikeFuel>
    </nax:Nax>
    </TPX>
    </Extensions>
    </Trackpoint>
<Trackpoint>
      <Time>
      2025-09-06T16:02:11.559Z
    </Time><SensorState>
      Present
    </SensorState><Extensions>
      <TPX xmlns="http://www.garmin.com/xmlschemas/ActivityExtension/v2">
      <ns3:Speed>
      2.9128318819597054
    </ns3:Speed><nax:Nax>
      <nax:Pace>
      5.721808652909143
    </nax:Pace>
    </nax:Nax>
    </TPX>
    </Extensions>
    </Trackpoint>
<Trackpoint>
      <Time>
      2025-09-06T16:02:11.560Z
    </Time><DistanceMeters>
      6.465141291264445
    </DistanceMeters><Cadence>
      165.74076175689697
    </Cadence><SensorState>
      Present
    </SensorState>
    </Trackpoint>
<Trackpoint>
      <Time>
      2025-09-06T16:02:11.878Z
    </Time><SensorState>
      Present
    </SensorState><Extensions>
      <TPX xmlns="http://www.garmin.com/xmlschemas/ActivityExtension/v2">
      <nax:Nax>
      <nax:AscentInMeters>
      0.15061187744140625
    </nax:AscentInMeters>
    </nax:Nax>
    </TPX>
    </Extensions>
    </Trackpoint>
<Trackpoint>
      <Time>
      2025-09-06T16:02:12.938Z
    </Time><SensorState>
      Present
    </SensorState><Extensions>
      <TPX xmlns="http://www.garmin.com/xmlschemas/ActivityExtension/v2">
      <nax:Nax>
      <nax:AscentInMeters>
      0.11890411376953125
    </nax:AscentInMeters>
    </nax:Nax>
    </TPX>
    </Extensions>
    </Trackpoint>
<Trackpoint>
      <Time>
      2025-09-06T16:02:12.999Z
    </Time><Position>
      <LatitudeDegrees>
      47.61062996417949
    </LatitudeDegrees><LongitudeDegrees>
      -122.28945296396833
    </LongitudeDegrees>
    </Position><AltitudeMeters>
      105.07697530463338
    </AltitudeMeters><SensorState>
      Present
    </SensorState>
    </Trackpoint>
<Trackpoint>
      <Time>
      2025-09-06T16:02:13.998Z
    </Time><SensorState>
      Present
    </SensorState><Extensions>
      <TPX xmlns="http://www.garmin.com/xmlschemas/ActivityExtension/v2">
      <nax:Nax>
      <nax:AscentInMeters>
      0.1241912841796875
    </nax:AscentInMeters>
    </nax:Nax>
    </TPX>
    </Extensions>
    </Trackpoint>
<Trackpoint>
      <Time>
      2025-09-06T16:02:14.114Z
    </Time><SensorState>
      Present
    </SensorState><Extensions>
      <TPX xmlns="http://www.garmin.com/xmlschemas/ActivityExtension/v2">
      <ns3:Speed>
      2.9036046604939663
    </ns3:Speed><nax:Nax>
      <nax:Pace>
      5.739991705286526
    </nax:Pace>
    </nax:Nax>
    </TPX>
    </Extensions>
    </Trackpoint>
<Trackpoint>
      <Time>
      2025-09-06T16:02:14.115Z
    </Time><DistanceMeters>
      9.630587907740846
    </DistanceMeters><Cadence>
      165.73410987854004
    </Cadence><SensorState>
      Present
    </SensorState>
    </Trackpoint>
<Trackpoint>
      <Time>
      2025-09-06T16:02:15.059Z
    </Time><SensorState>
      Present
    </SensorState><Extensions>
      <TPX xmlns="http://www.garmin.com/xmlschemas/ActivityExtension/v2">
      <nax:Nax>
      <nax:AscentInMeters>
      0.10569000244140625
    </nax:AscentInMeters>
    </nax:Nax>
    </TPX>
    </Extensions>
    </Trackpoint>
<Trackpoint>
      <Time>
      2025-09-06T16:02:15.999Z
    </Time><Position>
      <LatitudeDegrees>
      47.61053278607541
    </LatitudeDegrees><LongitudeDegrees>
      -122.28943451760246
    </LongitudeDegrees>
    </Position><AltitudeMeters>
      106.23393960017711
    </AltitudeMeters><SensorState>
      Present
    </SensorState>
    </Trackpoint>
<Trackpoint>
      <Time>
      2025-09-06T16:02:16.119Z
    </Time><SensorState>
      Present
    </SensorState><Extensions>
      <TPX xmlns="http://www.garmin.com/xmlschemas/ActivityExtension/v2">
      <nax:Nax>
      <nax:AscentInMeters>
      0.10833740234375
    </nax:AscentInMeters>
    </nax:Nax>
    </TPX>
    </Extensions>
    </Trackpoint>
<Trackpoint>
      <Time>
      2025-09-06T16:02:16.670Z
    </Time><SensorState>
      Present
    </SensorState><Extensions>
      <TPX xmlns="http://www.garmin.com/xmlschemas/ActivityExtension/v2">
      <ns3:Speed>
      2.9185505518393344
    </ns3:Speed><nax:Nax>
      <nax:Pace>
      5.710597219624299
    </nax:Pace>
    </nax:Nax>
    </TPX>
    </Extensions>
    </Trackpoint>
<Trackpoint>
      <Time>
      2025-09-06T16:02:16.671Z
    </Time><DistanceMeters>
      6.582933375379071
    </DistanceMeters><Cadence>
      165.72830200195312
    </Cadence><SensorState>
      Present
    </SensorState>
    </Trackpoint>
<Trackpoint>
      <Time>
      2025-09-06T16:02:17.179Z
    </Time><SensorState>
      Present
    </SensorState><Extensions>
      <TPX xmlns="http://www.garmin.com/xmlschemas/ActivityExtension/v2">
      <nax:Nax>
      <nax:AscentInMeters>
      0.0924835205078125
    </nax:AscentInMeters>
    </nax:Nax>
    </TPX>
    </Extensions>
    </Trackpoint>
<Trackpoint>
      <Time>
      2025-09-06T16:02:18.238Z
    </Time><SensorState>
      Present
    </SensorState><Extensions>
      <TPX xmlns="http://www.garmin.com/xmlschemas/ActivityExtension/v2">
      <nax:Nax>
      <nax:AscentInMeters>
      0.10569000244140625
    </nax:AscentInMeters>
    </nax:Nax>
    </TPX>
    </Extensions>
    </Trackpoint>
<Trackpoint>
      <Time>
      2025-09-06T16:02:19.225Z
    </Time><DistanceMeters>
      6.897696286672726
    </DistanceMeters><SensorState>
      Present
    </SensorState><Extensions>
      <TPX xmlns="http://www.garmin.com/xmlschemas/ActivityExtension/v2">
      <ns3:Speed>
      2.9205218271626388
    </ns3:Speed><nax:Nax>
      <nax:Pace>
      5.706742716885891
    </nax:Pace>
    </nax:Nax>
    </TPX>
    </Extensions>
    </Trackpoint>
<Trackpoint>
      <Time>
      2025-09-06T16:02:19.226Z
    </Time><Cadence>
      165.3433084487915
    </Cadence><SensorState>
      Present
    </SensorState>
    </Trackpoint>
<Trackpoint>
      <Time>
      2025-09-06T16:02:19.299Z
    </Time><SensorState>
      Present
    </SensorState><Extensions>
      <TPX xmlns="http://www.garmin.com/xmlschemas/ActivityExtension/v2">
      <nax:Nax>
      <nax:AscentInMeters>
      0.10833740234375
    </nax:AscentInMeters>
    </nax:Nax>
    </TPX>
    </Extensions>
    </Trackpoint>
<Trackpoint>
      <Time>
      2025-09-06T16:02:19.999Z
    </Time><Position>
      <LatitudeDegrees>
      47.610439347500765
    </LatitudeDegrees><LongitudeDegrees>
      -122.28942483458967
    </LongitudeDegrees>
    </Position><AltitudeMeters>
      106.10863685887307
    </AltitudeMeters><SensorState>
      Present
    </SensorState>
    </Trackpoint>
<Trackpoint>
      <Time>
      2025-09-06T16:02:20.359Z
    </Time><SensorState>
      Present
    </SensorState><Extensions>
      <TPX xmlns="http://www.garmin.com/xmlschemas/ActivityExtension/v2">
      <nax:Nax>
      <nax:AscentInMeters>
      0.0977630615234375
    </nax:AscentInMeters>
    </nax:Nax>
    </TPX>
    </Extensions>
    </Trackpoint>
<Trackpoint>
      <Time>
      2025-09-06T16:02:21.000Z
    </Time><SensorState>
      Present
    </SensorState><Extensions>
      <TPX xmlns="http://www.garmin.com/xmlschemas/ActivityExtension/v2">
      <nax:Nax>
      <nax:NikeFuel>
      7.5576273432212
    </nax:NikeFuel>
    </nax:Nax>
    </TPX>
    </Extensions>
    </Trackpoint>
<Trackpoint>
      <Time>
      2025-09-06T16:02:21.419Z
    </Time><SensorState>
      Present
    </SensorState><Extensions>
      <TPX xmlns="http://www.garmin.com/xmlschemas/ActivityExtension/v2">
      <nax:Nax>
      <nax:AscentInMeters>
      0.0475616455078125
    </nax:AscentInMeters>
    </nax:Nax>
    </TPX>
    </Extensions>
    </Trackpoint>
<Trackpoint>
      <Time>
      2025-09-06T16:02:21.781Z
    </Time><SensorState>
      Present
    </SensorState><Extensions>
      <TPX xmlns="http://www.garmin.com/xmlschemas/ActivityExtension/v2">
      <ns3:Speed>
      2.9174940929199686
    </ns3:Speed><nax:Nax>
      <nax:Pace>
      5.712665094031387
    </nax:Pace>
    </nax:Nax>
    </TPX>
    </Extensions>
    </Trackpoint>
<Trackpoint>
      <Time>
      2025-09-06T16:02:21.782Z
    </Time><DistanceMeters>
      6.676390195265412
    </DistanceMeters><Cadence>
      165.4313564300537
    </Cadence><SensorState>
      Present
    </SensorState>
    </Trackpoint>
<Trackpoint>
      <Time>
      2025-09-06T16:02:22.479Z
    </Time><SensorState>
      Present
    </SensorState><Extensions>
      <TPX xmlns="http://www.garmin.com/xmlschemas/ActivityExtension/v2">
      <nax:Nax>
      <nax:AscentInMeters>
      0.0660552978515625
    </nax:AscentInMeters>
    </nax:Nax>
    </TPX>
    </Extensions>
    </Trackpoint>
<Trackpoint>
      <Time>
      2025-09-06T16:02:23.539Z
    </Time><SensorState>
      Present
    </SensorState><Extensions>
      <TPX xmlns="http://www.garmin.com/xmlschemas/ActivityExtension/v2">
      <nax:Nax>
      <nax:AscentInMeters>
      0.0158538818359375
    </nax:AscentInMeters>
    </nax:Nax>
    </TPX>
    </Extensions>
    </Trackpoint>
<Trackpoint>
      <Time>
      2025-09-06T16:02:23.999Z
    </Time><Position>
      <LatitudeDegrees>
      47.61033916765433
    </LatitudeDegrees><LongitudeDegrees>
      -122.28944125073713
    </LongitudeDegrees>
    </Position><AltitudeMeters>
      106.07880848273635
    </AltitudeMeters><SensorState>
      Present
    </SensorState>
    </Trackpoint>
<Trackpoint>
      <Time>
      2025-09-06T16:02:24.336Z
    </Time><SensorState>
      Present
    </SensorState><Extensions>
      <TPX xmlns="http://www.garmin.com/xmlschemas/ActivityExtension/v2">
      <ns3:Speed>
      2.912823935346844
    </ns3:Speed><nax:Nax>
      <nax:Pace>
      5.72182426284618
    </nax:Pace>
    </nax:Nax>
    </TPX>
    </Extensions>
    </Trackpoint>
<Trackpoint>
      <Time>
      2025-09-06T16:02:24.337Z
    </Time><DistanceMeters>
      8.049180573318154
    </DistanceMeters><Cadence>
      165.30648708343506
    </Cadence><SensorState>
      Present
    </SensorState>
    </Trackpoint>
<Trackpoint>
      <Time>
      2025-09-06T16:02:24.600Z
    </Time><SensorState>
      Present
    </SensorState><Extensions>
      <TPX xmlns="http://www.garmin.com/xmlschemas/ActivityExtension/v2">
      <nax:Nax>
      <nax:AscentInMeters>
      0.05548858642578125
    </nax:AscentInMeters>
    </nax:Nax>
    </TPX>
    </Extensions>
    </Trackpoint>
<Trackpoint>
      <Time>
      2025-09-06T16:02:26.892Z
    </Time><SensorState>
      Present
    </SensorState><Extensions>
      <TPX xmlns="http://www.garmin.com/xmlschemas/ActivityExtension/v2">
      <ns3:Speed>
      2.911075912505287
    </ns3:Speed><nax:Nax>
      <nax:Pace>
      5.725260064524819
    </nax:Pace>
    </nax:Nax>
    </TPX>
    </Extensions>
    </Trackpoint>
<Trackpoint>
      <Time>
      2025-09-06T16:02:26.893Z
    </Time><DistanceMeters>
      6.841546142008156
    </DistanceMeters><Cadence>
      165.45219898223877
    </Cadence><SensorState>
      Present
    </SensorState>
    </Trackpoint>
<Trackpoint>
      <Time>
      2025-09-06T16:02:27.999Z
    </Time><Position>
      <LatitudeDegrees>
      47.610238107492705
    </LatitudeDegrees><LongitudeDegrees>
      -122.28946611974952
    </LongitudeDegrees>
    </Position><AltitudeMeters>
      105.80147640127689
    </AltitudeMeters><SensorState>
      Present
    </SensorState>
    </Trackpoint>
<Trackpoint>
      <Time>
      2025-09-06T16:02:29.448Z
    </Time><SensorState>
      Present
    </SensorState><Extensions>
      <TPX xmlns="http://www.garmin.com/xmlschemas/ActivityExtension/v2">
      <ns3:Speed>
      2.9079728380543686
    </ns3:Speed><nax:Nax>
      <nax:Pace>
      5.731369443539163
    </nax:Pace>
    </nax:Nax>
    </TPX>
    </Extensions>
    </Trackpoint>
<Trackpoint>
      <Time>
      2025-09-06T16:02:29.449Z
    </Time><DistanceMeters>
      6.71255024173297
    </DistanceMeters><Cadence>
      165.77661037445068
    </Cadence><SensorState>
      Present
    </SensorState>
    </Trackpoint>
<Trackpoint>
      <Time>
      2025-09-06T16:02:29.900Z
    </Time><SensorState>
      Present
    </SensorState><Extensions>
      <TPX xmlns="http://www.garmin.com/xmlschemas/ActivityExtension/v2">
      <nax:Nax>
      <nax:DescentInMeters>
      0.0158538818359375
    </nax:DescentInMeters>
    </nax:Nax>
    </TPX>
    </Extensions>
    </Trackpoint>
<Trackpoint>
      <Time>
      2025-09-06T16:02:31.000Z
    </Time><SensorState>
      Present
    </SensorState><Extensions>
      <TPX xmlns="http://www.garmin.com/xmlschemas/ActivityExtension/v2">
      <nax:Nax>
      <nax:NikeFuel>
      7.511894670776799
    </nax:NikeFuel>
    </nax:Nax>
    </TPX>
    </Extensions>
    </Trackpoint>
<Trackpoint>
      <Time>
      2025-09-06T16:02:31.999Z
    </Time><Position>
      <LatitudeDegrees>
      47.61014344363983
    </LatitudeDegrees><LongitudeDegrees>
      -122.28947778942825
    </LongitudeDegrees>
    </Position><AltitudeMeters>
      106.32406489178538
    </AltitudeMeters><SensorState>
      Present
    </SensorState>
    </Trackpoint>
<Trackpoint>
      <Time>
      2025-09-06T16:02:32.003Z
    </Time><SensorState>
      Present
    </SensorState><Extensions>
      <TPX xmlns="http://www.garmin.com/xmlschemas/ActivityExtension/v2">
      <ns3:Speed>
      2.903246566432856
    </ns3:Speed><nax:Nax>
      <nax:Pace>
      5.740699690947906
    </nax:Pace>
    </nax:Nax>
    </TPX>
    </Extensions>
    </Trackpoint>
<Trackpoint>
      <Time>
      2025-09-06T16:02:32.004Z
    </Time><DistanceMeters>
      6.690651434008032
    </DistanceMeters><Cadence>
      166.0371208190918
    </Cadence><SensorState>
      Present
    </SensorState>
    </Trackpoint>
<Trackpoint>
      <Time>
      2025-09-06T16:02:32.020Z
    </Time><SensorState>
      Present
    </SensorState><Extensions>
      <TPX xmlns="http://www.garmin.com/xmlschemas/ActivityExtension/v2">
      <nax:Nax>
      <nax:DescentInMeters>
      0.00792694091796875
    </nax:DescentInMeters>
    </nax:Nax>
    </TPX>
    </Extensions>
    </Trackpoint>
<Trackpoint>
      <Time>
      2025-09-06T16:02:33.080Z
    </Time><SensorState>
      Present
    </SensorState><Extensions>
      <TPX xmlns="http://www.garmin.com/xmlschemas/ActivityExtension/v2">
      <nax:Nax>
      <nax:DescentInMeters>
      0.031707763671875
    </nax:DescentInMeters>
    </nax:Nax>
    </TPX>
    </Extensions>
    </Trackpoint>
<Trackpoint>
      <Time>
      2025-09-06T16:02:34.141Z
    </Time><SensorState>
      Present
    </SensorState><Extensions>
      <TPX xmlns="http://www.garmin.com/xmlschemas/ActivityExtension/v2">
      <nax:Nax>
      <nax:DescentInMeters>
      0.01320648193359375
    </nax:DescentInMeters>
    </nax:Nax>
    </TPX>
    </Extensions>
    </Trackpoint>
<Trackpoint>
      <Time>
      2025-09-06T16:02:34.559Z
    </Time><SensorState>
      Present
    </SensorState><Extensions>
      <TPX xmlns="http://www.garmin.com/xmlschemas/ActivityExtension/v2">
      <ns3:Speed>
      2.8966693739423133
    </ns3:Speed><nax:Nax>
      <nax:Pace>
      5.753734553413543
    </nax:Pace>
    </nax:Nax>
    </TPX>
    </Extensions>
    </Trackpoint>
<Trackpoint>
      <Time>
      2025-09-06T16:02:34.560Z
    </Time><DistanceMeters>
      6.752973404247314
    </DistanceMeters><Cadence>
      165.90768814086914
    </Cadence><SensorState>
      Present
    </SensorState>
    </Trackpoint>
<Trackpoint>
      <Time>
      2025-09-06T16:02:35.201Z
    </Time><SensorState>
      Present
    </SensorState><Extensions>
      <TPX xmlns="http://www.garmin.com/xmlschemas/ActivityExtension/v2">
      <nax:Nax>
      <nax:DescentInMeters>
      0.03963470458984375
    </nax:DescentInMeters>
    </nax:Nax>
    </TPX>
    </Extensions>
    </Trackpoint>
<Trackpoint>
      <Time>
      2025-09-06T16:02:35.999Z
    </Time><Position>
      <LatitudeDegrees>
      47.61004955003576
    </LatitudeDegrees><LongitudeDegrees>
      -122.2894879147544
    </LongitudeDegrees>
    </Position><AltitudeMeters>
      106.27816036622971
    </AltitudeMeters><SensorState>
      Present
    </SensorState>
    </Trackpoint>
<Trackpoint>
      <Time>
      2025-09-06T16:02:37.114Z
    </Time><SensorState>
      Present
    </SensorState><Extensions>
      <TPX xmlns="http://www.garmin.com/xmlschemas/ActivityExtension/v2">
      <ns3:Speed>
      2.889556581383126
    </ns3:Speed><nax:Nax>
      <nax:Pace>
      5.767897667776049
    </nax:Pace>
    </nax:Nax>
    </TPX>
    </Extensions>
    </Trackpoint>
<Trackpoint>
      <Time>
      2025-09-06T16:02:37.115Z
    </Time><DistanceMeters>
      7.778465000214055
    </DistanceMeters><Cadence>
      165.58409214019775
    </Cadence><SensorState>
      Present
    </SensorState>
    </Trackpoint>
<Trackpoint>
      <Time>
      2025-09-06T16:02:37.321Z
    </Time><SensorState>
      Present
    </SensorState><Extensions>
      <TPX xmlns="http://www.garmin.com/xmlschemas/ActivityExtension/v2">
      <nax:Nax>
      <nax:DescentInMeters>
      0.058135986328125
    </nax:DescentInMeters>
    </nax:Nax>
    </TPX>
    </Extensions>
    </Trackpoint>
<Trackpoint>
      <Time>
      2025-09-06T16:02:38.381Z
    </Time><SensorState>
      Present
    </SensorState><Extensions>
      <TPX xmlns="http://www.garmin.com/xmlschemas/ActivityExtension/v2">
      <nax:Nax>
      <nax:DescentInMeters>
      0.06076812744140625
    </nax:DescentInMeters>
    </nax:Nax>
    </TPX>
    </Extensions>
    </Trackpoint>
<Trackpoint>
      <Time>
      2025-09-06T16:02:39.441Z
    </Time><SensorState>
      Present
    </SensorState><Extensions>
      <TPX xmlns="http://www.garmin.com/xmlschemas/ActivityExtension/v2">
      <nax:Nax>
      <nax:DescentInMeters>
      0.03963470458984375
    </nax:DescentInMeters>
    </nax:Nax>
    </TPX>
    </Extensions>
    </Trackpoint>
<Trackpoint>
      <Time>
      2025-09-06T16:02:39.670Z
    </Time><SensorState>
      Present
    </SensorState><Extensions>
      <TPX xmlns="http://www.garmin.com/xmlschemas/ActivityExtension/v2">
      <ns3:Speed>
      2.884706961639646
    </ns3:Speed><nax:Nax>
      <nax:Pace>
      5.777594358212889
    </nax:Pace>
    </nax:Nax>
    </TPX>
    </Extensions>
    </Trackpoint>
<Trackpoint>
      <Time>
      2025-09-06T16:02:39.671Z
    </Time><DistanceMeters>
      7.4596278462558985
    </DistanceMeters><Cadence>
      165.26169776916504
    </Cadence><SensorState>
      Present
    </SensorState>
    </Trackpoint>
<Trackpoint>
      <Time>
      2025-09-06T16:02:39.999Z
    </Time><Position>
      <LatitudeDegrees>
      47.609944931643355
    </LatitudeDegrees><LongitudeDegrees>
      -122.28950071826665
    </LongitudeDegrees>
    </Position><AltitudeMeters>
      105.41338069457561
    </AltitudeMeters><SensorState>
      Present
    </SensorState>
    </Trackpoint>
<Trackpoint>
      <Time>
      2025-09-06T16:02:40.501Z
    </Time><SensorState>
      Present
    </SensorState><Extensions>
      <TPX xmlns="http://www.garmin.com/xmlschemas/ActivityExtension/v2">
      <nax:Nax>
      <nax:DescentInMeters>
      0.06870269775390625
    </nax:DescentInMeters>
    </nax:Nax>
    </TPX>
    </Extensions>
    </Trackpoint>
<Trackpoint>
      <Time>
      2025-09-06T16:02:41.000Z
    </Time><SensorState>
      Present
    </SensorState><Extensions>
      <TPX xmlns="http://www.garmin.com/xmlschemas/ActivityExtension/v2">
      <nax:Nax>
      <nax:NikeFuel>
      7.458585056574127
    </nax:NikeFuel>
    </nax:Nax>
    </TPX>
    </Extensions>
    </Trackpoint>
<Trackpoint>
      <Time>
      2025-09-06T16:02:41.562Z
    </Time><SensorState>
      Present
    </SensorState><Extensions>
      <TPX xmlns="http://www.garmin.com/xmlschemas/ActivityExtension/v2">
      <nax:Nax>
      <nax:DescentInMeters>
      0.0660552978515625
    </nax:DescentInMeters>
    </nax:Nax>
    </TPX>
    </Extensions>
    </Trackpoint>
<Trackpoint>
      <Time>
      2025-09-06T16:02:42.225Z
    </Time><DistanceMeters>
      6.788110824301839
    </DistanceMeters><SensorState>
      Present
    </SensorState><Extensions>
      <TPX xmlns="http://www.garmin.com/xmlschemas/ActivityExtension/v2">
      <ns3:Speed>
      2.8807080173459396
    </ns3:Speed><nax:Nax>
      <nax:Pace>
      5.785614705242511
    </nax:Pace>
    </nax:Nax>
    </TPX>
    </Extensions>
    </Trackpoint>
<Trackpoint>
      <Time>
      2025-09-06T16:02:42.226Z
    </Time><Cadence>
      164.94056224822998
    </Cadence><SensorState>
      Present
    </SensorState>
    </Trackpoint>
<Trackpoint>
      <Time>
      2025-09-06T16:02:42.622Z
    </Time><SensorState>
      Present
    </SensorState><Extensions>
      <TPX xmlns="http://www.garmin.com/xmlschemas/ActivityExtension/v2">
      <nax:Nax>
      <nax:DescentInMeters>
      0.0422821044921875
    </nax:DescentInMeters>
    </nax:Nax>
    </TPX>
    </Extensions>
    </Trackpoint>
<Trackpoint>
      <Time>
      2025-09-06T16:02:43.682Z
    </Time><SensorState>
      Present
    </SensorState><Extensions>
      <TPX xmlns="http://www.garmin.com/xmlschemas/ActivityExtension/v2">
      <nax:Nax>
      <nax:DescentInMeters>
      0.0528411865234375
    </nax:DescentInMeters>
    </nax:Nax>
    </TPX>
    </Extensions>
    </Trackpoint>
<Trackpoint>
      <Time>
      2025-09-06T16:02:43.999Z
    </Time><Position>
      <LatitudeDegrees>
      47.60984817453727
    </LatitudeDegrees><LongitudeDegrees>
      -122.2895004287288
    </LongitudeDegrees>
    </Position><AltitudeMeters>
      105.08254114445299
    </AltitudeMeters><SensorState>
      Present
    </SensorState>
    </Trackpoint>
<Trackpoint>
      <Time>
      2025-09-06T16:02:44.742Z
    </Time><SensorState>
      Present
    </SensorState><Extensions>
      <TPX xmlns="http://www.garmin.com/xmlschemas/ActivityExtension/v2">
      <nax:Nax>
      <nax:DescentInMeters>
      0.05020904541015625
    </nax:DescentInMeters>
    </nax:Nax>
    </TPX>
    </Extensions>
    </Trackpoint>
<Trackpoint>
      <Time>
      2025-09-06T16:02:44.781Z
    </Time><SensorState>
      Present
    </SensorState><Extensions>
      <TPX xmlns="http://www.garmin.com/xmlschemas/ActivityExtension/v2">
      <ns3:Speed>
      2.8752600684006953
    </ns3:Speed><nax:Nax>
      <nax:Pace>
      5.796577099175992
    </nax:Pace>
    </nax:Nax>
    </TPX>
    </Extensions>
    </Trackpoint>
<Trackpoint>
      <Time>
      2025-09-06T16:02:44.782Z
    </Time><DistanceMeters>
      6.226560916285962
    </DistanceMeters><Cadence>
      164.60413455963135
    </Cadence><SensorState>
      Present
    </SensorState>
    </Trackpoint>
<Trackpoint>
      <Time>
      2025-09-06T16:02:45.802Z
    </Time><SensorState>
      Present
    </SensorState><Extensions>
      <TPX xmlns="http://www.garmin.com/xmlschemas/ActivityExtension/v2">
      <nax:Nax>
      <nax:DescentInMeters>
      0.0343475341796875
    </nax:DescentInMeters>
    </nax:Nax>
    </TPX>
    </Extensions>
    </Trackpoint>
<Trackpoint>
      <Time>
      2025-09-06T16:02:46.862Z
    </Time><SensorState>
      Present
    </SensorState><Extensions>
      <TPX xmlns="http://www.garmin.com/xmlschemas/ActivityExtension/v2">
      <nax:Nax>
      <nax:DescentInMeters>
      0.013214111328125
    </nax:DescentInMeters>
    </nax:Nax>
    </TPX>
    </Extensions>
    </Trackpoint>
<Trackpoint>
      <Time>
      2025-09-06T16:02:47.336Z
    </Time><SensorState>
      Present
    </SensorState><Extensions>
      <TPX xmlns="http://www.garmin.com/xmlschemas/ActivityExtension/v2">
      <ns3:Speed>
      2.869146415377237
    </ns3:Speed><nax:Nax>
      <nax:Pace>
      5.808928598882718
    </nax:Pace>
    </nax:Nax>
    </TPX>
    </Extensions>
    </Trackpoint>
<Trackpoint>
      <Time>
      2025-09-06T16:02:47.337Z
    </Time><DistanceMeters>
      6.447314940625802
    </DistanceMeters><Cadence>
      164.15496826171875
    </Cadence><SensorState>
      Present
    </SensorState>
    </Trackpoint>
<Trackpoint>
      <Time>
      2025-09-06T16:02:47.922Z
    </Time><SensorState>
      Present
    </SensorState><Extensions>
      <TPX xmlns="http://www.garmin.com/xmlschemas/ActivityExtension/v2">
      <nax:Nax>
      <nax:DescentInMeters>
      0.03699493408203125
    </nax:DescentInMeters>
    </nax:Nax>
    </TPX>
    </Extensions>
    </Trackpoint>
<Trackpoint>
      <Time>
      2025-09-06T16:02:48.983Z
    </Time><SensorState>
      Present
    </SensorState><Extensions>
      <TPX xmlns="http://www.garmin.com/xmlschemas/ActivityExtension/v2">
      <nax:Nax>
      <nax:DescentInMeters>
      0.0026397705078125
    </nax:DescentInMeters>
    </nax:Nax>
    </TPX>
    </Extensions>
    </Trackpoint>
<Trackpoint>
      <Time>
      2025-09-06T16:02:48.999Z
    </Time><Position>
      <LatitudeDegrees>
      47.60973483147179
    </LatitudeDegrees><LongitudeDegrees>
      -122.28948045538002
    </LongitudeDegrees>
    </Position><AltitudeMeters>
      105.2954169223085
    </AltitudeMeters><SensorState>
      Present
    </SensorState>
    </Trackpoint>
<Trackpoint>
      <Time>
      2025-09-06T16:02:49.892Z
    </Time><SensorState>
      Present
    </SensorState><Extensions>
      <TPX xmlns="http://www.garmin.com/xmlschemas/ActivityExtension/v2">
      <ns3:Speed>
      2.8614207336876794
    </ns3:Speed><nax:Nax>
      <nax:Pace>
      5.824612392874976
    </nax:Pace>
    </nax:Nax>
    </TPX>
    </Extensions>
    </Trackpoint>
<Trackpoint>
      <Time>
      2025-09-06T16:02:49.893Z
    </Time><DistanceMeters>
      6.563535227673128
    </DistanceMeters><Cadence>
      163.87784957885742
    </Cadence><SensorState>
      Present
    </SensorState>
    </Trackpoint>
<Trackpoint>
      <Time>
      2025-09-06T16:02:50.043Z
    </Time><SensorState>
      Present
    </SensorState><Extensions>
      <TPX xmlns="http://www.garmin.com/xmlschemas/ActivityExtension/v2">
      <nax:Nax>
      <nax:DescentInMeters>
      0.02378082275390625
    </nax:DescentInMeters>
    </nax:Nax>
    </TPX>
    </Extensions>
    </Trackpoint>
<Trackpoint>
      <Time>
      2025-09-06T16:02:51.000Z
    </Time><SensorState>
      Present
    </SensorState><Extensions>
      <TPX xmlns="http://www.garmin.com/xmlschemas/ActivityExtension/v2">
      <nax:Nax>
      <nax:NikeFuel>
      7.385731108084117
    </nax:NikeFuel>
    </nax:Nax>
    </TPX>
    </Extensions>
    </Trackpoint>
<Trackpoint>
      <Time>
      2025-09-06T16:02:51.103Z
    </Time><SensorState>
      Present
    </SensorState><Extensions>
      <TPX xmlns="http://www.garmin.com/xmlschemas/ActivityExtension/v2">
      <nax:Nax>
      <nax:DescentInMeters>
      0.07134246826171875
    </nax:DescentInMeters>
    </nax:Nax>
    </TPX>
    </Extensions>
    </Trackpoint>
<Trackpoint>
      <Time>
      2025-09-06T16:02:52.163Z
    </Time><SensorState>
      Present
    </SensorState><Extensions>
      <TPX xmlns="http://www.garmin.com/xmlschemas/ActivityExtension/v2">
      <nax:Nax>
      <nax:DescentInMeters>
      0.05548858642578125
    </nax:DescentInMeters>
    </nax:Nax>
    </TPX>
    </Extensions>
    </Trackpoint>
<Trackpoint>
      <Time>
      2025-09-06T16:02:52.447Z
    </Time><SensorState>
      Present
    </SensorState><Extensions>
      <TPX xmlns="http://www.garmin.com/xmlschemas/ActivityExtension/v2">
      <ns3:Speed>
      2.8553239732982627
    </ns3:Speed><nax:Nax>
      <nax:Pace>
      5.837049253438847
    </nax:Pace>
    </nax:Nax>
    </TPX>
    </Extensions>
    </Trackpoint>
<Trackpoint>
      <Time>
      2025-09-06T16:02:52.448Z
    </Time><DistanceMeters>
      7.020360042806715
    </DistanceMeters><Cadence>
      163.11030864715576
    </Cadence><SensorState>
      Present
    </SensorState>
    </Trackpoint>
<Trackpoint>
      <Time>
      2025-09-06T16:02:52.999Z
    </Time><Position>
      <LatitudeDegrees>
      47.60963262846488
    </LatitudeDegrees><LongitudeDegrees>
      -122.28947978319594
    </LongitudeDegrees>
    </Position><AltitudeMeters>
      105.82574288826436
    </AltitudeMeters><SensorState>
      Present
    </SensorState>
    </Trackpoint>
<Trackpoint>
      <Time>
      2025-09-06T16:02:53.223Z
    </Time><SensorState>
      Present
    </SensorState><Extensions>
      <TPX xmlns="http://www.garmin.com/xmlschemas/ActivityExtension/v2">
      <nax:Nax>
      <nax:DescentInMeters>
      0.0290679931640625
    </nax:DescentInMeters>
    </nax:Nax>
    </TPX>
    </Extensions>
    </Trackpoint>
<Trackpoint>
      <Time>
      2025-09-06T16:02:54.283Z
    </Time><SensorState>
      Present
    </SensorState><Extensions>
      <TPX xmlns="http://www.garmin.com/xmlschemas/ActivityExtension/v2">
      <nax:Nax>
      <nax:DescentInMeters>
      0.04227447509765625
    </nax:DescentInMeters>
    </nax:Nax>
    </TPX>
    </Extensions>
    </Trackpoint>
<Trackpoint>
      <Time>
      2025-09-06T16:02:55.003Z
    </Time><SensorState>
      Present
    </SensorState><Extensions>
      <TPX xmlns="http://www.garmin.com/xmlschemas/ActivityExtension/v2">
      <ns3:Speed>
      2.8483509829895732
    </ns3:Speed><nax:Nax>
      <nax:Pace>
      5.851338815405979
    </nax:Pace>
    </nax:Nax>
    </TPX>
    </Extensions>
    </Trackpoint>
<Trackpoint>
      <Time>
      2025-09-06T16:02:55.004Z
    </Time><DistanceMeters>
      4.279042907292023
    </DistanceMeters><Cadence>
      162.06368923187256
    </Cadence><SensorState>
      Present
    </SensorState>
    </Trackpoint>
<Trackpoint>
      <Time>
      2025-09-06T16:02:55.343Z
    </Time><SensorState>
      Present
    </SensorState><Extensions>
      <TPX xmlns="http://www.garmin.com/xmlschemas/ActivityExtension/v2">
      <nax:Nax>
      <nax:DescentInMeters>
      0.02114105224609375
    </nax:DescentInMeters>
    </nax:Nax>
    </TPX>
    </Extensions>
    </Trackpoint>
<Trackpoint>
      <Time>
      2025-09-06T16:02:56.404Z
    </Time><SensorState>
      Present
    </SensorState><Extensions>
      <TPX xmlns="http://www.garmin.com/xmlschemas/ActivityExtension/v2">
      <nax:Nax>
      <nax:DescentInMeters>
      0.00792694091796875
    </nax:DescentInMeters>
    </nax:Nax>
    </TPX>
    </Extensions>
    </Trackpoint>
<Trackpoint>
      <Time>
      2025-09-06T16:02:57.464Z
    </Time><SensorState>
      Present
    </SensorState><Extensions>
      <TPX xmlns="http://www.garmin.com/xmlschemas/ActivityExtension/v2">
      <nax:Nax>
      <nax:DescentInMeters>
      0.01849365234375
    </nax:DescentInMeters>
    </nax:Nax>
    </TPX>
    </Extensions>
    </Trackpoint>
<Trackpoint>
      <Time>
      2025-09-06T16:02:57.558Z
    </Time><SensorState>
      Present
    </SensorState><Extensions>
      <TPX xmlns="http://www.garmin.com/xmlschemas/ActivityExtension/v2">
      <ns3:Speed>
      2.836938554672127
    </ns3:Speed><nax:Nax>
      <nax:Pace>
      5.874877564485312
    </nax:Pace>
    </nax:Nax>
    </TPX>
    </Extensions>
    </Trackpoint>
<Trackpoint>
      <Time>
      2025-09-06T16:02:57.559Z
    </Time><DistanceMeters>
      6.302421213593334
    </DistanceMeters><Cadence>
      162.06368923187256
    </Cadence><SensorState>
      Present
    </SensorState>
    </Trackpoint>
<Trackpoint>
      <Time>
      2025-09-06T16:02:58.524Z
    </Time><SensorState>
      Present
    </SensorState><Extensions>
      <TPX xmlns="http://www.garmin.com/xmlschemas/ActivityExtension/v2">
      <nax:Nax>
      <nax:DescentInMeters>
      0.03699493408203125
    </nax:DescentInMeters>
    </nax:Nax>
    </TPX>
    </Extensions>
    </Trackpoint>
<Trackpoint>
      <Time>
      2025-09-06T16:02:58.999Z
    </Time><Position>
      <LatitudeDegrees>
      47.60951912730316
    </LatitudeDegrees><LongitudeDegrees>
      -122.28949828613443
    </LongitudeDegrees>
    </Position><AltitudeMeters>
      105.1826285077259
    </AltitudeMeters><SensorState>
      Present
    </SensorState>
    </Trackpoint>
<Trackpoint>
      <Time>
      2025-09-06T16:02:59.584Z
    </Time><SensorState>
      Present
    </SensorState><Extensions>
      <TPX xmlns="http://www.garmin.com/xmlschemas/ActivityExtension/v2">
      <nax:Nax>
      <nax:DescentInMeters>
      0.0475616455078125
    </nax:DescentInMeters>
    </nax:Nax>
    </TPX>
    </Extensions>
    </Trackpoint>
<Trackpoint>
      <Time>
      2025-09-06T16:03:00.114Z
    </Time><SensorState>
      Present
    </SensorState><Extensions>
      <TPX xmlns="http://www.garmin.com/xmlschemas/ActivityExtension/v2">
      <ns3:Speed>
      2.8261454008100584
    </ns3:Speed><nax:Nax>
      <nax:Pace>
      5.89731393929325
    </nax:Pace>
    </nax:Nax>
    </TPX>
    </Extensions>
    </Trackpoint>
<Trackpoint>
      <Time>
      2025-09-06T16:03:00.115Z
    </Time><DistanceMeters>
      7.253306959988549
    </DistanceMeters><Cadence>
      162.06368923187256
    </Cadence><SensorState>
      Present
    </SensorState>
    </Trackpoint>
<Trackpoint>
      <Time>
      2025-09-06T16:03:00.645Z
    </Time><SensorState>
      Present
    </SensorState><Extensions>
      <TPX xmlns="http://www.garmin.com/xmlschemas/ActivityExtension/v2">
      <nax:Nax>
      <nax:DescentInMeters>
      0.0475616455078125
    </nax:DescentInMeters>
    </nax:Nax>
    </TPX>
    </Extensions>
    </Trackpoint>
<Trackpoint>
      <Time>
      2025-09-06T16:03:01.000Z
    </Time><SensorState>
      Present
    </SensorState><Extensions>
      <TPX xmlns="http://www.garmin.com/xmlschemas/ActivityExtension/v2">
      <nax:Nax>
      <nax:NikeFuel>
      7.288136851490485
    </nax:NikeFuel>
    </nax:Nax>
    </TPX>
    </Extensions>
    </Trackpoint>
<Trackpoint>
      <Time>
      2025-09-06T16:03:01.705Z
    </Time><SensorState>
      Present
    </SensorState><Extensions>
      <TPX xmlns="http://www.garmin.com/xmlschemas/ActivityExtension/v2">
      <nax:Nax>
      <nax:DescentInMeters>
      0.02906036376953125
    </nax:DescentInMeters>
    </nax:Nax>
    </TPX>
    </Extensions>
    </Trackpoint>
<Trackpoint>
      <Time>
      2025-09-06T16:03:02.669Z
    </Time><SensorState>
      Present
    </SensorState><Extensions>
      <TPX xmlns="http://www.garmin.com/xmlschemas/ActivityExtension/v2">
      <ns3:Speed>
      2.8163998084768114
    </ns3:Speed><nax:Nax>
      <nax:Pace>
      5.917720423252149
    </nax:Pace>
    </nax:Nax>
    </TPX>
    </Extensions>
    </Trackpoint>
<Trackpoint>
      <Time>
      2025-09-06T16:03:02.670Z
    </Time><DistanceMeters>
      6.0410505454055965
    </DistanceMeters><Cadence>
      161.20448112487793
    </Cadence><SensorState>
      Present
    </SensorState>
    </Trackpoint>
<Trackpoint>
      <Time>
      2025-09-06T16:03:02.764Z
    </Time><SensorState>
      Present
    </SensorState><Extensions>
      <TPX xmlns="http://www.garmin.com/xmlschemas/ActivityExtension/v2">
      <nax:Nax>
      <nax:DescentInMeters>
      0.031707763671875
    </nax:DescentInMeters>
    </nax:Nax>
    </TPX>
    </Extensions>
    </Trackpoint>
<Trackpoint>
      <Time>
      2025-09-06T16:03:03.824Z
    </Time><SensorState>
      Present
    </SensorState><Extensions>
      <TPX xmlns="http://www.garmin.com/xmlschemas/ActivityExtension/v2">
      <nax:Nax>
      <nax:DescentInMeters>
      0.02114105224609375
    </nax:DescentInMeters>
    </nax:Nax>
    </TPX>
    </Extensions>
    </Trackpoint>
<Trackpoint>
      <Time>
      2025-09-06T16:03:03.999Z
    </Time><Position>
      <LatitudeDegrees>
      47.60940898417983
    </LatitudeDegrees><LongitudeDegrees>
      -122.28949028926081
    </LongitudeDegrees>
    </Position><AltitudeMeters>
      104.34589645080268
    </AltitudeMeters><SensorState>
      Present
    </SensorState>
    </Trackpoint>
<Trackpoint>
      <Time>
      2025-09-06T16:03:04.885Z
    </Time><SensorState>
      Present
    </SensorState><Extensions>
      <TPX xmlns="http://www.garmin.com/xmlschemas/ActivityExtension/v2">
      <nax:Nax>
      <nax:DescentInMeters>
      0.03963470458984375
    </nax:DescentInMeters>
    </nax:Nax>
    </TPX>
    </Extensions>
    </Trackpoint>
<Trackpoint>
      <Time>
      2025-09-06T16:03:05.225Z
    </Time><DistanceMeters>
      5.9009514667559415
    </DistanceMeters><SensorState>
      Present
    </SensorState><Extensions>
      <TPX xmlns="http://www.garmin.com/xmlschemas/ActivityExtension/v2">
      <ns3:Speed>
      2.805911229953365
    </ns3:Speed><nax:Nax>
      <nax:Pace>
      5.939841035863302
    </nax:Pace>
    </nax:Nax>
    </TPX>
    </Extensions>
    </Trackpoint>
<Trackpoint>
      <Time>
      2025-09-06T16:03:05.226Z
    </Time><Cadence>
      161.20448112487793
    </Cadence><SensorState>
      Present
    </SensorState>
    </Trackpoint>
<Trackpoint>
      <Time>
      2025-09-06T16:03:05.945Z
    </Time><SensorState>
      Present
    </SensorState><Extensions>
      <TPX xmlns="http://www.garmin.com/xmlschemas/ActivityExtension/v2">
      <nax:Nax>
      <nax:DescentInMeters>
      0.04227447509765625
    </nax:DescentInMeters>
    </nax:Nax>
    </TPX>
    </Extensions>
    </Trackpoint>
<Trackpoint>
      <Time>
      2025-09-06T16:03:07.005Z
    </Time><SensorState>
      Present
    </SensorState><Extensions>
      <TPX xmlns="http://www.garmin.com/xmlschemas/ActivityExtension/v2">
      <nax:Nax>
      <nax:DescentInMeters>
      0.08719635009765625
    </nax:DescentInMeters>
    </nax:Nax>
    </TPX>
    </Extensions>
    </Trackpoint>
<Trackpoint>
      <Time>
      2025-09-06T16:03:07.781Z
    </Time><SensorState>
      Present
    </SensorState><Extensions>
      <TPX xmlns="http://www.garmin.com/xmlschemas/ActivityExtension/v2">
      <ns3:Speed>
      2.7962436216326725
    </ns3:Speed><nax:Nax>
      <nax:Pace>
      5.960377178056939
    </nax:Pace>
    </nax:Nax>
    </TPX>
    </Extensions>
    </Trackpoint>
<Trackpoint>
      <Time>
      2025-09-06T16:03:07.782Z
    </Time><DistanceMeters>
      6.970523850526661
    </DistanceMeters><Cadence>
      160.88975429534912
    </Cadence><SensorState>
      Present
    </SensorState>
    </Trackpoint>
<Trackpoint>
      <Time>
      2025-09-06T16:03:07.999Z
    </Time><Position>
      <LatitudeDegrees>
      47.60931730909762
    </LatitudeDegrees><LongitudeDegrees>
      -122.28947479725792
    </LongitudeDegrees>
    </Position><AltitudeMeters>
      103.99812113214284
    </AltitudeMeters><SensorState>
      Present
    </SensorState>
    </Trackpoint>
<Trackpoint>
      <Time>
      2025-09-06T16:03:08.065Z
    </Time><SensorState>
      Present
    </SensorState><Extensions>
      <TPX xmlns="http://www.garmin.com/xmlschemas/ActivityExtension/v2">
      <nax:Nax>
      <nax:DescentInMeters>
      0.08191680908203125
    </nax:DescentInMeters>
    </nax:Nax>
    </TPX>
    </Extensions>
    </Trackpoint>
<Trackpoint>
      <Time>
      2025-09-06T16:03:09.126Z
    </Time><SensorState>
      Present
    </SensorState><Extensions>
      <TPX xmlns="http://www.garmin.com/xmlschemas/ActivityExtension/v2">
      <nax:Nax>
      <nax:DescentInMeters>
      0.04491424560546875
    </nax:DescentInMeters>
    </nax:Nax>
    </TPX>
    </Extensions>
    </Trackpoint>
<Trackpoint>
      <Time>
      2025-09-06T16:03:10.185Z
    </Time><SensorState>
      Present
    </SensorState><Extensions>
      <TPX xmlns="http://www.garmin.com/xmlschemas/ActivityExtension/v2">
      <nax:Nax>
      <nax:DescentInMeters>
      0.05020904541015625
    </nax:DescentInMeters>
    </nax:Nax>
    </TPX>
    </Extensions>
    </Trackpoint>
<Trackpoint>
      <Time>
      2025-09-06T16:03:10.336Z
    </Time><SensorState>
      Present
    </SensorState><Extensions>
      <TPX xmlns="http://www.garmin.com/xmlschemas/ActivityExtension/v2">
      <ns3:Speed>
      2.787753357184145
    </ns3:Speed><nax:Nax>
      <nax:Pace>
      5.978529852261156
    </nax:Pace>
    </nax:Nax>
    </TPX>
    </Extensions>
    </Trackpoint>
<Trackpoint>
      <Time>
      2025-09-06T16:03:10.337Z
    </Time><DistanceMeters>
      6.603160788537934
    </DistanceMeters><Cadence>
      160.38858890533447
    </Cadence><SensorState>
      Present
    </SensorState>
    </Trackpoint>
<Trackpoint>
      <Time>
      2025-09-06T16:03:11.000Z
    </Time><SensorState>
      Present
    </SensorState><Extensions>
      <TPX xmlns="http://www.garmin.com/xmlschemas/ActivityExtension/v2">
      <nax:Nax>
      <nax:NikeFuel>
      7.211971759499294
    </nax:NikeFuel>
    </nax:Nax>
    </TPX>
    </Extensions>
    </Trackpoint>
<Trackpoint>
      <Time>
      2025-09-06T16:03:11.245Z
    </Time><SensorState>
      Present
    </SensorState><Extensions>
      <TPX xmlns="http://www.garmin.com/xmlschemas/ActivityExtension/v2">
      <nax:Nax>
      <nax:DescentInMeters>
      0.04227447509765625
    </nax:DescentInMeters>
    </nax:Nax>
    </TPX>
    </Extensions>
    </Trackpoint>
<Trackpoint>
      <Time>
      2025-09-06T16:03:11.999Z
    </Time><Position>
      <LatitudeDegrees>
      47.609224195471135
    </LatitudeDegrees><LongitudeDegrees>
      -122.28949717400886
    </LongitudeDegrees>
    </Position><AltitudeMeters>
      103.96016024891287
    </AltitudeMeters><SensorState>
      Present
    </SensorState>
    </Trackpoint>
<Trackpoint>
      <Time>
      2025-09-06T16:03:12.306Z
    </Time><SensorState>
      Present
    </SensorState><Extensions>
      <TPX xmlns="http://www.garmin.com/xmlschemas/ActivityExtension/v2">
      <nax:Nax>
      <nax:DescentInMeters>
      0.03963470458984375
    </nax:DescentInMeters>
    </nax:Nax>
    </TPX>
    </Extensions>
    </Trackpoint>
<Trackpoint>
      <Time>
      2025-09-06T16:03:12.892Z
    </Time><SensorState>
      Present
    </SensorState><Extensions>
      <TPX xmlns="http://www.garmin.com/xmlschemas/ActivityExtension/v2">
      <ns3:Speed>
      2.7795381679933575
    </ns3:Speed><nax:Nax>
      <nax:Pace>
      5.996199965370109
    </nax:Pace>
    </nax:Nax>
    </TPX>
    </Extensions>
    </Trackpoint>
<Trackpoint>
      <Time>
      2025-09-06T16:03:12.893Z
    </Time><DistanceMeters>
      7.968372465111315
    </DistanceMeters><Cadence>
      160.1392936706543
    </Cadence><SensorState>
      Present
    </SensorState>
    </Trackpoint>
<Trackpoint>
      <Time>
      2025-09-06T16:03:13.366Z
    </Time><SensorState>
      Present
    </SensorState><Extensions>
      <TPX xmlns="http://www.garmin.com/xmlschemas/ActivityExtension/v2">
      <nax:Nax>
      <nax:DescentInMeters>
      0.05284881591796875
    </nax:DescentInMeters>
    </nax:Nax>
    </TPX>
    </Extensions>
    </Trackpoint>
<Trackpoint>
      <Time>
      2025-09-06T16:03:14.426Z
    </Time><SensorState>
      Present
    </SensorState><Extensions>
      <TPX xmlns="http://www.garmin.com/xmlschemas/ActivityExtension/v2">
      <nax:Nax>
      <nax:DescentInMeters>
      0.005279541015625
    </nax:DescentInMeters>
    </nax:Nax>
    </TPX>
    </Extensions>
    </Trackpoint>
<Trackpoint>
      <Time>
      2025-09-06T16:03:15.447Z
    </Time><SensorState>
      Present
    </SensorState><Extensions>
      <TPX xmlns="http://www.garmin.com/xmlschemas/ActivityExtension/v2">
      <ns3:Speed>
      2.7738797070045687
    </ns3:Speed><nax:Nax>
      <nax:Pace>
      6.008431665071919
    </nax:Pace>
    </nax:Nax>
    </TPX>
    </Extensions>
    </Trackpoint>
<Trackpoint>
      <Time>
      2025-09-06T16:03:15.448Z
    </Time><DistanceMeters>
      5.363524075364694
    </DistanceMeters><Cadence>
      159.77847576141357
    </Cadence><SensorState>
      Present
    </SensorState>
    </Trackpoint>
<Trackpoint>
      <Time>
      2025-09-06T16:03:16.000Z
    </Time><Position>
      <LatitudeDegrees>
      47.60912270728991
    </LatitudeDegrees><LongitudeDegrees>
      -122.28950782488516
    </LongitudeDegrees>
    </Position><AltitudeMeters>
      105.10044702794403
    </AltitudeMeters><SensorState>
      Present
    </SensorState>
    </Trackpoint>
<Trackpoint>
      <Time>
      2025-09-06T16:03:16.547Z
    </Time><SensorState>
      Present
    </SensorState><Extensions>
      <TPX xmlns="http://www.garmin.com/xmlschemas/ActivityExtension/v2">
      <nax:Nax>
      <nax:DescentInMeters>
      0.00792694091796875
    </nax:DescentInMeters>
    </nax:Nax>
    </TPX>
    </Extensions>
    </Trackpoint>
<Trackpoint>
      <Time>
      2025-09-06T16:03:17.606Z
    </Time><SensorState>
      Present
    </SensorState><Extensions>
      <TPX xmlns="http://www.garmin.com/xmlschemas/ActivityExtension/v2">
      <nax:Nax>
      <nax:DescentInMeters>
      0.0290679931640625
    </nax:DescentInMeters>
    </nax:Nax>
    </TPX>
    </Extensions>
    </Trackpoint>
<Trackpoint>
      <Time>
      2025-09-06T16:03:18.003Z
    </Time><SensorState>
      Present
    </SensorState><Extensions>
      <TPX xmlns="http://www.garmin.com/xmlschemas/ActivityExtension/v2">
      <ns3:Speed>
      2.7673418041507376
    </ns3:Speed><nax:Nax>
      <nax:Pace>
      6.022626710465734
    </nax:Pace>
    </nax:Nax>
    </TPX>
    </Extensions>
    </Trackpoint>
<Trackpoint>
      <Time>
      2025-09-06T16:03:18.004Z
    </Time><DistanceMeters>
      6.2014323465991765
    </DistanceMeters><Cadence>
      159.84118938446045
    </Cadence><SensorState>
      Present
    </SensorState>
    </Trackpoint>
<Trackpoint>
      <Time>
      2025-09-06T16:03:20.558Z
    </Time><SensorState>
      Present
    </SensorState><Extensions>
      <TPX xmlns="http://www.garmin.com/xmlschemas/ActivityExtension/v2">
      <ns3:Speed>
      2.7603282937231697
    </ns3:Speed><nax:Nax>
      <nax:Pace>
      6.037929149429697
    </nax:Pace>
    </nax:Nax>
    </TPX>
    </Extensions>
    </Trackpoint>
<Trackpoint>
      <Time>
      2025-09-06T16:03:20.559Z
    </Time><DistanceMeters>
      6.309547399869189
    </DistanceMeters><Cadence>
      159.40502643585205
    </Cadence><SensorState>
      Present
    </SensorState>
    </Trackpoint>
<Trackpoint>
      <Time>
      2025-09-06T16:03:20.787Z
    </Time><SensorState>
      Present
    </SensorState><Extensions>
      <TPX xmlns="http://www.garmin.com/xmlschemas/ActivityExtension/v2">
      <nax:Nax>
      <nax:DescentInMeters>
      0.05548858642578125
    </nax:DescentInMeters>
    </nax:Nax>
    </TPX>
    </Extensions>
    </Trackpoint>
<Trackpoint>
      <Time>
      2025-09-06T16:03:21.000Z
    </Time><Position>
      <LatitudeDegrees>
      47.609017575376726
    </LatitudeDegrees><LongitudeDegrees>
      -122.28950537529424
    </LongitudeDegrees>
    </Position><AltitudeMeters>
      104.6664242837578
    </AltitudeMeters><SensorState>
      Present
    </SensorState><Extensions>
      <TPX xmlns="http://www.garmin.com/xmlschemas/ActivityExtension/v2">
      <nax:Nax>
      <nax:NikeFuel>
      7.1577395008371365
    </nax:NikeFuel>
    </nax:Nax>
    </TPX>
    </Extensions>
    </Trackpoint>
<Trackpoint>
      <Time>
      2025-09-06T16:03:21.847Z
    </Time><SensorState>
      Present
    </SensorState><Extensions>
      <TPX xmlns="http://www.garmin.com/xmlschemas/ActivityExtension/v2">
      <nax:Nax>
      <nax:DescentInMeters>
      0.08191680908203125
    </nax:DescentInMeters>
    </nax:Nax>
    </TPX>
    </Extensions>
    </Trackpoint>
<Trackpoint>
      <Time>
      2025-09-06T16:03:22.907Z
    </Time><SensorState>
      Present
    </SensorState><Extensions>
      <TPX xmlns="http://www.garmin.com/xmlschemas/ActivityExtension/v2">
      <nax:Nax>
      <nax:DescentInMeters>
      0.0845489501953125
    </nax:DescentInMeters>
    </nax:Nax>
    </TPX>
    </Extensions>
    </Trackpoint>
<Trackpoint>
      <Time>
      2025-09-06T16:03:23.114Z
    </Time><SensorState>
      Present
    </SensorState><Extensions>
      <TPX xmlns="http://www.garmin.com/xmlschemas/ActivityExtension/v2">
      <ns3:Speed>
      2.753243700017443
    </ns3:Speed><nax:Nax>
      <nax:Pace>
      6.053465832523679
    </nax:Pace>
    </nax:Nax>
    </TPX>
    </Extensions>
    </Trackpoint>
<Trackpoint>
      <Time>
      2025-09-06T16:03:23.115Z
    </Time><DistanceMeters>
      8.234173464821652
    </DistanceMeters><Cadence>
      159.34308528900146
    </Cadence><SensorState>
      Present
    </SensorState>
    </Trackpoint>
<Trackpoint>
      <Time>
      2025-09-06T16:03:23.967Z
    </Time><SensorState>
      Present
    </SensorState><Extensions>
      <TPX xmlns="http://www.garmin.com/xmlschemas/ActivityExtension/v2">
      <nax:Nax>
      <nax:DescentInMeters>
      0.0924835205078125
    </nax:DescentInMeters>
    </nax:Nax>
    </TPX>
    </Extensions>
    </Trackpoint>
<Trackpoint>
      <Time>
      2025-09-06T16:03:25.000Z
    </Time><Position>
      <LatitudeDegrees>
      47.60891163905393
    </LatitudeDegrees><LongitudeDegrees>
      -122.28949977772898
    </LongitudeDegrees>
    </Position><AltitudeMeters>
      103.423054873012
    </AltitudeMeters><SensorState>
      Present
    </SensorState>
    </Trackpoint>
<Trackpoint>
      <Time>
      2025-09-06T16:03:25.027Z
    </Time><SensorState>
      Present
    </SensorState><Extensions>
      <TPX xmlns="http://www.garmin.com/xmlschemas/ActivityExtension/v2">
      <nax:Nax>
      <nax:DescentInMeters>
      0.0977630615234375
    </nax:DescentInMeters>
    </nax:Nax>
    </TPX>
    </Extensions>
    </Trackpoint>
<Trackpoint>
      <Time>
      2025-09-06T16:03:25.669Z
    </Time><SensorState>
      Present
    </SensorState><Extensions>
      <TPX xmlns="http://www.garmin.com/xmlschemas/ActivityExtension/v2">
      <ns3:Speed>
      2.7489362320777437
    </ns3:Speed><nax:Nax>
      <nax:Pace>
      6.062951359940936
    </nax:Pace>
    </nax:Nax>
    </TPX>
    </Extensions>
    </Trackpoint>
<Trackpoint>
      <Time>
      2025-09-06T16:03:25.670Z
    </Time><DistanceMeters>
      6.87642094376497
    </DistanceMeters><Cadence>
      158.6663818359375
    </Cadence><SensorState>
      Present
    </SensorState>
    </Trackpoint>
<Trackpoint>
      <Time>
      2025-09-06T16:03:26.087Z
    </Time><SensorState>
      Present
    </SensorState><Extensions>
      <TPX xmlns="http://www.garmin.com/xmlschemas/ActivityExtension/v2">
      <nax:Nax>
      <nax:DescentInMeters>
      0.1241912841796875
    </nax:DescentInMeters>
    </nax:Nax>
    </TPX>
    </Extensions>
    </Trackpoint>
<Trackpoint>
      <Time>
      2025-09-06T16:03:27.148Z
    </Time><SensorState>
      Present
    </SensorState><Extensions>
      <TPX xmlns="http://www.garmin.com/xmlschemas/ActivityExtension/v2">
      <nax:Nax>
      <nax:DescentInMeters>
      0.06870269775390625
    </nax:DescentInMeters>
    </nax:Nax>
    </TPX>
    </Extensions>
    </Trackpoint>
<Trackpoint>
      <Time>
      2025-09-06T16:03:28.208Z
    </Time><SensorState>
      Present
    </SensorState><Extensions>
      <TPX xmlns="http://www.garmin.com/xmlschemas/ActivityExtension/v2">
      <nax:Nax>
      <nax:DescentInMeters>
      0.0819091796875
    </nax:DescentInMeters>
    </nax:Nax>
    </TPX>
    </Extensions>
    </Trackpoint>
<Trackpoint>
      <Time>
      2025-09-06T16:03:28.225Z
    </Time><DistanceMeters>
      7.444152777083218
    </DistanceMeters><SensorState>
      Present
    </SensorState><Extensions>
      <TPX xmlns="http://www.garmin.com/xmlschemas/ActivityExtension/v2">
      <ns3:Speed>
      2.7462636216437852
    </ns3:Speed><nax:Nax>
      <nax:Pace>
      6.068851706483581
    </nax:Pace>
    </nax:Nax>
    </TPX>
    </Extensions>
    </Trackpoint>
<Trackpoint>
      <Time>
      2025-09-06T16:03:28.226Z
    </Time><Cadence>
      157.80239582061768
    </Cadence><SensorState>
      Present
    </SensorState>
    </Trackpoint>
<Trackpoint>
      <Time>
      2025-09-06T16:03:29.000Z
    </Time><Position>
      <LatitudeDegrees>
      47.608810948050646
    </LatitudeDegrees><LongitudeDegrees>
      -122.28947721160112
    </LongitudeDegrees>
    </Position><AltitudeMeters>
      103.61931667570025
    </AltitudeMeters><SensorState>
      Present
    </SensorState>
    </Trackpoint>
<Trackpoint>
      <Time>
      2025-09-06T16:03:29.268Z
    </Time><SensorState>
      Present
    </SensorState><Extensions>
      <TPX xmlns="http://www.garmin.com/xmlschemas/ActivityExtension/v2">
      <nax:Nax>
      <nax:DescentInMeters>
      0.0819091796875
    </nax:DescentInMeters>
    </nax:Nax>
    </TPX>
    </Extensions>
    </Trackpoint>
<Trackpoint>
      <Time>
      2025-09-06T16:03:30.328Z
    </Time><SensorState>
      Present
    </SensorState><Extensions>
      <TPX xmlns="http://www.garmin.com/xmlschemas/ActivityExtension/v2">
      <nax:Nax>
      <nax:DescentInMeters>
      0.0739898681640625
    </nax:DescentInMeters>
    </nax:Nax>
    </TPX>
    </Extensions>
    </Trackpoint>
<Trackpoint>
      <Time>
      2025-09-06T16:03:30.780Z
    </Time><SensorState>
      Present
    </SensorState><Extensions>
      <TPX xmlns="http://www.garmin.com/xmlschemas/ActivityExtension/v2">
      <ns3:Speed>
      2.7434832869303842
    </ns3:Speed><nax:Nax>
      <nax:Pace>
      6.0750020771275
    </nax:Pace>
    </nax:Nax>
    </TPX>
    </Extensions>
    </Trackpoint>
<Trackpoint>
      <Time>
      2025-09-06T16:03:30.781Z
    </Time><DistanceMeters>
      6.105609402759001
    </DistanceMeters><Cadence>
      157.42934703826904
    </Cadence><SensorState>
      Present
    </SensorState>
    </Trackpoint>
<Trackpoint>
      <Time>
      2025-09-06T16:03:31.000Z
    </Time><SensorState>
      Present
    </SensorState><Extensions>
      <TPX xmlns="http://www.garmin.com/xmlschemas/ActivityExtension/v2">
      <nax:Nax>
      <nax:NikeFuel>
      7.134598087866434
    </nax:NikeFuel>
    </nax:Nax>
    </TPX>
    </Extensions>
    </Trackpoint>
<Trackpoint>
      <Time>
      2025-09-06T16:03:31.388Z
    </Time><SensorState>
      Present
    </SensorState><Extensions>
      <TPX xmlns="http://www.garmin.com/xmlschemas/ActivityExtension/v2">
      <nax:Nax>
      <nax:DescentInMeters>
      0.07134246826171875
    </nax:DescentInMeters>
    </nax:Nax>
    </TPX>
    </Extensions>
    </Trackpoint>
<Trackpoint>
      <Time>
      2025-09-06T16:03:32.448Z
    </Time><SensorState>
      Present
    </SensorState><Extensions>
      <TPX xmlns="http://www.garmin.com/xmlschemas/ActivityExtension/v2">
      <nax:Nax>
      <nax:DescentInMeters>
      0.05812835693359375
    </nax:DescentInMeters>
    </nax:Nax>
    </TPX>
    </Extensions>
    </Trackpoint>
<Trackpoint>
      <Time>
      2025-09-06T16:03:33.000Z
    </Time><Position>
      <LatitudeDegrees>
      47.60872142415681
    </LatitudeDegrees><LongitudeDegrees>
      -122.28950016171035
    </LongitudeDegrees>
    </Position><AltitudeMeters>
      104.16114237438887
    </AltitudeMeters><SensorState>
      Present
    </SensorState>
    </Trackpoint>
<Trackpoint>
      <Time>
      2025-09-06T16:03:33.336Z
    </Time><SensorState>
      Present
    </SensorState><Extensions>
      <TPX xmlns="http://www.garmin.com/xmlschemas/ActivityExtension/v2">
      <ns3:Speed>
      2.7406045629176448
    </ns3:Speed><nax:Nax>
      <nax:Pace>
      6.081383243747997
    </nax:Pace>
    </nax:Nax>
    </TPX>
    </Extensions>
    </Trackpoint>
<Trackpoint>
      <Time>
      2025-09-06T16:03:33.337Z
    </Time><DistanceMeters>
      6.249500701203942
    </DistanceMeters><Cadence>
      156.75511837005615
    </Cadence><SensorState>
      Present
    </SensorState>
    </Trackpoint>
<Trackpoint>
      <Time>
      2025-09-06T16:03:33.508Z
    </Time><SensorState>
      Present
    </SensorState><Extensions>
      <TPX xmlns="http://www.garmin.com/xmlschemas/ActivityExtension/v2">
      <nax:Nax>
      <nax:DescentInMeters>
      0.0290679931640625
    </nax:DescentInMeters>
    </nax:Nax>
    </TPX>
    </Extensions>
    </Trackpoint>
<Trackpoint>
      <Time>
      2025-09-06T16:03:34.567Z
    </Time><SensorState>
      Present
    </SensorState><Extensions>
      <TPX xmlns="http://www.garmin.com/xmlschemas/ActivityExtension/v2">
      <nax:Nax>
      <nax:DescentInMeters>
      0.02642059326171875
    </nax:DescentInMeters>
    </nax:Nax>
    </TPX>
    </Extensions>
    </Trackpoint>
<Trackpoint>
      <Time>
      2025-09-06T16:03:35.628Z
    </Time><SensorState>
      Present
    </SensorState><Extensions>
      <TPX xmlns="http://www.garmin.com/xmlschemas/ActivityExtension/v2">
      <nax:Nax>
      <nax:DescentInMeters>
      0.044921875
    </nax:DescentInMeters>
    </nax:Nax>
    </TPX>
    </Extensions>
    </Trackpoint>
<Trackpoint>
      <Time>
      2025-09-06T16:03:35.891Z
    </Time><SensorState>
      Present
    </SensorState><Extensions>
      <TPX xmlns="http://www.garmin.com/xmlschemas/ActivityExtension/v2">
      <ns3:Speed>
      2.738494576687512
    </ns3:Speed><nax:Nax>
      <nax:Pace>
      6.086068896593067
    </nax:Pace>
    </nax:Nax>
    </TPX>
    </Extensions>
    </Trackpoint>
<Trackpoint>
      <Time>
      2025-09-06T16:03:35.892Z
    </Time><DistanceMeters>
      5.958700741175562
    </DistanceMeters><Cadence>
      156.3744306564331
    </Cadence><SensorState>
      Present
    </SensorState>
    </Trackpoint>
<Trackpoint>
      <Time>
      2025-09-06T16:03:36.688Z
    </Time><SensorState>
      Present
    </SensorState><Extensions>
      <TPX xmlns="http://www.garmin.com/xmlschemas/ActivityExtension/v2">
      <nax:Nax>
      <nax:DescentInMeters>
      0.02378082275390625
    </nax:DescentInMeters>
    </nax:Nax>
    </TPX>
    </Extensions>
    </Trackpoint>
<Trackpoint>
      <Time>
      2025-09-06T16:03:37.748Z
    </Time><SensorState>
      Present
    </SensorState><Extensions>
      <TPX xmlns="http://www.garmin.com/xmlschemas/ActivityExtension/v2">
      <nax:Nax>
      <nax:DescentInMeters>
      0.01849365234375
    </nax:DescentInMeters>
    </nax:Nax>
    </TPX>
    </Extensions>
    </Trackpoint>
<Trackpoint>
      <Time>
      2025-09-06T16:03:38.000Z
    </Time><Position>
      <LatitudeDegrees>
      47.60860918611692
    </LatitudeDegrees><LongitudeDegrees>
      -122.28949329852792
    </LongitudeDegrees>
    </Position><AltitudeMeters>
      104.00477948319167
    </AltitudeMeters><SensorState>
      Present
    </SensorState>
    </Trackpoint>
<Trackpoint>
      <Time>
      2025-09-06T16:03:38.448Z
    </Time><SensorState>
      Present
    </SensorState><Extensions>
      <TPX xmlns="http://www.garmin.com/xmlschemas/ActivityExtension/v2">
      <ns3:Speed>
      2.7363115729305196
    </ns3:Speed><nax:Nax>
      <nax:Pace>
      6.090924305384234
    </nax:Pace>
    </nax:Nax>
    </TPX>
    </Extensions>
    </Trackpoint>
<Trackpoint>
      <Time>
      2025-09-06T16:03:38.449Z
    </Time><DistanceMeters>
      7.009122520219535
    </DistanceMeters><Cadence>
      156.49669647216797
    </Cadence><SensorState>
      Present
    </SensorState>
    </Trackpoint>
<Trackpoint>
      <Time>
      2025-09-06T16:03:38.808Z
    </Time><SensorState>
      Present
    </SensorState><Extensions>
      <TPX xmlns="http://www.garmin.com/xmlschemas/ActivityExtension/v2">
      <nax:Nax>
      <nax:DescentInMeters>
      0.11890411376953125
    </nax:DescentInMeters>
    </nax:Nax>
    </TPX>
    </Extensions>
    </Trackpoint>
<Trackpoint>
      <Time>
      2025-09-06T16:03:39.868Z
    </Time><SensorState>
      Present
    </SensorState><Extensions>
      <TPX xmlns="http://www.garmin.com/xmlschemas/ActivityExtension/v2">
      <nax:Nax>
      <nax:DescentInMeters>
      0.10305023193359375
    </nax:DescentInMeters>
    </nax:Nax>
    </TPX>
    </Extensions>
    </Trackpoint>
<Trackpoint>
      <Time>
      2025-09-06T16:03:40.928Z
    </Time><SensorState>
      Present
    </SensorState><Extensions>
      <TPX xmlns="http://www.garmin.com/xmlschemas/ActivityExtension/v2">
      <nax:Nax>
      <nax:DescentInMeters>
      0.1109771728515625
    </nax:DescentInMeters>
    </nax:Nax>
    </TPX>
    </Extensions>
    </Trackpoint>
<Trackpoint>
      <Time>
      2025-09-06T16:03:41.000Z
    </Time><SensorState>
      Present
    </SensorState><Extensions>
      <TPX xmlns="http://www.garmin.com/xmlschemas/ActivityExtension/v2">
      <nax:Nax>
      <nax:NikeFuel>
      7.118457706117569
    </nax:NikeFuel>
    </nax:Nax>
    </TPX>
    </Extensions>
    </Trackpoint>
<Trackpoint>
      <Time>
      2025-09-06T16:03:41.003Z
    </Time><SensorState>
      Present
    </SensorState><Extensions>
      <TPX xmlns="http://www.garmin.com/xmlschemas/ActivityExtension/v2">
      <ns3:Speed>
      2.734371073039718
    </ns3:Speed><nax:Nax>
      <nax:Pace>
      6.095246848899274
    </nax:Pace>
    </nax:Nax>
    </TPX>
    </Extensions>
    </Trackpoint>
<Trackpoint>
      <Time>
      2025-09-06T16:03:41.004Z
    </Time><DistanceMeters>
      7.459602162707597
    </DistanceMeters><Cadence>
      156.49656772613525
    </Cadence><SensorState>
      Present
    </SensorState>
    </Trackpoint>
<Trackpoint>
      <Time>
      2025-09-06T16:03:41.988Z
    </Time><SensorState>
      Present
    </SensorState><Extensions>
      <TPX xmlns="http://www.garmin.com/xmlschemas/ActivityExtension/v2">
      <nax:Nax>
      <nax:DescentInMeters>
      0.0924835205078125
    </nax:DescentInMeters>
    </nax:Nax>
    </TPX>
    </Extensions>
    </Trackpoint>
<Trackpoint>
      <Time>
      2025-09-06T16:03:42.000Z
    </Time><Position>
      <LatitudeDegrees>
      47.60850851355704
    </LatitudeDegrees><LongitudeDegrees>
      -122.28948852128516
    </LongitudeDegrees>
    </Position><AltitudeMeters>
      102.81422824878246
    </AltitudeMeters><SensorState>
      Present
    </SensorState>
    </Trackpoint>
<Trackpoint>
      <Time>
      2025-09-06T16:03:43.047Z
    </Time><SensorState>
      Present
    </SensorState><Extensions>
      <TPX xmlns="http://www.garmin.com/xmlschemas/ActivityExtension/v2">
      <nax:Nax>
      <nax:DescentInMeters>
      0.1109771728515625
    </nax:DescentInMeters>
    </nax:Nax>
    </TPX>
    </Extensions>
    </Trackpoint>
<Trackpoint>
      <Time>
      2025-09-06T16:03:43.559Z
    </Time><SensorState>
      Present
    </SensorState><Extensions>
      <TPX xmlns="http://www.garmin.com/xmlschemas/ActivityExtension/v2">
      <ns3:Speed>
      2.7327553768500095
    </ns3:Speed><nax:Nax>
      <nax:Pace>
      6.098850562276813
    </nax:Pace>
    </nax:Nax>
    </TPX>
    </Extensions>
    </Trackpoint>
<Trackpoint>
      <Time>
      2025-09-06T16:03:43.560Z
    </Time><DistanceMeters>
      6.719911737600341
    </DistanceMeters><Cadence>
      156.8135690689087
    </Cadence><SensorState>
      Present
    </SensorState>
    </Trackpoint>
<Trackpoint>
      <Time>
      2025-09-06T16:03:44.108Z
    </Time><SensorState>
      Present
    </SensorState><Extensions>
      <TPX xmlns="http://www.garmin.com/xmlschemas/ActivityExtension/v2">
      <nax:Nax>
      <nax:DescentInMeters>
      0.05812835693359375
    </nax:DescentInMeters>
    </nax:Nax>
    </TPX>
    </Extensions>
    </Trackpoint>
<Trackpoint>
      <Time>
      2025-09-06T16:03:45.168Z
    </Time><SensorState>
      Present
    </SensorState><Extensions>
      <TPX xmlns="http://www.garmin.com/xmlschemas/ActivityExtension/v2">
      <nax:Nax>
      <nax:DescentInMeters>
      0.06606292724609375
    </nax:DescentInMeters>
    </nax:Nax>
    </TPX>
    </Extensions>
    </Trackpoint>
<Trackpoint>
      <Time>
      2025-09-06T16:03:46.000Z
    </Time><Position>
      <LatitudeDegrees>
      47.60841656824611
    </LatitudeDegrees><LongitudeDegrees>
      -122.2895025516585
    </LongitudeDegrees>
    </Position><AltitudeMeters>
      101.93231159821153
    </AltitudeMeters><SensorState>
      Present
    </SensorState>
    </Trackpoint>
<Trackpoint>
      <Time>
      2025-09-06T16:03:46.114Z
    </Time><SensorState>
      Present
    </SensorState><Extensions>
      <TPX xmlns="http://www.garmin.com/xmlschemas/ActivityExtension/v2">
      <ns3:Speed>
      2.73092372713316
    </ns3:Speed><nax:Nax>
      <nax:Pace>
      6.102941104167277
    </nax:Pace>
    </nax:Nax>
    </TPX>
    </Extensions>
    </Trackpoint>
<Trackpoint>
      <Time>
      2025-09-06T16:03:46.115Z
    </Time><DistanceMeters>
      7.292242852970958
    </DistanceMeters><Cadence>
      156.8135118484497
    </Cadence><SensorState>
      Present
    </SensorState>
    </Trackpoint>
<Trackpoint>
      <Time>
      2025-09-06T16:03:46.228Z
    </Time><SensorState>
      Present
    </SensorState><Extensions>
      <TPX xmlns="http://www.garmin.com/xmlschemas/ActivityExtension/v2">
      <nax:Nax>
      <nax:DescentInMeters>
      0.06341552734375
    </nax:DescentInMeters>
    </nax:Nax>
    </TPX>
    </Extensions>
    </Trackpoint>
<Trackpoint>
      <Time>
      2025-09-06T16:03:47.288Z
    </Time><SensorState>
      Present
    </SensorState><Extensions>
      <TPX xmlns="http://www.garmin.com/xmlschemas/ActivityExtension/v2">
      <nax:Nax>
      <nax:DescentInMeters>
      0.0845489501953125
    </nax:DescentInMeters>
    </nax:Nax>
    </TPX>
    </Extensions>
    </Trackpoint>
<Trackpoint>
      <Time>
      2025-09-06T16:03:48.348Z
    </Time><SensorState>
      Present
    </SensorState><Extensions>
      <TPX xmlns="http://www.garmin.com/xmlschemas/ActivityExtension/v2">
      <nax:Nax>
      <nax:DescentInMeters>
      0.0792694091796875
    </nax:DescentInMeters>
    </nax:Nax>
    </TPX>
    </Extensions>
    </Trackpoint>
<Trackpoint>
      <Time>
      2025-09-06T16:03:48.670Z
    </Time><SensorState>
      Present
    </SensorState><Extensions>
      <TPX xmlns="http://www.garmin.com/xmlschemas/ActivityExtension/v2">
      <ns3:Speed>
      2.7292950036060812
    </ns3:Speed><nax:Nax>
      <nax:Pace>
      6.106583071689147
    </nax:Pace>
    </nax:Nax>
    </TPX>
    </Extensions>
    </Trackpoint>
<Trackpoint>
      <Time>
      2025-09-06T16:03:48.671Z
    </Time><DistanceMeters>
      5.7978486507199705
    </DistanceMeters><Cadence>
      156.6914176940918
    </Cadence><SensorState>
      Present
    </SensorState>
    </Trackpoint>
<Trackpoint>
      <Time>
      2025-09-06T16:03:49.408Z
    </Time><SensorState>
      Present
    </SensorState><Extensions>
      <TPX xmlns="http://www.garmin.com/xmlschemas/ActivityExtension/v2">
      <nax:Nax>
      <nax:DescentInMeters>
      0.07134246826171875
    </nax:DescentInMeters>
    </nax:Nax>
    </TPX>
    </Extensions>
    </Trackpoint>
<Trackpoint>
      <Time>
      2025-09-06T16:03:50.000Z
    </Time><Position>
      <LatitudeDegrees>
      47.60832132707807
    </LatitudeDegrees><LongitudeDegrees>
      -122.28949431369224
    </LongitudeDegrees>
    </Position><AltitudeMeters>
      102.60142245329916
    </AltitudeMeters><SensorState>
      Present
    </SensorState>
    </Trackpoint>
<Trackpoint>
      <Time>
      2025-09-06T16:03:50.468Z
    </Time><SensorState>
      Present
    </SensorState><Extensions>
      <TPX xmlns="http://www.garmin.com/xmlschemas/ActivityExtension/v2">
      <nax:Nax>
      <nax:DescentInMeters>
      0.0924835205078125
    </nax:DescentInMeters>
    </nax:Nax>
    </TPX>
    </Extensions>
    </Trackpoint>
<Trackpoint>
      <Time>
      2025-09-06T16:03:51.000Z
    </Time><SensorState>
      Present
    </SensorState><Extensions>
      <TPX xmlns="http://www.garmin.com/xmlschemas/ActivityExtension/v2">
      <nax:Nax>
      <nax:NikeFuel>
      7.0951005991709275
    </nax:NikeFuel>
    </nax:Nax>
    </TPX>
    </Extensions>
    </Trackpoint>
<Trackpoint>
      <Time>
      2025-09-06T16:03:51.225Z
    </Time><DistanceMeters>
      8.124985819216818
    </DistanceMeters><SensorState>
      Present
    </SensorState><Extensions>
      <TPX xmlns="http://www.garmin.com/xmlschemas/ActivityExtension/v2">
      <ns3:Speed>
      2.7275397066540017
    </ns3:Speed><nax:Nax>
      <nax:Pace>
      6.110512938091168
    </nax:Pace>
    </nax:Nax>
    </TPX>
    </Extensions>
    </Trackpoint>
<Trackpoint>
      <Time>
      2025-09-06T16:03:51.226Z
    </Time><Cadence>
      157.05801486968994
    </Cadence><SensorState>
      Present
    </SensorState>
    </Trackpoint>
<Trackpoint>
      <Time>
      2025-09-06T16:03:51.528Z
    </Time><SensorState>
      Present
    </SensorState><Extensions>
      <TPX xmlns="http://www.garmin.com/xmlschemas/ActivityExtension/v2">
      <nax:Nax>
      <nax:DescentInMeters>
      0.10305023193359375
    </nax:DescentInMeters>
    </nax:Nax>
    </TPX>
    </Extensions>
    </Trackpoint>
<Trackpoint>
      <Time>
      2025-09-06T16:03:52.587Z
    </Time><SensorState>
      Present
    </SensorState><Extensions>
      <TPX xmlns="http://www.garmin.com/xmlschemas/ActivityExtension/v2">
      <nax:Nax>
      <nax:DescentInMeters>
      0.10833740234375
    </nax:DescentInMeters>
    </nax:Nax>
    </TPX>
    </Extensions>
    </Trackpoint>
<Trackpoint>
      <Time>
      2025-09-06T16:03:53.648Z
    </Time><SensorState>
      Present
    </SensorState><Extensions>
      <TPX xmlns="http://www.garmin.com/xmlschemas/ActivityExtension/v2">
      <nax:Nax>
      <nax:DescentInMeters>
      0.0792694091796875
    </nax:DescentInMeters>
    </nax:Nax>
    </TPX>
    </Extensions>
    </Trackpoint>
<Trackpoint>
      <Time>
      2025-09-06T16:03:53.781Z
    </Time><SensorState>
      Present
    </SensorState><Extensions>
      <TPX xmlns="http://www.garmin.com/xmlschemas/ActivityExtension/v2">
      <ns3:Speed>
      2.7259728872880937
    </ns3:Speed><nax:Nax>
      <nax:Pace>
      6.1140251043535985
    </nax:Pace>
    </nax:Nax>
    </TPX>
    </Extensions>
    </Trackpoint>
<Trackpoint>
      <Time>
      2025-09-06T16:03:53.782Z
    </Time><DistanceMeters>
      6.071357162902132
    </DistanceMeters><Cadence>
      157.73792266845703
    </Cadence><SensorState>
      Present
    </SensorState>
    </Trackpoint>
<Trackpoint>
      <Time>
      2025-09-06T16:03:53.999Z
    </Time><Position>
      <LatitudeDegrees>
      47.60821727165243
    </LatitudeDegrees><LongitudeDegrees>
      -122.28950875263652
    </LongitudeDegrees>
    </Position><AltitudeMeters>
      102.12454594951123
    </AltitudeMeters><SensorState>
      Present
    </SensorState>
    </Trackpoint>
<Trackpoint>
      <Time>
      2025-09-06T16:03:54.708Z
    </Time><SensorState>
      Present
    </SensorState><Extensions>
      <TPX xmlns="http://www.garmin.com/xmlschemas/ActivityExtension/v2">
      <nax:Nax>
      <nax:DescentInMeters>
      0.07134246826171875
    </nax:DescentInMeters>
    </nax:Nax>
    </TPX>
    </Extensions>
    </Trackpoint>
<Trackpoint>
      <Time>
      2025-09-06T16:03:55.768Z
    </Time><SensorState>
      Present
    </SensorState><Extensions>
      <TPX xmlns="http://www.garmin.com/xmlschemas/ActivityExtension/v2">
      <nax:Nax>
      <nax:DescentInMeters>
      0.0607757568359375
    </nax:DescentInMeters>
    </nax:Nax>
    </TPX>
    </Extensions>
    </Trackpoint>
<Trackpoint>
      <Time>
      2025-09-06T16:03:56.336Z
    </Time><SensorState>
      Present
    </SensorState><Extensions>
      <TPX xmlns="http://www.garmin.com/xmlschemas/ActivityExtension/v2">
      <ns3:Speed>
      2.7203246767124742
    </ns3:Speed><nax:Nax>
      <nax:Pace>
      6.126719655687722
    </nax:Pace>
    </nax:Nax>
    </TPX>
    </Extensions>
    </Trackpoint>
<Trackpoint>
      <Time>
      2025-09-06T16:03:56.337Z
    </Time><DistanceMeters>
      6.885636406484991
    </DistanceMeters><Cadence>
      157.73792266845703
    </Cadence><SensorState>
      Present
    </SensorState>
    </Trackpoint>
<Trackpoint>
      <Time>
      2025-09-06T16:03:56.828Z
    </Time><SensorState>
      Present
    </SensorState><Extensions>
      <TPX xmlns="http://www.garmin.com/xmlschemas/ActivityExtension/v2">
      <nax:Nax>
      <nax:DescentInMeters>
      0.05812835693359375
    </nax:DescentInMeters>
    </nax:Nax>
    </TPX>
    </Extensions>
    </Trackpoint>
<Trackpoint>
      <Time>
      2025-09-06T16:03:57.888Z
    </Time><SensorState>
      Present
    </SensorState><Extensions>
      <TPX xmlns="http://www.garmin.com/xmlschemas/ActivityExtension/v2">
      <nax:Nax>
      <nax:DescentInMeters>
      0.03699493408203125
    </nax:DescentInMeters>
    </nax:Nax>
    </TPX>
    </Extensions>
    </Trackpoint>
<Trackpoint>
      <Time>
      2025-09-06T16:03:58.892Z
    </Time><SensorState>
      Present
    </SensorState><Extensions>
      <TPX xmlns="http://www.garmin.com/xmlschemas/ActivityExtension/v2">
      <ns3:Speed>
      2.715107405335445
    </ns3:Speed><nax:Nax>
      <nax:Pace>
      6.138492581882793
    </nax:Pace>
    </nax:Nax>
    </TPX>
    </Extensions>
    </Trackpoint>
<Trackpoint>
      <Time>
      2025-09-06T16:03:58.893Z
    </Time><DistanceMeters>
      6.453335863305256
    </DistanceMeters><Cadence>
      157.73461818695068
    </Cadence><SensorState>
      Present
    </SensorState>
    </Trackpoint>
<Trackpoint>
      <Time>
      2025-09-06T16:03:58.948Z
    </Time><SensorState>
      Present
    </SensorState><Extensions>
      <TPX xmlns="http://www.garmin.com/xmlschemas/ActivityExtension/v2">
      <nax:Nax>
      <nax:DescentInMeters>
      0.07134246826171875
    </nax:DescentInMeters>
    </nax:Nax>
    </TPX>
    </Extensions>
    </Trackpoint>
<Trackpoint>
      <Time>
      2025-09-06T16:03:58.999Z
    </Time><Position>
      <LatitudeDegrees>
      47.6081059718785
    </LatitudeDegrees><LongitudeDegrees>
      -122.28952419100656
    </LongitudeDegrees>
    </Position><AltitudeMeters>
      101.54117066320032
    </AltitudeMeters><SensorState>
      Present
    </SensorState>
    </Trackpoint>
<Trackpoint>
      <Time>
      2025-09-06T16:04:00.008Z
    </Time><SensorState>
      Present
    </SensorState><Extensions>
      <TPX xmlns="http://www.garmin.com/xmlschemas/ActivityExtension/v2">
      <nax:Nax>
      <nax:DescentInMeters>
      0.07134246826171875
    </nax:DescentInMeters>
    </nax:Nax>
    </TPX>
    </Extensions>
    </Trackpoint>
<Trackpoint>
      <Time>
      2025-09-06T16:04:01.000Z
    </Time><SensorState>
      Present
    </SensorState><Extensions>
      <TPX xmlns="http://www.garmin.com/xmlschemas/ActivityExtension/v2">
      <nax:Nax>
      <nax:NikeFuel>
      7.045731900744318
    </nax:NikeFuel>
    </nax:Nax>
    </TPX>
    </Extensions>
    </Trackpoint>
<Trackpoint>
      <Time>
      2025-09-06T16:04:01.067Z
    </Time><SensorState>
      Present
    </SensorState><Extensions>
      <TPX xmlns="http://www.garmin.com/xmlschemas/ActivityExtension/v2">
      <nax:Nax>
      <nax:DescentInMeters>
      0.0792694091796875
    </nax:DescentInMeters>
    </nax:Nax>
    </TPX>
    </Extensions>
    </Trackpoint>
<Trackpoint>
      <Time>
      2025-09-06T16:04:01.447Z
    </Time><SensorState>
      Present
    </SensorState><Extensions>
      <TPX xmlns="http://www.garmin.com/xmlschemas/ActivityExtension/v2">
      <ns3:Speed>
      2.710312269884266
    </ns3:Speed><nax:Nax>
      <nax:Pace>
      6.149352918428973
    </nax:Pace>
    </nax:Nax>
    </TPX>
    </Extensions>
    </Trackpoint>
<Trackpoint>
      <Time>
      2025-09-06T16:04:01.448Z
    </Time><DistanceMeters>
      6.891401458065957
    </DistanceMeters><Cadence>
      157.48788356781006
    </Cadence><SensorState>
      Present
    </SensorState>
    </Trackpoint>
<Trackpoint>
      <Time>
      2025-09-06T16:04:02.128Z
    </Time><SensorState>
      Present
    </SensorState><Extensions>
      <TPX xmlns="http://www.garmin.com/xmlschemas/ActivityExtension/v2">
      <nax:Nax>
      <nax:DescentInMeters>
      0.06076812744140625
    </nax:DescentInMeters>
    </nax:Nax>
    </TPX>
    </Extensions>
    </Trackpoint>
<Trackpoint>
      <Time>
      2025-09-06T16:04:02.999Z
    </Time><Position>
      <LatitudeDegrees>
      47.608010040962654
    </LatitudeDegrees><LongitudeDegrees>
      -122.2895032471893
    </LongitudeDegrees>
    </Position><AltitudeMeters>
      101.52064476907253
    </AltitudeMeters><SensorState>
      Present
    </SensorState>
    </Trackpoint>
<Trackpoint>
      <Time>
      2025-09-06T16:04:03.188Z
    </Time><SensorState>
      Present
    </SensorState><Extensions>
      <TPX xmlns="http://www.garmin.com/xmlschemas/ActivityExtension/v2">
      <nax:Nax>
      <nax:DescentInMeters>
      0.076629638671875
    </nax:DescentInMeters>
    </nax:Nax>
    </TPX>
    </Extensions>
    </Trackpoint>
<Trackpoint>
      <Time>
      2025-09-06T16:04:04.003Z
    </Time><SensorState>
      Present
    </SensorState><Extensions>
      <TPX xmlns="http://www.garmin.com/xmlschemas/ActivityExtension/v2">
      <ns3:Speed>
      2.7042355162758467
    </ns3:Speed><nax:Nax>
      <nax:Pace>
      6.163171279408112
    </nax:Pace>
    </nax:Nax>
    </TPX>
    </Extensions>
    </Trackpoint>
<Trackpoint>
      <Time>
      2025-09-06T16:04:04.004Z
    </Time><DistanceMeters>
      7.2529948281589895
    </DistanceMeters><Cadence>
      157.24190711975098
    </Cadence><SensorState>
      Present
    </SensorState>
    </Trackpoint>
<Trackpoint>
      <Time>
      2025-09-06T16:04:04.248Z
    </Time><SensorState>
      Present
    </SensorState><Extensions>
      <TPX xmlns="http://www.garmin.com/xmlschemas/ActivityExtension/v2">
      <nax:Nax>
      <nax:DescentInMeters>
      0.05548858642578125
    </nax:DescentInMeters>
    </nax:Nax>
    </TPX>
    </Extensions>
    </Trackpoint>
<Trackpoint>
      <Time>
      2025-09-06T16:04:05.308Z
    </Time><SensorState>
      Present
    </SensorState><Extensions>
      <TPX xmlns="http://www.garmin.com/xmlschemas/ActivityExtension/v2">
      <nax:Nax>
      <nax:DescentInMeters>
      0.06870269775390625
    </nax:DescentInMeters>
    </nax:Nax>
    </TPX>
    </Extensions>
    </Trackpoint>
<Trackpoint>
      <Time>
      2025-09-06T16:04:06.368Z
    </Time><SensorState>
      Present
    </SensorState><Extensions>
      <TPX xmlns="http://www.garmin.com/xmlschemas/ActivityExtension/v2">
      <nax:Nax>
      <nax:DescentInMeters>
      0.01849365234375
    </nax:DescentInMeters>
    </nax:Nax>
    </TPX>
    </Extensions>
    </Trackpoint>
<Trackpoint>
      <Time>
      2025-09-06T16:04:06.558Z
    </Time><SensorState>
      Present
    </SensorState><Extensions>
      <TPX xmlns="http://www.garmin.com/xmlschemas/ActivityExtension/v2">
      <ns3:Speed>
      2.6986027785931923
    </ns3:Speed><nax:Nax>
      <nax:Pace>
      6.176035539159698
    </nax:Pace>
    </nax:Nax>
    </TPX>
    </Extensions>
    </Trackpoint>
<Trackpoint>
      <Time>
      2025-09-06T16:04:06.559Z
    </Time><DistanceMeters>
      6.669015738880262
    </DistanceMeters><Cadence>
      157.37081050872803
    </Cadence><SensorState>
      Present
    </SensorState>
    </Trackpoint>
<Trackpoint>
      <Time>
      2025-09-06T16:04:06.999Z
    </Time><Position>
      <LatitudeDegrees>
      47.607912772833416
    </LatitudeDegrees><LongitudeDegrees>
      -122.28949158150252
    </LongitudeDegrees>
    </Position><AltitudeMeters>
      100.74974041059613
    </AltitudeMeters><SensorState>
      Present
    </SensorState>
    </Trackpoint>
<Trackpoint>
      <Time>
      2025-09-06T16:04:07.428Z
    </Time><SensorState>
      Present
    </SensorState><Extensions>
      <TPX xmlns="http://www.garmin.com/xmlschemas/ActivityExtension/v2">
      <nax:Nax>
      <nax:DescentInMeters>
      0.02114105224609375
    </nax:DescentInMeters>
    </nax:Nax>
    </TPX>
    </Extensions>
    </Trackpoint>
<Trackpoint>
      <Time>
      2025-09-06T16:04:08.488Z
    </Time><SensorState>
      Present
    </SensorState><Extensions>
      <TPX xmlns="http://www.garmin.com/xmlschemas/ActivityExtension/v2">
      <nax:Nax>
      <nax:DescentInMeters>
      0.01849365234375
    </nax:DescentInMeters>
    </nax:Nax>
    </TPX>
    </Extensions>
    </Trackpoint>
<Trackpoint>
      <Time>
      2025-09-06T16:04:09.114Z
    </Time><SensorState>
      Present
    </SensorState><Extensions>
      <TPX xmlns="http://www.garmin.com/xmlschemas/ActivityExtension/v2">
      <ns3:Speed>
      2.6946289679130637
    </ns3:Speed><nax:Nax>
      <nax:Pace>
      6.185143433522377
    </nax:Pace>
    </nax:Nax>
    </TPX>
    </Extensions>
    </Trackpoint>
<Trackpoint>
      <Time>
      2025-09-06T16:04:09.115Z
    </Time><DistanceMeters>
      7.122810343047604
    </DistanceMeters><Cadence>
      157.5541591644287
    </Cadence><SensorState>
      Present
    </SensorState>
    </Trackpoint>
<Trackpoint>
      <Time>
      2025-09-06T16:04:09.547Z
    </Time><SensorState>
      Present
    </SensorState><Extensions>
      <TPX xmlns="http://www.garmin.com/xmlschemas/ActivityExtension/v2">
      <nax:Nax>
      <nax:DescentInMeters>
      0.02114105224609375
    </nax:DescentInMeters>
    </nax:Nax>
    </TPX>
    </Extensions>
    </Trackpoint>
<Trackpoint>
      <Time>
      2025-09-06T16:04:10.608Z
    </Time><SensorState>
      Present
    </SensorState><Extensions>
      <TPX xmlns="http://www.garmin.com/xmlschemas/ActivityExtension/v2">
      <nax:Nax>
      <nax:DescentInMeters>
      0.01056671142578125
    </nax:DescentInMeters>
    </nax:Nax>
    </TPX>
    </Extensions>
    </Trackpoint>
<Trackpoint>
      <Time>
      2025-09-06T16:04:10.999Z
    </Time><Position>
      <LatitudeDegrees>
      47.607818834537525
    </LatitudeDegrees><LongitudeDegrees>
      -122.28950330842956
    </LongitudeDegrees>
    </Position><AltitudeMeters>
      101.0937126390636
    </AltitudeMeters><SensorState>
      Present
    </SensorState>
    </Trackpoint>
<Trackpoint>
      <Time>
      2025-09-06T16:04:11.000Z
    </Time><SensorState>
      Present
    </SensorState><Extensions>
      <TPX xmlns="http://www.garmin.com/xmlschemas/ActivityExtension/v2">
      <nax:Nax>
      <nax:NikeFuel>
      6.99849371345864
    </nax:NikeFuel>
    </nax:Nax>
    </TPX>
    </Extensions>
    </Trackpoint>
<Trackpoint>
      <Time>
      2025-09-06T16:04:11.668Z
    </Time><SensorState>
      Present
    </SensorState><Extensions>
      <TPX xmlns="http://www.garmin.com/xmlschemas/ActivityExtension/v2">
      <nax:Nax>
      <nax:DescentInMeters>
      0.02114105224609375
    </nax:DescentInMeters>
    </nax:Nax>
    </TPX>
    </Extensions>
    </Trackpoint>
<Trackpoint>
      <Time>
      2025-09-06T16:04:11.669Z
    </Time><SensorState>
      Present
    </SensorState><Extensions>
      <TPX xmlns="http://www.garmin.com/xmlschemas/ActivityExtension/v2">
      <ns3:Speed>
      2.6905008354114135
    </ns3:Speed><nax:Nax>
      <nax:Pace>
      6.194633522244608
    </nax:Pace>
    </nax:Nax>
    </TPX>
    </Extensions>
    </Trackpoint>
<Trackpoint>
      <Time>
      2025-09-06T16:04:11.670Z
    </Time><DistanceMeters>
      5.950380192371085
    </DistanceMeters><Cadence>
      157.61117935180664
    </Cadence><SensorState>
      Present
    </SensorState>
    </Trackpoint>
<Trackpoint>
      <Time>
      2025-09-06T16:04:12.728Z
    </Time><SensorState>
      Present
    </SensorState><Extensions>
      <TPX xmlns="http://www.garmin.com/xmlschemas/ActivityExtension/v2">
      <nax:Nax>
      <nax:DescentInMeters>
      0.04491424560546875
    </nax:DescentInMeters>
    </nax:Nax>
    </TPX>
    </Extensions>
    </Trackpoint>
<Trackpoint>
      <Time>
      2025-09-06T16:04:13.788Z
    </Time><SensorState>
      Present
    </SensorState><Extensions>
      <TPX xmlns="http://www.garmin.com/xmlschemas/ActivityExtension/v2">
      <nax:Nax>
      <nax:DescentInMeters>
      0.01586151123046875
    </nax:DescentInMeters>
    </nax:Nax>
    </TPX>
    </Extensions>
    </Trackpoint>
<Trackpoint>
      <Time>
      2025-09-06T16:04:14.225Z
    </Time><DistanceMeters>
      7.004016434540972
    </DistanceMeters><SensorState>
      Present
    </SensorState><Extensions>
      <TPX xmlns="http://www.garmin.com/xmlschemas/ActivityExtension/v2">
      <ns3:Speed>
      2.685401214254661
    </ns3:Speed><nax:Nax>
      <nax:Pace>
      6.206397233380464
    </nax:Pace>
    </nax:Nax>
    </TPX>
    </Extensions>
    </Trackpoint>
<Trackpoint>
      <Time>
      2025-09-06T16:04:14.226Z
    </Time><Cadence>
      157.4263858795166
    </Cadence><SensorState>
      Present
    </SensorState>
    </Trackpoint>
<Trackpoint>
      <Time>
      2025-09-06T16:04:14.848Z
    </Time><SensorState>
      Present
    </SensorState><Extensions>
      <TPX xmlns="http://www.garmin.com/xmlschemas/ActivityExtension/v2">
      <nax:Nax>
      <nax:DescentInMeters>
      0.01849365234375
    </nax:DescentInMeters>
    </nax:Nax>
    </TPX>
    </Extensions>
    </Trackpoint>
<Trackpoint>
      <Time>
      2025-09-06T16:04:14.999Z
    </Time><Position>
      <LatitudeDegrees>
      47.60772329087962
    </LatitudeDegrees><LongitudeDegrees>
      -122.28950092290023
    </LongitudeDegrees>
    </Position><AltitudeMeters>
      100.79795285873115
    </AltitudeMeters><SensorState>
      Present
    </SensorState>
    </Trackpoint>
<Trackpoint>
      <Time>
      2025-09-06T16:04:15.908Z
    </Time><SensorState>
      Present
    </SensorState><Extensions>
      <TPX xmlns="http://www.garmin.com/xmlschemas/ActivityExtension/v2">
      <nax:Nax>
      <nax:DescentInMeters>
      0.00792694091796875
    </nax:DescentInMeters>
    </nax:Nax>
    </TPX>
    </Extensions>
    </Trackpoint>
<Trackpoint>
      <Time>
      2025-09-06T16:04:16.780Z
    </Time><SensorState>
      Present
    </SensorState><Extensions>
      <TPX xmlns="http://www.garmin.com/xmlschemas/ActivityExtension/v2">
      <ns3:Speed>
      2.680673684477406
    </ns3:Speed><nax:Nax>
      <nax:Pace>
      6.217342589355785
    </nax:Pace>
    </nax:Nax>
    </TPX>
    </Extensions>
    </Trackpoint>
<Trackpoint>
      <Time>
      2025-09-06T16:04:16.781Z
    </Time><DistanceMeters>
      6.560930700041354
    </DistanceMeters><Cadence>
      157.86080360412598
    </Cadence><SensorState>
      Present
    </SensorState>
    </Trackpoint>
<Trackpoint>
      <Time>
      2025-09-06T16:04:16.968Z
    </Time><SensorState>
      Present
    </SensorState><Extensions>
      <TPX xmlns="http://www.garmin.com/xmlschemas/ActivityExtension/v2">
      <nax:Nax>
      <nax:DescentInMeters>
      0.02642059326171875
    </nax:DescentInMeters>
    </nax:Nax>
    </TPX>
    </Extensions>
    </Trackpoint>
<Trackpoint>
      <Time>
      2025-09-06T16:04:18.028Z
    </Time><SensorState>
      Present
    </SensorState><Extensions>
      <TPX xmlns="http://www.garmin.com/xmlschemas/ActivityExtension/v2">
      <nax:Nax>
      <nax:DescentInMeters>
      0.0422821044921875
    </nax:DescentInMeters>
    </nax:Nax>
    </TPX>
    </Extensions>
    </Trackpoint>
<Trackpoint>
      <Time>
      2025-09-06T16:04:19.087Z
    </Time><SensorState>
      Present
    </SensorState><Extensions>
      <TPX xmlns="http://www.garmin.com/xmlschemas/ActivityExtension/v2">
      <nax:Nax>
      <nax:DescentInMeters>
      0.05548858642578125
    </nax:DescentInMeters>
    </nax:Nax>
    </TPX>
    </Extensions>
    </Trackpoint>
<Trackpoint>
      <Time>
      2025-09-06T16:04:19.336Z
    </Time><SensorState>
      Present
    </SensorState><Extensions>
      <TPX xmlns="http://www.garmin.com/xmlschemas/ActivityExtension/v2">
      <ns3:Speed>
      2.673541345114455
    </ns3:Speed><nax:Nax>
      <nax:Pace>
      6.233928903745142
    </nax:Pace>
    </nax:Nax>
    </TPX>
    </Extensions>
    </Trackpoint>
<Trackpoint>
      <Time>
      2025-09-06T16:04:19.337Z
    </Time><DistanceMeters>
      7.34145695832558
    </DistanceMeters><Cadence>
      158.41575622558594
    </Cadence><SensorState>
      Present
    </SensorState>
    </Trackpoint>
<Trackpoint>
      <Time>
      2025-09-06T16:04:19.999Z
    </Time><Position>
      <LatitudeDegrees>
      47.607609638451
    </LatitudeDegrees><LongitudeDegrees>
      -122.28948772799852
    </LongitudeDegrees>
    </Position><AltitudeMeters>
      99.93810504581779
    </AltitudeMeters><SensorState>
      Present
    </SensorState>
    </Trackpoint>
<Trackpoint>
      <Time>
      2025-09-06T16:04:20.148Z
    </Time><SensorState>
      Present
    </SensorState><Extensions>
      <TPX xmlns="http://www.garmin.com/xmlschemas/ActivityExtension/v2">
      <nax:Nax>
      <nax:DescentInMeters>
      0.050201416015625
    </nax:DescentInMeters>
    </nax:Nax>
    </TPX>
    </Extensions>
    </Trackpoint>
<Trackpoint>
      <Time>
      2025-09-06T16:04:21.000Z
    </Time><SensorState>
      Present
    </SensorState><Extensions>
      <TPX xmlns="http://www.garmin.com/xmlschemas/ActivityExtension/v2">
      <nax:Nax>
      <nax:NikeFuel>
      6.947770445667115
    </nax:NikeFuel>
    </nax:Nax>
    </TPX>
    </Extensions>
    </Trackpoint>
<Trackpoint>
      <Time>
      2025-09-06T16:04:21.208Z
    </Time><SensorState>
      Present
    </SensorState><Extensions>
      <TPX xmlns="http://www.garmin.com/xmlschemas/ActivityExtension/v2">
      <nax:Nax>
      <nax:DescentInMeters>
      0.03699493408203125
    </nax:DescentInMeters>
    </nax:Nax>
    </TPX>
    </Extensions>
    </Trackpoint>
<Trackpoint>
      <Time>
      2025-09-06T16:04:21.891Z
    </Time><SensorState>
      Present
    </SensorState><Extensions>
      <TPX xmlns="http://www.garmin.com/xmlschemas/ActivityExtension/v2">
      <ns3:Speed>
      2.668032428740976
    </ns3:Speed><nax:Nax>
      <nax:Pace>
      6.246800633728257
    </nax:Pace>
    </nax:Nax>
    </TPX>
    </Extensions>
    </Trackpoint>
<Trackpoint>
      <Time>
      2025-09-06T16:04:21.892Z
    </Time><DistanceMeters>
      7.083051308989525
    </DistanceMeters><Cadence>
      158.78355503082275
    </Cadence><SensorState>
      Present
    </SensorState>
    </Trackpoint>
<Trackpoint>
      <Time>
      2025-09-06T16:04:22.268Z
    </Time><SensorState>
      Present
    </SensorState><Extensions>
      <TPX xmlns="http://www.garmin.com/xmlschemas/ActivityExtension/v2">
      <nax:Nax>
      <nax:DescentInMeters>
      0.0343475341796875
    </nax:DescentInMeters>
    </nax:Nax>
    </TPX>
    </Extensions>
    </Trackpoint>
<Trackpoint>
      <Time>
      2025-09-06T16:04:23.328Z
    </Time><SensorState>
      Present
    </SensorState><Extensions>
      <TPX xmlns="http://www.garmin.com/xmlschemas/ActivityExtension/v2">
      <nax:Nax>
      <nax:DescentInMeters>
      0.02114105224609375
    </nax:DescentInMeters>
    </nax:Nax>
    </TPX>
    </Extensions>
    </Trackpoint>
<Trackpoint>
      <Time>
      2025-09-06T16:04:23.999Z
    </Time><Position>
      <LatitudeDegrees>
      47.60750423171637
    </LatitudeDegrees><LongitudeDegrees>
      -122.28949598848698
    </LongitudeDegrees>
    </Position><AltitudeMeters>
      99.49824579525739
    </AltitudeMeters><SensorState>
      Present
    </SensorState>
    </Trackpoint>
<Trackpoint>
      <Time>
      2025-09-06T16:04:24.388Z
    </Time><SensorState>
      Present
    </SensorState><Extensions>
      <TPX xmlns="http://www.garmin.com/xmlschemas/ActivityExtension/v2">
      <nax:Nax>
      <nax:DescentInMeters>
      0.03963470458984375
    </nax:DescentInMeters>
    </nax:Nax>
    </TPX>
    </Extensions>
    </Trackpoint>
<Trackpoint>
      <Time>
      2025-09-06T16:04:24.447Z
    </Time><SensorState>
      Present
    </SensorState><Extensions>
      <TPX xmlns="http://www.garmin.com/xmlschemas/ActivityExtension/v2">
      <ns3:Speed>
      2.6635677082515095
    </ns3:Speed><nax:Nax>
      <nax:Pace>
      6.2572716342200465
    </nax:Pace>
    </nax:Nax>
    </TPX>
    </Extensions>
    </Trackpoint>
<Trackpoint>
      <Time>
      2025-09-06T16:04:24.448Z
    </Time><DistanceMeters>
      7.528424985241145
    </DistanceMeters><Cadence>
      159.34101104736328
    </Cadence><SensorState>
      Present
    </SensorState>
    </Trackpoint>
<Trackpoint>
      <Time>
      2025-09-06T16:04:25.448Z
    </Time><SensorState>
      Present
    </SensorState><Extensions>
      <TPX xmlns="http://www.garmin.com/xmlschemas/ActivityExtension/v2">
      <nax:Nax>
      <nax:DescentInMeters>
      0.04491424560546875
    </nax:DescentInMeters>
    </nax:Nax>
    </TPX>
    </Extensions>
    </Trackpoint>
<Trackpoint>
      <Time>
      2025-09-06T16:04:26.508Z
    </Time><SensorState>
      Present
    </SensorState><Extensions>
      <TPX xmlns="http://www.garmin.com/xmlschemas/ActivityExtension/v2">
      <nax:Nax>
      <nax:DescentInMeters>
      0.03963470458984375
    </nax:DescentInMeters>
    </nax:Nax>
    </TPX>
    </Extensions>
    </Trackpoint>
<Trackpoint>
      <Time>
      2025-09-06T16:04:27.002Z
    </Time><SensorState>
      Present
    </SensorState><Extensions>
      <TPX xmlns="http://www.garmin.com/xmlschemas/ActivityExtension/v2">
      <ns3:Speed>
      2.6597313874511097
    </ns3:Speed><nax:Nax>
      <nax:Pace>
      6.2662969446094205
    </nax:Pace>
    </nax:Nax>
    </TPX>
    </Extensions>
    </Trackpoint>
<Trackpoint>
      <Time>
      2025-09-06T16:04:27.003Z
    </Time><DistanceMeters>
      6.490284186787903
    </DistanceMeters><Cadence>
      159.89165782928467
    </Cadence><SensorState>
      Present
    </SensorState>
    </Trackpoint>
<Trackpoint>
      <Time>
      2025-09-06T16:04:27.567Z
    </Time><SensorState>
      Present
    </SensorState><Extensions>
      <TPX xmlns="http://www.garmin.com/xmlschemas/ActivityExtension/v2">
      <nax:Nax>
      <nax:DescentInMeters>
      0.031707763671875
    </nax:DescentInMeters>
    </nax:Nax>
    </TPX>
    </Extensions>
    </Trackpoint>
<Trackpoint>
      <Time>
      2025-09-06T16:04:27.999Z
    </Time><Position>
      <LatitudeDegrees>
      47.607408856297894
    </LatitudeDegrees><LongitudeDegrees>
      -122.2894925246442
    </LongitudeDegrees>
    </Position><AltitudeMeters>
      99.37738181184977
    </AltitudeMeters><SensorState>
      Present
    </SensorState>
    </Trackpoint>
<Trackpoint>
      <Time>
      2025-09-06T16:04:28.628Z
    </Time><SensorState>
      Present
    </SensorState><Extensions>
      <TPX xmlns="http://www.garmin.com/xmlschemas/ActivityExtension/v2">
      <nax:Nax>
      <nax:DescentInMeters>
      0.0422821044921875
    </nax:DescentInMeters>
    </nax:Nax>
    </TPX>
    </Extensions>
    </Trackpoint>
<Trackpoint>
      <Time>
      2025-09-06T16:04:29.558Z
    </Time><SensorState>
      Present
    </SensorState><Extensions>
      <TPX xmlns="http://www.garmin.com/xmlschemas/ActivityExtension/v2">
      <ns3:Speed>
      2.655393417055976
    </ns3:Speed><nax:Nax>
      <nax:Pace>
      6.276533849791995
    </nax:Pace>
    </nax:Nax>
    </TPX>
    </Extensions>
    </Trackpoint>
<Trackpoint>
      <Time>
      2025-09-06T16:04:29.559Z
    </Time><DistanceMeters>
      8.049200813053176
    </DistanceMeters><Cadence>
      159.7679042816162
    </Cadence><SensorState>
      Present
    </SensorState>
    </Trackpoint>
<Trackpoint>
      <Time>
      2025-09-06T16:04:29.688Z
    </Time><SensorState>
      Present
    </SensorState><Extensions>
      <TPX xmlns="http://www.garmin.com/xmlschemas/ActivityExtension/v2">
      <nax:Nax>
      <nax:DescentInMeters>
      0.02906036376953125
    </nax:DescentInMeters>
    </nax:Nax>
    </TPX>
    </Extensions>
    </Trackpoint>
<Trackpoint>
      <Time>
      2025-09-06T16:04:30.748Z
    </Time><SensorState>
      Present
    </SensorState><Extensions>
      <TPX xmlns="http://www.garmin.com/xmlschemas/ActivityExtension/v2">
      <nax:Nax>
      <nax:DescentInMeters>
      0.0290679931640625
    </nax:DescentInMeters>
    </nax:Nax>
    </TPX>
    </Extensions>
    </Trackpoint>
<Trackpoint>
      <Time>
      2025-09-06T16:04:31.000Z
    </Time><SensorState>
      Present
    </SensorState><Extensions>
      <TPX xmlns="http://www.garmin.com/xmlschemas/ActivityExtension/v2">
      <nax:Nax>
      <nax:NikeFuel>
      6.92307042919753
    </nax:NikeFuel>
    </nax:Nax>
    </TPX>
    </Extensions>
    </Trackpoint>
<Trackpoint>
      <Time>
      2025-09-06T16:04:31.808Z
    </Time><SensorState>
      Present
    </SensorState><Extensions>
      <TPX xmlns="http://www.garmin.com/xmlschemas/ActivityExtension/v2">
      <nax:Nax>
      <nax:DescentInMeters>
      0.03699493408203125
    </nax:DescentInMeters>
    </nax:Nax>
    </TPX>
    </Extensions>
    </Trackpoint>
<Trackpoint>
      <Time>
      2025-09-06T16:04:31.999Z
    </Time><Position>
      <LatitudeDegrees>
      47.607303953740924
    </LatitudeDegrees><LongitudeDegrees>
      -122.28948724609843
    </LongitudeDegrees>
    </Position><AltitudeMeters>
      100.11360840126872
    </AltitudeMeters><SensorState>
      Present
    </SensorState>
    </Trackpoint>
<Trackpoint>
      <Time>
      2025-09-06T16:04:32.113Z
    </Time><DistanceMeters>
      7.525628242408857
    </DistanceMeters><SensorState>
      Present
    </SensorState><Extensions>
      <TPX xmlns="http://www.garmin.com/xmlschemas/ActivityExtension/v2">
      <ns3:Speed>
      2.653237698181434
    </ns3:Speed><nax:Nax>
      <nax:Pace>
      6.281633446596297
    </nax:Pace>
    </nax:Nax>
    </TPX>
    </Extensions>
    </Trackpoint>
<Trackpoint>
      <Time>
      2025-09-06T16:04:32.114Z
    </Time><Cadence>
      160.0165557861328
    </Cadence><SensorState>
      Present
    </SensorState>
    </Trackpoint>
<Trackpoint>
      <Time>
      2025-09-06T16:04:32.868Z
    </Time><SensorState>
      Present
    </SensorState><Extensions>
      <TPX xmlns="http://www.garmin.com/xmlschemas/ActivityExtension/v2">
      <nax:Nax>
      <nax:DescentInMeters>
      0.0158538818359375
    </nax:DescentInMeters>
    </nax:Nax>
    </TPX>
    </Extensions>
    </Trackpoint>
<Trackpoint>
      <Time>
      2025-09-06T16:04:33.928Z
    </Time><SensorState>
      Present
    </SensorState><Extensions>
      <TPX xmlns="http://www.garmin.com/xmlschemas/ActivityExtension/v2">
      <nax:Nax>
      <nax:DescentInMeters>
      0.0343475341796875
    </nax:DescentInMeters>
    </nax:Nax>
    </TPX>
    </Extensions>
    </Trackpoint>
<Trackpoint>
      <Time>
      2025-09-06T16:04:34.669Z
    </Time><SensorState>
      Present
    </SensorState><Extensions>
      <TPX xmlns="http://www.garmin.com/xmlschemas/ActivityExtension/v2">
      <ns3:Speed>
      2.6521822481611803
    </ns3:Speed><nax:Nax>
      <nax:Pace>
      6.284133256009105
    </nax:Pace>
    </nax:Nax>
    </TPX>
    </Extensions>
    </Trackpoint>
<Trackpoint>
      <Time>
      2025-09-06T16:04:34.670Z
    </Time><DistanceMeters>
      5.914300512056798
    </DistanceMeters><Cadence>
      160.0931453704834
    </Cadence><SensorState>
      Present
    </SensorState>
    </Trackpoint>
<Trackpoint>
      <Time>
      2025-09-06T16:04:34.988Z
    </Time><SensorState>
      Present
    </SensorState><Extensions>
      <TPX xmlns="http://www.garmin.com/xmlschemas/ActivityExtension/v2">
      <nax:Nax>
      <nax:DescentInMeters>
      0.0290679931640625
    </nax:DescentInMeters>
    </nax:Nax>
    </TPX>
    </Extensions>
    </Trackpoint>
<Trackpoint>
      <Time>
      2025-09-06T16:04:35.999Z
    </Time><Position>
      <LatitudeDegrees>
      47.607199659653844
    </LatitudeDegrees><LongitudeDegrees>
      -122.28948503753892
    </LongitudeDegrees>
    </Position><AltitudeMeters>
      99.80694924667478
    </AltitudeMeters><SensorState>
      Present
    </SensorState>
    </Trackpoint>
<Trackpoint>
      <Time>
      2025-09-06T16:04:36.047Z
    </Time><SensorState>
      Present
    </SensorState><Extensions>
      <TPX xmlns="http://www.garmin.com/xmlschemas/ActivityExtension/v2">
      <nax:Nax>
      <nax:DescentInMeters>
      0.02378082275390625
    </nax:DescentInMeters>
    </nax:Nax>
    </TPX>
    </Extensions>
    </Trackpoint>
<Trackpoint>
      <Time>
      2025-09-06T16:04:37.108Z
    </Time><SensorState>
      Present
    </SensorState><Extensions>
      <TPX xmlns="http://www.garmin.com/xmlschemas/ActivityExtension/v2">
      <nax:Nax>
      <nax:DescentInMeters>
      0.02642059326171875
    </nax:DescentInMeters>
    </nax:Nax>
    </TPX>
    </Extensions>
    </Trackpoint>
<Trackpoint>
      <Time>
      2025-09-06T16:04:37.224Z
    </Time><SensorState>
      Present
    </SensorState><Extensions>
      <TPX xmlns="http://www.garmin.com/xmlschemas/ActivityExtension/v2">
      <ns3:Speed>
      2.6508112058194673
    </ns3:Speed><nax:Nax>
      <nax:Pace>
      6.287383511159694
    </nax:Pace>
    </nax:Nax>
    </TPX>
    </Extensions>
    </Trackpoint>
<Trackpoint>
      <Time>
      2025-09-06T16:04:37.225Z
    </Time><DistanceMeters>
      7.567942527122796
    </DistanceMeters><Cadence>
      160.0933599472046
    </Cadence><SensorState>
      Present
    </SensorState>
    </Trackpoint>
<Trackpoint>
      <Time>
      2025-09-06T16:04:38.168Z
    </Time><SensorState>
      Present
    </SensorState><Extensions>
      <TPX xmlns="http://www.garmin.com/xmlschemas/ActivityExtension/v2">
      <nax:Nax>
      <nax:DescentInMeters>
      0.0475616455078125
    </nax:DescentInMeters>
    </nax:Nax>
    </TPX>
    </Extensions>
    </Trackpoint>
<Trackpoint>
      <Time>
      2025-09-06T16:04:39.228Z
    </Time><SensorState>
      Present
    </SensorState><Extensions>
      <TPX xmlns="http://www.garmin.com/xmlschemas/ActivityExtension/v2">
      <nax:Nax>
      <nax:DescentInMeters>
      0.03699493408203125
    </nax:DescentInMeters>
    </nax:Nax>
    </TPX>
    </Extensions>
    </Trackpoint>
<Trackpoint>
      <Time>
      2025-09-06T16:04:39.780Z
    </Time><SensorState>
      Present
    </SensorState><Extensions>
      <TPX xmlns="http://www.garmin.com/xmlschemas/ActivityExtension/v2">
      <ns3:Speed>
      2.649885459753297
    </ns3:Speed><nax:Nax>
      <nax:Pace>
      6.289580028948996
    </nax:Pace>
    </nax:Nax>
    </TPX>
    </Extensions>
    </Trackpoint>
<Trackpoint>
      <Time>
      2025-09-06T16:04:39.781Z
    </Time><DistanceMeters>
      7.061793242814019
    </DistanceMeters><Cadence>
      160.39119243621826
    </Cadence><SensorState>
      Present
    </SensorState>
    </Trackpoint>
<Trackpoint>
      <Time>
      2025-09-06T16:04:39.999Z
    </Time><Position>
      <LatitudeDegrees>
      47.607100184656474
    </LatitudeDegrees><LongitudeDegrees>
      -122.28948189927542
    </LongitudeDegrees>
    </Position><AltitudeMeters>
      99.4897297564894
    </AltitudeMeters><SensorState>
      Present
    </SensorState>
    </Trackpoint>
<Trackpoint>
      <Time>
      2025-09-06T16:04:40.288Z
    </Time><SensorState>
      Present
    </SensorState><Extensions>
      <TPX xmlns="http://www.garmin.com/xmlschemas/ActivityExtension/v2">
      <nax:Nax>
      <nax:DescentInMeters>
      0.03963470458984375
    </nax:DescentInMeters>
    </nax:Nax>
    </TPX>
    </Extensions>
    </Trackpoint>
<Trackpoint>
      <Time>
      2025-09-06T16:04:41.000Z
    </Time><SensorState>
      Present
    </SensorState><Extensions>
      <TPX xmlns="http://www.garmin.com/xmlschemas/ActivityExtension/v2">
      <nax:Nax>
      <nax:NikeFuel>
      6.911287149329054
    </nax:NikeFuel>
    </nax:Nax>
    </TPX>
    </Extensions>
    </Trackpoint>
<Trackpoint>
      <Time>
      2025-09-06T16:04:41.348Z
    </Time><SensorState>
      Present
    </SensorState><Extensions>
      <TPX xmlns="http://www.garmin.com/xmlschemas/ActivityExtension/v2">
      <nax:Nax>
      <nax:DescentInMeters>
      0.0343475341796875
    </nax:DescentInMeters>
    </nax:Nax>
    </TPX>
    </Extensions>
    </Trackpoint>
<Trackpoint>
      <Time>
      2025-09-06T16:04:42.335Z
    </Time><SensorState>
      Present
    </SensorState><Extensions>
      <TPX xmlns="http://www.garmin.com/xmlschemas/ActivityExtension/v2">
      <ns3:Speed>
      2.6486356312414436
    </ns3:Speed><nax:Nax>
      <nax:Pace>
      6.292547933010636
    </nax:Pace>
    </nax:Nax>
    </TPX>
    </Extensions>
    </Trackpoint>
<Trackpoint>
      <Time>
      2025-09-06T16:04:42.336Z
    </Time><DistanceMeters>
      6.519160696538165
    </DistanceMeters><Cadence>
      160.4538631439209
    </Cadence><SensorState>
      Present
    </SensorState>
    </Trackpoint>
<Trackpoint>
      <Time>
      2025-09-06T16:04:42.408Z
    </Time><SensorState>
      Present
    </SensorState><Extensions>
      <TPX xmlns="http://www.garmin.com/xmlschemas/ActivityExtension/v2">
      <nax:Nax>
      <nax:DescentInMeters>
      0.0475616455078125
    </nax:DescentInMeters>
    </nax:Nax>
    </TPX>
    </Extensions>
    </Trackpoint>
<Trackpoint>
      <Time>
      2025-09-06T16:04:43.468Z
    </Time><SensorState>
      Present
    </SensorState><Extensions>
      <TPX xmlns="http://www.garmin.com/xmlschemas/ActivityExtension/v2">
      <nax:Nax>
      <nax:DescentInMeters>
      0.04227447509765625
    </nax:DescentInMeters>
    </nax:Nax>
    </TPX>
    </Extensions>
    </Trackpoint>
<Trackpoint>
      <Time>
      2025-09-06T16:04:43.999Z
    </Time><Position>
      <LatitudeDegrees>
      47.60700604668027
    </LatitudeDegrees><LongitudeDegrees>
      -122.28947852411116
    </LongitudeDegrees>
    </Position><AltitudeMeters>
      99.91882146522403
    </AltitudeMeters><SensorState>
      Present
    </SensorState>
    </Trackpoint>
<Trackpoint>
      <Time>
      2025-09-06T16:04:44.528Z
    </Time><SensorState>
      Present
    </SensorState><Extensions>
      <TPX xmlns="http://www.garmin.com/xmlschemas/ActivityExtension/v2">
      <nax:Nax>
      <nax:DescentInMeters>
      0.044921875
    </nax:DescentInMeters>
    </nax:Nax>
    </TPX>
    </Extensions>
    </Trackpoint>
<Trackpoint>
      <Time>
      2025-09-06T16:04:44.891Z
    </Time><SensorState>
      Present
    </SensorState><Extensions>
      <TPX xmlns="http://www.garmin.com/xmlschemas/ActivityExtension/v2">
      <ns3:Speed>
      2.6469849975215483
    </ns3:Speed><nax:Nax>
      <nax:Pace>
      6.296471903797025
    </nax:Pace>
    </nax:Nax>
    </TPX>
    </Extensions>
    </Trackpoint>
<Trackpoint>
      <Time>
      2025-09-06T16:04:44.892Z
    </Time><DistanceMeters>
      6.657158971764147
    </DistanceMeters><Cadence>
      160.26660919189453
    </Cadence><SensorState>
      Present
    </SensorState>
    </Trackpoint>
<Trackpoint>
      <Time>
      2025-09-06T16:04:45.587Z
    </Time><SensorState>
      Present
    </SensorState><Extensions>
      <TPX xmlns="http://www.garmin.com/xmlschemas/ActivityExtension/v2">
      <nax:Nax>
      <nax:DescentInMeters>
      0.03963470458984375
    </nax:DescentInMeters>
    </nax:Nax>
    </TPX>
    </Extensions>
    </Trackpoint>
<Trackpoint>
      <Time>
      2025-09-06T16:04:46.648Z
    </Time><SensorState>
      Present
    </SensorState><Extensions>
      <TPX xmlns="http://www.garmin.com/xmlschemas/ActivityExtension/v2">
      <nax:Nax>
      <nax:DescentInMeters>
      0.058135986328125
    </nax:DescentInMeters>
    </nax:Nax>
    </TPX>
    </Extensions>
    </Trackpoint>
<Trackpoint>
      <Time>
      2025-09-06T16:04:47.446Z
    </Time><SensorState>
      Present
    </SensorState><Extensions>
      <TPX xmlns="http://www.garmin.com/xmlschemas/ActivityExtension/v2">
      <ns3:Speed>
      2.6452949380767707
    </ns3:Speed><nax:Nax>
      <nax:Pace>
      6.300494673302464
    </nax:Pace>
    </nax:Nax>
    </TPX>
    </Extensions>
    </Trackpoint>
<Trackpoint>
      <Time>
      2025-09-06T16:04:47.447Z
    </Time><DistanceMeters>
      6.799323956249282
    </DistanceMeters><Cadence>
      160.4080867767334
    </Cadence><SensorState>
      Present
    </SensorState>
    </Trackpoint>
<Trackpoint>
      <Time>
      2025-09-06T16:04:47.708Z
    </Time><SensorState>
      Present
    </SensorState><Extensions>
      <TPX xmlns="http://www.garmin.com/xmlschemas/ActivityExtension/v2">
      <nax:Nax>
      <nax:DescentInMeters>
      0.0660552978515625
    </nax:DescentInMeters>
    </nax:Nax>
    </TPX>
    </Extensions>
    </Trackpoint>
<Trackpoint>
      <Time>
      2025-09-06T16:04:47.999Z
    </Time><Position>
      <LatitudeDegrees>
      47.60691087294008
    </LatitudeDegrees><LongitudeDegrees>
      -122.28949157958392
    </LongitudeDegrees>
    </Position><AltitudeMeters>
      99.69272325374186
    </AltitudeMeters><SensorState>
      Present
    </SensorState>
    </Trackpoint>
<Trackpoint>
      <Time>
      2025-09-06T16:04:48.768Z
    </Time><SensorState>
      Present
    </SensorState><Extensions>
      <TPX xmlns="http://www.garmin.com/xmlschemas/ActivityExtension/v2">
      <nax:Nax>
      <nax:DescentInMeters>
      0.0607757568359375
    </nax:DescentInMeters>
    </nax:Nax>
    </TPX>
    </Extensions>
    </Trackpoint>
<Trackpoint>
      <Time>
      2025-09-06T16:04:49.828Z
    </Time><SensorState>
      Present
    </SensorState><Extensions>
      <TPX xmlns="http://www.garmin.com/xmlschemas/ActivityExtension/v2">
      <nax:Nax>
      <nax:DescentInMeters>
      0.0475616455078125
    </nax:DescentInMeters>
    </nax:Nax>
    </TPX>
    </Extensions>
    </Trackpoint>
<Trackpoint>
      <Time>
      2025-09-06T16:04:50.002Z
    </Time><SensorState>
      Present
    </SensorState><Extensions>
      <TPX xmlns="http://www.garmin.com/xmlschemas/ActivityExtension/v2">
      <ns3:Speed>
      2.645828616191974
    </ns3:Speed><nax:Nax>
      <nax:Pace>
      6.299223829037828
    </nax:Pace>
    </nax:Nax>
    </TPX>
    </Extensions>
    </Trackpoint>
<Trackpoint>
      <Time>
      2025-09-06T16:04:50.003Z
    </Time><DistanceMeters>
      7.471747417235747
    </DistanceMeters><Cadence>
      160.39166450500488
    </Cadence><SensorState>
      Present
    </SensorState>
    </Trackpoint>
<Trackpoint>
      <Time>
      2025-09-06T16:04:50.888Z
    </Time><SensorState>
      Present
    </SensorState><Extensions>
      <TPX xmlns="http://www.garmin.com/xmlschemas/ActivityExtension/v2">
      <nax:Nax>
      <nax:DescentInMeters>
      0.02906036376953125
    </nax:DescentInMeters>
    </nax:Nax>
    </TPX>
    </Extensions>
    </Trackpoint>
<Trackpoint>
      <Time>
      2025-09-06T16:04:51.000Z
    </Time><SensorState>
      Present
    </SensorState><Extensions>
      <TPX xmlns="http://www.garmin.com/xmlschemas/ActivityExtension/v2">
      <nax:Nax>
      <nax:NikeFuel>
      6.912654416939643
    </nax:NikeFuel>
    </nax:Nax>
    </TPX>
    </Extensions>
    </Trackpoint>
<Trackpoint>
      <Time>
      2025-09-06T16:04:51.948Z
    </Time><SensorState>
      Present
    </SensorState><Extensions>
      <TPX xmlns="http://www.garmin.com/xmlschemas/ActivityExtension/v2">
      <nax:Nax>
      <nax:DescentInMeters>
      0.01850128173828125
    </nax:DescentInMeters>
    </nax:Nax>
    </TPX>
    </Extensions>
    </Trackpoint>
<Trackpoint>
      <Time>
      2025-09-06T16:04:51.999Z
    </Time><Position>
      <LatitudeDegrees>
      47.606813779781966
    </LatitudeDegrees><LongitudeDegrees>
      -122.28953218732606
    </LongitudeDegrees>
    </Position><AltitudeMeters>
      99.66097313910723
    </AltitudeMeters><SensorState>
      Present
    </SensorState>
    </Trackpoint>
<Trackpoint>
      <Time>
      2025-09-06T16:04:52.557Z
    </Time><SensorState>
      Present
    </SensorState><Extensions>
      <TPX xmlns="http://www.garmin.com/xmlschemas/ActivityExtension/v2">
      <ns3:Speed>
      2.645891333968928
    </ns3:Speed><nax:Nax>
      <nax:Pace>
      6.2990745132628305
    </nax:Pace>
    </nax:Nax>
    </TPX>
    </Extensions>
    </Trackpoint>
<Trackpoint>
      <Time>
      2025-09-06T16:04:52.558Z
    </Time><DistanceMeters>
      5.9637052461039275
    </DistanceMeters><Cadence>
      160.64204692840576
    </Cadence><SensorState>
      Present
    </SensorState>
    </Trackpoint>
<Trackpoint>
      <Time>
      2025-09-06T16:04:53.008Z
    </Time><SensorState>
      Present
    </SensorState><Extensions>
      <TPX xmlns="http://www.garmin.com/xmlschemas/ActivityExtension/v2">
      <nax:Nax>
      <nax:DescentInMeters>
      0.0977630615234375
    </nax:DescentInMeters>
    </nax:Nax>
    </TPX>
    </Extensions>
    </Trackpoint>
<Trackpoint>
      <Time>
      2025-09-06T16:04:55.113Z
    </Time><DistanceMeters>
      6.6822790573351085
    </DistanceMeters><SensorState>
      Present
    </SensorState><Extensions>
      <TPX xmlns="http://www.garmin.com/xmlschemas/ActivityExtension/v2">
      <ns3:Speed>
      2.6451155011330445
    </ns3:Speed><nax:Nax>
      <nax:Pace>
      6.300922080539561
    </nax:Pace>
    </nax:Nax>
    </TPX>
    </Extensions>
    </Trackpoint>
<Trackpoint>
      <Time>
      2025-09-06T16:04:55.114Z
    </Time><Cadence>
      161.14508628845215
    </Cadence><SensorState>
      Present
    </SensorState>
    </Trackpoint>
<Trackpoint>
      <Time>
      2025-09-06T16:04:55.999Z
    </Time><Position>
      <LatitudeDegrees>
      47.60682117087995
    </LatitudeDegrees><LongitudeDegrees>
      -122.28969574115803
    </LongitudeDegrees>
    </Position><AltitudeMeters>
      100.91528666205704
    </AltitudeMeters><SensorState>
      Present
    </SensorState>
    </Trackpoint>
<Trackpoint>
      <Time>
      2025-09-06T16:04:57.248Z
    </Time><SensorState>
      Present
    </SensorState><Extensions>
      <TPX xmlns="http://www.garmin.com/xmlschemas/ActivityExtension/v2">
      <nax:Nax>
      <nax:AscentInMeters>
      0.0792694091796875
    </nax:AscentInMeters>
    </nax:Nax>
    </TPX>
    </Extensions>
    </Trackpoint>
<Trackpoint>
      <Time>
      2025-09-06T16:04:57.668Z
    </Time><SensorState>
      Present
    </SensorState><Extensions>
      <TPX xmlns="http://www.garmin.com/xmlschemas/ActivityExtension/v2">
      <ns3:Speed>
      2.647433867606638
    </ns3:Speed><nax:Nax>
      <nax:Pace>
      6.295404342520498
    </nax:Pace>
    </nax:Nax>
    </TPX>
    </Extensions>
    </Trackpoint>
<Trackpoint>
      <Time>
      2025-09-06T16:04:57.669Z
    </Time><DistanceMeters>
      7.312024648766965
    </DistanceMeters><Cadence>
      161.2713861465454
    </Cadence><SensorState>
      Present
    </SensorState>
    </Trackpoint>
<Trackpoint>
      <Time>
      2025-09-06T16:04:58.308Z
    </Time><SensorState>
      Present
    </SensorState><Extensions>
      <TPX xmlns="http://www.garmin.com/xmlschemas/ActivityExtension/v2">
      <nax:Nax>
      <nax:AscentInMeters>
      0.1056976318359375
    </nax:AscentInMeters>
    </nax:Nax>
    </TPX>
    </Extensions>
    </Trackpoint>
<Trackpoint>
      <Time>
      2025-09-06T16:04:59.368Z
    </Time><SensorState>
      Present
    </SensorState><Extensions>
      <TPX xmlns="http://www.garmin.com/xmlschemas/ActivityExtension/v2">
      <nax:Nax>
      <nax:AscentInMeters>
      0.10041046142578125
    </nax:AscentInMeters>
    </nax:Nax>
    </TPX>
    </Extensions>
    </Trackpoint>
<Trackpoint>
      <Time>
      2025-09-06T16:04:59.999Z
    </Time><Position>
      <LatitudeDegrees>
      47.60681556083962
    </LatitudeDegrees><LongitudeDegrees>
      -122.28984400282962
    </LongitudeDegrees>
    </Position><AltitudeMeters>
      100.73379530385137
    </AltitudeMeters><SensorState>
      Present
    </SensorState>
    </Trackpoint>
<Trackpoint>
      <Time>
      2025-09-06T16:05:00.224Z
    </Time><SensorState>
      Present
    </SensorState><Extensions>
      <TPX xmlns="http://www.garmin.com/xmlschemas/ActivityExtension/v2">
      <ns3:Speed>
      2.6505513514461634
    </ns3:Speed><nax:Nax>
      <nax:Pace>
      6.28799991276275
    </nax:Pace>
    </nax:Nax>
    </TPX>
    </Extensions>
    </Trackpoint>
<Trackpoint>
      <Time>
      2025-09-06T16:05:00.225Z
    </Time><DistanceMeters>
      7.109712968580425
    </DistanceMeters><Cadence>
      160.89335918426514
    </Cadence><SensorState>
      Present
    </SensorState>
    </Trackpoint>
<Trackpoint>
      <Time>
      2025-09-06T16:05:00.428Z
    </Time><SensorState>
      Present
    </SensorState><Extensions>
      <TPX xmlns="http://www.garmin.com/xmlschemas/ActivityExtension/v2">
      <nax:Nax>
      <nax:AscentInMeters>
      0.0819091796875
    </nax:AscentInMeters>
    </nax:Nax>
    </TPX>
    </Extensions>
    </Trackpoint>
<Trackpoint>
      <Time>
      2025-09-06T16:05:01.000Z
    </Time><SensorState>
      Present
    </SensorState><Extensions>
      <TPX xmlns="http://www.garmin.com/xmlschemas/ActivityExtension/v2">
      <nax:Nax>
      <nax:NikeFuel>
      6.934504147855972
    </nax:NikeFuel>
    </nax:Nax>
    </TPX>
    </Extensions>
    </Trackpoint>
<Trackpoint>
      <Time>
      2025-09-06T16:05:01.488Z
    </Time><SensorState>
      Present
    </SensorState><Extensions>
      <TPX xmlns="http://www.garmin.com/xmlschemas/ActivityExtension/v2">
      <nax:Nax>
      <nax:AscentInMeters>
      0.0924835205078125
    </nax:AscentInMeters>
    </nax:Nax>
    </TPX>
    </Extensions>
    </Trackpoint>
<Trackpoint>
      <Time>
      2025-09-06T16:05:02.547Z
    </Time><SensorState>
      Present
    </SensorState><Extensions>
      <TPX xmlns="http://www.garmin.com/xmlschemas/ActivityExtension/v2">
      <nax:Nax>
      <nax:AscentInMeters>
      0.08719635009765625
    </nax:AscentInMeters>
    </nax:Nax>
    </TPX>
    </Extensions>
    </Trackpoint>
<Trackpoint>
      <Time>
      2025-09-06T16:05:02.779Z
    </Time><SensorState>
      Present
    </SensorState><Extensions>
      <TPX xmlns="http://www.garmin.com/xmlschemas/ActivityExtension/v2">
      <ns3:Speed>
      2.6523923975749684
    </ns3:Speed><nax:Nax>
      <nax:Pace>
      6.283635363268528
    </nax:Pace>
    </nax:Nax>
    </TPX>
    </Extensions>
    </Trackpoint>
<Trackpoint>
      <Time>
      2025-09-06T16:05:02.780Z
    </Time><DistanceMeters>
      5.283161244355142
    </DistanceMeters><Cadence>
      160.89341640472412
    </Cadence><SensorState>
      Present
    </SensorState>
    </Trackpoint>
<Trackpoint>
      <Time>
      2025-09-06T16:05:03.608Z
    </Time><SensorState>
      Present
    </SensorState><Extensions>
      <TPX xmlns="http://www.garmin.com/xmlschemas/ActivityExtension/v2">
      <nax:Nax>
      <nax:AscentInMeters>
      0.08983612060546875
    </nax:AscentInMeters>
    </nax:Nax>
    </TPX>
    </Extensions>
    </Trackpoint>
<Trackpoint>
      <Time>
      2025-09-06T16:05:04.668Z
    </Time><SensorState>
      Present
    </SensorState><Extensions>
      <TPX xmlns="http://www.garmin.com/xmlschemas/ActivityExtension/v2">
      <nax:Nax>
      <nax:AscentInMeters>
      0.08455657958984375
    </nax:AscentInMeters>
    </nax:Nax>
    </TPX>
    </Extensions>
    </Trackpoint>
<Trackpoint>
      <Time>
      2025-09-06T16:05:04.999Z
    </Time><Position>
      <LatitudeDegrees>
      47.60681537088292
    </LatitudeDegrees><LongitudeDegrees>
      -122.29001272995707
    </LongitudeDegrees>
    </Position><AltitudeMeters>
      100.4025217173621
    </AltitudeMeters><SensorState>
      Present
    </SensorState>
    </Trackpoint>
<Trackpoint>
      <Time>
      2025-09-06T16:05:05.335Z
    </Time><SensorState>
      Present
    </SensorState><Extensions>
      <TPX xmlns="http://www.garmin.com/xmlschemas/ActivityExtension/v2">
      <ns3:Speed>
      2.6550046510291656
    </ns3:Speed><nax:Nax>
      <nax:Pace>
      6.2774529077401535
    </nax:Pace>
    </nax:Nax>
    </TPX>
    </Extensions>
    </Trackpoint>
<Trackpoint>
      <Time>
      2025-09-06T16:05:05.336Z
    </Time><DistanceMeters>
      7.04777996474877
    </DistanceMeters><Cadence>
      161.08232975006104
    </Cadence><SensorState>
      Present
    </SensorState>
    </Trackpoint>
<Trackpoint>
      <Time>
      2025-09-06T16:05:05.728Z
    </Time><SensorState>
      Present
    </SensorState><Extensions>
      <TPX xmlns="http://www.garmin.com/xmlschemas/ActivityExtension/v2">
      <nax:Nax>
      <nax:AscentInMeters>
      0.08983612060546875
    </nax:AscentInMeters>
    </nax:Nax>
    </TPX>
    </Extensions>
    </Trackpoint>
<Trackpoint>
      <Time>
      2025-09-06T16:05:06.788Z
    </Time><SensorState>
      Present
    </SensorState><Extensions>
      <TPX xmlns="http://www.garmin.com/xmlschemas/ActivityExtension/v2">
      <nax:Nax>
      <nax:AscentInMeters>
      0.095123291015625
    </nax:AscentInMeters>
    </nax:Nax>
    </TPX>
    </Extensions>
    </Trackpoint>
<Trackpoint>
      <Time>
      2025-09-06T16:05:07.848Z
    </Time><SensorState>
      Present
    </SensorState><Extensions>
      <TPX xmlns="http://www.garmin.com/xmlschemas/ActivityExtension/v2">
      <nax:Nax>
      <nax:AscentInMeters>
      0.0924835205078125
    </nax:AscentInMeters>
    </nax:Nax>
    </TPX>
    </Extensions>
    </Trackpoint>
<Trackpoint>
      <Time>
      2025-09-06T16:05:07.890Z
    </Time><SensorState>
      Present
    </SensorState><Extensions>
      <TPX xmlns="http://www.garmin.com/xmlschemas/ActivityExtension/v2">
      <ns3:Speed>
      2.6574157038641086
    </ns3:Speed><nax:Nax>
      <nax:Pace>
      6.271757422985013
    </nax:Pace>
    </nax:Nax>
    </TPX>
    </Extensions>
    </Trackpoint>
<Trackpoint>
      <Time>
      2025-09-06T16:05:07.891Z
    </Time><DistanceMeters>
      7.15744679630734
    </DistanceMeters><Cadence>
      160.95645904541016
    </Cadence><SensorState>
      Present
    </SensorState>
    </Trackpoint>
<Trackpoint>
      <Time>
      2025-09-06T16:05:08.908Z
    </Time><SensorState>
      Present
    </SensorState><Extensions>
      <TPX xmlns="http://www.garmin.com/xmlschemas/ActivityExtension/v2">
      <nax:Nax>
      <nax:AscentInMeters>
      0.1109771728515625
    </nax:AscentInMeters>
    </nax:Nax>
    </TPX>
    </Extensions>
    </Trackpoint>
<Trackpoint>
      <Time>
      2025-09-06T16:05:08.999Z
    </Time><Position>
      <LatitudeDegrees>
      47.60681156170356
    </LatitudeDegrees><LongitudeDegrees>
      -122.29015616595838
    </LongitudeDegrees>
    </Position><AltitudeMeters>
      101.77244520001113
    </AltitudeMeters><SensorState>
      Present
    </SensorState>
    </Trackpoint>
<Trackpoint>
      <Time>
      2025-09-06T16:05:09.968Z
    </Time><SensorState>
      Present
    </SensorState><Extensions>
      <TPX xmlns="http://www.garmin.com/xmlschemas/ActivityExtension/v2">
      <nax:Nax>
      <nax:AscentInMeters>
      0.10832977294921875
    </nax:AscentInMeters>
    </nax:Nax>
    </TPX>
    </Extensions>
    </Trackpoint>
<Trackpoint>
      <Time>
      2025-09-06T16:05:10.446Z
    </Time><SensorState>
      Present
    </SensorState><Extensions>
      <TPX xmlns="http://www.garmin.com/xmlschemas/ActivityExtension/v2">
      <ns3:Speed>
      2.6601015884375885
    </ns3:Speed><nax:Nax>
      <nax:Pace>
      6.265424876670156
    </nax:Pace>
    </nax:Nax>
    </TPX>
    </Extensions>
    </Trackpoint>
<Trackpoint>
      <Time>
      2025-09-06T16:05:10.447Z
    </Time><DistanceMeters>
      7.507425857707858
    </DistanceMeters><Cadence>
      160.83077430725098
    </Cadence><SensorState>
      Present
    </SensorState>
    </Trackpoint>
<Trackpoint>
      <Time>
      2025-09-06T16:05:11.000Z
    </Time><SensorState>
      Present
    </SensorState><Extensions>
      <TPX xmlns="http://www.garmin.com/xmlschemas/ActivityExtension/v2">
      <nax:Nax>
      <nax:NikeFuel>
      6.954641098157746
    </nax:NikeFuel>
    </nax:Nax>
    </TPX>
    </Extensions>
    </Trackpoint>
<Trackpoint>
      <Time>
      2025-09-06T16:05:11.028Z
    </Time><SensorState>
      Present
    </SensorState><Extensions>
      <TPX xmlns="http://www.garmin.com/xmlschemas/ActivityExtension/v2">
      <nax:Nax>
      <nax:AscentInMeters>
      0.13211822509765625
    </nax:AscentInMeters>
    </nax:Nax>
    </TPX>
    </Extensions>
    </Trackpoint>
<Trackpoint>
      <Time>
      2025-09-06T16:05:12.087Z
    </Time><SensorState>
      Present
    </SensorState><Extensions>
      <TPX xmlns="http://www.garmin.com/xmlschemas/ActivityExtension/v2">
      <nax:Nax>
      <nax:AscentInMeters>
      0.08719635009765625
    </nax:AscentInMeters>
    </nax:Nax>
    </TPX>
    </Extensions>
    </Trackpoint>
<Trackpoint>
      <Time>
      2025-09-06T16:05:12.999Z
    </Time><Position>
      <LatitudeDegrees>
      47.60681536093169
    </LatitudeDegrees><LongitudeDegrees>
      -122.29029843768245
    </LongitudeDegrees>
    </Position><AltitudeMeters>
      100.7998693054542
    </AltitudeMeters><SensorState>
      Present
    </SensorState>
    </Trackpoint>
<Trackpoint>
      <Time>
      2025-09-06T16:05:13.001Z
    </Time><DistanceMeters>
      5.598914040718228
    </DistanceMeters><SensorState>
      Present
    </SensorState><Extensions>
      <TPX xmlns="http://www.garmin.com/xmlschemas/ActivityExtension/v2">
      <ns3:Speed>
      2.662682512988508
    </ns3:Speed><nax:Nax>
      <nax:Pace>
      6.25935183235967
    </nax:Pace>
    </nax:Nax>
    </TPX>
    </Extensions>
    </Trackpoint>
<Trackpoint>
      <Time>
      2025-09-06T16:05:13.002Z
    </Time><Cadence>
      160.53481578826904
    </Cadence><SensorState>
      Present
    </SensorState>
    </Trackpoint>
<Trackpoint>
      <Time>
      2025-09-06T16:05:13.148Z
    </Time><SensorState>
      Present
    </SensorState><Extensions>
      <TPX xmlns="http://www.garmin.com/xmlschemas/ActivityExtension/v2">
      <nax:Nax>
      <nax:AscentInMeters>
      0.08719635009765625
    </nax:AscentInMeters>
    </nax:Nax>
    </TPX>
    </Extensions>
    </Trackpoint>
<Trackpoint>
      <Time>
      2025-09-06T16:05:14.208Z
    </Time><SensorState>
      Present
    </SensorState><Extensions>
      <TPX xmlns="http://www.garmin.com/xmlschemas/ActivityExtension/v2">
      <nax:Nax>
      <nax:AscentInMeters>
      0.076629638671875
    </nax:AscentInMeters>
    </nax:Nax>
    </TPX>
    </Extensions>
    </Trackpoint>
<Trackpoint>
      <Time>
      2025-09-06T16:05:15.268Z
    </Time><SensorState>
      Present
    </SensorState><Extensions>
      <TPX xmlns="http://www.garmin.com/xmlschemas/ActivityExtension/v2">
      <nax:Nax>
      <nax:AscentInMeters>
      0.0977630615234375
    </nax:AscentInMeters>
    </nax:Nax>
    </TPX>
    </Extensions>
    </Trackpoint>
<Trackpoint>
      <Time>
      2025-09-06T16:05:15.557Z
    </Time><SensorState>
      Present
    </SensorState><Extensions>
      <TPX xmlns="http://www.garmin.com/xmlschemas/ActivityExtension/v2">
      <ns3:Speed>
      2.664432271233474
    </ns3:Speed><nax:Nax>
      <nax:Pace>
      6.255241255935918
    </nax:Pace>
    </nax:Nax>
    </TPX>
    </Extensions>
    </Trackpoint>
<Trackpoint>
      <Time>
      2025-09-06T16:05:15.558Z
    </Time><DistanceMeters>
      7.101442089537159
    </DistanceMeters><Cadence>
      160.53488731384277
    </Cadence><SensorState>
      Present
    </SensorState>
    </Trackpoint>
<Trackpoint>
      <Time>
      2025-09-06T16:05:16.328Z
    </Time><SensorState>
      Present
    </SensorState><Extensions>
      <TPX xmlns="http://www.garmin.com/xmlschemas/ActivityExtension/v2">
      <nax:Nax>
      <nax:AscentInMeters>
      0.0924835205078125
    </nax:AscentInMeters>
    </nax:Nax>
    </TPX>
    </Extensions>
    </Trackpoint>
<Trackpoint>
      <Time>
      2025-09-06T16:05:16.999Z
    </Time><Position>
      <LatitudeDegrees>
      47.60682465261857
    </LatitudeDegrees><LongitudeDegrees>
      -122.29044096136363
    </LongitudeDegrees>
    </Position><AltitudeMeters>
      101.08716887142509
    </AltitudeMeters><SensorState>
      Present
    </SensorState>
    </Trackpoint>
<Trackpoint>
      <Time>
      2025-09-06T16:05:17.388Z
    </Time><SensorState>
      Present
    </SensorState><Extensions>
      <TPX xmlns="http://www.garmin.com/xmlschemas/ActivityExtension/v2">
      <nax:Nax>
      <nax:AscentInMeters>
      0.06870269775390625
    </nax:AscentInMeters>
    </nax:Nax>
    </TPX>
    </Extensions>
    </Trackpoint>
<Trackpoint>
      <Time>
      2025-09-06T16:05:18.112Z
    </Time><SensorState>
      Present
    </SensorState><Extensions>
      <TPX xmlns="http://www.garmin.com/xmlschemas/ActivityExtension/v2">
      <ns3:Speed>
      2.6651593078319196
    </ns3:Speed><nax:Nax>
      <nax:Pace>
      6.253534870388229
    </nax:Pace>
    </nax:Nax>
    </TPX>
    </Extensions>
    </Trackpoint>
<Trackpoint>
      <Time>
      2025-09-06T16:05:18.113Z
    </Time><DistanceMeters>
      6.422499351436272
    </DistanceMeters><Cadence>
      160.0321340560913
    </Cadence><SensorState>
      Present
    </SensorState>
    </Trackpoint>
<Trackpoint>
      <Time>
      2025-09-06T16:05:18.448Z
    </Time><SensorState>
      Present
    </SensorState><Extensions>
      <TPX xmlns="http://www.garmin.com/xmlschemas/ActivityExtension/v2">
      <nax:Nax>
      <nax:AscentInMeters>
      0.06076812744140625
    </nax:AscentInMeters>
    </nax:Nax>
    </TPX>
    </Extensions>
    </Trackpoint>
<Trackpoint>
      <Time>
      2025-09-06T16:05:19.508Z
    </Time><SensorState>
      Present
    </SensorState><Extensions>
      <TPX xmlns="http://www.garmin.com/xmlschemas/ActivityExtension/v2">
      <nax:Nax>
      <nax:AscentInMeters>
      0.03435516357421875
    </nax:AscentInMeters>
    </nax:Nax>
    </TPX>
    </Extensions>
    </Trackpoint>
<Trackpoint>
      <Time>
      2025-09-06T16:05:20.567Z
    </Time><SensorState>
      Present
    </SensorState><Extensions>
      <TPX xmlns="http://www.garmin.com/xmlschemas/ActivityExtension/v2">
      <nax:Nax>
      <nax:AscentInMeters>
      0.05548858642578125
    </nax:AscentInMeters>
    </nax:Nax>
    </TPX>
    </Extensions>
    </Trackpoint>
<Trackpoint>
      <Time>
      2025-09-06T16:05:20.667Z
    </Time><SensorState>
      Present
    </SensorState><Extensions>
      <TPX xmlns="http://www.garmin.com/xmlschemas/ActivityExtension/v2">
      <ns3:Speed>
      2.665746620083782
    </ns3:Speed><nax:Nax>
      <nax:Pace>
      6.252157103416996
    </nax:Pace>
    </nax:Nax>
    </TPX>
    </Extensions>
    </Trackpoint>
<Trackpoint>
      <Time>
      2025-09-06T16:05:20.668Z
    </Time><DistanceMeters>
      7.553415300091729
    </DistanceMeters><Cadence>
      159.71951007843018
    </Cadence><SensorState>
      Present
    </SensorState>
    </Trackpoint>
<Trackpoint>
      <Time>
      2025-09-06T16:05:21.000Z
    </Time><Position>
      <LatitudeDegrees>
      47.60682712692114
    </LatitudeDegrees><LongitudeDegrees>
      -122.29057439831021
    </LongitudeDegrees>
    </Position><AltitudeMeters>
      100.30346535425633
    </AltitudeMeters><SensorState>
      Present
    </SensorState><Extensions>
      <TPX xmlns="http://www.garmin.com/xmlschemas/ActivityExtension/v2">
      <nax:Nax>
      <nax:NikeFuel>
      6.963353134598858
    </nax:NikeFuel>
    </nax:Nax>
    </TPX>
    </Extensions>
    </Trackpoint>
<Trackpoint>
      <Time>
      2025-09-06T16:05:21.628Z
    </Time><SensorState>
      Present
    </SensorState><Extensions>
      <TPX xmlns="http://www.garmin.com/xmlschemas/ActivityExtension/v2">
      <nax:Nax>
      <nax:AscentInMeters>
      0.01849365234375
    </nax:AscentInMeters>
    </nax:Nax>
    </TPX>
    </Extensions>
    </Trackpoint>
<Trackpoint>
      <Time>
      2025-09-06T16:05:22.688Z
    </Time><SensorState>
      Present
    </SensorState><Extensions>
      <TPX xmlns="http://www.garmin.com/xmlschemas/ActivityExtension/v2">
      <nax:Nax>
      <nax:AscentInMeters>
      0.1268310546875
    </nax:AscentInMeters>
    </nax:Nax>
    </TPX>
    </Extensions>
    </Trackpoint>
<Trackpoint>
      <Time>
      2025-09-06T16:05:23.223Z
    </Time><SensorState>
      Present
    </SensorState><Extensions>
      <TPX xmlns="http://www.garmin.com/xmlschemas/ActivityExtension/v2">
      <ns3:Speed>
      2.6677116700629098
    </ns3:Speed><nax:Nax>
      <nax:Pace>
      6.247551732707918
    </nax:Pace>
    </nax:Nax>
    </TPX>
    </Extensions>
    </Trackpoint>
<Trackpoint>
      <Time>
      2025-09-06T16:05:23.224Z
    </Time><DistanceMeters>
      7.016895035980269
    </DistanceMeters><Cadence>
      159.65722560882568
    </Cadence><SensorState>
      Present
    </SensorState>
    </Trackpoint>
<Trackpoint>
      <Time>
      2025-09-06T16:05:25.000Z
    </Time><Position>
      <LatitudeDegrees>
      47.60683543292697
    </LatitudeDegrees><LongitudeDegrees>
      -122.29071949276101
    </LongitudeDegrees>
    </Position><AltitudeMeters>
      100.46582210808992
    </AltitudeMeters><SensorState>
      Present
    </SensorState>
    </Trackpoint>
<Trackpoint>
      <Time>
      2025-09-06T16:05:25.778Z
    </Time><SensorState>
      Present
    </SensorState><Extensions>
      <TPX xmlns="http://www.garmin.com/xmlschemas/ActivityExtension/v2">
      <ns3:Speed>
      2.6700369359294513
    </ns3:Speed><nax:Nax>
      <nax:Pace>
      6.242110902059461
    </nax:Pace>
    </nax:Nax>
    </TPX>
    </Extensions>
    </Trackpoint>
<Trackpoint>
      <Time>
      2025-09-06T16:05:25.779Z
    </Time><DistanceMeters>
      4.906344147399068
    </DistanceMeters><Cadence>
      159.2839765548706
    </Cadence><SensorState>
      Present
    </SensorState>
    </Trackpoint>
<Trackpoint>
      <Time>
      2025-09-06T16:05:26.928Z
    </Time><SensorState>
      Present
    </SensorState><Extensions>
      <TPX xmlns="http://www.garmin.com/xmlschemas/ActivityExtension/v2">
      <nax:Nax>
      <nax:DescentInMeters>
      0.1558990478515625
    </nax:DescentInMeters>
    </nax:Nax>
    </TPX>
    </Extensions>
    </Trackpoint>
<Trackpoint>
      <Time>
      2025-09-06T16:05:27.988Z
    </Time><SensorState>
      Present
    </SensorState><Extensions>
      <TPX xmlns="http://www.garmin.com/xmlschemas/ActivityExtension/v2">
      <nax:Nax>
      <nax:DescentInMeters>
      0.22724151611328125
    </nax:DescentInMeters>
    </nax:Nax>
    </TPX>
    </Extensions>
    </Trackpoint>
<Trackpoint>
      <Time>
      2025-09-06T16:05:28.334Z
    </Time><SensorState>
      Present
    </SensorState><Extensions>
      <TPX xmlns="http://www.garmin.com/xmlschemas/ActivityExtension/v2">
      <ns3:Speed>
      2.6689408644997896
    </ns3:Speed><nax:Nax>
      <nax:Pace>
      6.244674390637095
    </nax:Pace>
    </nax:Nax>
    </TPX>
    </Extensions>
    </Trackpoint>
<Trackpoint>
      <Time>
      2025-09-06T16:05:28.335Z
    </Time><DistanceMeters>
      5.045255581615493
    </DistanceMeters><Cadence>
      158.9802074432373
    </Cadence><SensorState>
      Present
    </SensorState>
    </Trackpoint>
<Trackpoint>
      <Time>
      2025-09-06T16:05:29.047Z
    </Time><SensorState>
      Present
    </SensorState><Extensions>
      <TPX xmlns="http://www.garmin.com/xmlschemas/ActivityExtension/v2">
      <nax:Nax>
      <nax:DescentInMeters>
      0.27480316162109375
    </nax:DescentInMeters>
    </nax:Nax>
    </TPX>
    </Extensions>
    </Trackpoint>
<Trackpoint>
      <Time>
      2025-09-06T16:05:30.000Z
    </Time><Position>
      <LatitudeDegrees>
      47.606825462549054
    </LatitudeDegrees><LongitudeDegrees>
      -122.29086124772337
    </LongitudeDegrees>
    </Position><AltitudeMeters>
      98.81673824414611
    </AltitudeMeters><SensorState>
      Present
    </SensorState>
    </Trackpoint>
<Trackpoint>
      <Time>
      2025-09-06T16:05:30.108Z
    </Time><SensorState>
      Present
    </SensorState><Extensions>
      <TPX xmlns="http://www.garmin.com/xmlschemas/ActivityExtension/v2">
      <nax:Nax>
      <nax:DescentInMeters>
      0.33028411865234375
    </nax:DescentInMeters>
    </nax:Nax>
    </TPX>
    </Extensions>
    </Trackpoint>
<Trackpoint>
      <Time>
      2025-09-06T16:05:30.889Z
    </Time><DistanceMeters>
      6.425247142324224
    </DistanceMeters><SensorState>
      Present
    </SensorState><Extensions>
      <TPX xmlns="http://www.garmin.com/xmlschemas/ActivityExtension/v2">
      <ns3:Speed>
      2.6656543595100812
    </ns3:Speed><nax:Nax>
      <nax:Pace>
      6.252373495913334
    </nax:Pace>
    </nax:Nax>
    </TPX>
    </Extensions>
    </Trackpoint>
<Trackpoint>
      <Time>
      2025-09-06T16:05:30.890Z
    </Time><Cadence>
      158.54544639587402
    </Cadence><SensorState>
      Present
    </SensorState>
    </Trackpoint>
<Trackpoint>
      <Time>
      2025-09-06T16:05:31.000Z
    </Time><SensorState>
      Present
    </SensorState><Extensions>
      <TPX xmlns="http://www.garmin.com/xmlschemas/ActivityExtension/v2">
      <nax:Nax>
      <nax:NikeFuel>
      6.9364135072843895
    </nax:NikeFuel>
    </nax:Nax>
    </TPX>
    </Extensions>
    </Trackpoint>
<Trackpoint>
      <Time>
      2025-09-06T16:05:31.168Z
    </Time><SensorState>
      Present
    </SensorState><Extensions>
      <TPX xmlns="http://www.garmin.com/xmlschemas/ActivityExtension/v2">
      <nax:Nax>
      <nax:DescentInMeters>
      0.298583984375
    </nax:DescentInMeters>
    </nax:Nax>
    </TPX>
    </Extensions>
    </Trackpoint>
<Trackpoint>
      <Time>
      2025-09-06T16:05:32.228Z
    </Time><SensorState>
      Present
    </SensorState><Extensions>
      <TPX xmlns="http://www.garmin.com/xmlschemas/ActivityExtension/v2">
      <nax:Nax>
      <nax:DescentInMeters>
      0.303863525390625
    </nax:DescentInMeters>
    </nax:Nax>
    </TPX>
    </Extensions>
    </Trackpoint>
<Trackpoint>
      <Time>
      2025-09-06T16:05:33.288Z
    </Time><SensorState>
      Present
    </SensorState><Extensions>
      <TPX xmlns="http://www.garmin.com/xmlschemas/ActivityExtension/v2">
      <nax:Nax>
      <nax:DescentInMeters>
      0.30651092529296875
    </nax:DescentInMeters>
    </nax:Nax>
    </TPX>
    </Extensions>
    </Trackpoint>
<Trackpoint>
      <Time>
      2025-09-06T16:05:33.445Z
    </Time><SensorState>
      Present
    </SensorState><Extensions>
      <TPX xmlns="http://www.garmin.com/xmlschemas/ActivityExtension/v2">
      <ns3:Speed>
      2.6618772612170023
    </ns3:Speed><nax:Nax>
      <nax:Pace>
      6.261245366004109
    </nax:Pace>
    </nax:Nax>
    </TPX>
    </Extensions>
    </Trackpoint>
<Trackpoint>
      <Time>
      2025-09-06T16:05:33.446Z
    </Time><DistanceMeters>
      4.645799386082217
    </DistanceMeters><Cadence>
      158.05050373077393
    </Cadence><SensorState>
      Present
    </SensorState>
    </Trackpoint>
<Trackpoint>
      <Time>
      2025-09-06T16:05:34.348Z
    </Time><SensorState>
      Present
    </SensorState><Extensions>
      <TPX xmlns="http://www.garmin.com/xmlschemas/ActivityExtension/v2">
      <nax:Nax>
      <nax:DescentInMeters>
      0.35407257080078125
    </nax:DescentInMeters>
    </nax:Nax>
    </TPX>
    </Extensions>
    </Trackpoint>
<Trackpoint>
      <Time>
      2025-09-06T16:05:35.000Z
    </Time><Position>
      <LatitudeDegrees>
      47.606830744967276
    </LatitudeDegrees><LongitudeDegrees>
      -122.29100146750147
    </LongitudeDegrees>
    </Position><AltitudeMeters>
      96.87074597738683
    </AltitudeMeters><SensorState>
      Present
    </SensorState>
    </Trackpoint>
<Trackpoint>
      <Time>
      2025-09-06T16:05:35.408Z
    </Time><SensorState>
      Present
    </SensorState><Extensions>
      <TPX xmlns="http://www.garmin.com/xmlschemas/ActivityExtension/v2">
      <nax:Nax>
      <nax:DescentInMeters>
      0.30915069580078125
    </nax:DescentInMeters>
    </nax:Nax>
    </TPX>
    </Extensions>
    </Trackpoint>
<Trackpoint>
      <Time>
      2025-09-06T16:05:36.000Z
    </Time><SensorState>
      Present
    </SensorState><Extensions>
      <TPX xmlns="http://www.garmin.com/xmlschemas/ActivityExtension/v2">
      <ns3:Speed>
      2.656769502000828
    </ns3:Speed><nax:Nax>
      <nax:Pace>
      6.27328289266905
    </nax:Pace>
    </nax:Nax>
    </TPX>
    </Extensions>
    </Trackpoint>
<Trackpoint>
      <Time>
      2025-09-06T16:05:36.001Z
    </Time><DistanceMeters>
      5.803095860406756
    </DistanceMeters><Cadence>
      158.05068969726562
    </Cadence><SensorState>
      Present
    </SensorState>
    </Trackpoint>
<Trackpoint>
      <Time>
      2025-09-06T16:05:36.468Z
    </Time><SensorState>
      Present
    </SensorState><Extensions>
      <TPX xmlns="http://www.garmin.com/xmlschemas/ActivityExtension/v2">
      <nax:Nax>
      <nax:DescentInMeters>
      0.32236480712890625
    </nax:DescentInMeters>
    </nax:Nax>
    </TPX>
    </Extensions>
    </Trackpoint>
<Trackpoint>
      <Time>
      2025-09-06T16:05:37.528Z
    </Time><SensorState>
      Present
    </SensorState><Extensions>
      <TPX xmlns="http://www.garmin.com/xmlschemas/ActivityExtension/v2">
      <nax:Nax>
      <nax:DescentInMeters>
      0.32764434814453125
    </nax:DescentInMeters>
    </nax:Nax>
    </TPX>
    </Extensions>
    </Trackpoint>
<Trackpoint>
      <Time>
      2025-09-06T16:05:38.556Z
    </Time><SensorState>
      Present
    </SensorState><Extensions>
      <TPX xmlns="http://www.garmin.com/xmlschemas/ActivityExtension/v2">
      <ns3:Speed>
      2.652393319746892
    </ns3:Speed><nax:Nax>
      <nax:Pace>
      6.283633178603053
    </nax:Pace>
    </nax:Nax>
    </TPX>
    </Extensions>
    </Trackpoint>
<Trackpoint>
      <Time>
      2025-09-06T16:05:38.557Z
    </Time><DistanceMeters>
      4.440192765323445
    </DistanceMeters><Cadence>
      157.99029350280762
    </Cadence><SensorState>
      Present
    </SensorState>
    </Trackpoint>
<Trackpoint>
      <Time>
      2025-09-06T16:05:38.587Z
    </Time><SensorState>
      Present
    </SensorState><Extensions>
      <TPX xmlns="http://www.garmin.com/xmlschemas/ActivityExtension/v2">
      <nax:Nax>
      <nax:DescentInMeters>
      0.30651092529296875
    </nax:DescentInMeters>
    </nax:Nax>
    </TPX>
    </Extensions>
    </Trackpoint>
<Trackpoint>
      <Time>
      2025-09-06T16:05:39.648Z
    </Time><SensorState>
      Present
    </SensorState><Extensions>
      <TPX xmlns="http://www.garmin.com/xmlschemas/ActivityExtension/v2">
      <nax:Nax>
      <nax:DescentInMeters>
      0.2880096435546875
    </nax:DescentInMeters>
    </nax:Nax>
    </TPX>
    </Extensions>
    </Trackpoint>
<Trackpoint>
      <Time>
      2025-09-06T16:05:40.708Z
    </Time><SensorState>
      Present
    </SensorState><Extensions>
      <TPX xmlns="http://www.garmin.com/xmlschemas/ActivityExtension/v2">
      <nax:Nax>
      <nax:DescentInMeters>
      0.28537750244140625
    </nax:DescentInMeters>
    </nax:Nax>
    </TPX>
    </Extensions>
    </Trackpoint>
<Trackpoint>
      <Time>
      2025-09-06T16:05:41.000Z
    </Time><Position>
      <LatitudeDegrees>
      47.60683841114287
    </LatitudeDegrees><LongitudeDegrees>
      -122.29116067892139
    </LongitudeDegrees>
    </Position><AltitudeMeters>
      94.95416923612356
    </AltitudeMeters><SensorState>
      Present
    </SensorState><Extensions>
      <TPX xmlns="http://www.garmin.com/xmlschemas/ActivityExtension/v2">
      <nax:Nax>
      <nax:NikeFuel>
      6.886808071812954
    </nax:NikeFuel>
    </nax:Nax>
    </TPX>
    </Extensions>
    </Trackpoint>
<Trackpoint>
      <Time>
      2025-09-06T16:05:41.111Z
    </Time><SensorState>
      Present
    </SensorState><Extensions>
      <TPX xmlns="http://www.garmin.com/xmlschemas/ActivityExtension/v2">
      <ns3:Speed>
      2.645996461643947
    </ns3:Speed><nax:Nax>
      <nax:Pace>
      6.298824245710342
    </nax:Pace>
    </nax:Nax>
    </TPX>
    </Extensions>
    </Trackpoint>
<Trackpoint>
      <Time>
      2025-09-06T16:05:41.112Z
    </Time><DistanceMeters>
      6.73962853429839
    </DistanceMeters><Cadence>
      157.99047946929932
    </Cadence><SensorState>
      Present
    </SensorState>
    </Trackpoint>
<Trackpoint>
      <Time>
      2025-09-06T16:05:41.768Z
    </Time><SensorState>
      Present
    </SensorState><Extensions>
      <TPX xmlns="http://www.garmin.com/xmlschemas/ActivityExtension/v2">
      <nax:Nax>
      <nax:DescentInMeters>
      0.32500457763671875
    </nax:DescentInMeters>
    </nax:Nax>
    </TPX>
    </Extensions>
    </Trackpoint>
<Trackpoint>
      <Time>
      2025-09-06T16:05:42.828Z
    </Time><SensorState>
      Present
    </SensorState><Extensions>
      <TPX xmlns="http://www.garmin.com/xmlschemas/ActivityExtension/v2">
      <nax:Nax>
      <nax:DescentInMeters>
      0.34349822998046875
    </nax:DescentInMeters>
    </nax:Nax>
    </TPX>
    </Extensions>
    </Trackpoint>
<Trackpoint>
      <Time>
      2025-09-06T16:05:43.666Z
    </Time><DistanceMeters>
      5.242756624240428
    </DistanceMeters><SensorState>
      Present
    </SensorState><Extensions>
      <TPX xmlns="http://www.garmin.com/xmlschemas/ActivityExtension/v2">
      <ns3:Speed>
      2.6400674425637125
    </ns3:Speed><nax:Nax>
      <nax:Pace>
      6.312970039311582
    </nax:Pace>
    </nax:Nax>
    </TPX>
    </Extensions>
    </Trackpoint>
<Trackpoint>
      <Time>
      2025-09-06T16:05:43.667Z
    </Time><Cadence>
      157.99047946929932
    </Cadence><SensorState>
      Present
    </SensorState>
    </Trackpoint>
<Trackpoint>
      <Time>
      2025-09-06T16:05:43.888Z
    </Time><SensorState>
      Present
    </SensorState><Extensions>
      <TPX xmlns="http://www.garmin.com/xmlschemas/ActivityExtension/v2">
      <nax:Nax>
      <nax:DescentInMeters>
      0.3276519775390625
    </nax:DescentInMeters>
    </nax:Nax>
    </TPX>
    </Extensions>
    </Trackpoint>
<Trackpoint>
      <Time>
      2025-09-06T16:05:44.948Z
    </Time><SensorState>
      Present
    </SensorState><Extensions>
      <TPX xmlns="http://www.garmin.com/xmlschemas/ActivityExtension/v2">
      <nax:Nax>
      <nax:DescentInMeters>
      0.34613800048828125
    </nax:DescentInMeters>
    </nax:Nax>
    </TPX>
    </Extensions>
    </Trackpoint>
<Trackpoint>
      <Time>
      2025-09-06T16:05:46.000Z
    </Time><Position>
      <LatitudeDegrees>
      47.60684104640357
    </LatitudeDegrees><LongitudeDegrees>
      -122.29132235561784
    </LongitudeDegrees>
    </Position><AltitudeMeters>
      94.68966695386916
    </AltitudeMeters><SensorState>
      Present
    </SensorState>
    </Trackpoint>
<Trackpoint>
      <Time>
      2025-09-06T16:05:46.008Z
    </Time><SensorState>
      Present
    </SensorState><Extensions>
      <TPX xmlns="http://www.garmin.com/xmlschemas/ActivityExtension/v2">
      <nax:Nax>
      <nax:DescentInMeters>
      0.33821868896484375
    </nax:DescentInMeters>
    </nax:Nax>
    </TPX>
    </Extensions>
    </Trackpoint>
<Trackpoint>
      <Time>
      2025-09-06T16:05:46.222Z
    </Time><SensorState>
      Present
    </SensorState><Extensions>
      <TPX xmlns="http://www.garmin.com/xmlschemas/ActivityExtension/v2">
      <ns3:Speed>
      2.6335250169454834
    </ns3:Speed><nax:Nax>
      <nax:Pace>
      6.328653253500376
    </nax:Pace>
    </nax:Nax>
    </TPX>
    </Extensions>
    </Trackpoint>
<Trackpoint>
      <Time>
      2025-09-06T16:05:46.223Z
    </Time><DistanceMeters>
      6.408018219517544
    </DistanceMeters><Cadence>
      157.8677272796631
    </Cadence><SensorState>
      Present
    </SensorState>
    </Trackpoint>
<Trackpoint>
      <Time>
      2025-09-06T16:05:47.067Z
    </Time><SensorState>
      Present
    </SensorState><Extensions>
      <TPX xmlns="http://www.garmin.com/xmlschemas/ActivityExtension/v2">
      <nax:Nax>
      <nax:DescentInMeters>
      0.30915069580078125
    </nax:DescentInMeters>
    </nax:Nax>
    </TPX>
    </Extensions>
    </Trackpoint>
<Trackpoint>
      <Time>
      2025-09-06T16:05:48.128Z
    </Time><SensorState>
      Present
    </SensorState><Extensions>
      <TPX xmlns="http://www.garmin.com/xmlschemas/ActivityExtension/v2">
      <nax:Nax>
      <nax:DescentInMeters>
      0.2959442138671875
    </nax:DescentInMeters>
    </nax:Nax>
    </TPX>
    </Extensions>
    </Trackpoint>
<Trackpoint>
      <Time>
      2025-09-06T16:05:48.777Z
    </Time><SensorState>
      Present
    </SensorState><Extensions>
      <TPX xmlns="http://www.garmin.com/xmlschemas/ActivityExtension/v2">
      <ns3:Speed>
      2.6269101693737005
    </ns3:Speed><nax:Nax>
      <nax:Pace>
      6.344589495666035
    </nax:Pace>
    </nax:Nax>
    </TPX>
    </Extensions>
    </Trackpoint>
<Trackpoint>
      <Time>
      2025-09-06T16:05:48.778Z
    </Time><DistanceMeters>
      6.340866944519803
    </DistanceMeters><Cadence>
      157.25605487823486
    </Cadence><SensorState>
      Present
    </SensorState>
    </Trackpoint>
<Trackpoint>
      <Time>
      2025-09-06T16:05:49.188Z
    </Time><SensorState>
      Present
    </SensorState><Extensions>
      <TPX xmlns="http://www.garmin.com/xmlschemas/ActivityExtension/v2">
      <nax:Nax>
      <nax:DescentInMeters>
      0.31443023681640625
    </nax:DescentInMeters>
    </nax:Nax>
    </TPX>
    </Extensions>
    </Trackpoint>
<Trackpoint>
      <Time>
      2025-09-06T16:05:50.248Z
    </Time><SensorState>
      Present
    </SensorState><Extensions>
      <TPX xmlns="http://www.garmin.com/xmlschemas/ActivityExtension/v2">
      <nax:Nax>
      <nax:DescentInMeters>
      0.29329681396484375
    </nax:DescentInMeters>
    </nax:Nax>
    </TPX>
    </Extensions>
    </Trackpoint>
<Trackpoint>
      <Time>
      2025-09-06T16:05:51.000Z
    </Time><Position>
      <LatitudeDegrees>
      47.60683880439043
    </LatitudeDegrees><LongitudeDegrees>
      -122.29147373084972
    </LongitudeDegrees>
    </Position><AltitudeMeters>
      93.42064959555864
    </AltitudeMeters><SensorState>
      Present
    </SensorState><Extensions>
      <TPX xmlns="http://www.garmin.com/xmlschemas/ActivityExtension/v2">
      <nax:Nax>
      <nax:NikeFuel>
      6.8159448452212335
    </nax:NikeFuel>
    </nax:Nax>
    </TPX>
    </Extensions>
    </Trackpoint>
<Trackpoint>
      <Time>
      2025-09-06T16:05:51.308Z
    </Time><SensorState>
      Present
    </SensorState><Extensions>
      <TPX xmlns="http://www.garmin.com/xmlschemas/ActivityExtension/v2">
      <nax:Nax>
      <nax:DescentInMeters>
      0.2510223388671875
    </nax:DescentInMeters>
    </nax:Nax>
    </TPX>
    </Extensions>
    </Trackpoint>
<Trackpoint>
      <Time>
      2025-09-06T16:05:51.333Z
    </Time><SensorState>
      Present
    </SensorState><Extensions>
      <TPX xmlns="http://www.garmin.com/xmlschemas/ActivityExtension/v2">
      <ns3:Speed>
      2.6208309012659505
    </ns3:Speed><nax:Nax>
      <nax:Pace>
      6.359306378223829
    </nax:Pace>
    </nax:Nax>
    </TPX>
    </Extensions>
    </Trackpoint>
<Trackpoint>
      <Time>
      2025-09-06T16:05:51.334Z
    </Time><DistanceMeters>
      3.1027999187354
    </DistanceMeters><Cadence>
      157.25605487823486
    </Cadence><SensorState>
      Present
    </SensorState>
    </Trackpoint>
<Trackpoint>
      <Time>
      2025-09-06T16:05:52.368Z
    </Time><SensorState>
      Present
    </SensorState><Extensions>
      <TPX xmlns="http://www.garmin.com/xmlschemas/ActivityExtension/v2">
      <nax:Nax>
      <nax:DescentInMeters>
      0.203460693359375
    </nax:DescentInMeters>
    </nax:Nax>
    </TPX>
    </Extensions>
    </Trackpoint>
<Trackpoint>
      <Time>
      2025-09-06T16:05:53.428Z
    </Time><SensorState>
      Present
    </SensorState><Extensions>
      <TPX xmlns="http://www.garmin.com/xmlschemas/ActivityExtension/v2">
      <nax:Nax>
      <nax:DescentInMeters>
      0.13211822509765625
    </nax:DescentInMeters>
    </nax:Nax>
    </TPX>
    </Extensions>
    </Trackpoint>
<Trackpoint>
      <Time>
      2025-09-06T16:05:53.888Z
    </Time><SensorState>
      Present
    </SensorState><Extensions>
      <TPX xmlns="http://www.garmin.com/xmlschemas/ActivityExtension/v2">
      <ns3:Speed>
      2.611519598166129
    </ns3:Speed><nax:Nax>
      <nax:Pace>
      6.381980314591702
    </nax:Pace>
    </nax:Nax>
    </TPX>
    </Extensions>
    </Trackpoint>
<Trackpoint>
      <Time>
      2025-09-06T16:05:53.889Z
    </Time><DistanceMeters>
      6.365650828229263
    </DistanceMeters><Cadence>
      157.25605487823486
    </Cadence><SensorState>
      Present
    </SensorState>
    </Trackpoint>
<Trackpoint>
      <Time>
      2025-09-06T16:05:54.488Z
    </Time><SensorState>
      Present
    </SensorState><Extensions>
      <TPX xmlns="http://www.garmin.com/xmlschemas/ActivityExtension/v2">
      <nax:Nax>
      <nax:DescentInMeters>
      0.0977630615234375
    </nax:DescentInMeters>
    </nax:Nax>
    </TPX>
    </Extensions>
    </Trackpoint>
<Trackpoint>
      <Time>
      2025-09-06T16:05:55.547Z
    </Time><SensorState>
      Present
    </SensorState><Extensions>
      <TPX xmlns="http://www.garmin.com/xmlschemas/ActivityExtension/v2">
      <nax:Nax>
      <nax:DescentInMeters>
      0.06870269775390625
    </nax:DescentInMeters>
    </nax:Nax>
    </TPX>
    </Extensions>
    </Trackpoint>
<Trackpoint>
      <Time>
      2025-09-06T16:05:56.000Z
    </Time><Position>
      <LatitudeDegrees>
      47.606732896777004
    </LatitudeDegrees><LongitudeDegrees>
      -122.29144790316938
    </LongitudeDegrees>
    </Position><AltitudeMeters>
      92.60487171821296
    </AltitudeMeters><SensorState>
      Present
    </SensorState>
    </Trackpoint>
<Trackpoint>
      <Time>
      2025-09-06T16:05:56.444Z
    </Time><SensorState>
      Present
    </SensorState><Extensions>
      <TPX xmlns="http://www.garmin.com/xmlschemas/ActivityExtension/v2">
      <ns3:Speed>
      2.6025297265828327
    </ns3:Speed><nax:Nax>
      <nax:Pace>
      6.404025474302763
    </nax:Pace>
    </nax:Nax>
    </TPX>
    </Extensions>
    </Trackpoint>
<Trackpoint>
      <Time>
      2025-09-06T16:05:56.445Z
    </Time><DistanceMeters>
      6.917538974201307
    </DistanceMeters><Cadence>
      157.07365036010742
    </Cadence><SensorState>
      Present
    </SensorState>
    </Trackpoint>
<Trackpoint>
      <Time>
      2025-09-06T16:05:56.608Z
    </Time><SensorState>
      Present
    </SensorState><Extensions>
      <TPX xmlns="http://www.garmin.com/xmlschemas/ActivityExtension/v2">
      <nax:Nax>
      <nax:DescentInMeters>
      0.03963470458984375
    </nax:DescentInMeters>
    </nax:Nax>
    </TPX>
    </Extensions>
    </Trackpoint>
<Trackpoint>
      <Time>
      2025-09-06T16:05:58.728Z
    </Time><SensorState>
      Present
    </SensorState><Extensions>
      <TPX xmlns="http://www.garmin.com/xmlschemas/ActivityExtension/v2">
      <nax:Nax>
      <nax:DescentInMeters>
      0.04227447509765625
    </nax:DescentInMeters>
    </nax:Nax>
    </TPX>
    </Extensions>
    </Trackpoint>
<Trackpoint>
      <Time>
      2025-09-06T16:05:58.999Z
    </Time><SensorState>
      Present
    </SensorState><Extensions>
      <TPX xmlns="http://www.garmin.com/xmlschemas/ActivityExtension/v2">
      <ns3:Speed>
      2.5951154093673043
    </ns3:Speed><nax:Nax>
      <nax:Pace>
      6.422321953970456
    </nax:Pace>
    </nax:Nax>
    </TPX>
    </Extensions>
    </Trackpoint>
<Trackpoint>
      <Time>
      2025-09-06T16:05:59.000Z
    </Time><DistanceMeters>
      6.868192245950922
    </DistanceMeters><Cadence>
      157.0738649368286
    </Cadence><SensorState>
      Present
    </SensorState>
    </Trackpoint>
<Trackpoint>
      <Time>
      2025-09-06T16:05:59.788Z
    </Time><SensorState>
      Present
    </SensorState><Extensions>
      <TPX xmlns="http://www.garmin.com/xmlschemas/ActivityExtension/v2">
      <nax:Nax>
      <nax:DescentInMeters>
      0.0660552978515625
    </nax:DescentInMeters>
    </nax:Nax>
    </TPX>
    </Extensions>
    </Trackpoint>
<Trackpoint>
      <Time>
      2025-09-06T16:05:59.999Z
    </Time><Position>
      <LatitudeDegrees>
      47.606637757156435
    </LatitudeDegrees><LongitudeDegrees>
      -122.29144992730181
    </LongitudeDegrees>
    </Position><AltitudeMeters>
      91.80786431208253
    </AltitudeMeters><SensorState>
      Present
    </SensorState>
    </Trackpoint>
<Trackpoint>
      <Time>
      2025-09-06T16:06:00.848Z
    </Time><SensorState>
      Present
    </SensorState><Extensions>
      <TPX xmlns="http://www.garmin.com/xmlschemas/ActivityExtension/v2">
      <nax:Nax>
      <nax:DescentInMeters>
      0.0739898681640625
    </nax:DescentInMeters>
    </nax:Nax>
    </TPX>
    </Extensions>
    </Trackpoint>
<Trackpoint>
      <Time>
      2025-09-06T16:06:01.000Z
    </Time><SensorState>
      Present
    </SensorState><Extensions>
      <TPX xmlns="http://www.garmin.com/xmlschemas/ActivityExtension/v2">
      <nax:Nax>
      <nax:NikeFuel>
      6.751779009012983
    </nax:NikeFuel>
    </nax:Nax>
    </TPX>
    </Extensions>
    </Trackpoint>
<Trackpoint>
      <Time>
      2025-09-06T16:06:01.554Z
    </Time><DistanceMeters>
      6.2468200258444995
    </DistanceMeters><SensorState>
      Present
    </SensorState><Extensions>
      <TPX xmlns="http://www.garmin.com/xmlschemas/ActivityExtension/v2">
      <ns3:Speed>
      2.5891581391183256
    </ns3:Speed><nax:Nax>
      <nax:Pace>
      6.437098767687512
    </nax:Pace>
    </nax:Nax>
    </TPX>
    </Extensions>
    </Trackpoint>
<Trackpoint>
      <Time>
      2025-09-06T16:06:01.555Z
    </Time><Cadence>
      157.01329708099365
    </Cadence><SensorState>
      Present
    </SensorState>
    </Trackpoint>
<Trackpoint>
      <Time>
      2025-09-06T16:06:01.908Z
    </Time><SensorState>
      Present
    </SensorState><Extensions>
      <TPX xmlns="http://www.garmin.com/xmlschemas/ActivityExtension/v2">
      <nax:Nax>
      <nax:DescentInMeters>
      0.12418365478515625
    </nax:DescentInMeters>
    </nax:Nax>
    </TPX>
    </Extensions>
    </Trackpoint>
<Trackpoint>
      <Time>
      2025-09-06T16:06:02.968Z
    </Time><SensorState>
      Present
    </SensorState><Extensions>
      <TPX xmlns="http://www.garmin.com/xmlschemas/ActivityExtension/v2">
      <nax:Nax>
      <nax:DescentInMeters>
      0.14797210693359375
    </nax:DescentInMeters>
    </nax:Nax>
    </TPX>
    </Extensions>
    </Trackpoint>
<Trackpoint>
      <Time>
      2025-09-06T16:06:03.999Z
    </Time><Position>
      <LatitudeDegrees>
      47.60654357115658
    </LatitudeDegrees><LongitudeDegrees>
      -122.2914587707047
    </LongitudeDegrees>
    </Position><AltitudeMeters>
      92.33949002996087
    </AltitudeMeters><SensorState>
      Present
    </SensorState>
    </Trackpoint>
<Trackpoint>
      <Time>
      2025-09-06T16:06:04.028Z
    </Time><SensorState>
      Present
    </SensorState><Extensions>
      <TPX xmlns="http://www.garmin.com/xmlschemas/ActivityExtension/v2">
      <nax:Nax>
      <nax:DescentInMeters>
      0.1743927001953125
    </nax:DescentInMeters>
    </nax:Nax>
    </TPX>
    </Extensions>
    </Trackpoint>
<Trackpoint>
      <Time>
      2025-09-06T16:06:04.110Z
    </Time><SensorState>
      Present
    </SensorState><Extensions>
      <TPX xmlns="http://www.garmin.com/xmlschemas/ActivityExtension/v2">
      <ns3:Speed>
      2.583982589216002
    </ns3:Speed><nax:Nax>
      <nax:Pace>
      6.44999185993875
    </nax:Pace>
    </nax:Nax>
    </TPX>
    </Extensions>
    </Trackpoint>
<Trackpoint>
      <Time>
      2025-09-06T16:06:04.111Z
    </Time><DistanceMeters>
      6.042148447828367
    </DistanceMeters><Cadence>
      156.95275783538818
    </Cadence><SensorState>
      Present
    </SensorState>
    </Trackpoint>
<Trackpoint>
      <Time>
      2025-09-06T16:06:05.087Z
    </Time><SensorState>
      Present
    </SensorState><Extensions>
      <TPX xmlns="http://www.garmin.com/xmlschemas/ActivityExtension/v2">
      <nax:Nax>
      <nax:DescentInMeters>
      0.18231964111328125
    </nax:DescentInMeters>
    </nax:Nax>
    </TPX>
    </Extensions>
    </Trackpoint>
<Trackpoint>
      <Time>
      2025-09-06T16:06:06.148Z
    </Time><SensorState>
      Present
    </SensorState><Extensions>
      <TPX xmlns="http://www.garmin.com/xmlschemas/ActivityExtension/v2">
      <nax:Nax>
      <nax:DescentInMeters>
      0.17967987060546875
    </nax:DescentInMeters>
    </nax:Nax>
    </TPX>
    </Extensions>
    </Trackpoint>
<Trackpoint>
      <Time>
      2025-09-06T16:06:06.665Z
    </Time><SensorState>
      Present
    </SensorState><Extensions>
      <TPX xmlns="http://www.garmin.com/xmlschemas/ActivityExtension/v2">
      <ns3:Speed>
      2.5784152864563015
    </ns3:Speed><nax:Nax>
      <nax:Pace>
      6.463918653528014
    </nax:Pace>
    </nax:Nax>
    </TPX>
    </Extensions>
    </Trackpoint>
<Trackpoint>
      <Time>
      2025-09-06T16:06:06.666Z
    </Time><DistanceMeters>
      6.375877785030752
    </DistanceMeters><Cadence>
      156.52905464172363
    </Cadence><SensorState>
      Present
    </SensorState>
    </Trackpoint>
<Trackpoint>
      <Time>
      2025-09-06T16:06:07.208Z
    </Time><SensorState>
      Present
    </SensorState><Extensions>
      <TPX xmlns="http://www.garmin.com/xmlschemas/ActivityExtension/v2">
      <nax:Nax>
      <nax:DescentInMeters>
      0.16646575927734375
    </nax:DescentInMeters>
    </nax:Nax>
    </TPX>
    </Extensions>
    </Trackpoint>
<Trackpoint>
      <Time>
      2025-09-06T16:06:08.268Z
    </Time><SensorState>
      Present
    </SensorState><Extensions>
      <TPX xmlns="http://www.garmin.com/xmlschemas/ActivityExtension/v2">
      <nax:Nax>
      <nax:DescentInMeters>
      0.17967987060546875
    </nax:DescentInMeters>
    </nax:Nax>
    </TPX>
    </Extensions>
    </Trackpoint>
<Trackpoint>
      <Time>
      2025-09-06T16:06:08.999Z
    </Time><Position>
      <LatitudeDegrees>
      47.60643995451752
    </LatitudeDegrees><LongitudeDegrees>
      -122.29146814698191
    </LongitudeDegrees>
    </Position><AltitudeMeters>
      90.29851908702403
    </AltitudeMeters><SensorState>
      Present
    </SensorState>
    </Trackpoint>
<Trackpoint>
      <Time>
      2025-09-06T16:06:09.221Z
    </Time><SensorState>
      Present
    </SensorState><Extensions>
      <TPX xmlns="http://www.garmin.com/xmlschemas/ActivityExtension/v2">
      <ns3:Speed>
      2.572947082641321
    </ns3:Speed><nax:Nax>
      <nax:Pace>
      6.47765621730436
    </nax:Pace>
    </nax:Nax>
    </TPX>
    </Extensions>
    </Trackpoint>
<Trackpoint>
      <Time>
      2025-09-06T16:06:09.222Z
    </Time><DistanceMeters>
      5.260837921639904
    </DistanceMeters><Cadence>
      156.63880348205566
    </Cadence><SensorState>
      Present
    </SensorState>
    </Trackpoint>
<Trackpoint>
      <Time>
      2025-09-06T16:06:09.328Z
    </Time><SensorState>
      Present
    </SensorState><Extensions>
      <TPX xmlns="http://www.garmin.com/xmlschemas/ActivityExtension/v2">
      <nax:Nax>
      <nax:DescentInMeters>
      0.16646575927734375
    </nax:DescentInMeters>
    </nax:Nax>
    </TPX>
    </Extensions>
    </Trackpoint>
<Trackpoint>
      <Time>
      2025-09-06T16:06:10.388Z
    </Time><SensorState>
      Present
    </SensorState><Extensions>
      <TPX xmlns="http://www.garmin.com/xmlschemas/ActivityExtension/v2">
      <nax:Nax>
      <nax:DescentInMeters>
      0.158538818359375
    </nax:DescentInMeters>
    </nax:Nax>
    </TPX>
    </Extensions>
    </Trackpoint>
<Trackpoint>
      <Time>
      2025-09-06T16:06:11.000Z
    </Time><SensorState>
      Present
    </SensorState><Extensions>
      <TPX xmlns="http://www.garmin.com/xmlschemas/ActivityExtension/v2">
      <nax:Nax>
      <nax:NikeFuel>
      6.7002667536891645
    </nax:NikeFuel>
    </nax:Nax>
    </TPX>
    </Extensions>
    </Trackpoint>
<Trackpoint>
      <Time>
      2025-09-06T16:06:11.448Z
    </Time><SensorState>
      Present
    </SensorState><Extensions>
      <TPX xmlns="http://www.garmin.com/xmlschemas/ActivityExtension/v2">
      <nax:Nax>
      <nax:DescentInMeters>
      0.158538818359375
    </nax:DescentInMeters>
    </nax:Nax>
    </TPX>
    </Extensions>
    </Trackpoint>
<Trackpoint>
      <Time>
      2025-09-06T16:06:11.776Z
    </Time><SensorState>
      Present
    </SensorState><Extensions>
      <TPX xmlns="http://www.garmin.com/xmlschemas/ActivityExtension/v2">
      <ns3:Speed>
      2.5671232526959917
    </ns3:Speed><nax:Nax>
      <nax:Pace>
      6.492351564796642
    </nax:Pace>
    </nax:Nax>
    </TPX>
    </Extensions>
    </Trackpoint>
<Trackpoint>
      <Time>
      2025-09-06T16:06:11.777Z
    </Time><DistanceMeters>
      7.080760140670463
    </DistanceMeters><Cadence>
      156.46904468536377
    </Cadence><SensorState>
      Present
    </SensorState>
    </Trackpoint>
<Trackpoint>
      <Time>
      2025-09-06T16:06:12.508Z
    </Time><SensorState>
      Present
    </SensorState><Extensions>
      <TPX xmlns="http://www.garmin.com/xmlschemas/ActivityExtension/v2">
      <nax:Nax>
      <nax:DescentInMeters>
      0.1743927001953125
    </nax:DescentInMeters>
    </nax:Nax>
    </TPX>
    </Extensions>
    </Trackpoint>
<Trackpoint>
      <Time>
      2025-09-06T16:06:12.999Z
    </Time><Position>
      <LatitudeDegrees>
      47.60634964318231
    </LatitudeDegrees><LongitudeDegrees>
      -122.29145832455752
    </LongitudeDegrees>
    </Position><AltitudeMeters>
      89.91547493170947
    </AltitudeMeters><SensorState>
      Present
    </SensorState>
    </Trackpoint>
<Trackpoint>
      <Time>
      2025-09-06T16:06:13.567Z
    </Time><SensorState>
      Present
    </SensorState><Extensions>
      <TPX xmlns="http://www.garmin.com/xmlschemas/ActivityExtension/v2">
      <nax:Nax>
      <nax:DescentInMeters>
      0.1611785888671875
    </nax:DescentInMeters>
    </nax:Nax>
    </TPX>
    </Extensions>
    </Trackpoint>
<Trackpoint>
      <Time>
      2025-09-06T16:06:14.331Z
    </Time><SensorState>
      Present
    </SensorState><Extensions>
      <TPX xmlns="http://www.garmin.com/xmlschemas/ActivityExtension/v2">
      <ns3:Speed>
      2.5618867834160186
    </ns3:Speed><nax:Nax>
      <nax:Pace>
      6.505621862197728
    </nax:Pace>
    </nax:Nax>
    </TPX>
    </Extensions>
    </Trackpoint>
<Trackpoint>
      <Time>
      2025-09-06T16:06:14.332Z
    </Time><DistanceMeters>
      6.907388733467087
    </DistanceMeters><Cadence>
      156.28838539123535
    </Cadence><SensorState>
      Present
    </SensorState>
    </Trackpoint>
<Trackpoint>
      <Time>
      2025-09-06T16:06:14.628Z
    </Time><SensorState>
      Present
    </SensorState><Extensions>
      <TPX xmlns="http://www.garmin.com/xmlschemas/ActivityExtension/v2">
      <nax:Nax>
      <nax:DescentInMeters>
      0.1717529296875
    </nax:DescentInMeters>
    </nax:Nax>
    </TPX>
    </Extensions>
    </Trackpoint>
<Trackpoint>
      <Time>
      2025-09-06T16:06:15.688Z
    </Time><SensorState>
      Present
    </SensorState><Extensions>
      <TPX xmlns="http://www.garmin.com/xmlschemas/ActivityExtension/v2">
      <nax:Nax>
      <nax:DescentInMeters>
      0.18495941162109375
    </nax:DescentInMeters>
    </nax:Nax>
    </TPX>
    </Extensions>
    </Trackpoint>
<Trackpoint>
      <Time>
      2025-09-06T16:06:16.748Z
    </Time><SensorState>
      Present
    </SensorState><Extensions>
      <TPX xmlns="http://www.garmin.com/xmlschemas/ActivityExtension/v2">
      <nax:Nax>
      <nax:DescentInMeters>
      0.158538818359375
    </nax:DescentInMeters>
    </nax:Nax>
    </TPX>
    </Extensions>
    </Trackpoint>
<Trackpoint>
      <Time>
      2025-09-06T16:06:16.887Z
    </Time><SensorState>
      Present
    </SensorState><Extensions>
      <TPX xmlns="http://www.garmin.com/xmlschemas/ActivityExtension/v2">
      <ns3:Speed>
      2.557430328950789
    </ns3:Speed><nax:Nax>
      <nax:Pace>
      6.516958244373496
    </nax:Pace>
    </nax:Nax>
    </TPX>
    </Extensions>
    </Trackpoint>
<Trackpoint>
      <Time>
      2025-09-06T16:06:16.888Z
    </Time><DistanceMeters>
      6.633926501497626
    </DistanceMeters><Cadence>
      156.40902042388916
    </Cadence><SensorState>
      Present
    </SensorState>
    </Trackpoint>
<Trackpoint>
      <Time>
      2025-09-06T16:06:16.999Z
    </Time><Position>
      <LatitudeDegrees>
      47.60625854714597
    </LatitudeDegrees><LongitudeDegrees>
      -122.29145589009602
    </LongitudeDegrees>
    </Position><AltitudeMeters>
      89.61939588934183
    </AltitudeMeters><SensorState>
      Present
    </SensorState>
    </Trackpoint>
<Trackpoint>
      <Time>
      2025-09-06T16:06:17.808Z
    </Time><SensorState>
      Present
    </SensorState><Extensions>
      <TPX xmlns="http://www.garmin.com/xmlschemas/ActivityExtension/v2">
      <nax:Nax>
      <nax:DescentInMeters>
      0.1717529296875
    </nax:DescentInMeters>
    </nax:Nax>
    </TPX>
    </Extensions>
    </Trackpoint>
<Trackpoint>
      <Time>
      2025-09-06T16:06:18.868Z
    </Time><SensorState>
      Present
    </SensorState><Extensions>
      <TPX xmlns="http://www.garmin.com/xmlschemas/ActivityExtension/v2">
      <nax:Nax>
      <nax:DescentInMeters>
      0.1717529296875
    </nax:DescentInMeters>
    </nax:Nax>
    </TPX>
    </Extensions>
    </Trackpoint>
<Trackpoint>
      <Time>
      2025-09-06T16:06:19.442Z
    </Time><DistanceMeters>
      6.056318621151149
    </DistanceMeters><SensorState>
      Present
    </SensorState><Extensions>
      <TPX xmlns="http://www.garmin.com/xmlschemas/ActivityExtension/v2">
      <ns3:Speed>
      2.5533734511133845
    </ns3:Speed><nax:Nax>
      <nax:Pace>
      6.527312586961871
    </nax:Pace>
    </nax:Nax>
    </TPX>
    </Extensions>
    </Trackpoint>
<Trackpoint>
      <Time>
      2025-09-06T16:06:19.443Z
    </Time><Cadence>
      156.51763916015625
    </Cadence><SensorState>
      Present
    </SensorState>
    </Trackpoint>
<Trackpoint>
      <Time>
      2025-09-06T16:06:19.928Z
    </Time><SensorState>
      Present
    </SensorState><Extensions>
      <TPX xmlns="http://www.garmin.com/xmlschemas/ActivityExtension/v2">
      <nax:Nax>
      <nax:DescentInMeters>
      0.1294708251953125
    </nax:DescentInMeters>
    </nax:Nax>
    </TPX>
    </Extensions>
    </Trackpoint>
<Trackpoint>
      <Time>
      2025-09-06T16:06:20.988Z
    </Time><SensorState>
      Present
    </SensorState><Extensions>
      <TPX xmlns="http://www.garmin.com/xmlschemas/ActivityExtension/v2">
      <nax:Nax>
      <nax:DescentInMeters>
      0.1426849365234375
    </nax:DescentInMeters>
    </nax:Nax>
    </TPX>
    </Extensions>
    </Trackpoint>
<Trackpoint>
      <Time>
      2025-09-06T16:06:20.999Z
    </Time><Position>
      <LatitudeDegrees>
      47.60616364114973
    </LatitudeDegrees><LongitudeDegrees>
      -122.29146133857621
    </LongitudeDegrees>
    </Position><AltitudeMeters>
      89.68315073568374
    </AltitudeMeters><SensorState>
      Present
    </SensorState>
    </Trackpoint>
<Trackpoint>
      <Time>
      2025-09-06T16:06:21.000Z
    </Time><SensorState>
      Present
    </SensorState><Extensions>
      <TPX xmlns="http://www.garmin.com/xmlschemas/ActivityExtension/v2">
      <nax:Nax>
      <nax:NikeFuel>
      6.680965390310132
    </nax:NikeFuel>
    </nax:Nax>
    </TPX>
    </Extensions>
    </Trackpoint>
<Trackpoint>
      <Time>
      2025-09-06T16:06:21.998Z
    </Time><SensorState>
      Present
    </SensorState><Extensions>
      <TPX xmlns="http://www.garmin.com/xmlschemas/ActivityExtension/v2">
      <ns3:Speed>
      2.5527332220844885
    </ns3:Speed><nax:Nax>
      <nax:Pace>
      6.528949646002235
    </nax:Pace>
    </nax:Nax>
    </TPX>
    </Extensions>
    </Trackpoint>
<Trackpoint>
      <Time>
      2025-09-06T16:06:21.999Z
    </Time><DistanceMeters>
      7.395162575179711
    </DistanceMeters><Cadence>
      156.15363121032715
    </Cadence><SensorState>
      Present
    </SensorState>
    </Trackpoint>
<Trackpoint>
      <Time>
      2025-09-06T16:06:22.047Z
    </Time><SensorState>
      Present
    </SensorState><Extensions>
      <TPX xmlns="http://www.garmin.com/xmlschemas/ActivityExtension/v2">
      <nax:Nax>
      <nax:DescentInMeters>
      0.12947845458984375
    </nax:DescentInMeters>
    </nax:Nax>
    </TPX>
    </Extensions>
    </Trackpoint>
<Trackpoint>
      <Time>
      2025-09-06T16:06:23.108Z
    </Time><SensorState>
      Present
    </SensorState><Extensions>
      <TPX xmlns="http://www.garmin.com/xmlschemas/ActivityExtension/v2">
      <nax:Nax>
      <nax:DescentInMeters>
      0.08719635009765625
    </nax:DescentInMeters>
    </nax:Nax>
    </TPX>
    </Extensions>
    </Trackpoint>
<Trackpoint>
      <Time>
      2025-09-06T16:06:24.169Z
    </Time><SensorState>
      Present
    </SensorState><Extensions>
      <TPX xmlns="http://www.garmin.com/xmlschemas/ActivityExtension/v2">
      <nax:Nax>
      <nax:DescentInMeters>
      0.12418365478515625
    </nax:DescentInMeters>
    </nax:Nax>
    </TPX>
    </Extensions>
    </Trackpoint>
<Trackpoint>
      <Time>
      2025-09-06T16:06:24.553Z
    </Time><SensorState>
      Present
    </SensorState><Extensions>
      <TPX xmlns="http://www.garmin.com/xmlschemas/ActivityExtension/v2">
      <ns3:Speed>
      2.552405378515589
    </ns3:Speed><nax:Nax>
      <nax:Pace>
      6.529788256581545
    </nax:Pace>
    </nax:Nax>
    </TPX>
    </Extensions>
    </Trackpoint>
<Trackpoint>
      <Time>
      2025-09-06T16:06:24.554Z
    </Time><DistanceMeters>
      7.198396904394031
    </DistanceMeters><Cadence>
      156.34911060333252
    </Cadence><SensorState>
      Present
    </SensorState>
    </Trackpoint>
<Trackpoint>
      <Time>
      2025-09-06T16:06:24.999Z
    </Time><Position>
      <LatitudeDegrees>
      47.60606431196163
    </LatitudeDegrees><LongitudeDegrees>
      -122.29146851531745
    </LongitudeDegrees>
    </Position><AltitudeMeters>
      89.39803949277848
    </AltitudeMeters><SensorState>
      Present
    </SensorState>
    </Trackpoint>
<Trackpoint>
      <Time>
      2025-09-06T16:06:25.229Z
    </Time><SensorState>
      Present
    </SensorState><Extensions>
      <TPX xmlns="http://www.garmin.com/xmlschemas/ActivityExtension/v2">
      <nax:Nax>
      <nax:DescentInMeters>
      0.1056976318359375
    </nax:DescentInMeters>
    </nax:Nax>
    </TPX>
    </Extensions>
    </Trackpoint>
<Trackpoint>
      <Time>
      2025-09-06T16:06:26.289Z
    </Time><SensorState>
      Present
    </SensorState><Extensions>
      <TPX xmlns="http://www.garmin.com/xmlschemas/ActivityExtension/v2">
      <nax:Nax>
      <nax:DescentInMeters>
      0.10569000244140625
    </nax:DescentInMeters>
    </nax:Nax>
    </TPX>
    </Extensions>
    </Trackpoint>
<Trackpoint>
      <Time>
      2025-09-06T16:06:27.108Z
    </Time><SensorState>
      Present
    </SensorState><Extensions>
      <TPX xmlns="http://www.garmin.com/xmlschemas/ActivityExtension/v2">
      <ns3:Speed>
      2.5518621952102394
    </ns3:Speed><nax:Nax>
      <nax:Pace>
      6.531178171748241
    </nax:Pace>
    </nax:Nax>
    </TPX>
    </Extensions>
    </Trackpoint>
<Trackpoint>
      <Time>
      2025-09-06T16:06:27.109Z
    </Time><DistanceMeters>
      5.196484281681478
    </DistanceMeters><Cadence>
      156.7115879058838
    </Cadence><SensorState>
      Present
    </SensorState>
    </Trackpoint>
<Trackpoint>
      <Time>
      2025-09-06T16:06:27.349Z
    </Time><SensorState>
      Present
    </SensorState><Extensions>
      <TPX xmlns="http://www.garmin.com/xmlschemas/ActivityExtension/v2">
      <nax:Nax>
      <nax:DescentInMeters>
      0.11626434326171875
    </nax:DescentInMeters>
    </nax:Nax>
    </TPX>
    </Extensions>
    </Trackpoint>
<Trackpoint>
      <Time>
      2025-09-06T16:06:28.409Z
    </Time><SensorState>
      Present
    </SensorState><Extensions>
      <TPX xmlns="http://www.garmin.com/xmlschemas/ActivityExtension/v2">
      <nax:Nax>
      <nax:DescentInMeters>
      0.1294708251953125
    </nax:DescentInMeters>
    </nax:Nax>
    </TPX>
    </Extensions>
    </Trackpoint>
<Trackpoint>
      <Time>
      2025-09-06T16:06:29.468Z
    </Time><SensorState>
      Present
    </SensorState><Extensions>
      <TPX xmlns="http://www.garmin.com/xmlschemas/ActivityExtension/v2">
      <nax:Nax>
      <nax:DescentInMeters>
      0.0739898681640625
    </nax:DescentInMeters>
    </nax:Nax>
    </TPX>
    </Extensions>
    </Trackpoint>
<Trackpoint>
      <Time>
      2025-09-06T16:06:29.664Z
    </Time><SensorState>
      Present
    </SensorState><Extensions>
      <TPX xmlns="http://www.garmin.com/xmlschemas/ActivityExtension/v2">
      <ns3:Speed>
      2.551080404863964
    </ns3:Speed><nax:Nax>
      <nax:Pace>
      6.533179681396759
    </nax:Pace>
    </nax:Nax>
    </TPX>
    </Extensions>
    </Trackpoint>
<Trackpoint>
      <Time>
      2025-09-06T16:06:29.665Z
    </Time><DistanceMeters>
      5.541359189897776
    </DistanceMeters><Cadence>
      157.0149278640747
    </Cadence><SensorState>
      Present
    </SensorState>
    </Trackpoint>
<Trackpoint>
      <Time>
      2025-09-06T16:06:29.999Z
    </Time><Position>
      <LatitudeDegrees>
      47.605960827744994
    </LatitudeDegrees><LongitudeDegrees>
      -122.29147238458226
    </LongitudeDegrees>
    </Position><AltitudeMeters>
      88.3731040135026
    </AltitudeMeters><SensorState>
      Present
    </SensorState>
    </Trackpoint>
<Trackpoint>
      <Time>
      2025-09-06T16:06:30.529Z
    </Time><SensorState>
      Present
    </SensorState><Extensions>
      <TPX xmlns="http://www.garmin.com/xmlschemas/ActivityExtension/v2">
      <nax:Nax>
      <nax:DescentInMeters>
      0.05812835693359375
    </nax:DescentInMeters>
    </nax:Nax>
    </TPX>
    </Extensions>
    </Trackpoint>
<Trackpoint>
      <Time>
      2025-09-06T16:06:31.000Z
    </Time><SensorState>
      Present
    </SensorState><Extensions>
      <TPX xmlns="http://www.garmin.com/xmlschemas/ActivityExtension/v2">
      <nax:Nax>
      <nax:NikeFuel>
      6.669384241419879
    </nax:NikeFuel>
    </nax:Nax>
    </TPX>
    </Extensions>
    </Trackpoint>
<Trackpoint>
      <Time>
      2025-09-06T16:06:31.589Z
    </Time><SensorState>
      Present
    </SensorState><Extensions>
      <TPX xmlns="http://www.garmin.com/xmlschemas/ActivityExtension/v2">
      <nax:Nax>
      <nax:DescentInMeters>
      0.095123291015625
    </nax:DescentInMeters>
    </nax:Nax>
    </TPX>
    </Extensions>
    </Trackpoint>
<Trackpoint>
      <Time>
      2025-09-06T16:06:32.219Z
    </Time><SensorState>
      Present
    </SensorState><Extensions>
      <TPX xmlns="http://www.garmin.com/xmlschemas/ActivityExtension/v2">
      <ns3:Speed>
      2.5496122164238852
    </ns3:Speed><nax:Nax>
      <nax:Pace>
      6.5369417981702025
    </nax:Pace>
    </nax:Nax>
    </TPX>
    </Extensions>
    </Trackpoint>
<Trackpoint>
      <Time>
      2025-09-06T16:06:32.220Z
    </Time><DistanceMeters>
      6.6654529380612075
    </DistanceMeters><Cadence>
      157.26516723632812
    </Cadence><SensorState>
      Present
    </SensorState>
    </Trackpoint>
<Trackpoint>
      <Time>
      2025-09-06T16:06:32.649Z
    </Time><SensorState>
      Present
    </SensorState><Extensions>
      <TPX xmlns="http://www.garmin.com/xmlschemas/ActivityExtension/v2">
      <nax:Nax>
      <nax:DescentInMeters>
      0.08719635009765625
    </nax:DescentInMeters>
    </nax:Nax>
    </TPX>
    </Extensions>
    </Trackpoint>
<Trackpoint>
      <Time>
      2025-09-06T16:06:33.709Z
    </Time><SensorState>
      Present
    </SensorState><Extensions>
      <TPX xmlns="http://www.garmin.com/xmlschemas/ActivityExtension/v2">
      <nax:Nax>
      <nax:DescentInMeters>
      0.07134246826171875
    </nax:DescentInMeters>
    </nax:Nax>
    </TPX>
    </Extensions>
    </Trackpoint>
<Trackpoint>
      <Time>
      2025-09-06T16:06:34.769Z
    </Time><SensorState>
      Present
    </SensorState><Extensions>
      <TPX xmlns="http://www.garmin.com/xmlschemas/ActivityExtension/v2">
      <nax:Nax>
      <nax:DescentInMeters>
      0.11890411376953125
    </nax:DescentInMeters>
    </nax:Nax>
    </TPX>
    </Extensions>
    </Trackpoint>
<Trackpoint>
      <Time>
      2025-09-06T16:06:34.775Z
    </Time><SensorState>
      Present
    </SensorState><Extensions>
      <TPX xmlns="http://www.garmin.com/xmlschemas/ActivityExtension/v2">
      <ns3:Speed>
      2.5481540536747094
    </ns3:Speed><nax:Nax>
      <nax:Pace>
      6.5406825158908894
    </nax:Pace>
    </nax:Nax>
    </TPX>
    </Extensions>
    </Trackpoint>
<Trackpoint>
      <Time>
      2025-09-06T16:06:34.776Z
    </Time><DistanceMeters>
      5.667400569887832
    </DistanceMeters><Cadence>
      157.0150852203369
    </Cadence><SensorState>
      Present
    </SensorState>
    </Trackpoint>
<Trackpoint>
      <Time>
      2025-09-06T16:06:34.999Z
    </Time><Position>
      <LatitudeDegrees>
      47.60585221691571
    </LatitudeDegrees><LongitudeDegrees>
      -122.29146447912221
    </LongitudeDegrees>
    </Position><AltitudeMeters>
      88.04502424784005
    </AltitudeMeters><SensorState>
      Present
    </SensorState>
    </Trackpoint>
<Trackpoint>
      <Time>
      2025-09-06T16:06:35.829Z
    </Time><SensorState>
      Present
    </SensorState><Extensions>
      <TPX xmlns="http://www.garmin.com/xmlschemas/ActivityExtension/v2">
      <nax:Nax>
      <nax:DescentInMeters>
      0.10833740234375
    </nax:DescentInMeters>
    </nax:Nax>
    </TPX>
    </Extensions>
    </Trackpoint>
<Trackpoint>
      <Time>
      2025-09-06T16:06:36.889Z
    </Time><SensorState>
      Present
    </SensorState><Extensions>
      <TPX xmlns="http://www.garmin.com/xmlschemas/ActivityExtension/v2">
      <nax:Nax>
      <nax:DescentInMeters>
      0.10040283203125
    </nax:DescentInMeters>
    </nax:Nax>
    </TPX>
    </Extensions>
    </Trackpoint>
<Trackpoint>
      <Time>
      2025-09-06T16:06:37.330Z
    </Time><DistanceMeters>
      6.810313403839245
    </DistanceMeters><SensorState>
      Present
    </SensorState><Extensions>
      <TPX xmlns="http://www.garmin.com/xmlschemas/ActivityExtension/v2">
      <ns3:Speed>
      2.54642560847815
    </ns3:Speed><nax:Nax>
      <nax:Pace>
      6.545122155218727
    </nax:Pace>
    </nax:Nax>
    </TPX>
    </Extensions>
    </Trackpoint>
<Trackpoint>
      <Time>
      2025-09-06T16:06:37.331Z
    </Time><Cadence>
      157.19763278961182
    </Cadence><SensorState>
      Present
    </SensorState>
    </Trackpoint>
<Trackpoint>
      <Time>
      2025-09-06T16:06:37.949Z
    </Time><SensorState>
      Present
    </SensorState><Extensions>
      <TPX xmlns="http://www.garmin.com/xmlschemas/ActivityExtension/v2">
      <nax:Nax>
      <nax:DescentInMeters>
      0.10041046142578125
    </nax:DescentInMeters>
    </nax:Nax>
    </TPX>
    </Extensions>
    </Trackpoint>
<Trackpoint>
      <Time>
      2025-09-06T16:06:39.008Z
    </Time><SensorState>
      Present
    </SensorState><Extensions>
      <TPX xmlns="http://www.garmin.com/xmlschemas/ActivityExtension/v2">
      <nax:Nax>
      <nax:DescentInMeters>
      0.11362457275390625
    </nax:DescentInMeters>
    </nax:Nax>
    </TPX>
    </Extensions>
    </Trackpoint>
<Trackpoint>
      <Time>
      2025-09-06T16:06:39.886Z
    </Time><SensorState>
      Present
    </SensorState><Extensions>
      <TPX xmlns="http://www.garmin.com/xmlschemas/ActivityExtension/v2">
      <ns3:Speed>
      2.5448492088377703
    </ns3:Speed><nax:Nax>
      <nax:Pace>
      6.549176512614793
    </nax:Pace>
    </nax:Nax>
    </TPX>
    </Extensions>
    </Trackpoint>
<Trackpoint>
      <Time>
      2025-09-06T16:06:39.887Z
    </Time><DistanceMeters>
      7.590451453346759
    </DistanceMeters><Cadence>
      157.25858688354492
    </Cadence><SensorState>
      Present
    </SensorState>
    </Trackpoint>
<Trackpoint>
      <Time>
      2025-09-06T16:06:39.999Z
    </Time><Position>
      <LatitudeDegrees>
      47.605735137742656
    </LatitudeDegrees><LongitudeDegrees>
      -122.29145716774478
    </LongitudeDegrees>
    </Position><AltitudeMeters>
      87.5643806643784
    </AltitudeMeters><SensorState>
      Present
    </SensorState>
    </Trackpoint>
<Trackpoint>
      <Time>
      2025-09-06T16:06:40.069Z
    </Time><SensorState>
      Present
    </SensorState><Extensions>
      <TPX xmlns="http://www.garmin.com/xmlschemas/ActivityExtension/v2">
      <nax:Nax>
      <nax:DescentInMeters>
      0.0845489501953125
    </nax:DescentInMeters>
    </nax:Nax>
    </TPX>
    </Extensions>
    </Trackpoint>
<Trackpoint>
      <Time>
      2025-09-06T16:06:41.000Z
    </Time><SensorState>
      Present
    </SensorState><Extensions>
      <TPX xmlns="http://www.garmin.com/xmlschemas/ActivityExtension/v2">
      <nax:Nax>
      <nax:NikeFuel>
      6.657691220541135
    </nax:NikeFuel>
    </nax:Nax>
    </TPX>
    </Extensions>
    </Trackpoint>
<Trackpoint>
      <Time>
      2025-09-06T16:06:41.128Z
    </Time><SensorState>
      Present
    </SensorState><Extensions>
      <TPX xmlns="http://www.garmin.com/xmlschemas/ActivityExtension/v2">
      <nax:Nax>
      <nax:DescentInMeters>
      0.08719635009765625
    </nax:DescentInMeters>
    </nax:Nax>
    </TPX>
    </Extensions>
    </Trackpoint>
<Trackpoint>
      <Time>
      2025-09-06T16:06:42.188Z
    </Time><SensorState>
      Present
    </SensorState><Extensions>
      <TPX xmlns="http://www.garmin.com/xmlschemas/ActivityExtension/v2">
      <nax:Nax>
      <nax:DescentInMeters>
      0.076629638671875
    </nax:DescentInMeters>
    </nax:Nax>
    </TPX>
    </Extensions>
    </Trackpoint>
<Trackpoint>
      <Time>
      2025-09-06T16:06:42.441Z
    </Time><SensorState>
      Present
    </SensorState><Extensions>
      <TPX xmlns="http://www.garmin.com/xmlschemas/ActivityExtension/v2">
      <ns3:Speed>
      2.5439449838353854
    </ns3:Speed><nax:Nax>
      <nax:Pace>
      6.551504365294536
    </nax:Pace>
    </nax:Nax>
    </TPX>
    </Extensions>
    </Trackpoint>
<Trackpoint>
      <Time>
      2025-09-06T16:06:42.442Z
    </Time><DistanceMeters>
      6.918587044114247
    </DistanceMeters><Cadence>
      157.44166374206543
    </Cadence><SensorState>
      Present
    </SensorState>
    </Trackpoint>
<Trackpoint>
      <Time>
      2025-09-06T16:06:43.248Z
    </Time><SensorState>
      Present
    </SensorState><Extensions>
      <TPX xmlns="http://www.garmin.com/xmlschemas/ActivityExtension/v2">
      <nax:Nax>
      <nax:DescentInMeters>
      0.08983612060546875
    </nax:DescentInMeters>
    </nax:Nax>
    </TPX>
    </Extensions>
    </Trackpoint>
<Trackpoint>
      <Time>
      2025-09-06T16:06:43.999Z
    </Time><Position>
      <LatitudeDegrees>
      47.60563838986606
    </LatitudeDegrees><LongitudeDegrees>
      -122.29144711680848
    </LongitudeDegrees>
    </Position><AltitudeMeters>
      87.72652129642665
    </AltitudeMeters><SensorState>
      Present
    </SensorState>
    </Trackpoint>
<Trackpoint>
      <Time>
      2025-09-06T16:06:44.308Z
    </Time><SensorState>
      Present
    </SensorState><Extensions>
      <TPX xmlns="http://www.garmin.com/xmlschemas/ActivityExtension/v2">
      <nax:Nax>
      <nax:DescentInMeters>
      0.07134246826171875
    </nax:DescentInMeters>
    </nax:Nax>
    </TPX>
    </Extensions>
    </Trackpoint>
<Trackpoint>
      <Time>
      2025-09-06T16:06:44.996Z
    </Time><SensorState>
      Present
    </SensorState><Extensions>
      <TPX xmlns="http://www.garmin.com/xmlschemas/ActivityExtension/v2">
      <ns3:Speed>
      2.5428877931395992
    </ns3:Speed><nax:Nax>
      <nax:Pace>
      6.554228114835148
    </nax:Pace>
    </nax:Nax>
    </TPX>
    </Extensions>
    </Trackpoint>
<Trackpoint>
      <Time>
      2025-09-06T16:06:44.997Z
    </Time><DistanceMeters>
      6.80818554200232
    </DistanceMeters><Cadence>
      157.7477502822876
    </Cadence><SensorState>
      Present
    </SensorState>
    </Trackpoint>
<Trackpoint>
      <Time>
      2025-09-06T16:06:45.368Z
    </Time><SensorState>
      Present
    </SensorState><Extensions>
      <TPX xmlns="http://www.garmin.com/xmlschemas/ActivityExtension/v2">
      <nax:Nax>
      <nax:DescentInMeters>
      0.08191680908203125
    </nax:DescentInMeters>
    </nax:Nax>
    </TPX>
    </Extensions>
    </Trackpoint>
<Trackpoint>
      <Time>
      2025-09-06T16:06:46.428Z
    </Time><SensorState>
      Present
    </SensorState><Extensions>
      <TPX xmlns="http://www.garmin.com/xmlschemas/ActivityExtension/v2">
      <nax:Nax>
      <nax:DescentInMeters>
      0.0845489501953125
    </nax:DescentInMeters>
    </nax:Nax>
    </TPX>
    </Extensions>
    </Trackpoint>
<Trackpoint>
      <Time>
      2025-09-06T16:06:47.488Z
    </Time><SensorState>
      Present
    </SensorState><Extensions>
      <TPX xmlns="http://www.garmin.com/xmlschemas/ActivityExtension/v2">
      <nax:Nax>
      <nax:DescentInMeters>
      0.11362457275390625
    </nax:DescentInMeters>
    </nax:Nax>
    </TPX>
    </Extensions>
    </Trackpoint>
<Trackpoint>
      <Time>
      2025-09-06T16:06:47.552Z
    </Time><SensorState>
      Present
    </SensorState><Extensions>
      <TPX xmlns="http://www.garmin.com/xmlschemas/ActivityExtension/v2">
      <ns3:Speed>
      2.542134523939245
    </ns3:Speed><nax:Nax>
      <nax:Pace>
      6.556170222195915
    </nax:Pace>
    </nax:Nax>
    </TPX>
    </Extensions>
    </Trackpoint>
<Trackpoint>
      <Time>
      2025-09-06T16:06:47.553Z
    </Time><DistanceMeters>
      5.913100362755358
    </DistanceMeters><Cadence>
      157.74450302124023
    </Cadence><SensorState>
      Present
    </SensorState>
    </Trackpoint>
<Trackpoint>
      <Time>
      2025-09-06T16:06:47.999Z
    </Time><Position>
      <LatitudeDegrees>
      47.605546115662186
    </LatitudeDegrees><LongitudeDegrees>
      -122.29145160008346
    </LongitudeDegrees>
    </Position><AltitudeMeters>
      87.18440956808627
    </AltitudeMeters><SensorState>
      Present
    </SensorState>
    </Trackpoint>
<Trackpoint>
      <Time>
      2025-09-06T16:06:48.547Z
    </Time><SensorState>
      Present
    </SensorState><Extensions>
      <TPX xmlns="http://www.garmin.com/xmlschemas/ActivityExtension/v2">
      <nax:Nax>
      <nax:DescentInMeters>
      0.10305023193359375
    </nax:DescentInMeters>
    </nax:Nax>
    </TPX>
    </Extensions>
    </Trackpoint>
<Trackpoint>
      <Time>
      2025-09-06T16:06:49.608Z
    </Time><SensorState>
      Present
    </SensorState><Extensions>
      <TPX xmlns="http://www.garmin.com/xmlschemas/ActivityExtension/v2">
      <nax:Nax>
      <nax:DescentInMeters>
      0.10832977294921875
    </nax:DescentInMeters>
    </nax:Nax>
    </TPX>
    </Extensions>
    </Trackpoint>
<Trackpoint>
      <Time>
      2025-09-06T16:06:50.107Z
    </Time><SensorState>
      Present
    </SensorState><Extensions>
      <TPX xmlns="http://www.garmin.com/xmlschemas/ActivityExtension/v2">
      <ns3:Speed>
      2.540849748886239
    </ns3:Speed><nax:Nax>
      <nax:Pace>
      6.55948533516095
    </nax:Pace>
    </nax:Nax>
    </TPX>
    </Extensions>
    </Trackpoint>
<Trackpoint>
      <Time>
      2025-09-06T16:06:50.108Z
    </Time><DistanceMeters>
      7.0012521697208285
    </DistanceMeters><Cadence>
      157.86815643310547
    </Cadence><SensorState>
      Present
    </SensorState>
    </Trackpoint>
<Trackpoint>
      <Time>
      2025-09-06T16:06:50.668Z
    </Time><SensorState>
      Present
    </SensorState><Extensions>
      <TPX xmlns="http://www.garmin.com/xmlschemas/ActivityExtension/v2">
      <nax:Nax>
      <nax:DescentInMeters>
      0.08191680908203125
    </nax:DescentInMeters>
    </nax:Nax>
    </TPX>
    </Extensions>
    </Trackpoint>
<Trackpoint>
      <Time>
      2025-09-06T16:06:51.000Z
    </Time><SensorState>
      Present
    </SensorState><Extensions>
      <TPX xmlns="http://www.garmin.com/xmlschemas/ActivityExtension/v2">
      <nax:Nax>
      <nax:NikeFuel>
      6.645463867000558
    </nax:NikeFuel>
    </nax:Nax>
    </TPX>
    </Extensions>
    </Trackpoint>
<Trackpoint>
      <Time>
      2025-09-06T16:06:51.728Z
    </Time><SensorState>
      Present
    </SensorState><Extensions>
      <TPX xmlns="http://www.garmin.com/xmlschemas/ActivityExtension/v2">
      <nax:Nax>
      <nax:DescentInMeters>
      0.08455657958984375
    </nax:DescentInMeters>
    </nax:Nax>
    </TPX>
    </Extensions>
    </Trackpoint>
<Trackpoint>
      <Time>
      2025-09-06T16:06:51.999Z
    </Time><Position>
      <LatitudeDegrees>
      47.60544939361067
    </LatitudeDegrees><LongitudeDegrees>
      -122.2914489875565
    </LongitudeDegrees>
    </Position><AltitudeMeters>
      87.1065369406715
    </AltitudeMeters><SensorState>
      Present
    </SensorState>
    </Trackpoint>
<Trackpoint>
      <Time>
      2025-09-06T16:06:52.663Z
    </Time><SensorState>
      Present
    </SensorState><Extensions>
      <TPX xmlns="http://www.garmin.com/xmlschemas/ActivityExtension/v2">
      <ns3:Speed>
      2.539598487271531
    </ns3:Speed><nax:Nax>
      <nax:Pace>
      6.562717197305011
    </nax:Pace>
    </nax:Nax>
    </TPX>
    </Extensions>
    </Trackpoint>
<Trackpoint>
      <Time>
      2025-09-06T16:06:52.664Z
    </Time><DistanceMeters>
      6.921852066647261
    </DistanceMeters><Cadence>
      157.80900478363037
    </Cadence><SensorState>
      Present
    </SensorState>
    </Trackpoint>
<Trackpoint>
      <Time>
      2025-09-06T16:06:52.788Z
    </Time><SensorState>
      Present
    </SensorState><Extensions>
      <TPX xmlns="http://www.garmin.com/xmlschemas/ActivityExtension/v2">
      <nax:Nax>
      <nax:DescentInMeters>
      0.10040283203125
    </nax:DescentInMeters>
    </nax:Nax>
    </TPX>
    </Extensions>
    </Trackpoint>
<Trackpoint>
      <Time>
      2025-09-06T16:06:53.848Z
    </Time><SensorState>
      Present
    </SensorState><Extensions>
      <TPX xmlns="http://www.garmin.com/xmlschemas/ActivityExtension/v2">
      <nax:Nax>
      <nax:DescentInMeters>
      0.10833740234375
    </nax:DescentInMeters>
    </nax:Nax>
    </TPX>
    </Extensions>
    </Trackpoint>
<Trackpoint>
      <Time>
      2025-09-06T16:06:54.908Z
    </Time><SensorState>
      Present
    </SensorState><Extensions>
      <TPX xmlns="http://www.garmin.com/xmlschemas/ActivityExtension/v2">
      <nax:Nax>
      <nax:DescentInMeters>
      0.10041046142578125
    </nax:DescentInMeters>
    </nax:Nax>
    </TPX>
    </Extensions>
    </Trackpoint>
<Trackpoint>
      <Time>
      2025-09-06T16:06:55.218Z
    </Time><DistanceMeters>
      6.505959052126855
    </DistanceMeters><SensorState>
      Present
    </SensorState><Extensions>
      <TPX xmlns="http://www.garmin.com/xmlschemas/ActivityExtension/v2">
      <ns3:Speed>
      2.538281004936826
    </ns3:Speed><nax:Nax>
      <nax:Pace>
      6.566123543552057
    </nax:Pace>
    </nax:Nax>
    </TPX>
    </Extensions>
    </Trackpoint>
<Trackpoint>
      <Time>
      2025-09-06T16:06:55.219Z
    </Time><Cadence>
      157.68633842468262
    </Cadence><SensorState>
      Present
    </SensorState>
    </Trackpoint>
<Trackpoint>
      <Time>
      2025-09-06T16:06:55.968Z
    </Time><SensorState>
      Present
    </SensorState><Extensions>
      <TPX xmlns="http://www.garmin.com/xmlschemas/ActivityExtension/v2">
      <nax:Nax>
      <nax:DescentInMeters>
      0.095123291015625
    </nax:DescentInMeters>
    </nax:Nax>
    </TPX>
    </Extensions>
    </Trackpoint>
<Trackpoint>
      <Time>
      2025-09-06T16:06:55.999Z
    </Time><Position>
      <LatitudeDegrees>
      47.60535848087215
    </LatitudeDegrees><LongitudeDegrees>
      -122.29147383033674
    </LongitudeDegrees>
    </Position><AltitudeMeters>
      87.14260607678443
    </AltitudeMeters><SensorState>
      Present
    </SensorState>
    </Trackpoint>
<Trackpoint>
      <Time>
      2025-09-06T16:06:57.028Z
    </Time><SensorState>
      Present
    </SensorState><Extensions>
      <TPX xmlns="http://www.garmin.com/xmlschemas/ActivityExtension/v2">
      <nax:Nax>
      <nax:DescentInMeters>
      0.10305023193359375
    </nax:DescentInMeters>
    </nax:Nax>
    </TPX>
    </Extensions>
    </Trackpoint>
<Trackpoint>
      <Time>
      2025-09-06T16:06:57.773Z
    </Time><SensorState>
      Present
    </SensorState><Extensions>
      <TPX xmlns="http://www.garmin.com/xmlschemas/ActivityExtension/v2">
      <ns3:Speed>
      2.536791061012342
    </ns3:Speed><nax:Nax>
      <nax:Pace>
      6.5699800518910685
    </nax:Pace>
    </nax:Nax>
    </TPX>
    </Extensions>
    </Trackpoint>
<Trackpoint>
      <Time>
      2025-09-06T16:06:57.774Z
    </Time><DistanceMeters>
      6.222630301257595
    </DistanceMeters><Cadence>
      157.80624389648438
    </Cadence><SensorState>
      Present
    </SensorState>
    </Trackpoint>
<Trackpoint>
      <Time>
      2025-09-06T16:06:58.087Z
    </Time><SensorState>
      Present
    </SensorState><Extensions>
      <TPX xmlns="http://www.garmin.com/xmlschemas/ActivityExtension/v2">
      <nax:Nax>
      <nax:DescentInMeters>
      0.0977630615234375
    </nax:DescentInMeters>
    </nax:Nax>
    </TPX>
    </Extensions>
    </Trackpoint>
<Trackpoint>
      <Time>
      2025-09-06T16:06:59.148Z
    </Time><SensorState>
      Present
    </SensorState><Extensions>
      <TPX xmlns="http://www.garmin.com/xmlschemas/ActivityExtension/v2">
      <nax:Nax>
      <nax:DescentInMeters>
      0.10305023193359375
    </nax:DescentInMeters>
    </nax:Nax>
    </TPX>
    </Extensions>
    </Trackpoint>
<Trackpoint>
      <Time>
      2025-09-06T16:06:59.999Z
    </Time><Position>
      <LatitudeDegrees>
      47.6052633075635
    </LatitudeDegrees><LongitudeDegrees>
      -122.29147068664078
    </LongitudeDegrees>
    </Position><AltitudeMeters>
      86.65295371878892
    </AltitudeMeters><SensorState>
      Present
    </SensorState>
    </Trackpoint>
<Trackpoint>
      <Time>
      2025-09-06T16:07:00.208Z
    </Time><SensorState>
      Present
    </SensorState><Extensions>
      <TPX xmlns="http://www.garmin.com/xmlschemas/ActivityExtension/v2">
      <nax:Nax>
      <nax:DescentInMeters>
      0.10041046142578125
    </nax:DescentInMeters>
    </nax:Nax>
    </TPX>
    </Extensions>
    </Trackpoint>
<Trackpoint>
      <Time>
      2025-09-06T16:07:00.329Z
    </Time><SensorState>
      Present
    </SensorState><Extensions>
      <TPX xmlns="http://www.garmin.com/xmlschemas/ActivityExtension/v2">
      <ns3:Speed>
      2.5350439835660787
    </ns3:Speed><nax:Nax>
      <nax:Pace>
      6.574507888112242
    </nax:Pace>
    </nax:Nax>
    </TPX>
    </Extensions>
    </Trackpoint>
<Trackpoint>
      <Time>
      2025-09-06T16:07:00.330Z
    </Time><DistanceMeters>
      7.446513436501846
    </DistanceMeters><Cadence>
      157.80900478363037
    </Cadence><SensorState>
      Present
    </SensorState>
    </Trackpoint>
<Trackpoint>
      <Time>
      2025-09-06T16:07:01.000Z
    </Time><SensorState>
      Present
    </SensorState><Extensions>
      <TPX xmlns="http://www.garmin.com/xmlschemas/ActivityExtension/v2">
      <nax:Nax>
      <nax:NikeFuel>
      6.627986308280556
    </nax:NikeFuel>
    </nax:Nax>
    </TPX>
    </Extensions>
    </Trackpoint>
<Trackpoint>
      <Time>
      2025-09-06T16:07:01.268Z
    </Time><SensorState>
      Present
    </SensorState><Extensions>
      <TPX xmlns="http://www.garmin.com/xmlschemas/ActivityExtension/v2">
      <nax:Nax>
      <nax:DescentInMeters>
      0.1162567138671875
    </nax:DescentInMeters>
    </nax:Nax>
    </TPX>
    </Extensions>
    </Trackpoint>
<Trackpoint>
      <Time>
      2025-09-06T16:07:02.328Z
    </Time><SensorState>
      Present
    </SensorState><Extensions>
      <TPX xmlns="http://www.garmin.com/xmlschemas/ActivityExtension/v2">
      <nax:Nax>
      <nax:DescentInMeters>
      0.11626434326171875
    </nax:DescentInMeters>
    </nax:Nax>
    </TPX>
    </Extensions>
    </Trackpoint>
<Trackpoint>
      <Time>
      2025-09-06T16:07:02.884Z
    </Time><SensorState>
      Present
    </SensorState><Extensions>
      <TPX xmlns="http://www.garmin.com/xmlschemas/ActivityExtension/v2">
      <ns3:Speed>
      2.5330637784975454
    </ns3:Speed><nax:Nax>
      <nax:Pace>
      6.579647464128317
    </nax:Pace>
    </nax:Nax>
    </TPX>
    </Extensions>
    </Trackpoint>
<Trackpoint>
      <Time>
      2025-09-06T16:07:02.885Z
    </Time><DistanceMeters>
      6.611536173848435
    </DistanceMeters><Cadence>
      158.6110496520996
    </Cadence><SensorState>
      Present
    </SensorState>
    </Trackpoint>
<Trackpoint>
      <Time>
      2025-09-06T16:07:03.388Z
    </Time><SensorState>
      Present
    </SensorState><Extensions>
      <TPX xmlns="http://www.garmin.com/xmlschemas/ActivityExtension/v2">
      <nax:Nax>
      <nax:DescentInMeters>
      0.1241912841796875
    </nax:DescentInMeters>
    </nax:Nax>
    </TPX>
    </Extensions>
    </Trackpoint>
<Trackpoint>
      <Time>
      2025-09-06T16:07:03.999Z
    </Time><Position>
      <LatitudeDegrees>
      47.60516623203905
    </LatitudeDegrees><LongitudeDegrees>
      -122.29147592466028
    </LongitudeDegrees>
    </Position><AltitudeMeters>
      85.54766989964992
    </AltitudeMeters><SensorState>
      Present
    </SensorState>
    </Trackpoint>
<Trackpoint>
      <Time>
      2025-09-06T16:07:04.448Z
    </Time><SensorState>
      Present
    </SensorState><Extensions>
      <TPX xmlns="http://www.garmin.com/xmlschemas/ActivityExtension/v2">
      <nax:Nax>
      <nax:DescentInMeters>
      0.1558990478515625
    </nax:DescentInMeters>
    </nax:Nax>
    </TPX>
    </Extensions>
    </Trackpoint>
<Trackpoint>
      <Time>
      2025-09-06T16:07:05.440Z
    </Time><SensorState>
      Present
    </SensorState><Extensions>
      <TPX xmlns="http://www.garmin.com/xmlschemas/ActivityExtension/v2">
      <ns3:Speed>
      2.531126074555328
    </ns3:Speed><nax:Nax>
      <nax:Pace>
      6.584684514221478
    </nax:Pace>
    </nax:Nax>
    </TPX>
    </Extensions>
    </Trackpoint>
<Trackpoint>
      <Time>
      2025-09-06T16:07:05.441Z
    </Time><DistanceMeters>
      6.871610110159963
    </DistanceMeters><Cadence>
      158.7973165512085
    </Cadence><SensorState>
      Present
    </SensorState>
    </Trackpoint>
<Trackpoint>
      <Time>
      2025-09-06T16:07:05.508Z
    </Time><SensorState>
      Present
    </SensorState><Extensions>
      <TPX xmlns="http://www.garmin.com/xmlschemas/ActivityExtension/v2">
      <nax:Nax>
      <nax:DescentInMeters>
      0.132110595703125
    </nax:DescentInMeters>
    </nax:Nax>
    </TPX>
    </Extensions>
    </Trackpoint>
<Trackpoint>
      <Time>
      2025-09-06T16:07:06.567Z
    </Time><SensorState>
      Present
    </SensorState><Extensions>
      <TPX xmlns="http://www.garmin.com/xmlschemas/ActivityExtension/v2">
      <nax:Nax>
      <nax:DescentInMeters>
      0.1426849365234375
    </nax:DescentInMeters>
    </nax:Nax>
    </TPX>
    </Extensions>
    </Trackpoint>
<Trackpoint>
      <Time>
      2025-09-06T16:07:07.628Z
    </Time><SensorState>
      Present
    </SensorState><Extensions>
      <TPX xmlns="http://www.garmin.com/xmlschemas/ActivityExtension/v2">
      <nax:Nax>
      <nax:DescentInMeters>
      0.10041046142578125
    </nax:DescentInMeters>
    </nax:Nax>
    </TPX>
    </Extensions>
    </Trackpoint>
<Trackpoint>
      <Time>
      2025-09-06T16:07:07.995Z
    </Time><DistanceMeters>
      7.453357049031183
    </DistanceMeters><SensorState>
      Present
    </SensorState><Extensions>
      <TPX xmlns="http://www.garmin.com/xmlschemas/ActivityExtension/v2">
      <ns3:Speed>
      2.5291037827759353
    </ns3:Speed><nax:Nax>
      <nax:Pace>
      6.5899496810579254
    </nax:Pace>
    </nax:Nax>
    </TPX>
    </Extensions>
    </Trackpoint>
<Trackpoint>
      <Time>
      2025-09-06T16:07:07.996Z
    </Time><Cadence>
      159.04635429382324
    </Cadence><SensorState>
      Present
    </SensorState>
    </Trackpoint>
<Trackpoint>
      <Time>
      2025-09-06T16:07:07.999Z
    </Time><Position>
      <LatitudeDegrees>
      47.60506932881278
    </LatitudeDegrees><LongitudeDegrees>
      -122.29148451919353
    </LongitudeDegrees>
    </Position><AltitudeMeters>
      85.13010855950415
    </AltitudeMeters><SensorState>
      Present
    </SensorState>
    </Trackpoint>
<Trackpoint>
      <Time>
      2025-09-06T16:07:08.688Z
    </Time><SensorState>
      Present
    </SensorState><Extensions>
      <TPX xmlns="http://www.garmin.com/xmlschemas/ActivityExtension/v2">
      <nax:Nax>
      <nax:DescentInMeters>
      0.08455657958984375
    </nax:DescentInMeters>
    </nax:Nax>
    </TPX>
    </Extensions>
    </Trackpoint>
<Trackpoint>
      <Time>
      2025-09-06T16:07:09.748Z
    </Time><SensorState>
      Present
    </SensorState><Extensions>
      <TPX xmlns="http://www.garmin.com/xmlschemas/ActivityExtension/v2">
      <nax:Nax>
      <nax:DescentInMeters>
      0.0528411865234375
    </nax:DescentInMeters>
    </nax:Nax>
    </TPX>
    </Extensions>
    </Trackpoint>
<Trackpoint>
      <Time>
      2025-09-06T16:07:10.550Z
    </Time><SensorState>
      Present
    </SensorState><Extensions>
      <TPX xmlns="http://www.garmin.com/xmlschemas/ActivityExtension/v2">
      <ns3:Speed>
      2.527686731258006
    </ns3:Speed><nax:Nax>
      <nax:Pace>
      6.59364408593933
    </nax:Pace>
    </nax:Nax>
    </TPX>
    </Extensions>
    </Trackpoint>
<Trackpoint>
      <Time>
      2025-09-06T16:07:10.551Z
    </Time><DistanceMeters>
      7.212528701173142
    </DistanceMeters><Cadence>
      159.22586917877197
    </Cadence><SensorState>
      Present
    </SensorState>
    </Trackpoint>
<Trackpoint>
      <Time>
      2025-09-06T16:07:10.808Z
    </Time><SensorState>
      Present
    </SensorState><Extensions>
      <TPX xmlns="http://www.garmin.com/xmlschemas/ActivityExtension/v2">
      <nax:Nax>
      <nax:DescentInMeters>
      0.07134246826171875
    </nax:DescentInMeters>
    </nax:Nax>
    </TPX>
    </Extensions>
    </Trackpoint>
<Trackpoint>
      <Time>
      2025-09-06T16:07:11.000Z
    </Time><SensorState>
      Present
    </SensorState><Extensions>
      <TPX xmlns="http://www.garmin.com/xmlschemas/ActivityExtension/v2">
      <nax:Nax>
      <nax:NikeFuel>
      6.609379546863954
    </nax:NikeFuel>
    </nax:Nax>
    </TPX>
    </Extensions>
    </Trackpoint>
<Trackpoint>
      <Time>
      2025-09-06T16:07:11.867Z
    </Time><SensorState>
      Present
    </SensorState><Extensions>
      <TPX xmlns="http://www.garmin.com/xmlschemas/ActivityExtension/v2">
      <nax:Nax>
      <nax:DescentInMeters>
      0.05020904541015625
    </nax:DescentInMeters>
    </nax:Nax>
    </TPX>
    </Extensions>
    </Trackpoint>
<Trackpoint>
      <Time>
      2025-09-06T16:07:11.999Z
    </Time><Position>
      <LatitudeDegrees>
      47.60496678006684
    </LatitudeDegrees><LongitudeDegrees>
      -122.2914736070801
    </LongitudeDegrees>
    </Position><AltitudeMeters>
      84.00795265194029
    </AltitudeMeters><SensorState>
      Present
    </SensorState>
    </Trackpoint>
<Trackpoint>
      <Time>
      2025-09-06T16:07:12.927Z
    </Time><SensorState>
      Present
    </SensorState><Extensions>
      <TPX xmlns="http://www.garmin.com/xmlschemas/ActivityExtension/v2">
      <nax:Nax>
      <nax:DescentInMeters>
      0.10040283203125
    </nax:DescentInMeters>
    </nax:Nax>
    </TPX>
    </Extensions>
    </Trackpoint>
<Trackpoint>
      <Time>
      2025-09-06T16:07:13.106Z
    </Time><DistanceMeters>
      7.254162401193753
    </DistanceMeters><SensorState>
      Present
    </SensorState><Extensions>
      <TPX xmlns="http://www.garmin.com/xmlschemas/ActivityExtension/v2">
      <ns3:Speed>
      2.5266983013431483
    </ns3:Speed><nax:Nax>
      <nax:Pace>
      6.596223481769453
    </nax:Pace>
    </nax:Nax>
    </TPX>
    </Extensions>
    </Trackpoint>
<Trackpoint>
      <Time>
      2025-09-06T16:07:13.107Z
    </Time><Cadence>
      159.72370147705078
    </Cadence><SensorState>
      Present
    </SensorState>
    </Trackpoint>
<Trackpoint>
      <Time>
      2025-09-06T16:07:13.987Z
    </Time><SensorState>
      Present
    </SensorState><Extensions>
      <TPX xmlns="http://www.garmin.com/xmlschemas/ActivityExtension/v2">
      <nax:Nax>
      <nax:DescentInMeters>
      0.11098480224609375
    </nax:DescentInMeters>
    </nax:Nax>
    </TPX>
    </Extensions>
    </Trackpoint>
<Trackpoint>
      <Time>
      2025-09-06T16:07:15.047Z
    </Time><SensorState>
      Present
    </SensorState><Extensions>
      <TPX xmlns="http://www.garmin.com/xmlschemas/ActivityExtension/v2">
      <nax:Nax>
      <nax:DescentInMeters>
      0.1109771728515625
    </nax:DescentInMeters>
    </nax:Nax>
    </TPX>
    </Extensions>
    </Trackpoint>
<Trackpoint>
      <Time>
      2025-09-06T16:07:15.661Z
    </Time><SensorState>
      Present
    </SensorState><Extensions>
      <TPX xmlns="http://www.garmin.com/xmlschemas/ActivityExtension/v2">
      <ns3:Speed>
      2.5254497472837447
    </ns3:Speed><nax:Nax>
      <nax:Pace>
      6.599484580753409
    </nax:Pace>
    </nax:Nax>
    </TPX>
    </Extensions>
    </Trackpoint>
<Trackpoint>
      <Time>
      2025-09-06T16:07:15.662Z
    </Time><DistanceMeters>
      7.297217929037288
    </DistanceMeters><Cadence>
      159.91124153137207
    </Cadence><SensorState>
      Present
    </SensorState>
    </Trackpoint>
<Trackpoint>
      <Time>
      2025-09-06T16:07:15.999Z
    </Time><Position>
      <LatitudeDegrees>
      47.60486638414757
    </LatitudeDegrees><LongitudeDegrees>
      -122.29147009857924
    </LongitudeDegrees>
    </Position><AltitudeMeters>
      83.44792755227536
    </AltitudeMeters><SensorState>
      Present
    </SensorState>
    </Trackpoint>
<Trackpoint>
      <Time>
      2025-09-06T16:07:16.106Z
    </Time><SensorState>
      Present
    </SensorState><Extensions>
      <TPX xmlns="http://www.garmin.com/xmlschemas/ActivityExtension/v2">
      <nax:Nax>
      <nax:DescentInMeters>
      0.1109771728515625
    </nax:DescentInMeters>
    </nax:Nax>
    </TPX>
    </Extensions>
    </Trackpoint>
<Trackpoint>
      <Time>
      2025-09-06T16:07:17.166Z
    </Time><SensorState>
      Present
    </SensorState><Extensions>
      <TPX xmlns="http://www.garmin.com/xmlschemas/ActivityExtension/v2">
      <nax:Nax>
      <nax:DescentInMeters>
      0.113616943359375
    </nax:DescentInMeters>
    </nax:Nax>
    </TPX>
    </Extensions>
    </Trackpoint>
<Trackpoint>
      <Time>
      2025-09-06T16:07:18.217Z
    </Time><SensorState>
      Present
    </SensorState><Extensions>
      <TPX xmlns="http://www.garmin.com/xmlschemas/ActivityExtension/v2">
      <ns3:Speed>
      2.521076151890734
    </ns3:Speed><nax:Nax>
      <nax:Pace>
      6.610933451640146
    </nax:Pace>
    </nax:Nax>
    </TPX>
    </Extensions>
    </Trackpoint>
<Trackpoint>
      <Time>
      2025-09-06T16:07:18.218Z
    </Time><DistanceMeters>
      6.240481049055234
    </DistanceMeters><Cadence>
      159.7238302230835
    </Cadence><SensorState>
      Present
    </SensorState>
    </Trackpoint>
<Trackpoint>
      <Time>
      2025-09-06T16:07:18.228Z
    </Time><SensorState>
      Present
    </SensorState><Extensions>
      <TPX xmlns="http://www.garmin.com/xmlschemas/ActivityExtension/v2">
      <nax:Nax>
      <nax:DescentInMeters>
      0.0924835205078125
    </nax:DescentInMeters>
    </nax:Nax>
    </TPX>
    </Extensions>
    </Trackpoint>
<Trackpoint>
      <Time>
      2025-09-06T16:07:19.288Z
    </Time><SensorState>
      Present
    </SensorState><Extensions>
      <TPX xmlns="http://www.garmin.com/xmlschemas/ActivityExtension/v2">
      <nax:Nax>
      <nax:DescentInMeters>
      0.1162567138671875
    </nax:DescentInMeters>
    </nax:Nax>
    </TPX>
    </Extensions>
    </Trackpoint>
<Trackpoint>
      <Time>
      2025-09-06T16:07:19.999Z
    </Time><Position>
      <LatitudeDegrees>
      47.60476777101049
    </LatitudeDegrees><LongitudeDegrees>
      -122.29147196765577
    </LongitudeDegrees>
    </Position><AltitudeMeters>
      84.11445819400251
    </AltitudeMeters><SensorState>
      Present
    </SensorState>
    </Trackpoint>
<Trackpoint>
      <Time>
      2025-09-06T16:07:20.348Z
    </Time><SensorState>
      Present
    </SensorState><Extensions>
      <TPX xmlns="http://www.garmin.com/xmlschemas/ActivityExtension/v2">
      <nax:Nax>
      <nax:DescentInMeters>
      0.140045166015625
    </nax:DescentInMeters>
    </nax:Nax>
    </TPX>
    </Extensions>
    </Trackpoint>
<Trackpoint>
      <Time>
      2025-09-06T16:07:20.772Z
    </Time><SensorState>
      Present
    </SensorState><Extensions>
      <TPX xmlns="http://www.garmin.com/xmlschemas/ActivityExtension/v2">
      <ns3:Speed>
      2.5171655189463324
    </ns3:Speed><nax:Nax>
      <nax:Pace>
      6.621204104862843
    </nax:Pace>
    </nax:Nax>
    </TPX>
    </Extensions>
    </Trackpoint>
<Trackpoint>
      <Time>
      2025-09-06T16:07:20.773Z
    </Time><DistanceMeters>
      7.370794284623116
    </DistanceMeters><Cadence>
      159.84882831573486
    </Cadence><SensorState>
      Present
    </SensorState>
    </Trackpoint>
<Trackpoint>
      <Time>
      2025-09-06T16:07:21.000Z
    </Time><SensorState>
      Present
    </SensorState><Extensions>
      <TPX xmlns="http://www.garmin.com/xmlschemas/ActivityExtension/v2">
      <nax:Nax>
      <nax:NikeFuel>
      6.587621708366472
    </nax:NikeFuel>
    </nax:Nax>
    </TPX>
    </Extensions>
    </Trackpoint>
<Trackpoint>
      <Time>
      2025-09-06T16:07:21.407Z
    </Time><SensorState>
      Present
    </SensorState><Extensions>
      <TPX xmlns="http://www.garmin.com/xmlschemas/ActivityExtension/v2">
      <nax:Nax>
      <nax:DescentInMeters>
      0.14797210693359375
    </nax:DescentInMeters>
    </nax:Nax>
    </TPX>
    </Extensions>
    </Trackpoint>
<Trackpoint>
      <Time>
      2025-09-06T16:07:22.467Z
    </Time><SensorState>
      Present
    </SensorState><Extensions>
      <TPX xmlns="http://www.garmin.com/xmlschemas/ActivityExtension/v2">
      <nax:Nax>
      <nax:DescentInMeters>
      0.11890411376953125
    </nax:DescentInMeters>
    </nax:Nax>
    </TPX>
    </Extensions>
    </Trackpoint>
<Trackpoint>
      <Time>
      2025-09-06T16:07:23.327Z
    </Time><SensorState>
      Present
    </SensorState><Extensions>
      <TPX xmlns="http://www.garmin.com/xmlschemas/ActivityExtension/v2">
      <ns3:Speed>
      2.515001702054969
    </ns3:Speed><nax:Nax>
      <nax:Pace>
      6.6269007504243795
    </nax:Pace>
    </nax:Nax>
    </TPX>
    </Extensions>
    </Trackpoint>
<Trackpoint>
      <Time>
      2025-09-06T16:07:23.328Z
    </Time><DistanceMeters>
      8.091953200520948
    </DistanceMeters><Cadence>
      159.7864007949829
    </Cadence><SensorState>
      Present
    </SensorState>
    </Trackpoint>
<Trackpoint>
      <Time>
      2025-09-06T16:07:23.527Z
    </Time><SensorState>
      Present
    </SensorState><Extensions>
      <TPX xmlns="http://www.garmin.com/xmlschemas/ActivityExtension/v2">
      <nax:Nax>
      <nax:DescentInMeters>
      0.11890411376953125
    </nax:DescentInMeters>
    </nax:Nax>
    </TPX>
    </Extensions>
    </Trackpoint>
<Trackpoint>
      <Time>
      2025-09-06T16:07:23.999Z
    </Time><Position>
      <LatitudeDegrees>
      47.604662852341555
    </LatitudeDegrees><LongitudeDegrees>
      -122.29147552765902
    </LongitudeDegrees>
    </Position><AltitudeMeters>
      83.77309945877641
    </AltitudeMeters><SensorState>
      Present
    </SensorState>
    </Trackpoint>
<Trackpoint>
      <Time>
      2025-09-06T16:07:24.587Z
    </Time><SensorState>
      Present
    </SensorState><Extensions>
      <TPX xmlns="http://www.garmin.com/xmlschemas/ActivityExtension/v2">
      <nax:Nax>
      <nax:DescentInMeters>
      0.11626434326171875
    </nax:DescentInMeters>
    </nax:Nax>
    </TPX>
    </Extensions>
    </Trackpoint>
<Trackpoint>
      <Time>
      2025-09-06T16:07:25.646Z
    </Time><SensorState>
      Present
    </SensorState><Extensions>
      <TPX xmlns="http://www.garmin.com/xmlschemas/ActivityExtension/v2">
      <nax:Nax>
      <nax:DescentInMeters>
      0.1162567138671875
    </nax:DescentInMeters>
    </nax:Nax>
    </TPX>
    </Extensions>
    </Trackpoint>
<Trackpoint>
      <Time>
      2025-09-06T16:07:25.883Z
    </Time><DistanceMeters>
      7.207769873552024
    </DistanceMeters><SensorState>
      Present
    </SensorState><Extensions>
      <TPX xmlns="http://www.garmin.com/xmlschemas/ActivityExtension/v2">
      <ns3:Speed>
      2.513846302977262
    </ns3:Speed><nax:Nax>
      <nax:Pace>
      6.629946567110161
    </nax:Pace>
    </nax:Nax>
    </TPX>
    </Extensions>
    </Trackpoint>
<Trackpoint>
      <Time>
      2025-09-06T16:07:25.884Z
    </Time><Cadence>
      160.02299308776855
    </Cadence><SensorState>
      Present
    </SensorState>
    </Trackpoint>
<Trackpoint>
      <Time>
      2025-09-06T16:07:26.707Z
    </Time><SensorState>
      Present
    </SensorState><Extensions>
      <TPX xmlns="http://www.garmin.com/xmlschemas/ActivityExtension/v2">
      <nax:Nax>
      <nax:DescentInMeters>
      0.10041046142578125
    </nax:DescentInMeters>
    </nax:Nax>
    </TPX>
    </Extensions>
    </Trackpoint>
<Trackpoint>
      <Time>
      2025-09-06T16:07:27.767Z
    </Time><SensorState>
      Present
    </SensorState><Extensions>
      <TPX xmlns="http://www.garmin.com/xmlschemas/ActivityExtension/v2">
      <nax:Nax>
      <nax:DescentInMeters>
      0.11890411376953125
    </nax:DescentInMeters>
    </nax:Nax>
    </TPX>
    </Extensions>
    </Trackpoint>
<Trackpoint>
      <Time>
      2025-09-06T16:07:28.000Z
    </Time><Position>
      <LatitudeDegrees>
      47.60456338394417
    </LatitudeDegrees><LongitudeDegrees>
      -122.291492345496
    </LongitudeDegrees>
    </Position><AltitudeMeters>
      83.84307634364814
    </AltitudeMeters><SensorState>
      Present
    </SensorState>
    </Trackpoint>
<Trackpoint>
      <Time>
      2025-09-06T16:07:28.438Z
    </Time><SensorState>
      Present
    </SensorState><Extensions>
      <TPX xmlns="http://www.garmin.com/xmlschemas/ActivityExtension/v2">
      <ns3:Speed>
      2.512682939407305
    </ns3:Speed><nax:Nax>
      <nax:Pace>
      6.633016209597069
    </nax:Pace>
    </nax:Nax>
    </TPX>
    </Extensions>
    </Trackpoint>
<Trackpoint>
      <Time>
      2025-09-06T16:07:28.439Z
    </Time><DistanceMeters>
      5.909122059354559
    </DistanceMeters><Cadence>
      159.97416973114014
    </Cadence><SensorState>
      Present
    </SensorState>
    </Trackpoint>
<Trackpoint>
      <Time>
      2025-09-06T16:07:28.827Z
    </Time><SensorState>
      Present
    </SensorState><Extensions>
      <TPX xmlns="http://www.garmin.com/xmlschemas/ActivityExtension/v2">
      <nax:Nax>
      <nax:DescentInMeters>
      0.08983612060546875
    </nax:DescentInMeters>
    </nax:Nax>
    </TPX>
    </Extensions>
    </Trackpoint>
<Trackpoint>
      <Time>
      2025-09-06T16:07:29.887Z
    </Time><SensorState>
      Present
    </SensorState><Extensions>
      <TPX xmlns="http://www.garmin.com/xmlschemas/ActivityExtension/v2">
      <nax:Nax>
      <nax:DescentInMeters>
      0.1241912841796875
    </nax:DescentInMeters>
    </nax:Nax>
    </TPX>
    </Extensions>
    </Trackpoint>
<Trackpoint>
      <Time>
      2025-09-06T16:07:30.947Z
    </Time><SensorState>
      Present
    </SensorState><Extensions>
      <TPX xmlns="http://www.garmin.com/xmlschemas/ActivityExtension/v2">
      <nax:Nax>
      <nax:DescentInMeters>
      0.1294708251953125
    </nax:DescentInMeters>
    </nax:Nax>
    </TPX>
    </Extensions>
    </Trackpoint>
<Trackpoint>
      <Time>
      2025-09-06T16:07:30.994Z
    </Time><SensorState>
      Present
    </SensorState><Extensions>
      <TPX xmlns="http://www.garmin.com/xmlschemas/ActivityExtension/v2">
      <ns3:Speed>
      2.5130875649997915
    </ns3:Speed><nax:Nax>
      <nax:Pace>
      6.631948245173084
    </nax:Pace>
    </nax:Nax>
    </TPX>
    </Extensions>
    </Trackpoint>
<Trackpoint>
      <Time>
      2025-09-06T16:07:30.995Z
    </Time><DistanceMeters>
      7.249392004450783
    </DistanceMeters><Cadence>
      159.59946155548096
    </Cadence><SensorState>
      Present
    </SensorState>
    </Trackpoint>
<Trackpoint>
      <Time>
      2025-09-06T16:07:31.000Z
    </Time><SensorState>
      Present
    </SensorState><Extensions>
      <TPX xmlns="http://www.garmin.com/xmlschemas/ActivityExtension/v2">
      <nax:Nax>
      <nax:NikeFuel>
      6.597107846974077
    </nax:NikeFuel>
    </nax:Nax>
    </TPX>
    </Extensions>
    </Trackpoint>
<Trackpoint>
      <Time>
      2025-09-06T16:07:32.000Z
    </Time><Position>
      <LatitudeDegrees>
      47.60446764977038
    </LatitudeDegrees><LongitudeDegrees>
      -122.29147697441846
    </LongitudeDegrees>
    </Position><AltitudeMeters>
      83.23822277598083
    </AltitudeMeters><SensorState>
      Present
    </SensorState>
    </Trackpoint>
<Trackpoint>
      <Time>
      2025-09-06T16:07:32.007Z
    </Time><SensorState>
      Present
    </SensorState><Extensions>
      <TPX xmlns="http://www.garmin.com/xmlschemas/ActivityExtension/v2">
      <nax:Nax>
      <nax:DescentInMeters>
      0.1109771728515625
    </nax:DescentInMeters>
    </nax:Nax>
    </TPX>
    </Extensions>
    </Trackpoint>
<Trackpoint>
      <Time>
      2025-09-06T16:07:33.067Z
    </Time><SensorState>
      Present
    </SensorState><Extensions>
      <TPX xmlns="http://www.garmin.com/xmlschemas/ActivityExtension/v2">
      <nax:Nax>
      <nax:DescentInMeters>
      0.121551513671875
    </nax:DescentInMeters>
    </nax:Nax>
    </TPX>
    </Extensions>
    </Trackpoint>
<Trackpoint>
      <Time>
      2025-09-06T16:07:33.549Z
    </Time><SensorState>
      Present
    </SensorState><Extensions>
      <TPX xmlns="http://www.garmin.com/xmlschemas/ActivityExtension/v2">
      <ns3:Speed>
      2.514854425833937
    </ns3:Speed><nax:Nax>
      <nax:Pace>
      6.627288838454307
    </nax:Pace>
    </nax:Nax>
    </TPX>
    </Extensions>
    </Trackpoint>
<Trackpoint>
      <Time>
      2025-09-06T16:07:33.550Z
    </Time><DistanceMeters>
      5.45505915931426
    </DistanceMeters><Cadence>
      159.72430229187012
    </Cadence><SensorState>
      Present
    </SensorState>
    </Trackpoint>
<Trackpoint>
      <Time>
      2025-09-06T16:07:34.126Z
    </Time><SensorState>
      Present
    </SensorState><Extensions>
      <TPX xmlns="http://www.garmin.com/xmlschemas/ActivityExtension/v2">
      <nax:Nax>
      <nax:DescentInMeters>
      0.10569000244140625
    </nax:DescentInMeters>
    </nax:Nax>
    </TPX>
    </Extensions>
    </Trackpoint>
<Trackpoint>
      <Time>
      2025-09-06T16:07:35.187Z
    </Time><SensorState>
      Present
    </SensorState><Extensions>
      <TPX xmlns="http://www.garmin.com/xmlschemas/ActivityExtension/v2">
      <nax:Nax>
      <nax:DescentInMeters>
      0.1056976318359375
    </nax:DescentInMeters>
    </nax:Nax>
    </TPX>
    </Extensions>
    </Trackpoint>
<Trackpoint>
      <Time>
      2025-09-06T16:07:36.104Z
    </Time><SensorState>
      Present
    </SensorState><Extensions>
      <TPX xmlns="http://www.garmin.com/xmlschemas/ActivityExtension/v2">
      <ns3:Speed>
      2.5167650252341
    </ns3:Speed><nax:Nax>
      <nax:Pace>
      6.622257739423407
    </nax:Pace>
    </nax:Nax>
    </TPX>
    </Extensions>
    </Trackpoint>
<Trackpoint>
      <Time>
      2025-09-06T16:07:36.105Z
    </Time><DistanceMeters>
      7.718619656050578
    </DistanceMeters><Cadence>
      159.78684425354004
    </Cadence><SensorState>
      Present
    </SensorState>
    </Trackpoint>
<Trackpoint>
      <Time>
      2025-09-06T16:07:36.247Z
    </Time><SensorState>
      Present
    </SensorState><Extensions>
      <TPX xmlns="http://www.garmin.com/xmlschemas/ActivityExtension/v2">
      <nax:Nax>
      <nax:DescentInMeters>
      0.0819091796875
    </nax:DescentInMeters>
    </nax:Nax>
    </TPX>
    </Extensions>
    </Trackpoint>
<Trackpoint>
      <Time>
      2025-09-06T16:07:37.000Z
    </Time><Position>
      <LatitudeDegrees>
      47.604354173304074
    </LatitudeDegrees><LongitudeDegrees>
      -122.2914862516009
    </LongitudeDegrees>
    </Position><AltitudeMeters>
      83.16231603641063
    </AltitudeMeters><SensorState>
      Present
    </SensorState>
    </Trackpoint>
<Trackpoint>
      <Time>
      2025-09-06T16:07:37.307Z
    </Time><SensorState>
      Present
    </SensorState><Extensions>
      <TPX xmlns="http://www.garmin.com/xmlschemas/ActivityExtension/v2">
      <nax:Nax>
      <nax:DescentInMeters>
      0.1241912841796875
    </nax:DescentInMeters>
    </nax:Nax>
    </TPX>
    </Extensions>
    </Trackpoint>
<Trackpoint>
      <Time>
      2025-09-06T16:07:38.367Z
    </Time><SensorState>
      Present
    </SensorState><Extensions>
      <TPX xmlns="http://www.garmin.com/xmlschemas/ActivityExtension/v2">
      <nax:Nax>
      <nax:DescentInMeters>
      0.09247589111328125
    </nax:DescentInMeters>
    </nax:Nax>
    </TPX>
    </Extensions>
    </Trackpoint>
<Trackpoint>
      <Time>
      2025-09-06T16:07:38.660Z
    </Time><SensorState>
      Present
    </SensorState><Extensions>
      <TPX xmlns="http://www.garmin.com/xmlschemas/ActivityExtension/v2">
      <ns3:Speed>
      2.5210412726977793
    </ns3:Speed><nax:Nax>
      <nax:Pace>
      6.611024915443602
    </nax:Pace>
    </nax:Nax>
    </TPX>
    </Extensions>
    </Trackpoint>
<Trackpoint>
      <Time>
      2025-09-06T16:07:38.661Z
    </Time><DistanceMeters>
      5.770376352127641
    </DistanceMeters><Cadence>
      159.78681564331055
    </Cadence><SensorState>
      Present
    </SensorState>
    </Trackpoint>
<Trackpoint>
      <Time>
      2025-09-06T16:07:39.427Z
    </Time><SensorState>
      Present
    </SensorState><Extensions>
      <TPX xmlns="http://www.garmin.com/xmlschemas/ActivityExtension/v2">
      <nax:Nax>
      <nax:DescentInMeters>
      0.08455657958984375
    </nax:DescentInMeters>
    </nax:Nax>
    </TPX>
    </Extensions>
    </Trackpoint>
<Trackpoint>
      <Time>
      2025-09-06T16:07:40.487Z
    </Time><SensorState>
      Present
    </SensorState><Extensions>
      <TPX xmlns="http://www.garmin.com/xmlschemas/ActivityExtension/v2">
      <nax:Nax>
      <nax:DescentInMeters>
      0.0977630615234375
    </nax:DescentInMeters>
    </nax:Nax>
    </TPX>
    </Extensions>
    </Trackpoint>
<Trackpoint>
      <Time>
      2025-09-06T16:07:41.000Z
    </Time><Position>
      <LatitudeDegrees>
      47.604255960020915
    </LatitudeDegrees><LongitudeDegrees>
      -122.29149229185472
    </LongitudeDegrees>
    </Position><AltitudeMeters>
      83.0697288447991
    </AltitudeMeters><SensorState>
      Present
    </SensorState><Extensions>
      <TPX xmlns="http://www.garmin.com/xmlschemas/ActivityExtension/v2">
      <nax:Nax>
      <nax:NikeFuel>
      6.646246983958633
    </nax:NikeFuel>
    </nax:Nax>
    </TPX>
    </Extensions>
    </Trackpoint>
<Trackpoint>
      <Time>
      2025-09-06T16:07:41.215Z
    </Time><SensorState>
      Present
    </SensorState><Extensions>
      <TPX xmlns="http://www.garmin.com/xmlschemas/ActivityExtension/v2">
      <ns3:Speed>
      2.5264532485770688
    </ns3:Speed><nax:Nax>
      <nax:Pace>
      6.5968632809863195
    </nax:Pace>
    </nax:Nax>
    </TPX>
    </Extensions>
    </Trackpoint>
<Trackpoint>
      <Time>
      2025-09-06T16:07:41.216Z
    </Time><DistanceMeters>
      7.5472068679519
    </DistanceMeters><Cadence>
      159.7245168685913
    </Cadence><SensorState>
      Present
    </SensorState>
    </Trackpoint>
<Trackpoint>
      <Time>
      2025-09-06T16:07:41.547Z
    </Time><SensorState>
      Present
    </SensorState><Extensions>
      <TPX xmlns="http://www.garmin.com/xmlschemas/ActivityExtension/v2">
      <nax:Nax>
      <nax:DescentInMeters>
      0.1056976318359375
    </nax:DescentInMeters>
    </nax:Nax>
    </TPX>
    </Extensions>
    </Trackpoint>
<Trackpoint>
      <Time>
      2025-09-06T16:07:42.606Z
    </Time><SensorState>
      Present
    </SensorState><Extensions>
      <TPX xmlns="http://www.garmin.com/xmlschemas/ActivityExtension/v2">
      <nax:Nax>
      <nax:DescentInMeters>
      0.0845489501953125
    </nax:DescentInMeters>
    </nax:Nax>
    </TPX>
    </Extensions>
    </Trackpoint>
<Trackpoint>
      <Time>
      2025-09-06T16:07:43.666Z
    </Time><SensorState>
      Present
    </SensorState><Extensions>
      <TPX xmlns="http://www.garmin.com/xmlschemas/ActivityExtension/v2">
      <nax:Nax>
      <nax:DescentInMeters>
      0.076629638671875
    </nax:DescentInMeters>
    </nax:Nax>
    </TPX>
    </Extensions>
    </Trackpoint>
<Trackpoint>
      <Time>
      2025-09-06T16:07:43.770Z
    </Time><SensorState>
      Present
    </SensorState><Extensions>
      <TPX xmlns="http://www.garmin.com/xmlschemas/ActivityExtension/v2">
      <ns3:Speed>
      2.53376343593971
    </ns3:Speed><nax:Nax>
      <nax:Pace>
      6.577830601808101
    </nax:Pace>
    </nax:Nax>
    </TPX>
    </Extensions>
    </Trackpoint>
<Trackpoint>
      <Time>
      2025-09-06T16:07:43.771Z
    </Time><DistanceMeters>
      7.595464140642434
    </DistanceMeters><Cadence>
      159.72468852996826
    </Cadence><SensorState>
      Present
    </SensorState>
    </Trackpoint>
<Trackpoint>
      <Time>
      2025-09-06T16:07:44.727Z
    </Time><SensorState>
      Present
    </SensorState><Extensions>
      <TPX xmlns="http://www.garmin.com/xmlschemas/ActivityExtension/v2">
      <nax:Nax>
      <nax:DescentInMeters>
      0.095123291015625
    </nax:DescentInMeters>
    </nax:Nax>
    </TPX>
    </Extensions>
    </Trackpoint>
<Trackpoint>
      <Time>
      2025-09-06T16:07:45.000Z
    </Time><Position>
      <LatitudeDegrees>
      47.604158241641095
    </LatitudeDegrees><LongitudeDegrees>
      -122.29151012916164
    </LongitudeDegrees>
    </Position><AltitudeMeters>
      82.57278132718056
    </AltitudeMeters><SensorState>
      Present
    </SensorState>
    </Trackpoint>
<Trackpoint>
      <Time>
      2025-09-06T16:07:45.786Z
    </Time><SensorState>
      Present
    </SensorState><Extensions>
      <TPX xmlns="http://www.garmin.com/xmlschemas/ActivityExtension/v2">
      <nax:Nax>
      <nax:DescentInMeters>
      0.10833740234375
    </nax:DescentInMeters>
    </nax:Nax>
    </TPX>
    </Extensions>
    </Trackpoint>
<Trackpoint>
      <Time>
      2025-09-06T16:07:46.326Z
    </Time><SensorState>
      Present
    </SensorState><Extensions>
      <TPX xmlns="http://www.garmin.com/xmlschemas/ActivityExtension/v2">
      <ns3:Speed>
      2.5411095917204616
    </ns3:Speed><nax:Nax>
      <nax:Pace>
      6.558814590669613
    </nax:Pace>
    </nax:Nax>
    </TPX>
    </Extensions>
    </Trackpoint>
<Trackpoint>
      <Time>
      2025-09-06T16:07:46.327Z
    </Time><DistanceMeters>
      7.275448442902416
    </DistanceMeters><Cadence>
      159.54784870147705
    </Cadence><SensorState>
      Present
    </SensorState>
    </Trackpoint>
<Trackpoint>
      <Time>
      2025-09-06T16:07:46.846Z
    </Time><SensorState>
      Present
    </SensorState><Extensions>
      <TPX xmlns="http://www.garmin.com/xmlschemas/ActivityExtension/v2">
      <nax:Nax>
      <nax:DescentInMeters>
      0.1109771728515625
    </nax:DescentInMeters>
    </nax:Nax>
    </TPX>
    </Extensions>
    </Trackpoint>
<Trackpoint>
      <Time>
      2025-09-06T16:07:47.906Z
    </Time><SensorState>
      Present
    </SensorState><Extensions>
      <TPX xmlns="http://www.garmin.com/xmlschemas/ActivityExtension/v2">
      <nax:Nax>
      <nax:DescentInMeters>
      0.15061187744140625
    </nax:DescentInMeters>
    </nax:Nax>
    </TPX>
    </Extensions>
    </Trackpoint>
<Trackpoint>
      <Time>
      2025-09-06T16:07:48.881Z
    </Time><SensorState>
      Present
    </SensorState><Extensions>
      <TPX xmlns="http://www.garmin.com/xmlschemas/ActivityExtension/v2">
      <ns3:Speed>
      2.5496757524658156
    </ns3:Speed><nax:Nax>
      <nax:Pace>
      6.536778902395011
    </nax:Pace>
    </nax:Nax>
    </TPX>
    </Extensions>
    </Trackpoint>
<Trackpoint>
      <Time>
      2025-09-06T16:07:48.882Z
    </Time><DistanceMeters>
      7.847510010236874
    </DistanceMeters><Cadence>
      159.60014820098877
    </Cadence><SensorState>
      Present
    </SensorState>
    </Trackpoint>
<Trackpoint>
      <Time>
      2025-09-06T16:07:48.966Z
    </Time><SensorState>
      Present
    </SensorState><Extensions>
      <TPX xmlns="http://www.garmin.com/xmlschemas/ActivityExtension/v2">
      <nax:Nax>
      <nax:DescentInMeters>
      0.113616943359375
    </nax:DescentInMeters>
    </nax:Nax>
    </TPX>
    </Extensions>
    </Trackpoint>
<Trackpoint>
      <Time>
      2025-09-06T16:07:49.000Z
    </Time><Position>
      <LatitudeDegrees>
      47.604044767756086
    </LatitudeDegrees><LongitudeDegrees>
      -122.2915130610596
    </LongitudeDegrees>
    </Position><AltitudeMeters>
      81.50761829316616
    </AltitudeMeters><SensorState>
      Present
    </SensorState>
    </Trackpoint>
<Trackpoint>
      <Time>
      2025-09-06T16:07:50.026Z
    </Time><SensorState>
      Present
    </SensorState><Extensions>
      <TPX xmlns="http://www.garmin.com/xmlschemas/ActivityExtension/v2">
      <nax:Nax>
      <nax:DescentInMeters>
      0.15061187744140625
    </nax:DescentInMeters>
    </nax:Nax>
    </TPX>
    </Extensions>
    </Trackpoint>
<Trackpoint>
      <Time>
      2025-09-06T16:07:51.000Z
    </Time><SensorState>
      Present
    </SensorState><Extensions>
      <TPX xmlns="http://www.garmin.com/xmlschemas/ActivityExtension/v2">
      <nax:Nax>
      <nax:NikeFuel>
      6.741097788359807
    </nax:NikeFuel>
    </nax:Nax>
    </TPX>
    </Extensions>
    </Trackpoint>
<Trackpoint>
      <Time>
      2025-09-06T16:07:51.086Z
    </Time><SensorState>
      Present
    </SensorState><Extensions>
      <TPX xmlns="http://www.garmin.com/xmlschemas/ActivityExtension/v2">
      <nax:Nax>
      <nax:DescentInMeters>
      0.140045166015625
    </nax:DescentInMeters>
    </nax:Nax>
    </TPX>
    </Extensions>
    </Trackpoint>
<Trackpoint>
      <Time>
      2025-09-06T16:07:51.437Z
    </Time><SensorState>
      Present
    </SensorState><Extensions>
      <TPX xmlns="http://www.garmin.com/xmlschemas/ActivityExtension/v2">
      <ns3:Speed>
      2.558930096069037
    </ns3:Speed><nax:Nax>
      <nax:Pace>
      6.513138710693807
    </nax:Pace>
    </nax:Nax>
    </TPX>
    </Extensions>
    </Trackpoint>
<Trackpoint>
      <Time>
      2025-09-06T16:07:51.438Z
    </Time><DistanceMeters>
      7.935461755609139
    </DistanceMeters><Cadence>
      159.41356658935547
    </Cadence><SensorState>
      Present
    </SensorState>
    </Trackpoint>
<Trackpoint>
      <Time>
      2025-09-06T16:07:52.146Z
    </Time><SensorState>
      Present
    </SensorState><Extensions>
      <TPX xmlns="http://www.garmin.com/xmlschemas/ActivityExtension/v2">
      <nax:Nax>
      <nax:DescentInMeters>
      0.177032470703125
    </nax:DescentInMeters>
    </nax:Nax>
    </TPX>
    </Extensions>
    </Trackpoint>
<Trackpoint>
      <Time>
      2025-09-06T16:07:53.000Z
    </Time><Position>
      <LatitudeDegrees>
      47.60394291955276
    </LatitudeDegrees><LongitudeDegrees>
      -122.29150949597594
    </LongitudeDegrees>
    </Position><AltitudeMeters>
      80.62694288603961
    </AltitudeMeters><SensorState>
      Present
    </SensorState>
    </Trackpoint>
<Trackpoint>
      <Time>
      2025-09-06T16:07:53.205Z
    </Time><SensorState>
      Present
    </SensorState><Extensions>
      <TPX xmlns="http://www.garmin.com/xmlschemas/ActivityExtension/v2">
      <nax:Nax>
      <nax:DescentInMeters>
      0.1558990478515625
    </nax:DescentInMeters>
    </nax:Nax>
    </TPX>
    </Extensions>
    </Trackpoint>
<Trackpoint>
      <Time>
      2025-09-06T16:07:53.992Z
    </Time><SensorState>
      Present
    </SensorState><Extensions>
      <TPX xmlns="http://www.garmin.com/xmlschemas/ActivityExtension/v2">
      <ns3:Speed>
      2.570575062263399
    </ns3:Speed><nax:Nax>
      <nax:Pace>
      6.483633530620038
    </nax:Pace>
    </nax:Nax>
    </TPX>
    </Extensions>
    </Trackpoint>
<Trackpoint>
      <Time>
      2025-09-06T16:07:53.993Z
    </Time><DistanceMeters>
      7.040604694746435
    </DistanceMeters><Cadence>
      158.674635887146
    </Cadence><SensorState>
      Present
    </SensorState>
    </Trackpoint>
<Trackpoint>
      <Time>
      2025-09-06T16:07:54.266Z
    </Time><SensorState>
      Present
    </SensorState><Extensions>
      <TPX xmlns="http://www.garmin.com/xmlschemas/ActivityExtension/v2">
      <nax:Nax>
      <nax:DescentInMeters>
      0.1743927001953125
    </nax:DescentInMeters>
    </nax:Nax>
    </TPX>
    </Extensions>
    </Trackpoint>
<Trackpoint>
      <Time>
      2025-09-06T16:07:55.326Z
    </Time><SensorState>
      Present
    </SensorState><Extensions>
      <TPX xmlns="http://www.garmin.com/xmlschemas/ActivityExtension/v2">
      <nax:Nax>
      <nax:DescentInMeters>
      0.16118621826171875
    </nax:DescentInMeters>
    </nax:Nax>
    </TPX>
    </Extensions>
    </Trackpoint>
<Trackpoint>
      <Time>
      2025-09-06T16:07:56.386Z
    </Time><SensorState>
      Present
    </SensorState><Extensions>
      <TPX xmlns="http://www.garmin.com/xmlschemas/ActivityExtension/v2">
      <nax:Nax>
      <nax:DescentInMeters>
      0.19817352294921875
    </nax:DescentInMeters>
    </nax:Nax>
    </TPX>
    </Extensions>
    </Trackpoint>
<Trackpoint>
      <Time>
      2025-09-06T16:07:56.547Z
    </Time><DistanceMeters>
      7.35343530587852
    </DistanceMeters><SensorState>
      Present
    </SensorState><Extensions>
      <TPX xmlns="http://www.garmin.com/xmlschemas/ActivityExtension/v2">
      <ns3:Speed>
      2.5830309987572293
    </ns3:Speed><nax:Nax>
      <nax:Pace>
      6.452368041531627
    </nax:Pace>
    </nax:Nax>
    </TPX>
    </Extensions>
    </Trackpoint>
<Trackpoint>
      <Time>
      2025-09-06T16:07:56.548Z
    </Time><Cadence>
      158.6127233505249
    </Cadence><SensorState>
      Present
    </SensorState>
    </Trackpoint>
<Trackpoint>
      <Time>
      2025-09-06T16:07:57.000Z
    </Time><Position>
      <LatitudeDegrees>
      47.6038364594883
    </LatitudeDegrees><LongitudeDegrees>
      -122.29149850205162
    </LongitudeDegrees>
    </Position><AltitudeMeters>
      80.72308682370931
    </AltitudeMeters><SensorState>
      Present
    </SensorState>
    </Trackpoint>
<Trackpoint>
      <Time>
      2025-09-06T16:07:57.446Z
    </Time><SensorState>
      Present
    </SensorState><Extensions>
      <TPX xmlns="http://www.garmin.com/xmlschemas/ActivityExtension/v2">
      <nax:Nax>
      <nax:DescentInMeters>
      0.18759918212890625
    </nax:DescentInMeters>
    </nax:Nax>
    </TPX>
    </Extensions>
    </Trackpoint>
<Trackpoint>
      <Time>
      2025-09-06T16:07:58.506Z
    </Time><SensorState>
      Present
    </SensorState><Extensions>
      <TPX xmlns="http://www.garmin.com/xmlschemas/ActivityExtension/v2">
      <nax:Nax>
      <nax:DescentInMeters>
      0.1691131591796875
    </nax:DescentInMeters>
    </nax:Nax>
    </TPX>
    </Extensions>
    </Trackpoint>
<Trackpoint>
      <Time>
      2025-09-06T16:07:59.103Z
    </Time><SensorState>
      Present
    </SensorState><Extensions>
      <TPX xmlns="http://www.garmin.com/xmlschemas/ActivityExtension/v2">
      <ns3:Speed>
      2.5944063638471313
    </ns3:Speed><nax:Nax>
      <nax:Pace>
      6.424077160353708
    </nax:Pace>
    </nax:Nax>
    </TPX>
    </Extensions>
    </Trackpoint>
<Trackpoint>
      <Time>
      2025-09-06T16:07:59.104Z
    </Time><DistanceMeters>
      7.371267321286723
    </DistanceMeters><Cadence>
      158.48894119262695
    </Cadence><SensorState>
      Present
    </SensorState>
    </Trackpoint>
<Trackpoint>
      <Time>
      2025-09-06T16:07:59.566Z
    </Time><SensorState>
      Present
    </SensorState><Extensions>
      <TPX xmlns="http://www.garmin.com/xmlschemas/ActivityExtension/v2">
      <nax:Nax>
      <nax:DescentInMeters>
      0.20345306396484375
    </nax:DescentInMeters>
    </nax:Nax>
    </TPX>
    </Extensions>
    </Trackpoint>
<Trackpoint>
      <Time>
      2025-09-06T16:08:00.625Z
    </Time><SensorState>
      Present
    </SensorState><Extensions>
      <TPX xmlns="http://www.garmin.com/xmlschemas/ActivityExtension/v2">
      <nax:Nax>
      <nax:DescentInMeters>
      0.2166748046875
    </nax:DescentInMeters>
    </nax:Nax>
    </TPX>
    </Extensions>
    </Trackpoint>
<Trackpoint>
      <Time>
      2025-09-06T16:08:01.000Z
    </Time><Position>
      <LatitudeDegrees>
      47.603736608740455
    </LatitudeDegrees><LongitudeDegrees>
      -122.2915051889758
    </LongitudeDegrees>
    </Position><AltitudeMeters>
      78.37821300793439
    </AltitudeMeters><SensorState>
      Present
    </SensorState><Extensions>
      <TPX xmlns="http://www.garmin.com/xmlschemas/ActivityExtension/v2">
      <nax:Nax>
      <nax:NikeFuel>
      6.838662305509978
    </nax:NikeFuel>
    </nax:Nax>
    </TPX>
    </Extensions>
    </Trackpoint>
<Trackpoint>
      <Time>
      2025-09-06T16:08:01.658Z
    </Time><SensorState>
      Present
    </SensorState><Extensions>
      <TPX xmlns="http://www.garmin.com/xmlschemas/ActivityExtension/v2">
      <ns3:Speed>
      2.6049908752103197
    </ns3:Speed><nax:Nax>
      <nax:Pace>
      6.397975065966804
    </nax:Pace>
    </nax:Nax>
    </TPX>
    </Extensions>
    </Trackpoint>
<Trackpoint>
      <Time>
      2025-09-06T16:08:01.659Z
    </Time><DistanceMeters>
      6.992864627856761
    </DistanceMeters><Cadence>
      158.3035182952881
    </Cadence><SensorState>
      Present
    </SensorState>
    </Trackpoint>
<Trackpoint>
      <Time>
      2025-09-06T16:08:01.685Z
    </Time><SensorState>
      Present
    </SensorState><Extensions>
      <TPX xmlns="http://www.garmin.com/xmlschemas/ActivityExtension/v2">
      <nax:Nax>
      <nax:DescentInMeters>
      0.18231964111328125
    </nax:DescentInMeters>
    </nax:Nax>
    </TPX>
    </Extensions>
    </Trackpoint>
<Trackpoint>
      <Time>
      2025-09-06T16:08:02.745Z
    </Time><SensorState>
      Present
    </SensorState><Extensions>
      <TPX xmlns="http://www.garmin.com/xmlschemas/ActivityExtension/v2">
      <nax:Nax>
      <nax:DescentInMeters>
      0.1558990478515625
    </nax:DescentInMeters>
    </nax:Nax>
    </TPX>
    </Extensions>
    </Trackpoint>
<Trackpoint>
      <Time>
      2025-09-06T16:08:03.804Z
    </Time><SensorState>
      Present
    </SensorState><Extensions>
      <TPX xmlns="http://www.garmin.com/xmlschemas/ActivityExtension/v2">
      <nax:Nax>
      <nax:DescentInMeters>
      0.163818359375
    </nax:DescentInMeters>
    </nax:Nax>
    </TPX>
    </Extensions>
    </Trackpoint>
<Trackpoint>
      <Time>
      2025-09-06T16:08:04.213Z
    </Time><SensorState>
      Present
    </SensorState><Extensions>
      <TPX xmlns="http://www.garmin.com/xmlschemas/ActivityExtension/v2">
      <ns3:Speed>
      2.613743476617137
    </ns3:Speed><nax:Nax>
      <nax:Pace>
      6.376550268137891
    </nax:Pace>
    </nax:Nax>
    </TPX>
    </Extensions>
    </Trackpoint>
<Trackpoint>
      <Time>
      2025-09-06T16:08:04.214Z
    </Time><DistanceMeters>
      5.2651843873318285
    </DistanceMeters><Cadence>
      157.9319429397583
    </Cadence><SensorState>
      Present
    </SensorState>
    </Trackpoint>
<Trackpoint>
      <Time>
      2025-09-06T16:08:04.865Z
    </Time><SensorState>
      Present
    </SensorState><Extensions>
      <TPX xmlns="http://www.garmin.com/xmlschemas/ActivityExtension/v2">
      <nax:Nax>
      <nax:DescentInMeters>
      0.16382598876953125
    </nax:DescentInMeters>
    </nax:Nax>
    </TPX>
    </Extensions>
    </Trackpoint>
<Trackpoint>
      <Time>
      2025-09-06T16:08:05.925Z
    </Time><SensorState>
      Present
    </SensorState><Extensions>
      <TPX xmlns="http://www.garmin.com/xmlschemas/ActivityExtension/v2">
      <nax:Nax>
      <nax:DescentInMeters>
      0.1717529296875
    </nax:DescentInMeters>
    </nax:Nax>
    </TPX>
    </Extensions>
    </Trackpoint>
<Trackpoint>
      <Time>
      2025-09-06T16:08:05.999Z
    </Time><Position>
      <LatitudeDegrees>
      47.60362549201377
    </LatitudeDegrees><LongitudeDegrees>
      -122.2914983615749
    </LongitudeDegrees>
    </Position><AltitudeMeters>
      76.9035549191758
    </AltitudeMeters><SensorState>
      Present
    </SensorState>
    </Trackpoint>
<Trackpoint>
      <Time>
      2025-09-06T16:08:06.769Z
    </Time><SensorState>
      Present
    </SensorState><Extensions>
      <TPX xmlns="http://www.garmin.com/xmlschemas/ActivityExtension/v2">
      <ns3:Speed>
      2.6205281624379144
    </ns3:Speed><nax:Nax>
      <nax:Pace>
      6.360041042703938
    </nax:Pace>
    </nax:Nax>
    </TPX>
    </Extensions>
    </Trackpoint>
<Trackpoint>
      <Time>
      2025-09-06T16:08:06.770Z
    </Time><DistanceMeters>
      7.393914331216365
    </DistanceMeters><Cadence>
      158.11800956726074
    </Cadence><SensorState>
      Present
    </SensorState>
    </Trackpoint>
<Trackpoint>
      <Time>
      2025-09-06T16:08:06.985Z
    </Time><SensorState>
      Present
    </SensorState><Extensions>
      <TPX xmlns="http://www.garmin.com/xmlschemas/ActivityExtension/v2">
      <nax:Nax>
      <nax:DescentInMeters>
      0.15325164794921875
    </nax:DescentInMeters>
    </nax:Nax>
    </TPX>
    </Extensions>
    </Trackpoint>
<Trackpoint>
      <Time>
      2025-09-06T16:08:08.045Z
    </Time><SensorState>
      Present
    </SensorState><Extensions>
      <TPX xmlns="http://www.garmin.com/xmlschemas/ActivityExtension/v2">
      <nax:Nax>
      <nax:DescentInMeters>
      0.19553375244140625
    </nax:DescentInMeters>
    </nax:Nax>
    </TPX>
    </Extensions>
    </Trackpoint>
<Trackpoint>
      <Time>
      2025-09-06T16:08:09.105Z
    </Time><SensorState>
      Present
    </SensorState><Extensions>
      <TPX xmlns="http://www.garmin.com/xmlschemas/ActivityExtension/v2">
      <nax:Nax>
      <nax:DescentInMeters>
      0.16382598876953125
    </nax:DescentInMeters>
    </nax:Nax>
    </TPX>
    </Extensions>
    </Trackpoint>
<Trackpoint>
      <Time>
      2025-09-06T16:08:09.324Z
    </Time><DistanceMeters>
      6.648273168131709
    </DistanceMeters><SensorState>
      Present
    </SensorState><Extensions>
      <TPX xmlns="http://www.garmin.com/xmlschemas/ActivityExtension/v2">
      <ns3:Speed>
      2.628082007740345
    </ns3:Speed><nax:Nax>
      <nax:Pace>
      6.3417604997025405
    </nax:Pace>
    </nax:Nax>
    </TPX>
    </Extensions>
    </Trackpoint>
<Trackpoint>
      <Time>
      2025-09-06T16:08:09.325Z
    </Time><Cadence>
      158.4891128540039
    </Cadence><SensorState>
      Present
    </SensorState>
    </Trackpoint>
<Trackpoint>
      <Time>
      2025-09-06T16:08:09.999Z
    </Time><Position>
      <LatitudeDegrees>
      47.60352880566077
    </LatitudeDegrees><LongitudeDegrees>
      -122.29149155531583
    </LongitudeDegrees>
    </Position><AltitudeMeters>
      78.1867135791108
    </AltitudeMeters><SensorState>
      Present
    </SensorState>
    </Trackpoint>
<Trackpoint>
      <Time>
      2025-09-06T16:08:10.164Z
    </Time><SensorState>
      Present
    </SensorState><Extensions>
      <TPX xmlns="http://www.garmin.com/xmlschemas/ActivityExtension/v2">
      <nax:Nax>
      <nax:DescentInMeters>
      0.17174530029296875
    </nax:DescentInMeters>
    </nax:Nax>
    </TPX>
    </Extensions>
    </Trackpoint>
<Trackpoint>
      <Time>
      2025-09-06T16:08:11.000Z
    </Time><SensorState>
      Present
    </SensorState><Extensions>
      <TPX xmlns="http://www.garmin.com/xmlschemas/ActivityExtension/v2">
      <nax:Nax>
      <nax:NikeFuel>
      6.905868791488225
    </nax:NikeFuel>
    </nax:Nax>
    </TPX>
    </Extensions>
    </Trackpoint>
<Trackpoint>
      <Time>
      2025-09-06T16:08:11.224Z
    </Time><SensorState>
      Present
    </SensorState><Extensions>
      <TPX xmlns="http://www.garmin.com/xmlschemas/ActivityExtension/v2">
      <nax:Nax>
      <nax:DescentInMeters>
      0.16118621826171875
    </nax:DescentInMeters>
    </nax:Nax>
    </TPX>
    </Extensions>
    </Trackpoint>
<Trackpoint>
      <Time>
      2025-09-06T16:08:11.880Z
    </Time><SensorState>
      Present
    </SensorState><Extensions>
      <TPX xmlns="http://www.garmin.com/xmlschemas/ActivityExtension/v2">
      <ns3:Speed>
      2.635620838202881
    </ns3:Speed><nax:Nax>
      <nax:Pace>
      6.323620767102055
    </nax:Pace>
    </nax:Nax>
    </TPX>
    </Extensions>
    </Trackpoint>
<Trackpoint>
      <Time>
      2025-09-06T16:08:11.881Z
    </Time><DistanceMeters>
      6.8474111976101995
    </DistanceMeters><Cadence>
      158.4891414642334
    </Cadence><SensorState>
      Present
    </SensorState>
    </Trackpoint>
<Trackpoint>
      <Time>
      2025-09-06T16:08:12.284Z
    </Time><SensorState>
      Present
    </SensorState><Extensions>
      <TPX xmlns="http://www.garmin.com/xmlschemas/ActivityExtension/v2">
      <nax:Nax>
      <nax:DescentInMeters>
      0.1796722412109375
    </nax:DescentInMeters>
    </nax:Nax>
    </TPX>
    </Extensions>
    </Trackpoint>
<Trackpoint>
      <Time>
      2025-09-06T16:08:13.343Z
    </Time><SensorState>
      Present
    </SensorState><Extensions>
      <TPX xmlns="http://www.garmin.com/xmlschemas/ActivityExtension/v2">
      <nax:Nax>
      <nax:DescentInMeters>
      0.16382598876953125
    </nax:DescentInMeters>
    </nax:Nax>
    </TPX>
    </Extensions>
    </Trackpoint>
<Trackpoint>
      <Time>
      2025-09-06T16:08:13.999Z
    </Time><Position>
      <LatitudeDegrees>
      47.60343141263057
    </LatitudeDegrees><LongitudeDegrees>
      -122.2914954513253
    </LongitudeDegrees>
    </Position><AltitudeMeters>
      77.39821775723249
    </AltitudeMeters><SensorState>
      Present
    </SensorState>
    </Trackpoint>
<Trackpoint>
      <Time>
      2025-09-06T16:08:14.404Z
    </Time><SensorState>
      Present
    </SensorState><Extensions>
      <TPX xmlns="http://www.garmin.com/xmlschemas/ActivityExtension/v2">
      <nax:Nax>
      <nax:DescentInMeters>
      0.19553375244140625
    </nax:DescentInMeters>
    </nax:Nax>
    </TPX>
    </Extensions>
    </Trackpoint>
<Trackpoint>
      <Time>
      2025-09-06T16:08:14.435Z
    </Time><DistanceMeters>
      6.31946687400341
    </DistanceMeters><SensorState>
      Present
    </SensorState><Extensions>
      <TPX xmlns="http://www.garmin.com/xmlschemas/ActivityExtension/v2">
      <ns3:Speed>
      2.6423935058074264
    </ns3:Speed><nax:Nax>
      <nax:Pace>
      6.307412817219248
    </nax:Pace>
    </nax:Nax>
    </TPX>
    </Extensions>
    </Trackpoint>
<Trackpoint>
      <Time>
      2025-09-06T16:08:14.436Z
    </Time><Cadence>
      158.7993335723877
    </Cadence><SensorState>
      Present
    </SensorState>
    </Trackpoint>
<Trackpoint>
      <Time>
      2025-09-06T16:08:15.464Z
    </Time><SensorState>
      Present
    </SensorState><Extensions>
      <TPX xmlns="http://www.garmin.com/xmlschemas/ActivityExtension/v2">
      <nax:Nax>
      <nax:DescentInMeters>
      0.16910552978515625
    </nax:DescentInMeters>
    </nax:Nax>
    </TPX>
    </Extensions>
    </Trackpoint>
<Trackpoint>
      <Time>
      2025-09-06T16:08:16.524Z
    </Time><SensorState>
      Present
    </SensorState><Extensions>
      <TPX xmlns="http://www.garmin.com/xmlschemas/ActivityExtension/v2">
      <nax:Nax>
      <nax:DescentInMeters>
      0.184967041015625
    </nax:DescentInMeters>
    </nax:Nax>
    </TPX>
    </Extensions>
    </Trackpoint>
<Trackpoint>
      <Time>
      2025-09-06T16:08:16.990Z
    </Time><SensorState>
      Present
    </SensorState><Extensions>
      <TPX xmlns="http://www.garmin.com/xmlschemas/ActivityExtension/v2">
      <ns3:Speed>
      2.647890845200673
    </ns3:Speed><nax:Nax>
      <nax:Pace>
      6.2943178707215806
    </nax:Pace>
    </nax:Nax>
    </TPX>
    </Extensions>
    </Trackpoint>
<Trackpoint>
      <Time>
      2025-09-06T16:08:16.991Z
    </Time><DistanceMeters>
      6.304549394873902
    </DistanceMeters><Cadence>
      158.79943370819092
    </Cadence><SensorState>
      Present
    </SensorState>
    </Trackpoint>
<Trackpoint>
      <Time>
      2025-09-06T16:08:17.584Z
    </Time><SensorState>
      Present
    </SensorState><Extensions>
      <TPX xmlns="http://www.garmin.com/xmlschemas/ActivityExtension/v2">
      <nax:Nax>
      <nax:DescentInMeters>
      0.16646575927734375
    </nax:DescentInMeters>
    </nax:Nax>
    </TPX>
    </Extensions>
    </Trackpoint>
<Trackpoint>
      <Time>
      2025-09-06T16:08:18.644Z
    </Time><SensorState>
      Present
    </SensorState><Extensions>
      <TPX xmlns="http://www.garmin.com/xmlschemas/ActivityExtension/v2">
      <nax:Nax>
      <nax:DescentInMeters>
      0.16910552978515625
    </nax:DescentInMeters>
    </nax:Nax>
    </TPX>
    </Extensions>
    </Trackpoint>
<Trackpoint>
      <Time>
      2025-09-06T16:08:18.999Z
    </Time><Position>
      <LatitudeDegrees>
      47.60332710333387
    </LatitudeDegrees><LongitudeDegrees>
      -122.2915029756403
    </LongitudeDegrees>
    </Position><AltitudeMeters>
      76.11337719112635
    </AltitudeMeters><SensorState>
      Present
    </SensorState>
    </Trackpoint>
<Trackpoint>
      <Time>
      2025-09-06T16:08:19.546Z
    </Time><SensorState>
      Present
    </SensorState><Extensions>
      <TPX xmlns="http://www.garmin.com/xmlschemas/ActivityExtension/v2">
      <ns3:Speed>
      2.6519308839303677
    </ns3:Speed><nax:Nax>
      <nax:Pace>
      6.284728899859325
    </nax:Pace>
    </nax:Nax>
    </TPX>
    </Extensions>
    </Trackpoint>
<Trackpoint>
      <Time>
      2025-09-06T16:08:19.547Z
    </Time><DistanceMeters>
      6.532146718353033
    </DistanceMeters><Cadence>
      158.733229637146
    </Cadence><SensorState>
      Present
    </SensorState>
    </Trackpoint>
<Trackpoint>
      <Time>
      2025-09-06T16:08:19.704Z
    </Time><SensorState>
      Present
    </SensorState><Extensions>
      <TPX xmlns="http://www.garmin.com/xmlschemas/ActivityExtension/v2">
      <nax:Nax>
      <nax:DescentInMeters>
      0.15061187744140625
    </nax:DescentInMeters>
    </nax:Nax>
    </TPX>
    </Extensions>
    </Trackpoint>
<Trackpoint>
      <Time>
      2025-09-06T16:08:20.764Z
    </Time><SensorState>
      Present
    </SensorState><Extensions>
      <TPX xmlns="http://www.garmin.com/xmlschemas/ActivityExtension/v2">
      <nax:Nax>
      <nax:DescentInMeters>
      0.17704010009765625
    </nax:DescentInMeters>
    </nax:Nax>
    </TPX>
    </Extensions>
    </Trackpoint>
<Trackpoint>
      <Time>
      2025-09-06T16:08:21.000Z
    </Time><SensorState>
      Present
    </SensorState><Extensions>
      <TPX xmlns="http://www.garmin.com/xmlschemas/ActivityExtension/v2">
      <nax:Nax>
      <nax:NikeFuel>
      6.9336623809162
    </nax:NikeFuel>
    </nax:Nax>
    </TPX>
    </Extensions>
    </Trackpoint>
<Trackpoint>
      <Time>
      2025-09-06T16:08:21.824Z
    </Time><SensorState>
      Present
    </SensorState><Extensions>
      <TPX xmlns="http://www.garmin.com/xmlschemas/ActivityExtension/v2">
      <nax:Nax>
      <nax:DescentInMeters>
      0.16910552978515625
    </nax:DescentInMeters>
    </nax:Nax>
    </TPX>
    </Extensions>
    </Trackpoint>
<Trackpoint>
      <Time>
      2025-09-06T16:08:22.101Z
    </Time><SensorState>
      Present
    </SensorState><Extensions>
      <TPX xmlns="http://www.garmin.com/xmlschemas/ActivityExtension/v2">
      <ns3:Speed>
      2.654970828828157
    </ns3:Speed><nax:Nax>
      <nax:Pace>
      6.277532877460258
    </nax:Pace>
    </nax:Nax>
    </TPX>
    </Extensions>
    </Trackpoint>
<Trackpoint>
      <Time>
      2025-09-06T16:08:22.102Z
    </Time><DistanceMeters>
      4.931903924094513
    </DistanceMeters><Cadence>
      159.1107416152954
    </Cadence><SensorState>
      Present
    </SensorState>
    </Trackpoint>
<Trackpoint>
      <Time>
      2025-09-06T16:08:22.883Z
    </Time><SensorState>
      Present
    </SensorState><Extensions>
      <TPX xmlns="http://www.garmin.com/xmlschemas/ActivityExtension/v2">
      <nax:Nax>
      <nax:DescentInMeters>
      0.1611785888671875
    </nax:DescentInMeters>
    </nax:Nax>
    </TPX>
    </Extensions>
    </Trackpoint>
<Trackpoint>
      <Time>
      2025-09-06T16:08:23.942Z
    </Time><SensorState>
      Present
    </SensorState><Extensions>
      <TPX xmlns="http://www.garmin.com/xmlschemas/ActivityExtension/v2">
      <nax:Nax>
      <nax:DescentInMeters>
      0.16382598876953125
    </nax:DescentInMeters>
    </nax:Nax>
    </TPX>
    </Extensions>
    </Trackpoint>
<Trackpoint>
      <Time>
      2025-09-06T16:08:23.999Z
    </Time><Position>
      <LatitudeDegrees>
      47.60322102582375
    </LatitudeDegrees><LongitudeDegrees>
      -122.29149437413555
    </LongitudeDegrees>
    </Position><AltitudeMeters>
      76.05133779905736
    </AltitudeMeters><SensorState>
      Present
    </SensorState>
    </Trackpoint>
<Trackpoint>
      <Time>
      2025-09-06T16:08:24.657Z
    </Time><SensorState>
      Present
    </SensorState><Extensions>
      <TPX xmlns="http://www.garmin.com/xmlschemas/ActivityExtension/v2">
      <ns3:Speed>
      2.656278880908727
    </ns3:Speed><nax:Nax>
      <nax:Pace>
      6.274441583093456
    </nax:Pace>
    </nax:Nax>
    </TPX>
    </Extensions>
    </Trackpoint>
<Trackpoint>
      <Time>
      2025-09-06T16:08:24.658Z
    </Time><DistanceMeters>
      6.43413724610582
    </DistanceMeters><Cadence>
      158.92380237579346
    </Cadence><SensorState>
      Present
    </SensorState>
    </Trackpoint>
<Trackpoint>
      <Time>
      2025-09-06T16:08:25.003Z
    </Time><SensorState>
      Present
    </SensorState><Extensions>
      <TPX xmlns="http://www.garmin.com/xmlschemas/ActivityExtension/v2">
      <nax:Nax>
      <nax:DescentInMeters>
      0.158538818359375
    </nax:DescentInMeters>
    </nax:Nax>
    </TPX>
    </Extensions>
    </Trackpoint>
<Trackpoint>
      <Time>
      2025-09-06T16:08:26.063Z
    </Time><SensorState>
      Present
    </SensorState><Extensions>
      <TPX xmlns="http://www.garmin.com/xmlschemas/ActivityExtension/v2">
      <nax:Nax>
      <nax:DescentInMeters>
      0.10833740234375
    </nax:DescentInMeters>
    </nax:Nax>
    </TPX>
    </Extensions>
    </Trackpoint>
<Trackpoint>
      <Time>
      2025-09-06T16:08:27.123Z
    </Time><SensorState>
      Present
    </SensorState><Extensions>
      <TPX xmlns="http://www.garmin.com/xmlschemas/ActivityExtension/v2">
      <nax:Nax>
      <nax:DescentInMeters>
      0.07134246826171875
    </nax:DescentInMeters>
    </nax:Nax>
    </TPX>
    </Extensions>
    </Trackpoint>
<Trackpoint>
      <Time>
      2025-09-06T16:08:27.212Z
    </Time><DistanceMeters>
      6.065557889640331
    </DistanceMeters><SensorState>
      Present
    </SensorState><Extensions>
      <TPX xmlns="http://www.garmin.com/xmlschemas/ActivityExtension/v2">
      <ns3:Speed>
      2.6562438390347243
    </ns3:Speed><nax:Nax>
      <nax:Pace>
      6.274524357192792
    </nax:Pace>
    </nax:Nax>
    </TPX>
    </Extensions>
    </Trackpoint>
<Trackpoint>
      <Time>
      2025-09-06T16:08:27.213Z
    </Time><Cadence>
      159.04847145080566
    </Cadence><SensorState>
      Present
    </SensorState>
    </Trackpoint>
<Trackpoint>
      <Time>
      2025-09-06T16:08:28.183Z
    </Time><SensorState>
      Present
    </SensorState><Extensions>
      <TPX xmlns="http://www.garmin.com/xmlschemas/ActivityExtension/v2">
      <nax:Nax>
      <nax:DescentInMeters>
      0.05812835693359375
    </nax:DescentInMeters>
    </nax:Nax>
    </TPX>
    </Extensions>
    </Trackpoint>
<Trackpoint>
      <Time>
      2025-09-06T16:08:28.999Z
    </Time><Position>
      <LatitudeDegrees>
      47.60312607313236
    </LatitudeDegrees><LongitudeDegrees>
      -122.29141164746613
    </LongitudeDegrees>
    </Position><AltitudeMeters>
      75.3504791809246
    </AltitudeMeters><SensorState>
      Present
    </SensorState>
    </Trackpoint>
<Trackpoint>
      <Time>
      2025-09-06T16:08:29.243Z
    </Time><SensorState>
      Present
    </SensorState><Extensions>
      <TPX xmlns="http://www.garmin.com/xmlschemas/ActivityExtension/v2">
      <nax:Nax>
      <nax:DescentInMeters>
      0.00528717041015625
    </nax:DescentInMeters>
    </nax:Nax>
    </TPX>
    </Extensions>
    </Trackpoint>
<Trackpoint>
      <Time>
      2025-09-06T16:08:29.767Z
    </Time><SensorState>
      Present
    </SensorState><Extensions>
      <TPX xmlns="http://www.garmin.com/xmlschemas/ActivityExtension/v2">
      <ns3:Speed>
      2.656036876080343
    </ns3:Speed><nax:Nax>
      <nax:Pace>
      6.275013278905437
    </nax:Pace>
    </nax:Nax>
    </TPX>
    </Extensions>
    </Trackpoint>
<Trackpoint>
      <Time>
      2025-09-06T16:08:29.768Z
    </Time><DistanceMeters>
      6.19284635130316
    </DistanceMeters><Cadence>
      159.3520975112915
    </Cadence><SensorState>
      Present
    </SensorState>
    </Trackpoint>
<Trackpoint>
      <Time>
      2025-09-06T16:08:30.303Z
    </Time><SensorState>
      Present
    </SensorState><Extensions>
      <TPX xmlns="http://www.garmin.com/xmlschemas/ActivityExtension/v2">
      <nax:Nax>
      <nax:DescentInMeters>
      0.005279541015625
    </nax:DescentInMeters>
    </nax:Nax>
    </TPX>
    </Extensions>
    </Trackpoint>
<Trackpoint>
      <Time>
      2025-09-06T16:08:31.000Z
    </Time><SensorState>
      Present
    </SensorState><Extensions>
      <TPX xmlns="http://www.garmin.com/xmlschemas/ActivityExtension/v2">
      <nax:Nax>
      <nax:NikeFuel>
      6.95238948710549
    </nax:NikeFuel>
    </nax:Nax>
    </TPX>
    </Extensions>
    </Trackpoint>
<Trackpoint>
      <Time>
      2025-09-06T16:08:31.363Z
    </Time><SensorState>
      Present
    </SensorState><Extensions>
      <TPX xmlns="http://www.garmin.com/xmlschemas/ActivityExtension/v2">
      <nax:Nax>
      <nax:DescentInMeters>
      0.00792694091796875
    </nax:DescentInMeters>
    </nax:Nax>
    </TPX>
    </Extensions>
    </Trackpoint>
<Trackpoint>
      <Time>
      2025-09-06T16:08:32.323Z
    </Time><SensorState>
      Present
    </SensorState><Extensions>
      <TPX xmlns="http://www.garmin.com/xmlschemas/ActivityExtension/v2">
      <ns3:Speed>
      2.656972866373565
    </ns3:Speed><nax:Nax>
      <nax:Pace>
      6.272802736376671
    </nax:Pace>
    </nax:Nax>
    </TPX>
    </Extensions>
    </Trackpoint>
<Trackpoint>
      <Time>
      2025-09-06T16:08:32.324Z
    </Time><DistanceMeters>
      8.37855067034252
    </DistanceMeters><Cadence>
      159.4764232635498
    </Cadence><SensorState>
      Present
    </SensorState>
    </Trackpoint>
<Trackpoint>
      <Time>
      2025-09-06T16:08:32.422Z
    </Time><SensorState>
      Present
    </SensorState><Extensions>
      <TPX xmlns="http://www.garmin.com/xmlschemas/ActivityExtension/v2">
      <nax:Nax>
      <nax:DescentInMeters>
      0.0290679931640625
    </nax:DescentInMeters>
    </nax:Nax>
    </TPX>
    </Extensions>
    </Trackpoint>
<Trackpoint>
      <Time>
      2025-09-06T16:08:32.999Z
    </Time><Position>
      <LatitudeDegrees>
      47.60302488782797
    </LatitudeDegrees><LongitudeDegrees>
      -122.29138687412508
    </LongitudeDegrees>
    </Position><AltitudeMeters>
      75.90964297577739
    </AltitudeMeters><SensorState>
      Present
    </SensorState>
    </Trackpoint>
<Trackpoint>
      <Time>
      2025-09-06T16:08:33.481Z
    </Time><SensorState>
      Present
    </SensorState><Extensions>
      <TPX xmlns="http://www.garmin.com/xmlschemas/ActivityExtension/v2">
      <nax:Nax>
      <nax:DescentInMeters>
      0.0158538818359375
    </nax:DescentInMeters>
    </nax:Nax>
    </TPX>
    </Extensions>
    </Trackpoint>
<Trackpoint>
      <Time>
      2025-09-06T16:08:34.541Z
    </Time><SensorState>
      Present
    </SensorState><Extensions>
      <TPX xmlns="http://www.garmin.com/xmlschemas/ActivityExtension/v2">
      <nax:Nax>
      <nax:DescentInMeters>
      0.031707763671875
    </nax:DescentInMeters>
    </nax:Nax>
    </TPX>
    </Extensions>
    </Trackpoint>
<Trackpoint>
      <Time>
      2025-09-06T16:08:34.878Z
    </Time><SensorState>
      Present
    </SensorState><Extensions>
      <TPX xmlns="http://www.garmin.com/xmlschemas/ActivityExtension/v2">
      <ns3:Speed>
      2.6609938850556545
    </ns3:Speed><nax:Nax>
      <nax:Pace>
      6.263323925796277
    </nax:Pace>
    </nax:Nax>
    </TPX>
    </Extensions>
    </Trackpoint>
<Trackpoint>
      <Time>
      2025-09-06T16:08:34.879Z
    </Time><DistanceMeters>
      7.799575366312638
    </DistanceMeters><Cadence>
      159.5386505126953
    </Cadence><SensorState>
      Present
    </SensorState>
    </Trackpoint>
<Trackpoint>
      <Time>
      2025-09-06T16:08:35.602Z
    </Time><SensorState>
      Present
    </SensorState><Extensions>
      <TPX xmlns="http://www.garmin.com/xmlschemas/ActivityExtension/v2">
      <nax:Nax>
      <nax:DescentInMeters>
      0.031707763671875
    </nax:DescentInMeters>
    </nax:Nax>
    </TPX>
    </Extensions>
    </Trackpoint>
<Trackpoint>
      <Time>
      2025-09-06T16:08:36.662Z
    </Time><SensorState>
      Present
    </SensorState><Extensions>
      <TPX xmlns="http://www.garmin.com/xmlschemas/ActivityExtension/v2">
      <nax:Nax>
      <nax:DescentInMeters>
      0.07134246826171875
    </nax:DescentInMeters>
    </nax:Nax>
    </TPX>
    </Extensions>
    </Trackpoint>
<Trackpoint>
      <Time>
      2025-09-06T16:08:36.999Z
    </Time><Position>
      <LatitudeDegrees>
      47.60292059803981
    </LatitudeDegrees><LongitudeDegrees>
      -122.29136994177465
    </LongitudeDegrees>
    </Position><AltitudeMeters>
      75.05125313065946
    </AltitudeMeters><SensorState>
      Present
    </SensorState>
    </Trackpoint>
<Trackpoint>
      <Time>
      2025-09-06T16:08:37.433Z
    </Time><SensorState>
      Present
    </SensorState><Extensions>
      <TPX xmlns="http://www.garmin.com/xmlschemas/ActivityExtension/v2">
      <ns3:Speed>
      2.66580383660042
    </ns3:Speed><nax:Nax>
      <nax:Pace>
      6.2520229125039135
    </nax:Pace>
    </nax:Nax>
    </TPX>
    </Extensions>
    </Trackpoint>
<Trackpoint>
      <Time>
      2025-09-06T16:08:37.434Z
    </Time><DistanceMeters>
      6.338044882519171
    </DistanceMeters><Cadence>
      159.6009063720703
    </Cadence><SensorState>
      Present
    </SensorState>
    </Trackpoint>
<Trackpoint>
      <Time>
      2025-09-06T16:08:37.722Z
    </Time><SensorState>
      Present
    </SensorState><Extensions>
      <TPX xmlns="http://www.garmin.com/xmlschemas/ActivityExtension/v2">
      <nax:Nax>
      <nax:DescentInMeters>
      0.0475616455078125
    </nax:DescentInMeters>
    </nax:Nax>
    </TPX>
    </Extensions>
    </Trackpoint>
<Trackpoint>
      <Time>
      2025-09-06T16:08:38.782Z
    </Time><SensorState>
      Present
    </SensorState><Extensions>
      <TPX xmlns="http://www.garmin.com/xmlschemas/ActivityExtension/v2">
      <nax:Nax>
      <nax:DescentInMeters>
      0.05020904541015625
    </nax:DescentInMeters>
    </nax:Nax>
    </TPX>
    </Extensions>
    </Trackpoint>
<Trackpoint>
      <Time>
      2025-09-06T16:08:39.842Z
    </Time><SensorState>
      Present
    </SensorState><Extensions>
      <TPX xmlns="http://www.garmin.com/xmlschemas/ActivityExtension/v2">
      <nax:Nax>
      <nax:DescentInMeters>
      0.0528411865234375
    </nax:DescentInMeters>
    </nax:Nax>
    </TPX>
    </Extensions>
    </Trackpoint>
<Trackpoint>
      <Time>
      2025-09-06T16:08:39.989Z
    </Time><SensorState>
      Present
    </SensorState><Extensions>
      <TPX xmlns="http://www.garmin.com/xmlschemas/ActivityExtension/v2">
      <ns3:Speed>
      2.6705483385720714
    </ns3:Speed><nax:Nax>
      <nax:Pace>
      6.240915555034757
    </nax:Pace>
    </nax:Nax>
    </TPX>
    </Extensions>
    </Trackpoint>
<Trackpoint>
      <Time>
      2025-09-06T16:08:39.990Z
    </Time><DistanceMeters>
      7.537022597389296
    </DistanceMeters><Cadence>
      159.47638034820557
    </Cadence><SensorState>
      Present
    </SensorState>
    </Trackpoint>
<Trackpoint>
      <Time>
      2025-09-06T16:08:40.902Z
    </Time><SensorState>
      Present
    </SensorState><Extensions>
      <TPX xmlns="http://www.garmin.com/xmlschemas/ActivityExtension/v2">
      <nax:Nax>
      <nax:DescentInMeters>
      0.0475616455078125
    </nax:DescentInMeters>
    </nax:Nax>
    </TPX>
    </Extensions>
    </Trackpoint>
<Trackpoint>
      <Time>
      2025-09-06T16:08:40.999Z
    </Time><Position>
      <LatitudeDegrees>
      47.60281971113357
    </LatitudeDegrees><LongitudeDegrees>
      -122.29137535072307
    </LongitudeDegrees>
    </Position><AltitudeMeters>
      75.52296472992748
    </AltitudeMeters><SensorState>
      Present
    </SensorState>
    </Trackpoint>
<Trackpoint>
      <Time>
      2025-09-06T16:08:41.000Z
    </Time><SensorState>
      Present
    </SensorState><Extensions>
      <TPX xmlns="http://www.garmin.com/xmlschemas/ActivityExtension/v2">
      <nax:Nax>
      <nax:NikeFuel>
      6.990671880824732
    </nax:NikeFuel>
    </nax:Nax>
    </TPX>
    </Extensions>
    </Trackpoint>
<Trackpoint>
      <Time>
      2025-09-06T16:08:41.962Z
    </Time><SensorState>
      Present
    </SensorState><Extensions>
      <TPX xmlns="http://www.garmin.com/xmlschemas/ActivityExtension/v2">
      <nax:Nax>
      <nax:DescentInMeters>
      0.02378082275390625
    </nax:DescentInMeters>
    </nax:Nax>
    </TPX>
    </Extensions>
    </Trackpoint>
<Trackpoint>
      <Time>
      2025-09-06T16:08:42.544Z
    </Time><SensorState>
      Present
    </SensorState><Extensions>
      <TPX xmlns="http://www.garmin.com/xmlschemas/ActivityExtension/v2">
      <ns3:Speed>
      2.674016156876215
    </ns3:Speed><nax:Nax>
      <nax:Pace>
      6.232821975966167
    </nax:Pace>
    </nax:Nax>
    </TPX>
    </Extensions>
    </Trackpoint>
<Trackpoint>
      <Time>
      2025-09-06T16:08:42.545Z
    </Time><DistanceMeters>
      7.68807164253667
    </DistanceMeters><Cadence>
      159.66326236724854
    </Cadence><SensorState>
      Present
    </SensorState>
    </Trackpoint>
<Trackpoint>
      <Time>
      2025-09-06T16:08:43.021Z
    </Time><SensorState>
      Present
    </SensorState><Extensions>
      <TPX xmlns="http://www.garmin.com/xmlschemas/ActivityExtension/v2">
      <nax:Nax>
      <nax:DescentInMeters>
      0.0475616455078125
    </nax:DescentInMeters>
    </nax:Nax>
    </TPX>
    </Extensions>
    </Trackpoint>
<Trackpoint>
      <Time>
      2025-09-06T16:08:44.082Z
    </Time><SensorState>
      Present
    </SensorState><Extensions>
      <TPX xmlns="http://www.garmin.com/xmlschemas/ActivityExtension/v2">
      <nax:Nax>
      <nax:DescentInMeters>
      0.05284881591796875
    </nax:DescentInMeters>
    </nax:Nax>
    </TPX>
    </Extensions>
    </Trackpoint>
<Trackpoint>
      <Time>
      2025-09-06T16:08:44.999Z
    </Time><Position>
      <LatitudeDegrees>
      47.60272013190256
    </LatitudeDegrees><LongitudeDegrees>
      -122.29139995370025
    </LongitudeDegrees>
    </Position><AltitudeMeters>
      74.99565516784787
    </AltitudeMeters><SensorState>
      Present
    </SensorState>
    </Trackpoint>
<Trackpoint>
      <Time>
      2025-09-06T16:08:45.100Z
    </Time><DistanceMeters>
      7.172598192933947
    </DistanceMeters><SensorState>
      Present
    </SensorState><Extensions>
      <TPX xmlns="http://www.garmin.com/xmlschemas/ActivityExtension/v2">
      <ns3:Speed>
      2.6776573485494755
    </ns3:Speed><nax:Nax>
      <nax:Pace>
      6.224346321121048
    </nax:Pace>
    </nax:Nax>
    </TPX>
    </Extensions>
    </Trackpoint>
<Trackpoint>
      <Time>
      2025-09-06T16:08:45.101Z
    </Time><Cadence>
      159.96253967285156
    </Cadence><SensorState>
      Present
    </SensorState>
    </Trackpoint>
<Trackpoint>
      <Time>
      2025-09-06T16:08:45.142Z
    </Time><SensorState>
      Present
    </SensorState><Extensions>
      <TPX xmlns="http://www.garmin.com/xmlschemas/ActivityExtension/v2">
      <nax:Nax>
      <nax:DescentInMeters>
      0.05812835693359375
    </nax:DescentInMeters>
    </nax:Nax>
    </TPX>
    </Extensions>
    </Trackpoint>
<Trackpoint>
      <Time>
      2025-09-06T16:08:46.202Z
    </Time><SensorState>
      Present
    </SensorState><Extensions>
      <TPX xmlns="http://www.garmin.com/xmlschemas/ActivityExtension/v2">
      <nax:Nax>
      <nax:DescentInMeters>
      0.05284881591796875
    </nax:DescentInMeters>
    </nax:Nax>
    </TPX>
    </Extensions>
    </Trackpoint>
<Trackpoint>
      <Time>
      2025-09-06T16:08:47.262Z
    </Time><SensorState>
      Present
    </SensorState><Extensions>
      <TPX xmlns="http://www.garmin.com/xmlschemas/ActivityExtension/v2">
      <nax:Nax>
      <nax:DescentInMeters>
      0.06341552734375
    </nax:DescentInMeters>
    </nax:Nax>
    </TPX>
    </Extensions>
    </Trackpoint>
<Trackpoint>
      <Time>
      2025-09-06T16:08:47.655Z
    </Time><SensorState>
      Present
    </SensorState><Extensions>
      <TPX xmlns="http://www.garmin.com/xmlschemas/ActivityExtension/v2">
      <ns3:Speed>
      2.6813951299394354
    </ns3:Speed><nax:Nax>
      <nax:Pace>
      6.21566977599572
    </nax:Pace>
    </nax:Nax>
    </TPX>
    </Extensions>
    </Trackpoint>
<Trackpoint>
      <Time>
      2025-09-06T16:08:47.656Z
    </Time><DistanceMeters>
      5.431793007999659
    </DistanceMeters><Cadence>
      160.0383424758911
    </Cadence><SensorState>
      Present
    </SensorState>
    </Trackpoint>
<Trackpoint>
      <Time>
      2025-09-06T16:08:48.321Z
    </Time><SensorState>
      Present
    </SensorState><Extensions>
      <TPX xmlns="http://www.garmin.com/xmlschemas/ActivityExtension/v2">
      <nax:Nax>
      <nax:DescentInMeters>
      0.0475616455078125
    </nax:DescentInMeters>
    </nax:Nax>
    </TPX>
    </Extensions>
    </Trackpoint>
<Trackpoint>
      <Time>
      2025-09-06T16:08:48.999Z
    </Time><Position>
      <LatitudeDegrees>
      47.60262549602863
    </LatitudeDegrees><LongitudeDegrees>
      -122.29138957264627
    </LongitudeDegrees>
    </Position><AltitudeMeters>
      74.59510367643088
    </AltitudeMeters><SensorState>
      Present
    </SensorState>
    </Trackpoint>
<Trackpoint>
      <Time>
      2025-09-06T16:08:49.381Z
    </Time><SensorState>
      Present
    </SensorState><Extensions>
      <TPX xmlns="http://www.garmin.com/xmlschemas/ActivityExtension/v2">
      <nax:Nax>
      <nax:DescentInMeters>
      0.0475616455078125
    </nax:DescentInMeters>
    </nax:Nax>
    </TPX>
    </Extensions>
    </Trackpoint>
<Trackpoint>
      <Time>
      2025-09-06T16:08:50.210Z
    </Time><SensorState>
      Present
    </SensorState><Extensions>
      <TPX xmlns="http://www.garmin.com/xmlschemas/ActivityExtension/v2">
      <ns3:Speed>
      2.6841888752386276
    </ns3:Speed><nax:Nax>
      <nax:Pace>
      6.20920041075164
    </nax:Pace>
    </nax:Nax>
    </TPX>
    </Extensions>
    </Trackpoint>
<Trackpoint>
      <Time>
      2025-09-06T16:08:50.211Z
    </Time><DistanceMeters>
      7.361002714373171
    </DistanceMeters><Cadence>
      159.9757432937622
    </Cadence><SensorState>
      Present
    </SensorState>
    </Trackpoint>
<Trackpoint>
      <Time>
      2025-09-06T16:08:50.441Z
    </Time><SensorState>
      Present
    </SensorState><Extensions>
      <TPX xmlns="http://www.garmin.com/xmlschemas/ActivityExtension/v2">
      <nax:Nax>
      <nax:DescentInMeters>
      0.03699493408203125
    </nax:DescentInMeters>
    </nax:Nax>
    </TPX>
    </Extensions>
    </Trackpoint>
<Trackpoint>
      <Time>
      2025-09-06T16:08:51.000Z
    </Time><SensorState>
      Present
    </SensorState><Extensions>
      <TPX xmlns="http://www.garmin.com/xmlschemas/ActivityExtension/v2">
      <nax:Nax>
      <nax:NikeFuel>
      7.018013158617184
    </nax:NikeFuel>
    </nax:Nax>
    </TPX>
    </Extensions>
    </Trackpoint>
<Trackpoint>
      <Time>
      2025-09-06T16:08:51.501Z
    </Time><SensorState>
      Present
    </SensorState><Extensions>
      <TPX xmlns="http://www.garmin.com/xmlschemas/ActivityExtension/v2">
      <nax:Nax>
      <nax:DescentInMeters>
      0.01849365234375
    </nax:DescentInMeters>
    </nax:Nax>
    </TPX>
    </Extensions>
    </Trackpoint>
<Trackpoint>
      <Time>
      2025-09-06T16:08:52.560Z
    </Time><SensorState>
      Present
    </SensorState><Extensions>
      <TPX xmlns="http://www.garmin.com/xmlschemas/ActivityExtension/v2">
      <nax:Nax>
      <nax:DescentInMeters>
      0.013214111328125
    </nax:DescentInMeters>
    </nax:Nax>
    </TPX>
    </Extensions>
    </Trackpoint>
<Trackpoint>
      <Time>
      2025-09-06T16:08:52.766Z
    </Time><SensorState>
      Present
    </SensorState><Extensions>
      <TPX xmlns="http://www.garmin.com/xmlschemas/ActivityExtension/v2">
      <ns3:Speed>
      2.6869882361650266
    </ns3:Speed><nax:Nax>
      <nax:Pace>
      6.2027315350118455
    </nax:Pace>
    </nax:Nax>
    </TPX>
    </Extensions>
    </Trackpoint>
<Trackpoint>
      <Time>
      2025-09-06T16:08:52.767Z
    </Time><DistanceMeters>
      6.984839954646304
    </DistanceMeters><Cadence>
      160.0383996963501
    </Cadence><SensorState>
      Present
    </SensorState>
    </Trackpoint>
<Trackpoint>
      <Time>
      2025-09-06T16:08:52.999Z
    </Time><Position>
      <LatitudeDegrees>
      47.602527555741446
    </LatitudeDegrees><LongitudeDegrees>
      -122.2914072398258
    </LongitudeDegrees>
    </Position><AltitudeMeters>
      74.78523423243314
    </AltitudeMeters><SensorState>
      Present
    </SensorState>
    </Trackpoint>
<Trackpoint>
      <Time>
      2025-09-06T16:08:53.620Z
    </Time><SensorState>
      Present
    </SensorState><Extensions>
      <TPX xmlns="http://www.garmin.com/xmlschemas/ActivityExtension/v2">
      <nax:Nax>
      <nax:DescentInMeters>
      0.01056671142578125
    </nax:DescentInMeters>
    </nax:Nax>
    </TPX>
    </Extensions>
    </Trackpoint>
<Trackpoint>
      <Time>
      2025-09-06T16:08:54.681Z
    </Time><SensorState>
      Present
    </SensorState><Extensions>
      <TPX xmlns="http://www.garmin.com/xmlschemas/ActivityExtension/v2">
      <nax:Nax>
      <nax:DescentInMeters>
      0.0290679931640625
    </nax:DescentInMeters>
    </nax:Nax>
    </TPX>
    </Extensions>
    </Trackpoint>
<Trackpoint>
      <Time>
      2025-09-06T16:08:55.321Z
    </Time><SensorState>
      Present
    </SensorState><Extensions>
      <TPX xmlns="http://www.garmin.com/xmlschemas/ActivityExtension/v2">
      <ns3:Speed>
      2.689368832632288
    </ns3:Speed><nax:Nax>
      <nax:Pace>
      6.1972409527605565
    </nax:Pace>
    </nax:Nax>
    </TPX>
    </Extensions>
    </Trackpoint>
<Trackpoint>
      <Time>
      2025-09-06T16:08:55.322Z
    </Time><DistanceMeters>
      6.728648362448439
    </DistanceMeters><Cadence>
      159.90059852600098
    </Cadence><SensorState>
      Present
    </SensorState>
    </Trackpoint>
<Trackpoint>
      <Time>
      2025-09-06T16:08:55.740Z
    </Time><SensorState>
      Present
    </SensorState><Extensions>
      <TPX xmlns="http://www.garmin.com/xmlschemas/ActivityExtension/v2">
      <nax:Nax>
      <nax:DescentInMeters>
      0.04227447509765625
    </nax:DescentInMeters>
    </nax:Nax>
    </TPX>
    </Extensions>
    </Trackpoint>
<Trackpoint>
      <Time>
      2025-09-06T16:08:56.800Z
    </Time><SensorState>
      Present
    </SensorState><Extensions>
      <TPX xmlns="http://www.garmin.com/xmlschemas/ActivityExtension/v2">
      <nax:Nax>
      <nax:DescentInMeters>
      0.02642059326171875
    </nax:DescentInMeters>
    </nax:Nax>
    </TPX>
    </Extensions>
    </Trackpoint>
<Trackpoint>
      <Time>
      2025-09-06T16:08:56.999Z
    </Time><Position>
      <LatitudeDegrees>
      47.60243545831127
    </LatitudeDegrees><LongitudeDegrees>
      -122.29140249666936
    </LongitudeDegrees>
    </Position><AltitudeMeters>
      75.60919611901045
    </AltitudeMeters><SensorState>
      Present
    </SensorState>
    </Trackpoint>
<Trackpoint>
      <Time>
      2025-09-06T16:08:57.860Z
    </Time><SensorState>
      Present
    </SensorState><Extensions>
      <TPX xmlns="http://www.garmin.com/xmlschemas/ActivityExtension/v2">
      <nax:Nax>
      <nax:DescentInMeters>
      0.02642822265625
    </nax:DescentInMeters>
    </nax:Nax>
    </TPX>
    </Extensions>
    </Trackpoint>
<Trackpoint>
      <Time>
      2025-09-06T16:08:57.876Z
    </Time><DistanceMeters>
      7.8063722553197294
    </DistanceMeters><SensorState>
      Present
    </SensorState><Extensions>
      <TPX xmlns="http://www.garmin.com/xmlschemas/ActivityExtension/v2">
      <ns3:Speed>
      2.691394929748824
    </ns3:Speed><nax:Nax>
      <nax:Pace>
      6.192575635201219
    </nax:Pace>
    </nax:Nax>
    </TPX>
    </Extensions>
    </Trackpoint>
<Trackpoint>
      <Time>
      2025-09-06T16:08:57.877Z
    </Time><Cadence>
      159.77657318115234
    </Cadence><SensorState>
      Present
    </SensorState>
    </Trackpoint>
<Trackpoint>
      <Time>
      2025-09-06T16:08:58.920Z
    </Time><SensorState>
      Present
    </SensorState><Extensions>
      <TPX xmlns="http://www.garmin.com/xmlschemas/ActivityExtension/v2">
      <nax:Nax>
      <nax:DescentInMeters>
      0.0475616455078125
    </nax:DescentInMeters>
    </nax:Nax>
    </TPX>
    </Extensions>
    </Trackpoint>
<Trackpoint>
      <Time>
      2025-09-06T16:08:59.980Z
    </Time><SensorState>
      Present
    </SensorState><Extensions>
      <TPX xmlns="http://www.garmin.com/xmlschemas/ActivityExtension/v2">
      <nax:Nax>
      <nax:DescentInMeters>
      0.02906036376953125
    </nax:DescentInMeters>
    </nax:Nax>
    </TPX>
    </Extensions>
    </Trackpoint>
<Trackpoint>
      <Time>
      2025-09-06T16:09:00.432Z
    </Time><SensorState>
      Present
    </SensorState><Extensions>
      <TPX xmlns="http://www.garmin.com/xmlschemas/ActivityExtension/v2">
      <ns3:Speed>
      2.6944562359251876
    </ns3:Speed><nax:Nax>
      <nax:Pace>
      6.185539941027797
    </nax:Pace>
    </nax:Nax>
    </TPX>
    </Extensions>
    </Trackpoint>
<Trackpoint>
      <Time>
      2025-09-06T16:09:00.433Z
    </Time><DistanceMeters>
      6.310620627366006
    </DistanceMeters><Cadence>
      159.60126399993896
    </Cadence><SensorState>
      Present
    </SensorState>
    </Trackpoint>
<Trackpoint>
      <Time>
      2025-09-06T16:09:00.999Z
    </Time><Position>
      <LatitudeDegrees>
      47.602330052987504
    </LatitudeDegrees><LongitudeDegrees>
      -122.29139719293357
    </LongitudeDegrees>
    </Position><AltitudeMeters>
      74.74815689306706
    </AltitudeMeters><SensorState>
      Present
    </SensorState>
    </Trackpoint>
<Trackpoint>
      <Time>
      2025-09-06T16:09:01.000Z
    </Time><SensorState>
      Present
    </SensorState><Extensions>
      <TPX xmlns="http://www.garmin.com/xmlschemas/ActivityExtension/v2">
      <nax:Nax>
      <nax:NikeFuel>
      7.0409089269312375
    </nax:NikeFuel>
    </nax:Nax>
    </TPX>
    </Extensions>
    </Trackpoint>
<Trackpoint>
      <Time>
      2025-09-06T16:09:01.040Z
    </Time><SensorState>
      Present
    </SensorState><Extensions>
      <TPX xmlns="http://www.garmin.com/xmlschemas/ActivityExtension/v2">
      <nax:Nax>
      <nax:DescentInMeters>
      0.03699493408203125
    </nax:DescentInMeters>
    </nax:Nax>
    </TPX>
    </Extensions>
    </Trackpoint>
<Trackpoint>
      <Time>
      2025-09-06T16:09:02.100Z
    </Time><SensorState>
      Present
    </SensorState><Extensions>
      <TPX xmlns="http://www.garmin.com/xmlschemas/ActivityExtension/v2">
      <nax:Nax>
      <nax:DescentInMeters>
      0.02642059326171875
    </nax:DescentInMeters>
    </nax:Nax>
    </TPX>
    </Extensions>
    </Trackpoint>
<Trackpoint>
      <Time>
      2025-09-06T16:09:02.987Z
    </Time><SensorState>
      Present
    </SensorState><Extensions>
      <TPX xmlns="http://www.garmin.com/xmlschemas/ActivityExtension/v2">
      <ns3:Speed>
      2.696841033177887
    </ns3:Speed><nax:Nax>
      <nax:Pace>
      6.180070112262828
    </nax:Pace>
    </nax:Nax>
    </TPX>
    </Extensions>
    </Trackpoint>
<Trackpoint>
      <Time>
      2025-09-06T16:09:02.988Z
    </Time><DistanceMeters>
      6.894610874122009
    </DistanceMeters><Cadence>
      159.47683811187744
    </Cadence><SensorState>
      Present
    </SensorState>
    </Trackpoint>
<Trackpoint>
      <Time>
      2025-09-06T16:09:03.159Z
    </Time><SensorState>
      Present
    </SensorState><Extensions>
      <TPX xmlns="http://www.garmin.com/xmlschemas/ActivityExtension/v2">
      <nax:Nax>
      <nax:DescentInMeters>
      0.0158538818359375
    </nax:DescentInMeters>
    </nax:Nax>
    </TPX>
    </Extensions>
    </Trackpoint>
<Trackpoint>
      <Time>
      2025-09-06T16:09:04.218Z
    </Time><SensorState>
      Present
    </SensorState><Extensions>
      <TPX xmlns="http://www.garmin.com/xmlschemas/ActivityExtension/v2">
      <nax:Nax>
      <nax:DescentInMeters>
      0.0290679931640625
    </nax:DescentInMeters>
    </nax:Nax>
    </TPX>
    </Extensions>
    </Trackpoint>
<Trackpoint>
      <Time>
      2025-09-06T16:09:04.999Z
    </Time><Position>
      <LatitudeDegrees>
      47.60223679599693
    </LatitudeDegrees><LongitudeDegrees>
      -122.29139078634985
    </LongitudeDegrees>
    </Position><AltitudeMeters>
      74.39535993151367
    </AltitudeMeters><SensorState>
      Present
    </SensorState>
    </Trackpoint>
<Trackpoint>
      <Time>
      2025-09-06T16:09:05.279Z
    </Time><SensorState>
      Present
    </SensorState><Extensions>
      <TPX xmlns="http://www.garmin.com/xmlschemas/ActivityExtension/v2">
      <nax:Nax>
      <nax:DescentInMeters>
      0.03699493408203125
    </nax:DescentInMeters>
    </nax:Nax>
    </TPX>
    </Extensions>
    </Trackpoint>
<Trackpoint>
      <Time>
      2025-09-06T16:09:05.542Z
    </Time><SensorState>
      Present
    </SensorState><Extensions>
      <TPX xmlns="http://www.garmin.com/xmlschemas/ActivityExtension/v2">
      <ns3:Speed>
      2.6985766368360107
    </ns3:Speed><nax:Nax>
      <nax:Pace>
      6.1760953678928185
    </nax:Pace>
    </nax:Nax>
    </TPX>
    </Extensions>
    </Trackpoint>
<Trackpoint>
      <Time>
      2025-09-06T16:09:05.543Z
    </Time><DistanceMeters>
      7.454344804864377
    </DistanceMeters><Cadence>
      159.53916549682617
    </Cadence><SensorState>
      Present
    </SensorState>
    </Trackpoint>
<Trackpoint>
      <Time>
      2025-09-06T16:09:06.339Z
    </Time><SensorState>
      Present
    </SensorState><Extensions>
      <TPX xmlns="http://www.garmin.com/xmlschemas/ActivityExtension/v2">
      <nax:Nax>
      <nax:DescentInMeters>
      0.031707763671875
    </nax:DescentInMeters>
    </nax:Nax>
    </TPX>
    </Extensions>
    </Trackpoint>
<Trackpoint>
      <Time>
      2025-09-06T16:09:07.399Z
    </Time><SensorState>
      Present
    </SensorState><Extensions>
      <TPX xmlns="http://www.garmin.com/xmlschemas/ActivityExtension/v2">
      <nax:Nax>
      <nax:DescentInMeters>
      0.050201416015625
    </nax:DescentInMeters>
    </nax:Nax>
    </TPX>
    </Extensions>
    </Trackpoint>
<Trackpoint>
      <Time>
      2025-09-06T16:09:08.098Z
    </Time><SensorState>
      Present
    </SensorState><Extensions>
      <TPX xmlns="http://www.garmin.com/xmlschemas/ActivityExtension/v2">
      <ns3:Speed>
      2.701136989435093
    </ns3:Speed><nax:Nax>
      <nax:Pace>
      6.170241173200282
    </nax:Pace>
    </nax:Nax>
    </TPX>
    </Extensions>
    </Trackpoint>
<Trackpoint>
      <Time>
      2025-09-06T16:09:08.099Z
    </Time><DistanceMeters>
      7.559120294637978
    </DistanceMeters><Cadence>
      159.85114574432373
    </Cadence><SensorState>
      Present
    </SensorState>
    </Trackpoint>
<Trackpoint>
      <Time>
      2025-09-06T16:09:08.459Z
    </Time><SensorState>
      Present
    </SensorState><Extensions>
      <TPX xmlns="http://www.garmin.com/xmlschemas/ActivityExtension/v2">
      <nax:Nax>
      <nax:DescentInMeters>
      0.05548858642578125
    </nax:DescentInMeters>
    </nax:Nax>
    </TPX>
    </Extensions>
    </Trackpoint>
<Trackpoint>
      <Time>
      2025-09-06T16:09:08.999Z
    </Time><Position>
      <LatitudeDegrees>
      47.602127825368406
    </LatitudeDegrees><LongitudeDegrees>
      -122.29137455849593
    </LongitudeDegrees>
    </Position><AltitudeMeters>
      74.42926043272018
    </AltitudeMeters><SensorState>
      Present
    </SensorState>
    </Trackpoint>
<Trackpoint>
      <Time>
      2025-09-06T16:09:09.519Z
    </Time><SensorState>
      Present
    </SensorState><Extensions>
      <TPX xmlns="http://www.garmin.com/xmlschemas/ActivityExtension/v2">
      <nax:Nax>
      <nax:DescentInMeters>
      0.05020904541015625
    </nax:DescentInMeters>
    </nax:Nax>
    </TPX>
    </Extensions>
    </Trackpoint>
<Trackpoint>
      <Time>
      2025-09-06T16:09:10.579Z
    </Time><SensorState>
      Present
    </SensorState><Extensions>
      <TPX xmlns="http://www.garmin.com/xmlschemas/ActivityExtension/v2">
      <nax:Nax>
      <nax:DescentInMeters>
      0.031707763671875
    </nax:DescentInMeters>
    </nax:Nax>
    </TPX>
    </Extensions>
    </Trackpoint>
<Trackpoint>
      <Time>
      2025-09-06T16:09:10.653Z
    </Time><SensorState>
      Present
    </SensorState><Extensions>
      <TPX xmlns="http://www.garmin.com/xmlschemas/ActivityExtension/v2">
      <ns3:Speed>
      2.7032956108859665
    </ns3:Speed><nax:Nax>
      <nax:Pace>
      6.165314144539452
    </nax:Pace>
    </nax:Nax>
    </TPX>
    </Extensions>
    </Trackpoint>
<Trackpoint>
      <Time>
      2025-09-06T16:09:10.654Z
    </Time><DistanceMeters>
      7.2503375231754035
    </DistanceMeters><Cadence>
      160.10172843933105
    </Cadence><SensorState>
      Present
    </SensorState>
    </Trackpoint>
<Trackpoint>
      <Time>
      2025-09-06T16:09:11.000Z
    </Time><SensorState>
      Present
    </SensorState><Extensions>
      <TPX xmlns="http://www.garmin.com/xmlschemas/ActivityExtension/v2">
      <nax:Nax>
      <nax:NikeFuel>
      7.056534581744281
    </nax:NikeFuel>
    </nax:Nax>
    </TPX>
    </Extensions>
    </Trackpoint>
<Trackpoint>
      <Time>
      2025-09-06T16:09:11.638Z
    </Time><SensorState>
      Present
    </SensorState><Extensions>
      <TPX xmlns="http://www.garmin.com/xmlschemas/ActivityExtension/v2">
      <nax:Nax>
      <nax:DescentInMeters>
      0.03963470458984375
    </nax:DescentInMeters>
    </nax:Nax>
    </TPX>
    </Extensions>
    </Trackpoint>
<Trackpoint>
      <Time>
      2025-09-06T16:09:12.698Z
    </Time><SensorState>
      Present
    </SensorState><Extensions>
      <TPX xmlns="http://www.garmin.com/xmlschemas/ActivityExtension/v2">
      <nax:Nax>
      <nax:DescentInMeters>
      0.02906036376953125
    </nax:DescentInMeters>
    </nax:Nax>
    </TPX>
    </Extensions>
    </Trackpoint>
<Trackpoint>
      <Time>
      2025-09-06T16:09:12.999Z
    </Time><Position>
      <LatitudeDegrees>
      47.60202851424554
    </LatitudeDegrees><LongitudeDegrees>
      -122.2913787055387
    </LongitudeDegrees>
    </Position><AltitudeMeters>
      74.7924761781469
    </AltitudeMeters><SensorState>
      Present
    </SensorState>
    </Trackpoint>
<Trackpoint>
      <Time>
      2025-09-06T16:09:13.208Z
    </Time><SensorState>
      Present
    </SensorState><Extensions>
      <TPX xmlns="http://www.garmin.com/xmlschemas/ActivityExtension/v2">
      <ns3:Speed>
      2.705187521956803
    </ns3:Speed><nax:Nax>
      <nax:Pace>
      6.161002345083568
    </nax:Pace>
    </nax:Nax>
    </TPX>
    </Extensions>
    </Trackpoint>
<Trackpoint>
      <Time>
      2025-09-06T16:09:13.209Z
    </Time><DistanceMeters>
      6.97266783984378
    </DistanceMeters><Cadence>
      160.33709049224854
    </Cadence><SensorState>
      Present
    </SensorState>
    </Trackpoint>
<Trackpoint>
      <Time>
      2025-09-06T16:09:13.758Z
    </Time><SensorState>
      Present
    </SensorState><Extensions>
      <TPX xmlns="http://www.garmin.com/xmlschemas/ActivityExtension/v2">
      <nax:Nax>
      <nax:DescentInMeters>
      0.0422821044921875
    </nax:DescentInMeters>
    </nax:Nax>
    </TPX>
    </Extensions>
    </Trackpoint>
<Trackpoint>
      <Time>
      2025-09-06T16:09:14.817Z
    </Time><SensorState>
      Present
    </SensorState><Extensions>
      <TPX xmlns="http://www.garmin.com/xmlschemas/ActivityExtension/v2">
      <nax:Nax>
      <nax:DescentInMeters>
      0.0343475341796875
    </nax:DescentInMeters>
    </nax:Nax>
    </TPX>
    </Extensions>
    </Trackpoint>
<Trackpoint>
      <Time>
      2025-09-06T16:09:15.764Z
    </Time><DistanceMeters>
      6.738699946552515
    </DistanceMeters><SensorState>
      Present
    </SensorState><Extensions>
      <TPX xmlns="http://www.garmin.com/xmlschemas/ActivityExtension/v2">
      <ns3:Speed>
      2.7063283631671875
    </ns3:Speed><nax:Nax>
      <nax:Pace>
      6.15840520075023
    </nax:Pace>
    </nax:Nax>
    </TPX>
    </Extensions>
    </Trackpoint>
<Trackpoint>
      <Time>
      2025-09-06T16:09:15.765Z
    </Time><Cadence>
      160.21242141723633
    </Cadence><SensorState>
      Present
    </SensorState>
    </Trackpoint>
<Trackpoint>
      <Time>
      2025-09-06T16:09:15.878Z
    </Time><SensorState>
      Present
    </SensorState><Extensions>
      <TPX xmlns="http://www.garmin.com/xmlschemas/ActivityExtension/v2">
      <nax:Nax>
      <nax:DescentInMeters>
      0.01849365234375
    </nax:DescentInMeters>
    </nax:Nax>
    </TPX>
    </Extensions>
    </Trackpoint>
<Trackpoint>
      <Time>
      2025-09-06T16:09:16.938Z
    </Time><SensorState>
      Present
    </SensorState><Extensions>
      <TPX xmlns="http://www.garmin.com/xmlschemas/ActivityExtension/v2">
      <nax:Nax>
      <nax:DescentInMeters>
      0.013214111328125
    </nax:DescentInMeters>
    </nax:Nax>
    </TPX>
    </Extensions>
    </Trackpoint>
<Trackpoint>
      <Time>
      2025-09-06T16:09:16.999Z
    </Time><Position>
      <LatitudeDegrees>
      47.60193329379318
    </LatitudeDegrees><LongitudeDegrees>
      -122.2913853301911
    </LongitudeDegrees>
    </Position><AltitudeMeters>
      75.02618542127311
    </AltitudeMeters><SensorState>
      Present
    </SensorState>
    </Trackpoint>
<Trackpoint>
      <Time>
      2025-09-06T16:09:17.998Z
    </Time><SensorState>
      Present
    </SensorState><Extensions>
      <TPX xmlns="http://www.garmin.com/xmlschemas/ActivityExtension/v2">
      <nax:Nax>
      <nax:DescentInMeters>
      0.01849365234375
    </nax:DescentInMeters>
    </nax:Nax>
    </TPX>
    </Extensions>
    </Trackpoint>
<Trackpoint>
      <Time>
      2025-09-06T16:09:18.319Z
    </Time><SensorState>
      Present
    </SensorState><Extensions>
      <TPX xmlns="http://www.garmin.com/xmlschemas/ActivityExtension/v2">
      <ns3:Speed>
      2.706630969110392
    </ns3:Speed><nax:Nax>
      <nax:Pace>
      6.1577166805804415
    </nax:Pace>
    </nax:Nax>
    </TPX>
    </Extensions>
    </Trackpoint>
<Trackpoint>
      <Time>
      2025-09-06T16:09:18.320Z
    </Time><DistanceMeters>
      7.32253082585521
    </DistanceMeters><Cadence>
      160.15017986297607
    </Cadence><SensorState>
      Present
    </SensorState>
    </Trackpoint>
<Trackpoint>
      <Time>
      2025-09-06T16:09:19.058Z
    </Time><SensorState>
      Present
    </SensorState><Extensions>
      <TPX xmlns="http://www.garmin.com/xmlschemas/ActivityExtension/v2">
      <nax:Nax>
      <nax:DescentInMeters>
      0.00528717041015625
    </nax:DescentInMeters>
    </nax:Nax>
    </TPX>
    </Extensions>
    </Trackpoint>
<Trackpoint>
      <Time>
      2025-09-06T16:09:20.118Z
    </Time><SensorState>
      Present
    </SensorState><Extensions>
      <TPX xmlns="http://www.garmin.com/xmlschemas/ActivityExtension/v2">
      <nax:Nax>
      <nax:DescentInMeters>
      0.00792694091796875
    </nax:DescentInMeters>
    </nax:Nax>
    </TPX>
    </Extensions>
    </Trackpoint>
<Trackpoint>
      <Time>
      2025-09-06T16:09:20.875Z
    </Time><SensorState>
      Present
    </SensorState><Extensions>
      <TPX xmlns="http://www.garmin.com/xmlschemas/ActivityExtension/v2">
      <ns3:Speed>
      2.70739294312572
    </ns3:Speed><nax:Nax>
      <nax:Pace>
      6.155983640640203
    </nax:Pace>
    </nax:Nax>
    </TPX>
    </Extensions>
    </Trackpoint>
<Trackpoint>
      <Time>
      2025-09-06T16:09:20.876Z
    </Time><DistanceMeters>
      6.210428980179131
    </DistanceMeters><Cadence>
      159.78929042816162
    </Cadence><SensorState>
      Present
    </SensorState>
    </Trackpoint>
<Trackpoint>
      <Time>
      2025-09-06T16:09:20.999Z
    </Time><Position>
      <LatitudeDegrees>
      47.60182968478097
    </LatitudeDegrees><LongitudeDegrees>
      -122.29138326924965
    </LongitudeDegrees>
    </Position><AltitudeMeters>
      73.92921789456159
    </AltitudeMeters><SensorState>
      Present
    </SensorState>
    </Trackpoint>
<Trackpoint>
      <Time>
      2025-09-06T16:09:21.000Z
    </Time><SensorState>
      Present
    </SensorState><Extensions>
      <TPX xmlns="http://www.garmin.com/xmlschemas/ActivityExtension/v2">
      <nax:Nax>
      <nax:NikeFuel>
      7.058290557645184
    </nax:NikeFuel>
    </nax:Nax>
    </TPX>
    </Extensions>
    </Trackpoint>
<Trackpoint>
      <Time>
      2025-09-06T16:09:21.177Z
    </Time><SensorState>
      Present
    </SensorState><Extensions>
      <TPX xmlns="http://www.garmin.com/xmlschemas/ActivityExtension/v2">
      <nax:Nax>
      <nax:DescentInMeters>
      0.02114105224609375
    </nax:DescentInMeters>
    </nax:Nax>
    </TPX>
    </Extensions>
    </Trackpoint>
<Trackpoint>
      <Time>
      2025-09-06T16:09:22.237Z
    </Time><SensorState>
      Present
    </SensorState><Extensions>
      <TPX xmlns="http://www.garmin.com/xmlschemas/ActivityExtension/v2">
      <nax:Nax>
      <nax:DescentInMeters>
      0.031707763671875
    </nax:DescentInMeters>
    </nax:Nax>
    </TPX>
    </Extensions>
    </Trackpoint>
<Trackpoint>
      <Time>
      2025-09-06T16:09:23.297Z
    </Time><SensorState>
      Present
    </SensorState><Extensions>
      <TPX xmlns="http://www.garmin.com/xmlschemas/ActivityExtension/v2">
      <nax:Nax>
      <nax:DescentInMeters>
      0.0211334228515625
    </nax:DescentInMeters>
    </nax:Nax>
    </TPX>
    </Extensions>
    </Trackpoint>
<Trackpoint>
      <Time>
      2025-09-06T16:09:23.430Z
    </Time><SensorState>
      Present
    </SensorState><Extensions>
      <TPX xmlns="http://www.garmin.com/xmlschemas/ActivityExtension/v2">
      <ns3:Speed>
      2.7075878727119167
    </ns3:Speed><nax:Nax>
      <nax:Pace>
      6.155540447879667
    </nax:Pace>
    </nax:Nax>
    </TPX>
    </Extensions>
    </Trackpoint>
<Trackpoint>
      <Time>
      2025-09-06T16:09:23.431Z
    </Time><DistanceMeters>
      7.601751224603504
    </DistanceMeters><Cadence>
      159.7894048690796
    </Cadence><SensorState>
      Present
    </SensorState>
    </Trackpoint>
<Trackpoint>
      <Time>
      2025-09-06T16:09:24.356Z
    </Time><SensorState>
      Present
    </SensorState><Extensions>
      <TPX xmlns="http://www.garmin.com/xmlschemas/ActivityExtension/v2">
      <nax:Nax>
      <nax:DescentInMeters>
      0.02114105224609375
    </nax:DescentInMeters>
    </nax:Nax>
    </TPX>
    </Extensions>
    </Trackpoint>
<Trackpoint>
      <Time>
      2025-09-06T16:09:24.999Z
    </Time><Position>
      <LatitudeDegrees>
      47.60172992173895
    </LatitudeDegrees><LongitudeDegrees>
      -122.29138489983261
    </LongitudeDegrees>
    </Position><AltitudeMeters>
      74.26581604126841
    </AltitudeMeters><SensorState>
      Present
    </SensorState>
    </Trackpoint>
<Trackpoint>
      <Time>
      2025-09-06T16:09:25.416Z
    </Time><SensorState>
      Present
    </SensorState><Extensions>
      <TPX xmlns="http://www.garmin.com/xmlschemas/ActivityExtension/v2">
      <nax:Nax>
      <nax:DescentInMeters>
      0.02642059326171875
    </nax:DescentInMeters>
    </nax:Nax>
    </TPX>
    </Extensions>
    </Trackpoint>
<Trackpoint>
      <Time>
      2025-09-06T16:09:25.985Z
    </Time><SensorState>
      Present
    </SensorState><Extensions>
      <TPX xmlns="http://www.garmin.com/xmlschemas/ActivityExtension/v2">
      <ns3:Speed>
      2.70757083338923
    </ns3:Speed><nax:Nax>
      <nax:Pace>
      6.155579186013018
    </nax:Pace>
    </nax:Nax>
    </TPX>
    </Extensions>
    </Trackpoint>
<Trackpoint>
      <Time>
      2025-09-06T16:09:25.986Z
    </Time><DistanceMeters>
      6.352522750152275
    </DistanceMeters><Cadence>
      160.03974437713623
    </Cadence><SensorState>
      Present
    </SensorState>
    </Trackpoint>
<Trackpoint>
      <Time>
      2025-09-06T16:09:26.477Z
    </Time><SensorState>
      Present
    </SensorState><Extensions>
      <TPX xmlns="http://www.garmin.com/xmlschemas/ActivityExtension/v2">
      <nax:Nax>
      <nax:DescentInMeters>
      0.10569000244140625
    </nax:DescentInMeters>
    </nax:Nax>
    </TPX>
    </Extensions>
    </Trackpoint>
<Trackpoint>
      <Time>
      2025-09-06T16:09:28.541Z
    </Time><DistanceMeters>
      7.856187506346032
    </DistanceMeters><SensorState>
      Present
    </SensorState><Extensions>
      <TPX xmlns="http://www.garmin.com/xmlschemas/ActivityExtension/v2">
      <ns3:Speed>
      2.7061613403170823
    </ns3:Speed><nax:Nax>
      <nax:Pace>
      6.158785294269936
    </nax:Pace>
    </nax:Nax>
    </TPX>
    </Extensions>
    </Trackpoint>
<Trackpoint>
      <Time>
      2025-09-06T16:09:28.542Z
    </Time><Cadence>
      160.08843898773193
    </Cadence><SensorState>
      Present
    </SensorState>
    </Trackpoint>
<Trackpoint>
      <Time>
      2025-09-06T16:09:28.999Z
    </Time><Position>
      <LatitudeDegrees>
      47.601702148908174
    </LatitudeDegrees><LongitudeDegrees>
      -122.291533298258
    </LongitudeDegrees>
    </Position><AltitudeMeters>
      73.87604428920895
    </AltitudeMeters><SensorState>
      Present
    </SensorState>
    </Trackpoint>
<Trackpoint>
      <Time>
      2025-09-06T16:09:30.717Z
    </Time><SensorState>
      Present
    </SensorState><Extensions>
      <TPX xmlns="http://www.garmin.com/xmlschemas/ActivityExtension/v2">
      <nax:Nax>
      <nax:AscentInMeters>
      0.1928863525390625
    </nax:AscentInMeters>
    </nax:Nax>
    </TPX>
    </Extensions>
    </Trackpoint>
<Trackpoint>
      <Time>
      2025-09-06T16:09:31.000Z
    </Time><SensorState>
      Present
    </SensorState><Extensions>
      <TPX xmlns="http://www.garmin.com/xmlschemas/ActivityExtension/v2">
      <nax:Nax>
      <nax:NikeFuel>
      7.061180055288937
    </nax:NikeFuel>
    </nax:Nax>
    </TPX>
    </Extensions>
    </Trackpoint>
<Trackpoint>
      <Time>
      2025-09-06T16:09:31.096Z
    </Time><SensorState>
      Present
    </SensorState><Extensions>
      <TPX xmlns="http://www.garmin.com/xmlschemas/ActivityExtension/v2">
      <ns3:Speed>
      2.706646126283863
    </ns3:Speed><nax:Nax>
      <nax:Pace>
      6.157682197469034
    </nax:Pace>
    </nax:Nax>
    </TPX>
    </Extensions>
    </Trackpoint>
<Trackpoint>
      <Time>
      2025-09-06T16:09:31.097Z
    </Time><DistanceMeters>
      6.259465698618442
    </DistanceMeters><Cadence>
      160.35385608673096
    </Cadence><SensorState>
      Present
    </SensorState>
    </Trackpoint>
<Trackpoint>
      <Time>
      2025-09-06T16:09:31.776Z
    </Time><SensorState>
      Present
    </SensorState><Extensions>
      <TPX xmlns="http://www.garmin.com/xmlschemas/ActivityExtension/v2">
      <nax:Nax>
      <nax:AscentInMeters>
      0.27744293212890625
    </nax:AscentInMeters>
    </nax:Nax>
    </TPX>
    </Extensions>
    </Trackpoint>
<Trackpoint>
      <Time>
      2025-09-06T16:09:32.836Z
    </Time><SensorState>
      Present
    </SensorState><Extensions>
      <TPX xmlns="http://www.garmin.com/xmlschemas/ActivityExtension/v2">
      <nax:Nax>
      <nax:AscentInMeters>
      0.2695159912109375
    </nax:AscentInMeters>
    </nax:Nax>
    </TPX>
    </Extensions>
    </Trackpoint>
<Trackpoint>
      <Time>
      2025-09-06T16:09:33.000Z
    </Time><Position>
      <LatitudeDegrees>
      47.60170413813768
    </LatitudeDegrees><LongitudeDegrees>
      -122.29167883007652
    </LongitudeDegrees>
    </Position><AltitudeMeters>
      75.06026517227292
    </AltitudeMeters><SensorState>
      Present
    </SensorState>
    </Trackpoint>
<Trackpoint>
      <Time>
      2025-09-06T16:09:33.651Z
    </Time><SensorState>
      Present
    </SensorState><Extensions>
      <TPX xmlns="http://www.garmin.com/xmlschemas/ActivityExtension/v2">
      <ns3:Speed>
      2.7073648233061225
    </ns3:Speed><nax:Nax>
      <nax:Pace>
      6.156047579252366
    </nax:Pace>
    </nax:Nax>
    </TPX>
    </Extensions>
    </Trackpoint>
<Trackpoint>
      <Time>
      2025-09-06T16:09:33.652Z
    </Time><DistanceMeters>
      7.013695017434657
    </DistanceMeters><Cadence>
      160.10271549224854
    </Cadence><SensorState>
      Present
    </SensorState>
    </Trackpoint>
<Trackpoint>
      <Time>
      2025-09-06T16:09:33.896Z
    </Time><SensorState>
      Present
    </SensorState><Extensions>
      <TPX xmlns="http://www.garmin.com/xmlschemas/ActivityExtension/v2">
      <nax:Nax>
      <nax:AscentInMeters>
      0.24045562744140625
    </nax:AscentInMeters>
    </nax:Nax>
    </TPX>
    </Extensions>
    </Trackpoint>
<Trackpoint>
      <Time>
      2025-09-06T16:09:34.955Z
    </Time><SensorState>
      Present
    </SensorState><Extensions>
      <TPX xmlns="http://www.garmin.com/xmlschemas/ActivityExtension/v2">
      <nax:Nax>
      <nax:AscentInMeters>
      0.22988128662109375
    </nax:AscentInMeters>
    </nax:Nax>
    </TPX>
    </Extensions>
    </Trackpoint>
<Trackpoint>
      <Time>
      2025-09-06T16:09:36.016Z
    </Time><SensorState>
      Present
    </SensorState><Extensions>
      <TPX xmlns="http://www.garmin.com/xmlschemas/ActivityExtension/v2">
      <nax:Nax>
      <nax:AscentInMeters>
      0.25101470947265625
    </nax:AscentInMeters>
    </nax:Nax>
    </TPX>
    </Extensions>
    </Trackpoint>
<Trackpoint>
      <Time>
      2025-09-06T16:09:36.207Z
    </Time><SensorState>
      Present
    </SensorState><Extensions>
      <TPX xmlns="http://www.garmin.com/xmlschemas/ActivityExtension/v2">
      <ns3:Speed>
      2.7092424339760357
    </ns3:Speed><nax:Nax>
      <nax:Pace>
      6.1517811981879245
    </nax:Pace>
    </nax:Nax>
    </TPX>
    </Extensions>
    </Trackpoint>
<Trackpoint>
      <Time>
      2025-09-06T16:09:36.208Z
    </Time><DistanceMeters>
      6.9792127553373575
    </DistanceMeters><Cadence>
      160.10271549224854
    </Cadence><SensorState>
      Present
    </SensorState>
    </Trackpoint>
<Trackpoint>
      <Time>
      2025-09-06T16:09:37.000Z
    </Time><Position>
      <LatitudeDegrees>
      47.60169322323894
    </LatitudeDegrees><LongitudeDegrees>
      -122.2918159593844
    </LongitudeDegrees>
    </Position><AltitudeMeters>
      75.62778347823769
    </AltitudeMeters><SensorState>
      Present
    </SensorState>
    </Trackpoint>
<Trackpoint>
      <Time>
      2025-09-06T16:09:37.076Z
    </Time><SensorState>
      Present
    </SensorState><Extensions>
      <TPX xmlns="http://www.garmin.com/xmlschemas/ActivityExtension/v2">
      <nax:Nax>
      <nax:AscentInMeters>
      0.229888916015625
    </nax:AscentInMeters>
    </nax:Nax>
    </TPX>
    </Extensions>
    </Trackpoint>
<Trackpoint>
      <Time>
      2025-09-06T16:09:38.136Z
    </Time><SensorState>
      Present
    </SensorState><Extensions>
      <TPX xmlns="http://www.garmin.com/xmlschemas/ActivityExtension/v2">
      <nax:Nax>
      <nax:AscentInMeters>
      0.208740234375
    </nax:AscentInMeters>
    </nax:Nax>
    </TPX>
    </Extensions>
    </Trackpoint>
<Trackpoint>
      <Time>
      2025-09-06T16:09:38.762Z
    </Time><SensorState>
      Present
    </SensorState><Extensions>
      <TPX xmlns="http://www.garmin.com/xmlschemas/ActivityExtension/v2">
      <ns3:Speed>
      2.709923854886814
    </ns3:Speed><nax:Nax>
      <nax:Pace>
      6.150234308839201
    </nax:Pace>
    </nax:Nax>
    </TPX>
    </Extensions>
    </Trackpoint>
<Trackpoint>
      <Time>
      2025-09-06T16:09:38.763Z
    </Time><DistanceMeters>
      6.468355752527714
    </DistanceMeters><Cadence>
      159.85233306884766
    </Cadence><SensorState>
      Present
    </SensorState>
    </Trackpoint>
<Trackpoint>
      <Time>
      2025-09-06T16:09:39.196Z
    </Time><SensorState>
      Present
    </SensorState><Extensions>
      <TPX xmlns="http://www.garmin.com/xmlschemas/ActivityExtension/v2">
      <nax:Nax>
      <nax:AscentInMeters>
      0.21138763427734375
    </nax:AscentInMeters>
    </nax:Nax>
    </TPX>
    </Extensions>
    </Trackpoint>
<Trackpoint>
      <Time>
      2025-09-06T16:09:40.256Z
    </Time><SensorState>
      Present
    </SensorState><Extensions>
      <TPX xmlns="http://www.garmin.com/xmlschemas/ActivityExtension/v2">
      <nax:Nax>
      <nax:AscentInMeters>
      0.2378082275390625
    </nax:AscentInMeters>
    </nax:Nax>
    </TPX>
    </Extensions>
    </Trackpoint>
<Trackpoint>
      <Time>
      2025-09-06T16:09:41.000Z
    </Time><SensorState>
      Present
    </SensorState><Extensions>
      <TPX xmlns="http://www.garmin.com/xmlschemas/ActivityExtension/v2">
      <nax:Nax>
      <nax:NikeFuel>
      7.05601231739818
    </nax:NikeFuel>
    </nax:Nax>
    </TPX>
    </Extensions>
    </Trackpoint>
<Trackpoint>
      <Time>
      2025-09-06T16:09:41.316Z
    </Time><SensorState>
      Present
    </SensorState><Extensions>
      <TPX xmlns="http://www.garmin.com/xmlschemas/ActivityExtension/v2">
      <nax:Nax>
      <nax:AscentInMeters>
      0.22988128662109375
    </nax:AscentInMeters>
    </nax:Nax>
    </TPX>
    </Extensions>
    </Trackpoint>
<Trackpoint>
      <Time>
      2025-09-06T16:09:41.317Z
    </Time><DistanceMeters>
      4.919750146800652
    </DistanceMeters><SensorState>
      Present
    </SensorState><Extensions>
      <TPX xmlns="http://www.garmin.com/xmlschemas/ActivityExtension/v2">
      <ns3:Speed>
      2.7098437994110256
    </ns3:Speed><nax:Nax>
      <nax:Pace>
      6.150416001944135
    </nax:Pace>
    </nax:Nax>
    </TPX>
    </Extensions>
    </Trackpoint>
<Trackpoint>
      <Time>
      2025-09-06T16:09:41.318Z
    </Time><Cadence>
      159.85233306884766
    </Cadence><SensorState>
      Present
    </SensorState>
    </Trackpoint>
<Trackpoint>
      <Time>
      2025-09-06T16:09:42.000Z
    </Time><Position>
      <LatitudeDegrees>
      47.601693140381634
    </LatitudeDegrees><LongitudeDegrees>
      -122.2919694897854
    </LongitudeDegrees>
    </Position><AltitudeMeters>
      76.07751905731857
    </AltitudeMeters><SensorState>
      Present
    </SensorState>
    </Trackpoint>
<Trackpoint>
      <Time>
      2025-09-06T16:09:42.376Z
    </Time><SensorState>
      Present
    </SensorState><Extensions>
      <TPX xmlns="http://www.garmin.com/xmlschemas/ActivityExtension/v2">
      <nax:Nax>
      <nax:AscentInMeters>
      0.2061004638671875
    </nax:AscentInMeters>
    </nax:Nax>
    </TPX>
    </Extensions>
    </Trackpoint>
<Trackpoint>
      <Time>
      2025-09-06T16:09:43.435Z
    </Time><SensorState>
      Present
    </SensorState><Extensions>
      <TPX xmlns="http://www.garmin.com/xmlschemas/ActivityExtension/v2">
      <nax:Nax>
      <nax:AscentInMeters>
      0.208740234375
    </nax:AscentInMeters>
    </nax:Nax>
    </TPX>
    </Extensions>
    </Trackpoint>
<Trackpoint>
      <Time>
      2025-09-06T16:09:43.873Z
    </Time><SensorState>
      Present
    </SensorState><Extensions>
      <TPX xmlns="http://www.garmin.com/xmlschemas/ActivityExtension/v2">
      <ns3:Speed>
      2.7078142615611247
    </ns3:Speed><nax:Nax>
      <nax:Pace>
      6.155025809287933
    </nax:Pace>
    </nax:Nax>
    </TPX>
    </Extensions>
    </Trackpoint>
<Trackpoint>
      <Time>
      2025-09-06T16:09:43.874Z
    </Time><DistanceMeters>
      6.837025556247681
    </DistanceMeters><Cadence>
      159.5923662185669
    </Cadence><SensorState>
      Present
    </SensorState>
    </Trackpoint>
<Trackpoint>
      <Time>
      2025-09-06T16:09:44.495Z
    </Time><SensorState>
      Present
    </SensorState><Extensions>
      <TPX xmlns="http://www.garmin.com/xmlschemas/ActivityExtension/v2">
      <nax:Nax>
      <nax:AscentInMeters>
      0.21138763427734375
    </nax:AscentInMeters>
    </nax:Nax>
    </TPX>
    </Extensions>
    </Trackpoint>
<Trackpoint>
      <Time>
      2025-09-06T16:09:45.556Z
    </Time><SensorState>
      Present
    </SensorState><Extensions>
      <TPX xmlns="http://www.garmin.com/xmlschemas/ActivityExtension/v2">
      <nax:Nax>
      <nax:AscentInMeters>
      0.19553375244140625
    </nax:AscentInMeters>
    </nax:Nax>
    </TPX>
    </Extensions>
    </Trackpoint>
<Trackpoint>
      <Time>
      2025-09-06T16:09:46.000Z
    </Time><Position>
      <LatitudeDegrees>
      47.601692424055656
    </LatitudeDegrees><LongitudeDegrees>
      -122.29210618915172
    </LongitudeDegrees>
    </Position><AltitudeMeters>
      77.46763747092336
    </AltitudeMeters><SensorState>
      Present
    </SensorState>
    </Trackpoint>
<Trackpoint>
      <Time>
      2025-09-06T16:09:46.428Z
    </Time><SensorState>
      Present
    </SensorState><Extensions>
      <TPX xmlns="http://www.garmin.com/xmlschemas/ActivityExtension/v2">
      <ns3:Speed>
      2.7056804534564773
    </ns3:Speed><nax:Nax>
      <nax:Pace>
      6.15987990946055
    </nax:Pace>
    </nax:Nax>
    </TPX>
    </Extensions>
    </Trackpoint>
<Trackpoint>
      <Time>
      2025-09-06T16:09:46.429Z
    </Time><DistanceMeters>
      6.342117025516927
    </DistanceMeters><Cadence>
      159.5923662185669
    </Cadence><SensorState>
      Present
    </SensorState>
    </Trackpoint>
<Trackpoint>
      <Time>
      2025-09-06T16:09:46.616Z
    </Time><SensorState>
      Present
    </SensorState><Extensions>
      <TPX xmlns="http://www.garmin.com/xmlschemas/ActivityExtension/v2">
      <nax:Nax>
      <nax:AscentInMeters>
      0.20345306396484375
    </nax:AscentInMeters>
    </nax:Nax>
    </TPX>
    </Extensions>
    </Trackpoint>
<Trackpoint>
      <Time>
      2025-09-06T16:09:47.676Z
    </Time><SensorState>
      Present
    </SensorState><Extensions>
      <TPX xmlns="http://www.garmin.com/xmlschemas/ActivityExtension/v2">
      <nax:Nax>
      <nax:AscentInMeters>
      0.2193145751953125
    </nax:AscentInMeters>
    </nax:Nax>
    </TPX>
    </Extensions>
    </Trackpoint>
<Trackpoint>
      <Time>
      2025-09-06T16:09:48.736Z
    </Time><SensorState>
      Present
    </SensorState><Extensions>
      <TPX xmlns="http://www.garmin.com/xmlschemas/ActivityExtension/v2">
      <nax:Nax>
      <nax:AscentInMeters>
      0.221954345703125
    </nax:AscentInMeters>
    </nax:Nax>
    </TPX>
    </Extensions>
    </Trackpoint>
<Trackpoint>
      <Time>
      2025-09-06T16:09:48.983Z
    </Time><SensorState>
      Present
    </SensorState><Extensions>
      <TPX xmlns="http://www.garmin.com/xmlschemas/ActivityExtension/v2">
      <ns3:Speed>
      2.7013426485770107
    </ns3:Speed><nax:Nax>
      <nax:Pace>
      6.169771419203775
    </nax:Pace>
    </nax:Nax>
    </TPX>
    </Extensions>
    </Trackpoint>
<Trackpoint>
      <Time>
      2025-09-06T16:09:48.984Z
    </Time><DistanceMeters>
      5.04326845286414
    </DistanceMeters><Cadence>
      159.5923662185669
    </Cadence><SensorState>
      Present
    </SensorState>
    </Trackpoint>
<Trackpoint>
      <Time>
      2025-09-06T16:09:49.796Z
    </Time><SensorState>
      Present
    </SensorState><Extensions>
      <TPX xmlns="http://www.garmin.com/xmlschemas/ActivityExtension/v2">
      <nax:Nax>
      <nax:AscentInMeters>
      0.2325286865234375
    </nax:AscentInMeters>
    </nax:Nax>
    </TPX>
    </Extensions>
    </Trackpoint>
<Trackpoint>
      <Time>
      2025-09-06T16:09:50.856Z
    </Time><SensorState>
      Present
    </SensorState><Extensions>
      <TPX xmlns="http://www.garmin.com/xmlschemas/ActivityExtension/v2">
      <nax:Nax>
      <nax:AscentInMeters>
      0.26158905029296875
    </nax:AscentInMeters>
    </nax:Nax>
    </TPX>
    </Extensions>
    </Trackpoint>
<Trackpoint>
      <Time>
      2025-09-06T16:09:51.000Z
    </Time><Position>
      <LatitudeDegrees>
      47.60168928226335
    </LatitudeDegrees><LongitudeDegrees>
      -122.29224300066309
    </LongitudeDegrees>
    </Position><AltitudeMeters>
      78.56355982180685
    </AltitudeMeters><SensorState>
      Present
    </SensorState><Extensions>
      <TPX xmlns="http://www.garmin.com/xmlschemas/ActivityExtension/v2">
      <nax:Nax>
      <nax:NikeFuel>
      3.869372002970337
    </nax:NikeFuel>
    </nax:Nax>
    </TPX>
    </Extensions>
    </Trackpoint>
<Trackpoint>
      <Time>
      2025-09-06T16:09:51.539Z
    </Time><SensorState>
      Present
    </SensorState><Extensions>
      <TPX xmlns="http://www.garmin.com/xmlschemas/ActivityExtension/v2">
      <ns3:Speed>
      2.693997191758216
    </ns3:Speed><nax:Nax>
      <nax:Pace>
      6.1865939272896195
    </nax:Pace>
    </nax:Nax>
    </TPX>
    </Extensions>
    </Trackpoint>
<Trackpoint>
      <Time>
      2025-09-06T16:09:51.540Z
    </Time><DistanceMeters>
      4.977058574790135
    </DistanceMeters><Cadence>
      105.453200340271
    </Cadence><SensorState>
      Present
    </SensorState>
    </Trackpoint>
<Trackpoint>
      <Time>
      2025-09-06T16:09:51.916Z
    </Time><SensorState>
      Present
    </SensorState><Extensions>
      <TPX xmlns="http://www.garmin.com/xmlschemas/ActivityExtension/v2">
      <nax:Nax>
      <nax:AscentInMeters>
      0.23252105712890625
    </nax:AscentInMeters>
    </nax:Nax>
    </TPX>
    </Extensions>
    </Trackpoint>
<Trackpoint>
      <Time>
      2025-09-06T16:09:52.975Z
    </Time><SensorState>
      Present
    </SensorState><Extensions>
      <TPX xmlns="http://www.garmin.com/xmlschemas/ActivityExtension/v2">
      <nax:Nax>
      <nax:AscentInMeters>
      0.2193145751953125
    </nax:AscentInMeters>
    </nax:Nax>
    </TPX>
    </Extensions>
    </Trackpoint>
<Trackpoint>
      <Time>
      2025-09-06T16:09:54.036Z
    </Time><SensorState>
      Present
    </SensorState><Extensions>
      <TPX xmlns="http://www.garmin.com/xmlschemas/ActivityExtension/v2">
      <nax:Nax>
      <nax:AscentInMeters>
      0.203460693359375
    </nax:AscentInMeters>
    </nax:Nax>
    </TPX>
    </Extensions>
    </Trackpoint>
<Trackpoint>
      <Time>
      2025-09-06T16:09:54.094Z
    </Time><SensorState>
      Present
    </SensorState><Extensions>
      <TPX xmlns="http://www.garmin.com/xmlschemas/ActivityExtension/v2">
      <ns3:Speed>
      1.562576320015635
    </ns3:Speed><nax:Nax>
      <nax:Pace>
      10.666145680807386
    </nax:Pace>
    </nax:Nax>
    </TPX>
    </Extensions>
    </Trackpoint>
<Trackpoint>
      <Time>
      2025-09-06T16:09:54.095Z
    </Time><DistanceMeters>
      6.270046672783792
    </DistanceMeters><Cadence>
      105.453200340271
    </Cadence><SensorState>
      Present
    </SensorState>
    </Trackpoint>
<Trackpoint>
      <Time>
      2025-09-06T16:09:55.096Z
    </Time><SensorState>
      Present
    </SensorState><Extensions>
      <TPX xmlns="http://www.garmin.com/xmlschemas/ActivityExtension/v2">
      <nax:Nax>
      <nax:AscentInMeters>
      0.21666717529296875
    </nax:AscentInMeters>
    </nax:Nax>
    </TPX>
    </Extensions>
    </Trackpoint>
<Trackpoint>
      <Time>
      2025-09-06T16:09:56.000Z
    </Time><Position>
      <LatitudeDegrees>
      47.60168833222934
    </LatitudeDegrees><LongitudeDegrees>
      -122.29240179749821
    </LongitudeDegrees>
    </Position><AltitudeMeters>
      79.52860137820244
    </AltitudeMeters><SensorState>
      Present
    </SensorState>
    </Trackpoint>
<Trackpoint>
      <Time>
      2025-09-06T16:09:56.156Z
    </Time><SensorState>
      Present
    </SensorState><Extensions>
      <TPX xmlns="http://www.garmin.com/xmlschemas/ActivityExtension/v2">
      <nax:Nax>
      <nax:AscentInMeters>
      0.22724151611328125
    </nax:AscentInMeters>
    </nax:Nax>
    </TPX>
    </Extensions>
    </Trackpoint>
<Trackpoint>
      <Time>
      2025-09-06T16:09:56.649Z
    </Time><SensorState>
      Present
    </SensorState><Extensions>
      <TPX xmlns="http://www.garmin.com/xmlschemas/ActivityExtension/v2">
      <ns3:Speed>
      1.562576320015635
    </ns3:Speed><nax:Nax>
      <nax:Pace>
      10.666145680807386
    </nax:Pace>
    </nax:Nax>
    </TPX>
    </Extensions>
    </Trackpoint>
<Trackpoint>
      <Time>
      2025-09-06T16:09:56.650Z
    </Time><DistanceMeters>
      5.270066494587809
    </DistanceMeters><Cadence>
      105.453200340271
    </Cadence><SensorState>
      Present
    </SensorState>
    </Trackpoint>
<Trackpoint>
      <Time>
      2025-09-06T16:09:57.216Z
    </Time><SensorState>
      Present
    </SensorState><Extensions>
      <TPX xmlns="http://www.garmin.com/xmlschemas/ActivityExtension/v2">
      <nax:Nax>
      <nax:AscentInMeters>
      0.240447998046875
    </nax:AscentInMeters>
    </nax:Nax>
    </TPX>
    </Extensions>
    </Trackpoint>
<Trackpoint>
      <Time>
      2025-09-06T16:09:58.276Z
    </Time><SensorState>
      Present
    </SensorState><Extensions>
      <TPX xmlns="http://www.garmin.com/xmlschemas/ActivityExtension/v2">
      <nax:Nax>
      <nax:AscentInMeters>
      0.221954345703125
    </nax:AscentInMeters>
    </nax:Nax>
    </TPX>
    </Extensions>
    </Trackpoint>
<Trackpoint>
      <Time>
      2025-09-06T16:09:59.205Z
    </Time><DistanceMeters>
      5.935207828413695
    </DistanceMeters><SensorState>
      Present
    </SensorState><Extensions>
      <TPX xmlns="http://www.garmin.com/xmlschemas/ActivityExtension/v2">
      <ns3:Speed>
      1.562576320015635
    </ns3:Speed><nax:Nax>
      <nax:Pace>
      10.666145680807386
    </nax:Pace>
    </nax:Nax>
    </TPX>
    </Extensions>
    </Trackpoint>
<Trackpoint>
      <Time>
      2025-09-06T16:09:59.206Z
    </Time><Cadence>
      105.453200340271
    </Cadence><SensorState>
      Present
    </SensorState>
    </Trackpoint>
<Trackpoint>
      <Time>
      2025-09-06T16:09:59.336Z
    </Time><SensorState>
      Present
    </SensorState><Extensions>
      <TPX xmlns="http://www.garmin.com/xmlschemas/ActivityExtension/v2">
      <nax:Nax>
      <nax:AscentInMeters>
      0.19817352294921875
    </nax:AscentInMeters>
    </nax:Nax>
    </TPX>
    </Extensions>
    </Trackpoint>
<Trackpoint>
      <Time>
      2025-09-06T16:10:00.396Z
    </Time><SensorState>
      Present
    </SensorState><Extensions>
      <TPX xmlns="http://www.garmin.com/xmlschemas/ActivityExtension/v2">
      <nax:Nax>
      <nax:AscentInMeters>
      0.184967041015625
    </nax:AscentInMeters>
    </nax:Nax>
    </TPX>
    </Extensions>
    </Trackpoint>
<Trackpoint>
      <Time>
      2025-09-06T16:10:01.000Z
    </Time><Position>
      <LatitudeDegrees>
      47.60177094593483
    </LatitudeDegrees><LongitudeDegrees>
      -122.29247820785727
    </LongitudeDegrees>
    </Position><AltitudeMeters>
      79.69259156100452
    </AltitudeMeters><SensorState>
      Present
    </SensorState><Extensions>
      <TPX xmlns="http://www.garmin.com/xmlschemas/ActivityExtension/v2">
      <nax:Nax>
      <nax:NikeFuel>
      6.294856727907614
    </nax:NikeFuel>
    </nax:Nax>
    </TPX>
    </Extensions>
    </Trackpoint>
<Trackpoint>
      <Time>
      2025-09-06T16:10:01.455Z
    </Time><SensorState>
      Present
    </SensorState><Extensions>
      <TPX xmlns="http://www.garmin.com/xmlschemas/ActivityExtension/v2">
      <nax:Nax>
      <nax:AscentInMeters>
      0.1294708251953125
    </nax:AscentInMeters>
    </nax:Nax>
    </TPX>
    </Extensions>
    </Trackpoint>
<Trackpoint>
      <Time>
      2025-09-06T16:10:01.760Z
    </Time><SensorState>
      Present
    </SensorState><Extensions>
      <TPX xmlns="http://www.garmin.com/xmlschemas/ActivityExtension/v2">
      <ns3:Speed>
      1.562576320015635
    </ns3:Speed><nax:Nax>
      <nax:Pace>
      10.666145680807386
    </nax:Pace>
    </nax:Nax>
    </TPX>
    </Extensions>
    </Trackpoint>
<Trackpoint>
      <Time>
      2025-09-06T16:10:01.761Z
    </Time><DistanceMeters>
      5.005500826053321
    </DistanceMeters><Cadence>
      158.17924976348877
    </Cadence><SensorState>
      Present
    </SensorState>
    </Trackpoint>
<Trackpoint>
      <Time>
      2025-09-06T16:10:02.516Z
    </Time><SensorState>
      Present
    </SensorState><Extensions>
      <TPX xmlns="http://www.garmin.com/xmlschemas/ActivityExtension/v2">
      <nax:Nax>
      <nax:AscentInMeters>
      0.00792694091796875
    </nax:AscentInMeters>
    </nax:Nax>
    </TPX>
    </Extensions>
    </Trackpoint>
<Trackpoint>
      <Time>
      2025-09-06T16:10:04.315Z
    </Time><SensorState>
      Present
    </SensorState><Extensions>
      <TPX xmlns="http://www.garmin.com/xmlschemas/ActivityExtension/v2">
      <ns3:Speed>
      2.672167757103562
    </ns3:Speed><nax:Nax>
      <nax:Pace>
      6.237133361990767
    </nax:Pace>
    </nax:Nax>
    </TPX>
    </Extensions>
    </Trackpoint>
<Trackpoint>
      <Time>
      2025-09-06T16:10:04.316Z
    </Time><DistanceMeters>
      5.363018466858193
    </DistanceMeters><Cadence>
      157.54272937774658
    </Cadence><SensorState>
      Present
    </SensorState>
    </Trackpoint>
<Trackpoint>
      <Time>
      2025-09-06T16:10:06.000Z
    </Time><Position>
      <LatitudeDegrees>
      47.60186346640409
    </LatitudeDegrees><LongitudeDegrees>
      -122.29250803795027
    </LongitudeDegrees>
    </Position><AltitudeMeters>
      79.84405583236367
    </AltitudeMeters><SensorState>
      Present
    </SensorState>
    </Trackpoint>
<Trackpoint>
      <Time>
      2025-09-06T16:10:06.756Z
    </Time><SensorState>
      Present
    </SensorState><Extensions>
      <TPX xmlns="http://www.garmin.com/xmlschemas/ActivityExtension/v2">
      <nax:Nax>
      <nax:DescentInMeters>
      0.1056976318359375
    </nax:DescentInMeters>
    </nax:Nax>
    </TPX>
    </Extensions>
    </Trackpoint>
<Trackpoint>
      <Time>
      2025-09-06T16:10:06.871Z
    </Time><SensorState>
      Present
    </SensorState><Extensions>
      <TPX xmlns="http://www.garmin.com/xmlschemas/ActivityExtension/v2">
      <ns3:Speed>
      2.658833513806599
    </ns3:Speed><nax:Nax>
      <nax:Pace>
      6.268413039071909
    </nax:Pace>
    </nax:Nax>
    </TPX>
    </Extensions>
    </Trackpoint>
<Trackpoint>
      <Time>
      2025-09-06T16:10:06.872Z
    </Time><DistanceMeters>
      6.343561632558703
    </DistanceMeters><Cadence>
      159.01777267456055
    </Cadence><SensorState>
      Present
    </SensorState>
    </Trackpoint>
<Trackpoint>
      <Time>
      2025-09-06T16:10:07.816Z
    </Time><SensorState>
      Present
    </SensorState><Extensions>
      <TPX xmlns="http://www.garmin.com/xmlschemas/ActivityExtension/v2">
      <nax:Nax>
      <nax:DescentInMeters>
      0.08983612060546875
    </nax:DescentInMeters>
    </nax:Nax>
    </TPX>
    </Extensions>
    </Trackpoint>
<Trackpoint>
      <Time>
      2025-09-06T16:10:08.876Z
    </Time><SensorState>
      Present
    </SensorState><Extensions>
      <TPX xmlns="http://www.garmin.com/xmlschemas/ActivityExtension/v2">
      <nax:Nax>
      <nax:DescentInMeters>
      0.0792694091796875
    </nax:DescentInMeters>
    </nax:Nax>
    </TPX>
    </Extensions>
    </Trackpoint>
<Trackpoint>
      <Time>
      2025-09-06T16:10:09.426Z
    </Time><SensorState>
      Present
    </SensorState><Extensions>
      <TPX xmlns="http://www.garmin.com/xmlschemas/ActivityExtension/v2">
      <ns3:Speed>
      2.679717481672007
    </ns3:Speed><nax:Nax>
      <nax:Pace>
      6.219561121893909
    </nax:Pace>
    </nax:Nax>
    </TPX>
    </Extensions>
    </Trackpoint>
<Trackpoint>
      <Time>
      2025-09-06T16:10:09.427Z
    </Time><DistanceMeters>
      9.313457883428782
    </DistanceMeters><Cadence>
      158.80014896392822
    </Cadence><SensorState>
      Present
    </SensorState>
    </Trackpoint>
<Trackpoint>
      <Time>
      2025-09-06T16:10:09.935Z
    </Time><SensorState>
      Present
    </SensorState><Extensions>
      <TPX xmlns="http://www.garmin.com/xmlschemas/ActivityExtension/v2">
      <nax:Nax>
      <nax:DescentInMeters>
      0.0977630615234375
    </nax:DescentInMeters>
    </nax:Nax>
    </TPX>
    </Extensions>
    </Trackpoint>
<Trackpoint>
      <Time>
      2025-09-06T16:10:09.999Z
    </Time><Position>
      <LatitudeDegrees>
      47.60197002874458
    </LatitudeDegrees><LongitudeDegrees>
      -122.29251981837837
    </LongitudeDegrees>
    </Position><AltitudeMeters>
      77.82338375877589
    </AltitudeMeters><SensorState>
      Present
    </SensorState>
    </Trackpoint>
<Trackpoint>
      <Time>
      2025-09-06T16:10:10.995Z
    </Time><SensorState>
      Present
    </SensorState><Extensions>
      <TPX xmlns="http://www.garmin.com/xmlschemas/ActivityExtension/v2">
      <nax:Nax>
      <nax:DescentInMeters>
      0.08719635009765625
    </nax:DescentInMeters>
    </nax:Nax>
    </TPX>
    </Extensions>
    </Trackpoint>
<Trackpoint>
      <Time>
      2025-09-06T16:10:11.000Z
    </Time><SensorState>
      Present
    </SensorState><Extensions>
      <TPX xmlns="http://www.garmin.com/xmlschemas/ActivityExtension/v2">
      <nax:Nax>
      <nax:NikeFuel>
      7.045559650409841
    </nax:NikeFuel>
    </nax:Nax>
    </TPX>
    </Extensions>
    </Trackpoint>
<Trackpoint>
      <Time>
      2025-09-06T16:10:11.982Z
    </Time><SensorState>
      Present
    </SensorState><Extensions>
      <TPX xmlns="http://www.garmin.com/xmlschemas/ActivityExtension/v2">
      <ns3:Speed>
      2.6848121981177075
    </ns3:Speed><nax:Nax>
      <nax:Pace>
      6.207758843747612
    </nax:Pace>
    </nax:Nax>
    </TPX>
    </Extensions>
    </Trackpoint>
<Trackpoint>
      <Time>
      2025-09-06T16:10:11.983Z
    </Time><DistanceMeters>
      8.426583517808467
    </DistanceMeters><Cadence>
      158.43340873718262
    </Cadence><SensorState>
      Present
    </SensorState>
    </Trackpoint>
<Trackpoint>
      <Time>
      2025-09-06T16:10:12.054Z
    </Time><SensorState>
      Present
    </SensorState><Extensions>
      <TPX xmlns="http://www.garmin.com/xmlschemas/ActivityExtension/v2">
      <nax:Nax>
      <nax:DescentInMeters>
      0.05548858642578125
    </nax:DescentInMeters>
    </nax:Nax>
    </TPX>
    </Extensions>
    </Trackpoint>
<Trackpoint>
      <Time>
      2025-09-06T16:10:12.999Z
    </Time><Position>
      <LatitudeDegrees>
      47.60206671984275
    </LatitudeDegrees><LongitudeDegrees>
      -122.29253110684476
    </LongitudeDegrees>
    </Position><AltitudeMeters>
      78.90717429760844
    </AltitudeMeters><SensorState>
      Present
    </SensorState>
    </Trackpoint>
<Trackpoint>
      <Time>
      2025-09-06T16:10:13.115Z
    </Time><SensorState>
      Present
    </SensorState><Extensions>
      <TPX xmlns="http://www.garmin.com/xmlschemas/ActivityExtension/v2">
      <nax:Nax>
      <nax:DescentInMeters>
      0.01056671142578125
    </nax:DescentInMeters>
    </nax:Nax>
    </TPX>
    </Extensions>
    </Trackpoint>
<Trackpoint>
      <Time>
      2025-09-06T16:10:14.537Z
    </Time><SensorState>
      Present
    </SensorState><Extensions>
      <TPX xmlns="http://www.garmin.com/xmlschemas/ActivityExtension/v2">
      <ns3:Speed>
      2.689804677913091
    </ns3:Speed><nax:Nax>
      <nax:Pace>
      6.196236776418148
    </nax:Pace>
    </nax:Nax>
    </TPX>
    </Extensions>
    </Trackpoint>
<Trackpoint>
      <Time>
      2025-09-06T16:10:14.538Z
    </Time><DistanceMeters>
      7.906391241354867
    </DistanceMeters><Cadence>
      159.43947315216064
    </Cadence><SensorState>
      Present
    </SensorState>
    </Trackpoint>
<Trackpoint>
      <Time>
      2025-09-06T16:10:16.999Z
    </Time><Position>
      <LatitudeDegrees>
      47.60217630392266
    </LatitudeDegrees><LongitudeDegrees>
      -122.29251849054805
    </LongitudeDegrees>
    </Position><AltitudeMeters>
      80.13563822209835
    </AltitudeMeters><SensorState>
      Present
    </SensorState>
    </Trackpoint>
<Trackpoint>
      <Time>
      2025-09-06T16:10:17.092Z
    </Time><SensorState>
      Present
    </SensorState><Extensions>
      <TPX xmlns="http://www.garmin.com/xmlschemas/ActivityExtension/v2">
      <ns3:Speed>
      2.716349728053835
    </ns3:Speed><nax:Nax>
      <nax:Pace>
      6.135685141915699
    </nax:Pace>
    </nax:Nax>
    </TPX>
    </Extensions>
    </Trackpoint>
<Trackpoint>
      <Time>
      2025-09-06T16:10:17.093Z
    </Time><DistanceMeters>
      8.061054350109771
    </DistanceMeters><Cadence>
      159.2508029937744
    </Cadence><SensorState>
      Present
    </SensorState>
    </Trackpoint>
<Trackpoint>
      <Time>
      2025-09-06T16:10:17.355Z
    </Time><SensorState>
      Present
    </SensorState><Extensions>
      <TPX xmlns="http://www.garmin.com/xmlschemas/ActivityExtension/v2">
      <nax:Nax>
      <nax:AscentInMeters>
      0.04227447509765625
    </nax:AscentInMeters>
    </nax:Nax>
    </TPX>
    </Extensions>
    </Trackpoint>
<Trackpoint>
      <Time>
      2025-09-06T16:10:18.415Z
    </Time><SensorState>
      Present
    </SensorState><Extensions>
      <TPX xmlns="http://www.garmin.com/xmlschemas/ActivityExtension/v2">
      <nax:Nax>
      <nax:AscentInMeters>
      0.050201416015625
    </nax:AscentInMeters>
    </nax:Nax>
    </TPX>
    </Extensions>
    </Trackpoint>
<Trackpoint>
      <Time>
      2025-09-06T16:10:19.475Z
    </Time><SensorState>
      Present
    </SensorState><Extensions>
      <TPX xmlns="http://www.garmin.com/xmlschemas/ActivityExtension/v2">
      <nax:Nax>
      <nax:AscentInMeters>
      0.0290679931640625
    </nax:AscentInMeters>
    </nax:Nax>
    </TPX>
    </Extensions>
    </Trackpoint>
<Trackpoint>
      <Time>
      2025-09-06T16:10:19.648Z
    </Time><SensorState>
      Present
    </SensorState><Extensions>
      <TPX xmlns="http://www.garmin.com/xmlschemas/ActivityExtension/v2">
      <ns3:Speed>
      2.7165297385538203
    </ns3:Speed><nax:Nax>
      <nax:Pace>
      6.135278561514804
    </nax:Pace>
    </nax:Nax>
    </TPX>
    </Extensions>
    </Trackpoint>
<Trackpoint>
      <Time>
      2025-09-06T16:10:19.649Z
    </Time><DistanceMeters>
      7.458923900034279
    </DistanceMeters><Cadence>
      159.89509105682373
    </Cadence><SensorState>
      Present
    </SensorState>
    </Trackpoint>
<Trackpoint>
      <Time>
      2025-09-06T16:10:20.534Z
    </Time><SensorState>
      Present
    </SensorState><Extensions>
      <TPX xmlns="http://www.garmin.com/xmlschemas/ActivityExtension/v2">
      <nax:Nax>
      <nax:AscentInMeters>
      0.031707763671875
    </nax:AscentInMeters>
    </nax:Nax>
    </TPX>
    </Extensions>
    </Trackpoint>
<Trackpoint>
      <Time>
      2025-09-06T16:10:20.999Z
    </Time><Position>
      <LatitudeDegrees>
      47.6022845615005
    </LatitudeDegrees><LongitudeDegrees>
      -122.29250716981436
    </LongitudeDegrees>
    </Position><AltitudeMeters>
      81.1320161242038
    </AltitudeMeters><SensorState>
      Present
    </SensorState>
    </Trackpoint>
<Trackpoint>
      <Time>
      2025-09-06T16:10:21.000Z
    </Time><SensorState>
      Present
    </SensorState><Extensions>
      <TPX xmlns="http://www.garmin.com/xmlschemas/ActivityExtension/v2">
      <nax:Nax>
      <nax:NikeFuel>
      7.45080409596909
    </nax:NikeFuel>
    </nax:Nax>
    </TPX>
    </Extensions>
    </Trackpoint>
<Trackpoint>
      <Time>
      2025-09-06T16:10:21.595Z
    </Time><SensorState>
      Present
    </SensorState><Extensions>
      <TPX xmlns="http://www.garmin.com/xmlschemas/ActivityExtension/v2">
      <nax:Nax>
      <nax:AscentInMeters>
      0.04227447509765625
    </nax:AscentInMeters>
    </nax:Nax>
    </TPX>
    </Extensions>
    </Trackpoint>
<Trackpoint>
      <Time>
      2025-09-06T16:10:22.203Z
    </Time><SensorState>
      Present
    </SensorState><Extensions>
      <TPX xmlns="http://www.garmin.com/xmlschemas/ActivityExtension/v2">
      <ns3:Speed>
      2.7319853740984055
    </ns3:Speed><nax:Nax>
      <nax:Pace>
      6.1005695069531285
    </nax:Pace>
    </nax:Nax>
    </TPX>
    </Extensions>
    </Trackpoint>
<Trackpoint>
      <Time>
      2025-09-06T16:10:22.204Z
    </Time><DistanceMeters>
      6.1762941905763
    </DistanceMeters><Cadence>
      160.53550243377686
    </Cadence><SensorState>
      Present
    </SensorState>
    </Trackpoint>
<Trackpoint>
      <Time>
      2025-09-06T16:10:22.655Z
    </Time><SensorState>
      Present
    </SensorState><Extensions>
      <TPX xmlns="http://www.garmin.com/xmlschemas/ActivityExtension/v2">
      <nax:Nax>
      <nax:AscentInMeters>
      0.02378082275390625
    </nax:AscentInMeters>
    </nax:Nax>
    </TPX>
    </Extensions>
    </Trackpoint>
<Trackpoint>
      <Time>
      2025-09-06T16:10:23.715Z
    </Time><SensorState>
      Present
    </SensorState><Extensions>
      <TPX xmlns="http://www.garmin.com/xmlschemas/ActivityExtension/v2">
      <nax:Nax>
      <nax:AscentInMeters>
      0.00792694091796875
    </nax:AscentInMeters>
    </nax:Nax>
    </TPX>
    </Extensions>
    </Trackpoint>
<Trackpoint>
      <Time>
      2025-09-06T16:10:24.758Z
    </Time><DistanceMeters>
      6.617798949824646
    </DistanceMeters><SensorState>
      Present
    </SensorState><Extensions>
      <TPX xmlns="http://www.garmin.com/xmlschemas/ActivityExtension/v2">
      <ns3:Speed>
      2.744007333461484
    </ns3:Speed><nax:Nax>
      <nax:Pace>
      6.073841882063106
    </nax:Pace>
    </nax:Nax>
    </TPX>
    </Extensions>
    </Trackpoint>
<Trackpoint>
      <Time>
      2025-09-06T16:10:24.759Z
    </Time><Cadence>
      160.92095375061035
    </Cadence><SensorState>
      Present
    </SensorState>
    </Trackpoint>
<Trackpoint>
      <Time>
      2025-09-06T16:10:24.775Z
    </Time><SensorState>
      Present
    </SensorState><Extensions>
      <TPX xmlns="http://www.garmin.com/xmlschemas/ActivityExtension/v2">
      <nax:Nax>
      <nax:AscentInMeters>
      0.03699493408203125
    </nax:AscentInMeters>
    </nax:Nax>
    </TPX>
    </Extensions>
    </Trackpoint>
<Trackpoint>
      <Time>
      2025-09-06T16:10:25.835Z
    </Time><SensorState>
      Present
    </SensorState><Extensions>
      <TPX xmlns="http://www.garmin.com/xmlschemas/ActivityExtension/v2">
      <nax:Nax>
      <nax:AscentInMeters>
      0.02642059326171875
    </nax:AscentInMeters>
    </nax:Nax>
    </TPX>
    </Extensions>
    </Trackpoint>
<Trackpoint>
      <Time>
      2025-09-06T16:10:25.999Z
    </Time><Position>
      <LatitudeDegrees>
      47.602395847565276
    </LatitudeDegrees><LongitudeDegrees>
      -122.29248009061664
    </LongitudeDegrees>
    </Position><AltitudeMeters>
      80.57162367925048
    </AltitudeMeters><SensorState>
      Present
    </SensorState>
    </Trackpoint>
<Trackpoint>
      <Time>
      2025-09-06T16:10:26.895Z
    </Time><SensorState>
      Present
    </SensorState><Extensions>
      <TPX xmlns="http://www.garmin.com/xmlschemas/ActivityExtension/v2">
      <nax:Nax>
      <nax:AscentInMeters>
      0.00792694091796875
    </nax:AscentInMeters>
    </nax:Nax>
    </TPX>
    </Extensions>
    </Trackpoint>
<Trackpoint>
      <Time>
      2025-09-06T16:10:27.314Z
    </Time><SensorState>
      Present
    </SensorState><Extensions>
      <TPX xmlns="http://www.garmin.com/xmlschemas/ActivityExtension/v2">
      <ns3:Speed>
      3.0062262455579587
    </ns3:Speed><nax:Nax>
      <nax:Pace>
      5.544049351339927
    </nax:Pace>
    </nax:Nax>
    </TPX>
    </Extensions>
    </Trackpoint>
<Trackpoint>
      <Time>
      2025-09-06T16:10:27.315Z
    </Time><DistanceMeters>
      6.7641101609915495
    </DistanceMeters><Cadence>
      161.1205816268921
    </Cadence><SensorState>
      Present
    </SensorState>
    </Trackpoint>
<Trackpoint>
      <Time>
      2025-09-06T16:10:27.955Z
    </Time><SensorState>
      Present
    </SensorState><Extensions>
      <TPX xmlns="http://www.garmin.com/xmlschemas/ActivityExtension/v2">
      <nax:Nax>
      <nax:AscentInMeters>
      0.02114105224609375
    </nax:AscentInMeters>
    </nax:Nax>
    </TPX>
    </Extensions>
    </Trackpoint>
<Trackpoint>
      <Time>
      2025-09-06T16:10:29.014Z
    </Time><SensorState>
      Present
    </SensorState><Extensions>
      <TPX xmlns="http://www.garmin.com/xmlschemas/ActivityExtension/v2">
      <nax:Nax>
      <nax:AscentInMeters>
      0.03963470458984375
    </nax:AscentInMeters>
    </nax:Nax>
    </TPX>
    </Extensions>
    </Trackpoint>
<Trackpoint>
      <Time>
      2025-09-06T16:10:29.869Z
    </Time><SensorState>
      Present
    </SensorState><Extensions>
      <TPX xmlns="http://www.garmin.com/xmlschemas/ActivityExtension/v2">
      <ns3:Speed>
      2.991523909141237
    </ns3:Speed><nax:Nax>
      <nax:Pace>
      5.571296493983593
    </nax:Pace>
    </nax:Nax>
    </TPX>
    </Extensions>
    </Trackpoint>
<Trackpoint>
      <Time>
      2025-09-06T16:10:29.870Z
    </Time><DistanceMeters>
      5.4519714957568794
    </DistanceMeters><Cadence>
      161.3921070098877
    </Cadence><SensorState>
      Present
    </SensorState>
    </Trackpoint>
<Trackpoint>
      <Time>
      2025-09-06T16:10:29.999Z
    </Time><Position>
      <LatitudeDegrees>
      47.60248685108343
    </LatitudeDegrees><LongitudeDegrees>
      -122.2924804338149
    </LongitudeDegrees>
    </Position><AltitudeMeters>
      80.98791207838804
    </AltitudeMeters><SensorState>
      Present
    </SensorState>
    </Trackpoint>
<Trackpoint>
      <Time>
      2025-09-06T16:10:30.074Z
    </Time><SensorState>
      Present
    </SensorState><Extensions>
      <TPX xmlns="http://www.garmin.com/xmlschemas/ActivityExtension/v2">
      <nax:Nax>
      <nax:AscentInMeters>
      0.04227447509765625
    </nax:AscentInMeters>
    </nax:Nax>
    </TPX>
    </Extensions>
    </Trackpoint>
<Trackpoint>
      <Time>
      2025-09-06T16:10:31.000Z
    </Time><SensorState>
      Present
    </SensorState><Extensions>
      <TPX xmlns="http://www.garmin.com/xmlschemas/ActivityExtension/v2">
      <nax:Nax>
      <nax:NikeFuel>
      7.593949824946558
    </nax:NikeFuel>
    </nax:Nax>
    </TPX>
    </Extensions>
    </Trackpoint>
<Trackpoint>
      <Time>
      2025-09-06T16:10:31.135Z
    </Time><SensorState>
      Present
    </SensorState><Extensions>
      <TPX xmlns="http://www.garmin.com/xmlschemas/ActivityExtension/v2">
      <nax:Nax>
      <nax:AscentInMeters>
      0.02114105224609375
    </nax:AscentInMeters>
    </nax:Nax>
    </TPX>
    </Extensions>
    </Trackpoint>
<Trackpoint>
      <Time>
      2025-09-06T16:10:32.195Z
    </Time><SensorState>
      Present
    </SensorState><Extensions>
      <TPX xmlns="http://www.garmin.com/xmlschemas/ActivityExtension/v2">
      <nax:Nax>
      <nax:AscentInMeters>
      0.03699493408203125
    </nax:AscentInMeters>
    </nax:Nax>
    </TPX>
    </Extensions>
    </Trackpoint>
<Trackpoint>
      <Time>
      2025-09-06T16:10:32.425Z
    </Time><SensorState>
      Present
    </SensorState><Extensions>
      <TPX xmlns="http://www.garmin.com/xmlschemas/ActivityExtension/v2">
      <ns3:Speed>
      2.948811259805629
    </ns3:Speed><nax:Nax>
      <nax:Pace>
      5.651995057752612
    </nax:Pace>
    </nax:Nax>
    </TPX>
    </Extensions>
    </Trackpoint>
<Trackpoint>
      <Time>
      2025-09-06T16:10:32.426Z
    </Time><DistanceMeters>
      8.223927316488698
    </DistanceMeters><Cadence>
      161.32920742034912
    </Cadence><SensorState>
      Present
    </SensorState>
    </Trackpoint>
<Trackpoint>
      <Time>
      2025-09-06T16:10:33.255Z
    </Time><SensorState>
      Present
    </SensorState><Extensions>
      <TPX xmlns="http://www.garmin.com/xmlschemas/ActivityExtension/v2">
      <nax:Nax>
      <nax:AscentInMeters>
      0.0369873046875
    </nax:AscentInMeters>
    </nax:Nax>
    </TPX>
    </Extensions>
    </Trackpoint>
<Trackpoint>
      <Time>
      2025-09-06T16:10:33.999Z
    </Time><Position>
      <LatitudeDegrees>
      47.602587418808085
    </LatitudeDegrees><LongitudeDegrees>
      -122.29249043518801
    </LongitudeDegrees>
    </Position><AltitudeMeters>
      80.98719961382449
    </AltitudeMeters><SensorState>
      Present
    </SensorState>
    </Trackpoint>
<Trackpoint>
      <Time>
      2025-09-06T16:10:34.315Z
    </Time><SensorState>
      Present
    </SensorState><Extensions>
      <TPX xmlns="http://www.garmin.com/xmlschemas/ActivityExtension/v2">
      <nax:Nax>
      <nax:AscentInMeters>
      0.0290679931640625
    </nax:AscentInMeters>
    </nax:Nax>
    </TPX>
    </Extensions>
    </Trackpoint>
<Trackpoint>
      <Time>
      2025-09-06T16:10:34.980Z
    </Time><SensorState>
      Present
    </SensorState><Extensions>
      <TPX xmlns="http://www.garmin.com/xmlschemas/ActivityExtension/v2">
      <ns3:Speed>
      2.932002300073052
    </ns3:Speed><nax:Nax>
      <nax:Pace>
      5.684397541656571
    </nax:Pace>
    </nax:Nax>
    </TPX>
    </Extensions>
    </Trackpoint>
<Trackpoint>
      <Time>
      2025-09-06T16:10:34.981Z
    </Time><DistanceMeters>
      7.440849260194227
    </DistanceMeters><Cadence>
      161.27550601959229
    </Cadence><SensorState>
      Present
    </SensorState>
    </Trackpoint>
<Trackpoint>
      <Time>
      2025-09-06T16:10:35.375Z
    </Time><SensorState>
      Present
    </SensorState><Extensions>
      <TPX xmlns="http://www.garmin.com/xmlschemas/ActivityExtension/v2">
      <nax:Nax>
      <nax:AscentInMeters>
      0.02378082275390625
    </nax:AscentInMeters>
    </nax:Nax>
    </TPX>
    </Extensions>
    </Trackpoint>
<Trackpoint>
      <Time>
      2025-09-06T16:10:36.435Z
    </Time><SensorState>
      Present
    </SensorState><Extensions>
      <TPX xmlns="http://www.garmin.com/xmlschemas/ActivityExtension/v2">
      <nax:Nax>
      <nax:AscentInMeters>
      0.0290679931640625
    </nax:AscentInMeters>
    </nax:Nax>
    </TPX>
    </Extensions>
    </Trackpoint>
<Trackpoint>
      <Time>
      2025-09-06T16:10:37.495Z
    </Time><SensorState>
      Present
    </SensorState><Extensions>
      <TPX xmlns="http://www.garmin.com/xmlschemas/ActivityExtension/v2">
      <nax:Nax>
      <nax:AscentInMeters>
      0.0343475341796875
    </nax:AscentInMeters>
    </nax:Nax>
    </TPX>
    </Extensions>
    </Trackpoint>
<Trackpoint>
      <Time>
      2025-09-06T16:10:37.535Z
    </Time><SensorState>
      Present
    </SensorState><Extensions>
      <TPX xmlns="http://www.garmin.com/xmlschemas/ActivityExtension/v2">
      <ns3:Speed>
      2.918378626295453
    </ns3:Speed><nax:Nax>
      <nax:Pace>
      5.710933638457696
    </nax:Pace>
    </nax:Nax>
    </TPX>
    </Extensions>
    </Trackpoint>
<Trackpoint>
      <Time>
      2025-09-06T16:10:37.536Z
    </Time><DistanceMeters>
      7.685274951625615
    </DistanceMeters><Cadence>
      161.1452293395996
    </Cadence><SensorState>
      Present
    </SensorState>
    </Trackpoint>
<Trackpoint>
      <Time>
      2025-09-06T16:10:37.999Z
    </Time><Position>
      <LatitudeDegrees>
      47.60268607567462
    </LatitudeDegrees><LongitudeDegrees>
      -122.29249077896097
    </LongitudeDegrees>
    </Position><AltitudeMeters>
      81.87197731621563
    </AltitudeMeters><SensorState>
      Present
    </SensorState>
    </Trackpoint>
<Trackpoint>
      <Time>
      2025-09-06T16:10:38.554Z
    </Time><SensorState>
      Present
    </SensorState><Extensions>
      <TPX xmlns="http://www.garmin.com/xmlschemas/ActivityExtension/v2">
      <nax:Nax>
      <nax:AscentInMeters>
      0.0158538818359375
    </nax:AscentInMeters>
    </nax:Nax>
    </TPX>
    </Extensions>
    </Trackpoint>
<Trackpoint>
      <Time>
      2025-09-06T16:10:40.091Z
    </Time><SensorState>
      Present
    </SensorState><Extensions>
      <TPX xmlns="http://www.garmin.com/xmlschemas/ActivityExtension/v2">
      <ns3:Speed>
      2.909890962114495
    </ns3:Speed><nax:Nax>
      <nax:Pace>
      5.727591474615153
    </nax:Pace>
    </nax:Nax>
    </TPX>
    </Extensions>
    </Trackpoint>
<Trackpoint>
      <Time>
      2025-09-06T16:10:40.092Z
    </Time><DistanceMeters>
      6.225914570502937
    </DistanceMeters><Cadence>
      161.26732349395752
    </Cadence><SensorState>
      Present
    </SensorState>
    </Trackpoint>
<Trackpoint>
      <Time>
      2025-09-06T16:10:40.675Z
    </Time><SensorState>
      Present
    </SensorState><Extensions>
      <TPX xmlns="http://www.garmin.com/xmlschemas/ActivityExtension/v2">
      <nax:Nax>
      <nax:AscentInMeters>
      0.01849365234375
    </nax:AscentInMeters>
    </nax:Nax>
    </TPX>
    </Extensions>
    </Trackpoint>
<Trackpoint>
      <Time>
      2025-09-06T16:10:41.000Z
    </Time><SensorState>
      Present
    </SensorState><Extensions>
      <TPX xmlns="http://www.garmin.com/xmlschemas/ActivityExtension/v2">
      <nax:Nax>
      <nax:NikeFuel>
      7.467000134571095
    </nax:NikeFuel>
    </nax:Nax>
    </TPX>
    </Extensions>
    </Trackpoint>
<Trackpoint>
      <Time>
      2025-09-06T16:10:41.734Z
    </Time><SensorState>
      Present
    </SensorState><Extensions>
      <TPX xmlns="http://www.garmin.com/xmlschemas/ActivityExtension/v2">
      <nax:Nax>
      <nax:AscentInMeters>
      0.05548858642578125
    </nax:AscentInMeters>
    </nax:Nax>
    </TPX>
    </Extensions>
    </Trackpoint>
<Trackpoint>
      <Time>
      2025-09-06T16:10:41.999Z
    </Time><Position>
      <LatitudeDegrees>
      47.60278173768459
    </LatitudeDegrees><LongitudeDegrees>
      -122.29247906897405
    </LongitudeDegrees>
    </Position><AltitudeMeters>
      81.11019957158715
    </AltitudeMeters><SensorState>
      Present
    </SensorState>
    </Trackpoint>
<Trackpoint>
      <Time>
      2025-09-06T16:10:42.646Z
    </Time><DistanceMeters>
      5.030020552687347
    </DistanceMeters><SensorState>
      Present
    </SensorState><Extensions>
      <TPX xmlns="http://www.garmin.com/xmlschemas/ActivityExtension/v2">
      <ns3:Speed>
      2.892107023493676
    </ns3:Speed><nax:Nax>
      <nax:Pace>
      5.7628111723657005
    </nax:Pace>
    </nax:Nax>
    </TPX>
    </Extensions>
    </Trackpoint>
<Trackpoint>
      <Time>
      2025-09-06T16:10:42.647Z
    </Time><Cadence>
      161.32826328277588
    </Cadence><SensorState>
      Present
    </SensorState>
    </Trackpoint>
<Trackpoint>
      <Time>
      2025-09-06T16:10:42.794Z
    </Time><SensorState>
      Present
    </SensorState><Extensions>
      <TPX xmlns="http://www.garmin.com/xmlschemas/ActivityExtension/v2">
      <nax:Nax>
      <nax:AscentInMeters>
      0.044921875
    </nax:AscentInMeters>
    </nax:Nax>
    </TPX>
    </Extensions>
    </Trackpoint>
<Trackpoint>
      <Time>
      2025-09-06T16:10:43.854Z
    </Time><SensorState>
      Present
    </SensorState><Extensions>
      <TPX xmlns="http://www.garmin.com/xmlschemas/ActivityExtension/v2">
      <nax:Nax>
      <nax:AscentInMeters>
      0.05548858642578125
    </nax:AscentInMeters>
    </nax:Nax>
    </TPX>
    </Extensions>
    </Trackpoint>
<Trackpoint>
      <Time>
      2025-09-06T16:10:44.914Z
    </Time><SensorState>
      Present
    </SensorState><Extensions>
      <TPX xmlns="http://www.garmin.com/xmlschemas/ActivityExtension/v2">
      <nax:Nax>
      <nax:AscentInMeters>
      0.05548858642578125
    </nax:AscentInMeters>
    </nax:Nax>
    </TPX>
    </Extensions>
    </Trackpoint>
<Trackpoint>
      <Time>
      2025-09-06T16:10:45.201Z
    </Time><SensorState>
      Present
    </SensorState><Extensions>
      <TPX xmlns="http://www.garmin.com/xmlschemas/ActivityExtension/v2">
      <ns3:Speed>
      2.8800948250727783
    </ns3:Speed><nax:Nax>
      <nax:Pace>
      5.786846502960371
    </nax:Pace>
    </nax:Nax>
    </TPX>
    </Extensions>
    </Trackpoint>
<Trackpoint>
      <Time>
      2025-09-06T16:10:45.202Z
    </Time><DistanceMeters>
      7.139850187348202
    </DistanceMeters><Cadence>
      161.42725467681885
    </Cadence><SensorState>
      Present
    </SensorState>
    </Trackpoint>
<Trackpoint>
      <Time>
      2025-09-06T16:10:45.974Z
    </Time><SensorState>
      Present
    </SensorState><Extensions>
      <TPX xmlns="http://www.garmin.com/xmlschemas/ActivityExtension/v2">
      <nax:Nax>
      <nax:AscentInMeters>
      0.095123291015625
    </nax:AscentInMeters>
    </nax:Nax>
    </TPX>
    </Extensions>
    </Trackpoint>
<Trackpoint>
      <Time>
      2025-09-06T16:10:45.999Z
    </Time><Position>
      <LatitudeDegrees>
      47.6028723697087
    </LatitudeDegrees><LongitudeDegrees>
      -122.29248544876924
    </LongitudeDegrees>
    </Position><AltitudeMeters>
      82.73102161101997
    </AltitudeMeters><SensorState>
      Present
    </SensorState>
    </Trackpoint>
<Trackpoint>
      <Time>
      2025-09-06T16:10:47.034Z
    </Time><SensorState>
      Present
    </SensorState><Extensions>
      <TPX xmlns="http://www.garmin.com/xmlschemas/ActivityExtension/v2">
      <nax:Nax>
      <nax:AscentInMeters>
      0.1056976318359375
    </nax:AscentInMeters>
    </nax:Nax>
    </TPX>
    </Extensions>
    </Trackpoint>
<Trackpoint>
      <Time>
      2025-09-06T16:10:47.757Z
    </Time><SensorState>
      Present
    </SensorState><Extensions>
      <TPX xmlns="http://www.garmin.com/xmlschemas/ActivityExtension/v2">
      <ns3:Speed>
      2.8697151471221023
    </ns3:Speed><nax:Nax>
      <nax:Pace>
      5.807777361938119
    </nax:Pace>
    </nax:Nax>
    </TPX>
    </Extensions>
    </Trackpoint>
<Trackpoint>
      <Time>
      2025-09-06T16:10:47.758Z
    </Time><DistanceMeters>
      6.847891078563407
    </DistanceMeters><Cadence>
      161.5156888961792
    </Cadence><SensorState>
      Present
    </SensorState>
    </Trackpoint>
<Trackpoint>
      <Time>
      2025-09-06T16:10:48.093Z
    </Time><SensorState>
      Present
    </SensorState><Extensions>
      <TPX xmlns="http://www.garmin.com/xmlschemas/ActivityExtension/v2">
      <nax:Nax>
      <nax:AscentInMeters>
      0.13739776611328125
    </nax:AscentInMeters>
    </nax:Nax>
    </TPX>
    </Extensions>
    </Trackpoint>
<Trackpoint>
      <Time>
      2025-09-06T16:10:49.154Z
    </Time><SensorState>
      Present
    </SensorState><Extensions>
      <TPX xmlns="http://www.garmin.com/xmlschemas/ActivityExtension/v2">
      <nax:Nax>
      <nax:AscentInMeters>
      0.158538818359375
    </nax:AscentInMeters>
    </nax:Nax>
    </TPX>
    </Extensions>
    </Trackpoint>
<Trackpoint>
      <Time>
      2025-09-06T16:10:49.999Z
    </Time><Position>
      <LatitudeDegrees>
      47.602963311037456
    </LatitudeDegrees><LongitudeDegrees>
      -122.29246692046101
    </LongitudeDegrees>
    </Position><AltitudeMeters>
      82.37016464397311
    </AltitudeMeters><SensorState>
      Present
    </SensorState>
    </Trackpoint>
<Trackpoint>
      <Time>
      2025-09-06T16:10:50.214Z
    </Time><SensorState>
      Present
    </SensorState><Extensions>
      <TPX xmlns="http://www.garmin.com/xmlschemas/ActivityExtension/v2">
      <nax:Nax>
      <nax:AscentInMeters>
      0.1717529296875
    </nax:AscentInMeters>
    </nax:Nax>
    </TPX>
    </Extensions>
    </Trackpoint>
<Trackpoint>
      <Time>
      2025-09-06T16:10:50.312Z
    </Time><SensorState>
      Present
    </SensorState><Extensions>
      <TPX xmlns="http://www.garmin.com/xmlschemas/ActivityExtension/v2">
      <ns3:Speed>
      2.8584531392413144
    </ns3:Speed><nax:Nax>
      <nax:Pace>
      5.830659400311283
    </nax:Pace>
    </nax:Nax>
    </TPX>
    </Extensions>
    </Trackpoint>
<Trackpoint>
      <Time>
      2025-09-06T16:10:50.313Z
    </Time><DistanceMeters>
      6.890620905673131
    </DistanceMeters><Cadence>
      161.5156888961792
    </Cadence><SensorState>
      Present
    </SensorState>
    </Trackpoint>
<Trackpoint>
      <Time>
      2025-09-06T16:10:51.000Z
    </Time><SensorState>
      Present
    </SensorState><Extensions>
      <TPX xmlns="http://www.garmin.com/xmlschemas/ActivityExtension/v2">
      <nax:Nax>
      <nax:NikeFuel>
      7.360875181201605
    </nax:NikeFuel>
    </nax:Nax>
    </TPX>
    </Extensions>
    </Trackpoint>
<Trackpoint>
      <Time>
      2025-09-06T16:10:51.274Z
    </Time><SensorState>
      Present
    </SensorState><Extensions>
      <TPX xmlns="http://www.garmin.com/xmlschemas/ActivityExtension/v2">
      <nax:Nax>
      <nax:AscentInMeters>
      0.16910552978515625
    </nax:AscentInMeters>
    </nax:Nax>
    </TPX>
    </Extensions>
    </Trackpoint>
<Trackpoint>
      <Time>
      2025-09-06T16:10:52.334Z
    </Time><SensorState>
      Present
    </SensorState><Extensions>
      <TPX xmlns="http://www.garmin.com/xmlschemas/ActivityExtension/v2">
      <nax:Nax>
      <nax:AscentInMeters>
      0.16646575927734375
    </nax:AscentInMeters>
    </nax:Nax>
    </TPX>
    </Extensions>
    </Trackpoint>
<Trackpoint>
      <Time>
      2025-09-06T16:10:52.868Z
    </Time><SensorState>
      Present
    </SensorState><Extensions>
      <TPX xmlns="http://www.garmin.com/xmlschemas/ActivityExtension/v2">
      <ns3:Speed>
      2.847351714589524
    </ns3:Speed><nax:Nax>
      <nax:Pace>
      5.853392322862138
    </nax:Pace>
    </nax:Nax>
    </TPX>
    </Extensions>
    </Trackpoint>
<Trackpoint>
      <Time>
      2025-09-06T16:10:52.869Z
    </Time><DistanceMeters>
      7.308320559561253
    </DistanceMeters><Cadence>
      161.3419246673584
    </Cadence><SensorState>
      Present
    </SensorState>
    </Trackpoint>
<Trackpoint>
      <Time>
      2025-09-06T16:10:53.394Z
    </Time><SensorState>
      Present
    </SensorState><Extensions>
      <TPX xmlns="http://www.garmin.com/xmlschemas/ActivityExtension/v2">
      <nax:Nax>
      <nax:AscentInMeters>
      0.177032470703125
    </nax:AscentInMeters>
    </nax:Nax>
    </TPX>
    </Extensions>
    </Trackpoint>
<Trackpoint>
      <Time>
      2025-09-06T16:10:53.999Z
    </Time><Position>
      <LatitudeDegrees>
      47.603064025604866
    </LatitudeDegrees><LongitudeDegrees>
      -122.29246138463408
    </LongitudeDegrees>
    </Position><AltitudeMeters>
      81.90303656831384
    </AltitudeMeters><SensorState>
      Present
    </SensorState>
    </Trackpoint>
<Trackpoint>
      <Time>
      2025-09-06T16:10:54.453Z
    </Time><SensorState>
      Present
    </SensorState><Extensions>
      <TPX xmlns="http://www.garmin.com/xmlschemas/ActivityExtension/v2">
      <nax:Nax>
      <nax:AscentInMeters>
      0.22196197509765625
    </nax:AscentInMeters>
    </nax:Nax>
    </TPX>
    </Extensions>
    </Trackpoint>
<Trackpoint>
      <Time>
      2025-09-06T16:10:55.423Z
    </Time><SensorState>
      Present
    </SensorState><Extensions>
      <TPX xmlns="http://www.garmin.com/xmlschemas/ActivityExtension/v2">
      <ns3:Speed>
      2.837866051265769
    </ns3:Speed><nax:Nax>
      <nax:Pace>
      5.872957484809002
    </nax:Pace>
    </nax:Nax>
    </TPX>
    </Extensions>
    </Trackpoint>
<Trackpoint>
      <Time>
      2025-09-06T16:10:55.424Z
    </Time><DistanceMeters>
      5.824394555063918
    </DistanceMeters><Cadence>
      161.3419246673584
    </Cadence><SensorState>
      Present
    </SensorState>
    </Trackpoint>
<Trackpoint>
      <Time>
      2025-09-06T16:10:55.513Z
    </Time><SensorState>
      Present
    </SensorState><Extensions>
      <TPX xmlns="http://www.garmin.com/xmlschemas/ActivityExtension/v2">
      <nax:Nax>
      <nax:AscentInMeters>
      0.19817352294921875
    </nax:AscentInMeters>
    </nax:Nax>
    </TPX>
    </Extensions>
    </Trackpoint>
<Trackpoint>
      <Time>
      2025-09-06T16:10:56.573Z
    </Time><SensorState>
      Present
    </SensorState><Extensions>
      <TPX xmlns="http://www.garmin.com/xmlschemas/ActivityExtension/v2">
      <nax:Nax>
      <nax:AscentInMeters>
      0.15061187744140625
    </nax:AscentInMeters>
    </nax:Nax>
    </TPX>
    </Extensions>
    </Trackpoint>
<Trackpoint>
      <Time>
      2025-09-06T16:10:57.633Z
    </Time><SensorState>
      Present
    </SensorState><Extensions>
      <TPX xmlns="http://www.garmin.com/xmlschemas/ActivityExtension/v2">
      <nax:Nax>
      <nax:AscentInMeters>
      0.12418365478515625
    </nax:AscentInMeters>
    </nax:Nax>
    </TPX>
    </Extensions>
    </Trackpoint>
<Trackpoint>
      <Time>
      2025-09-06T16:10:57.978Z
    </Time><SensorState>
      Present
    </SensorState><Extensions>
      <TPX xmlns="http://www.garmin.com/xmlschemas/ActivityExtension/v2">
      <ns3:Speed>
      2.8272282889554656
    </ns3:Speed><nax:Nax>
      <nax:Pace>
      5.895055143503907
    </nax:Pace>
    </nax:Nax>
    </TPX>
    </Extensions>
    </Trackpoint>
<Trackpoint>
      <Time>
      2025-09-06T16:10:57.979Z
    </Time><DistanceMeters>
      5.647117728134617
    </DistanceMeters><Cadence>
      161.3419246673584
    </Cadence><SensorState>
      Present
    </SensorState>
    </Trackpoint>
<Trackpoint>
      <Time>
      2025-09-06T16:10:58.692Z
    </Time><SensorState>
      Present
    </SensorState><Extensions>
      <TPX xmlns="http://www.garmin.com/xmlschemas/ActivityExtension/v2">
      <nax:Nax>
      <nax:AscentInMeters>
      0.11362457275390625
    </nax:AscentInMeters>
    </nax:Nax>
    </TPX>
    </Extensions>
    </Trackpoint>
<Trackpoint>
      <Time>
      2025-09-06T16:10:58.999Z
    </Time><Position>
      <LatitudeDegrees>
      47.60316239103935
    </LatitudeDegrees><LongitudeDegrees>
      -122.29251581859465
    </LongitudeDegrees>
    </Position><AltitudeMeters>
      82.03415996022522
    </AltitudeMeters><SensorState>
      Present
    </SensorState>
    </Trackpoint>
<Trackpoint>
      <Time>
      2025-09-06T16:10:59.753Z
    </Time><SensorState>
      Present
    </SensorState><Extensions>
      <TPX xmlns="http://www.garmin.com/xmlschemas/ActivityExtension/v2">
      <nax:Nax>
      <nax:AscentInMeters>
      0.08983612060546875
    </nax:AscentInMeters>
    </nax:Nax>
    </TPX>
    </Extensions>
    </Trackpoint>
<Trackpoint>
      <Time>
      2025-09-06T16:11:00.534Z
    </Time><DistanceMeters>
      5.487959961174056
    </DistanceMeters><SensorState>
      Present
    </SensorState><Extensions>
      <TPX xmlns="http://www.garmin.com/xmlschemas/ActivityExtension/v2">
      <ns3:Speed>
      2.813448201172152
    </ns3:Speed><nax:Nax>
      <nax:Pace>
      5.923928743284814
    </nax:Pace>
    </nax:Nax>
    </TPX>
    </Extensions>
    </Trackpoint>
<Trackpoint>
      <Time>
      2025-09-06T16:11:00.535Z
    </Time><Cadence>
      161.3419246673584
    </Cadence><SensorState>
      Present
    </SensorState>
    </Trackpoint>
<Trackpoint>
      <Time>
      2025-09-06T16:11:00.813Z
    </Time><SensorState>
      Present
    </SensorState><Extensions>
      <TPX xmlns="http://www.garmin.com/xmlschemas/ActivityExtension/v2">
      <nax:Nax>
      <nax:AscentInMeters>
      0.10041046142578125
    </nax:AscentInMeters>
    </nax:Nax>
    </TPX>
    </Extensions>
    </Trackpoint>
<Trackpoint>
      <Time>
      2025-09-06T16:11:01.000Z
    </Time><SensorState>
      Present
    </SensorState><Extensions>
      <TPX xmlns="http://www.garmin.com/xmlschemas/ActivityExtension/v2">
      <nax:Nax>
      <nax:NikeFuel>
      7.243299953898799
    </nax:NikeFuel>
    </nax:Nax>
    </TPX>
    </Extensions>
    </Trackpoint>
<Trackpoint>
      <Time>
      2025-09-06T16:11:01.873Z
    </Time><SensorState>
      Present
    </SensorState><Extensions>
      <TPX xmlns="http://www.garmin.com/xmlschemas/ActivityExtension/v2">
      <nax:Nax>
      <nax:AscentInMeters>
      0.1294708251953125
    </nax:AscentInMeters>
    </nax:Nax>
    </TPX>
    </Extensions>
    </Trackpoint>
<Trackpoint>
      <Time>
      2025-09-06T16:11:02.933Z
    </Time><SensorState>
      Present
    </SensorState><Extensions>
      <TPX xmlns="http://www.garmin.com/xmlschemas/ActivityExtension/v2">
      <nax:Nax>
      <nax:AscentInMeters>
      0.15061187744140625
    </nax:AscentInMeters>
    </nax:Nax>
    </TPX>
    </Extensions>
    </Trackpoint>
<Trackpoint>
      <Time>
      2025-09-06T16:11:03.089Z
    </Time><SensorState>
      Present
    </SensorState><Extensions>
      <TPX xmlns="http://www.garmin.com/xmlschemas/ActivityExtension/v2">
      <ns3:Speed>
      2.7964385538704692
    </ns3:Speed><nax:Nax>
      <nax:Pace>
      5.959961696136258
    </nax:Pace>
    </nax:Nax>
    </TPX>
    </Extensions>
    </Trackpoint>
<Trackpoint>
      <Time>
      2025-09-06T16:11:03.090Z
    </Time><DistanceMeters>
      7.491739769699052
    </DistanceMeters><Cadence>
      157.00113773345947
    </Cadence><SensorState>
      Present
    </SensorState>
    </Trackpoint>
<Trackpoint>
      <Time>
      2025-09-06T16:11:03.993Z
    </Time><SensorState>
      Present
    </SensorState><Extensions>
      <TPX xmlns="http://www.garmin.com/xmlschemas/ActivityExtension/v2">
      <nax:Nax>
      <nax:AscentInMeters>
      0.11890411376953125
    </nax:AscentInMeters>
    </nax:Nax>
    </TPX>
    </Extensions>
    </Trackpoint>
<Trackpoint>
      <Time>
      2025-09-06T16:11:03.999Z
    </Time><Position>
      <LatitudeDegrees>
      47.60324144065739
    </LatitudeDegrees><LongitudeDegrees>
      -122.29261926414647
    </LongitudeDegrees>
    </Position><AltitudeMeters>
      82.92373888473958
    </AltitudeMeters><SensorState>
      Present
    </SensorState>
    </Trackpoint>
<Trackpoint>
      <Time>
      2025-09-06T16:11:05.053Z
    </Time><SensorState>
      Present
    </SensorState><Extensions>
      <TPX xmlns="http://www.garmin.com/xmlschemas/ActivityExtension/v2">
      <nax:Nax>
      <nax:AscentInMeters>
      0.0924835205078125
    </nax:AscentInMeters>
    </nax:Nax>
    </TPX>
    </Extensions>
    </Trackpoint>
<Trackpoint>
      <Time>
      2025-09-06T16:11:05.644Z
    </Time><SensorState>
      Present
    </SensorState><Extensions>
      <TPX xmlns="http://www.garmin.com/xmlschemas/ActivityExtension/v2">
      <ns3:Speed>
      2.7846035785252137
    </ns3:Speed><nax:Nax>
      <nax:Pace>
      5.985292411171034
    </nax:Pace>
    </nax:Nax>
    </TPX>
    </Extensions>
    </Trackpoint>
<Trackpoint>
      <Time>
      2025-09-06T16:11:05.645Z
    </Time><DistanceMeters>
      6.371737718116492
    </DistanceMeters><Cadence>
      152.6199245452881
    </Cadence><SensorState>
      Present
    </SensorState>
    </Trackpoint>
<Trackpoint>
      <Time>
      2025-09-06T16:11:06.113Z
    </Time><SensorState>
      Present
    </SensorState><Extensions>
      <TPX xmlns="http://www.garmin.com/xmlschemas/ActivityExtension/v2">
      <nax:Nax>
      <nax:AscentInMeters>
      0.10833740234375
    </nax:AscentInMeters>
    </nax:Nax>
    </TPX>
    </Extensions>
    </Trackpoint>
<Trackpoint>
      <Time>
      2025-09-06T16:11:07.172Z
    </Time><SensorState>
      Present
    </SensorState><Extensions>
      <TPX xmlns="http://www.garmin.com/xmlschemas/ActivityExtension/v2">
      <nax:Nax>
      <nax:AscentInMeters>
      0.15325164794921875
    </nax:AscentInMeters>
    </nax:Nax>
    </TPX>
    </Extensions>
    </Trackpoint>
<Trackpoint>
      <Time>
      2025-09-06T16:11:08.200Z
    </Time><SensorState>
      Present
    </SensorState><Extensions>
      <TPX xmlns="http://www.garmin.com/xmlschemas/ActivityExtension/v2">
      <ns3:Speed>
      2.779025047736809
    </ns3:Speed><nax:Nax>
      <nax:Pace>
      5.997307106044157
    </nax:Pace>
    </nax:Nax>
    </TPX>
    </Extensions>
    </Trackpoint>
<Trackpoint>
      <Time>
      2025-09-06T16:11:08.201Z
    </Time><DistanceMeters>
      4.672537119360641
    </DistanceMeters><Cadence>
      152.68239498138428
    </Cadence><SensorState>
      Present
    </SensorState>
    </Trackpoint>
<Trackpoint>
      <Time>
      2025-09-06T16:11:08.233Z
    </Time><SensorState>
      Present
    </SensorState><Extensions>
      <TPX xmlns="http://www.garmin.com/xmlschemas/ActivityExtension/v2">
      <nax:Nax>
      <nax:AscentInMeters>
      0.177032470703125
    </nax:AscentInMeters>
    </nax:Nax>
    </TPX>
    </Extensions>
    </Trackpoint>
<Trackpoint>
      <Time>
      2025-09-06T16:11:08.999Z
    </Time><Position>
      <LatitudeDegrees>
      47.60334900817026
    </LatitudeDegrees><LongitudeDegrees>
      -122.29263822196327
    </LongitudeDegrees>
    </Position><AltitudeMeters>
      83.91134354658425
    </AltitudeMeters><SensorState>
      Present
    </SensorState>
    </Trackpoint>
<Trackpoint>
      <Time>
      2025-09-06T16:11:09.293Z
    </Time><SensorState>
      Present
    </SensorState><Extensions>
      <TPX xmlns="http://www.garmin.com/xmlschemas/ActivityExtension/v2">
      <nax:Nax>
      <nax:AscentInMeters>
      0.2193145751953125
    </nax:AscentInMeters>
    </nax:Nax>
    </TPX>
    </Extensions>
    </Trackpoint>
<Trackpoint>
      <Time>
      2025-09-06T16:11:10.353Z
    </Time><SensorState>
      Present
    </SensorState><Extensions>
      <TPX xmlns="http://www.garmin.com/xmlschemas/ActivityExtension/v2">
      <nax:Nax>
      <nax:AscentInMeters>
      0.24573516845703125
    </nax:AscentInMeters>
    </nax:Nax>
    </TPX>
    </Extensions>
    </Trackpoint>
<Trackpoint>
      <Time>
      2025-09-06T16:11:10.755Z
    </Time><SensorState>
      Present
    </SensorState><Extensions>
      <TPX xmlns="http://www.garmin.com/xmlschemas/ActivityExtension/v2">
      <ns3:Speed>
      2.77252625003405
    </ns3:Speed><nax:Nax>
      <nax:Pace>
      6.01136478562177
    </nax:Pace>
    </nax:Nax>
    </TPX>
    </Extensions>
    </Trackpoint>
<Trackpoint>
      <Time>
      2025-09-06T16:11:10.756Z
    </Time><DistanceMeters>
      6.07012715912424
    </DistanceMeters><Cadence>
      152.91865825653076
    </Cadence><SensorState>
      Present
    </SensorState>
    </Trackpoint>
<Trackpoint>
      <Time>
      2025-09-06T16:11:11.000Z
    </Time><SensorState>
      Present
    </SensorState><Extensions>
      <TPX xmlns="http://www.garmin.com/xmlschemas/ActivityExtension/v2">
      <nax:Nax>
      <nax:NikeFuel>
      7.168656222155709
    </nax:NikeFuel>
    </nax:Nax>
    </TPX>
    </Extensions>
    </Trackpoint>
<Trackpoint>
      <Time>
      2025-09-06T16:11:11.413Z
    </Time><SensorState>
      Present
    </SensorState><Extensions>
      <TPX xmlns="http://www.garmin.com/xmlschemas/ActivityExtension/v2">
      <nax:Nax>
      <nax:AscentInMeters>
      0.2642364501953125
    </nax:AscentInMeters>
    </nax:Nax>
    </TPX>
    </Extensions>
    </Trackpoint>
<Trackpoint>
      <Time>
      2025-09-06T16:11:12.473Z
    </Time><SensorState>
      Present
    </SensorState><Extensions>
      <TPX xmlns="http://www.garmin.com/xmlschemas/ActivityExtension/v2">
      <nax:Nax>
      <nax:AscentInMeters>
      0.25101470947265625
    </nax:AscentInMeters>
    </nax:Nax>
    </TPX>
    </Extensions>
    </Trackpoint>
<Trackpoint>
      <Time>
      2025-09-06T16:11:13.310Z
    </Time><DistanceMeters>
      6.253300309181213
    </DistanceMeters><SensorState>
      Present
    </SensorState><Extensions>
      <TPX xmlns="http://www.garmin.com/xmlschemas/ActivityExtension/v2">
      <ns3:Speed>
      2.7651365778605146
    </ns3:Speed><nax:Nax>
      <nax:Pace>
      6.027429820324559
    </nax:Pace>
    </nax:Nax>
    </TPX>
    </Extensions>
    </Trackpoint>
<Trackpoint>
      <Time>
      2025-09-06T16:11:13.311Z
    </Time><Cadence>
      152.91865825653076
    </Cadence><SensorState>
      Present
    </SensorState>
    </Trackpoint>
<Trackpoint>
      <Time>
      2025-09-06T16:11:13.532Z
    </Time><SensorState>
      Present
    </SensorState><Extensions>
      <TPX xmlns="http://www.garmin.com/xmlschemas/ActivityExtension/v2">
      <nax:Nax>
      <nax:AscentInMeters>
      0.24309539794921875
    </nax:AscentInMeters>
    </nax:Nax>
    </TPX>
    </Extensions>
    </Trackpoint>
<Trackpoint>
      <Time>
      2025-09-06T16:11:13.999Z
    </Time><Position>
      <LatitudeDegrees>
      47.60345469726328
    </LatitudeDegrees><LongitudeDegrees>
      -122.29265441579217
    </LongitudeDegrees>
    </Position><AltitudeMeters>
      85.39430298283696
    </AltitudeMeters><SensorState>
      Present
    </SensorState>
    </Trackpoint>
<Trackpoint>
      <Time>
      2025-09-06T16:11:14.592Z
    </Time><SensorState>
      Present
    </SensorState><Extensions>
      <TPX xmlns="http://www.garmin.com/xmlschemas/ActivityExtension/v2">
      <nax:Nax>
      <nax:AscentInMeters>
      0.221954345703125
    </nax:AscentInMeters>
    </nax:Nax>
    </TPX>
    </Extensions>
    </Trackpoint>
<Trackpoint>
      <Time>
      2025-09-06T16:11:15.652Z
    </Time><SensorState>
      Present
    </SensorState><Extensions>
      <TPX xmlns="http://www.garmin.com/xmlschemas/ActivityExtension/v2">
      <nax:Nax>
      <nax:AscentInMeters>
      0.23516845703125
    </nax:AscentInMeters>
    </nax:Nax>
    </TPX>
    </Extensions>
    </Trackpoint>
<Trackpoint>
      <Time>
      2025-09-06T16:11:15.866Z
    </Time><SensorState>
      Present
    </SensorState><Extensions>
      <TPX xmlns="http://www.garmin.com/xmlschemas/ActivityExtension/v2">
      <ns3:Speed>
      2.757398248844493
    </ns3:Speed><nax:Nax>
      <nax:Pace>
      6.044345126298296
    </nax:Pace>
    </nax:Nax>
    </TPX>
    </Extensions>
    </Trackpoint>
<Trackpoint>
      <Time>
      2025-09-06T16:11:15.867Z
    </Time><DistanceMeters>
      5.326768408995122
    </DistanceMeters><Cadence>
      152.91865825653076
    </Cadence><SensorState>
      Present
    </SensorState>
    </Trackpoint>
<Trackpoint>
      <Time>
      2025-09-06T16:11:16.712Z
    </Time><SensorState>
      Present
    </SensorState><Extensions>
      <TPX xmlns="http://www.garmin.com/xmlschemas/ActivityExtension/v2">
      <nax:Nax>
      <nax:AscentInMeters>
      0.2245941162109375
    </nax:AscentInMeters>
    </nax:Nax>
    </TPX>
    </Extensions>
    </Trackpoint>
<Trackpoint>
      <Time>
      2025-09-06T16:11:17.771Z
    </Time><SensorState>
      Present
    </SensorState><Extensions>
      <TPX xmlns="http://www.garmin.com/xmlschemas/ActivityExtension/v2">
      <nax:Nax>
      <nax:AscentInMeters>
      0.23516845703125
    </nax:AscentInMeters>
    </nax:Nax>
    </TPX>
    </Extensions>
    </Trackpoint>
<Trackpoint>
      <Time>
      2025-09-06T16:11:18.421Z
    </Time><SensorState>
      Present
    </SensorState><Extensions>
      <TPX xmlns="http://www.garmin.com/xmlschemas/ActivityExtension/v2">
      <ns3:Speed>
      2.7485081007773733
    </ns3:Speed><nax:Nax>
      <nax:Pace>
      6.0638957774775175
    </nax:Pace>
    </nax:Nax>
    </TPX>
    </Extensions>
    </Trackpoint>
<Trackpoint>
      <Time>
      2025-09-06T16:11:18.422Z
    </Time><DistanceMeters>
      4.830358192324638
    </DistanceMeters><Cadence>
      152.91865825653076
    </Cadence><SensorState>
      Present
    </SensorState>
    </Trackpoint>
<Trackpoint>
      <Time>
      2025-09-06T16:11:18.832Z
    </Time><SensorState>
      Present
    </SensorState><Extensions>
      <TPX xmlns="http://www.garmin.com/xmlschemas/ActivityExtension/v2">
      <nax:Nax>
      <nax:AscentInMeters>
      0.24309539794921875
    </nax:AscentInMeters>
    </nax:Nax>
    </TPX>
    </Extensions>
    </Trackpoint>
<Trackpoint>
      <Time>
      2025-09-06T16:11:18.999Z
    </Time><Position>
      <LatitudeDegrees>
      47.60354584302067
    </LatitudeDegrees><LongitudeDegrees>
      -122.29267535111912
    </LongitudeDegrees>
    </Position><AltitudeMeters>
      86.81371348444372
    </AltitudeMeters><SensorState>
      Present
    </SensorState>
    </Trackpoint>
<Trackpoint>
      <Time>
      2025-09-06T16:11:19.892Z
    </Time><SensorState>
      Present
    </SensorState><Extensions>
      <TPX xmlns="http://www.garmin.com/xmlschemas/ActivityExtension/v2">
      <nax:Nax>
      <nax:AscentInMeters>
      0.240447998046875
    </nax:AscentInMeters>
    </nax:Nax>
    </TPX>
    </Extensions>
    </Trackpoint>
<Trackpoint>
      <Time>
      2025-09-06T16:11:20.952Z
    </Time><SensorState>
      Present
    </SensorState><Extensions>
      <TPX xmlns="http://www.garmin.com/xmlschemas/ActivityExtension/v2">
      <nax:Nax>
      <nax:AscentInMeters>
      0.22988128662109375
    </nax:AscentInMeters>
    </nax:Nax>
    </TPX>
    </Extensions>
    </Trackpoint>
<Trackpoint>
      <Time>
      2025-09-06T16:11:20.977Z
    </Time><SensorState>
      Present
    </SensorState><Extensions>
      <TPX xmlns="http://www.garmin.com/xmlschemas/ActivityExtension/v2">
      <ns3:Speed>
      2.738831667101605
    </ns3:Speed><nax:Nax>
      <nax:Pace>
      6.085319834316188
    </nax:Pace>
    </nax:Nax>
    </TPX>
    </Extensions>
    </Trackpoint>
<Trackpoint>
      <Time>
      2025-09-06T16:11:20.978Z
    </Time><DistanceMeters>
      5.864225001772866
    </DistanceMeters><Cadence>
      152.58400440216064
    </Cadence><SensorState>
      Present
    </SensorState>
    </Trackpoint>
<Trackpoint>
      <Time>
      2025-09-06T16:11:21.000Z
    </Time><SensorState>
      Present
    </SensorState><Extensions>
      <TPX xmlns="http://www.garmin.com/xmlschemas/ActivityExtension/v2">
      <nax:Nax>
      <nax:NikeFuel>
      7.086998202326534
    </nax:NikeFuel>
    </nax:Nax>
    </TPX>
    </Extensions>
    </Trackpoint>
<Trackpoint>
      <Time>
      2025-09-06T16:11:22.012Z
    </Time><SensorState>
      Present
    </SensorState><Extensions>
      <TPX xmlns="http://www.garmin.com/xmlschemas/ActivityExtension/v2">
      <nax:Nax>
      <nax:AscentInMeters>
      0.248382568359375
    </nax:AscentInMeters>
    </nax:Nax>
    </TPX>
    </Extensions>
    </Trackpoint>
<Trackpoint>
      <Time>
      2025-09-06T16:11:23.072Z
    </Time><SensorState>
      Present
    </SensorState><Extensions>
      <TPX xmlns="http://www.garmin.com/xmlschemas/ActivityExtension/v2">
      <nax:Nax>
      <nax:AscentInMeters>
      0.2378082275390625
    </nax:AscentInMeters>
    </nax:Nax>
    </TPX>
    </Extensions>
    </Trackpoint>
<Trackpoint>
      <Time>
      2025-09-06T16:11:23.532Z
    </Time><SensorState>
      Present
    </SensorState><Extensions>
      <TPX xmlns="http://www.garmin.com/xmlschemas/ActivityExtension/v2">
      <ns3:Speed>
      2.728850710729284
    </ns3:Speed><nax:Nax>
      <nax:Pace>
      6.107577303931188
    </nax:Pace>
    </nax:Nax>
    </TPX>
    </Extensions>
    </Trackpoint>
<Trackpoint>
      <Time>
      2025-09-06T16:11:23.533Z
    </Time><DistanceMeters>
      5.552971612196416
    </DistanceMeters><Cadence>
      153.61989498138428
    </Cadence><SensorState>
      Present
    </SensorState>
    </Trackpoint>
<Trackpoint>
      <Time>
      2025-09-06T16:11:23.999Z
    </Time><Position>
      <LatitudeDegrees>
      47.603646524830346
    </LatitudeDegrees><LongitudeDegrees>
      -122.29266905135478
    </LongitudeDegrees>
    </Position><AltitudeMeters>
      87.30184205714613
    </AltitudeMeters><SensorState>
      Present
    </SensorState>
    </Trackpoint>
<Trackpoint>
      <Time>
      2025-09-06T16:11:24.132Z
    </Time><SensorState>
      Present
    </SensorState><Extensions>
      <TPX xmlns="http://www.garmin.com/xmlschemas/ActivityExtension/v2">
      <nax:Nax>
      <nax:AscentInMeters>
      0.25894927978515625
    </nax:AscentInMeters>
    </nax:Nax>
    </TPX>
    </Extensions>
    </Trackpoint>
<Trackpoint>
      <Time>
      2025-09-06T16:11:25.192Z
    </Time><SensorState>
      Present
    </SensorState><Extensions>
      <TPX xmlns="http://www.garmin.com/xmlschemas/ActivityExtension/v2">
      <nax:Nax>
      <nax:AscentInMeters>
      0.258941650390625
    </nax:AscentInMeters>
    </nax:Nax>
    </TPX>
    </Extensions>
    </Trackpoint>
<Trackpoint>
      <Time>
      2025-09-06T16:11:26.087Z
    </Time><DistanceMeters>
      5.116869951365516
    </DistanceMeters><SensorState>
      Present
    </SensorState><Extensions>
      <TPX xmlns="http://www.garmin.com/xmlschemas/ActivityExtension/v2">
      <ns3:Speed>
      2.7191530044868975
    </ns3:Speed><nax:Nax>
      <nax:Pace>
      6.1293596348439605
    </nax:Pace>
    </nax:Nax>
    </TPX>
    </Extensions>
    </Trackpoint>
<Trackpoint>
      <Time>
      2025-09-06T16:11:26.088Z
    </Time><Cadence>
      154.6420955657959
    </Cadence><SensorState>
      Present
    </SensorState>
    </Trackpoint>
<Trackpoint>
      <Time>
      2025-09-06T16:11:26.251Z
    </Time><SensorState>
      Present
    </SensorState><Extensions>
      <TPX xmlns="http://www.garmin.com/xmlschemas/ActivityExtension/v2">
      <nax:Nax>
      <nax:AscentInMeters>
      0.24309539794921875
    </nax:AscentInMeters>
    </nax:Nax>
    </TPX>
    </Extensions>
    </Trackpoint>
<Trackpoint>
      <Time>
      2025-09-06T16:11:27.310Z
    </Time><SensorState>
      Present
    </SensorState><Extensions>
      <TPX xmlns="http://www.garmin.com/xmlschemas/ActivityExtension/v2">
      <nax:Nax>
      <nax:AscentInMeters>
      0.24309539794921875
    </nax:AscentInMeters>
    </nax:Nax>
    </TPX>
    </Extensions>
    </Trackpoint>
<Trackpoint>
      <Time>
      2025-09-06T16:11:28.370Z
    </Time><SensorState>
      Present
    </SensorState><Extensions>
      <TPX xmlns="http://www.garmin.com/xmlschemas/ActivityExtension/v2">
      <nax:Nax>
      <nax:AscentInMeters>
      0.23252105712890625
    </nax:AscentInMeters>
    </nax:Nax>
    </TPX>
    </Extensions>
    </Trackpoint>
<Trackpoint>
      <Time>
      2025-09-06T16:11:28.643Z
    </Time><SensorState>
      Present
    </SensorState><Extensions>
      <TPX xmlns="http://www.garmin.com/xmlschemas/ActivityExtension/v2">
      <ns3:Speed>
      2.7087141668140697
    </ns3:Speed><nax:Nax>
      <nax:Pace>
      6.152980949728495
    </nax:Pace>
    </nax:Nax>
    </TPX>
    </Extensions>
    </Trackpoint>
<Trackpoint>
      <Time>
      2025-09-06T16:11:28.644Z
    </Time><DistanceMeters>
      5.967312220018357
    </DistanceMeters><Cadence>
      155.70678234100342
    </Cadence><SensorState>
      Present
    </SensorState>
    </Trackpoint>
<Trackpoint>
      <Time>
      2025-09-06T16:11:28.999Z
    </Time><Position>
      <LatitudeDegrees>
      47.603742368285545
    </LatitudeDegrees><LongitudeDegrees>
      -122.29265784206063
    </LongitudeDegrees>
    </Position><AltitudeMeters>
      88.41579841449857
    </AltitudeMeters><SensorState>
      Present
    </SensorState>
    </Trackpoint>
<Trackpoint>
      <Time>
      2025-09-06T16:11:29.431Z
    </Time><SensorState>
      Present
    </SensorState><Extensions>
      <TPX xmlns="http://www.garmin.com/xmlschemas/ActivityExtension/v2">
      <nax:Nax>
      <nax:AscentInMeters>
      0.21402740478515625
    </nax:AscentInMeters>
    </nax:Nax>
    </TPX>
    </Extensions>
    </Trackpoint>
<Trackpoint>
      <Time>
      2025-09-06T16:11:30.491Z
    </Time><SensorState>
      Present
    </SensorState><Extensions>
      <TPX xmlns="http://www.garmin.com/xmlschemas/ActivityExtension/v2">
      <nax:Nax>
      <nax:AscentInMeters>
      0.21402740478515625
    </nax:AscentInMeters>
    </nax:Nax>
    </TPX>
    </Extensions>
    </Trackpoint>
<Trackpoint>
      <Time>
      2025-09-06T16:11:31.000Z
    </Time><SensorState>
      Present
    </SensorState><Extensions>
      <TPX xmlns="http://www.garmin.com/xmlschemas/ActivityExtension/v2">
      <nax:Nax>
      <nax:NikeFuel>
      7.00205406893559
    </nax:NikeFuel>
    </nax:Nax>
    </TPX>
    </Extensions>
    </Trackpoint>
<Trackpoint>
      <Time>
      2025-09-06T16:11:31.198Z
    </Time><SensorState>
      Present
    </SensorState><Extensions>
      <TPX xmlns="http://www.garmin.com/xmlschemas/ActivityExtension/v2">
      <ns3:Speed>
      2.698420933792107
    </ns3:Speed><nax:Nax>
      <nax:Pace>
      6.176451738107777
    </nax:Pace>
    </nax:Nax>
    </TPX>
    </Extensions>
    </Trackpoint>
<Trackpoint>
      <Time>
      2025-09-06T16:11:31.199Z
    </Time><DistanceMeters>
      6.9794176374562085
    </DistanceMeters><Cadence>
      155.70678234100342
    </Cadence><SensorState>
      Present
    </SensorState>
    </Trackpoint>
<Trackpoint>
      <Time>
      2025-09-06T16:11:31.551Z
    </Time><SensorState>
      Present
    </SensorState><Extensions>
      <TPX xmlns="http://www.garmin.com/xmlschemas/ActivityExtension/v2">
      <nax:Nax>
      <nax:AscentInMeters>
      0.24309539794921875
    </nax:AscentInMeters>
    </nax:Nax>
    </TPX>
    </Extensions>
    </Trackpoint>
<Trackpoint>
      <Time>
      2025-09-06T16:11:32.611Z
    </Time><SensorState>
      Present
    </SensorState><Extensions>
      <TPX xmlns="http://www.garmin.com/xmlschemas/ActivityExtension/v2">
      <nax:Nax>
      <nax:AscentInMeters>
      0.24309539794921875
    </nax:AscentInMeters>
    </nax:Nax>
    </TPX>
    </Extensions>
    </Trackpoint>
<Trackpoint>
      <Time>
      2025-09-06T16:11:33.671Z
    </Time><SensorState>
      Present
    </SensorState><Extensions>
      <TPX xmlns="http://www.garmin.com/xmlschemas/ActivityExtension/v2">
      <nax:Nax>
      <nax:AscentInMeters>
      0.23516082763671875
    </nax:AscentInMeters>
    </nax:Nax>
    </TPX>
    </Extensions>
    </Trackpoint>
<Trackpoint>
      <Time>
      2025-09-06T16:11:33.753Z
    </Time><SensorState>
      Present
    </SensorState><Extensions>
      <TPX xmlns="http://www.garmin.com/xmlschemas/ActivityExtension/v2">
      <ns3:Speed>
      2.6888536322935903
    </ns3:Speed><nax:Nax>
      <nax:Pace>
      6.198428380963977
    </nax:Pace>
    </nax:Nax>
    </TPX>
    </Extensions>
    </Trackpoint>
<Trackpoint>
      <Time>
      2025-09-06T16:11:33.754Z
    </Time><DistanceMeters>
      5.292565077543259
    </DistanceMeters><Cadence>
      155.5442476272583
    </Cadence><SensorState>
      Present
    </SensorState>
    </Trackpoint>
<Trackpoint>
      <Time>
      2025-09-06T16:11:33.999Z
    </Time><Position>
      <LatitudeDegrees>
      47.60385287726596
    </LatitudeDegrees><LongitudeDegrees>
      -122.29265076117106
    </LongitudeDegrees>
    </Position><AltitudeMeters>
      89.32950753811747
    </AltitudeMeters><SensorState>
      Present
    </SensorState>
    </Trackpoint>
<Trackpoint>
      <Time>
      2025-09-06T16:11:34.731Z
    </Time><SensorState>
      Present
    </SensorState><Extensions>
      <TPX xmlns="http://www.garmin.com/xmlschemas/ActivityExtension/v2">
      <nax:Nax>
      <nax:AscentInMeters>
      0.23516845703125
    </nax:AscentInMeters>
    </nax:Nax>
    </TPX>
    </Extensions>
    </Trackpoint>
<Trackpoint>
      <Time>
      2025-09-06T16:11:35.790Z
    </Time><SensorState>
      Present
    </SensorState><Extensions>
      <TPX xmlns="http://www.garmin.com/xmlschemas/ActivityExtension/v2">
      <nax:Nax>
      <nax:AscentInMeters>
      0.2378082275390625
    </nax:AscentInMeters>
    </nax:Nax>
    </TPX>
    </Extensions>
    </Trackpoint>
<Trackpoint>
      <Time>
      2025-09-06T16:11:36.309Z
    </Time><SensorState>
      Present
    </SensorState><Extensions>
      <TPX xmlns="http://www.garmin.com/xmlschemas/ActivityExtension/v2">
      <ns3:Speed>
      2.679366605252911
    </ns3:Speed><nax:Nax>
      <nax:Pace>
      6.22037560444009
    </nax:Pace>
    </nax:Nax>
    </TPX>
    </Extensions>
    </Trackpoint>
<Trackpoint>
      <Time>
      2025-09-06T16:11:36.310Z
    </Time><DistanceMeters>
      5.119118777569383
    </DistanceMeters><Cadence>
      155.69744110107422
    </Cadence><SensorState>
      Present
    </SensorState>
    </Trackpoint>
<Trackpoint>
      <Time>
      2025-09-06T16:11:36.850Z
    </Time><SensorState>
      Present
    </SensorState><Extensions>
      <TPX xmlns="http://www.garmin.com/xmlschemas/ActivityExtension/v2">
      <nax:Nax>
      <nax:AscentInMeters>
      0.22988128662109375
    </nax:AscentInMeters>
    </nax:Nax>
    </TPX>
    </Extensions>
    </Trackpoint>
<Trackpoint>
      <Time>
      2025-09-06T16:11:37.909Z
    </Time><SensorState>
      Present
    </SensorState><Extensions>
      <TPX xmlns="http://www.garmin.com/xmlschemas/ActivityExtension/v2">
      <nax:Nax>
      <nax:AscentInMeters>
      0.2325286865234375
    </nax:AscentInMeters>
    </nax:Nax>
    </TPX>
    </Extensions>
    </Trackpoint>
<Trackpoint>
      <Time>
      2025-09-06T16:11:38.864Z
    </Time><SensorState>
      Present
    </SensorState><Extensions>
      <TPX xmlns="http://www.garmin.com/xmlschemas/ActivityExtension/v2">
      <ns3:Speed>
      2.6693293489007495
    </ns3:Speed><nax:Nax>
      <nax:Pace>
      6.243765563634974
    </nax:Pace>
    </nax:Nax>
    </TPX>
    </Extensions>
    </Trackpoint>
<Trackpoint>
      <Time>
      2025-09-06T16:11:38.865Z
    </Time><DistanceMeters>
      6.164660505019128
    </DistanceMeters><Cadence>
      155.69744110107422
    </Cadence><SensorState>
      Present
    </SensorState>
    </Trackpoint>
<Trackpoint>
      <Time>
      2025-09-06T16:11:38.970Z
    </Time><SensorState>
      Present
    </SensorState><Extensions>
      <TPX xmlns="http://www.garmin.com/xmlschemas/ActivityExtension/v2">
      <nax:Nax>
      <nax:AscentInMeters>
      0.23516845703125
    </nax:AscentInMeters>
    </nax:Nax>
    </TPX>
    </Extensions>
    </Trackpoint>
<Trackpoint>
      <Time>
      2025-09-06T16:11:39.000Z
    </Time><Position>
      <LatitudeDegrees>
      47.6039446973865
    </LatitudeDegrees><LongitudeDegrees>
      -122.29264054642131
    </LongitudeDegrees>
    </Position><AltitudeMeters>
      90.32135514076799
    </AltitudeMeters><SensorState>
      Present
    </SensorState>
    </Trackpoint>
<Trackpoint>
      <Time>
      2025-09-06T16:11:40.030Z
    </Time><SensorState>
      Present
    </SensorState><Extensions>
      <TPX xmlns="http://www.garmin.com/xmlschemas/ActivityExtension/v2">
      <nax:Nax>
      <nax:AscentInMeters>
      0.22988128662109375
    </nax:AscentInMeters>
    </nax:Nax>
    </TPX>
    </Extensions>
    </Trackpoint>
<Trackpoint>
      <Time>
      2025-09-06T16:11:41.000Z
    </Time><SensorState>
      Present
    </SensorState><Extensions>
      <TPX xmlns="http://www.garmin.com/xmlschemas/ActivityExtension/v2">
      <nax:Nax>
      <nax:NikeFuel>
      6.910984131496353
    </nax:NikeFuel>
    </nax:Nax>
    </TPX>
    </Extensions>
    </Trackpoint>
<Trackpoint>
      <Time>
      2025-09-06T16:11:41.090Z
    </Time><SensorState>
      Present
    </SensorState><Extensions>
      <TPX xmlns="http://www.garmin.com/xmlschemas/ActivityExtension/v2">
      <nax:Nax>
      <nax:AscentInMeters>
      0.23252105712890625
    </nax:AscentInMeters>
    </nax:Nax>
    </TPX>
    </Extensions>
    </Trackpoint>
<Trackpoint>
      <Time>
      2025-09-06T16:11:41.420Z
    </Time><SensorState>
      Present
    </SensorState><Extensions>
      <TPX xmlns="http://www.garmin.com/xmlschemas/ActivityExtension/v2">
      <ns3:Speed>
      2.6596536384678786
    </ns3:Speed><nax:Nax>
      <nax:Pace>
      6.2664801256857166
    </nax:Pace>
    </nax:Nax>
    </TPX>
    </Extensions>
    </Trackpoint>
<Trackpoint>
      <Time>
      2025-09-06T16:11:41.421Z
    </Time><DistanceMeters>
      5.732524095335975
    </DistanceMeters><Cadence>
      155.45331001281738
    </Cadence><SensorState>
      Present
    </SensorState>
    </Trackpoint>
<Trackpoint>
      <Time>
      2025-09-06T16:11:42.149Z
    </Time><SensorState>
      Present
    </SensorState><Extensions>
      <TPX xmlns="http://www.garmin.com/xmlschemas/ActivityExtension/v2">
      <nax:Nax>
      <nax:AscentInMeters>
      0.2378082275390625
    </nax:AscentInMeters>
    </nax:Nax>
    </TPX>
    </Extensions>
    </Trackpoint>
<Trackpoint>
      <Time>
      2025-09-06T16:11:43.209Z
    </Time><SensorState>
      Present
    </SensorState><Extensions>
      <TPX xmlns="http://www.garmin.com/xmlschemas/ActivityExtension/v2">
      <nax:Nax>
      <nax:AscentInMeters>
      0.2245941162109375
    </nax:AscentInMeters>
    </nax:Nax>
    </TPX>
    </Extensions>
    </Trackpoint>
<Trackpoint>
      <Time>
      2025-09-06T16:11:43.975Z
    </Time><DistanceMeters>
      6.682209043065086
    </DistanceMeters><SensorState>
      Present
    </SensorState><Extensions>
      <TPX xmlns="http://www.garmin.com/xmlschemas/ActivityExtension/v2">
      <ns3:Speed>
      2.6505164364446223
    </ns3:Speed><nax:Nax>
      <nax:Pace>
      6.2880827439890075
    </nax:Pace>
    </nax:Nax>
    </TPX>
    </Extensions>
    </Trackpoint>
<Trackpoint>
      <Time>
      2025-09-06T16:11:43.976Z
    </Time><Cadence>
      155.45331001281738
    </Cadence><SensorState>
      Present
    </SensorState>
    </Trackpoint>
<Trackpoint>
      <Time>
      2025-09-06T16:11:44.000Z
    </Time><Position>
      <LatitudeDegrees>
      47.604052928101986
    </LatitudeDegrees><LongitudeDegrees>
      -122.29263846739994
    </LongitudeDegrees>
    </Position><AltitudeMeters>
      91.13003479409963
    </AltitudeMeters><SensorState>
      Present
    </SensorState>
    </Trackpoint>
<Trackpoint>
      <Time>
      2025-09-06T16:11:44.269Z
    </Time><SensorState>
      Present
    </SensorState><Extensions>
      <TPX xmlns="http://www.garmin.com/xmlschemas/ActivityExtension/v2">
      <nax:Nax>
      <nax:AscentInMeters>
      0.23516845703125
    </nax:AscentInMeters>
    </nax:Nax>
    </TPX>
    </Extensions>
    </Trackpoint>
<Trackpoint>
      <Time>
      2025-09-06T16:11:45.329Z
    </Time><SensorState>
      Present
    </SensorState><Extensions>
      <TPX xmlns="http://www.garmin.com/xmlschemas/ActivityExtension/v2">
      <nax:Nax>
      <nax:AscentInMeters>
      0.22460174560546875
    </nax:AscentInMeters>
    </nax:Nax>
    </TPX>
    </Extensions>
    </Trackpoint>
<Trackpoint>
      <Time>
      2025-09-06T16:11:46.389Z
    </Time><SensorState>
      Present
    </SensorState><Extensions>
      <TPX xmlns="http://www.garmin.com/xmlschemas/ActivityExtension/v2">
      <nax:Nax>
      <nax:AscentInMeters>
      0.21666717529296875
    </nax:AscentInMeters>
    </nax:Nax>
    </TPX>
    </Extensions>
    </Trackpoint>
<Trackpoint>
      <Time>
      2025-09-06T16:11:46.530Z
    </Time><SensorState>
      Present
    </SensorState><Extensions>
      <TPX xmlns="http://www.garmin.com/xmlschemas/ActivityExtension/v2">
      <ns3:Speed>
      2.6420712220984393
    </ns3:Speed><nax:Nax>
      <nax:Pace>
      6.308182204652806
    </nax:Pace>
    </nax:Nax>
    </TPX>
    </Extensions>
    </Trackpoint>
<Trackpoint>
      <Time>
      2025-09-06T16:11:46.531Z
    </Time><DistanceMeters>
      6.478546883445233
    </DistanceMeters><Cadence>
      155.45331001281738
    </Cadence><SensorState>
      Present
    </SensorState>
    </Trackpoint>
<Trackpoint>
      <Time>
      2025-09-06T16:11:47.449Z
    </Time><SensorState>
      Present
    </SensorState><Extensions>
      <TPX xmlns="http://www.garmin.com/xmlschemas/ActivityExtension/v2">
      <nax:Nax>
      <nax:AscentInMeters>
      0.18231964111328125
    </nax:AscentInMeters>
    </nax:Nax>
    </TPX>
    </Extensions>
    </Trackpoint>
<Trackpoint>
      <Time>
      2025-09-06T16:11:48.000Z
    </Time><Position>
      <LatitudeDegrees>
      47.60414408235177
    </LatitudeDegrees><LongitudeDegrees>
      -122.29263420959798
    </LongitudeDegrees>
    </Position><AltitudeMeters>
      91.45523058343679
    </AltitudeMeters><SensorState>
      Present
    </SensorState>
    </Trackpoint>
<Trackpoint>
      <Time>
      2025-09-06T16:11:48.508Z
    </Time><SensorState>
      Present
    </SensorState><Extensions>
      <TPX xmlns="http://www.garmin.com/xmlschemas/ActivityExtension/v2">
      <nax:Nax>
      <nax:AscentInMeters>
      0.1294708251953125
    </nax:AscentInMeters>
    </nax:Nax>
    </TPX>
    </Extensions>
    </Trackpoint>
<Trackpoint>
      <Time>
      2025-09-06T16:11:49.086Z
    </Time><SensorState>
      Present
    </SensorState><Extensions>
      <TPX xmlns="http://www.garmin.com/xmlschemas/ActivityExtension/v2">
      <ns3:Speed>
      2.634004706271185
    </ns3:Speed><nax:Nax>
      <nax:Pace>
      6.327500716678956
    </nax:Pace>
    </nax:Nax>
    </TPX>
    </Extensions>
    </Trackpoint>
<Trackpoint>
      <Time>
      2025-09-06T16:11:49.087Z
    </Time><DistanceMeters>
      5.907655563205481
    </DistanceMeters><Cadence>
      153.82129669189453
    </Cadence><SensorState>
      Present
    </SensorState>
    </Trackpoint>
<Trackpoint>
      <Time>
      2025-09-06T16:11:49.567Z
    </Time><SensorState>
      Present
    </SensorState><Extensions>
      <TPX xmlns="http://www.garmin.com/xmlschemas/ActivityExtension/v2">
      <nax:Nax>
      <nax:AscentInMeters>
      0.095123291015625
    </nax:AscentInMeters>
    </nax:Nax>
    </TPX>
    </Extensions>
    </Trackpoint>
<Trackpoint>
      <Time>
      2025-09-06T16:11:50.628Z
    </Time><SensorState>
      Present
    </SensorState><Extensions>
      <TPX xmlns="http://www.garmin.com/xmlschemas/ActivityExtension/v2">
      <nax:Nax>
      <nax:AscentInMeters>
      0.06606292724609375
    </nax:AscentInMeters>
    </nax:Nax>
    </TPX>
    </Extensions>
    </Trackpoint>
<Trackpoint>
      <Time>
      2025-09-06T16:11:51.000Z
    </Time><SensorState>
      Present
    </SensorState><Extensions>
      <TPX xmlns="http://www.garmin.com/xmlschemas/ActivityExtension/v2">
      <nax:Nax>
      <nax:NikeFuel>
      6.8344381181679115
    </nax:NikeFuel>
    </nax:Nax>
    </TPX>
    </Extensions>
    </Trackpoint>
<Trackpoint>
      <Time>
      2025-09-06T16:11:51.641Z
    </Time><SensorState>
      Present
    </SensorState><Extensions>
      <TPX xmlns="http://www.garmin.com/xmlschemas/ActivityExtension/v2">
      <ns3:Speed>
      2.6261679893046166
    </ns3:Speed><nax:Nax>
      <nax:Pace>
      6.34638253704396
    </nax:Pace>
    </nax:Nax>
    </TPX>
    </Extensions>
    </Trackpoint>
<Trackpoint>
      <Time>
      2025-09-06T16:11:51.642Z
    </Time><DistanceMeters>
      4.633403868880123
    </DistanceMeters><Cadence>
      153.82129669189453
    </Cadence><SensorState>
      Present
    </SensorState>
    </Trackpoint>
<Trackpoint>
      <Time>
      2025-09-06T16:11:51.688Z
    </Time><SensorState>
      Present
    </SensorState><Extensions>
      <TPX xmlns="http://www.garmin.com/xmlschemas/ActivityExtension/v2">
      <nax:Nax>
      <nax:AscentInMeters>
      0.050201416015625
    </nax:AscentInMeters>
    </nax:Nax>
    </TPX>
    </Extensions>
    </Trackpoint>
<Trackpoint>
      <Time>
      2025-09-06T16:11:52.748Z
    </Time><SensorState>
      Present
    </SensorState><Extensions>
      <TPX xmlns="http://www.garmin.com/xmlschemas/ActivityExtension/v2">
      <nax:Nax>
      <nax:AscentInMeters>
      0.01056671142578125
    </nax:AscentInMeters>
    </nax:Nax>
    </TPX>
    </Extensions>
    </Trackpoint>
<Trackpoint>
      <Time>
      2025-09-06T16:11:53.000Z
    </Time><Position>
      <LatitudeDegrees>
      47.604241663037605
    </LatitudeDegrees><LongitudeDegrees>
      -122.2926307766216
    </LongitudeDegrees>
    </Position><AltitudeMeters>
      92.78623351082206
    </AltitudeMeters><SensorState>
      Present
    </SensorState>
    </Trackpoint>
<Trackpoint>
      <Time>
      2025-09-06T16:11:53.808Z
    </Time><SensorState>
      Present
    </SensorState><Extensions>
      <TPX xmlns="http://www.garmin.com/xmlschemas/ActivityExtension/v2">
      <nax:Nax>
      <nax:AscentInMeters>
      0.03171539306640625
    </nax:AscentInMeters>
    </nax:Nax>
    </TPX>
    </Extensions>
    </Trackpoint>
<Trackpoint>
      <Time>
      2025-09-06T16:11:54.196Z
    </Time><SensorState>
      Present
    </SensorState><Extensions>
      <TPX xmlns="http://www.garmin.com/xmlschemas/ActivityExtension/v2">
      <ns3:Speed>
      2.618251973217635
    </ns3:Speed><nax:Nax>
      <nax:Pace>
      6.365570173211627
    </nax:Pace>
    </nax:Nax>
    </TPX>
    </Extensions>
    </Trackpoint>
<Trackpoint>
      <Time>
      2025-09-06T16:11:54.197Z
    </Time><DistanceMeters>
      7.020358622306958
    </DistanceMeters><Cadence>
      153.82129669189453
    </Cadence><SensorState>
      Present
    </SensorState>
    </Trackpoint>
<Trackpoint>
      <Time>
      2025-09-06T16:11:54.868Z
    </Time><SensorState>
      Present
    </SensorState><Extensions>
      <TPX xmlns="http://www.garmin.com/xmlschemas/ActivityExtension/v2">
      <nax:Nax>
      <nax:AscentInMeters>
      0.0211334228515625
    </nax:AscentInMeters>
    </nax:Nax>
    </TPX>
    </Extensions>
    </Trackpoint>
<Trackpoint>
      <Time>
      2025-09-06T16:11:55.928Z
    </Time><SensorState>
      Present
    </SensorState><Extensions>
      <TPX xmlns="http://www.garmin.com/xmlschemas/ActivityExtension/v2">
      <nax:Nax>
      <nax:AscentInMeters>
      0.02378082275390625
    </nax:AscentInMeters>
    </nax:Nax>
    </TPX>
    </Extensions>
    </Trackpoint>
<Trackpoint>
      <Time>
      2025-09-06T16:11:56.752Z
    </Time><SensorState>
      Present
    </SensorState><Extensions>
      <TPX xmlns="http://www.garmin.com/xmlschemas/ActivityExtension/v2">
      <ns3:Speed>
      2.6113366582201456
    </ns3:Speed><nax:Nax>
      <nax:Pace>
      6.382427410959128
    </nax:Pace>
    </nax:Nax>
    </TPX>
    </Extensions>
    </Trackpoint>
<Trackpoint>
      <Time>
      2025-09-06T16:11:56.753Z
    </Time><DistanceMeters>
      6.412081210874021
    </DistanceMeters><Cadence>
      154.35758113861084
    </Cadence><SensorState>
      Present
    </SensorState>
    </Trackpoint>
<Trackpoint>
      <Time>
      2025-09-06T16:11:56.988Z
    </Time><SensorState>
      Present
    </SensorState><Extensions>
      <TPX xmlns="http://www.garmin.com/xmlschemas/ActivityExtension/v2">
      <nax:Nax>
      <nax:AscentInMeters>
      0.05020904541015625
    </nax:AscentInMeters>
    </nax:Nax>
    </TPX>
    </Extensions>
    </Trackpoint>
<Trackpoint>
      <Time>
      2025-09-06T16:11:57.000Z
    </Time><Position>
      <LatitudeDegrees>
      47.60433763199012
    </LatitudeDegrees><LongitudeDegrees>
      -122.29261414972596
    </LongitudeDegrees>
    </Position><AltitudeMeters>
      92.43663396965712
    </AltitudeMeters><SensorState>
      Present
    </SensorState>
    </Trackpoint>
<Trackpoint>
      <Time>
      2025-09-06T16:11:58.047Z
    </Time><SensorState>
      Present
    </SensorState><Extensions>
      <TPX xmlns="http://www.garmin.com/xmlschemas/ActivityExtension/v2">
      <nax:Nax>
      <nax:AscentInMeters>
      0.050201416015625
    </nax:AscentInMeters>
    </nax:Nax>
    </TPX>
    </Extensions>
    </Trackpoint>
<Trackpoint>
      <Time>
      2025-09-06T16:11:59.106Z
    </Time><SensorState>
      Present
    </SensorState><Extensions>
      <TPX xmlns="http://www.garmin.com/xmlschemas/ActivityExtension/v2">
      <nax:Nax>
      <nax:AscentInMeters>
      0.06870269775390625
    </nax:AscentInMeters>
    </nax:Nax>
    </TPX>
    </Extensions>
    </Trackpoint>
<Trackpoint>
      <Time>
      2025-09-06T16:11:59.307Z
    </Time><SensorState>
      Present
    </SensorState><Extensions>
      <TPX xmlns="http://www.garmin.com/xmlschemas/ActivityExtension/v2">
      <ns3:Speed>
      2.6046430803145886
    </ns3:Speed><nax:Nax>
      <nax:Pace>
      6.39882937997542
    </nax:Pace>
    </nax:Nax>
    </TPX>
    </Extensions>
    </Trackpoint>
<Trackpoint>
      <Time>
      2025-09-06T16:11:59.308Z
    </Time><DistanceMeters>
      6.381693797884509
    </DistanceMeters><Cadence>
      155.0756549835205
    </Cadence><SensorState>
      Present
    </SensorState>
    </Trackpoint>
<Trackpoint>
      <Time>
      2025-09-06T16:12:00.166Z
    </Time><SensorState>
      Present
    </SensorState><Extensions>
      <TPX xmlns="http://www.garmin.com/xmlschemas/ActivityExtension/v2">
      <nax:Nax>
      <nax:AscentInMeters>
      0.06341552734375
    </nax:AscentInMeters>
    </nax:Nax>
    </TPX>
    </Extensions>
    </Trackpoint>
<Trackpoint>
      <Time>
      2025-09-06T16:12:01.000Z
    </Time><SensorState>
      Present
    </SensorState><Extensions>
      <TPX xmlns="http://www.garmin.com/xmlschemas/ActivityExtension/v2">
      <nax:Nax>
      <nax:NikeFuel>
      6.772429169840578
    </nax:NikeFuel>
    </nax:Nax>
    </TPX>
    </Extensions>
    </Trackpoint>
<Trackpoint>
      <Time>
      2025-09-06T16:12:01.227Z
    </Time><SensorState>
      Present
    </SensorState><Extensions>
      <TPX xmlns="http://www.garmin.com/xmlschemas/ActivityExtension/v2">
      <nax:Nax>
      <nax:AscentInMeters>
      0.050201416015625
    </nax:AscentInMeters>
    </nax:Nax>
    </TPX>
    </Extensions>
    </Trackpoint>
<Trackpoint>
      <Time>
      2025-09-06T16:12:01.863Z
    </Time><DistanceMeters>
      6.407078398158774
    </DistanceMeters><SensorState>
      Present
    </SensorState><Extensions>
      <TPX xmlns="http://www.garmin.com/xmlschemas/ActivityExtension/v2">
      <ns3:Speed>
      2.598125244997893
    </ns3:Speed><nax:Nax>
      <nax:Pace>
      6.4148819225534215
    </nax:Pace>
    </nax:Nax>
    </TPX>
    </Extensions>
    </Trackpoint>
<Trackpoint>
      <Time>
      2025-09-06T16:12:01.864Z
    </Time><Cadence>
      155.8606481552124
    </Cadence><SensorState>
      Present
    </SensorState>
    </Trackpoint>
<Trackpoint>
      <Time>
      2025-09-06T16:12:02.000Z
    </Time><Position>
      <LatitudeDegrees>
      47.604451104491034
    </LatitudeDegrees><LongitudeDegrees>
      -122.29262362519198
    </LongitudeDegrees>
    </Position><AltitudeMeters>
      92.99071248713881
    </AltitudeMeters><SensorState>
      Present
    </SensorState>
    </Trackpoint>
<Trackpoint>
      <Time>
      2025-09-06T16:12:02.287Z
    </Time><SensorState>
      Present
    </SensorState><Extensions>
      <TPX xmlns="http://www.garmin.com/xmlschemas/ActivityExtension/v2">
      <nax:Nax>
      <nax:AscentInMeters>
      0.0343475341796875
    </nax:AscentInMeters>
    </nax:Nax>
    </TPX>
    </Extensions>
    </Trackpoint>
<Trackpoint>
      <Time>
      2025-09-06T16:12:03.347Z
    </Time><SensorState>
      Present
    </SensorState><Extensions>
      <TPX xmlns="http://www.garmin.com/xmlschemas/ActivityExtension/v2">
      <nax:Nax>
      <nax:AscentInMeters>
      0.05020904541015625
    </nax:AscentInMeters>
    </nax:Nax>
    </TPX>
    </Extensions>
    </Trackpoint>
<Trackpoint>
      <Time>
      2025-09-06T16:12:04.407Z
    </Time><SensorState>
      Present
    </SensorState><Extensions>
      <TPX xmlns="http://www.garmin.com/xmlschemas/ActivityExtension/v2">
      <nax:Nax>
      <nax:AscentInMeters>
      0.05548858642578125
    </nax:AscentInMeters>
    </nax:Nax>
    </TPX>
    </Extensions>
    </Trackpoint>
<Trackpoint>
      <Time>
      2025-09-06T16:12:04.418Z
    </Time><SensorState>
      Present
    </SensorState><Extensions>
      <TPX xmlns="http://www.garmin.com/xmlschemas/ActivityExtension/v2">
      <ns3:Speed>
      2.592018486919586
    </ns3:Speed><nax:Nax>
      <nax:Pace>
      6.4299952916129515
    </nax:Pace>
    </nax:Nax>
    </TPX>
    </Extensions>
    </Trackpoint>
<Trackpoint>
      <Time>
      2025-09-06T16:12:04.419Z
    </Time><DistanceMeters>
      6.65589425410144
    </DistanceMeters><Cadence>
      156.54842376708984
    </Cadence><SensorState>
      Present
    </SensorState>
    </Trackpoint>
<Trackpoint>
      <Time>
      2025-09-06T16:12:05.466Z
    </Time><SensorState>
      Present
    </SensorState><Extensions>
      <TPX xmlns="http://www.garmin.com/xmlschemas/ActivityExtension/v2">
      <nax:Nax>
      <nax:AscentInMeters>
      0.0343475341796875
    </nax:AscentInMeters>
    </nax:Nax>
    </TPX>
    </Extensions>
    </Trackpoint>
<Trackpoint>
      <Time>
      2025-09-06T16:12:06.000Z
    </Time><Position>
      <LatitudeDegrees>
      47.60454445491917
    </LatitudeDegrees><LongitudeDegrees>
      -122.292618280902
    </LongitudeDegrees>
    </Position><AltitudeMeters>
      92.63788425922394
    </AltitudeMeters><SensorState>
      Present
    </SensorState>
    </Trackpoint>
<Trackpoint>
      <Time>
      2025-09-06T16:12:06.526Z
    </Time><SensorState>
      Present
    </SensorState><Extensions>
      <TPX xmlns="http://www.garmin.com/xmlschemas/ActivityExtension/v2">
      <nax:Nax>
      <nax:AscentInMeters>
      0.04227447509765625
    </nax:AscentInMeters>
    </nax:Nax>
    </TPX>
    </Extensions>
    </Trackpoint>
<Trackpoint>
      <Time>
      2025-09-06T16:12:06.973Z
    </Time><SensorState>
      Present
    </SensorState><Extensions>
      <TPX xmlns="http://www.garmin.com/xmlschemas/ActivityExtension/v2">
      <ns3:Speed>
      2.5865043260164002
    </ns3:Speed><nax:Nax>
      <nax:Pace>
      6.443703379509055
    </nax:Pace>
    </nax:Nax>
    </TPX>
    </Extensions>
    </Trackpoint>
<Trackpoint>
      <Time>
      2025-09-06T16:12:06.974Z
    </Time><DistanceMeters>
      7.598423094023019
    </DistanceMeters><Cadence>
      156.79325580596924
    </Cadence><SensorState>
      Present
    </SensorState>
    </Trackpoint>
<Trackpoint>
      <Time>
      2025-09-06T16:12:07.586Z
    </Time><SensorState>
      Present
    </SensorState><Extensions>
      <TPX xmlns="http://www.garmin.com/xmlschemas/ActivityExtension/v2">
      <nax:Nax>
      <nax:AscentInMeters>
      0.01850128173828125
    </nax:AscentInMeters>
    </nax:Nax>
    </TPX>
    </Extensions>
    </Trackpoint>
<Trackpoint>
      <Time>
      2025-09-06T16:12:08.646Z
    </Time><SensorState>
      Present
    </SensorState><Extensions>
      <TPX xmlns="http://www.garmin.com/xmlschemas/ActivityExtension/v2">
      <nax:Nax>
      <nax:AscentInMeters>
      0.02642059326171875
    </nax:AscentInMeters>
    </nax:Nax>
    </TPX>
    </Extensions>
    </Trackpoint>
<Trackpoint>
      <Time>
      2025-09-06T16:12:09.529Z
    </Time><SensorState>
      Present
    </SensorState><Extensions>
      <TPX xmlns="http://www.garmin.com/xmlschemas/ActivityExtension/v2">
      <ns3:Speed>
      2.5818051600530936
    </ns3:Speed><nax:Nax>
      <nax:Pace>
      6.4554316199150845
    </nax:Pace>
    </nax:Nax>
    </TPX>
    </Extensions>
    </Trackpoint>
<Trackpoint>
      <Time>
      2025-09-06T16:12:09.530Z
    </Time><DistanceMeters>
      5.662630410166457
    </DistanceMeters><Cadence>
      156.9418716430664
    </Cadence><SensorState>
      Present
    </SensorState>
    </Trackpoint>
<Trackpoint>
      <Time>
      2025-09-06T16:12:09.705Z
    </Time><SensorState>
      Present
    </SensorState><Extensions>
      <TPX xmlns="http://www.garmin.com/xmlschemas/ActivityExtension/v2">
      <nax:Nax>
      <nax:AscentInMeters>
      0.01849365234375
    </nax:AscentInMeters>
    </nax:Nax>
    </TPX>
    </Extensions>
    </Trackpoint>
<Trackpoint>
      <Time>
      2025-09-06T16:12:09.999Z
    </Time><Position>
      <LatitudeDegrees>
      47.60463495644358
    </LatitudeDegrees><LongitudeDegrees>
      -122.29261110406424
    </LongitudeDegrees>
    </Position><AltitudeMeters>
      93.18448445294052
    </AltitudeMeters><SensorState>
      Present
    </SensorState>
    </Trackpoint>
<Trackpoint>
      <Time>
      2025-09-06T16:12:10.766Z
    </Time><SensorState>
      Present
    </SensorState><Extensions>
      <TPX xmlns="http://www.garmin.com/xmlschemas/ActivityExtension/v2">
      <nax:Nax>
      <nax:AscentInMeters>
      0.05548858642578125
    </nax:AscentInMeters>
    </nax:Nax>
    </TPX>
    </Extensions>
    </Trackpoint>
<Trackpoint>
      <Time>
      2025-09-06T16:12:11.000Z
    </Time><SensorState>
      Present
    </SensorState><Extensions>
      <TPX xmlns="http://www.garmin.com/xmlschemas/ActivityExtension/v2">
      <nax:Nax>
      <nax:NikeFuel>
      6.726797140068966
    </nax:NikeFuel>
    </nax:Nax>
    </TPX>
    </Extensions>
    </Trackpoint>
<Trackpoint>
      <Time>
      2025-09-06T16:12:11.826Z
    </Time><SensorState>
      Present
    </SensorState><Extensions>
      <TPX xmlns="http://www.garmin.com/xmlschemas/ActivityExtension/v2">
      <nax:Nax>
      <nax:AscentInMeters>
      0.02378082275390625
    </nax:AscentInMeters>
    </nax:Nax>
    </TPX>
    </Extensions>
    </Trackpoint>
<Trackpoint>
      <Time>
      2025-09-06T16:12:12.084Z
    </Time><SensorState>
      Present
    </SensorState><Extensions>
      <TPX xmlns="http://www.garmin.com/xmlschemas/ActivityExtension/v2">
      <ns3:Speed>
      2.5768509156392767
    </ns3:Speed><nax:Nax>
      <nax:Pace>
      6.467842809808779
    </nax:Pace>
    </nax:Nax>
    </TPX>
    </Extensions>
    </Trackpoint>
<Trackpoint>
      <Time>
      2025-09-06T16:12:12.085Z
    </Time><DistanceMeters>
      7.0460666723083705
    </DistanceMeters><Cadence>
      157.00974941253662
    </Cadence><SensorState>
      Present
    </SensorState>
    </Trackpoint>
<Trackpoint>
      <Time>
      2025-09-06T16:12:12.885Z
    </Time><SensorState>
      Present
    </SensorState><Extensions>
      <TPX xmlns="http://www.garmin.com/xmlschemas/ActivityExtension/v2">
      <nax:Nax>
      <nax:AscentInMeters>
      0.03435516357421875
    </nax:AscentInMeters>
    </nax:Nax>
    </TPX>
    </Extensions>
    </Trackpoint>
<Trackpoint>
      <Time>
      2025-09-06T16:12:13.945Z
    </Time><SensorState>
      Present
    </SensorState><Extensions>
      <TPX xmlns="http://www.garmin.com/xmlschemas/ActivityExtension/v2">
      <nax:Nax>
      <nax:AscentInMeters>
      0.0343475341796875
    </nax:AscentInMeters>
    </nax:Nax>
    </TPX>
    </Extensions>
    </Trackpoint>
<Trackpoint>
      <Time>
      2025-09-06T16:12:13.999Z
    </Time><Position>
      <LatitudeDegrees>
      47.604728553628775
    </LatitudeDegrees><LongitudeDegrees>
      -122.29261691285505
    </LongitudeDegrees>
    </Position><AltitudeMeters>
      93.29597293771803
    </AltitudeMeters><SensorState>
      Present
    </SensorState>
    </Trackpoint>
<Trackpoint>
      <Time>
      2025-09-06T16:12:14.639Z
    </Time><DistanceMeters>
      6.985325282206759
    </DistanceMeters><SensorState>
      Present
    </SensorState><Extensions>
      <TPX xmlns="http://www.garmin.com/xmlschemas/ActivityExtension/v2">
      <ns3:Speed>
      2.5724686327764137
    </ns3:Speed><nax:Nax>
      <nax:Pace>
      6.478860987579338
    </nax:Pace>
    </nax:Nax>
    </TPX>
    </Extensions>
    </Trackpoint>
<Trackpoint>
      <Time>
      2025-09-06T16:12:14.640Z
    </Time><Cadence>
      157.31597900390625
    </Cadence><SensorState>
      Present
    </SensorState>
    </Trackpoint>
<Trackpoint>
      <Time>
      2025-09-06T16:12:15.005Z
    </Time><SensorState>
      Present
    </SensorState><Extensions>
      <TPX xmlns="http://www.garmin.com/xmlschemas/ActivityExtension/v2">
      <nax:Nax>
      <nax:AscentInMeters>
      0.050201416015625
    </nax:AscentInMeters>
    </nax:Nax>
    </TPX>
    </Extensions>
    </Trackpoint>
<Trackpoint>
      <Time>
      2025-09-06T16:12:16.065Z
    </Time><SensorState>
      Present
    </SensorState><Extensions>
      <TPX xmlns="http://www.garmin.com/xmlschemas/ActivityExtension/v2">
      <nax:Nax>
      <nax:AscentInMeters>
      0.02114105224609375
    </nax:AscentInMeters>
    </nax:Nax>
    </TPX>
    </Extensions>
    </Trackpoint>
<Trackpoint>
      <Time>
      2025-09-06T16:12:17.125Z
    </Time><SensorState>
      Present
    </SensorState><Extensions>
      <TPX xmlns="http://www.garmin.com/xmlschemas/ActivityExtension/v2">
      <nax:Nax>
      <nax:AscentInMeters>
      0.0158538818359375
    </nax:AscentInMeters>
    </nax:Nax>
    </TPX>
    </Extensions>
    </Trackpoint>
<Trackpoint>
      <Time>
      2025-09-06T16:12:17.195Z
    </Time><SensorState>
      Present
    </SensorState><Extensions>
      <TPX xmlns="http://www.garmin.com/xmlschemas/ActivityExtension/v2">
      <ns3:Speed>
      2.5686499888134007
    </ns3:Speed><nax:Nax>
      <nax:Pace>
      6.488492686528267
    </nax:Pace>
    </nax:Nax>
    </TPX>
    </Extensions>
    </Trackpoint>
<Trackpoint>
      <Time>
      2025-09-06T16:12:17.196Z
    </Time><DistanceMeters>
      7.215327330166474
    </DistanceMeters><Cadence>
      157.56218433380127
    </Cadence><SensorState>
      Present
    </SensorState>
    </Trackpoint>
<Trackpoint>
      <Time>
      2025-09-06T16:12:17.999Z
    </Time><Position>
      <LatitudeDegrees>
      47.60482705199228
    </LatitudeDegrees><LongitudeDegrees>
      -122.29261866063064
    </LongitudeDegrees>
    </Position><AltitudeMeters>
      93.82951350603253
    </AltitudeMeters><SensorState>
      Present
    </SensorState>
    </Trackpoint>
<Trackpoint>
      <Time>
      2025-09-06T16:12:18.185Z
    </Time><SensorState>
      Present
    </SensorState><Extensions>
      <TPX xmlns="http://www.garmin.com/xmlschemas/ActivityExtension/v2">
      <nax:Nax>
      <nax:AscentInMeters>
      0.0290679931640625
    </nax:AscentInMeters>
    </nax:Nax>
    </TPX>
    </Extensions>
    </Trackpoint>
<Trackpoint>
      <Time>
      2025-09-06T16:12:19.245Z
    </Time><SensorState>
      Present
    </SensorState><Extensions>
      <TPX xmlns="http://www.garmin.com/xmlschemas/ActivityExtension/v2">
      <nax:Nax>
      <nax:AscentInMeters>
      0.02642059326171875
    </nax:AscentInMeters>
    </nax:Nax>
    </TPX>
    </Extensions>
    </Trackpoint>
<Trackpoint>
      <Time>
      2025-09-06T16:12:19.750Z
    </Time><SensorState>
      Present
    </SensorState><Extensions>
      <TPX xmlns="http://www.garmin.com/xmlschemas/ActivityExtension/v2">
      <ns3:Speed>
      2.5654618480055422
    </ns3:Speed><nax:Nax>
      <nax:Pace>
      6.496556041019971
    </nax:Pace>
    </nax:Nax>
    </TPX>
    </Extensions>
    </Trackpoint>
<Trackpoint>
      <Time>
      2025-09-06T16:12:19.751Z
    </Time><DistanceMeters>
      7.06646401132457
    </DistanceMeters><Cadence>
      158.4900999069214
    </Cadence><SensorState>
      Present
    </SensorState>
    </Trackpoint>
<Trackpoint>
      <Time>
      2025-09-06T16:12:20.304Z
    </Time><SensorState>
      Present
    </SensorState><Extensions>
      <TPX xmlns="http://www.garmin.com/xmlschemas/ActivityExtension/v2">
      <nax:Nax>
      <nax:AscentInMeters>
      0.044921875
    </nax:AscentInMeters>
    </nax:Nax>
    </TPX>
    </Extensions>
    </Trackpoint>
<Trackpoint>
      <Time>
      2025-09-06T16:12:21.000Z
    </Time><SensorState>
      Present
    </SensorState><Extensions>
      <TPX xmlns="http://www.garmin.com/xmlschemas/ActivityExtension/v2">
      <nax:Nax>
      <nax:NikeFuel>
      6.6912881174360415
    </nax:NikeFuel>
    </nax:Nax>
    </TPX>
    </Extensions>
    </Trackpoint>
<Trackpoint>
      <Time>
      2025-09-06T16:12:21.363Z
    </Time><SensorState>
      Present
    </SensorState><Extensions>
      <TPX xmlns="http://www.garmin.com/xmlschemas/ActivityExtension/v2">
      <nax:Nax>
      <nax:AscentInMeters>
      0.0528411865234375
    </nax:AscentInMeters>
    </nax:Nax>
    </TPX>
    </Extensions>
    </Trackpoint>
<Trackpoint>
      <Time>
      2025-09-06T16:12:21.999Z
    </Time><Position>
      <LatitudeDegrees>
      47.60492366794683
    </LatitudeDegrees><LongitudeDegrees>
      -122.29260804884923
    </LongitudeDegrees>
    </Position><AltitudeMeters>
      93.66024764627218
    </AltitudeMeters><SensorState>
      Present
    </SensorState>
    </Trackpoint>
<Trackpoint>
      <Time>
      2025-09-06T16:12:22.305Z
    </Time><SensorState>
      Present
    </SensorState><Extensions>
      <TPX xmlns="http://www.garmin.com/xmlschemas/ActivityExtension/v2">
      <ns3:Speed>
      2.5628276413148385
    </ns3:Speed><nax:Nax>
      <nax:Pace>
      6.50323353704581
    </nax:Pace>
    </nax:Nax>
    </TPX>
    </Extensions>
    </Trackpoint>
<Trackpoint>
      <Time>
      2025-09-06T16:12:22.306Z
    </Time><DistanceMeters>
      6.540405142121017
    </DistanceMeters><Cadence>
      158.91929626464844
    </Cadence><SensorState>
      Present
    </SensorState>
    </Trackpoint>
<Trackpoint>
      <Time>
      2025-09-06T16:12:22.424Z
    </Time><SensorState>
      Present
    </SensorState><Extensions>
      <TPX xmlns="http://www.garmin.com/xmlschemas/ActivityExtension/v2">
      <nax:Nax>
      <nax:AscentInMeters>
      0.0607757568359375
    </nax:AscentInMeters>
    </nax:Nax>
    </TPX>
    </Extensions>
    </Trackpoint>
<Trackpoint>
      <Time>
      2025-09-06T16:12:23.484Z
    </Time><SensorState>
      Present
    </SensorState><Extensions>
      <TPX xmlns="http://www.garmin.com/xmlschemas/ActivityExtension/v2">
      <nax:Nax>
      <nax:AscentInMeters>
      0.0607757568359375
    </nax:AscentInMeters>
    </nax:Nax>
    </TPX>
    </Extensions>
    </Trackpoint>
<Trackpoint>
      <Time>
      2025-09-06T16:12:24.544Z
    </Time><SensorState>
      Present
    </SensorState><Extensions>
      <TPX xmlns="http://www.garmin.com/xmlschemas/ActivityExtension/v2">
      <nax:Nax>
      <nax:AscentInMeters>
      0.0792694091796875
    </nax:AscentInMeters>
    </nax:Nax>
    </TPX>
    </Extensions>
    </Trackpoint>
<Trackpoint>
      <Time>
      2025-09-06T16:12:24.861Z
    </Time><SensorState>
      Present
    </SensorState><Extensions>
      <TPX xmlns="http://www.garmin.com/xmlschemas/ActivityExtension/v2">
      <ns3:Speed>
      2.560343595122496
    </ns3:Speed><nax:Nax>
      <nax:Pace>
      6.509542976347778
    </nax:Pace>
    </nax:Nax>
    </TPX>
    </Extensions>
    </Trackpoint>
<Trackpoint>
      <Time>
      2025-09-06T16:12:24.862Z
    </Time><DistanceMeters>
      6.1801070279907435
    </DistanceMeters><Cadence>
      159.41516876220703
    </Cadence><SensorState>
      Present
    </SensorState>
    </Trackpoint>
<Trackpoint>
      <Time>
      2025-09-06T16:12:25.604Z
    </Time><SensorState>
      Present
    </SensorState><Extensions>
      <TPX xmlns="http://www.garmin.com/xmlschemas/ActivityExtension/v2">
      <nax:Nax>
      <nax:AscentInMeters>
      0.0475616455078125
    </nax:AscentInMeters>
    </nax:Nax>
    </TPX>
    </Extensions>
    </Trackpoint>
<Trackpoint>
      <Time>
      2025-09-06T16:12:26.664Z
    </Time><SensorState>
      Present
    </SensorState><Extensions>
      <TPX xmlns="http://www.garmin.com/xmlschemas/ActivityExtension/v2">
      <nax:Nax>
      <nax:AscentInMeters>
      0.04227447509765625
    </nax:AscentInMeters>
    </nax:Nax>
    </TPX>
    </Extensions>
    </Trackpoint>
<Trackpoint>
      <Time>
      2025-09-06T16:12:26.999Z
    </Time><Position>
      <LatitudeDegrees>
      47.60503646989463
    </LatitudeDegrees><LongitudeDegrees>
      -122.2926178402811
    </LongitudeDegrees>
    </Position><AltitudeMeters>
      93.94577685277909
    </AltitudeMeters><SensorState>
      Present
    </SensorState>
    </Trackpoint>
<Trackpoint>
      <Time>
      2025-09-06T16:12:27.416Z
    </Time><DistanceMeters>
      5.948002342833206
    </DistanceMeters><SensorState>
      Present
    </SensorState><Extensions>
      <TPX xmlns="http://www.garmin.com/xmlschemas/ActivityExtension/v2">
      <ns3:Speed>
      2.5578218418463337
    </ns3:Speed><nax:Nax>
      <nax:Pace>
      6.515960726426524
    </nax:Pace>
    </nax:Nax>
    </TPX>
    </Extensions>
    </Trackpoint>
<Trackpoint>
      <Time>
      2025-09-06T16:12:27.417Z
    </Time><Cadence>
      159.8011064529419
    </Cadence><SensorState>
      Present
    </SensorState>
    </Trackpoint>
<Trackpoint>
      <Time>
      2025-09-06T16:12:27.723Z
    </Time><SensorState>
      Present
    </SensorState><Extensions>
      <TPX xmlns="http://www.garmin.com/xmlschemas/ActivityExtension/v2">
      <nax:Nax>
      <nax:AscentInMeters>
      0.03963470458984375
    </nax:AscentInMeters>
    </nax:Nax>
    </TPX>
    </Extensions>
    </Trackpoint>
<Trackpoint>
      <Time>
      2025-09-06T16:12:28.783Z
    </Time><SensorState>
      Present
    </SensorState><Extensions>
      <TPX xmlns="http://www.garmin.com/xmlschemas/ActivityExtension/v2">
      <nax:Nax>
      <nax:AscentInMeters>
      0.02114105224609375
    </nax:AscentInMeters>
    </nax:Nax>
    </TPX>
    </Extensions>
    </Trackpoint>
<Trackpoint>
      <Time>
      2025-09-06T16:12:29.843Z
    </Time><SensorState>
      Present
    </SensorState><Extensions>
      <TPX xmlns="http://www.garmin.com/xmlschemas/ActivityExtension/v2">
      <nax:Nax>
      <nax:AscentInMeters>
      0.01849365234375
    </nax:AscentInMeters>
    </nax:Nax>
    </TPX>
    </Extensions>
    </Trackpoint>
<Trackpoint>
      <Time>
      2025-09-06T16:12:29.971Z
    </Time><SensorState>
      Present
    </SensorState><Extensions>
      <TPX xmlns="http://www.garmin.com/xmlschemas/ActivityExtension/v2">
      <ns3:Speed>
      2.5440593137196865
    </ns3:Speed><nax:Nax>
      <nax:Pace>
      6.551209941052129
    </nax:Pace>
    </nax:Nax>
    </TPX>
    </Extensions>
    </Trackpoint>
<Trackpoint>
      <Time>
      2025-09-06T16:12:29.972Z
    </Time><DistanceMeters>
      6.234896685462445
    </DistanceMeters><Cadence>
      159.66444969177246
    </Cadence><SensorState>
      Present
    </SensorState>
    </Trackpoint>
<Trackpoint>
      <Time>
      2025-09-06T16:12:30.903Z
    </Time><SensorState>
      Present
    </SensorState><Extensions>
      <TPX xmlns="http://www.garmin.com/xmlschemas/ActivityExtension/v2">
      <nax:Nax>
      <nax:AscentInMeters>
      0.00792694091796875
    </nax:AscentInMeters>
    </nax:Nax>
    </TPX>
    </Extensions>
    </Trackpoint>
<Trackpoint>
      <Time>
      2025-09-06T16:12:31.000Z
    </Time><SensorState>
      Present
    </SensorState><Extensions>
      <TPX xmlns="http://www.garmin.com/xmlschemas/ActivityExtension/v2">
      <nax:Nax>
      <nax:NikeFuel>
      6.59509321999089
    </nax:NikeFuel>
    </nax:Nax>
    </TPX>
    </Extensions>
    </Trackpoint>
<Trackpoint>
      <Time>
      2025-09-06T16:12:31.962Z
    </Time><SensorState>
      Present
    </SensorState><Extensions>
      <TPX xmlns="http://www.garmin.com/xmlschemas/ActivityExtension/v2">
      <nax:Nax>
      <nax:AscentInMeters>
      0.0105743408203125
    </nax:AscentInMeters>
    </nax:Nax>
    </TPX>
    </Extensions>
    </Trackpoint>
<Trackpoint>
      <Time>
      2025-09-06T16:12:31.999Z
    </Time><Position>
      <LatitudeDegrees>
      47.60514673110299
    </LatitudeDegrees><LongitudeDegrees>
      -122.29262149054787
    </LongitudeDegrees>
    </Position><AltitudeMeters>
      93.47358607221395
    </AltitudeMeters><SensorState>
      Present
    </SensorState>
    </Trackpoint>
<Trackpoint>
      <Time>
      2025-09-06T16:12:32.527Z
    </Time><SensorState>
      Present
    </SensorState><Extensions>
      <TPX xmlns="http://www.garmin.com/xmlschemas/ActivityExtension/v2">
      <ns3:Speed>
      2.531079672576532
    </ns3:Speed><nax:Nax>
      <nax:Pace>
      6.584805230449623
    </nax:Pace>
    </nax:Nax>
    </TPX>
    </Extensions>
    </Trackpoint>
<Trackpoint>
      <Time>
      2025-09-06T16:12:32.528Z
    </Time><DistanceMeters>
      7.326503363903612
    </DistanceMeters><Cadence>
      159.85187530517578
    </Cadence><SensorState>
      Present
    </SensorState>
    </Trackpoint>
<Trackpoint>
      <Time>
      2025-09-06T16:12:33.023Z
    </Time><SensorState>
      Present
    </SensorState><Extensions>
      <TPX xmlns="http://www.garmin.com/xmlschemas/ActivityExtension/v2">
      <nax:Nax>
      <nax:AscentInMeters>
      0.02642059326171875
    </nax:AscentInMeters>
    </nax:Nax>
    </TPX>
    </Extensions>
    </Trackpoint>
<Trackpoint>
      <Time>
      2025-09-06T16:12:34.083Z
    </Time><SensorState>
      Present
    </SensorState><Extensions>
      <TPX xmlns="http://www.garmin.com/xmlschemas/ActivityExtension/v2">
      <nax:Nax>
      <nax:AscentInMeters>
      0.01056671142578125
    </nax:AscentInMeters>
    </nax:Nax>
    </TPX>
    </Extensions>
    </Trackpoint>
<Trackpoint>
      <Time>
      2025-09-06T16:12:35.082Z
    </Time><SensorState>
      Present
    </SensorState><Extensions>
      <TPX xmlns="http://www.garmin.com/xmlschemas/ActivityExtension/v2">
      <ns3:Speed>
      2.522008694048143
    </ns3:Speed><nax:Nax>
      <nax:Pace>
      6.608488981818122
    </nax:Pace>
    </nax:Nax>
    </TPX>
    </Extensions>
    </Trackpoint>
<Trackpoint>
      <Time>
      2025-09-06T16:12:35.083Z
    </Time><DistanceMeters>
      6.698891382198781
    </DistanceMeters><Cadence>
      159.66472148895264
    </Cadence><SensorState>
      Present
    </SensorState>
    </Trackpoint>
<Trackpoint>
      <Time>
      2025-09-06T16:12:35.999Z
    </Time><Position>
      <LatitudeDegrees>
      47.6052444329943
    </LatitudeDegrees><LongitudeDegrees>
      -122.29259989515597
    </LongitudeDegrees>
    </Position><AltitudeMeters>
      93.32429971639067
    </AltitudeMeters><SensorState>
      Present
    </SensorState>
    </Trackpoint>
<Trackpoint>
      <Time>
      2025-09-06T16:12:36.202Z
    </Time><SensorState>
      Present
    </SensorState><Extensions>
      <TPX xmlns="http://www.garmin.com/xmlschemas/ActivityExtension/v2">
      <nax:Nax>
      <nax:AscentInMeters>
      0.00528717041015625
    </nax:AscentInMeters>
    </nax:Nax>
    </TPX>
    </Extensions>
    </Trackpoint>
<Trackpoint>
      <Time>
      2025-09-06T16:12:37.262Z
    </Time><SensorState>
      Present
    </SensorState><Extensions>
      <TPX xmlns="http://www.garmin.com/xmlschemas/ActivityExtension/v2">
      <nax:Nax>
      <nax:AscentInMeters>
      0.02378082275390625
    </nax:AscentInMeters>
    </nax:Nax>
    </TPX>
    </Extensions>
    </Trackpoint>
<Trackpoint>
      <Time>
      2025-09-06T16:12:37.637Z
    </Time><SensorState>
      Present
    </SensorState><Extensions>
      <TPX xmlns="http://www.garmin.com/xmlschemas/ActivityExtension/v2">
      <ns3:Speed>
      2.511711830606834
    </ns3:Speed><nax:Nax>
      <nax:Pace>
      6.635580747589173
    </nax:Pace>
    </nax:Nax>
    </TPX>
    </Extensions>
    </Trackpoint>
<Trackpoint>
      <Time>
      2025-09-06T16:12:37.638Z
    </Time><DistanceMeters>
      6.630424708360806
    </DistanceMeters><Cadence>
      159.9640989303589
    </Cadence><SensorState>
      Present
    </SensorState>
    </Trackpoint>
<Trackpoint>
      <Time>
      2025-09-06T16:12:38.322Z
    </Time><SensorState>
      Present
    </SensorState><Extensions>
      <TPX xmlns="http://www.garmin.com/xmlschemas/ActivityExtension/v2">
      <nax:Nax>
      <nax:AscentInMeters>
      0.0290679931640625
    </nax:AscentInMeters>
    </nax:Nax>
    </TPX>
    </Extensions>
    </Trackpoint>
<Trackpoint>
      <Time>
      2025-09-06T16:12:39.382Z
    </Time><SensorState>
      Present
    </SensorState><Extensions>
      <TPX xmlns="http://www.garmin.com/xmlschemas/ActivityExtension/v2">
      <nax:Nax>
      <nax:AscentInMeters>
      0.0211334228515625
    </nax:AscentInMeters>
    </nax:Nax>
    </TPX>
    </Extensions>
    </Trackpoint>
<Trackpoint>
      <Time>
      2025-09-06T16:12:39.999Z
    </Time><Position>
      <LatitudeDegrees>
      47.60534135883485
    </LatitudeDegrees><LongitudeDegrees>
      -122.29260059193832
    </LongitudeDegrees>
    </Position><AltitudeMeters>
      93.3038760330528
    </AltitudeMeters><SensorState>
      Present
    </SensorState>
    </Trackpoint>
<Trackpoint>
      <Time>
      2025-09-06T16:12:40.193Z
    </Time><SensorState>
      Present
    </SensorState><Extensions>
      <TPX xmlns="http://www.garmin.com/xmlschemas/ActivityExtension/v2">
      <ns3:Speed>
      2.502101931812286
    </ns3:Speed><nax:Nax>
      <nax:Pace>
      6.66106622386679
    </nax:Pace>
    </nax:Nax>
    </TPX>
    </Extensions>
    </Trackpoint>
<Trackpoint>
      <Time>
      2025-09-06T16:12:40.194Z
    </Time><DistanceMeters>
      7.2934684553183615
    </DistanceMeters><Cadence>
      160.15088081359863
    </Cadence><SensorState>
      Present
    </SensorState>
    </Trackpoint>
<Trackpoint>
      <Time>
      2025-09-06T16:12:40.442Z
    </Time><SensorState>
      Present
    </SensorState><Extensions>
      <TPX xmlns="http://www.garmin.com/xmlschemas/ActivityExtension/v2">
      <nax:Nax>
      <nax:AscentInMeters>
      0.03699493408203125
    </nax:AscentInMeters>
    </nax:Nax>
    </TPX>
    </Extensions>
    </Trackpoint>
<Trackpoint>
      <Time>
      2025-09-06T16:12:41.000Z
    </Time><SensorState>
      Present
    </SensorState><Extensions>
      <TPX xmlns="http://www.garmin.com/xmlschemas/ActivityExtension/v2">
      <nax:Nax>
      <nax:NikeFuel>
      6.519355860437881
    </nax:NikeFuel>
    </nax:Nax>
    </TPX>
    </Extensions>
    </Trackpoint>
<Trackpoint>
      <Time>
      2025-09-06T16:12:41.501Z
    </Time><SensorState>
      Present
    </SensorState><Extensions>
      <TPX xmlns="http://www.garmin.com/xmlschemas/ActivityExtension/v2">
      <nax:Nax>
      <nax:AscentInMeters>
      0.02642059326171875
    </nax:AscentInMeters>
    </nax:Nax>
    </TPX>
    </Extensions>
    </Trackpoint>
<Trackpoint>
      <Time>
      2025-09-06T16:12:42.562Z
    </Time><SensorState>
      Present
    </SensorState><Extensions>
      <TPX xmlns="http://www.garmin.com/xmlschemas/ActivityExtension/v2">
      <nax:Nax>
      <nax:AscentInMeters>
      0.05020904541015625
    </nax:AscentInMeters>
    </nax:Nax>
    </TPX>
    </Extensions>
    </Trackpoint>
<Trackpoint>
      <Time>
      2025-09-06T16:12:42.748Z
    </Time><SensorState>
      Present
    </SensorState><Extensions>
      <TPX xmlns="http://www.garmin.com/xmlschemas/ActivityExtension/v2">
      <ns3:Speed>
      2.493653171318386
    </ns3:Speed><nax:Nax>
      <nax:Pace>
      6.683634620228705
    </nax:Pace>
    </nax:Nax>
    </TPX>
    </Extensions>
    </Trackpoint>
<Trackpoint>
      <Time>
      2025-09-06T16:12:42.749Z
    </Time><DistanceMeters>
      6.341327287722379
    </DistanceMeters><Cadence>
      160.2756643295288
    </Cadence><SensorState>
      Present
    </SensorState>
    </Trackpoint>
<Trackpoint>
      <Time>
      2025-09-06T16:12:43.622Z
    </Time><SensorState>
      Present
    </SensorState><Extensions>
      <TPX xmlns="http://www.garmin.com/xmlschemas/ActivityExtension/v2">
      <nax:Nax>
      <nax:AscentInMeters>
      0.01320648193359375
    </nax:AscentInMeters>
    </nax:Nax>
    </TPX>
    </Extensions>
    </Trackpoint>
<Trackpoint>
      <Time>
      2025-09-06T16:12:43.999Z
    </Time><Position>
      <LatitudeDegrees>
      47.60543597964591
    </LatitudeDegrees><LongitudeDegrees>
      -122.29259919132947
    </LongitudeDegrees>
    </Position><AltitudeMeters>
      94.66430074442178
    </AltitudeMeters><SensorState>
      Present
    </SensorState>
    </Trackpoint>
<Trackpoint>
      <Time>
      2025-09-06T16:12:44.681Z
    </Time><SensorState>
      Present
    </SensorState><Extensions>
      <TPX xmlns="http://www.garmin.com/xmlschemas/ActivityExtension/v2">
      <nax:Nax>
      <nax:AscentInMeters>
      0.05020904541015625
    </nax:AscentInMeters>
    </nax:Nax>
    </TPX>
    </Extensions>
    </Trackpoint>
<Trackpoint>
      <Time>
      2025-09-06T16:12:45.303Z
    </Time><SensorState>
      Present
    </SensorState><Extensions>
      <TPX xmlns="http://www.garmin.com/xmlschemas/ActivityExtension/v2">
      <ns3:Speed>
      2.487900509015067
    </ns3:Speed><nax:Nax>
      <nax:Pace>
      6.699088892933592
    </nax:Pace>
    </nax:Nax>
    </TPX>
    </Extensions>
    </Trackpoint>
<Trackpoint>
      <Time>
      2025-09-06T16:12:45.304Z
    </Time><DistanceMeters>
      7.20267152111046
    </DistanceMeters><Cadence>
      161.32012367248535
    </Cadence><SensorState>
      Present
    </SensorState>
    </Trackpoint>
<Trackpoint>
      <Time>
      2025-09-06T16:12:45.741Z
    </Time><SensorState>
      Present
    </SensorState><Extensions>
      <TPX xmlns="http://www.garmin.com/xmlschemas/ActivityExtension/v2">
      <nax:Nax>
      <nax:AscentInMeters>
      0.031707763671875
    </nax:AscentInMeters>
    </nax:Nax>
    </TPX>
    </Extensions>
    </Trackpoint>
<Trackpoint>
      <Time>
      2025-09-06T16:12:46.801Z
    </Time><SensorState>
      Present
    </SensorState><Extensions>
      <TPX xmlns="http://www.garmin.com/xmlschemas/ActivityExtension/v2">
      <nax:Nax>
      <nax:AscentInMeters>
      0.00792694091796875
    </nax:AscentInMeters>
    </nax:Nax>
    </TPX>
    </Extensions>
    </Trackpoint>
<Trackpoint>
      <Time>
      2025-09-06T16:12:47.859Z
    </Time><SensorState>
      Present
    </SensorState><Extensions>
      <TPX xmlns="http://www.garmin.com/xmlschemas/ActivityExtension/v2">
      <ns3:Speed>
      2.4824700809281106
    </ns3:Speed><nax:Nax>
      <nax:Pace>
      6.71374321677044
    </nax:Pace>
    </nax:Nax>
    </TPX>
    </Extensions>
    </Trackpoint>
<Trackpoint>
      <Time>
      2025-09-06T16:12:47.860Z
    </Time><DistanceMeters>
      6.8922780368011445
    </DistanceMeters><Cadence>
      161.32022380828857
    </Cadence><SensorState>
      Present
    </SensorState>
    </Trackpoint>
<Trackpoint>
      <Time>
      2025-09-06T16:12:47.861Z
    </Time><SensorState>
      Present
    </SensorState><Extensions>
      <TPX xmlns="http://www.garmin.com/xmlschemas/ActivityExtension/v2">
      <nax:Nax>
      <nax:AscentInMeters>
      0.01056671142578125
    </nax:AscentInMeters>
    </nax:Nax>
    </TPX>
    </Extensions>
    </Trackpoint>
<Trackpoint>
      <Time>
      2025-09-06T16:12:47.999Z
    </Time><Position>
      <LatitudeDegrees>
      47.60552864390375
    </LatitudeDegrees><LongitudeDegrees>
      -122.29262065446206
    </LongitudeDegrees>
    </Position><AltitudeMeters>
      94.80796103179455
    </AltitudeMeters><SensorState>
      Present
    </SensorState>
    </Trackpoint>
<Trackpoint>
      <Time>
      2025-09-06T16:12:48.921Z
    </Time><SensorState>
      Present
    </SensorState><Extensions>
      <TPX xmlns="http://www.garmin.com/xmlschemas/ActivityExtension/v2">
      <nax:Nax>
      <nax:AscentInMeters>
      0.044921875
    </nax:AscentInMeters>
    </nax:Nax>
    </TPX>
    </Extensions>
    </Trackpoint>
<Trackpoint>
      <Time>
      2025-09-06T16:12:49.981Z
    </Time><SensorState>
      Present
    </SensorState><Extensions>
      <TPX xmlns="http://www.garmin.com/xmlschemas/ActivityExtension/v2">
      <nax:Nax>
      <nax:AscentInMeters>
      0.0211334228515625
    </nax:AscentInMeters>
    </nax:Nax>
    </TPX>
    </Extensions>
    </Trackpoint>
<Trackpoint>
      <Time>
      2025-09-06T16:12:50.414Z
    </Time><SensorState>
      Present
    </SensorState><Extensions>
      <TPX xmlns="http://www.garmin.com/xmlschemas/ActivityExtension/v2">
      <ns3:Speed>
      2.478361541554515
    </ns3:Speed><nax:Nax>
      <nax:Pace>
      6.724873020831638
    </nax:Pace>
    </nax:Nax>
    </TPX>
    </Extensions>
    </Trackpoint>
<Trackpoint>
      <Time>
      2025-09-06T16:12:50.415Z
    </Time><DistanceMeters>
      7.515477050561458
    </DistanceMeters><Cadence>
      161.25756740570068
    </Cadence><SensorState>
      Present
    </SensorState>
    </Trackpoint>
<Trackpoint>
      <Time>
      2025-09-06T16:12:51.000Z
    </Time><SensorState>
      Present
    </SensorState><Extensions>
      <TPX xmlns="http://www.garmin.com/xmlschemas/ActivityExtension/v2">
      <nax:Nax>
      <nax:NikeFuel>
      6.491051608953634
    </nax:NikeFuel>
    </nax:Nax>
    </TPX>
    </Extensions>
    </Trackpoint>
<Trackpoint>
      <Time>
      2025-09-06T16:12:51.040Z
    </Time><SensorState>
      Present
    </SensorState><Extensions>
      <TPX xmlns="http://www.garmin.com/xmlschemas/ActivityExtension/v2">
      <nax:Nax>
      <nax:AscentInMeters>
      0.00528717041015625
    </nax:AscentInMeters>
    </nax:Nax>
    </TPX>
    </Extensions>
    </Trackpoint>
<Trackpoint>
      <Time>
      2025-09-06T16:12:51.999Z
    </Time><Position>
      <LatitudeDegrees>
      47.605633055536096
    </LatitudeDegrees><LongitudeDegrees>
      -122.29262656742452
    </LongitudeDegrees>
    </Position><AltitudeMeters>
      94.77090400829911
    </AltitudeMeters><SensorState>
      Present
    </SensorState>
    </Trackpoint>
<Trackpoint>
      <Time>
      2025-09-06T16:12:52.100Z
    </Time><SensorState>
      Present
    </SensorState><Extensions>
      <TPX xmlns="http://www.garmin.com/xmlschemas/ActivityExtension/v2">
      <nax:Nax>
      <nax:AscentInMeters>
      0.0026397705078125
    </nax:AscentInMeters>
    </nax:Nax>
    </TPX>
    </Extensions>
    </Trackpoint>
<Trackpoint>
      <Time>
      2025-09-06T16:12:52.969Z
    </Time><SensorState>
      Present
    </SensorState><Extensions>
      <TPX xmlns="http://www.garmin.com/xmlschemas/ActivityExtension/v2">
      <ns3:Speed>
      2.4757855732688814
    </ns3:Speed><nax:Nax>
      <nax:Pace>
      6.731870015972741
    </nax:Pace>
    </nax:Nax>
    </TPX>
    </Extensions>
    </Trackpoint>
<Trackpoint>
      <Time>
      2025-09-06T16:12:52.970Z
    </Time><DistanceMeters>
      6.204266667133197
    </DistanceMeters><Cadence>
      160.96524238586426
    </Cadence><SensorState>
      Present
    </SensorState>
    </Trackpoint>
<Trackpoint>
      <Time>
      2025-09-06T16:12:53.159Z
    </Time><SensorState>
      Present
    </SensorState><Extensions>
      <TPX xmlns="http://www.garmin.com/xmlschemas/ActivityExtension/v2">
      <nax:Nax>
      <nax:AscentInMeters>
      0.0158538818359375
    </nax:AscentInMeters>
    </nax:Nax>
    </TPX>
    </Extensions>
    </Trackpoint>
<Trackpoint>
      <Time>
      2025-09-06T16:12:54.220Z
    </Time><SensorState>
      Present
    </SensorState><Extensions>
      <TPX xmlns="http://www.garmin.com/xmlschemas/ActivityExtension/v2">
      <nax:Nax>
      <nax:AscentInMeters>
      0.02378082275390625
    </nax:AscentInMeters>
    </nax:Nax>
    </TPX>
    </Extensions>
    </Trackpoint>
<Trackpoint>
      <Time>
      2025-09-06T16:12:55.280Z
    </Time><SensorState>
      Present
    </SensorState><Extensions>
      <TPX xmlns="http://www.garmin.com/xmlschemas/ActivityExtension/v2">
      <nax:Nax>
      <nax:AscentInMeters>
      0.01850128173828125
    </nax:AscentInMeters>
    </nax:Nax>
    </TPX>
    </Extensions>
    </Trackpoint>
<Trackpoint>
      <Time>
      2025-09-06T16:12:55.525Z
    </Time><SensorState>
      Present
    </SensorState><Extensions>
      <TPX xmlns="http://www.garmin.com/xmlschemas/ActivityExtension/v2">
      <ns3:Speed>
      2.4734849041549154
    </ns3:Speed><nax:Nax>
      <nax:Pace>
      6.738131548193522
    </nax:Pace>
    </nax:Nax>
    </TPX>
    </Extensions>
    </Trackpoint>
<Trackpoint>
      <Time>
      2025-09-06T16:12:55.526Z
    </Time><DistanceMeters>
      7.273575498722494
    </DistanceMeters><Cadence>
      160.52607536315918
    </Cadence><SensorState>
      Present
    </SensorState>
    </Trackpoint>
<Trackpoint>
      <Time>
      2025-09-06T16:12:55.999Z
    </Time><Position>
      <LatitudeDegrees>
      47.60573246346362
    </LatitudeDegrees><LongitudeDegrees>
      -122.29262115003586
    </LongitudeDegrees>
    </Position><AltitudeMeters>
      95.98095088265836
    </AltitudeMeters><SensorState>
      Present
    </SensorState>
    </Trackpoint>
<Trackpoint>
      <Time>
      2025-09-06T16:12:56.340Z
    </Time><SensorState>
      Present
    </SensorState><Extensions>
      <TPX xmlns="http://www.garmin.com/xmlschemas/ActivityExtension/v2">
      <nax:Nax>
      <nax:AscentInMeters>
      0.0343475341796875
    </nax:AscentInMeters>
    </nax:Nax>
    </TPX>
    </Extensions>
    </Trackpoint>
<Trackpoint>
      <Time>
      2025-09-06T16:12:57.400Z
    </Time><SensorState>
      Present
    </SensorState><Extensions>
      <TPX xmlns="http://www.garmin.com/xmlschemas/ActivityExtension/v2">
      <nax:Nax>
      <nax:AscentInMeters>
      0.02114105224609375
    </nax:AscentInMeters>
    </nax:Nax>
    </TPX>
    </Extensions>
    </Trackpoint>
<Trackpoint>
      <Time>
      2025-09-06T16:12:58.080Z
    </Time><DistanceMeters>
      7.34747225092724
    </DistanceMeters><SensorState>
      Present
    </SensorState><Extensions>
      <TPX xmlns="http://www.garmin.com/xmlschemas/ActivityExtension/v2">
      <ns3:Speed>
      2.472674788373386
    </ns3:Speed><nax:Nax>
      <nax:Pace>
      6.740339144085582
    </nax:Pace>
    </nax:Nax>
    </TPX>
    </Extensions>
    </Trackpoint>
<Trackpoint>
      <Time>
      2025-09-06T16:12:58.081Z
    </Time><Cadence>
      160.46359062194824
    </Cadence><SensorState>
      Present
    </SensorState>
    </Trackpoint>
<Trackpoint>
      <Time>
      2025-09-06T16:12:58.459Z
    </Time><SensorState>
      Present
    </SensorState><Extensions>
      <TPX xmlns="http://www.garmin.com/xmlschemas/ActivityExtension/v2">
      <nax:Nax>
      <nax:AscentInMeters>
      0.005279541015625
    </nax:AscentInMeters>
    </nax:Nax>
    </TPX>
    </Extensions>
    </Trackpoint>
<Trackpoint>
      <Time>
      2025-09-06T16:12:59.519Z
    </Time><SensorState>
      Present
    </SensorState><Extensions>
      <TPX xmlns="http://www.garmin.com/xmlschemas/ActivityExtension/v2">
      <nax:Nax>
      <nax:AscentInMeters>
      0.00528717041015625
    </nax:AscentInMeters>
    </nax:Nax>
    </TPX>
    </Extensions>
    </Trackpoint>
<Trackpoint>
      <Time>
      2025-09-06T16:12:59.999Z
    </Time><Position>
      <LatitudeDegrees>
      47.605831080549535
    </LatitudeDegrees><LongitudeDegrees>
      -122.29264983309767
    </LongitudeDegrees>
    </Position><AltitudeMeters>
      95.96967535000294
    </AltitudeMeters><SensorState>
      Present
    </SensorState>
    </Trackpoint>
<Trackpoint>
      <Time>
      2025-09-06T16:13:00.579Z
    </Time><SensorState>
      Present
    </SensorState><Extensions>
      <TPX xmlns="http://www.garmin.com/xmlschemas/ActivityExtension/v2">
      <nax:Nax>
      <nax:AscentInMeters>
      0.0290679931640625
    </nax:AscentInMeters>
    </nax:Nax>
    </TPX>
    </Extensions>
    </Trackpoint>
<Trackpoint>
      <Time>
      2025-09-06T16:13:00.635Z
    </Time><SensorState>
      Present
    </SensorState><Extensions>
      <TPX xmlns="http://www.garmin.com/xmlschemas/ActivityExtension/v2">
      <ns3:Speed>
      2.473906125824082
    </ns3:Speed><nax:Nax>
      <nax:Pace>
      6.736984274661932
    </nax:Pace>
    </nax:Nax>
    </TPX>
    </Extensions>
    </Trackpoint>
<Trackpoint>
      <Time>
      2025-09-06T16:13:00.636Z
    </Time><DistanceMeters>
      7.309486340731382
    </DistanceMeters><Cadence>
      160.46363353729248
    </Cadence><SensorState>
      Present
    </SensorState>
    </Trackpoint>
<Trackpoint>
      <Time>
      2025-09-06T16:13:01.000Z
    </Time><SensorState>
      Present
    </SensorState><Extensions>
      <TPX xmlns="http://www.garmin.com/xmlschemas/ActivityExtension/v2">
      <nax:Nax>
      <nax:NikeFuel>
      6.512514673115447
    </nax:NikeFuel>
    </nax:Nax>
    </TPX>
    </Extensions>
    </Trackpoint>
<Trackpoint>
      <Time>
      2025-09-06T16:13:02.699Z
    </Time><SensorState>
      Present
    </SensorState><Extensions>
      <TPX xmlns="http://www.garmin.com/xmlschemas/ActivityExtension/v2">
      <nax:Nax>
      <nax:AscentInMeters>
      0.02906036376953125
    </nax:AscentInMeters>
    </nax:Nax>
    </TPX>
    </Extensions>
    </Trackpoint>
<Trackpoint>
      <Time>
      2025-09-06T16:13:03.191Z
    </Time><SensorState>
      Present
    </SensorState><Extensions>
      <TPX xmlns="http://www.garmin.com/xmlschemas/ActivityExtension/v2">
      <ns3:Speed>
      2.4772725131002766
    </ns3:Speed><nax:Nax>
      <nax:Pace>
      6.7278293278314125
    </nax:Pace>
    </nax:Nax>
    </TPX>
    </Extensions>
    </Trackpoint>
<Trackpoint>
      <Time>
      2025-09-06T16:13:03.192Z
    </Time><DistanceMeters>
      7.324178664479405
    </DistanceMeters><Cadence>
      160.65148830413818
    </Cadence><SensorState>
      Present
    </SensorState>
    </Trackpoint>
<Trackpoint>
      <Time>
      2025-09-06T16:13:03.758Z
    </Time><SensorState>
      Present
    </SensorState><Extensions>
      <TPX xmlns="http://www.garmin.com/xmlschemas/ActivityExtension/v2">
      <nax:Nax>
      <nax:AscentInMeters>
      0.02642822265625
    </nax:AscentInMeters>
    </nax:Nax>
    </TPX>
    </Extensions>
    </Trackpoint>
<Trackpoint>
      <Time>
      2025-09-06T16:13:03.999Z
    </Time><Position>
      <LatitudeDegrees>
      47.605930131926044
    </LatitudeDegrees><LongitudeDegrees>
      -122.29265261047114
    </LongitudeDegrees>
    </Position><AltitudeMeters>
      96.34924708493054
    </AltitudeMeters><SensorState>
      Present
    </SensorState>
    </Trackpoint>
<Trackpoint>
      <Time>
      2025-09-06T16:13:04.819Z
    </Time><SensorState>
      Present
    </SensorState><Extensions>
      <TPX xmlns="http://www.garmin.com/xmlschemas/ActivityExtension/v2">
      <nax:Nax>
      <nax:AscentInMeters>
      0.0211334228515625
    </nax:AscentInMeters>
    </nax:Nax>
    </TPX>
    </Extensions>
    </Trackpoint>
<Trackpoint>
      <Time>
      2025-09-06T16:13:05.746Z
    </Time><SensorState>
      Present
    </SensorState><Extensions>
      <TPX xmlns="http://www.garmin.com/xmlschemas/ActivityExtension/v2">
      <ns3:Speed>
      2.480023574375074
    </ns3:Speed><nax:Nax>
      <nax:Pace>
      6.720366225093807
    </nax:Pace>
    </nax:Nax>
    </TPX>
    </Extensions>
    </Trackpoint>
<Trackpoint>
      <Time>
      2025-09-06T16:13:05.747Z
    </Time><DistanceMeters>
      7.548549900529906
    </DistanceMeters><Cadence>
      160.52627563476562
    </Cadence><SensorState>
      Present
    </SensorState>
    </Trackpoint>
<Trackpoint>
      <Time>
      2025-09-06T16:13:05.878Z
    </Time><SensorState>
      Present
    </SensorState><Extensions>
      <TPX xmlns="http://www.garmin.com/xmlschemas/ActivityExtension/v2">
      <nax:Nax>
      <nax:AscentInMeters>
      0.05284881591796875
    </nax:AscentInMeters>
    </nax:Nax>
    </TPX>
    </Extensions>
    </Trackpoint>
<Trackpoint>
      <Time>
      2025-09-06T16:13:06.938Z
    </Time><SensorState>
      Present
    </SensorState><Extensions>
      <TPX xmlns="http://www.garmin.com/xmlschemas/ActivityExtension/v2">
      <nax:Nax>
      <nax:AscentInMeters>
      0.02378082275390625
    </nax:AscentInMeters>
    </nax:Nax>
    </TPX>
    </Extensions>
    </Trackpoint>
<Trackpoint>
      <Time>
      2025-09-06T16:13:07.998Z
    </Time><SensorState>
      Present
    </SensorState><Extensions>
      <TPX xmlns="http://www.garmin.com/xmlschemas/ActivityExtension/v2">
      <nax:Nax>
      <nax:AscentInMeters>
      0.02642059326171875
    </nax:AscentInMeters>
    </nax:Nax>
    </TPX>
    </Extensions>
    </Trackpoint>
<Trackpoint>
      <Time>
      2025-09-06T16:13:07.999Z
    </Time><Position>
      <LatitudeDegrees>
      47.606035280412215
    </LatitudeDegrees><LongitudeDegrees>
      -122.29264444847335
    </LongitudeDegrees>
    </Position><AltitudeMeters>
      97.31268440373242
    </AltitudeMeters><SensorState>
      Present
    </SensorState>
    </Trackpoint>
<Trackpoint>
      <Time>
      2025-09-06T16:13:08.301Z
    </Time><SensorState>
      Present
    </SensorState><Extensions>
      <TPX xmlns="http://www.garmin.com/xmlschemas/ActivityExtension/v2">
      <ns3:Speed>
      2.483930656147125
    </ns3:Speed><nax:Nax>
      <nax:Pace>
      6.709795470908463
    </nax:Pace>
    </nax:Nax>
    </TPX>
    </Extensions>
    </Trackpoint>
<Trackpoint>
      <Time>
      2025-09-06T16:13:08.302Z
    </Time><DistanceMeters>
      6.956732140155509
    </DistanceMeters><Cadence>
      160.41771411895752
    </Cadence><SensorState>
      Present
    </SensorState>
    </Trackpoint>
<Trackpoint>
      <Time>
      2025-09-06T16:13:09.058Z
    </Time><SensorState>
      Present
    </SensorState><Extensions>
      <TPX xmlns="http://www.garmin.com/xmlschemas/ActivityExtension/v2">
      <nax:Nax>
      <nax:AscentInMeters>
      0.00264739990234375
    </nax:AscentInMeters>
    </nax:Nax>
    </TPX>
    </Extensions>
    </Trackpoint>
<Trackpoint>
      <Time>
      2025-09-06T16:13:10.857Z
    </Time><SensorState>
      Present
    </SensorState><Extensions>
      <TPX xmlns="http://www.garmin.com/xmlschemas/ActivityExtension/v2">
      <ns3:Speed>
      2.4899112310843843
    </ns3:Speed><nax:Nax>
      <nax:Pace>
      6.693679059155914
    </nax:Pace>
    </nax:Nax>
    </TPX>
    </Extensions>
    </Trackpoint>
<Trackpoint>
      <Time>
      2025-09-06T16:13:10.858Z
    </Time><DistanceMeters>
      7.884120522765444
    </DistanceMeters><Cadence>
      160.2291440963745
    </Cadence><SensorState>
      Present
    </SensorState>
    </Trackpoint>
<Trackpoint>
      <Time>
      2025-09-06T16:13:11.000Z
    </Time><SensorState>
      Present
    </SensorState><Extensions>
      <TPX xmlns="http://www.garmin.com/xmlschemas/ActivityExtension/v2">
      <nax:Nax>
      <nax:NikeFuel>
      6.566961596094263
    </nax:NikeFuel>
    </nax:Nax>
    </TPX>
    </Extensions>
    </Trackpoint>
<Trackpoint>
      <Time>
      2025-09-06T16:13:11.178Z
    </Time><SensorState>
      Present
    </SensorState><Extensions>
      <TPX xmlns="http://www.garmin.com/xmlschemas/ActivityExtension/v2">
      <nax:Nax>
      <nax:AscentInMeters>
      0.0026397705078125
    </nax:AscentInMeters>
    </nax:Nax>
    </TPX>
    </Extensions>
    </Trackpoint>
<Trackpoint>
      <Time>
      2025-09-06T16:13:11.999Z
    </Time><Position>
      <LatitudeDegrees>
      47.60614784116632
    </LatitudeDegrees><LongitudeDegrees>
      -122.29263677974684
    </LongitudeDegrees>
    </Position><AltitudeMeters>
      96.63465896435082
    </AltitudeMeters><SensorState>
      Present
    </SensorState>
    </Trackpoint>
<Trackpoint>
      <Time>
      2025-09-06T16:13:13.412Z
    </Time><SensorState>
      Present
    </SensorState><Extensions>
      <TPX xmlns="http://www.garmin.com/xmlschemas/ActivityExtension/v2">
      <ns3:Speed>
      2.49786738817814
    </ns3:Speed><nax:Nax>
      <nax:Pace>
      6.672358486902208
    </nax:Pace>
    </nax:Nax>
    </TPX>
    </Extensions>
    </Trackpoint>
<Trackpoint>
      <Time>
      2025-09-06T16:13:13.413Z
    </Time><DistanceMeters>
      5.992301093414426
    </DistanceMeters><Cadence>
      160.41784286499023
    </Cadence><SensorState>
      Present
    </SensorState>
    </Trackpoint>
<Trackpoint>
      <Time>
      2025-09-06T16:13:15.967Z
    </Time><SensorState>
      Present
    </SensorState><Extensions>
      <TPX xmlns="http://www.garmin.com/xmlschemas/ActivityExtension/v2">
      <ns3:Speed>
      2.5046075209022702
    </ns3:Speed><nax:Nax>
      <nax:Pace>
      6.654402547135447
    </nax:Pace>
    </nax:Nax>
    </TPX>
    </Extensions>
    </Trackpoint>
<Trackpoint>
      <Time>
      2025-09-06T16:13:15.968Z
    </Time><DistanceMeters>
      7.3437843068968505
    </DistanceMeters><Cadence>
      160.22927284240723
    </Cadence><SensorState>
      Present
    </SensorState>
    </Trackpoint>
<Trackpoint>
      <Time>
      2025-09-06T16:13:15.999Z
    </Time><Position>
      <LatitudeDegrees>
      47.606239230957094
    </LatitudeDegrees><LongitudeDegrees>
      -122.29262828854112
    </LongitudeDegrees>
    </Position><AltitudeMeters>
      96.18368270993233
    </AltitudeMeters><SensorState>
      Present
    </SensorState>
    </Trackpoint>
<Trackpoint>
      <Time>
      2025-09-06T16:13:17.538Z
    </Time><SensorState>
      Present
    </SensorState><Extensions>
      <TPX xmlns="http://www.garmin.com/xmlschemas/ActivityExtension/v2">
      <nax:Nax>
      <nax:AscentInMeters>
      0.00792694091796875
    </nax:AscentInMeters>
    </nax:Nax>
    </TPX>
    </Extensions>
    </Trackpoint>
<Trackpoint>
      <Time>
      2025-09-06T16:13:18.523Z
    </Time><SensorState>
      Present
    </SensorState><Extensions>
      <TPX xmlns="http://www.garmin.com/xmlschemas/ActivityExtension/v2">
      <ns3:Speed>
      2.513014111997594
    </ns3:Speed><nax:Nax>
      <nax:Pace>
      6.63214209068581
    </nax:Pace>
    </nax:Nax>
    </TPX>
    </Extensions>
    </Trackpoint>
<Trackpoint>
      <Time>
      2025-09-06T16:13:18.524Z
    </Time><DistanceMeters>
      6.6162938959896564
    </DistanceMeters><Cadence>
      160.33907890319824
    </Cadence><SensorState>
      Present
    </SensorState>
    </Trackpoint>
<Trackpoint>
      <Time>
      2025-09-06T16:13:19.999Z
    </Time><Position>
      <LatitudeDegrees>
      47.60633124335325
    </LatitudeDegrees><LongitudeDegrees>
      -122.29264131942057
    </LongitudeDegrees>
    </Position><AltitudeMeters>
      96.8478448279202
    </AltitudeMeters><SensorState>
      Present
    </SensorState>
    </Trackpoint>
<Trackpoint>
      <Time>
      2025-09-06T16:13:20.718Z
    </Time><SensorState>
      Present
    </SensorState><Extensions>
      <TPX xmlns="http://www.garmin.com/xmlschemas/ActivityExtension/v2">
      <nax:Nax>
      <nax:AscentInMeters>
      0.03963470458984375
    </nax:AscentInMeters>
    </nax:Nax>
    </TPX>
    </Extensions>
    </Trackpoint>
<Trackpoint>
      <Time>
      2025-09-06T16:13:21.000Z
    </Time><SensorState>
      Present
    </SensorState><Extensions>
      <TPX xmlns="http://www.garmin.com/xmlschemas/ActivityExtension/v2">
      <nax:Nax>
      <nax:NikeFuel>
      6.638349119364689
    </nax:NikeFuel>
    </nax:Nax>
    </TPX>
    </Extensions>
    </Trackpoint>
<Trackpoint>
      <Time>
      2025-09-06T16:13:21.078Z
    </Time><SensorState>
      Present
    </SensorState><Extensions>
      <TPX xmlns="http://www.garmin.com/xmlschemas/ActivityExtension/v2">
      <ns3:Speed>
      2.521616574597615
    </ns3:Speed><nax:Nax>
      <nax:Pace>
      6.609516623012455
    </nax:Pace>
    </nax:Nax>
    </TPX>
    </Extensions>
    </Trackpoint>
<Trackpoint>
      <Time>
      2025-09-06T16:13:21.079Z
    </Time><DistanceMeters>
      6.333723805146292
    </DistanceMeters><Cadence>
      160.46409130096436
    </Cadence><SensorState>
      Present
    </SensorState>
    </Trackpoint>
<Trackpoint>
      <Time>
      2025-09-06T16:13:21.778Z
    </Time><SensorState>
      Present
    </SensorState><Extensions>
      <TPX xmlns="http://www.garmin.com/xmlschemas/ActivityExtension/v2">
      <nax:Nax>
      <nax:AscentInMeters>
      0.05284881591796875
    </nax:AscentInMeters>
    </nax:Nax>
    </TPX>
    </Extensions>
    </Trackpoint>
<Trackpoint>
      <Time>
      2025-09-06T16:13:22.837Z
    </Time><SensorState>
      Present
    </SensorState><Extensions>
      <TPX xmlns="http://www.garmin.com/xmlschemas/ActivityExtension/v2">
      <nax:Nax>
      <nax:AscentInMeters>
      0.03699493408203125
    </nax:AscentInMeters>
    </nax:Nax>
    </TPX>
    </Extensions>
    </Trackpoint>
<Trackpoint>
      <Time>
      2025-09-06T16:13:23.633Z
    </Time><DistanceMeters>
      6.6294808683451265
    </DistanceMeters><SensorState>
      Present
    </SensorState><Extensions>
      <TPX xmlns="http://www.garmin.com/xmlschemas/ActivityExtension/v2">
      <ns3:Speed>
      2.5297691949077814
    </ns3:Speed><nax:Nax>
      <nax:Pace>
      6.5882163085135605
    </nax:Pace>
    </nax:Nax>
    </TPX>
    </Extensions>
    </Trackpoint>
<Trackpoint>
      <Time>
      2025-09-06T16:13:23.634Z
    </Time><Cadence>
      160.22944450378418
    </Cadence><SensorState>
      Present
    </SensorState>
    </Trackpoint>
<Trackpoint>
      <Time>
      2025-09-06T16:13:23.896Z
    </Time><SensorState>
      Present
    </SensorState><Extensions>
      <TPX xmlns="http://www.garmin.com/xmlschemas/ActivityExtension/v2">
      <nax:Nax>
      <nax:AscentInMeters>
      0.02378082275390625
    </nax:AscentInMeters>
    </nax:Nax>
    </TPX>
    </Extensions>
    </Trackpoint>
<Trackpoint>
      <Time>
      2025-09-06T16:13:24.957Z
    </Time><SensorState>
      Present
    </SensorState><Extensions>
      <TPX xmlns="http://www.garmin.com/xmlschemas/ActivityExtension/v2">
      <nax:Nax>
      <nax:AscentInMeters>
      0.01849365234375
    </nax:AscentInMeters>
    </nax:Nax>
    </TPX>
    </Extensions>
    </Trackpoint>
<Trackpoint>
      <Time>
      2025-09-06T16:13:24.999Z
    </Time><Position>
      <LatitudeDegrees>
      47.606451158716524
    </LatitudeDegrees><LongitudeDegrees>
      -122.29262965303452
    </LongitudeDegrees>
    </Position><AltitudeMeters>
      96.60855194553733
    </AltitudeMeters><SensorState>
      Present
    </SensorState>
    </Trackpoint>
<Trackpoint>
      <Time>
      2025-09-06T16:13:26.017Z
    </Time><SensorState>
      Present
    </SensorState><Extensions>
      <TPX xmlns="http://www.garmin.com/xmlschemas/ActivityExtension/v2">
      <nax:Nax>
      <nax:AscentInMeters>
      0.00792694091796875
    </nax:AscentInMeters>
    </nax:Nax>
    </TPX>
    </Extensions>
    </Trackpoint>
<Trackpoint>
      <Time>
      2025-09-06T16:13:26.189Z
    </Time><SensorState>
      Present
    </SensorState><Extensions>
      <TPX xmlns="http://www.garmin.com/xmlschemas/ActivityExtension/v2">
      <ns3:Speed>
      2.538547265811526
    </ns3:Speed><nax:Nax>
      <nax:Pace>
      6.565434841859699
    </nax:Pace>
    </nax:Nax>
    </TPX>
    </Extensions>
    </Trackpoint>
<Trackpoint>
      <Time>
      2025-09-06T16:13:26.190Z
    </Time><DistanceMeters>
      6.984943132381886
    </DistanceMeters><Cadence>
      160.29231548309326
    </Cadence><SensorState>
      Present
    </SensorState>
    </Trackpoint>
<Trackpoint>
      <Time>
      2025-09-06T16:13:27.077Z
    </Time><SensorState>
      Present
    </SensorState><Extensions>
      <TPX xmlns="http://www.garmin.com/xmlschemas/ActivityExtension/v2">
      <nax:Nax>
      <nax:AscentInMeters>
      0.00792694091796875
    </nax:AscentInMeters>
    </nax:Nax>
    </TPX>
    </Extensions>
    </Trackpoint>
<Trackpoint>
      <Time>
      2025-09-06T16:13:28.137Z
    </Time><SensorState>
      Present
    </SensorState><Extensions>
      <TPX xmlns="http://www.garmin.com/xmlschemas/ActivityExtension/v2">
      <nax:Nax>
      <nax:AscentInMeters>
      0.0026397705078125
    </nax:AscentInMeters>
    </nax:Nax>
    </TPX>
    </Extensions>
    </Trackpoint>
<Trackpoint>
      <Time>
      2025-09-06T16:13:28.744Z
    </Time><SensorState>
      Present
    </SensorState><Extensions>
      <TPX xmlns="http://www.garmin.com/xmlschemas/ActivityExtension/v2">
      <ns3:Speed>
      2.5480844235646045
    </ns3:Speed><nax:Nax>
      <nax:Pace>
      6.540861249546467
    </nax:Pace>
    </nax:Nax>
    </TPX>
    </Extensions>
    </Trackpoint>
<Trackpoint>
      <Time>
      2025-09-06T16:13:28.745Z
    </Time><DistanceMeters>
      6.966201610630378
    </DistanceMeters><Cadence>
      160.22953033447266
    </Cadence><SensorState>
      Present
    </SensorState>
    </Trackpoint>
<Trackpoint>
      <Time>
      2025-09-06T16:13:28.999Z
    </Time><Position>
      <LatitudeDegrees>
      47.60654271761401
    </LatitudeDegrees><LongitudeDegrees>
      -122.2926136858609
    </LongitudeDegrees>
    </Position><AltitudeMeters>
      97.18823587615043
    </AltitudeMeters><SensorState>
      Present
    </SensorState>
    </Trackpoint>
<Trackpoint>
      <Time>
      2025-09-06T16:13:29.197Z
    </Time><SensorState>
      Present
    </SensorState><Extensions>
      <TPX xmlns="http://www.garmin.com/xmlschemas/ActivityExtension/v2">
      <nax:Nax>
      <nax:AscentInMeters>
      0.01850128173828125
    </nax:AscentInMeters>
    </nax:Nax>
    </TPX>
    </Extensions>
    </Trackpoint>
<Trackpoint>
      <Time>
      2025-09-06T16:13:30.257Z
    </Time><SensorState>
      Present
    </SensorState><Extensions>
      <TPX xmlns="http://www.garmin.com/xmlschemas/ActivityExtension/v2">
      <nax:Nax>
      <nax:AscentInMeters>
      0.005279541015625
    </nax:AscentInMeters>
    </nax:Nax>
    </TPX>
    </Extensions>
    </Trackpoint>
<Trackpoint>
      <Time>
      2025-09-06T16:13:31.000Z
    </Time><SensorState>
      Present
    </SensorState><Extensions>
      <TPX xmlns="http://www.garmin.com/xmlschemas/ActivityExtension/v2">
      <nax:Nax>
      <nax:NikeFuel>
      6.720304347111652
    </nax:NikeFuel>
    </nax:Nax>
    </TPX>
    </Extensions>
    </Trackpoint>
<Trackpoint>
      <Time>
      2025-09-06T16:13:31.299Z
    </Time><SensorState>
      Present
    </SensorState><Extensions>
      <TPX xmlns="http://www.garmin.com/xmlschemas/ActivityExtension/v2">
      <ns3:Speed>
      2.556934474715913
    </ns3:Speed><nax:Nax>
      <nax:Pace>
      6.518222047328143
    </nax:Pace>
    </nax:Nax>
    </TPX>
    </Extensions>
    </Trackpoint>
<Trackpoint>
      <Time>
      2025-09-06T16:13:31.300Z
    </Time><DistanceMeters>
      6.322968922322616
    </DistanceMeters><Cadence>
      160.48118591308594
    </Cadence><SensorState>
      Present
    </SensorState>
    </Trackpoint>
<Trackpoint>
      <Time>
      2025-09-06T16:13:32.376Z
    </Time><SensorState>
      Present
    </SensorState><Extensions>
      <TPX xmlns="http://www.garmin.com/xmlschemas/ActivityExtension/v2">
      <nax:Nax>
      <nax:AscentInMeters>
      0.02642822265625
    </nax:AscentInMeters>
    </nax:Nax>
    </TPX>
    </Extensions>
    </Trackpoint>
<Trackpoint>
      <Time>
      2025-09-06T16:13:32.999Z
    </Time><Position>
      <LatitudeDegrees>
      47.60663471121565
    </LatitudeDegrees><LongitudeDegrees>
      -122.29261145220113
    </LongitudeDegrees>
    </Position><AltitudeMeters>
      96.89286522567272
    </AltitudeMeters><SensorState>
      Present
    </SensorState>
    </Trackpoint>
<Trackpoint>
      <Time>
      2025-09-06T16:13:33.855Z
    </Time><SensorState>
      Present
    </SensorState><Extensions>
      <TPX xmlns="http://www.garmin.com/xmlschemas/ActivityExtension/v2">
      <ns3:Speed>
      2.5641790493579384
    </ns3:Speed><nax:Nax>
      <nax:Pace>
      6.499806115661051
    </nax:Pace>
    </nax:Nax>
    </TPX>
    </Extensions>
    </Trackpoint>
<Trackpoint>
      <Time>
      2025-09-06T16:13:33.856Z
    </Time><DistanceMeters>
      6.409684761427343
    </DistanceMeters><Cadence>
      160.7775592803955
    </Cadence><SensorState>
      Present
    </SensorState>
    </Trackpoint>
<Trackpoint>
      <Time>
      2025-09-06T16:13:34.497Z
    </Time><SensorState>
      Present
    </SensorState><Extensions>
      <TPX xmlns="http://www.garmin.com/xmlschemas/ActivityExtension/v2">
      <nax:Nax>
      <nax:AscentInMeters>
      0.00792694091796875
    </nax:AscentInMeters>
    </nax:Nax>
    </TPX>
    </Extensions>
    </Trackpoint>
<Trackpoint>
      <Time>
      2025-09-06T16:13:35.557Z
    </Time><SensorState>
      Present
    </SensorState><Extensions>
      <TPX xmlns="http://www.garmin.com/xmlschemas/ActivityExtension/v2">
      <nax:Nax>
      <nax:AscentInMeters>
      0.0026397705078125
    </nax:AscentInMeters>
    </nax:Nax>
    </TPX>
    </Extensions>
    </Trackpoint>
<Trackpoint>
      <Time>
      2025-09-06T16:13:36.410Z
    </Time><SensorState>
      Present
    </SensorState><Extensions>
      <TPX xmlns="http://www.garmin.com/xmlschemas/ActivityExtension/v2">
      <ns3:Speed>
      2.571313325395082
    </ns3:Speed><nax:Nax>
      <nax:Pace>
      6.481771980902342
    </nax:Pace>
    </nax:Nax>
    </TPX>
    </Extensions>
    </Trackpoint>
<Trackpoint>
      <Time>
      2025-09-06T16:13:36.411Z
    </Time><DistanceMeters>
      7.2417866385076195
    </DistanceMeters><Cadence>
      161.15514278411865
    </Cadence><SensorState>
      Present
    </SensorState>
    </Trackpoint>
<Trackpoint>
      <Time>
      2025-09-06T16:13:36.617Z
    </Time><SensorState>
      Present
    </SensorState><Extensions>
      <TPX xmlns="http://www.garmin.com/xmlschemas/ActivityExtension/v2">
      <nax:Nax>
      <nax:AscentInMeters>
      0.0026397705078125
    </nax:AscentInMeters>
    </nax:Nax>
    </TPX>
    </Extensions>
    </Trackpoint>
<Trackpoint>
      <Time>
      2025-09-06T16:13:36.999Z
    </Time><Position>
      <LatitudeDegrees>
      47.606730044976324
    </LatitudeDegrees><LongitudeDegrees>
      -122.29263633080042
    </LongitudeDegrees>
    </Position><AltitudeMeters>
      97.35598153341562
    </AltitudeMeters><SensorState>
      Present
    </SensorState>
    </Trackpoint>
<Trackpoint>
      <Time>
      2025-09-06T16:13:38.737Z
    </Time><SensorState>
      Present
    </SensorState><Extensions>
      <TPX xmlns="http://www.garmin.com/xmlschemas/ActivityExtension/v2">
      <nax:Nax>
      <nax:AscentInMeters>
      0.013214111328125
    </nax:AscentInMeters>
    </nax:Nax>
    </TPX>
    </Extensions>
    </Trackpoint>
<Trackpoint>
      <Time>
      2025-09-06T16:13:38.965Z
    </Time><SensorState>
      Present
    </SensorState><Extensions>
      <TPX xmlns="http://www.garmin.com/xmlschemas/ActivityExtension/v2">
      <ns3:Speed>
      2.5803299891856524
    </ns3:Speed><nax:Nax>
      <nax:Pace>
      6.459122180696988
    </nax:Pace>
    </nax:Nax>
    </TPX>
    </Extensions>
    </Trackpoint>
<Trackpoint>
      <Time>
      2025-09-06T16:13:38.966Z
    </Time><DistanceMeters>
      5.95261649065651
    </DistanceMeters><Cadence>
      160.966157913208
    </Cadence><SensorState>
      Present
    </SensorState>
    </Trackpoint>
<Trackpoint>
      <Time>
      2025-09-06T16:13:41.000Z
    </Time><SensorState>
      Present
    </SensorState><Extensions>
      <TPX xmlns="http://www.garmin.com/xmlschemas/ActivityExtension/v2">
      <nax:Nax>
      <nax:NikeFuel>
      6.7869697026547176
    </nax:NikeFuel>
    </nax:Nax>
    </TPX>
    </Extensions>
    </Trackpoint>
<Trackpoint>
      <Time>
      2025-09-06T16:13:41.521Z
    </Time><DistanceMeters>
      5.198456639423966
    </DistanceMeters><SensorState>
      Present
    </SensorState><Extensions>
      <TPX xmlns="http://www.garmin.com/xmlschemas/ActivityExtension/v2">
      <ns3:Speed>
      2.5873785030095084
    </ns3:Speed><nax:Nax>
      <nax:Pace>
      6.441526296705658
    </nax:Pace>
    </nax:Nax>
    </TPX>
    </Extensions>
    </Trackpoint>
<Trackpoint>
      <Time>
      2025-09-06T16:13:41.522Z
    </Time><Cadence>
      160.5443286895752
    </Cadence><SensorState>
      Present
    </SensorState>
    </Trackpoint>
<Trackpoint>
      <Time>
      2025-09-06T16:13:41.999Z
    </Time><Position>
      <LatitudeDegrees>
      47.60683038521892
    </LatitudeDegrees><LongitudeDegrees>
      -122.29266790873005
    </LongitudeDegrees>
    </Position><AltitudeMeters>
      97.98314067255706
    </AltitudeMeters><SensorState>
      Present
    </SensorState>
    </Trackpoint>
<Trackpoint>
      <Time>
      2025-09-06T16:13:44.076Z
    </Time><SensorState>
      Present
    </SensorState><Extensions>
      <TPX xmlns="http://www.garmin.com/xmlschemas/ActivityExtension/v2">
      <ns3:Speed>
      2.592850632839635
    </ns3:Speed><nax:Nax>
      <nax:Pace>
      6.427931657757581
    </nax:Pace>
    </nax:Nax>
    </TPX>
    </Extensions>
    </Trackpoint>
<Trackpoint>
      <Time>
      2025-09-06T16:13:44.077Z
    </Time><DistanceMeters>
      7.772660282906145
    </DistanceMeters><Cadence>
      159.9036169052124
    </Cadence><SensorState>
      Present
    </SensorState>
    </Trackpoint>
<Trackpoint>
      <Time>
      2025-09-06T16:13:46.000Z
    </Time><Position>
      <LatitudeDegrees>
      47.60692828652891
    </LatitudeDegrees><LongitudeDegrees>
      -122.29266030953767
    </LongitudeDegrees>
    </Position><AltitudeMeters>
      98.92336742859334
    </AltitudeMeters><SensorState>
      Present
    </SensorState>
    </Trackpoint>
<Trackpoint>
      <Time>
      2025-09-06T16:13:46.156Z
    </Time><SensorState>
      Present
    </SensorState><Extensions>
      <TPX xmlns="http://www.garmin.com/xmlschemas/ActivityExtension/v2">
      <nax:Nax>
      <nax:AscentInMeters>
      0.02378082275390625
    </nax:AscentInMeters>
    </nax:Nax>
    </TPX>
    </Extensions>
    </Trackpoint>
<Trackpoint>
      <Time>
      2025-09-06T16:13:46.631Z
    </Time><SensorState>
      Present
    </SensorState><Extensions>
      <TPX xmlns="http://www.garmin.com/xmlschemas/ActivityExtension/v2">
      <ns3:Speed>
      2.598195288657969
    </ns3:Speed><nax:Nax>
      <nax:Pace>
      6.414708986434736
    </nax:Pace>
    </nax:Nax>
    </TPX>
    </Extensions>
    </Trackpoint>
<Trackpoint>
      <Time>
      2025-09-06T16:13:46.632Z
    </Time><DistanceMeters>
      6.413529312470928
    </DistanceMeters><Cadence>
      159.7913360595703
    </Cadence><SensorState>
      Present
    </SensorState>
    </Trackpoint>
<Trackpoint>
      <Time>
      2025-09-06T16:13:47.216Z
    </Time><SensorState>
      Present
    </SensorState><Extensions>
      <TPX xmlns="http://www.garmin.com/xmlschemas/ActivityExtension/v2">
      <nax:Nax>
      <nax:AscentInMeters>
      0.02642059326171875
    </nax:AscentInMeters>
    </nax:Nax>
    </TPX>
    </Extensions>
    </Trackpoint>
<Trackpoint>
      <Time>
      2025-09-06T16:13:48.276Z
    </Time><SensorState>
      Present
    </SensorState><Extensions>
      <TPX xmlns="http://www.garmin.com/xmlschemas/ActivityExtension/v2">
      <nax:Nax>
      <nax:AscentInMeters>
      0.06606292724609375
    </nax:AscentInMeters>
    </nax:Nax>
    </TPX>
    </Extensions>
    </Trackpoint>
<Trackpoint>
      <Time>
      2025-09-06T16:13:49.187Z
    </Time><SensorState>
      Present
    </SensorState><Extensions>
      <TPX xmlns="http://www.garmin.com/xmlschemas/ActivityExtension/v2">
      <ns3:Speed>
      2.6039343139305657
    </ns3:Speed><nax:Nax>
      <nax:Pace>
      6.400571081038063
    </nax:Pace>
    </nax:Nax>
    </TPX>
    </Extensions>
    </Trackpoint>
<Trackpoint>
      <Time>
      2025-09-06T16:13:49.188Z
    </Time><DistanceMeters>
      7.221122101647779
    </DistanceMeters><Cadence>
      159.8538637161255
    </Cadence><SensorState>
      Present
    </SensorState>
    </Trackpoint>
<Trackpoint>
      <Time>
      2025-09-06T16:13:49.336Z
    </Time><SensorState>
      Present
    </SensorState><Extensions>
      <TPX xmlns="http://www.garmin.com/xmlschemas/ActivityExtension/v2">
      <nax:Nax>
      <nax:AscentInMeters>
      0.03963470458984375
    </nax:AscentInMeters>
    </nax:Nax>
    </TPX>
    </Extensions>
    </Trackpoint>
<Trackpoint>
      <Time>
      2025-09-06T16:13:50.000Z
    </Time><Position>
      <LatitudeDegrees>
      47.60702478821955
    </LatitudeDegrees><LongitudeDegrees>
      -122.29262882492081
    </LongitudeDegrees>
    </Position><AltitudeMeters>
      98.38539867289364
    </AltitudeMeters><SensorState>
      Present
    </SensorState>
    </Trackpoint>
<Trackpoint>
      <Time>
      2025-09-06T16:13:50.395Z
    </Time><SensorState>
      Present
    </SensorState><Extensions>
      <TPX xmlns="http://www.garmin.com/xmlschemas/ActivityExtension/v2">
      <nax:Nax>
      <nax:AscentInMeters>
      0.03963470458984375
    </nax:AscentInMeters>
    </nax:Nax>
    </TPX>
    </Extensions>
    </Trackpoint>
<Trackpoint>
      <Time>
      2025-09-06T16:13:51.000Z
    </Time><SensorState>
      Present
    </SensorState><Extensions>
      <TPX xmlns="http://www.garmin.com/xmlschemas/ActivityExtension/v2">
      <nax:Nax>
      <nax:NikeFuel>
      6.851301233279185
    </nax:NikeFuel>
    </nax:Nax>
    </TPX>
    </Extensions>
    </Trackpoint>
<Trackpoint>
      <Time>
      2025-09-06T16:13:51.455Z
    </Time><SensorState>
      Present
    </SensorState><Extensions>
      <TPX xmlns="http://www.garmin.com/xmlschemas/ActivityExtension/v2">
      <nax:Nax>
      <nax:AscentInMeters>
      0.00792694091796875
    </nax:AscentInMeters>
    </nax:Nax>
    </TPX>
    </Extensions>
    </Trackpoint>
<Trackpoint>
      <Time>
      2025-09-06T16:13:51.742Z
    </Time><SensorState>
      Present
    </SensorState><Extensions>
      <TPX xmlns="http://www.garmin.com/xmlschemas/ActivityExtension/v2">
      <ns3:Speed>
      2.61060297745867
    </ns3:Speed><nax:Nax>
      <nax:Pace>
      6.384221120781483
    </nax:Pace>
    </nax:Nax>
    </TPX>
    </Extensions>
    </Trackpoint>
<Trackpoint>
      <Time>
      2025-09-06T16:13:51.743Z
    </Time><DistanceMeters>
      7.842910818057134
    </DistanceMeters><Cadence>
      160.10437488555908
    </Cadence><SensorState>
      Present
    </SensorState>
    </Trackpoint>
<Trackpoint>
      <Time>
      2025-09-06T16:13:52.514Z
    </Time><SensorState>
      Present
    </SensorState><Extensions>
      <TPX xmlns="http://www.garmin.com/xmlschemas/ActivityExtension/v2">
      <nax:Nax>
      <nax:AscentInMeters>
      0.00792694091796875
    </nax:AscentInMeters>
    </nax:Nax>
    </TPX>
    </Extensions>
    </Trackpoint>
<Trackpoint>
      <Time>
      2025-09-06T16:13:54.000Z
    </Time><Position>
      <LatitudeDegrees>
      47.60713027097561
    </LatitudeDegrees><LongitudeDegrees>
      -122.29261328699239
    </LongitudeDegrees>
    </Position><AltitudeMeters>
      97.57587563339621
    </AltitudeMeters><SensorState>
      Present
    </SensorState>
    </Trackpoint>
<Trackpoint>
      <Time>
      2025-09-06T16:13:54.297Z
    </Time><DistanceMeters>
      6.712533969199285
    </DistanceMeters><SensorState>
      Present
    </SensorState><Extensions>
      <TPX xmlns="http://www.garmin.com/xmlschemas/ActivityExtension/v2">
      <ns3:Speed>
      2.6190254500764194
    </ns3:Speed><nax:Nax>
      <nax:Pace>
      6.363690229195885
    </nax:Pace>
    </nax:Nax>
    </TPX>
    </Extensions>
    </Trackpoint>
<Trackpoint>
      <Time>
      2025-09-06T16:13:54.298Z
    </Time><Cadence>
      160.2927589416504
    </Cadence><SensorState>
      Present
    </SensorState>
    </Trackpoint>
<Trackpoint>
      <Time>
      2025-09-06T16:13:54.635Z
    </Time><SensorState>
      Present
    </SensorState><Extensions>
      <TPX xmlns="http://www.garmin.com/xmlschemas/ActivityExtension/v2">
      <nax:Nax>
      <nax:AscentInMeters>
      0.0026397705078125
    </nax:AscentInMeters>
    </nax:Nax>
    </TPX>
    </Extensions>
    </Trackpoint>
<Trackpoint>
      <Time>
      2025-09-06T16:13:56.754Z
    </Time><SensorState>
      Present
    </SensorState><Extensions>
      <TPX xmlns="http://www.garmin.com/xmlschemas/ActivityExtension/v2">
      <nax:Nax>
      <nax:AscentInMeters>
      0.0026397705078125
    </nax:AscentInMeters>
    </nax:Nax>
    </TPX>
    </Extensions>
    </Trackpoint>
<Trackpoint>
      <Time>
      2025-09-06T16:13:56.853Z
    </Time><SensorState>
      Present
    </SensorState><Extensions>
      <TPX xmlns="http://www.garmin.com/xmlschemas/ActivityExtension/v2">
      <ns3:Speed>
      2.6256214533689266
    </ns3:Speed><nax:Nax>
      <nax:Pace>
      6.347703567580817
    </nax:Pace>
    </nax:Nax>
    </TPX>
    </Extensions>
    </Trackpoint>
<Trackpoint>
      <Time>
      2025-09-06T16:13:56.854Z
    </Time><DistanceMeters>
      7.364549769787118
    </DistanceMeters><Cadence>
      160.48161506652832
    </Cadence><SensorState>
      Present
    </SensorState>
    </Trackpoint>
<Trackpoint>
      <Time>
      2025-09-06T16:13:57.814Z
    </Time><SensorState>
      Present
    </SensorState><Extensions>
      <TPX xmlns="http://www.garmin.com/xmlschemas/ActivityExtension/v2">
      <nax:Nax>
      <nax:AscentInMeters>
      0.0105743408203125
    </nax:AscentInMeters>
    </nax:Nax>
    </TPX>
    </Extensions>
    </Trackpoint>
<Trackpoint>
      <Time>
      2025-09-06T16:13:58.000Z
    </Time><Position>
      <LatitudeDegrees>
      47.60723068697259
    </LatitudeDegrees><LongitudeDegrees>
      -122.29259718361955
    </LongitudeDegrees>
    </Position><AltitudeMeters>
      96.7877306304872
    </AltitudeMeters><SensorState>
      Present
    </SensorState>
    </Trackpoint>
<Trackpoint>
      <Time>
      2025-09-06T16:13:58.874Z
    </Time><SensorState>
      Present
    </SensorState><Extensions>
      <TPX xmlns="http://www.garmin.com/xmlschemas/ActivityExtension/v2">
      <nax:Nax>
      <nax:AscentInMeters>
      0.0475616455078125
    </nax:AscentInMeters>
    </nax:Nax>
    </TPX>
    </Extensions>
    </Trackpoint>
<Trackpoint>
      <Time>
      2025-09-06T16:13:59.408Z
    </Time><SensorState>
      Present
    </SensorState><Extensions>
      <TPX xmlns="http://www.garmin.com/xmlschemas/ActivityExtension/v2">
      <ns3:Speed>
      2.6328738071834232
    </ns3:Speed><nax:Nax>
      <nax:Pace>
      6.33021856998768
    </nax:Pace>
    </nax:Nax>
    </TPX>
    </Extensions>
    </Trackpoint>
<Trackpoint>
      <Time>
      2025-09-06T16:13:59.409Z
    </Time><DistanceMeters>
      6.589046875946224
    </DistanceMeters><Cadence>
      160.58990478515625
    </Cadence><SensorState>
      Present
    </SensorState>
    </Trackpoint>
<Trackpoint>
      <Time>
      2025-09-06T16:13:59.934Z
    </Time><SensorState>
      Present
    </SensorState><Extensions>
      <TPX xmlns="http://www.garmin.com/xmlschemas/ActivityExtension/v2">
      <nax:Nax>
      <nax:AscentInMeters>
      0.02906036376953125
    </nax:AscentInMeters>
    </nax:Nax>
    </TPX>
    </Extensions>
    </Trackpoint>
<Trackpoint>
      <Time>
      2025-09-06T16:14:00.994Z
    </Time><SensorState>
      Present
    </SensorState><Extensions>
      <TPX xmlns="http://www.garmin.com/xmlschemas/ActivityExtension/v2">
      <nax:Nax>
      <nax:AscentInMeters>
      0.0105743408203125
    </nax:AscentInMeters>
    </nax:Nax>
    </TPX>
    </Extensions>
    </Trackpoint>
<Trackpoint>
      <Time>
      2025-09-06T16:14:01.000Z
    </Time><SensorState>
      Present
    </SensorState><Extensions>
      <TPX xmlns="http://www.garmin.com/xmlschemas/ActivityExtension/v2">
      <nax:Nax>
      <nax:NikeFuel>
      6.916375725358166
    </nax:NikeFuel>
    </nax:Nax>
    </TPX>
    </Extensions>
    </Trackpoint>
<Trackpoint>
      <Time>
      2025-09-06T16:14:01.963Z
    </Time><SensorState>
      Present
    </SensorState><Extensions>
      <TPX xmlns="http://www.garmin.com/xmlschemas/ActivityExtension/v2">
      <ns3:Speed>
      2.639075187141361
    </ns3:Speed><nax:Nax>
      <nax:Pace>
      6.315343627901695
    </nax:Pace>
    </nax:Nax>
    </TPX>
    </Extensions>
    </Trackpoint>
<Trackpoint>
      <Time>
      2025-09-06T16:14:01.964Z
    </Time><DistanceMeters>
      8.181119200307876
    </DistanceMeters><Cadence>
      160.2150821685791
    </Cadence><SensorState>
      Present
    </SensorState>
    </Trackpoint>
<Trackpoint>
      <Time>
      2025-09-06T16:14:02.000Z
    </Time><Position>
      <LatitudeDegrees>
      47.60732533864288
    </LatitudeDegrees><LongitudeDegrees>
      -122.29259948236977
    </LongitudeDegrees>
    </Position><AltitudeMeters>
      96.75633577723056
    </AltitudeMeters><SensorState>
      Present
    </SensorState>
    </Trackpoint>
<Trackpoint>
      <Time>
      2025-09-06T16:14:02.054Z
    </Time><SensorState>
      Present
    </SensorState><Extensions>
      <TPX xmlns="http://www.garmin.com/xmlschemas/ActivityExtension/v2">
      <nax:Nax>
      <nax:AscentInMeters>
      0.00792694091796875
    </nax:AscentInMeters>
    </nax:Nax>
    </TPX>
    </Extensions>
    </Trackpoint>
<Trackpoint>
      <Time>
      2025-09-06T16:14:03.113Z
    </Time><SensorState>
      Present
    </SensorState><Extensions>
      <TPX xmlns="http://www.garmin.com/xmlschemas/ActivityExtension/v2">
      <nax:Nax>
      <nax:AscentInMeters>
      0.01320648193359375
    </nax:AscentInMeters>
    </nax:Nax>
    </TPX>
    </Extensions>
    </Trackpoint>
<Trackpoint>
      <Time>
      2025-09-06T16:14:04.172Z
    </Time><SensorState>
      Present
    </SensorState><Extensions>
      <TPX xmlns="http://www.garmin.com/xmlschemas/ActivityExtension/v2">
      <nax:Nax>
      <nax:AscentInMeters>
      0.0105743408203125
    </nax:AscentInMeters>
    </nax:Nax>
    </TPX>
    </Extensions>
    </Trackpoint>
<Trackpoint>
      <Time>
      2025-09-06T16:14:04.518Z
    </Time><SensorState>
      Present
    </SensorState><Extensions>
      <TPX xmlns="http://www.garmin.com/xmlschemas/ActivityExtension/v2">
      <ns3:Speed>
      2.6460972869359964
    </ns3:Speed><nax:Nax>
      <nax:Pace>
      6.298584239117509
    </nax:Pace>
    </nax:Nax>
    </TPX>
    </Extensions>
    </Trackpoint>
<Trackpoint>
      <Time>
      2025-09-06T16:14:04.519Z
    </Time><DistanceMeters>
      6.824853816535324
    </DistanceMeters><Cadence>
      159.79175090789795
    </Cadence><SensorState>
      Present
    </SensorState>
    </Trackpoint>
<Trackpoint>
      <Time>
      2025-09-06T16:14:05.233Z
    </Time><SensorState>
      Present
    </SensorState><Extensions>
      <TPX xmlns="http://www.garmin.com/xmlschemas/ActivityExtension/v2">
      <nax:Nax>
      <nax:AscentInMeters>
      0.050201416015625
    </nax:AscentInMeters>
    </nax:Nax>
    </TPX>
    </Extensions>
    </Trackpoint>
<Trackpoint>
      <Time>
      2025-09-06T16:14:06.000Z
    </Time><Position>
      <LatitudeDegrees>
      47.60743506340645
    </LatitudeDegrees><LongitudeDegrees>
      -122.29259076034405
    </LongitudeDegrees>
    </Position><AltitudeMeters>
      97.75601054448634
    </AltitudeMeters><SensorState>
      Present
    </SensorState>
    </Trackpoint>
<Trackpoint>
      <Time>
      2025-09-06T16:14:06.293Z
    </Time><SensorState>
      Present
    </SensorState><Extensions>
      <TPX xmlns="http://www.garmin.com/xmlschemas/ActivityExtension/v2">
      <nax:Nax>
      <nax:AscentInMeters>
      0.01056671142578125
    </nax:AscentInMeters>
    </nax:Nax>
    </TPX>
    </Extensions>
    </Trackpoint>
<Trackpoint>
      <Time>
      2025-09-06T16:14:07.074Z
    </Time><DistanceMeters>
      6.536513906670734
    </DistanceMeters><SensorState>
      Present
    </SensorState><Extensions>
      <TPX xmlns="http://www.garmin.com/xmlschemas/ActivityExtension/v2">
      <ns3:Speed>
      2.652695206566379
    </ns3:Speed><nax:Nax>
      <nax:Pace>
      6.2829180772109225
    </nax:Pace>
    </nax:Nax>
    </TPX>
    </Extensions>
    </Trackpoint>
<Trackpoint>
      <Time>
      2025-09-06T16:14:07.075Z
    </Time><Cadence>
      159.79182243347168
    </Cadence><SensorState>
      Present
    </SensorState>
    </Trackpoint>
<Trackpoint>
      <Time>
      2025-09-06T16:14:07.353Z
    </Time><SensorState>
      Present
    </SensorState><Extensions>
      <TPX xmlns="http://www.garmin.com/xmlschemas/ActivityExtension/v2">
      <nax:Nax>
      <nax:AscentInMeters>
      0.03963470458984375
    </nax:AscentInMeters>
    </nax:Nax>
    </TPX>
    </Extensions>
    </Trackpoint>
<Trackpoint>
      <Time>
      2025-09-06T16:14:08.413Z
    </Time><SensorState>
      Present
    </SensorState><Extensions>
      <TPX xmlns="http://www.garmin.com/xmlschemas/ActivityExtension/v2">
      <nax:Nax>
      <nax:AscentInMeters>
      0.02378082275390625
    </nax:AscentInMeters>
    </nax:Nax>
    </TPX>
    </Extensions>
    </Trackpoint>
<Trackpoint>
      <Time>
      2025-09-06T16:14:09.473Z
    </Time><SensorState>
      Present
    </SensorState><Extensions>
      <TPX xmlns="http://www.garmin.com/xmlschemas/ActivityExtension/v2">
      <nax:Nax>
      <nax:AscentInMeters>
      0.0158538818359375
    </nax:AscentInMeters>
    </nax:Nax>
    </TPX>
    </Extensions>
    </Trackpoint>
<Trackpoint>
      <Time>
      2025-09-06T16:14:09.629Z
    </Time><SensorState>
      Present
    </SensorState><Extensions>
      <TPX xmlns="http://www.garmin.com/xmlschemas/ActivityExtension/v2">
      <ns3:Speed>
      2.6572424309192164
    </ns3:Speed><nax:Nax>
      <nax:Pace>
      6.2721663905168
    </nax:Pace>
    </nax:Nax>
    </TPX>
    </Extensions>
    </Trackpoint>
<Trackpoint>
      <Time>
      2025-09-06T16:14:09.630Z
    </Time><DistanceMeters>
      5.952153320657089
    </DistanceMeters><Cadence>
      159.41797256469727
    </Cadence><SensorState>
      Present
    </SensorState>
    </Trackpoint>
<Trackpoint>
      <Time>
      2025-09-06T16:14:10.533Z
    </Time><SensorState>
      Present
    </SensorState><Extensions>
      <TPX xmlns="http://www.garmin.com/xmlschemas/ActivityExtension/v2">
      <nax:Nax>
      <nax:AscentInMeters>
      0.02642822265625
    </nax:AscentInMeters>
    </nax:Nax>
    </TPX>
    </Extensions>
    </Trackpoint>
<Trackpoint>
      <Time>
      2025-09-06T16:14:11.000Z
    </Time><Position>
      <LatitudeDegrees>
      47.607537907221214
    </LatitudeDegrees><LongitudeDegrees>
      -122.29257589530482
    </LongitudeDegrees>
    </Position><AltitudeMeters>
      97.22353465110064
    </AltitudeMeters><SensorState>
      Present
    </SensorState><Extensions>
      <TPX xmlns="http://www.garmin.com/xmlschemas/ActivityExtension/v2">
      <nax:Nax>
      <nax:NikeFuel>
      6.958830509821405
    </nax:NikeFuel>
    </nax:Nax>
    </TPX>
    </Extensions>
    </Trackpoint>
<Trackpoint>
      <Time>
      2025-09-06T16:14:11.592Z
    </Time><SensorState>
      Present
    </SensorState><Extensions>
      <TPX xmlns="http://www.garmin.com/xmlschemas/ActivityExtension/v2">
      <nax:Nax>
      <nax:AscentInMeters>
      0.00792694091796875
    </nax:AscentInMeters>
    </nax:Nax>
    </TPX>
    </Extensions>
    </Trackpoint>
<Trackpoint>
      <Time>
      2025-09-06T16:14:12.184Z
    </Time><SensorState>
      Present
    </SensorState><Extensions>
      <TPX xmlns="http://www.garmin.com/xmlschemas/ActivityExtension/v2">
      <ns3:Speed>
      2.6611283531943317
    </ns3:Speed><nax:Nax>
      <nax:Pace>
      6.26300743692447
    </nax:Pace>
    </nax:Nax>
    </TPX>
    </Extensions>
    </Trackpoint>
<Trackpoint>
      <Time>
      2025-09-06T16:14:12.185Z
    </Time><DistanceMeters>
      7.512307266937569
    </DistanceMeters><Cadence>
      159.66713905334473
    </Cadence><SensorState>
      Present
    </SensorState>
    </Trackpoint>
<Trackpoint>
      <Time>
      2025-09-06T16:14:12.652Z
    </Time><SensorState>
      Present
    </SensorState><Extensions>
      <TPX xmlns="http://www.garmin.com/xmlschemas/ActivityExtension/v2">
      <nax:Nax>
      <nax:AscentInMeters>
      0.01320648193359375
    </nax:AscentInMeters>
    </nax:Nax>
    </TPX>
    </Extensions>
    </Trackpoint>
<Trackpoint>
      <Time>
      2025-09-06T16:14:13.712Z
    </Time><SensorState>
      Present
    </SensorState><Extensions>
      <TPX xmlns="http://www.garmin.com/xmlschemas/ActivityExtension/v2">
      <nax:Nax>
      <nax:AscentInMeters>
      0.03699493408203125
    </nax:AscentInMeters>
    </nax:Nax>
    </TPX>
    </Extensions>
    </Trackpoint>
<Trackpoint>
      <Time>
      2025-09-06T16:14:14.740Z
    </Time><SensorState>
      Present
    </SensorState><Extensions>
      <TPX xmlns="http://www.garmin.com/xmlschemas/ActivityExtension/v2">
      <ns3:Speed>
      2.665178711079052
    </ns3:Speed><nax:Nax>
      <nax:Pace>
      6.2534893429036975
    </nax:Pace>
    </nax:Nax>
    </TPX>
    </Extensions>
    </Trackpoint>
<Trackpoint>
      <Time>
      2025-09-06T16:14:14.741Z
    </Time><DistanceMeters>
      7.022215910023078
    </DistanceMeters><Cadence>
      159.718279838562
    </Cadence><SensorState>
      Present
    </SensorState>
    </Trackpoint>
<Trackpoint>
      <Time>
      2025-09-06T16:14:14.771Z
    </Time><SensorState>
      Present
    </SensorState><Extensions>
      <TPX xmlns="http://www.garmin.com/xmlschemas/ActivityExtension/v2">
      <nax:Nax>
      <nax:AscentInMeters>
      0.05812835693359375
    </nax:AscentInMeters>
    </nax:Nax>
    </TPX>
    </Extensions>
    </Trackpoint>
<Trackpoint>
      <Time>
      2025-09-06T16:14:14.999Z
    </Time><Position>
      <LatitudeDegrees>
      47.60764048196261
    </LatitudeDegrees><LongitudeDegrees>
      -122.2925838632954
    </LongitudeDegrees>
    </Position><AltitudeMeters>
      96.75089549366385
    </AltitudeMeters><SensorState>
      Present
    </SensorState>
    </Trackpoint>
<Trackpoint>
      <Time>
      2025-09-06T16:14:15.832Z
    </Time><SensorState>
      Present
    </SensorState><Extensions>
      <TPX xmlns="http://www.garmin.com/xmlschemas/ActivityExtension/v2">
      <nax:Nax>
      <nax:AscentInMeters>
      0.06341552734375
    </nax:AscentInMeters>
    </nax:Nax>
    </TPX>
    </Extensions>
    </Trackpoint>
<Trackpoint>
      <Time>
      2025-09-06T16:14:16.892Z
    </Time><SensorState>
      Present
    </SensorState><Extensions>
      <TPX xmlns="http://www.garmin.com/xmlschemas/ActivityExtension/v2">
      <nax:Nax>
      <nax:AscentInMeters>
      0.05284881591796875
    </nax:AscentInMeters>
    </nax:Nax>
    </TPX>
    </Extensions>
    </Trackpoint>
<Trackpoint>
      <Time>
      2025-09-06T16:14:17.295Z
    </Time><SensorState>
      Present
    </SensorState><Extensions>
      <TPX xmlns="http://www.garmin.com/xmlschemas/ActivityExtension/v2">
      <ns3:Speed>
      2.6684640804360256
    </ns3:Speed><nax:Nax>
      <nax:Pace>
      6.245790149044593
    </nax:Pace>
    </nax:Nax>
    </TPX>
    </Extensions>
    </Trackpoint>
<Trackpoint>
      <Time>
      2025-09-06T16:14:17.296Z
    </Time><DistanceMeters>
      5.525948058348149
    </DistanceMeters><Cadence>
      159.72965240478516
    </Cadence><SensorState>
      Present
    </SensorState>
    </Trackpoint>
<Trackpoint>
      <Time>
      2025-09-06T16:14:17.951Z
    </Time><SensorState>
      Present
    </SensorState><Extensions>
      <TPX xmlns="http://www.garmin.com/xmlschemas/ActivityExtension/v2">
      <nax:Nax>
      <nax:AscentInMeters>
      0.05548858642578125
    </nax:AscentInMeters>
    </nax:Nax>
    </TPX>
    </Extensions>
    </Trackpoint>
<Trackpoint>
      <Time>
      2025-09-06T16:14:18.999Z
    </Time><Position>
      <LatitudeDegrees>
      47.60773156033835
    </LatitudeDegrees><LongitudeDegrees>
      -122.29258090311181
    </LongitudeDegrees>
    </Position><AltitudeMeters>
      96.96962672006339
    </AltitudeMeters><SensorState>
      Present
    </SensorState>
    </Trackpoint>
<Trackpoint>
      <Time>
      2025-09-06T16:14:19.011Z
    </Time><SensorState>
      Present
    </SensorState><Extensions>
      <TPX xmlns="http://www.garmin.com/xmlschemas/ActivityExtension/v2">
      <nax:Nax>
      <nax:AscentInMeters>
      0.03699493408203125
    </nax:AscentInMeters>
    </nax:Nax>
    </TPX>
    </Extensions>
    </Trackpoint>
<Trackpoint>
      <Time>
      2025-09-06T16:14:19.850Z
    </Time><DistanceMeters>
      6.7786744276527315
    </DistanceMeters><SensorState>
      Present
    </SensorState><Extensions>
      <TPX xmlns="http://www.garmin.com/xmlschemas/ActivityExtension/v2">
      <ns3:Speed>
      2.670137215046292
    </ns3:Speed><nax:Nax>
      <nax:Pace>
      6.241876474643165
    </nax:Pace>
    </nax:Nax>
    </TPX>
    </Extensions>
    </Trackpoint>
<Trackpoint>
      <Time>
      2025-09-06T16:14:19.851Z
    </Time><Cadence>
      159.66733932495117
    </Cadence><SensorState>
      Present
    </SensorState>
    </Trackpoint>
<Trackpoint>
      <Time>
      2025-09-06T16:14:20.071Z
    </Time><SensorState>
      Present
    </SensorState><Extensions>
      <TPX xmlns="http://www.garmin.com/xmlschemas/ActivityExtension/v2">
      <nax:Nax>
      <nax:AscentInMeters>
      0.0158538818359375
    </nax:AscentInMeters>
    </nax:Nax>
    </TPX>
    </Extensions>
    </Trackpoint>
<Trackpoint>
      <Time>
      2025-09-06T16:14:21.000Z
    </Time><SensorState>
      Present
    </SensorState><Extensions>
      <TPX xmlns="http://www.garmin.com/xmlschemas/ActivityExtension/v2">
      <nax:Nax>
      <nax:NikeFuel>
      6.9686268974096715
    </nax:NikeFuel>
    </nax:Nax>
    </TPX>
    </Extensions>
    </Trackpoint>
<Trackpoint>
      <Time>
      2025-09-06T16:14:21.131Z
    </Time><SensorState>
      Present
    </SensorState><Extensions>
      <TPX xmlns="http://www.garmin.com/xmlschemas/ActivityExtension/v2">
      <nax:Nax>
      <nax:AscentInMeters>
      0.03963470458984375
    </nax:AscentInMeters>
    </nax:Nax>
    </TPX>
    </Extensions>
    </Trackpoint>
<Trackpoint>
      <Time>
      2025-09-06T16:14:22.191Z
    </Time><SensorState>
      Present
    </SensorState><Extensions>
      <TPX xmlns="http://www.garmin.com/xmlschemas/ActivityExtension/v2">
      <nax:Nax>
      <nax:AscentInMeters>
      0.031707763671875
    </nax:AscentInMeters>
    </nax:Nax>
    </TPX>
    </Extensions>
    </Trackpoint>
<Trackpoint>
      <Time>
      2025-09-06T16:14:22.406Z
    </Time><SensorState>
      Present
    </SensorState><Extensions>
      <TPX xmlns="http://www.garmin.com/xmlschemas/ActivityExtension/v2">
      <ns3:Speed>
      2.670888884685997
    </ns3:Speed><nax:Nax>
      <nax:Pace>
      6.240119820119767
    </nax:Pace>
    </nax:Nax>
    </TPX>
    </Extensions>
    </Trackpoint>
<Trackpoint>
      <Time>
      2025-09-06T16:14:22.407Z
    </Time><DistanceMeters>
      6.625405115541071
    </DistanceMeters><Cadence>
      159.66733932495117
    </Cadence><SensorState>
      Present
    </SensorState>
    </Trackpoint>
<Trackpoint>
      <Time>
      2025-09-06T16:14:22.999Z
    </Time><Position>
      <LatitudeDegrees>
      47.60782541918777
    </LatitudeDegrees><LongitudeDegrees>
      -122.29258631623723
    </LongitudeDegrees>
    </Position><AltitudeMeters>
      97.14594977069646
    </AltitudeMeters><SensorState>
      Present
    </SensorState>
    </Trackpoint>
<Trackpoint>
      <Time>
      2025-09-06T16:14:23.251Z
    </Time><SensorState>
      Present
    </SensorState><Extensions>
      <TPX xmlns="http://www.garmin.com/xmlschemas/ActivityExtension/v2">
      <nax:Nax>
      <nax:AscentInMeters>
      0.01849365234375
    </nax:AscentInMeters>
    </nax:Nax>
    </TPX>
    </Extensions>
    </Trackpoint>
<Trackpoint>
      <Time>
      2025-09-06T16:14:24.310Z
    </Time><SensorState>
      Present
    </SensorState><Extensions>
      <TPX xmlns="http://www.garmin.com/xmlschemas/ActivityExtension/v2">
      <nax:Nax>
      <nax:AscentInMeters>
      0.0105743408203125
    </nax:AscentInMeters>
    </nax:Nax>
    </TPX>
    </Extensions>
    </Trackpoint>
<Trackpoint>
      <Time>
      2025-09-06T16:14:24.961Z
    </Time><SensorState>
      Present
    </SensorState><Extensions>
      <TPX xmlns="http://www.garmin.com/xmlschemas/ActivityExtension/v2">
      <ns3:Speed>
      2.6716408476312554
    </ns3:Speed><nax:Nax>
      <nax:Pace>
      6.2383634691930085
    </nax:Pace>
    </nax:Nax>
    </TPX>
    </Extensions>
    </Trackpoint>
<Trackpoint>
      <Time>
      2025-09-06T16:14:24.962Z
    </Time><DistanceMeters>
      4.922231775708497
    </DistanceMeters><Cadence>
      159.6674108505249
    </Cadence><SensorState>
      Present
    </SensorState>
    </Trackpoint>
<Trackpoint>
      <Time>
      2025-09-06T16:14:25.370Z
    </Time><SensorState>
      Present
    </SensorState><Extensions>
      <TPX xmlns="http://www.garmin.com/xmlschemas/ActivityExtension/v2">
      <nax:Nax>
      <nax:AscentInMeters>
      0.0211334228515625
    </nax:AscentInMeters>
    </nax:Nax>
    </TPX>
    </Extensions>
    </Trackpoint>
<Trackpoint>
      <Time>
      2025-09-06T16:14:26.429Z
    </Time><SensorState>
      Present
    </SensorState><Extensions>
      <TPX xmlns="http://www.garmin.com/xmlschemas/ActivityExtension/v2">
      <nax:Nax>
      <nax:AscentInMeters>
      0.03435516357421875
    </nax:AscentInMeters>
    </nax:Nax>
    </TPX>
    </Extensions>
    </Trackpoint>
<Trackpoint>
      <Time>
      2025-09-06T16:14:27.490Z
    </Time><SensorState>
      Present
    </SensorState><Extensions>
      <TPX xmlns="http://www.garmin.com/xmlschemas/ActivityExtension/v2">
      <nax:Nax>
      <nax:AscentInMeters>
      0.05812835693359375
    </nax:AscentInMeters>
    </nax:Nax>
    </TPX>
    </Extensions>
    </Trackpoint>
<Trackpoint>
      <Time>
      2025-09-06T16:14:27.516Z
    </Time><SensorState>
      Present
    </SensorState><Extensions>
      <TPX xmlns="http://www.garmin.com/xmlschemas/ActivityExtension/v2">
      <ns3:Speed>
      2.6706140583126863
    </ns3:Speed><nax:Nax>
      <nax:Pace>
      6.240761975617244
    </nax:Pace>
    </nax:Nax>
    </TPX>
    </Extensions>
    </Trackpoint>
<Trackpoint>
      <Time>
      2025-09-06T16:14:27.517Z
    </Time><DistanceMeters>
      5.277165884152055
    </DistanceMeters><Cadence>
      159.41840171813965
    </Cadence><SensorState>
      Present
    </SensorState>
    </Trackpoint>
<Trackpoint>
      <Time>
      2025-09-06T16:14:28.550Z
    </Time><SensorState>
      Present
    </SensorState><Extensions>
      <TPX xmlns="http://www.garmin.com/xmlschemas/ActivityExtension/v2">
      <nax:Nax>
      <nax:AscentInMeters>
      0.11626434326171875
    </nax:AscentInMeters>
    </nax:Nax>
    </TPX>
    </Extensions>
    </Trackpoint>
<Trackpoint>
      <Time>
      2025-09-06T16:14:28.999Z
    </Time><Position>
      <LatitudeDegrees>
      47.6079004622051
    </LatitudeDegrees><LongitudeDegrees>
      -122.2925009655351
    </LongitudeDegrees>
    </Position><AltitudeMeters>
      99.4129116712138
    </AltitudeMeters><SensorState>
      Present
    </SensorState>
    </Trackpoint>
<Trackpoint>
      <Time>
      2025-09-06T16:14:29.610Z
    </Time><SensorState>
      Present
    </SensorState><Extensions>
      <TPX xmlns="http://www.garmin.com/xmlschemas/ActivityExtension/v2">
      <nax:Nax>
      <nax:AscentInMeters>
      0.1611785888671875
    </nax:AscentInMeters>
    </nax:Nax>
    </TPX>
    </Extensions>
    </Trackpoint>
<Trackpoint>
      <Time>
      2025-09-06T16:14:30.071Z
    </Time><SensorState>
      Present
    </SensorState><Extensions>
      <TPX xmlns="http://www.garmin.com/xmlschemas/ActivityExtension/v2">
      <ns3:Speed>
      2.667870426237585
    </ns3:Speed><nax:Nax>
      <nax:Pace>
      6.247179961498787
    </nax:Pace>
    </nax:Nax>
    </TPX>
    </Extensions>
    </Trackpoint>
<Trackpoint>
      <Time>
      2025-09-06T16:14:30.072Z
    </Time><DistanceMeters>
      9.012415277538821
    </DistanceMeters><Cadence>
      159.41840171813965
    </Cadence><SensorState>
      Present
    </SensorState>
    </Trackpoint>
<Trackpoint>
      <Time>
      2025-09-06T16:14:30.669Z
    </Time><SensorState>
      Present
    </SensorState><Extensions>
      <TPX xmlns="http://www.garmin.com/xmlschemas/ActivityExtension/v2">
      <nax:Nax>
      <nax:AscentInMeters>
      0.1611785888671875
    </nax:AscentInMeters>
    </nax:Nax>
    </TPX>
    </Extensions>
    </Trackpoint>
<Trackpoint>
      <Time>
      2025-09-06T16:14:31.000Z
    </Time><SensorState>
      Present
    </SensorState><Extensions>
      <TPX xmlns="http://www.garmin.com/xmlschemas/ActivityExtension/v2">
      <nax:Nax>
      <nax:NikeFuel>
      6.973938482687087
    </nax:NikeFuel>
    </nax:Nax>
    </TPX>
    </Extensions>
    </Trackpoint>
<Trackpoint>
      <Time>
      2025-09-06T16:14:31.729Z
    </Time><SensorState>
      Present
    </SensorState><Extensions>
      <TPX xmlns="http://www.garmin.com/xmlschemas/ActivityExtension/v2">
      <nax:Nax>
      <nax:AscentInMeters>
      0.1426849365234375
    </nax:AscentInMeters>
    </nax:Nax>
    </TPX>
    </Extensions>
    </Trackpoint>
<Trackpoint>
      <Time>
      2025-09-06T16:14:31.999Z
    </Time><Position>
      <LatitudeDegrees>
      47.607904855588956
    </LatitudeDegrees><LongitudeDegrees>
      -122.2923603906113
    </LongitudeDegrees>
    </Position><AltitudeMeters>
      98.4405443938449
    </AltitudeMeters><SensorState>
      Present
    </SensorState>
    </Trackpoint>
<Trackpoint>
      <Time>
      2025-09-06T16:14:32.627Z
    </Time><SensorState>
      Present
    </SensorState><Extensions>
      <TPX xmlns="http://www.garmin.com/xmlschemas/ActivityExtension/v2">
      <ns3:Speed>
      2.669401469588658
    </ns3:Speed><nax:Nax>
      <nax:Pace>
      6.2435968723861235
    </nax:Pace>
    </nax:Nax>
    </TPX>
    </Extensions>
    </Trackpoint>
<Trackpoint>
      <Time>
      2025-09-06T16:14:32.628Z
    </Time><DistanceMeters>
      7.9526800056919456
    </DistanceMeters><Cadence>
      159.2942476272583
    </Cadence><SensorState>
      Present
    </SensorState>
    </Trackpoint>
<Trackpoint>
      <Time>
      2025-09-06T16:14:32.789Z
    </Time><SensorState>
      Present
    </SensorState><Extensions>
      <TPX xmlns="http://www.garmin.com/xmlschemas/ActivityExtension/v2">
      <nax:Nax>
      <nax:AscentInMeters>
      0.1691131591796875
    </nax:AscentInMeters>
    </nax:Nax>
    </TPX>
    </Extensions>
    </Trackpoint>
<Trackpoint>
      <Time>
      2025-09-06T16:14:33.849Z
    </Time><SensorState>
      Present
    </SensorState><Extensions>
      <TPX xmlns="http://www.garmin.com/xmlschemas/ActivityExtension/v2">
      <nax:Nax>
      <nax:AscentInMeters>
      0.1294708251953125
    </nax:AscentInMeters>
    </nax:Nax>
    </TPX>
    </Extensions>
    </Trackpoint>
<Trackpoint>
      <Time>
      2025-09-06T16:14:34.908Z
    </Time><SensorState>
      Present
    </SensorState><Extensions>
      <TPX xmlns="http://www.garmin.com/xmlschemas/ActivityExtension/v2">
      <nax:Nax>
      <nax:AscentInMeters>
      0.1109771728515625
    </nax:AscentInMeters>
    </nax:Nax>
    </TPX>
    </Extensions>
    </Trackpoint>
<Trackpoint>
      <Time>
      2025-09-06T16:14:35.182Z
    </Time><SensorState>
      Present
    </SensorState><Extensions>
      <TPX xmlns="http://www.garmin.com/xmlschemas/ActivityExtension/v2">
      <ns3:Speed>
      2.6713225891865555
    </ns3:Speed><nax:Nax>
      <nax:Pace>
      6.239106700977598
    </nax:Pace>
    </nax:Nax>
    </TPX>
    </Extensions>
    </Trackpoint>
<Trackpoint>
      <Time>
      2025-09-06T16:14:35.183Z
    </Time><DistanceMeters>
      6.972990837180987
    </DistanceMeters><Cadence>
      159.7300386428833
    </Cadence><SensorState>
      Present
    </SensorState>
    </Trackpoint>
<Trackpoint>
      <Time>
      2025-09-06T16:14:35.968Z
    </Time><SensorState>
      Present
    </SensorState><Extensions>
      <TPX xmlns="http://www.garmin.com/xmlschemas/ActivityExtension/v2">
      <nax:Nax>
      <nax:AscentInMeters>
      0.08719635009765625
    </nax:AscentInMeters>
    </nax:Nax>
    </TPX>
    </Extensions>
    </Trackpoint>
<Trackpoint>
      <Time>
      2025-09-06T16:14:35.999Z
    </Time><Position>
      <LatitudeDegrees>
      47.60791577567608
    </LatitudeDegrees><LongitudeDegrees>
      -122.2922044475267
    </LongitudeDegrees>
    </Position><AltitudeMeters>
      98.07681698072702
    </AltitudeMeters><SensorState>
      Present
    </SensorState>
    </Trackpoint>
<Trackpoint>
      <Time>
      2025-09-06T16:14:37.028Z
    </Time><SensorState>
      Present
    </SensorState><Extensions>
      <TPX xmlns="http://www.garmin.com/xmlschemas/ActivityExtension/v2">
      <nax:Nax>
      <nax:AscentInMeters>
      0.18231964111328125
    </nax:AscentInMeters>
    </nax:Nax>
    </TPX>
    </Extensions>
    </Trackpoint>
<Trackpoint>
      <Time>
      2025-09-06T16:14:37.737Z
    </Time><SensorState>
      Present
    </SensorState><Extensions>
      <TPX xmlns="http://www.garmin.com/xmlschemas/ActivityExtension/v2">
      <ns3:Speed>
      2.6736628423810593
    </ns3:Speed><nax:Nax>
      <nax:Pace>
      6.233645619963057
    </nax:Pace>
    </nax:Nax>
    </TPX>
    </Extensions>
    </Trackpoint>
<Trackpoint>
      <Time>
      2025-09-06T16:14:37.738Z
    </Time><DistanceMeters>
      6.443356264615431
    </DistanceMeters><Cadence>
      160.15367031097412
    </Cadence><SensorState>
      Present
    </SensorState>
    </Trackpoint>
<Trackpoint>
      <Time>
      2025-09-06T16:14:38.087Z
    </Time><SensorState>
      Present
    </SensorState><Extensions>
      <TPX xmlns="http://www.garmin.com/xmlschemas/ActivityExtension/v2">
      <nax:Nax>
      <nax:AscentInMeters>
      0.1558990478515625
    </nax:AscentInMeters>
    </nax:Nax>
    </TPX>
    </Extensions>
    </Trackpoint>
<Trackpoint>
      <Time>
      2025-09-06T16:14:39.148Z
    </Time><SensorState>
      Present
    </SensorState><Extensions>
      <TPX xmlns="http://www.garmin.com/xmlschemas/ActivityExtension/v2">
      <nax:Nax>
      <nax:AscentInMeters>
      0.08983612060546875
    </nax:AscentInMeters>
    </nax:Nax>
    </TPX>
    </Extensions>
    </Trackpoint>
<Trackpoint>
      <Time>
      2025-09-06T16:14:39.999Z
    </Time><Position>
      <LatitudeDegrees>
      47.60791018375942
    </LatitudeDegrees><LongitudeDegrees>
      -122.29206702188098
    </LongitudeDegrees>
    </Position><AltitudeMeters>
      98.89152820501477
    </AltitudeMeters><SensorState>
      Present
    </SensorState>
    </Trackpoint>
<Trackpoint>
      <Time>
      2025-09-06T16:14:40.207Z
    </Time><SensorState>
      Present
    </SensorState><Extensions>
      <TPX xmlns="http://www.garmin.com/xmlschemas/ActivityExtension/v2">
      <nax:Nax>
      <nax:AscentInMeters>
      0.1374053955078125
    </nax:AscentInMeters>
    </nax:Nax>
    </TPX>
    </Extensions>
    </Trackpoint>
<Trackpoint>
      <Time>
      2025-09-06T16:14:40.293Z
    </Time><SensorState>
      Present
    </SensorState><Extensions>
      <TPX xmlns="http://www.garmin.com/xmlschemas/ActivityExtension/v2">
      <ns3:Speed>
      2.675359885012387
    </ns3:Speed><nax:Nax>
      <nax:Pace>
      6.229691474419898
    </nax:Pace>
    </nax:Nax>
    </TPX>
    </Extensions>
    </Trackpoint>
<Trackpoint>
      <Time>
      2025-09-06T16:14:40.294Z
    </Time><DistanceMeters>
      6.445238424697891
    </DistanceMeters><Cadence>
      160.90476036071777
    </Cadence><SensorState>
      Present
    </SensorState>
    </Trackpoint>
<Trackpoint>
      <Time>
      2025-09-06T16:14:41.000Z
    </Time><SensorState>
      Present
    </SensorState><Extensions>
      <TPX xmlns="http://www.garmin.com/xmlschemas/ActivityExtension/v2">
      <nax:Nax>
      <nax:NikeFuel>
      6.9797337662034895
    </nax:NikeFuel>
    </nax:Nax>
    </TPX>
    </Extensions>
    </Trackpoint>
<Trackpoint>
      <Time>
      2025-09-06T16:14:41.267Z
    </Time><SensorState>
      Present
    </SensorState><Extensions>
      <TPX xmlns="http://www.garmin.com/xmlschemas/ActivityExtension/v2">
      <nax:Nax>
      <nax:AscentInMeters>
      0.13739776611328125
    </nax:AscentInMeters>
    </nax:Nax>
    </TPX>
    </Extensions>
    </Trackpoint>
<Trackpoint>
      <Time>
      2025-09-06T16:14:42.327Z
    </Time><SensorState>
      Present
    </SensorState><Extensions>
      <TPX xmlns="http://www.garmin.com/xmlschemas/ActivityExtension/v2">
      <nax:Nax>
      <nax:AscentInMeters>
      0.0792694091796875
    </nax:AscentInMeters>
    </nax:Nax>
    </TPX>
    </Extensions>
    </Trackpoint>
<Trackpoint>
      <Time>
      2025-09-06T16:14:42.848Z
    </Time><SensorState>
      Present
    </SensorState><Extensions>
      <TPX xmlns="http://www.garmin.com/xmlschemas/ActivityExtension/v2">
      <ns3:Speed>
      2.675936927825866
    </ns3:Speed><nax:Nax>
      <nax:Pace>
      6.228348094963482
    </nax:Pace>
    </nax:Nax>
    </TPX>
    </Extensions>
    </Trackpoint>
<Trackpoint>
      <Time>
      2025-09-06T16:14:42.849Z
    </Time><DistanceMeters>
      5.570002864347771
    </DistanceMeters><Cadence>
      161.03071689605713
    </Cadence><SensorState>
      Present
    </SensorState>
    </Trackpoint>
<Trackpoint>
      <Time>
      2025-09-06T16:14:43.387Z
    </Time><SensorState>
      Present
    </SensorState><Extensions>
      <TPX xmlns="http://www.garmin.com/xmlschemas/ActivityExtension/v2">
      <nax:Nax>
      <nax:AscentInMeters>
      0.08983612060546875
    </nax:AscentInMeters>
    </nax:Nax>
    </TPX>
    </Extensions>
    </Trackpoint>
<Trackpoint>
      <Time>
      2025-09-06T16:14:44.446Z
    </Time><SensorState>
      Present
    </SensorState><Extensions>
      <TPX xmlns="http://www.garmin.com/xmlschemas/ActivityExtension/v2">
      <nax:Nax>
      <nax:AscentInMeters>
      0.14533233642578125
    </nax:AscentInMeters>
    </nax:Nax>
    </TPX>
    </Extensions>
    </Trackpoint>
<Trackpoint>
      <Time>
      2025-09-06T16:14:44.999Z
    </Time><Position>
      <LatitudeDegrees>
      47.607917190075774
    </LatitudeDegrees><LongitudeDegrees>
      -122.29190920519976
    </LongitudeDegrees>
    </Position><AltitudeMeters>
      100.4523212807253
    </AltitudeMeters><SensorState>
      Present
    </SensorState>
    </Trackpoint>
<Trackpoint>
      <Time>
      2025-09-06T16:14:45.403Z
    </Time><SensorState>
      Present
    </SensorState><Extensions>
      <TPX xmlns="http://www.garmin.com/xmlschemas/ActivityExtension/v2">
      <ns3:Speed>
      2.675330040759926
    </ns3:Speed><nax:Nax>
      <nax:Pace>
      6.229760968830788
    </nax:Pace>
    </nax:Nax>
    </TPX>
    </Extensions>
    </Trackpoint>
<Trackpoint>
      <Time>
      2025-09-06T16:14:45.404Z
    </Time><DistanceMeters>
      6.906446090899408
    </DistanceMeters><Cadence>
      161.03071689605713
    </Cadence><SensorState>
      Present
    </SensorState>
    </Trackpoint>
<Trackpoint>
      <Time>
      2025-09-06T16:14:45.506Z
    </Time><SensorState>
      Present
    </SensorState><Extensions>
      <TPX xmlns="http://www.garmin.com/xmlschemas/ActivityExtension/v2">
      <nax:Nax>
      <nax:AscentInMeters>
      0.14532470703125
    </nax:AscentInMeters>
    </nax:Nax>
    </TPX>
    </Extensions>
    </Trackpoint>
<Trackpoint>
      <Time>
      2025-09-06T16:14:46.566Z
    </Time><SensorState>
      Present
    </SensorState><Extensions>
      <TPX xmlns="http://www.garmin.com/xmlschemas/ActivityExtension/v2">
      <nax:Nax>
      <nax:AscentInMeters>
      0.140045166015625
    </nax:AscentInMeters>
    </nax:Nax>
    </TPX>
    </Extensions>
    </Trackpoint>
<Trackpoint>
      <Time>
      2025-09-06T16:14:47.626Z
    </Time><SensorState>
      Present
    </SensorState><Extensions>
      <TPX xmlns="http://www.garmin.com/xmlschemas/ActivityExtension/v2">
      <nax:Nax>
      <nax:AscentInMeters>
      0.1558990478515625
    </nax:AscentInMeters>
    </nax:Nax>
    </TPX>
    </Extensions>
    </Trackpoint>
<Trackpoint>
      <Time>
      2025-09-06T16:14:47.959Z
    </Time><SensorState>
      Present
    </SensorState><Extensions>
      <TPX xmlns="http://www.garmin.com/xmlschemas/ActivityExtension/v2">
      <ns3:Speed>
      2.6748579237768046
    </ns3:Speed><nax:Nax>
      <nax:Pace>
      6.230860532261064
    </nax:Pace>
    </nax:Nax>
    </TPX>
    </Extensions>
    </Trackpoint>
<Trackpoint>
      <Time>
      2025-09-06T16:14:47.960Z
    </Time><DistanceMeters>
      5.752214940963313
    </DistanceMeters><Cadence>
      161.2199306488037
    </Cadence><SensorState>
      Present
    </SensorState>
    </Trackpoint>
<Trackpoint>
      <Time>
      2025-09-06T16:14:48.685Z
    </Time><SensorState>
      Present
    </SensorState><Extensions>
      <TPX xmlns="http://www.garmin.com/xmlschemas/ActivityExtension/v2">
      <nax:Nax>
      <nax:AscentInMeters>
      0.13739776611328125
    </nax:AscentInMeters>
    </nax:Nax>
    </TPX>
    </Extensions>
    </Trackpoint>
<Trackpoint>
      <Time>
      2025-09-06T16:14:49.745Z
    </Time><SensorState>
      Present
    </SensorState><Extensions>
      <TPX xmlns="http://www.garmin.com/xmlschemas/ActivityExtension/v2">
      <nax:Nax>
      <nax:AscentInMeters>
      0.16646575927734375
    </nax:AscentInMeters>
    </nax:Nax>
    </TPX>
    </Extensions>
    </Trackpoint>
<Trackpoint>
      <Time>
      2025-09-06T16:14:49.999Z
    </Time><Position>
      <LatitudeDegrees>
      47.60789909076924
    </LatitudeDegrees><LongitudeDegrees>
      -122.29173826541151
    </LongitudeDegrees>
    </Position><AltitudeMeters>
      100.03688544686884
    </AltitudeMeters><SensorState>
      Present
    </SensorState>
    </Trackpoint>
<Trackpoint>
      <Time>
      2025-09-06T16:14:50.514Z
    </Time><DistanceMeters>
      7.351897585904226
    </DistanceMeters><SensorState>
      Present
    </SensorState><Extensions>
      <TPX xmlns="http://www.garmin.com/xmlschemas/ActivityExtension/v2">
      <ns3:Speed>
      2.6731496924355764
    </ns3:Speed><nax:Nax>
      <nax:Pace>
      6.2348422588640116
    </nax:Pace>
    </nax:Nax>
    </TPX>
    </Extensions>
    </Trackpoint>
<Trackpoint>
      <Time>
      2025-09-06T16:14:50.515Z
    </Time><Cadence>
      161.2831449508667
    </Cadence><SensorState>
      Present
    </SensorState>
    </Trackpoint>
<Trackpoint>
      <Time>
      2025-09-06T16:14:50.806Z
    </Time><SensorState>
      Present
    </SensorState><Extensions>
      <TPX xmlns="http://www.garmin.com/xmlschemas/ActivityExtension/v2">
      <nax:Nax>
      <nax:AscentInMeters>
      0.1558990478515625
    </nax:AscentInMeters>
    </nax:Nax>
    </TPX>
    </Extensions>
    </Trackpoint>
<Trackpoint>
      <Time>
      2025-09-06T16:14:51.000Z
    </Time><SensorState>
      Present
    </SensorState><Extensions>
      <TPX xmlns="http://www.garmin.com/xmlschemas/ActivityExtension/v2">
      <nax:Nax>
      <nax:NikeFuel>
      6.9665879920560325
    </nax:NikeFuel>
    </nax:Nax>
    </TPX>
    </Extensions>
    </Trackpoint>
<Trackpoint>
      <Time>
      2025-09-06T16:14:51.865Z
    </Time><SensorState>
      Present
    </SensorState><Extensions>
      <TPX xmlns="http://www.garmin.com/xmlschemas/ActivityExtension/v2">
      <nax:Nax>
      <nax:AscentInMeters>
      0.1241912841796875
    </nax:AscentInMeters>
    </nax:Nax>
    </TPX>
    </Extensions>
    </Trackpoint>
<Trackpoint>
      <Time>
      2025-09-06T16:14:52.925Z
    </Time><SensorState>
      Present
    </SensorState><Extensions>
      <TPX xmlns="http://www.garmin.com/xmlschemas/ActivityExtension/v2">
      <nax:Nax>
      <nax:AscentInMeters>
      0.11890411376953125
    </nax:AscentInMeters>
    </nax:Nax>
    </TPX>
    </Extensions>
    </Trackpoint>
<Trackpoint>
      <Time>
      2025-09-06T16:14:53.069Z
    </Time><SensorState>
      Present
    </SensorState><Extensions>
      <TPX xmlns="http://www.garmin.com/xmlschemas/ActivityExtension/v2">
      <ns3:Speed>
      2.671541440283296
    </ns3:Speed><nax:Nax>
      <nax:Pace>
      6.238595597042019
    </nax:Pace>
    </nax:Nax>
    </TPX>
    </Extensions>
    </Trackpoint>
<Trackpoint>
      <Time>
      2025-09-06T16:14:53.070Z
    </Time><DistanceMeters>
      7.288709205109626
    </DistanceMeters><Cadence>
      161.1569595336914
    </Cadence><SensorState>
      Present
    </SensorState>
    </Trackpoint>
<Trackpoint>
      <Time>
      2025-09-06T16:14:53.985Z
    </Time><SensorState>
      Present
    </SensorState><Extensions>
      <TPX xmlns="http://www.garmin.com/xmlschemas/ActivityExtension/v2">
      <nax:Nax>
      <nax:AscentInMeters>
      0.10040283203125
    </nax:AscentInMeters>
    </nax:Nax>
    </TPX>
    </Extensions>
    </Trackpoint>
<Trackpoint>
      <Time>
      2025-09-06T16:14:53.999Z
    </Time><Position>
      <LatitudeDegrees>
      47.607896581221034
    </LatitudeDegrees><LongitudeDegrees>
      -122.29159360549063
    </LongitudeDegrees>
    </Position><AltitudeMeters>
      99.6235139714554
    </AltitudeMeters><SensorState>
      Present
    </SensorState>
    </Trackpoint>
<Trackpoint>
      <Time>
      2025-09-06T16:14:55.045Z
    </Time><SensorState>
      Present
    </SensorState><Extensions>
      <TPX xmlns="http://www.garmin.com/xmlschemas/ActivityExtension/v2">
      <nax:Nax>
      <nax:AscentInMeters>
      0.08984375
    </nax:AscentInMeters>
    </nax:Nax>
    </TPX>
    </Extensions>
    </Trackpoint>
<Trackpoint>
      <Time>
      2025-09-06T16:14:55.624Z
    </Time><SensorState>
      Present
    </SensorState><Extensions>
      <TPX xmlns="http://www.garmin.com/xmlschemas/ActivityExtension/v2">
      <ns3:Speed>
      2.670641525766506
    </ns3:Speed><nax:Nax>
      <nax:Pace>
      6.24069778960062
    </nax:Pace>
    </nax:Nax>
    </TPX>
    </Extensions>
    </Trackpoint>
<Trackpoint>
      <Time>
      2025-09-06T16:14:55.625Z
    </Time><DistanceMeters>
      6.70936786965467
    </DistanceMeters><Cadence>
      160.90513229370117
    </Cadence><SensorState>
      Present
    </SensorState>
    </Trackpoint>
<Trackpoint>
      <Time>
      2025-09-06T16:14:56.105Z
    </Time><SensorState>
      Present
    </SensorState><Extensions>
      <TPX xmlns="http://www.garmin.com/xmlschemas/ActivityExtension/v2">
      <nax:Nax>
      <nax:AscentInMeters>
      0.0819091796875
    </nax:AscentInMeters>
    </nax:Nax>
    </TPX>
    </Extensions>
    </Trackpoint>
<Trackpoint>
      <Time>
      2025-09-06T16:14:57.165Z
    </Time><SensorState>
      Present
    </SensorState><Extensions>
      <TPX xmlns="http://www.garmin.com/xmlschemas/ActivityExtension/v2">
      <nax:Nax>
      <nax:AscentInMeters>
      0.076629638671875
    </nax:AscentInMeters>
    </nax:Nax>
    </TPX>
    </Extensions>
    </Trackpoint>
<Trackpoint>
      <Time>
      2025-09-06T16:14:57.999Z
    </Time><Position>
      <LatitudeDegrees>
      47.60791269522091
    </LatitudeDegrees><LongitudeDegrees>
      -122.29145678996348
    </LongitudeDegrees>
    </Position><AltitudeMeters>
      100.39923706836998
    </AltitudeMeters><SensorState>
      Present
    </SensorState>
    </Trackpoint>
<Trackpoint>
      <Time>
      2025-09-06T16:14:58.180Z
    </Time><SensorState>
      Present
    </SensorState><Extensions>
      <TPX xmlns="http://www.garmin.com/xmlschemas/ActivityExtension/v2">
      <ns3:Speed>
      2.668954620408789
    </ns3:Speed><nax:Nax>
      <nax:Pace>
      6.244642205311803
    </nax:Pace>
    </nax:Nax>
    </TPX>
    </Extensions>
    </Trackpoint>
<Trackpoint>
      <Time>
      2025-09-06T16:14:58.181Z
    </Time><DistanceMeters>
      6.65983111737296
    </DistanceMeters><Cadence>
      160.65404891967773
    </Cadence><SensorState>
      Present
    </SensorState>
    </Trackpoint>
<Trackpoint>
      <Time>
      2025-09-06T16:14:58.225Z
    </Time><SensorState>
      Present
    </SensorState><Extensions>
      <TPX xmlns="http://www.garmin.com/xmlschemas/ActivityExtension/v2">
      <nax:Nax>
      <nax:AscentInMeters>
      0.09247589111328125
    </nax:AscentInMeters>
    </nax:Nax>
    </TPX>
    </Extensions>
    </Trackpoint>
<Trackpoint>
      <Time>
      2025-09-06T16:14:59.284Z
    </Time><SensorState>
      Present
    </SensorState><Extensions>
      <TPX xmlns="http://www.garmin.com/xmlschemas/ActivityExtension/v2">
      <nax:Nax>
      <nax:AscentInMeters>
      0.140045166015625
    </nax:AscentInMeters>
    </nax:Nax>
    </TPX>
    </Extensions>
    </Trackpoint>
<Trackpoint>
      <Time>
      2025-09-06T16:15:00.345Z
    </Time><SensorState>
      Present
    </SensorState><Extensions>
      <TPX xmlns="http://www.garmin.com/xmlschemas/ActivityExtension/v2">
      <nax:Nax>
      <nax:AscentInMeters>
      0.1743927001953125
    </nax:AscentInMeters>
    </nax:Nax>
    </TPX>
    </Extensions>
    </Trackpoint>
<Trackpoint>
      <Time>
      2025-09-06T16:15:00.735Z
    </Time><SensorState>
      Present
    </SensorState><Extensions>
      <TPX xmlns="http://www.garmin.com/xmlschemas/ActivityExtension/v2">
      <ns3:Speed>
      2.6665245459804248
    </ns3:Speed><nax:Nax>
      <nax:Pace>
      6.250333113111728
    </nax:Pace>
    </nax:Nax>
    </TPX>
    </Extensions>
    </Trackpoint>
<Trackpoint>
      <Time>
      2025-09-06T16:15:00.736Z
    </Time><DistanceMeters>
      3.145807328633964
    </DistanceMeters><Cadence>
      160.79885959625244
    </Cadence><SensorState>
      Present
    </SensorState>
    </Trackpoint>
<Trackpoint>
      <Time>
      2025-09-06T16:15:01.000Z
    </Time><SensorState>
      Present
    </SensorState><Extensions>
      <TPX xmlns="http://www.garmin.com/xmlschemas/ActivityExtension/v2">
      <nax:Nax>
      <nax:NikeFuel>
      6.924849448251626
    </nax:NikeFuel>
    </nax:Nax>
    </TPX>
    </Extensions>
    </Trackpoint>
<Trackpoint>
      <Time>
      2025-09-06T16:15:01.405Z
    </Time><SensorState>
      Present
    </SensorState><Extensions>
      <TPX xmlns="http://www.garmin.com/xmlschemas/ActivityExtension/v2">
      <nax:Nax>
      <nax:AscentInMeters>
      0.095123291015625
    </nax:AscentInMeters>
    </nax:Nax>
    </TPX>
    </Extensions>
    </Trackpoint>
<Trackpoint>
      <Time>
      2025-09-06T16:15:02.464Z
    </Time><SensorState>
      Present
    </SensorState><Extensions>
      <TPX xmlns="http://www.garmin.com/xmlschemas/ActivityExtension/v2">
      <nax:Nax>
      <nax:AscentInMeters>
      0.11362457275390625
    </nax:AscentInMeters>
    </nax:Nax>
    </TPX>
    </Extensions>
    </Trackpoint>
<Trackpoint>
      <Time>
      2025-09-06T16:15:03.290Z
    </Time><SensorState>
      Present
    </SensorState><Extensions>
      <TPX xmlns="http://www.garmin.com/xmlschemas/ActivityExtension/v2">
      <ns3:Speed>
      2.6602134012779115
    </ns3:Speed><nax:Nax>
      <nax:Pace>
      6.265161531274274
    </nax:Pace>
    </nax:Nax>
    </TPX>
    </Extensions>
    </Trackpoint>
<Trackpoint>
      <Time>
      2025-09-06T16:15:03.291Z
    </Time><DistanceMeters>
      7.241299906745553
    </DistanceMeters><Cadence>
      161.0310459136963
    </Cadence><SensorState>
      Present
    </SensorState>
    </Trackpoint>
<Trackpoint>
      <Time>
      2025-09-06T16:15:03.524Z
    </Time><SensorState>
      Present
    </SensorState><Extensions>
      <TPX xmlns="http://www.garmin.com/xmlschemas/ActivityExtension/v2">
      <nax:Nax>
      <nax:AscentInMeters>
      0.13739776611328125
    </nax:AscentInMeters>
    </nax:Nax>
    </TPX>
    </Extensions>
    </Trackpoint>
<Trackpoint>
      <Time>
      2025-09-06T16:15:03.999Z
    </Time><Position>
      <LatitudeDegrees>
      47.60791430523091
    </LatitudeDegrees><LongitudeDegrees>
      -122.2912857865503
    </LongitudeDegrees>
    </Position><AltitudeMeters>
      102.1743435524404
    </AltitudeMeters><SensorState>
      Present
    </SensorState>
    </Trackpoint>
<Trackpoint>
      <Time>
      2025-09-06T16:15:04.584Z
    </Time><SensorState>
      Present
    </SensorState><Extensions>
      <TPX xmlns="http://www.garmin.com/xmlschemas/ActivityExtension/v2">
      <nax:Nax>
      <nax:AscentInMeters>
      0.10305023193359375
    </nax:AscentInMeters>
    </nax:Nax>
    </TPX>
    </Extensions>
    </Trackpoint>
<Trackpoint>
      <Time>
      2025-09-06T16:15:05.644Z
    </Time><SensorState>
      Present
    </SensorState><Extensions>
      <TPX xmlns="http://www.garmin.com/xmlschemas/ActivityExtension/v2">
      <nax:Nax>
      <nax:AscentInMeters>
      0.0660552978515625
    </nax:AscentInMeters>
    </nax:Nax>
    </TPX>
    </Extensions>
    </Trackpoint>
<Trackpoint>
      <Time>
      2025-09-06T16:15:05.846Z
    </Time><SensorState>
      Present
    </SensorState><Extensions>
      <TPX xmlns="http://www.garmin.com/xmlschemas/ActivityExtension/v2">
      <ns3:Speed>
      2.654829746262133
    </ns3:Speed><nax:Nax>
      <nax:Pace>
      6.2778664771752295
    </nax:Pace>
    </nax:Nax>
    </TPX>
    </Extensions>
    </Trackpoint>
<Trackpoint>
      <Time>
      2025-09-06T16:15:05.847Z
    </Time><DistanceMeters>
      7.000877182465047
    </DistanceMeters><Cadence>
      161.15707397460938
    </Cadence><SensorState>
      Present
    </SensorState>
    </Trackpoint>
<Trackpoint>
      <Time>
      2025-09-06T16:15:06.704Z
    </Time><SensorState>
      Present
    </SensorState><Extensions>
      <TPX xmlns="http://www.garmin.com/xmlschemas/ActivityExtension/v2">
      <nax:Nax>
      <nax:AscentInMeters>
      0.1056976318359375
    </nax:AscentInMeters>
    </nax:Nax>
    </TPX>
    </Extensions>
    </Trackpoint>
<Trackpoint>
      <Time>
      2025-09-06T16:15:07.764Z
    </Time><SensorState>
      Present
    </SensorState><Extensions>
      <TPX xmlns="http://www.garmin.com/xmlschemas/ActivityExtension/v2">
      <nax:Nax>
      <nax:AscentInMeters>
      0.10832977294921875
    </nax:AscentInMeters>
    </nax:Nax>
    </TPX>
    </Extensions>
    </Trackpoint>
<Trackpoint>
      <Time>
      2025-09-06T16:15:07.999Z
    </Time><Position>
      <LatitudeDegrees>
      47.60791248010898
    </LatitudeDegrees><LongitudeDegrees>
      -122.29113869066019
    </LongitudeDegrees>
    </Position><AltitudeMeters>
      101.52713573072106
    </AltitudeMeters><SensorState>
      Present
    </SensorState>
    </Trackpoint>
<Trackpoint>
      <Time>
      2025-09-06T16:15:08.401Z
    </Time><SensorState>
      Present
    </SensorState><Extensions>
      <TPX xmlns="http://www.garmin.com/xmlschemas/ActivityExtension/v2">
      <ns3:Speed>
      2.6496393544956396
    </ns3:Speed><nax:Nax>
      <nax:Pace>
      6.290164221175367
    </nax:Pace>
    </nax:Nax>
    </TPX>
    </Extensions>
    </Trackpoint>
<Trackpoint>
      <Time>
      2025-09-06T16:15:08.402Z
    </Time><DistanceMeters>
      7.346117029432207
    </DistanceMeters><Cadence>
      161.53640270233154
    </Cadence><SensorState>
      Present
    </SensorState>
    </Trackpoint>
<Trackpoint>
      <Time>
      2025-09-06T16:15:08.824Z
    </Time><SensorState>
      Present
    </SensorState><Extensions>
      <TPX xmlns="http://www.garmin.com/xmlschemas/ActivityExtension/v2">
      <nax:Nax>
      <nax:AscentInMeters>
      0.058135986328125
    </nax:AscentInMeters>
    </nax:Nax>
    </TPX>
    </Extensions>
    </Trackpoint>
<Trackpoint>
      <Time>
      2025-09-06T16:15:09.883Z
    </Time><SensorState>
      Present
    </SensorState><Extensions>
      <TPX xmlns="http://www.garmin.com/xmlschemas/ActivityExtension/v2">
      <nax:Nax>
      <nax:AscentInMeters>
      0.1109771728515625
    </nax:AscentInMeters>
    </nax:Nax>
    </TPX>
    </Extensions>
    </Trackpoint>
<Trackpoint>
      <Time>
      2025-09-06T16:15:10.942Z
    </Time><SensorState>
      Present
    </SensorState><Extensions>
      <TPX xmlns="http://www.garmin.com/xmlschemas/ActivityExtension/v2">
      <nax:Nax>
      <nax:AscentInMeters>
      0.14003753662109375
    </nax:AscentInMeters>
    </nax:Nax>
    </TPX>
    </Extensions>
    </Trackpoint>
<Trackpoint>
      <Time>
      2025-09-06T16:15:10.956Z
    </Time><SensorState>
      Present
    </SensorState><Extensions>
      <TPX xmlns="http://www.garmin.com/xmlschemas/ActivityExtension/v2">
      <ns3:Speed>
      2.644358925422806
    </ns3:Speed><nax:Nax>
      <nax:Pace>
      6.302724833014806
    </nax:Pace>
    </nax:Nax>
    </TPX>
    </Extensions>
    </Trackpoint>
<Trackpoint>
      <Time>
      2025-09-06T16:15:10.957Z
    </Time><DistanceMeters>
      5.668070456478745
    </DistanceMeters><Cadence>
      161.47305965423584
    </Cadence><SensorState>
      Present
    </SensorState>
    </Trackpoint>
<Trackpoint>
      <Time>
      2025-09-06T16:15:11.000Z
    </Time><SensorState>
      Present
    </SensorState><Extensions>
      <TPX xmlns="http://www.garmin.com/xmlschemas/ActivityExtension/v2">
      <nax:Nax>
      <nax:NikeFuel>
      6.874543317715263
    </nax:NikeFuel>
    </nax:Nax>
    </TPX>
    </Extensions>
    </Trackpoint>
<Trackpoint>
      <Time>
      2025-09-06T16:15:12.003Z
    </Time><SensorState>
      Present
    </SensorState><Extensions>
      <TPX xmlns="http://www.garmin.com/xmlschemas/ActivityExtension/v2">
      <nax:Nax>
      <nax:AscentInMeters>
      0.1268310546875
    </nax:AscentInMeters>
    </nax:Nax>
    </TPX>
    </Extensions>
    </Trackpoint>
<Trackpoint>
      <Time>
      2025-09-06T16:15:12.999Z
    </Time><Position>
      <LatitudeDegrees>
      47.60791570294721
    </LatitudeDegrees><LongitudeDegrees>
      -122.29097562945908
    </LongitudeDegrees>
    </Position><AltitudeMeters>
      103.64042819011956
    </AltitudeMeters><SensorState>
      Present
    </SensorState>
    </Trackpoint>
<Trackpoint>
      <Time>
      2025-09-06T16:15:13.063Z
    </Time><SensorState>
      Present
    </SensorState><Extensions>
      <TPX xmlns="http://www.garmin.com/xmlschemas/ActivityExtension/v2">
      <nax:Nax>
      <nax:AscentInMeters>
      0.134765625
    </nax:AscentInMeters>
    </nax:Nax>
    </TPX>
    </Extensions>
    </Trackpoint>
<Trackpoint>
      <Time>
      2025-09-06T16:15:13.512Z
    </Time><SensorState>
      Present
    </SensorState><Extensions>
      <TPX xmlns="http://www.garmin.com/xmlschemas/ActivityExtension/v2">
      <ns3:Speed>
      2.637130925627132
    </ns3:Speed><nax:Nax>
      <nax:Pace>
      6.319999702973865
    </nax:Pace>
    </nax:Nax>
    </TPX>
    </Extensions>
    </Trackpoint>
<Trackpoint>
      <Time>
      2025-09-06T16:15:13.513Z
    </Time><DistanceMeters>
      6.412382525159046
    </DistanceMeters><Cadence>
      161.53640270233154
    </Cadence><SensorState>
      Present
    </SensorState>
    </Trackpoint>
<Trackpoint>
      <Time>
      2025-09-06T16:15:14.123Z
    </Time><SensorState>
      Present
    </SensorState><Extensions>
      <TPX xmlns="http://www.garmin.com/xmlschemas/ActivityExtension/v2">
      <nax:Nax>
      <nax:AscentInMeters>
      0.14003753662109375
    </nax:AscentInMeters>
    </nax:Nax>
    </TPX>
    </Extensions>
    </Trackpoint>
<Trackpoint>
      <Time>
      2025-09-06T16:15:15.183Z
    </Time><SensorState>
      Present
    </SensorState><Extensions>
      <TPX xmlns="http://www.garmin.com/xmlschemas/ActivityExtension/v2">
      <nax:Nax>
      <nax:AscentInMeters>
      0.1426849365234375
    </nax:AscentInMeters>
    </nax:Nax>
    </TPX>
    </Extensions>
    </Trackpoint>
<Trackpoint>
      <Time>
      2025-09-06T16:15:16.067Z
    </Time><DistanceMeters>
      6.6833438207395375
    </DistanceMeters><SensorState>
      Present
    </SensorState><Extensions>
      <TPX xmlns="http://www.garmin.com/xmlschemas/ActivityExtension/v2">
      <ns3:Speed>
      2.631528266332296
    </ns3:Speed><nax:Nax>
      <nax:Pace>
      6.333455308042693
    </nax:Pace>
    </nax:Nax>
    </TPX>
    </Extensions>
    </Trackpoint>
<Trackpoint>
      <Time>
      2025-09-06T16:15:16.068Z
    </Time><Cadence>
      161.5745973587036
    </Cadence><SensorState>
      Present
    </SensorState>
    </Trackpoint>
<Trackpoint>
      <Time>
      2025-09-06T16:15:16.243Z
    </Time><SensorState>
      Present
    </SensorState><Extensions>
      <TPX xmlns="http://www.garmin.com/xmlschemas/ActivityExtension/v2">
      <nax:Nax>
      <nax:AscentInMeters>
      0.121551513671875
    </nax:AscentInMeters>
    </nax:Nax>
    </TPX>
    </Extensions>
    </Trackpoint>
<Trackpoint>
      <Time>
      2025-09-06T16:15:16.999Z
    </Time><Position>
      <LatitudeDegrees>
      47.60790983119977
    </LatitudeDegrees><LongitudeDegrees>
      -122.29083981625224
    </LongitudeDegrees>
    </Position><AltitudeMeters>
      103.59316213149577
    </AltitudeMeters><SensorState>
      Present
    </SensorState>
    </Trackpoint>
<Trackpoint>
      <Time>
      2025-09-06T16:15:17.303Z
    </Time><SensorState>
      Present
    </SensorState><Extensions>
      <TPX xmlns="http://www.garmin.com/xmlschemas/ActivityExtension/v2">
      <nax:Nax>
      <nax:AscentInMeters>
      0.132110595703125
    </nax:AscentInMeters>
    </nax:Nax>
    </TPX>
    </Extensions>
    </Trackpoint>
<Trackpoint>
      <Time>
      2025-09-06T16:15:18.363Z
    </Time><SensorState>
      Present
    </SensorState><Extensions>
      <TPX xmlns="http://www.garmin.com/xmlschemas/ActivityExtension/v2">
      <nax:Nax>
      <nax:AscentInMeters>
      0.11362457275390625
    </nax:AscentInMeters>
    </nax:Nax>
    </TPX>
    </Extensions>
    </Trackpoint>
<Trackpoint>
      <Time>
      2025-09-06T16:15:18.622Z
    </Time><SensorState>
      Present
    </SensorState><Extensions>
      <TPX xmlns="http://www.garmin.com/xmlschemas/ActivityExtension/v2">
      <ns3:Speed>
      2.6260921245822044
    </ns3:Speed><nax:Nax>
      <nax:Pace>
      6.346565876594383
    </nax:Pace>
    </nax:Nax>
    </TPX>
    </Extensions>
    </Trackpoint>
<Trackpoint>
      <Time>
      2025-09-06T16:15:18.623Z
    </Time><DistanceMeters>
      6.093925800640136
    </DistanceMeters><Cadence>
      161.88986778259277
    </Cadence><SensorState>
      Present
    </SensorState>
    </Trackpoint>
<Trackpoint>
      <Time>
      2025-09-06T16:15:19.422Z
    </Time><SensorState>
      Present
    </SensorState><Extensions>
      <TPX xmlns="http://www.garmin.com/xmlschemas/ActivityExtension/v2">
      <nax:Nax>
      <nax:AscentInMeters>
      0.13475799560546875
    </nax:AscentInMeters>
    </nax:Nax>
    </TPX>
    </Extensions>
    </Trackpoint>
<Trackpoint>
      <Time>
      2025-09-06T16:15:20.481Z
    </Time><SensorState>
      Present
    </SensorState><Extensions>
      <TPX xmlns="http://www.garmin.com/xmlschemas/ActivityExtension/v2">
      <nax:Nax>
      <nax:AscentInMeters>
      0.1294708251953125
    </nax:AscentInMeters>
    </nax:Nax>
    </TPX>
    </Extensions>
    </Trackpoint>
<Trackpoint>
      <Time>
      2025-09-06T16:15:21.000Z
    </Time><SensorState>
      Present
    </SensorState><Extensions>
      <TPX xmlns="http://www.garmin.com/xmlschemas/ActivityExtension/v2">
      <nax:Nax>
      <nax:NikeFuel>
      6.837011803999111
    </nax:NikeFuel>
    </nax:Nax>
    </TPX>
    </Extensions>
    </Trackpoint>
<Trackpoint>
      <Time>
      2025-09-06T16:15:21.177Z
    </Time><SensorState>
      Present
    </SensorState><Extensions>
      <TPX xmlns="http://www.garmin.com/xmlschemas/ActivityExtension/v2">
      <ns3:Speed>
      2.6209958409628684
    </ns3:Speed><nax:Nax>
      <nax:Pace>
      6.358906186033426
    </nax:Pace>
    </nax:Nax>
    </TPX>
    </Extensions>
    </Trackpoint>
<Trackpoint>
      <Time>
      2025-09-06T16:15:21.178Z
    </Time><DistanceMeters>
      6.941769909346476
    </DistanceMeters><Cadence>
      161.88985347747803
    </Cadence><SensorState>
      Present
    </SensorState>
    </Trackpoint>
<Trackpoint>
      <Time>
      2025-09-06T16:15:21.541Z
    </Time><SensorState>
      Present
    </SensorState><Extensions>
      <TPX xmlns="http://www.garmin.com/xmlschemas/ActivityExtension/v2">
      <nax:Nax>
      <nax:AscentInMeters>
      0.10305023193359375
    </nax:AscentInMeters>
    </nax:Nax>
    </TPX>
    </Extensions>
    </Trackpoint>
<Trackpoint>
      <Time>
      2025-09-06T16:15:21.999Z
    </Time><Position>
      <LatitudeDegrees>
      47.60790236321364
    </LatitudeDegrees><LongitudeDegrees>
      -122.29067699818468
    </LongitudeDegrees>
    </Position><AltitudeMeters>
      104.0798632921651
    </AltitudeMeters><SensorState>
      Present
    </SensorState>
    </Trackpoint>
<Trackpoint>
      <Time>
      2025-09-06T16:15:22.602Z
    </Time><SensorState>
      Present
    </SensorState><Extensions>
      <TPX xmlns="http://www.garmin.com/xmlschemas/ActivityExtension/v2">
      <nax:Nax>
      <nax:AscentInMeters>
      0.11890411376953125
    </nax:AscentInMeters>
    </nax:Nax>
    </TPX>
    </Extensions>
    </Trackpoint>
<Trackpoint>
      <Time>
      2025-09-06T16:15:23.662Z
    </Time><SensorState>
      Present
    </SensorState><Extensions>
      <TPX xmlns="http://www.garmin.com/xmlschemas/ActivityExtension/v2">
      <nax:Nax>
      <nax:AscentInMeters>
      0.1241912841796875
    </nax:AscentInMeters>
    </nax:Nax>
    </TPX>
    </Extensions>
    </Trackpoint>
<Trackpoint>
      <Time>
      2025-09-06T16:15:23.733Z
    </Time><SensorState>
      Present
    </SensorState><Extensions>
      <TPX xmlns="http://www.garmin.com/xmlschemas/ActivityExtension/v2">
      <ns3:Speed>
      2.617886143795298
    </ns3:Speed><nax:Nax>
      <nax:Pace>
      6.36645971260769
    </nax:Pace>
    </nax:Nax>
    </TPX>
    </Extensions>
    </Trackpoint>
<Trackpoint>
      <Time>
      2025-09-06T16:15:23.734Z
    </Time><DistanceMeters>
      6.050691764336079
    </DistanceMeters><Cadence>
      162.4604845046997
    </Cadence><SensorState>
      Present
    </SensorState>
    </Trackpoint>
<Trackpoint>
      <Time>
      2025-09-06T16:15:24.722Z
    </Time><SensorState>
      Present
    </SensorState><Extensions>
      <TPX xmlns="http://www.garmin.com/xmlschemas/ActivityExtension/v2">
      <nax:Nax>
      <nax:AscentInMeters>
      0.10569000244140625
    </nax:AscentInMeters>
    </nax:Nax>
    </TPX>
    </Extensions>
    </Trackpoint>
<Trackpoint>
      <Time>
      2025-09-06T16:15:25.782Z
    </Time><SensorState>
      Present
    </SensorState><Extensions>
      <TPX xmlns="http://www.garmin.com/xmlschemas/ActivityExtension/v2">
      <nax:Nax>
      <nax:AscentInMeters>
      0.05284881591796875
    </nax:AscentInMeters>
    </nax:Nax>
    </TPX>
    </Extensions>
    </Trackpoint>
<Trackpoint>
      <Time>
      2025-09-06T16:15:25.999Z
    </Time><Position>
      <LatitudeDegrees>
      47.60791238375113
    </LatitudeDegrees><LongitudeDegrees>
      -122.2905283065715
    </LongitudeDegrees>
    </Position><AltitudeMeters>
      103.46957789268345
    </AltitudeMeters><SensorState>
      Present
    </SensorState>
    </Trackpoint>
<Trackpoint>
      <Time>
      2025-09-06T16:15:26.288Z
    </Time><SensorState>
      Present
    </SensorState><Extensions>
      <TPX xmlns="http://www.garmin.com/xmlschemas/ActivityExtension/v2">
      <ns3:Speed>
      2.613510530112576
    </ns3:Speed><nax:Nax>
      <nax:Pace>
      6.377118620581474
    </nax:Pace>
    </nax:Nax>
    </TPX>
    </Extensions>
    </Trackpoint>
<Trackpoint>
      <Time>
      2025-09-06T16:15:26.289Z
    </Time><DistanceMeters>
      8.387050210963935
    </DistanceMeters><Cadence>
      162.84313201904297
    </Cadence><SensorState>
      Present
    </SensorState>
    </Trackpoint>
<Trackpoint>
      <Time>
      2025-09-06T16:15:26.841Z
    </Time><SensorState>
      Present
    </SensorState><Extensions>
      <TPX xmlns="http://www.garmin.com/xmlschemas/ActivityExtension/v2">
      <nax:Nax>
      <nax:AscentInMeters>
      0.06870269775390625
    </nax:AscentInMeters>
    </nax:Nax>
    </TPX>
    </Extensions>
    </Trackpoint>
<Trackpoint>
      <Time>
      2025-09-06T16:15:27.901Z
    </Time><SensorState>
      Present
    </SensorState><Extensions>
      <TPX xmlns="http://www.garmin.com/xmlschemas/ActivityExtension/v2">
      <nax:Nax>
      <nax:AscentInMeters>
      0.01056671142578125
    </nax:AscentInMeters>
    </nax:Nax>
    </TPX>
    </Extensions>
    </Trackpoint>
<Trackpoint>
      <Time>
      2025-09-06T16:15:28.843Z
    </Time><DistanceMeters>
      7.221626554382965
    </DistanceMeters><SensorState>
      Present
    </SensorState><Extensions>
      <TPX xmlns="http://www.garmin.com/xmlschemas/ActivityExtension/v2">
      <ns3:Speed>
      2.612238482250689
    </ns3:Speed><nax:Nax>
      <nax:Pace>
      6.380224003249032
    </nax:Pace>
    </nax:Nax>
    </TPX>
    </Extensions>
    </Trackpoint>
<Trackpoint>
      <Time>
      2025-09-06T16:15:28.844Z
    </Time><Cadence>
      162.71531581878662
    </Cadence><SensorState>
      Present
    </SensorState>
    </Trackpoint>
<Trackpoint>
      <Time>
      2025-09-06T16:15:28.961Z
    </Time><SensorState>
      Present
    </SensorState><Extensions>
      <TPX xmlns="http://www.garmin.com/xmlschemas/ActivityExtension/v2">
      <nax:Nax>
      <nax:AscentInMeters>
      0.02378082275390625
    </nax:AscentInMeters>
    </nax:Nax>
    </TPX>
    </Extensions>
    </Trackpoint>
<Trackpoint>
      <Time>
      2025-09-06T16:15:29.999Z
    </Time><Position>
      <LatitudeDegrees>
      47.60790218520765
    </LatitudeDegrees><LongitudeDegrees>
      -122.2903682472549
    </LongitudeDegrees>
    </Position><AltitudeMeters>
      103.02974230330437
    </AltitudeMeters><SensorState>
      Present
    </SensorState>
    </Trackpoint>
<Trackpoint>
      <Time>
      2025-09-06T16:15:31.000Z
    </Time><SensorState>
      Present
    </SensorState><Extensions>
      <TPX xmlns="http://www.garmin.com/xmlschemas/ActivityExtension/v2">
      <nax:Nax>
      <nax:NikeFuel>
      6.828664466847751
    </nax:NikeFuel>
    </nax:Nax>
    </TPX>
    </Extensions>
    </Trackpoint>
<Trackpoint>
      <Time>
      2025-09-06T16:15:31.399Z
    </Time><SensorState>
      Present
    </SensorState><Extensions>
      <TPX xmlns="http://www.garmin.com/xmlschemas/ActivityExtension/v2">
      <ns3:Speed>
      2.6118552327720495
    </ns3:Speed><nax:Nax>
      <nax:Pace>
      6.381160202733661
    </nax:Pace>
    </nax:Nax>
    </TPX>
    </Extensions>
    </Trackpoint>
<Trackpoint>
      <Time>
      2025-09-06T16:15:31.400Z
    </Time><DistanceMeters>
      7.188513429369777
    </DistanceMeters><Cadence>
      162.6515007019043
    </Cadence><SensorState>
      Present
    </SensorState>
    </Trackpoint>
<Trackpoint>
      <Time>
      2025-09-06T16:15:33.201Z
    </Time><SensorState>
      Present
    </SensorState><Extensions>
      <TPX xmlns="http://www.garmin.com/xmlschemas/ActivityExtension/v2">
      <nax:Nax>
      <nax:DescentInMeters>
      0.0422821044921875
    </nax:DescentInMeters>
    </nax:Nax>
    </TPX>
    </Extensions>
    </Trackpoint>
<Trackpoint>
      <Time>
      2025-09-06T16:15:33.954Z
    </Time><SensorState>
      Present
    </SensorState><Extensions>
      <TPX xmlns="http://www.garmin.com/xmlschemas/ActivityExtension/v2">
      <ns3:Speed>
      2.61269449473967
    </ns3:Speed><nax:Nax>
      <nax:Pace>
      6.379110416553827
    </nax:Pace>
    </nax:Nax>
    </TPX>
    </Extensions>
    </Trackpoint>
<Trackpoint>
      <Time>
      2025-09-06T16:15:33.955Z
    </Time><DistanceMeters>
      6.997973249759525
    </DistanceMeters><Cadence>
      162.6514720916748
    </Cadence><SensorState>
      Present
    </SensorState>
    </Trackpoint>
<Trackpoint>
      <Time>
      2025-09-06T16:15:33.999Z
    </Time><Position>
      <LatitudeDegrees>
      47.60789772139608
    </LatitudeDegrees><LongitudeDegrees>
      -122.29021812741419
    </LongitudeDegrees>
    </Position><AltitudeMeters>
      103.3812339277938
    </AltitudeMeters><SensorState>
      Present
    </SensorState>
    </Trackpoint>
<Trackpoint>
      <Time>
      2025-09-06T16:15:34.260Z
    </Time><SensorState>
      Present
    </SensorState><Extensions>
      <TPX xmlns="http://www.garmin.com/xmlschemas/ActivityExtension/v2">
      <nax:Nax>
      <nax:DescentInMeters>
      0.050201416015625
    </nax:DescentInMeters>
    </nax:Nax>
    </TPX>
    </Extensions>
    </Trackpoint>
<Trackpoint>
      <Time>
      2025-09-06T16:15:35.320Z
    </Time><SensorState>
      Present
    </SensorState><Extensions>
      <TPX xmlns="http://www.garmin.com/xmlschemas/ActivityExtension/v2">
      <nax:Nax>
      <nax:DescentInMeters>
      0.03963470458984375
    </nax:DescentInMeters>
    </nax:Nax>
    </TPX>
    </Extensions>
    </Trackpoint>
<Trackpoint>
      <Time>
      2025-09-06T16:15:36.380Z
    </Time><SensorState>
      Present
    </SensorState><Extensions>
      <TPX xmlns="http://www.garmin.com/xmlschemas/ActivityExtension/v2">
      <nax:Nax>
      <nax:DescentInMeters>
      0.0290679931640625
    </nax:DescentInMeters>
    </nax:Nax>
    </TPX>
    </Extensions>
    </Trackpoint>
<Trackpoint>
      <Time>
      2025-09-06T16:15:36.509Z
    </Time><SensorState>
      Present
    </SensorState><Extensions>
      <TPX xmlns="http://www.garmin.com/xmlschemas/ActivityExtension/v2">
      <ns3:Speed>
      2.613771622597655
    </ns3:Speed><nax:Nax>
      <nax:Pace>
      6.376481603279007
    </nax:Pace>
    </nax:Nax>
    </TPX>
    </Extensions>
    </Trackpoint>
<Trackpoint>
      <Time>
      2025-09-06T16:15:36.510Z
    </Time><DistanceMeters>
      5.742988421116024
    </DistanceMeters><Cadence>
      162.74518489837646
    </Cadence><SensorState>
      Present
    </SensorState>
    </Trackpoint>
<Trackpoint>
      <Time>
      2025-09-06T16:15:37.440Z
    </Time><SensorState>
      Present
    </SensorState><Extensions>
      <TPX xmlns="http://www.garmin.com/xmlschemas/ActivityExtension/v2">
      <nax:Nax>
      <nax:DescentInMeters>
      0.10569000244140625
    </nax:DescentInMeters>
    </nax:Nax>
    </TPX>
    </Extensions>
    </Trackpoint>
<Trackpoint>
      <Time>
      2025-09-06T16:15:38.500Z
    </Time><SensorState>
      Present
    </SensorState><Extensions>
      <TPX xmlns="http://www.garmin.com/xmlschemas/ActivityExtension/v2">
      <nax:Nax>
      <nax:DescentInMeters>
      0.0792694091796875
    </nax:DescentInMeters>
    </nax:Nax>
    </TPX>
    </Extensions>
    </Trackpoint>
<Trackpoint>
      <Time>
      2025-09-06T16:15:38.999Z
    </Time><Position>
      <LatitudeDegrees>
      47.60789688823259
    </LatitudeDegrees><LongitudeDegrees>
      -122.2900636879495
    </LongitudeDegrees>
    </Position><AltitudeMeters>
      102.42958177160472
    </AltitudeMeters><SensorState>
      Present
    </SensorState>
    </Trackpoint>
<Trackpoint>
      <Time>
      2025-09-06T16:15:39.065Z
    </Time><SensorState>
      Present
    </SensorState><Extensions>
      <TPX xmlns="http://www.garmin.com/xmlschemas/ActivityExtension/v2">
      <ns3:Speed>
      2.612586116964609
    </ns3:Speed><nax:Nax>
      <nax:Pace>
      6.379375040862026
    </nax:Pace>
    </nax:Nax>
    </TPX>
    </Extensions>
    </Trackpoint>
<Trackpoint>
      <Time>
      2025-09-06T16:15:39.066Z
    </Time><DistanceMeters>
      6.116155785508454
    </DistanceMeters><Cadence>
      162.5240135192871
    </Cadence><SensorState>
      Present
    </SensorState>
    </Trackpoint>
<Trackpoint>
      <Time>
      2025-09-06T16:15:39.560Z
    </Time><SensorState>
      Present
    </SensorState><Extensions>
      <TPX xmlns="http://www.garmin.com/xmlschemas/ActivityExtension/v2">
      <nax:Nax>
      <nax:DescentInMeters>
      0.0739898681640625
    </nax:DescentInMeters>
    </nax:Nax>
    </TPX>
    </Extensions>
    </Trackpoint>
<Trackpoint>
      <Time>
      2025-09-06T16:15:40.620Z
    </Time><SensorState>
      Present
    </SensorState><Extensions>
      <TPX xmlns="http://www.garmin.com/xmlschemas/ActivityExtension/v2">
      <nax:Nax>
      <nax:DescentInMeters>
      0.1109771728515625
    </nax:DescentInMeters>
    </nax:Nax>
    </TPX>
    </Extensions>
    </Trackpoint>
<Trackpoint>
      <Time>
      2025-09-06T16:15:41.000Z
    </Time><SensorState>
      Present
    </SensorState><Extensions>
      <TPX xmlns="http://www.garmin.com/xmlschemas/ActivityExtension/v2">
      <nax:Nax>
      <nax:NikeFuel>
      6.83708436228168
    </nax:NikeFuel>
    </nax:Nax>
    </TPX>
    </Extensions>
    </Trackpoint>
<Trackpoint>
      <Time>
      2025-09-06T16:15:41.620Z
    </Time><DistanceMeters>
      7.093748897546902
    </DistanceMeters><SensorState>
      Present
    </SensorState><Extensions>
      <TPX xmlns="http://www.garmin.com/xmlschemas/ActivityExtension/v2">
      <ns3:Speed>
      2.6133600519369202
    </ns3:Speed><nax:Nax>
      <nax:Pace>
      6.377485817277258
    </nax:Pace>
    </nax:Nax>
    </TPX>
    </Extensions>
    </Trackpoint>
<Trackpoint>
      <Time>
      2025-09-06T16:15:41.621Z
    </Time><Cadence>
      162.14285373687744
    </Cadence><SensorState>
      Present
    </SensorState>
    </Trackpoint>
<Trackpoint>
      <Time>
      2025-09-06T16:15:41.679Z
    </Time><SensorState>
      Present
    </SensorState><Extensions>
      <TPX xmlns="http://www.garmin.com/xmlschemas/ActivityExtension/v2">
      <nax:Nax>
      <nax:DescentInMeters>
      0.1479644775390625
    </nax:DescentInMeters>
    </nax:Nax>
    </TPX>
    </Extensions>
    </Trackpoint>
<Trackpoint>
      <Time>
      2025-09-06T16:15:42.738Z
    </Time><SensorState>
      Present
    </SensorState><Extensions>
      <TPX xmlns="http://www.garmin.com/xmlschemas/ActivityExtension/v2">
      <nax:Nax>
      <nax:DescentInMeters>
      0.11626434326171875
    </nax:DescentInMeters>
    </nax:Nax>
    </TPX>
    </Extensions>
    </Trackpoint>
<Trackpoint>
      <Time>
      2025-09-06T16:15:42.999Z
    </Time><Position>
      <LatitudeDegrees>
      47.60789946407394
    </LatitudeDegrees><LongitudeDegrees>
      -122.28991610029892
    </LongitudeDegrees>
    </Position><AltitudeMeters>
      102.56082490365952
    </AltitudeMeters><SensorState>
      Present
    </SensorState>
    </Trackpoint>
<Trackpoint>
      <Time>
      2025-09-06T16:15:43.799Z
    </Time><SensorState>
      Present
    </SensorState><Extensions>
      <TPX xmlns="http://www.garmin.com/xmlschemas/ActivityExtension/v2">
      <nax:Nax>
      <nax:DescentInMeters>
      0.13475799560546875
    </nax:DescentInMeters>
    </nax:Nax>
    </TPX>
    </Extensions>
    </Trackpoint>
<Trackpoint>
      <Time>
      2025-09-06T16:15:44.175Z
    </Time><SensorState>
      Present
    </SensorState><Extensions>
      <TPX xmlns="http://www.garmin.com/xmlschemas/ActivityExtension/v2">
      <ns3:Speed>
      2.615439471944654
    </ns3:Speed><nax:Nax>
      <nax:Pace>
      6.372415360954434
    </nax:Pace>
    </nax:Nax>
    </TPX>
    </Extensions>
    </Trackpoint>
<Trackpoint>
      <Time>
      2025-09-06T16:15:44.176Z
    </Time><DistanceMeters>
      8.00443468359299
    </DistanceMeters><Cadence>
      161.88973903656006
    </Cadence><SensorState>
      Present
    </SensorState>
    </Trackpoint>
<Trackpoint>
      <Time>
      2025-09-06T16:15:44.859Z
    </Time><SensorState>
      Present
    </SensorState><Extensions>
      <TPX xmlns="http://www.garmin.com/xmlschemas/ActivityExtension/v2">
      <nax:Nax>
      <nax:DescentInMeters>
      0.1241912841796875
    </nax:DescentInMeters>
    </nax:Nax>
    </TPX>
    </Extensions>
    </Trackpoint>
<Trackpoint>
      <Time>
      2025-09-06T16:15:45.919Z
    </Time><SensorState>
      Present
    </SensorState><Extensions>
      <TPX xmlns="http://www.garmin.com/xmlschemas/ActivityExtension/v2">
      <nax:Nax>
      <nax:DescentInMeters>
      0.1162567138671875
    </nax:DescentInMeters>
    </nax:Nax>
    </TPX>
    </Extensions>
    </Trackpoint>
<Trackpoint>
      <Time>
      2025-09-06T16:15:46.730Z
    </Time><SensorState>
      Present
    </SensorState><Extensions>
      <TPX xmlns="http://www.garmin.com/xmlschemas/ActivityExtension/v2">
      <ns3:Speed>
      2.6178342705471866
    </ns3:Speed><nax:Nax>
      <nax:Pace>
      6.36658586610334
    </nax:Pace>
    </nax:Nax>
    </TPX>
    </Extensions>
    </Trackpoint>
<Trackpoint>
      <Time>
      2025-09-06T16:15:46.731Z
    </Time><DistanceMeters>
      5.472442577825859
    </DistanceMeters><Cadence>
      161.4096450805664
    </Cadence><SensorState>
      Present
    </SensorState>
    </Trackpoint>
<Trackpoint>
      <Time>
      2025-09-06T16:15:46.979Z
    </Time><SensorState>
      Present
    </SensorState><Extensions>
      <TPX xmlns="http://www.garmin.com/xmlschemas/ActivityExtension/v2">
      <nax:Nax>
      <nax:DescentInMeters>
      0.08191680908203125
    </nax:DescentInMeters>
    </nax:Nax>
    </TPX>
    </Extensions>
    </Trackpoint>
<Trackpoint>
      <Time>
      2025-09-06T16:15:46.999Z
    </Time><Position>
      <LatitudeDegrees>
      47.607898533769344
    </LatitudeDegrees><LongitudeDegrees>
      -122.2897686969219
    </LongitudeDegrees>
    </Position><AltitudeMeters>
      102.38269928097725
    </AltitudeMeters><SensorState>
      Present
    </SensorState>
    </Trackpoint>
<Trackpoint>
      <Time>
      2025-09-06T16:15:48.039Z
    </Time><SensorState>
      Present
    </SensorState><Extensions>
      <TPX xmlns="http://www.garmin.com/xmlschemas/ActivityExtension/v2">
      <nax:Nax>
      <nax:DescentInMeters>
      0.095123291015625
    </nax:DescentInMeters>
    </nax:Nax>
    </TPX>
    </Extensions>
    </Trackpoint>
<Trackpoint>
      <Time>
      2025-09-06T16:15:49.099Z
    </Time><SensorState>
      Present
    </SensorState><Extensions>
      <TPX xmlns="http://www.garmin.com/xmlschemas/ActivityExtension/v2">
      <nax:Nax>
      <nax:DescentInMeters>
      0.10040283203125
    </nax:DescentInMeters>
    </nax:Nax>
    </TPX>
    </Extensions>
    </Trackpoint>
<Trackpoint>
      <Time>
      2025-09-06T16:15:49.286Z
    </Time><SensorState>
      Present
    </SensorState><Extensions>
      <TPX xmlns="http://www.garmin.com/xmlschemas/ActivityExtension/v2">
      <ns3:Speed>
      2.6181164929229532
    </ns3:Speed><nax:Nax>
      <nax:Pace>
      6.365899573880091
    </nax:Pace>
    </nax:Nax>
    </TPX>
    </Extensions>
    </Trackpoint>
<Trackpoint>
      <Time>
      2025-09-06T16:15:49.287Z
    </Time><DistanceMeters>
      6.580258943606168
    </DistanceMeters><Cadence>
      161.09400272369385
    </Cadence><SensorState>
      Present
    </SensorState>
    </Trackpoint>
<Trackpoint>
      <Time>
      2025-09-06T16:15:50.158Z
    </Time><SensorState>
      Present
    </SensorState><Extensions>
      <TPX xmlns="http://www.garmin.com/xmlschemas/ActivityExtension/v2">
      <nax:Nax>
      <nax:DescentInMeters>
      0.1189117431640625
    </nax:DescentInMeters>
    </nax:Nax>
    </TPX>
    </Extensions>
    </Trackpoint>
<Trackpoint>
      <Time>
      2025-09-06T16:15:51.000Z
    </Time><SensorState>
      Present
    </SensorState><Extensions>
      <TPX xmlns="http://www.garmin.com/xmlschemas/ActivityExtension/v2">
      <nax:Nax>
      <nax:NikeFuel>
      6.8271787117597285
    </nax:NikeFuel>
    </nax:Nax>
    </TPX>
    </Extensions>
    </Trackpoint>
<Trackpoint>
      <Time>
      2025-09-06T16:15:51.218Z
    </Time><SensorState>
      Present
    </SensorState><Extensions>
      <TPX xmlns="http://www.garmin.com/xmlschemas/ActivityExtension/v2">
      <nax:Nax>
      <nax:DescentInMeters>
      0.10305023193359375
    </nax:DescentInMeters>
    </nax:Nax>
    </TPX>
    </Extensions>
    </Trackpoint>
<Trackpoint>
      <Time>
      2025-09-06T16:15:51.841Z
    </Time><SensorState>
      Present
    </SensorState><Extensions>
      <TPX xmlns="http://www.garmin.com/xmlschemas/ActivityExtension/v2">
      <ns3:Speed>
      2.6170179156938387
    </ns3:Speed><nax:Nax>
      <nax:Pace>
      6.368571864456612
    </nax:Pace>
    </nax:Nax>
    </TPX>
    </Extensions>
    </Trackpoint>
<Trackpoint>
      <Time>
      2025-09-06T16:15:51.842Z
    </Time><DistanceMeters>
      5.638089266140014
    </DistanceMeters><Cadence>
      160.84237575531006
    </Cadence><SensorState>
      Present
    </SensorState>
    </Trackpoint>
<Trackpoint>
      <Time>
      2025-09-06T16:15:52.000Z
    </Time><Position>
      <LatitudeDegrees>
      47.60788783942787
    </LatitudeDegrees><LongitudeDegrees>
      -122.28961115434203
    </LongitudeDegrees>
    </Position><AltitudeMeters>
      101.75953731313348
    </AltitudeMeters><SensorState>
      Present
    </SensorState>
    </Trackpoint>
<Trackpoint>
      <Time>
      2025-09-06T16:15:52.278Z
    </Time><SensorState>
      Present
    </SensorState><Extensions>
      <TPX xmlns="http://www.garmin.com/xmlschemas/ActivityExtension/v2">
      <nax:Nax>
      <nax:DescentInMeters>
      0.12154388427734375
    </nax:DescentInMeters>
    </nax:Nax>
    </TPX>
    </Extensions>
    </Trackpoint>
<Trackpoint>
      <Time>
      2025-09-06T16:15:53.337Z
    </Time><SensorState>
      Present
    </SensorState><Extensions>
      <TPX xmlns="http://www.garmin.com/xmlschemas/ActivityExtension/v2">
      <nax:Nax>
      <nax:DescentInMeters>
      0.1294708251953125
    </nax:DescentInMeters>
    </nax:Nax>
    </TPX>
    </Extensions>
    </Trackpoint>
<Trackpoint>
      <Time>
      2025-09-06T16:15:54.396Z
    </Time><DistanceMeters>
      5.813388289185241
    </DistanceMeters><SensorState>
      Present
    </SensorState><Extensions>
      <TPX xmlns="http://www.garmin.com/xmlschemas/ActivityExtension/v2">
      <ns3:Speed>
      2.613848766309343
    </ns3:Speed><nax:Nax>
      <nax:Pace>
      6.376293411267009
    </nax:Pace>
    </nax:Nax>
    </TPX>
    </Extensions>
    </Trackpoint>
<Trackpoint>
      <Time>
      2025-09-06T16:15:54.397Z
    </Time><Cadence>
      160.90528964996338
    </Cadence><SensorState>
      Present
    </SensorState>
    </Trackpoint>
<Trackpoint>
      <Time>
      2025-09-06T16:15:54.398Z
    </Time><SensorState>
      Present
    </SensorState><Extensions>
      <TPX xmlns="http://www.garmin.com/xmlschemas/ActivityExtension/v2">
      <nax:Nax>
      <nax:DescentInMeters>
      0.09777069091796875
    </nax:DescentInMeters>
    </nax:Nax>
    </TPX>
    </Extensions>
    </Trackpoint>
<Trackpoint>
      <Time>
      2025-09-06T16:15:55.457Z
    </Time><SensorState>
      Present
    </SensorState><Extensions>
      <TPX xmlns="http://www.garmin.com/xmlschemas/ActivityExtension/v2">
      <nax:Nax>
      <nax:DescentInMeters>
      0.068695068359375
    </nax:DescentInMeters>
    </nax:Nax>
    </TPX>
    </Extensions>
    </Trackpoint>
<Trackpoint>
      <Time>
      2025-09-06T16:15:56.517Z
    </Time><SensorState>
      Present
    </SensorState><Extensions>
      <TPX xmlns="http://www.garmin.com/xmlschemas/ActivityExtension/v2">
      <nax:Nax>
      <nax:DescentInMeters>
      0.095123291015625
    </nax:DescentInMeters>
    </nax:Nax>
    </TPX>
    </Extensions>
    </Trackpoint>
<Trackpoint>
      <Time>
      2025-09-06T16:15:56.952Z
    </Time><SensorState>
      Present
    </SensorState><Extensions>
      <TPX xmlns="http://www.garmin.com/xmlschemas/ActivityExtension/v2">
      <ns3:Speed>
      2.6100396744414485
    </ns3:Speed><nax:Nax>
      <nax:Pace>
      6.385598973790831
    </nax:Pace>
    </nax:Nax>
    </TPX>
    </Extensions>
    </Trackpoint>
<Trackpoint>
      <Time>
      2025-09-06T16:15:56.953Z
    </Time><DistanceMeters>
      8.060328972991556
    </DistanceMeters><Cadence>
      161.03118896484375
    </Cadence><SensorState>
      Present
    </SensorState>
    </Trackpoint>
<Trackpoint>
      <Time>
      2025-09-06T16:15:57.000Z
    </Time><Position>
      <LatitudeDegrees>
      47.6078791857698
    </LatitudeDegrees><LongitudeDegrees>
      -122.28944555791526
    </LongitudeDegrees>
    </Position><AltitudeMeters>
      101.9413453899324
    </AltitudeMeters><SensorState>
      Present
    </SensorState>
    </Trackpoint>
<Trackpoint>
      <Time>
      2025-09-06T16:15:57.577Z
    </Time><SensorState>
      Present
    </SensorState><Extensions>
      <TPX xmlns="http://www.garmin.com/xmlschemas/ActivityExtension/v2">
      <nax:Nax>
      <nax:DescentInMeters>
      0.05548858642578125
    </nax:DescentInMeters>
    </nax:Nax>
    </TPX>
    </Extensions>
    </Trackpoint>
<Trackpoint>
      <Time>
      2025-09-06T16:15:58.637Z
    </Time><SensorState>
      Present
    </SensorState><Extensions>
      <TPX xmlns="http://www.garmin.com/xmlschemas/ActivityExtension/v2">
      <nax:Nax>
      <nax:DescentInMeters>
      0.044921875
    </nax:DescentInMeters>
    </nax:Nax>
    </TPX>
    </Extensions>
    </Trackpoint>
<Trackpoint>
      <Time>
      2025-09-06T16:15:59.507Z
    </Time><SensorState>
      Present
    </SensorState><Extensions>
      <TPX xmlns="http://www.garmin.com/xmlschemas/ActivityExtension/v2">
      <ns3:Speed>
      2.6075584388857886
    </ns3:Speed><nax:Nax>
      <nax:Pace>
      6.391675223121113
    </nax:Pace>
    </nax:Nax>
    </TPX>
    </Extensions>
    </Trackpoint>
<Trackpoint>
      <Time>
      2025-09-06T16:15:59.508Z
    </Time><DistanceMeters>
      7.15473619219847
    </DistanceMeters><Cadence>
      160.90543270111084
    </Cadence><SensorState>
      Present
    </SensorState>
    </Trackpoint>
<Trackpoint>
      <Time>
      2025-09-06T16:15:59.697Z
    </Time><SensorState>
      Present
    </SensorState><Extensions>
      <TPX xmlns="http://www.garmin.com/xmlschemas/ActivityExtension/v2">
      <nax:Nax>
      <nax:DescentInMeters>
      0.00792694091796875
    </nax:DescentInMeters>
    </nax:Nax>
    </TPX>
    </Extensions>
    </Trackpoint>
<Trackpoint>
      <Time>
      2025-09-06T16:16:00.756Z
    </Time><SensorState>
      Present
    </SensorState><Extensions>
      <TPX xmlns="http://www.garmin.com/xmlschemas/ActivityExtension/v2">
      <nax:Nax>
      <nax:DescentInMeters>
      0.00792694091796875
    </nax:DescentInMeters>
    </nax:Nax>
    </TPX>
    </Extensions>
    </Trackpoint>
<Trackpoint>
      <Time>
      2025-09-06T16:16:01.000Z
    </Time><Position>
      <LatitudeDegrees>
      47.60789817440406
    </LatitudeDegrees><LongitudeDegrees>
      -122.28929771260182
    </LongitudeDegrees>
    </Position><AltitudeMeters>
      101.6083647403866
    </AltitudeMeters><SensorState>
      Present
    </SensorState><Extensions>
      <TPX xmlns="http://www.garmin.com/xmlschemas/ActivityExtension/v2">
      <nax:Nax>
      <nax:NikeFuel>
      6.806087889880024
    </nax:NikeFuel>
    </nax:Nax>
    </TPX>
    </Extensions>
    </Trackpoint>
<Trackpoint>
      <Time>
      2025-09-06T16:16:01.816Z
    </Time><SensorState>
      Present
    </SensorState><Extensions>
      <TPX xmlns="http://www.garmin.com/xmlschemas/ActivityExtension/v2">
      <nax:Nax>
      <nax:DescentInMeters>
      0.013214111328125
    </nax:DescentInMeters>
    </nax:Nax>
    </TPX>
    </Extensions>
    </Trackpoint>
<Trackpoint>
      <Time>
      2025-09-06T16:16:02.062Z
    </Time><SensorState>
      Present
    </SensorState><Extensions>
      <TPX xmlns="http://www.garmin.com/xmlschemas/ActivityExtension/v2">
      <ns3:Speed>
      2.606421461354756
    </ns3:Speed><nax:Nax>
      <nax:Pace>
      6.39446341038173
    </nax:Pace>
    </nax:Nax>
    </TPX>
    </Extensions>
    </Trackpoint>
<Trackpoint>
      <Time>
      2025-09-06T16:16:02.063Z
    </Time><DistanceMeters>
      6.949449855368584
    </DistanceMeters><Cadence>
      160.8426332473755
    </Cadence><SensorState>
      Present
    </SensorState>
    </Trackpoint>
<Trackpoint>
      <Time>
      2025-09-06T16:16:04.617Z
    </Time><SensorState>
      Present
    </SensorState><Extensions>
      <TPX xmlns="http://www.garmin.com/xmlschemas/ActivityExtension/v2">
      <ns3:Speed>
      2.6039166881213007
    </ns3:Speed><nax:Nax>
      <nax:Pace>
      6.400614406251029
    </nax:Pace>
    </nax:Nax>
    </TPX>
    </Extensions>
    </Trackpoint>
<Trackpoint>
      <Time>
      2025-09-06T16:16:04.618Z
    </Time><DistanceMeters>
      7.6292453201022
    </DistanceMeters><Cadence>
      160.65439224243164
    </Cadence><SensorState>
      Present
    </SensorState>
    </Trackpoint>
<Trackpoint>
      <Time>
      2025-09-06T16:16:04.995Z
    </Time><SensorState>
      Present
    </SensorState><Extensions>
      <TPX xmlns="http://www.garmin.com/xmlschemas/ActivityExtension/v2">
      <nax:Nax>
      <nax:DescentInMeters>
      0.0158538818359375
    </nax:DescentInMeters>
    </nax:Nax>
    </TPX>
    </Extensions>
    </Trackpoint>
<Trackpoint>
      <Time>
      2025-09-06T16:16:05.000Z
    </Time><Position>
      <LatitudeDegrees>
      47.60790445001978
    </LatitudeDegrees><LongitudeDegrees>
      -122.28914695501808
    </LongitudeDegrees>
    </Position><AltitudeMeters>
      101.35456455126405
    </AltitudeMeters><SensorState>
      Present
    </SensorState>
    </Trackpoint>
<Trackpoint>
      <Time>
      2025-09-06T16:16:06.054Z
    </Time><SensorState>
      Present
    </SensorState><Extensions>
      <TPX xmlns="http://www.garmin.com/xmlschemas/ActivityExtension/v2">
      <nax:Nax>
      <nax:DescentInMeters>
      0.01849365234375
    </nax:DescentInMeters>
    </nax:Nax>
    </TPX>
    </Extensions>
    </Trackpoint>
<Trackpoint>
      <Time>
      2025-09-06T16:16:07.115Z
    </Time><SensorState>
      Present
    </SensorState><Extensions>
      <TPX xmlns="http://www.garmin.com/xmlschemas/ActivityExtension/v2">
      <nax:Nax>
      <nax:DescentInMeters>
      0.03699493408203125
    </nax:DescentInMeters>
    </nax:Nax>
    </TPX>
    </Extensions>
    </Trackpoint>
<Trackpoint>
      <Time>
      2025-09-06T16:16:07.173Z
    </Time><SensorState>
      Present
    </SensorState><Extensions>
      <TPX xmlns="http://www.garmin.com/xmlschemas/ActivityExtension/v2">
      <ns3:Speed>
      2.601781106694135
    </ns3:Speed><nax:Nax>
      <nax:Pace>
      6.405868127716401
    </nax:Pace>
    </nax:Nax>
    </TPX>
    </Extensions>
    </Trackpoint>
<Trackpoint>
      <Time>
      2025-09-06T16:16:07.174Z
    </Time><DistanceMeters>
      6.660888318903744
    </DistanceMeters><Cadence>
      160.54654598236084
    </Cadence><SensorState>
      Present
    </SensorState>
    </Trackpoint>
<Trackpoint>
      <Time>
      2025-09-06T16:16:08.175Z
    </Time><SensorState>
      Present
    </SensorState><Extensions>
      <TPX xmlns="http://www.garmin.com/xmlschemas/ActivityExtension/v2">
      <nax:Nax>
      <nax:DescentInMeters>
      0.05548858642578125
    </nax:DescentInMeters>
    </nax:Nax>
    </TPX>
    </Extensions>
    </Trackpoint>
<Trackpoint>
      <Time>
      2025-09-06T16:16:09.000Z
    </Time><Position>
      <LatitudeDegrees>
      47.60790485014895
    </LatitudeDegrees><LongitudeDegrees>
      -122.28899222677732
    </LongitudeDegrees>
    </Position><AltitudeMeters>
      101.02694669831544
    </AltitudeMeters><SensorState>
      Present
    </SensorState>
    </Trackpoint>
<Trackpoint>
      <Time>
      2025-09-06T16:16:09.235Z
    </Time><SensorState>
      Present
    </SensorState><Extensions>
      <TPX xmlns="http://www.garmin.com/xmlschemas/ActivityExtension/v2">
      <nax:Nax>
      <nax:DescentInMeters>
      0.0343475341796875
    </nax:DescentInMeters>
    </nax:Nax>
    </TPX>
    </Extensions>
    </Trackpoint>
<Trackpoint>
      <Time>
      2025-09-06T16:16:09.728Z
    </Time><SensorState>
      Present
    </SensorState><Extensions>
      <TPX xmlns="http://www.garmin.com/xmlschemas/ActivityExtension/v2">
      <ns3:Speed>
      2.601670945030012
    </ns3:Speed><nax:Nax>
      <nax:Pace>
      6.406139369202359
    </nax:Pace>
    </nax:Nax>
    </TPX>
    </Extensions>
    </Trackpoint>
<Trackpoint>
      <Time>
      2025-09-06T16:16:09.729Z
    </Time><DistanceMeters>
      7.687258156947792
    </DistanceMeters><Cadence>
      160.23189067840576
    </Cadence><SensorState>
      Present
    </SensorState>
    </Trackpoint>
<Trackpoint>
      <Time>
      2025-09-06T16:16:10.295Z
    </Time><SensorState>
      Present
    </SensorState><Extensions>
      <TPX xmlns="http://www.garmin.com/xmlschemas/ActivityExtension/v2">
      <nax:Nax>
      <nax:DescentInMeters>
      0.0158538818359375
    </nax:DescentInMeters>
    </nax:Nax>
    </TPX>
    </Extensions>
    </Trackpoint>
<Trackpoint>
      <Time>
      2025-09-06T16:16:11.000Z
    </Time><SensorState>
      Present
    </SensorState><Extensions>
      <TPX xmlns="http://www.garmin.com/xmlschemas/ActivityExtension/v2">
      <nax:Nax>
      <nax:NikeFuel>
      6.814803601569983
    </nax:NikeFuel>
    </nax:Nax>
    </TPX>
    </Extensions>
    </Trackpoint>
<Trackpoint>
      <Time>
      2025-09-06T16:16:11.355Z
    </Time><SensorState>
      Present
    </SensorState><Extensions>
      <TPX xmlns="http://www.garmin.com/xmlschemas/ActivityExtension/v2">
      <nax:Nax>
      <nax:DescentInMeters>
      0.02114105224609375
    </nax:DescentInMeters>
    </nax:Nax>
    </TPX>
    </Extensions>
    </Trackpoint>
<Trackpoint>
      <Time>
      2025-09-06T16:16:12.283Z
    </Time><SensorState>
      Present
    </SensorState><Extensions>
      <TPX xmlns="http://www.garmin.com/xmlschemas/ActivityExtension/v2">
      <ns3:Speed>
      2.6037927975796493
    </ns3:Speed><nax:Nax>
      <nax:Pace>
      6.400918952598354
    </nax:Pace>
    </nax:Nax>
    </TPX>
    </Extensions>
    </Trackpoint>
<Trackpoint>
      <Time>
      2025-09-06T16:16:12.284Z
    </Time><DistanceMeters>
      8.13446021778509
    </DistanceMeters><Cadence>
      159.9184799194336
    </Cadence><SensorState>
      Present
    </SensorState>
    </Trackpoint>
<Trackpoint>
      <Time>
      2025-09-06T16:16:12.414Z
    </Time><SensorState>
      Present
    </SensorState><Extensions>
      <TPX xmlns="http://www.garmin.com/xmlschemas/ActivityExtension/v2">
      <nax:Nax>
      <nax:DescentInMeters>
      0.01849365234375
    </nax:DescentInMeters>
    </nax:Nax>
    </TPX>
    </Extensions>
    </Trackpoint>
<Trackpoint>
      <Time>
      2025-09-06T16:16:13.000Z
    </Time><Position>
      <LatitudeDegrees>
      47.607909391183895
    </LatitudeDegrees><LongitudeDegrees>
      -122.28883492499288
    </LongitudeDegrees>
    </Position><AltitudeMeters>
      100.53236373141408
    </AltitudeMeters><SensorState>
      Present
    </SensorState>
    </Trackpoint>
<Trackpoint>
      <Time>
      2025-09-06T16:16:13.474Z
    </Time><SensorState>
      Present
    </SensorState><Extensions>
      <TPX xmlns="http://www.garmin.com/xmlschemas/ActivityExtension/v2">
      <nax:Nax>
      <nax:DescentInMeters>
      0.03963470458984375
    </nax:DescentInMeters>
    </nax:Nax>
    </TPX>
    </Extensions>
    </Trackpoint>
<Trackpoint>
      <Time>
      2025-09-06T16:16:14.534Z
    </Time><SensorState>
      Present
    </SensorState><Extensions>
      <TPX xmlns="http://www.garmin.com/xmlschemas/ActivityExtension/v2">
      <nax:Nax>
      <nax:DescentInMeters>
      0.0422821044921875
    </nax:DescentInMeters>
    </nax:Nax>
    </TPX>
    </Extensions>
    </Trackpoint>
<Trackpoint>
      <Time>
      2025-09-06T16:16:14.839Z
    </Time><SensorState>
      Present
    </SensorState><Extensions>
      <TPX xmlns="http://www.garmin.com/xmlschemas/ActivityExtension/v2">
      <ns3:Speed>
      2.6061150563684614
    </ns3:Speed><nax:Nax>
      <nax:Pace>
      6.395215217355421
    </nax:Pace>
    </nax:Nax>
    </TPX>
    </Extensions>
    </Trackpoint>
<Trackpoint>
      <Time>
      2025-09-06T16:16:14.840Z
    </Time><DistanceMeters>
      6.594757158076391
    </DistanceMeters><Cadence>
      159.54400062561035
    </Cadence><SensorState>
      Present
    </SensorState>
    </Trackpoint>
<Trackpoint>
      <Time>
      2025-09-06T16:16:15.593Z
    </Time><SensorState>
      Present
    </SensorState><Extensions>
      <TPX xmlns="http://www.garmin.com/xmlschemas/ActivityExtension/v2">
      <nax:Nax>
      <nax:DescentInMeters>
      0.06076812744140625
    </nax:DescentInMeters>
    </nax:Nax>
    </TPX>
    </Extensions>
    </Trackpoint>
<Trackpoint>
      <Time>
      2025-09-06T16:16:16.654Z
    </Time><SensorState>
      Present
    </SensorState><Extensions>
      <TPX xmlns="http://www.garmin.com/xmlschemas/ActivityExtension/v2">
      <nax:Nax>
      <nax:DescentInMeters>
      0.03963470458984375
    </nax:DescentInMeters>
    </nax:Nax>
    </TPX>
    </Extensions>
    </Trackpoint>
<Trackpoint>
      <Time>
      2025-09-06T16:16:17.000Z
    </Time><Position>
      <LatitudeDegrees>
      47.607896985374275
    </LatitudeDegrees><LongitudeDegrees>
      -122.28869750209569
    </LongitudeDegrees>
    </Position><AltitudeMeters>
      100.83304306678474
    </AltitudeMeters><SensorState>
      Present
    </SensorState>
    </Trackpoint>
<Trackpoint>
      <Time>
      2025-09-06T16:16:17.394Z
    </Time><SensorState>
      Present
    </SensorState><Extensions>
      <TPX xmlns="http://www.garmin.com/xmlschemas/ActivityExtension/v2">
      <ns3:Speed>
      2.6075722226119953
    </ns3:Speed><nax:Nax>
      <nax:Pace>
      6.391641436482143
    </nax:Pace>
    </nax:Nax>
    </TPX>
    </Extensions>
    </Trackpoint>
<Trackpoint>
      <Time>
      2025-09-06T16:16:17.395Z
    </Time><DistanceMeters>
      7.4935376949142665
    </DistanceMeters><Cadence>
      159.35741901397705
    </Cadence><SensorState>
      Present
    </SensorState>
    </Trackpoint>
<Trackpoint>
      <Time>
      2025-09-06T16:16:17.714Z
    </Time><SensorState>
      Present
    </SensorState><Extensions>
      <TPX xmlns="http://www.garmin.com/xmlschemas/ActivityExtension/v2">
      <nax:Nax>
      <nax:DescentInMeters>
      0.06341552734375
    </nax:DescentInMeters>
    </nax:Nax>
    </TPX>
    </Extensions>
    </Trackpoint>
<Trackpoint>
      <Time>
      2025-09-06T16:16:18.773Z
    </Time><SensorState>
      Present
    </SensorState><Extensions>
      <TPX xmlns="http://www.garmin.com/xmlschemas/ActivityExtension/v2">
      <nax:Nax>
      <nax:DescentInMeters>
      0.05020904541015625
    </nax:DescentInMeters>
    </nax:Nax>
    </TPX>
    </Extensions>
    </Trackpoint>
<Trackpoint>
      <Time>
      2025-09-06T16:16:19.833Z
    </Time><SensorState>
      Present
    </SensorState><Extensions>
      <TPX xmlns="http://www.garmin.com/xmlschemas/ActivityExtension/v2">
      <nax:Nax>
      <nax:DescentInMeters>
      0.02906036376953125
    </nax:DescentInMeters>
    </nax:Nax>
    </TPX>
    </Extensions>
    </Trackpoint>
<Trackpoint>
      <Time>
      2025-09-06T16:16:19.949Z
    </Time><DistanceMeters>
      7.409670356661081
    </DistanceMeters><SensorState>
      Present
    </SensorState><Extensions>
      <TPX xmlns="http://www.garmin.com/xmlschemas/ActivityExtension/v2">
      <ns3:Speed>
      2.610639284837318
    </ns3:Speed><nax:Nax>
      <nax:Pace>
      6.384132332439504
    </nax:Pace>
    </nax:Nax>
    </TPX>
    </Extensions>
    </Trackpoint>
<Trackpoint>
      <Time>
      2025-09-06T16:16:19.950Z
    </Time><Cadence>
      159.41954612731934
    </Cadence><SensorState>
      Present
    </SensorState>
    </Trackpoint>
<Trackpoint>
      <Time>
      2025-09-06T16:16:20.893Z
    </Time><SensorState>
      Present
    </SensorState><Extensions>
      <TPX xmlns="http://www.garmin.com/xmlschemas/ActivityExtension/v2">
      <nax:Nax>
      <nax:DescentInMeters>
      0.03963470458984375
    </nax:DescentInMeters>
    </nax:Nax>
    </TPX>
    </Extensions>
    </Trackpoint>
<Trackpoint>
      <Time>
      2025-09-06T16:16:20.999Z
    </Time><Position>
      <LatitudeDegrees>
      47.607903751772135
    </LatitudeDegrees><LongitudeDegrees>
      -122.28853411432489
    </LongitudeDegrees>
    </Position><AltitudeMeters>
      100.32715177536011
    </AltitudeMeters><SensorState>
      Present
    </SensorState>
    </Trackpoint>
<Trackpoint>
      <Time>
      2025-09-06T16:16:21.000Z
    </Time><SensorState>
      Present
    </SensorState><Extensions>
      <TPX xmlns="http://www.garmin.com/xmlschemas/ActivityExtension/v2">
      <nax:Nax>
      <nax:NikeFuel>
      6.050435429778749
    </nax:NikeFuel>
    </nax:Nax>
    </TPX>
    </Extensions>
    </Trackpoint>
<Trackpoint>
      <Time>
      2025-09-06T16:16:21.953Z
    </Time><SensorState>
      Present
    </SensorState><Extensions>
      <TPX xmlns="http://www.garmin.com/xmlschemas/ActivityExtension/v2">
      <nax:Nax>
      <nax:DescentInMeters>
      0.0290679931640625
    </nax:DescentInMeters>
    </nax:Nax>
    </TPX>
    </Extensions>
    </Trackpoint>
<Trackpoint>
      <Time>
      2025-09-06T16:16:22.505Z
    </Time><SensorState>
      Present
    </SensorState><Extensions>
      <TPX xmlns="http://www.garmin.com/xmlschemas/ActivityExtension/v2">
      <ns3:Speed>
      2.614082208971873
    </ns3:Speed><nax:Nax>
      <nax:Pace>
      6.375723995773537
    </nax:Pace>
    </nax:Nax>
    </TPX>
    </Extensions>
    </Trackpoint>
<Trackpoint>
      <Time>
      2025-09-06T16:16:22.506Z
    </Time><DistanceMeters>
      4.631341486237943
    </DistanceMeters><Cadence>
      159.41954612731934
    </Cadence><SensorState>
      Present
    </SensorState>
    </Trackpoint>
<Trackpoint>
      <Time>
      2025-09-06T16:16:23.013Z
    </Time><SensorState>
      Present
    </SensorState><Extensions>
      <TPX xmlns="http://www.garmin.com/xmlschemas/ActivityExtension/v2">
      <nax:Nax>
      <nax:DescentInMeters>
      0.044921875
    </nax:DescentInMeters>
    </nax:Nax>
    </TPX>
    </Extensions>
    </Trackpoint>
<Trackpoint>
      <Time>
      2025-09-06T16:16:24.073Z
    </Time><SensorState>
      Present
    </SensorState><Extensions>
      <TPX xmlns="http://www.garmin.com/xmlschemas/ActivityExtension/v2">
      <nax:Nax>
      <nax:DescentInMeters>
      0.0369873046875
    </nax:DescentInMeters>
    </nax:Nax>
    </TPX>
    </Extensions>
    </Trackpoint>
<Trackpoint>
      <Time>
      2025-09-06T16:16:25.060Z
    </Time><DistanceMeters>
      1.8861839985474944
    </DistanceMeters><SensorState>
      Present
    </SensorState><Extensions>
      <TPX xmlns="http://www.garmin.com/xmlschemas/ActivityExtension/v2">
      <ns3:Speed>
      2.6151698296185626
    </ns3:Speed><nax:Nax>
      <nax:Pace>
      6.373072401610565
    </nax:Pace>
    </nax:Nax>
    </TPX>
    </Extensions>
    </Trackpoint>
<Trackpoint>
      <Time>
      2025-09-06T16:16:25.061Z
    </Time><Cadence>
      159.41954612731934
    </Cadence><SensorState>
      Present
    </SensorState>
    </Trackpoint>
<Trackpoint>
      <Time>
      2025-09-06T16:16:25.132Z
    </Time><SensorState>
      Present
    </SensorState><Extensions>
      <TPX xmlns="http://www.garmin.com/xmlschemas/ActivityExtension/v2">
      <nax:Nax>
      <nax:DescentInMeters>
      0.05284881591796875
    </nax:DescentInMeters>
    </nax:Nax>
    </TPX>
    </Extensions>
    </Trackpoint>
<Trackpoint>
      <Time>
      2025-09-06T16:16:26.192Z
    </Time><SensorState>
      Present
    </SensorState><Extensions>
      <TPX xmlns="http://www.garmin.com/xmlschemas/ActivityExtension/v2">
      <nax:Nax>
      <nax:DescentInMeters>
      0.04227447509765625
    </nax:DescentInMeters>
    </nax:Nax>
    </TPX>
    </Extensions>
    </Trackpoint>
<Trackpoint>
      <Time>
      2025-09-06T16:16:27.251Z
    </Time><SensorState>
      Present
    </SensorState><Extensions>
      <TPX xmlns="http://www.garmin.com/xmlschemas/ActivityExtension/v2">
      <nax:Nax>
      <nax:DescentInMeters>
      0.02378082275390625
    </nax:DescentInMeters>
    </nax:Nax>
    </TPX>
    </Extensions>
    </Trackpoint>
<Trackpoint>
      <Time>
      2025-09-06T16:16:27.615Z
    </Time><SensorState>
      Present
    </SensorState><Extensions>
      <TPX xmlns="http://www.garmin.com/xmlschemas/ActivityExtension/v2">
      <ns3:Speed>
      2.6112220297906696
    </ns3:Speed><nax:Nax>
      <nax:Pace>
      6.382707589213606
    </nax:Pace>
    </nax:Nax>
    </TPX>
    </Extensions>
    </Trackpoint>
<Trackpoint>
      <Time>
      2025-09-06T16:16:27.616Z
    </Time><DistanceMeters>
      2.741185099584982
    </DistanceMeters><Cadence>
      92.47777462005615
    </Cadence><SensorState>
      Present
    </SensorState>
    </Trackpoint>
<Trackpoint>
      <Time>
      2025-09-06T16:16:28.312Z
    </Time><SensorState>
      Present
    </SensorState><Extensions>
      <TPX xmlns="http://www.garmin.com/xmlschemas/ActivityExtension/v2">
      <nax:Nax>
      <nax:DescentInMeters>
      0.02378082275390625
    </nax:DescentInMeters>
    </nax:Nax>
    </TPX>
    </Extensions>
    </Trackpoint>
<Trackpoint>
      <Time>
      2025-09-06T16:16:29.372Z
    </Time><SensorState>
      Present
    </SensorState><Extensions>
      <TPX xmlns="http://www.garmin.com/xmlschemas/ActivityExtension/v2">
      <nax:Nax>
      <nax:DescentInMeters>
      0.0026397705078125
    </nax:DescentInMeters>
    </nax:Nax>
    </TPX>
    </Extensions>
    </Trackpoint>
<Trackpoint>
      <Time>
      2025-09-06T16:16:29.999Z
    </Time><Position>
      <LatitudeDegrees>
      47.60798264575313
    </LatitudeDegrees><LongitudeDegrees>
      -122.28845955984333
    </LongitudeDegrees>
    </Position><AltitudeMeters>
      98.45641690306365
    </AltitudeMeters><SensorState>
      Present
    </SensorState>
    </Trackpoint>
<Trackpoint>
      <Time>
      2025-09-06T16:16:30.170Z
    </Time><SensorState>
      Present
    </SensorState><Extensions>
      <TPX xmlns="http://www.garmin.com/xmlschemas/ActivityExtension/v2">
      <ns3:Speed>
      1.3309775218839948
    </ns3:Speed><nax:Nax>
      <nax:Pace>
      12.522124823772417
    </nax:Pace>
    </nax:Nax>
    </TPX>
    </Extensions>
    </Trackpoint>
<Trackpoint>
      <Time>
      2025-09-06T16:16:30.171Z
    </Time><DistanceMeters>
      6.637386043556035
    </DistanceMeters><Cadence>
      92.47777462005615
    </Cadence><SensorState>
      Present
    </SensorState>
    </Trackpoint>
<Trackpoint>
      <Time>
      2025-09-06T16:16:31.000Z
    </Time><SensorState>
      Present
    </SensorState><Extensions>
      <TPX xmlns="http://www.garmin.com/xmlschemas/ActivityExtension/v2">
      <nax:Nax>
      <nax:NikeFuel>
      3.5733058851081703
    </nax:NikeFuel>
    </nax:Nax>
    </TPX>
    </Extensions>
    </Trackpoint>
<Trackpoint>
      <Time>
      2025-09-06T16:16:32.726Z
    </Time><SensorState>
      Present
    </SensorState><Extensions>
      <TPX xmlns="http://www.garmin.com/xmlschemas/ActivityExtension/v2">
      <ns3:Speed>
      1.3309775218839948
    </ns3:Speed><nax:Nax>
      <nax:Pace>
      12.522124823772417
    </nax:Pace>
    </nax:Nax>
    </TPX>
    </Extensions>
    </Trackpoint>
<Trackpoint>
      <Time>
      2025-09-06T16:16:32.727Z
    </Time><DistanceMeters>
      5.463821090757847
    </DistanceMeters><Cadence>
      128.14280033111572
    </Cadence><SensorState>
      Present
    </SensorState>
    </Trackpoint>
<Trackpoint>
      <Time>
      2025-09-06T16:16:33.611Z
    </Time><SensorState>
      Present
    </SensorState><Extensions>
      <TPX xmlns="http://www.garmin.com/xmlschemas/ActivityExtension/v2">
      <nax:Nax>
      <nax:AscentInMeters>
      0.01056671142578125
    </nax:AscentInMeters>
    </nax:Nax>
    </TPX>
    </Extensions>
    </Trackpoint>
<Trackpoint>
      <Time>
      2025-09-06T16:16:34.671Z
    </Time><SensorState>
      Present
    </SensorState><Extensions>
      <TPX xmlns="http://www.garmin.com/xmlschemas/ActivityExtension/v2">
      <nax:Nax>
      <nax:AscentInMeters>
      0.0290679931640625
    </nax:AscentInMeters>
    </nax:Nax>
    </TPX>
    </Extensions>
    </Trackpoint>
<Trackpoint>
      <Time>
      2025-09-06T16:16:34.999Z
    </Time><Position>
      <LatitudeDegrees>
      47.60809586876254
    </LatitudeDegrees><LongitudeDegrees>
      -122.2884618539955
    </LongitudeDegrees>
    </Position><AltitudeMeters>
      99.24126421287656
    </AltitudeMeters><SensorState>
      Present
    </SensorState>
    </Trackpoint>
<Trackpoint>
      <Time>
      2025-09-06T16:16:35.281Z
    </Time><SensorState>
      Present
    </SensorState><Extensions>
      <TPX xmlns="http://www.garmin.com/xmlschemas/ActivityExtension/v2">
      <ns3:Speed>
      1.760968493724038
    </ns3:Speed><nax:Nax>
      <nax:Pace>
      9.464488845805839
    </nax:Pace>
    </nax:Nax>
    </TPX>
    </Extensions>
    </Trackpoint>
<Trackpoint>
      <Time>
      2025-09-06T16:16:35.282Z
    </Time><DistanceMeters>
      5.9357165328692645
    </DistanceMeters><Cadence>
      140.1544189453125
    </Cadence><SensorState>
      Present
    </SensorState>
    </Trackpoint>
<Trackpoint>
      <Time>
      2025-09-06T16:16:37.836Z
    </Time><SensorState>
      Present
    </SensorState><Extensions>
      <TPX xmlns="http://www.garmin.com/xmlschemas/ActivityExtension/v2">
      <ns3:Speed>
      1.9898475647564358
    </ns3:Speed><nax:Nax>
      <nax:Pace>
      8.375850975653366
    </nax:Pace>
    </nax:Nax>
    </TPX>
    </Extensions>
    </Trackpoint>
<Trackpoint>
      <Time>
      2025-09-06T16:16:37.837Z
    </Time><DistanceMeters>
      4.551884083310142
    </DistanceMeters><Cadence>
      145.8997678756714
    </Cadence><SensorState>
      Present
    </SensorState>
    </Trackpoint>
<Trackpoint>
      <Time>
      2025-09-06T16:16:39.970Z
    </Time><SensorState>
      Present
    </SensorState><Extensions>
      <TPX xmlns="http://www.garmin.com/xmlschemas/ActivityExtension/v2">
      <nax:Nax>
      <nax:DescentInMeters>
      0.013214111328125
    </nax:DescentInMeters>
    </nax:Nax>
    </TPX>
    </Extensions>
    </Trackpoint>
<Trackpoint>
      <Time>
      2025-09-06T16:16:40.392Z
    </Time><SensorState>
      Present
    </SensorState><Extensions>
      <TPX xmlns="http://www.garmin.com/xmlschemas/ActivityExtension/v2">
      <ns3:Speed>
      2.0736688206862284
    </ns3:Speed><nax:Nax>
      <nax:Pace>
      8.037284690981298
    </nax:Pace>
    </nax:Nax>
    </TPX>
    </Extensions>
    </Trackpoint>
<Trackpoint>
      <Time>
      2025-09-06T16:16:40.393Z
    </Time><DistanceMeters>
      6.434366083936766
    </DistanceMeters><Cadence>
      150.0423288345337
    </Cadence><SensorState>
      Present
    </SensorState>
    </Trackpoint>
<Trackpoint>
      <Time>
      2025-09-06T16:16:40.999Z
    </Time><Position>
      <LatitudeDegrees>
      47.60820295953613
    </LatitudeDegrees><LongitudeDegrees>
      -122.28846368072718
    </LongitudeDegrees>
    </Position><AltitudeMeters>
      99.46400728728622
    </AltitudeMeters><SensorState>
      Present
    </SensorState>
    </Trackpoint>
<Trackpoint>
      <Time>
      2025-09-06T16:16:41.000Z
    </Time><SensorState>
      Present
    </SensorState><Extensions>
      <TPX xmlns="http://www.garmin.com/xmlschemas/ActivityExtension/v2">
      <nax:Nax>
      <nax:NikeFuel>
      5.5320475817089925
    </nax:NikeFuel>
    </nax:Nax>
    </TPX>
    </Extensions>
    </Trackpoint>
<Trackpoint>
      <Time>
      2025-09-06T16:16:41.030Z
    </Time><SensorState>
      Present
    </SensorState><Extensions>
      <TPX xmlns="http://www.garmin.com/xmlschemas/ActivityExtension/v2">
      <nax:Nax>
      <nax:DescentInMeters>
      0.01056671142578125
    </nax:DescentInMeters>
    </nax:Nax>
    </TPX>
    </Extensions>
    </Trackpoint>
<Trackpoint>
      <Time>
      2025-09-06T16:16:42.090Z
    </Time><SensorState>
      Present
    </SensorState><Extensions>
      <TPX xmlns="http://www.garmin.com/xmlschemas/ActivityExtension/v2">
      <nax:Nax>
      <nax:DescentInMeters>
      0.0158538818359375
    </nax:DescentInMeters>
    </nax:Nax>
    </TPX>
    </Extensions>
    </Trackpoint>
<Trackpoint>
      <Time>
      2025-09-06T16:16:42.947Z
    </Time><SensorState>
      Present
    </SensorState><Extensions>
      <TPX xmlns="http://www.garmin.com/xmlschemas/ActivityExtension/v2">
      <ns3:Speed>
      2.130972717545789
    </ns3:Speed><nax:Nax>
      <nax:Pace>
      7.821154409645108
    </nax:Pace>
    </nax:Nax>
    </TPX>
    </Extensions>
    </Trackpoint>
<Trackpoint>
      <Time>
      2025-09-06T16:16:42.948Z
    </Time><DistanceMeters>
      6.965030161198229
    </DistanceMeters><Cadence>
      152.0310401916504
    </Cadence><SensorState>
      Present
    </SensorState>
    </Trackpoint>
<Trackpoint>
      <Time>
      2025-09-06T16:16:43.149Z
    </Time><SensorState>
      Present
    </SensorState><Extensions>
      <TPX xmlns="http://www.garmin.com/xmlschemas/ActivityExtension/v2">
      <nax:Nax>
      <nax:DescentInMeters>
      0.013214111328125
    </nax:DescentInMeters>
    </nax:Nax>
    </TPX>
    </Extensions>
    </Trackpoint>
<Trackpoint>
      <Time>
      2025-09-06T16:16:44.209Z
    </Time><SensorState>
      Present
    </SensorState><Extensions>
      <TPX xmlns="http://www.garmin.com/xmlschemas/ActivityExtension/v2">
      <nax:Nax>
      <nax:DescentInMeters>
      0.00792694091796875
    </nax:DescentInMeters>
    </nax:Nax>
    </TPX>
    </Extensions>
    </Trackpoint>
<Trackpoint>
      <Time>
      2025-09-06T16:16:44.999Z
    </Time><Position>
      <LatitudeDegrees>
      47.60829939019865
    </LatitudeDegrees><LongitudeDegrees>
      -122.28846810026434
    </LongitudeDegrees>
    </Position><AltitudeMeters>
      99.47052834741771
    </AltitudeMeters><SensorState>
      Present
    </SensorState>
    </Trackpoint>
<Trackpoint>
      <Time>
      2025-09-06T16:16:45.269Z
    </Time><SensorState>
      Present
    </SensorState><Extensions>
      <TPX xmlns="http://www.garmin.com/xmlschemas/ActivityExtension/v2">
      <nax:Nax>
      <nax:DescentInMeters>
      0.0026397705078125
    </nax:DescentInMeters>
    </nax:Nax>
    </TPX>
    </Extensions>
    </Trackpoint>
<Trackpoint>
      <Time>
      2025-09-06T16:16:45.502Z
    </Time><SensorState>
      Present
    </SensorState><Extensions>
      <TPX xmlns="http://www.garmin.com/xmlschemas/ActivityExtension/v2">
      <ns3:Speed>
      2.1516960689112894
    </ns3:Speed><nax:Nax>
      <nax:Pace>
      7.745827539248901
    </nax:Pace>
    </nax:Nax>
    </TPX>
    </Extensions>
    </Trackpoint>
<Trackpoint>
      <Time>
      2025-09-06T16:16:45.503Z
    </Time><DistanceMeters>
      6.381432751426473
    </DistanceMeters><Cadence>
      153.78723621368408
    </Cadence><SensorState>
      Present
    </SensorState>
    </Trackpoint>
<Trackpoint>
      <Time>
      2025-09-06T16:16:46.329Z
    </Time><SensorState>
      Present
    </SensorState><Extensions>
      <TPX xmlns="http://www.garmin.com/xmlschemas/ActivityExtension/v2">
      <nax:Nax>
      <nax:DescentInMeters>
      0.02114105224609375
    </nax:DescentInMeters>
    </nax:Nax>
    </TPX>
    </Extensions>
    </Trackpoint>
<Trackpoint>
      <Time>
      2025-09-06T16:16:47.389Z
    </Time><SensorState>
      Present
    </SensorState><Extensions>
      <TPX xmlns="http://www.garmin.com/xmlschemas/ActivityExtension/v2">
      <nax:Nax>
      <nax:DescentInMeters>
      0.013214111328125
    </nax:DescentInMeters>
    </nax:Nax>
    </TPX>
    </Extensions>
    </Trackpoint>
<Trackpoint>
      <Time>
      2025-09-06T16:16:48.057Z
    </Time><SensorState>
      Present
    </SensorState><Extensions>
      <TPX xmlns="http://www.garmin.com/xmlschemas/ActivityExtension/v2">
      <ns3:Speed>
      2.1728690451220856
    </ns3:Speed><nax:Nax>
      <nax:Pace>
      7.670350269880267
    </nax:Pace>
    </nax:Nax>
    </TPX>
    </Extensions>
    </Trackpoint>
<Trackpoint>
      <Time>
      2025-09-06T16:16:48.058Z
    </Time><DistanceMeters>
      6.891641325550154
    </DistanceMeters><Cadence>
      155.40827751159668
    </Cadence><SensorState>
      Present
    </SensorState>
    </Trackpoint>
<Trackpoint>
      <Time>
      2025-09-06T16:16:48.448Z
    </Time><SensorState>
      Present
    </SensorState><Extensions>
      <TPX xmlns="http://www.garmin.com/xmlschemas/ActivityExtension/v2">
      <nax:Nax>
      <nax:DescentInMeters>
      0.01320648193359375
    </nax:DescentInMeters>
    </nax:Nax>
    </TPX>
    </Extensions>
    </Trackpoint>
<Trackpoint>
      <Time>
      2025-09-06T16:16:48.999Z
    </Time><Position>
      <LatitudeDegrees>
      47.608388856768165
    </LatitudeDegrees><LongitudeDegrees>
      -122.28848833461626
    </LongitudeDegrees>
    </Position><AltitudeMeters>
      100.15547642391175
    </AltitudeMeters><SensorState>
      Present
    </SensorState>
    </Trackpoint>
<Trackpoint>
      <Time>
      2025-09-06T16:16:49.508Z
    </Time><SensorState>
      Present
    </SensorState><Extensions>
      <TPX xmlns="http://www.garmin.com/xmlschemas/ActivityExtension/v2">
      <nax:Nax>
      <nax:DescentInMeters>
      0.0158538818359375
    </nax:DescentInMeters>
    </nax:Nax>
    </TPX>
    </Extensions>
    </Trackpoint>
<Trackpoint>
      <Time>
      2025-09-06T16:16:50.567Z
    </Time><SensorState>
      Present
    </SensorState><Extensions>
      <TPX xmlns="http://www.garmin.com/xmlschemas/ActivityExtension/v2">
      <nax:Nax>
      <nax:DescentInMeters>
      0.013214111328125
    </nax:DescentInMeters>
    </nax:Nax>
    </TPX>
    </Extensions>
    </Trackpoint>
<Trackpoint>
      <Time>
      2025-09-06T16:16:50.613Z
    </Time><DistanceMeters>
      7.144733738154173
    </DistanceMeters><SensorState>
      Present
    </SensorState><Extensions>
      <TPX xmlns="http://www.garmin.com/xmlschemas/ActivityExtension/v2">
      <ns3:Speed>
      2.196861288310527
    </ns3:Speed><nax:Nax>
      <nax:Pace>
      7.586581253604768
    </nax:Pace>
    </nax:Nax>
    </TPX>
    </Extensions>
    </Trackpoint>
<Trackpoint>
      <Time>
      2025-09-06T16:16:50.614Z
    </Time><Cadence>
      156.6744089126587
    </Cadence><SensorState>
      Present
    </SensorState>
    </Trackpoint>
<Trackpoint>
      <Time>
      2025-09-06T16:16:51.000Z
    </Time><SensorState>
      Present
    </SensorState><Extensions>
      <TPX xmlns="http://www.garmin.com/xmlschemas/ActivityExtension/v2">
      <nax:Nax>
      <nax:NikeFuel>
      6.720424252471357
    </nax:NikeFuel>
    </nax:Nax>
    </TPX>
    </Extensions>
    </Trackpoint>
<Trackpoint>
      <Time>
      2025-09-06T16:16:51.628Z
    </Time><SensorState>
      Present
    </SensorState><Extensions>
      <TPX xmlns="http://www.garmin.com/xmlschemas/ActivityExtension/v2">
      <nax:Nax>
      <nax:DescentInMeters>
      0.0026397705078125
    </nax:DescentInMeters>
    </nax:Nax>
    </TPX>
    </Extensions>
    </Trackpoint>
<Trackpoint>
      <Time>
      2025-09-06T16:16:52.999Z
    </Time><Position>
      <LatitudeDegrees>
      47.60849618587417
    </LatitudeDegrees><LongitudeDegrees>
      -122.28849203173667
    </LongitudeDegrees>
    </Position><AltitudeMeters>
      100.34536435455084
    </AltitudeMeters><SensorState>
      Present
    </SensorState>
    </Trackpoint>
<Trackpoint>
      <Time>
      2025-09-06T16:16:53.168Z
    </Time><SensorState>
      Present
    </SensorState><Extensions>
      <TPX xmlns="http://www.garmin.com/xmlschemas/ActivityExtension/v2">
      <ns3:Speed>
      2.216064426096509
    </ns3:Speed><nax:Nax>
      <nax:Pace>
      7.520840310597015
    </nax:Pace>
    </nax:Nax>
    </TPX>
    </Extensions>
    </Trackpoint>
<Trackpoint>
      <Time>
      2025-09-06T16:16:53.169Z
    </Time><DistanceMeters>
      7.776318130316213
    </DistanceMeters><Cadence>
      157.44409561157227
    </Cadence><SensorState>
      Present
    </SensorState>
    </Trackpoint>
<Trackpoint>
      <Time>
      2025-09-06T16:16:54.807Z
    </Time><SensorState>
      Present
    </SensorState><Extensions>
      <TPX xmlns="http://www.garmin.com/xmlschemas/ActivityExtension/v2">
      <nax:Nax>
      <nax:DescentInMeters>
      0.00264739990234375
    </nax:DescentInMeters>
    </nax:Nax>
    </TPX>
    </Extensions>
    </Trackpoint>
<Trackpoint>
      <Time>
      2025-09-06T16:16:55.723Z
    </Time><SensorState>
      Present
    </SensorState><Extensions>
      <TPX xmlns="http://www.garmin.com/xmlschemas/ActivityExtension/v2">
      <ns3:Speed>
      2.60102003474297
    </ns3:Speed><nax:Nax>
      <nax:Pace>
      6.407742517951673
    </nax:Pace>
    </nax:Nax>
    </TPX>
    </Extensions>
    </Trackpoint>
<Trackpoint>
      <Time>
      2025-09-06T16:16:55.724Z
    </Time><DistanceMeters>
      6.966305151581764
    </DistanceMeters><Cadence>
      157.8493595123291
    </Cadence><SensorState>
      Present
    </SensorState>
    </Trackpoint>
<Trackpoint>
      <Time>
      2025-09-06T16:16:56.999Z
    </Time><Position>
      <LatitudeDegrees>
      47.608596380309336
    </LatitudeDegrees><LongitudeDegrees>
      -122.28848248544358
    </LongitudeDegrees>
    </Position><AltitudeMeters>
      100.35682544577867
    </AltitudeMeters><SensorState>
      Present
    </SensorState>
    </Trackpoint>
<Trackpoint>
      <Time>
      2025-09-06T16:16:58.279Z
    </Time><SensorState>
      Present
    </SensorState><Extensions>
      <TPX xmlns="http://www.garmin.com/xmlschemas/ActivityExtension/v2">
      <ns3:Speed>
      2.7273068279250747
    </ns3:Speed><nax:Nax>
      <nax:Pace>
      6.111034701345505
    </nax:Pace>
    </nax:Nax>
    </TPX>
    </Extensions>
    </Trackpoint>
<Trackpoint>
      <Time>
      2025-09-06T16:16:58.280Z
    </Time><DistanceMeters>
      7.068647375097498
    </DistanceMeters><Cadence>
      158.495135307312
    </Cadence><SensorState>
      Present
    </SensorState>
    </Trackpoint>
<Trackpoint>
      <Time>
      2025-09-06T16:16:59.047Z
    </Time><SensorState>
      Present
    </SensorState><Extensions>
      <TPX xmlns="http://www.garmin.com/xmlschemas/ActivityExtension/v2">
      <nax:Nax>
      <nax:DescentInMeters>
      0.01320648193359375
    </nax:DescentInMeters>
    </nax:Nax>
    </TPX>
    </Extensions>
    </Trackpoint>
<Trackpoint>
      <Time>
      2025-09-06T16:17:00.106Z
    </Time><SensorState>
      Present
    </SensorState><Extensions>
      <TPX xmlns="http://www.garmin.com/xmlschemas/ActivityExtension/v2">
      <nax:Nax>
      <nax:DescentInMeters>
      0.013214111328125
    </nax:DescentInMeters>
    </nax:Nax>
    </TPX>
    </Extensions>
    </Trackpoint>
<Trackpoint>
      <Time>
      2025-09-06T16:17:00.834Z
    </Time><SensorState>
      Present
    </SensorState><Extensions>
      <TPX xmlns="http://www.garmin.com/xmlschemas/ActivityExtension/v2">
      <ns3:Speed>
      2.7285626815952577
    </ns3:Speed><nax:Nax>
      <nax:Pace>
      6.10822202439655
    </nax:Pace>
    </nax:Nax>
    </TPX>
    </Extensions>
    </Trackpoint>
<Trackpoint>
      <Time>
      2025-09-06T16:17:00.835Z
    </Time><DistanceMeters>
      6.4939376837573946
    </DistanceMeters><Cadence>
      158.9466905593872
    </Cadence><SensorState>
      Present
    </SensorState>
    </Trackpoint>
<Trackpoint>
      <Time>
      2025-09-06T16:17:00.999Z
    </Time><Position>
      <LatitudeDegrees>
      47.60869100069158
    </LatitudeDegrees><LongitudeDegrees>
      -122.28848665176135
    </LongitudeDegrees>
    </Position><AltitudeMeters>
      100.6672476278618
    </AltitudeMeters><SensorState>
      Present
    </SensorState>
    </Trackpoint>
<Trackpoint>
      <Time>
      2025-09-06T16:17:01.000Z
    </Time><SensorState>
      Present
    </SensorState><Extensions>
      <TPX xmlns="http://www.garmin.com/xmlschemas/ActivityExtension/v2">
      <nax:Nax>
      <nax:NikeFuel>
      7.110086433772055
    </nax:NikeFuel>
    </nax:Nax>
    </TPX>
    </Extensions>
    </Trackpoint>
<Trackpoint>
      <Time>
      2025-09-06T16:17:01.166Z
    </Time><SensorState>
      Present
    </SensorState><Extensions>
      <TPX xmlns="http://www.garmin.com/xmlschemas/ActivityExtension/v2">
      <nax:Nax>
      <nax:DescentInMeters>
      0.01056671142578125
    </nax:DescentInMeters>
    </nax:Nax>
    </TPX>
    </Extensions>
    </Trackpoint>
<Trackpoint>
      <Time>
      2025-09-06T16:17:02.225Z
    </Time><SensorState>
      Present
    </SensorState><Extensions>
      <TPX xmlns="http://www.garmin.com/xmlschemas/ActivityExtension/v2">
      <nax:Nax>
      <nax:DescentInMeters>
      0.00528717041015625
    </nax:DescentInMeters>
    </nax:Nax>
    </TPX>
    </Extensions>
    </Trackpoint>
<Trackpoint>
      <Time>
      2025-09-06T16:17:03.286Z
    </Time><SensorState>
      Present
    </SensorState><Extensions>
      <TPX xmlns="http://www.garmin.com/xmlschemas/ActivityExtension/v2">
      <nax:Nax>
      <nax:DescentInMeters>
      0.01056671142578125
    </nax:DescentInMeters>
    </nax:Nax>
    </TPX>
    </Extensions>
    </Trackpoint>
<Trackpoint>
      <Time>
      2025-09-06T16:17:03.389Z
    </Time><DistanceMeters>
      7.3775895305443555
    </DistanceMeters><SensorState>
      Present
    </SensorState><Extensions>
      <TPX xmlns="http://www.garmin.com/xmlschemas/ActivityExtension/v2">
      <ns3:Speed>
      2.7239267659157718
    </ns3:Speed><nax:Nax>
      <nax:Pace>
      6.118617752582422
    </nax:Pace>
    </nax:Nax>
    </TPX>
    </Extensions>
    </Trackpoint>
<Trackpoint>
      <Time>
      2025-09-06T16:17:03.390Z
    </Time><Cadence>
      159.77952003479004
    </Cadence><SensorState>
      Present
    </SensorState>
    </Trackpoint>
<Trackpoint>
      <Time>
      2025-09-06T16:17:04.999Z
    </Time><Position>
      <LatitudeDegrees>
      47.60879609315646
    </LatitudeDegrees><LongitudeDegrees>
      -122.2884966650891
    </LongitudeDegrees>
    </Position><AltitudeMeters>
      100.5341871548444
    </AltitudeMeters><SensorState>
      Present
    </SensorState>
    </Trackpoint>
<Trackpoint>
      <Time>
      2025-09-06T16:17:05.944Z
    </Time><SensorState>
      Present
    </SensorState><Extensions>
      <TPX xmlns="http://www.garmin.com/xmlschemas/ActivityExtension/v2">
      <ns3:Speed>
      2.7296590144955037
    </ns3:Speed><nax:Nax>
      <nax:Pace>
      6.10576873454174
    </nax:Pace>
    </nax:Nax>
    </TPX>
    </Extensions>
    </Trackpoint>
<Trackpoint>
      <Time>
      2025-09-06T16:17:05.945Z
    </Time><DistanceMeters>
      7.708078945288435
    </DistanceMeters><Cadence>
      160.39920330047607
    </Cadence><SensorState>
      Present
    </SensorState>
    </Trackpoint>
<Trackpoint>
      <Time>
      2025-09-06T16:17:08.500Z
    </Time><SensorState>
      Present
    </SensorState><Extensions>
      <TPX xmlns="http://www.garmin.com/xmlschemas/ActivityExtension/v2">
      <ns3:Speed>
      2.7316009443384828
    </ns3:Speed><nax:Nax>
      <nax:Pace>
      6.101428065914974
    </nax:Pace>
    </nax:Nax>
    </TPX>
    </Extensions>
    </Trackpoint>
<Trackpoint>
      <Time>
      2025-09-06T16:17:08.501Z
    </Time><DistanceMeters>
      7.0588694179896265
    </DistanceMeters><Cadence>
      160.56784629821777
    </Cadence><SensorState>
      Present
    </SensorState>
    </Trackpoint>
<Trackpoint>
      <Time>
      2025-09-06T16:17:08.999Z
    </Time><Position>
      <LatitudeDegrees>
      47.60889078129836
    </LatitudeDegrees><LongitudeDegrees>
      -122.28846753115039
    </LongitudeDegrees>
    </Position><AltitudeMeters>
      100.083959935233
    </AltitudeMeters><SensorState>
      Present
    </SensorState>
    </Trackpoint>
<Trackpoint>
      <Time>
      2025-09-06T16:17:10.704Z
    </Time><SensorState>
      Present
    </SensorState><Extensions>
      <TPX xmlns="http://www.garmin.com/xmlschemas/ActivityExtension/v2">
      <nax:Nax>
      <nax:DescentInMeters>
      0.00528717041015625
    </nax:DescentInMeters>
    </nax:Nax>
    </TPX>
    </Extensions>
    </Trackpoint>
<Trackpoint>
      <Time>
      2025-09-06T16:17:11.000Z
    </Time><SensorState>
      Present
    </SensorState><Extensions>
      <TPX xmlns="http://www.garmin.com/xmlschemas/ActivityExtension/v2">
      <nax:Nax>
      <nax:NikeFuel>
      7.12842302858996
    </nax:NikeFuel>
    </nax:Nax>
    </TPX>
    </Extensions>
    </Trackpoint>
<Trackpoint>
      <Time>
      2025-09-06T16:17:11.055Z
    </Time><SensorState>
      Present
    </SensorState><Extensions>
      <TPX xmlns="http://www.garmin.com/xmlschemas/ActivityExtension/v2">
      <ns3:Speed>
      2.7331264000786217
    </ns3:Speed><nax:Nax>
      <nax:Pace>
      6.098022640367906
    </nax:Pace>
    </nax:Nax>
    </TPX>
    </Extensions>
    </Trackpoint>
<Trackpoint>
      <Time>
      2025-09-06T16:17:11.056Z
    </Time><DistanceMeters>
      7.046677588252351
    </DistanceMeters><Cadence>
      160.8636474609375
    </Cadence><SensorState>
      Present
    </SensorState>
    </Trackpoint>
<Trackpoint>
      <Time>
      2025-09-06T16:17:11.764Z
    </Time><SensorState>
      Present
    </SensorState><Extensions>
      <TPX xmlns="http://www.garmin.com/xmlschemas/ActivityExtension/v2">
      <nax:Nax>
      <nax:DescentInMeters>
      0.02378082275390625
    </nax:DescentInMeters>
    </nax:Nax>
    </TPX>
    </Extensions>
    </Trackpoint>
<Trackpoint>
      <Time>
      2025-09-06T16:17:12.824Z
    </Time><SensorState>
      Present
    </SensorState><Extensions>
      <TPX xmlns="http://www.garmin.com/xmlschemas/ActivityExtension/v2">
      <nax:Nax>
      <nax:DescentInMeters>
      0.0158538818359375
    </nax:DescentInMeters>
    </nax:Nax>
    </TPX>
    </Extensions>
    </Trackpoint>
<Trackpoint>
      <Time>
      2025-09-06T16:17:12.999Z
    </Time><Position>
      <LatitudeDegrees>
      47.60899319507214
    </LatitudeDegrees><LongitudeDegrees>
      -122.288467588997
    </LongitudeDegrees>
    </Position><AltitudeMeters>
      99.94018709566444
    </AltitudeMeters><SensorState>
      Present
    </SensorState>
    </Trackpoint>
<Trackpoint>
      <Time>
      2025-09-06T16:17:13.610Z
    </Time><SensorState>
      Present
    </SensorState><Extensions>
      <TPX xmlns="http://www.garmin.com/xmlschemas/ActivityExtension/v2">
      <ns3:Speed>
      2.7352651992697
    </ns3:Speed><nax:Nax>
      <nax:Pace>
      6.093254383931975
    </nax:Pace>
    </nax:Nax>
    </TPX>
    </Extensions>
    </Trackpoint>
<Trackpoint>
      <Time>
      2025-09-06T16:17:13.611Z
    </Time><DistanceMeters>
      6.866954563185573
    </DistanceMeters><Cadence>
      161.19662761688232
    </Cadence><SensorState>
      Present
    </SensorState>
    </Trackpoint>
<Trackpoint>
      <Time>
      2025-09-06T16:17:13.883Z
    </Time><SensorState>
      Present
    </SensorState><Extensions>
      <TPX xmlns="http://www.garmin.com/xmlschemas/ActivityExtension/v2">
      <nax:Nax>
      <nax:DescentInMeters>
      0.013214111328125
    </nax:DescentInMeters>
    </nax:Nax>
    </TPX>
    </Extensions>
    </Trackpoint>
<Trackpoint>
      <Time>
      2025-09-06T16:17:14.944Z
    </Time><SensorState>
      Present
    </SensorState><Extensions>
      <TPX xmlns="http://www.garmin.com/xmlschemas/ActivityExtension/v2">
      <nax:Nax>
      <nax:DescentInMeters>
      0.0158538818359375
    </nax:DescentInMeters>
    </nax:Nax>
    </TPX>
    </Extensions>
    </Trackpoint>
<Trackpoint>
      <Time>
      2025-09-06T16:17:16.003Z
    </Time><SensorState>
      Present
    </SensorState><Extensions>
      <TPX xmlns="http://www.garmin.com/xmlschemas/ActivityExtension/v2">
      <nax:Nax>
      <nax:DescentInMeters>
      0.005279541015625
    </nax:DescentInMeters>
    </nax:Nax>
    </TPX>
    </Extensions>
    </Trackpoint>
<Trackpoint>
      <Time>
      2025-09-06T16:17:16.166Z
    </Time><DistanceMeters>
      7.692489096429199
    </DistanceMeters><SensorState>
      Present
    </SensorState><Extensions>
      <TPX xmlns="http://www.garmin.com/xmlschemas/ActivityExtension/v2">
      <ns3:Speed>
      2.7359147837329303
    </ns3:Speed><nax:Nax>
      <nax:Pace>
      6.091807670970795
    </nax:Pace>
    </nax:Nax>
    </TPX>
    </Extensions>
    </Trackpoint>
<Trackpoint>
      <Time>
      2025-09-06T16:17:16.167Z
    </Time><Cadence>
      161.42898559570312
    </Cadence><SensorState>
      Present
    </SensorState>
    </Trackpoint>
<Trackpoint>
      <Time>
      2025-09-06T16:17:16.999Z
    </Time><Position>
      <LatitudeDegrees>
      47.60909852385715
    </LatitudeDegrees><LongitudeDegrees>
      -122.28846195982985
    </LongitudeDegrees>
    </Position><AltitudeMeters>
      99.48416498024017
    </AltitudeMeters><SensorState>
      Present
    </SensorState>
    </Trackpoint>
<Trackpoint>
      <Time>
      2025-09-06T16:17:17.063Z
    </Time><SensorState>
      Present
    </SensorState><Extensions>
      <TPX xmlns="http://www.garmin.com/xmlschemas/ActivityExtension/v2">
      <nax:Nax>
      <nax:DescentInMeters>
      0.013214111328125
    </nax:DescentInMeters>
    </nax:Nax>
    </TPX>
    </Extensions>
    </Trackpoint>
<Trackpoint>
      <Time>
      2025-09-06T16:17:18.123Z
    </Time><SensorState>
      Present
    </SensorState><Extensions>
      <TPX xmlns="http://www.garmin.com/xmlschemas/ActivityExtension/v2">
      <nax:Nax>
      <nax:DescentInMeters>
      0.01056671142578125
    </nax:DescentInMeters>
    </nax:Nax>
    </TPX>
    </Extensions>
    </Trackpoint>
<Trackpoint>
      <Time>
      2025-09-06T16:17:18.721Z
    </Time><SensorState>
      Present
    </SensorState><Extensions>
      <TPX xmlns="http://www.garmin.com/xmlschemas/ActivityExtension/v2">
      <ns3:Speed>
      2.73942239388539
    </ns3:Speed><nax:Nax>
      <nax:Pace>
      6.084007600970191
    </nax:Pace>
    </nax:Nax>
    </TPX>
    </Extensions>
    </Trackpoint>
<Trackpoint>
      <Time>
      2025-09-06T16:17:18.722Z
    </Time><DistanceMeters>
      7.333514228696004
    </DistanceMeters><Cadence>
      161.6383695602417
    </Cadence><SensorState>
      Present
    </SensorState>
    </Trackpoint>
<Trackpoint>
      <Time>
      2025-09-06T16:17:19.183Z
    </Time><SensorState>
      Present
    </SensorState><Extensions>
      <TPX xmlns="http://www.garmin.com/xmlschemas/ActivityExtension/v2">
      <nax:Nax>
      <nax:DescentInMeters>
      0.00528717041015625
    </nax:DescentInMeters>
    </nax:Nax>
    </TPX>
    </Extensions>
    </Trackpoint>
<Trackpoint>
      <Time>
      2025-09-06T16:17:20.242Z
    </Time><SensorState>
      Present
    </SensorState><Extensions>
      <TPX xmlns="http://www.garmin.com/xmlschemas/ActivityExtension/v2">
      <nax:Nax>
      <nax:DescentInMeters>
      0.0343475341796875
    </nax:DescentInMeters>
    </nax:Nax>
    </TPX>
    </Extensions>
    </Trackpoint>
<Trackpoint>
      <Time>
      2025-09-06T16:17:20.999Z
    </Time><Position>
      <LatitudeDegrees>
      47.609198675169594
    </LatitudeDegrees><LongitudeDegrees>
      -122.28846757509545
    </LongitudeDegrees>
    </Position><AltitudeMeters>
      100.11509743425995
    </AltitudeMeters><SensorState>
      Present
    </SensorState>
    </Trackpoint>
<Trackpoint>
      <Time>
      2025-09-06T16:17:21.000Z
    </Time><SensorState>
      Present
    </SensorState><Extensions>
      <TPX xmlns="http://www.garmin.com/xmlschemas/ActivityExtension/v2">
      <nax:Nax>
      <nax:NikeFuel>
      7.160808242435636
    </nax:NikeFuel>
    </nax:Nax>
    </TPX>
    </Extensions>
    </Trackpoint>
<Trackpoint>
      <Time>
      2025-09-06T16:17:21.276Z
    </Time><SensorState>
      Present
    </SensorState><Extensions>
      <TPX xmlns="http://www.garmin.com/xmlschemas/ActivityExtension/v2">
      <ns3:Speed>
      2.743721372816047
    </ns3:Speed><nax:Nax>
      <nax:Pace>
      6.074474920010067
    </nax:Pace>
    </nax:Nax>
    </TPX>
    </Extensions>
    </Trackpoint>
<Trackpoint>
      <Time>
      2025-09-06T16:17:21.277Z
    </Time><DistanceMeters>
      6.969490287825465
    </DistanceMeters><Cadence>
      165.4101276397705
    </Cadence><SensorState>
      Present
    </SensorState>
    </Trackpoint>
<Trackpoint>
      <Time>
      2025-09-06T16:17:23.831Z
    </Time><SensorState>
      Present
    </SensorState><Extensions>
      <TPX xmlns="http://www.garmin.com/xmlschemas/ActivityExtension/v2">
      <ns3:Speed>
      2.7473635767616638
    </ns3:Speed><nax:Nax>
      <nax:Pace>
      6.066421935429376
    </nax:Pace>
    </nax:Nax>
    </TPX>
    </Extensions>
    </Trackpoint>
<Trackpoint>
      <Time>
      2025-09-06T16:17:23.832Z
    </Time><DistanceMeters>
      7.5877544758841395
    </DistanceMeters><Cadence>
      165.34562587738037
    </Cadence><SensorState>
      Present
    </SensorState>
    </Trackpoint>
<Trackpoint>
      <Time>
      2025-09-06T16:17:24.999Z
    </Time><Position>
      <LatitudeDegrees>
      47.609303227235856
    </LatitudeDegrees><LongitudeDegrees>
      -122.28846472778224
    </LongitudeDegrees>
    </Position><AltitudeMeters>
      99.47421623393893
    </AltitudeMeters><SensorState>
      Present
    </SensorState>
    </Trackpoint>
<Trackpoint>
      <Time>
      2025-09-06T16:17:25.541Z
    </Time><SensorState>
      Present
    </SensorState><Extensions>
      <TPX xmlns="http://www.garmin.com/xmlschemas/ActivityExtension/v2">
      <nax:Nax>
      <nax:AscentInMeters>
      0.005279541015625
    </nax:AscentInMeters>
    </nax:Nax>
    </TPX>
    </Extensions>
    </Trackpoint>
<Trackpoint>
      <Time>
      2025-09-06T16:17:26.387Z
    </Time><SensorState>
      Present
    </SensorState><Extensions>
      <TPX xmlns="http://www.garmin.com/xmlschemas/ActivityExtension/v2">
      <ns3:Speed>
      2.7520826469116755
    </ns3:Speed><nax:Nax>
      <nax:Pace>
      6.056019678540403
    </nax:Pace>
    </nax:Nax>
    </TPX>
    </Extensions>
    </Trackpoint>
<Trackpoint>
      <Time>
      2025-09-06T16:17:26.388Z
    </Time><DistanceMeters>
      6.486939672380686
    </DistanceMeters><Cadence>
      165.28116703033447
    </Cadence><SensorState>
      Present
    </SensorState>
    </Trackpoint>
<Trackpoint>
      <Time>
      2025-09-06T16:17:26.600Z
    </Time><SensorState>
      Present
    </SensorState><Extensions>
      <TPX xmlns="http://www.garmin.com/xmlschemas/ActivityExtension/v2">
      <nax:Nax>
      <nax:AscentInMeters>
      0.00792694091796875
    </nax:AscentInMeters>
    </nax:Nax>
    </TPX>
    </Extensions>
    </Trackpoint>
<Trackpoint>
      <Time>
      2025-09-06T16:17:27.661Z
    </Time><SensorState>
      Present
    </SensorState><Extensions>
      <TPX xmlns="http://www.garmin.com/xmlschemas/ActivityExtension/v2">
      <nax:Nax>
      <nax:AscentInMeters>
      0.03963470458984375
    </nax:AscentInMeters>
    </nax:Nax>
    </TPX>
    </Extensions>
    </Trackpoint>
<Trackpoint>
      <Time>
      2025-09-06T16:17:28.721Z
    </Time><SensorState>
      Present
    </SensorState><Extensions>
      <TPX xmlns="http://www.garmin.com/xmlschemas/ActivityExtension/v2">
      <nax:Nax>
      <nax:AscentInMeters>
      0.031707763671875
    </nax:AscentInMeters>
    </nax:Nax>
    </TPX>
    </Extensions>
    </Trackpoint>
<Trackpoint>
      <Time>
      2025-09-06T16:17:28.942Z
    </Time><DistanceMeters>
      6.2512565108481795
    </DistanceMeters><SensorState>
      Present
    </SensorState><Extensions>
      <TPX xmlns="http://www.garmin.com/xmlschemas/ActivityExtension/v2">
      <ns3:Speed>
      2.7538044420402237
    </ns3:Speed><nax:Nax>
      <nax:Pace>
      6.052233198635832
    </nax:Pace>
    </nax:Nax>
    </TPX>
    </Extensions>
    </Trackpoint>
<Trackpoint>
      <Time>
      2025-09-06T16:17:28.943Z
    </Time><Cadence>
      165.4101848602295
    </Cadence><SensorState>
      Present
    </SensorState>
    </Trackpoint>
<Trackpoint>
      <Time>
      2025-09-06T16:17:28.999Z
    </Time><Position>
      <LatitudeDegrees>
      47.60939551705678
    </LatitudeDegrees><LongitudeDegrees>
      -122.28844809627223
    </LongitudeDegrees>
    </Position><AltitudeMeters>
      100.0471769804135
    </AltitudeMeters><SensorState>
      Present
    </SensorState>
    </Trackpoint>
<Trackpoint>
      <Time>
      2025-09-06T16:17:29.781Z
    </Time><SensorState>
      Present
    </SensorState><Extensions>
      <TPX xmlns="http://www.garmin.com/xmlschemas/ActivityExtension/v2">
      <nax:Nax>
      <nax:AscentInMeters>
      0.01056671142578125
    </nax:AscentInMeters>
    </nax:Nax>
    </TPX>
    </Extensions>
    </Trackpoint>
<Trackpoint>
      <Time>
      2025-09-06T16:17:31.000Z
    </Time><SensorState>
      Present
    </SensorState><Extensions>
      <TPX xmlns="http://www.garmin.com/xmlschemas/ActivityExtension/v2">
      <nax:Nax>
      <nax:NikeFuel>
      7.17385987005459
    </nax:NikeFuel>
    </nax:Nax>
    </TPX>
    </Extensions>
    </Trackpoint>
<Trackpoint>
      <Time>
      2025-09-06T16:17:31.497Z
    </Time><SensorState>
      Present
    </SensorState><Extensions>
      <TPX xmlns="http://www.garmin.com/xmlschemas/ActivityExtension/v2">
      <ns3:Speed>
      2.752998396372291
    </ns3:Speed><nax:Nax>
      <nax:Pace>
      6.054005221589971
    </nax:Pace>
    </nax:Nax>
    </TPX>
    </Extensions>
    </Trackpoint>
<Trackpoint>
      <Time>
      2025-09-06T16:17:31.498Z
    </Time><DistanceMeters>
      7.74237914965488
    </DistanceMeters><Cadence>
      165.2812099456787
    </Cadence><SensorState>
      Present
    </SensorState>
    </Trackpoint>
<Trackpoint>
      <Time>
      2025-09-06T16:17:32.999Z
    </Time><Position>
      <LatitudeDegrees>
      47.60949586947695
    </LatitudeDegrees><LongitudeDegrees>
      -122.28846009819638
    </LongitudeDegrees>
    </Position><AltitudeMeters>
      100.16693081706762
    </AltitudeMeters><SensorState>
      Present
    </SensorState>
    </Trackpoint>
<Trackpoint>
      <Time>
      2025-09-06T16:17:34.020Z
    </Time><SensorState>
      Present
    </SensorState><Extensions>
      <TPX xmlns="http://www.garmin.com/xmlschemas/ActivityExtension/v2">
      <nax:Nax>
      <nax:DescentInMeters>
      0.03963470458984375
    </nax:DescentInMeters>
    </nax:Nax>
    </TPX>
    </Extensions>
    </Trackpoint>
<Trackpoint>
      <Time>
      2025-09-06T16:17:34.052Z
    </Time><SensorState>
      Present
    </SensorState><Extensions>
      <TPX xmlns="http://www.garmin.com/xmlschemas/ActivityExtension/v2">
      <ns3:Speed>
      2.754494578644676
    </ns3:Speed><nax:Nax>
      <nax:Pace>
      6.0507168160292215
    </nax:Pace>
    </nax:Nax>
    </TPX>
    </Extensions>
    </Trackpoint>
<Trackpoint>
      <Time>
      2025-09-06T16:17:34.053Z
    </Time><DistanceMeters>
      7.008492768276483
    </DistanceMeters><Cadence>
      165.3456974029541
    </Cadence><SensorState>
      Present
    </SensorState>
    </Trackpoint>
<Trackpoint>
      <Time>
      2025-09-06T16:17:35.080Z
    </Time><SensorState>
      Present
    </SensorState><Extensions>
      <TPX xmlns="http://www.garmin.com/xmlschemas/ActivityExtension/v2">
      <nax:Nax>
      <nax:DescentInMeters>
      0.02642059326171875
    </nax:DescentInMeters>
    </nax:Nax>
    </TPX>
    </Extensions>
    </Trackpoint>
<Trackpoint>
      <Time>
      2025-09-06T16:17:36.139Z
    </Time><SensorState>
      Present
    </SensorState><Extensions>
      <TPX xmlns="http://www.garmin.com/xmlschemas/ActivityExtension/v2">
      <nax:Nax>
      <nax:DescentInMeters>
      0.00792694091796875
    </nax:DescentInMeters>
    </nax:Nax>
    </TPX>
    </Extensions>
    </Trackpoint>
<Trackpoint>
      <Time>
      2025-09-06T16:17:36.608Z
    </Time><SensorState>
      Present
    </SensorState><Extensions>
      <TPX xmlns="http://www.garmin.com/xmlschemas/ActivityExtension/v2">
      <ns3:Speed>
      2.755315653343199
    </ns3:Speed><nax:Nax>
      <nax:Pace>
      6.048913722986309
    </nax:Pace>
    </nax:Nax>
    </TPX>
    </Extensions>
    </Trackpoint>
<Trackpoint>
      <Time>
      2025-09-06T16:17:36.609Z
    </Time><DistanceMeters>
      6.95774440956302
    </DistanceMeters><Cadence>
      165.2168369293213
    </Cadence><SensorState>
      Present
    </SensorState>
    </Trackpoint>
<Trackpoint>
      <Time>
      2025-09-06T16:17:36.999Z
    </Time><Position>
      <LatitudeDegrees>
      47.60958774814167
    </LatitudeDegrees><LongitudeDegrees>
      -122.28845869919596
    </LongitudeDegrees>
    </Position><AltitudeMeters>
      100.26892469450831
    </AltitudeMeters><SensorState>
      Present
    </SensorState>
    </Trackpoint>
<Trackpoint>
      <Time>
      2025-09-06T16:17:39.163Z
    </Time><SensorState>
      Present
    </SensorState><Extensions>
      <TPX xmlns="http://www.garmin.com/xmlschemas/ActivityExtension/v2">
      <ns3:Speed>
      2.7556210799087864
    </ns3:Speed><nax:Nax>
      <nax:Pace>
      6.048243275602446
    </nax:Pace>
    </nax:Nax>
    </TPX>
    </Extensions>
    </Trackpoint>
<Trackpoint>
      <Time>
      2025-09-06T16:17:39.164Z
    </Time><DistanceMeters>
      7.785615568747744
    </DistanceMeters><Cadence>
      164.95963096618652
    </Cadence><SensorState>
      Present
    </SensorState>
    </Trackpoint>
<Trackpoint>
      <Time>
      2025-09-06T16:17:40.999Z
    </Time><Position>
      <LatitudeDegrees>
      47.609697012427205
    </LatitudeDegrees><LongitudeDegrees>
      -122.28845451449591
    </LongitudeDegrees>
    </Position><AltitudeMeters>
      101.05592001136392
    </AltitudeMeters><SensorState>
      Present
    </SensorState>
    </Trackpoint>
<Trackpoint>
      <Time>
      2025-09-06T16:17:41.000Z
    </Time><SensorState>
      Present
    </SensorState><Extensions>
      <TPX xmlns="http://www.garmin.com/xmlschemas/ActivityExtension/v2">
      <nax:Nax>
      <nax:NikeFuel>
      7.191452076024724
    </nax:NikeFuel>
    </nax:Nax>
    </TPX>
    </Extensions>
    </Trackpoint>
<Trackpoint>
      <Time>
      2025-09-06T16:17:41.718Z
    </Time><DistanceMeters>
      7.688495253678411
    </DistanceMeters><SensorState>
      Present
    </SensorState><Extensions>
      <TPX xmlns="http://www.garmin.com/xmlschemas/ActivityExtension/v2">
      <ns3:Speed>
      2.757447288778732
    </ns3:Speed><nax:Nax>
      <nax:Pace>
      6.044237630394849
    </nax:Pace>
    </nax:Nax>
    </TPX>
    </Extensions>
    </Trackpoint>
<Trackpoint>
      <Time>
      2025-09-06T16:17:41.719Z
    </Time><Cadence>
      164.89548683166504
    </Cadence><SensorState>
      Present
    </SensorState>
    </Trackpoint>
<Trackpoint>
      <Time>
      2025-09-06T16:17:43.558Z
    </Time><SensorState>
      Present
    </SensorState><Extensions>
      <TPX xmlns="http://www.garmin.com/xmlschemas/ActivityExtension/v2">
      <nax:Nax>
      <nax:AscentInMeters>
      0.00528717041015625
    </nax:AscentInMeters>
    </nax:Nax>
    </TPX>
    </Extensions>
    </Trackpoint>
<Trackpoint>
      <Time>
      2025-09-06T16:17:44.274Z
    </Time><SensorState>
      Present
    </SensorState><Extensions>
      <TPX xmlns="http://www.garmin.com/xmlschemas/ActivityExtension/v2">
      <ns3:Speed>
      2.7606385248451524
    </ns3:Speed><nax:Nax>
      <nax:Pace>
      6.037250627588602
    </nax:Pace>
    </nax:Nax>
    </TPX>
    </Extensions>
    </Trackpoint>
<Trackpoint>
      <Time>
      2025-09-06T16:17:44.275Z
    </Time><DistanceMeters>
      7.28022215468809
    </DistanceMeters><Cadence>
      164.76734161376953
    </Cadence><SensorState>
      Present
    </SensorState>
    </Trackpoint>
<Trackpoint>
      <Time>
      2025-09-06T16:17:44.617Z
    </Time><SensorState>
      Present
    </SensorState><Extensions>
      <TPX xmlns="http://www.garmin.com/xmlschemas/ActivityExtension/v2">
      <nax:Nax>
      <nax:AscentInMeters>
      0.00792694091796875
    </nax:AscentInMeters>
    </nax:Nax>
    </TPX>
    </Extensions>
    </Trackpoint>
<Trackpoint>
      <Time>
      2025-09-06T16:17:44.999Z
    </Time><Position>
      <LatitudeDegrees>
      47.60980361341874
    </LatitudeDegrees><LongitudeDegrees>
      -122.2884512502233
    </LongitudeDegrees>
    </Position><AltitudeMeters>
      100.29842993896455
    </AltitudeMeters><SensorState>
      Present
    </SensorState>
    </Trackpoint>
<Trackpoint>
      <Time>
      2025-09-06T16:17:46.829Z
    </Time><SensorState>
      Present
    </SensorState><Extensions>
      <TPX xmlns="http://www.garmin.com/xmlschemas/ActivityExtension/v2">
      <ns3:Speed>
      2.7635061157427785
    </ns3:Speed><nax:Nax>
      <nax:Pace>
      6.030985989762132
    </nax:Pace>
    </nax:Nax>
    </TPX>
    </Extensions>
    </Trackpoint>
<Trackpoint>
      <Time>
      2025-09-06T16:17:46.830Z
    </Time><DistanceMeters>
      7.027851834194735
    </DistanceMeters><Cadence>
      164.895601272583
    </Cadence><SensorState>
      Present
    </SensorState>
    </Trackpoint>
<Trackpoint>
      <Time>
      2025-09-06T16:17:48.856Z
    </Time><SensorState>
      Present
    </SensorState><Extensions>
      <TPX xmlns="http://www.garmin.com/xmlschemas/ActivityExtension/v2">
      <nax:Nax>
      <nax:DescentInMeters>
      0.01056671142578125
    </nax:DescentInMeters>
    </nax:Nax>
    </TPX>
    </Extensions>
    </Trackpoint>
<Trackpoint>
      <Time>
      2025-09-06T16:17:48.999Z
    </Time><Position>
      <LatitudeDegrees>
      47.60990194321079
    </LatitudeDegrees><LongitudeDegrees>
      -122.28844128964998
    </LongitudeDegrees>
    </Position><AltitudeMeters>
      99.4966777479276
    </AltitudeMeters><SensorState>
      Present
    </SensorState>
    </Trackpoint>
<Trackpoint>
      <Time>
      2025-09-06T16:17:49.384Z
    </Time><SensorState>
      Present
    </SensorState><Extensions>
      <TPX xmlns="http://www.garmin.com/xmlschemas/ActivityExtension/v2">
      <ns3:Speed>
      2.7657604356554897
    </ns3:Speed><nax:Nax>
      <nax:Pace>
      6.026070245204242
    </nax:Pace>
    </nax:Nax>
    </TPX>
    </Extensions>
    </Trackpoint>
<Trackpoint>
      <Time>
      2025-09-06T16:17:49.385Z
    </Time><DistanceMeters>
      7.230545129394159
    </DistanceMeters><Cadence>
      164.83154296875
    </Cadence><SensorState>
      Present
    </SensorState>
    </Trackpoint>
<Trackpoint>
      <Time>
      2025-09-06T16:17:51.000Z
    </Time><SensorState>
      Present
    </SensorState><Extensions>
      <TPX xmlns="http://www.garmin.com/xmlschemas/ActivityExtension/v2">
      <nax:Nax>
      <nax:NikeFuel>
      7.208495444610891
    </nax:NikeFuel>
    </nax:Nax>
    </TPX>
    </Extensions>
    </Trackpoint>
<Trackpoint>
      <Time>
      2025-09-06T16:17:51.939Z
    </Time><SensorState>
      Present
    </SensorState><Extensions>
      <TPX xmlns="http://www.garmin.com/xmlschemas/ActivityExtension/v2">
      <ns3:Speed>
      2.767953768168558
    </ns3:Speed><nax:Nax>
      <nax:Pace>
      6.021295174194445
    </nax:Pace>
    </nax:Nax>
    </TPX>
    </Extensions>
    </Trackpoint>
<Trackpoint>
      <Time>
      2025-09-06T16:17:51.940Z
    </Time><DistanceMeters>
      6.721865148283541
    </DistanceMeters><Cadence>
      164.89573001861572
    </Cadence><SensorState>
      Present
    </SensorState>
    </Trackpoint>
<Trackpoint>
      <Time>
      2025-09-06T16:17:52.999Z
    </Time><Position>
      <LatitudeDegrees>
      47.610000717152474
    </LatitudeDegrees><LongitudeDegrees>
      -122.28844069025025
    </LongitudeDegrees>
    </Position><AltitudeMeters>
      100.08378166332841
    </AltitudeMeters><SensorState>
      Present
    </SensorState>
    </Trackpoint>
<Trackpoint>
      <Time>
      2025-09-06T16:17:53.095Z
    </Time><SensorState>
      Present
    </SensorState><Extensions>
      <TPX xmlns="http://www.garmin.com/xmlschemas/ActivityExtension/v2">
      <nax:Nax>
      <nax:AscentInMeters>
      0.0026397705078125
    </nax:AscentInMeters>
    </nax:Nax>
    </TPX>
    </Extensions>
    </Trackpoint>
<Trackpoint>
      <Time>
      2025-09-06T16:17:54.495Z
    </Time><DistanceMeters>
      5.834642939502373
    </DistanceMeters><SensorState>
      Present
    </SensorState><Extensions>
      <TPX xmlns="http://www.garmin.com/xmlschemas/ActivityExtension/v2">
      <ns3:Speed>
      2.7691214088842613
    </ns3:Speed><nax:Nax>
      <nax:Pace>
      6.01875620664174
    </nax:Pace>
    </nax:Nax>
    </TPX>
    </Extensions>
    </Trackpoint>
<Trackpoint>
      <Time>
      2025-09-06T16:17:54.496Z
    </Time><Cadence>
      164.43002700805664
    </Cadence><SensorState>
      Present
    </SensorState>
    </Trackpoint>
<Trackpoint>
      <Time>
      2025-09-06T16:17:55.215Z
    </Time><SensorState>
      Present
    </SensorState><Extensions>
      <TPX xmlns="http://www.garmin.com/xmlschemas/ActivityExtension/v2">
      <nax:Nax>
      <nax:AscentInMeters>
      0.0158538818359375
    </nax:AscentInMeters>
    </nax:Nax>
    </TPX>
    </Extensions>
    </Trackpoint>
<Trackpoint>
      <Time>
      2025-09-06T16:17:57.000Z
    </Time><Position>
      <LatitudeDegrees>
      47.61009908406759
    </LatitudeDegrees><LongitudeDegrees>
      -122.288438111883
    </LongitudeDegrees>
    </Position><AltitudeMeters>
      99.43620230909437
    </AltitudeMeters><SensorState>
      Present
    </SensorState>
    </Trackpoint>
<Trackpoint>
      <Time>
      2025-09-06T16:17:57.050Z
    </Time><SensorState>
      Present
    </SensorState><Extensions>
      <TPX xmlns="http://www.garmin.com/xmlschemas/ActivityExtension/v2">
      <ns3:Speed>
      2.7693442222145896
    </ns3:Speed><nax:Nax>
      <nax:Pace>
      6.01827195513408
    </nax:Pace>
    </nax:Nax>
    </TPX>
    </Extensions>
    </Trackpoint>
<Trackpoint>
      <Time>
      2025-09-06T16:17:57.051Z
    </Time><DistanceMeters>
      6.902225288329646
    </DistanceMeters><Cadence>
      164.15358066558838
    </Cadence><SensorState>
      Present
    </SensorState>
    </Trackpoint>
<Trackpoint>
      <Time>
      2025-09-06T16:17:58.394Z
    </Time><SensorState>
      Present
    </SensorState><Extensions>
      <TPX xmlns="http://www.garmin.com/xmlschemas/ActivityExtension/v2">
      <nax:Nax>
      <nax:AscentInMeters>
      0.00792694091796875
    </nax:AscentInMeters>
    </nax:Nax>
    </TPX>
    </Extensions>
    </Trackpoint>
<Trackpoint>
      <Time>
      2025-09-06T16:17:59.453Z
    </Time><SensorState>
      Present
    </SensorState><Extensions>
      <TPX xmlns="http://www.garmin.com/xmlschemas/ActivityExtension/v2">
      <nax:Nax>
      <nax:AscentInMeters>
      0.01849365234375
    </nax:AscentInMeters>
    </nax:Nax>
    </TPX>
    </Extensions>
    </Trackpoint>
<Trackpoint>
      <Time>
      2025-09-06T16:17:59.605Z
    </Time><SensorState>
      Present
    </SensorState><Extensions>
      <TPX xmlns="http://www.garmin.com/xmlschemas/ActivityExtension/v2">
      <ns3:Speed>
      2.768953300462785
    </ns3:Speed><nax:Nax>
      <nax:Pace>
      6.019121616778841
    </nax:Pace>
    </nax:Nax>
    </TPX>
    </Extensions>
    </Trackpoint>
<Trackpoint>
      <Time>
      2025-09-06T16:17:59.606Z
    </Time><DistanceMeters>
      6.874155837111175
    </DistanceMeters><Cadence>
      164.2827272415161
    </Cadence><SensorState>
      Present
    </SensorState>
    </Trackpoint>
<Trackpoint>
      <Time>
      2025-09-06T16:18:00.513Z
    </Time><SensorState>
      Present
    </SensorState><Extensions>
      <TPX xmlns="http://www.garmin.com/xmlschemas/ActivityExtension/v2">
      <nax:Nax>
      <nax:AscentInMeters>
      0.01849365234375
    </nax:AscentInMeters>
    </nax:Nax>
    </TPX>
    </Extensions>
    </Trackpoint>
<Trackpoint>
      <Time>
      2025-09-06T16:18:01.000Z
    </Time><Position>
      <LatitudeDegrees>
      47.61019382710693
    </LatitudeDegrees><LongitudeDegrees>
      -122.28844065346688
    </LongitudeDegrees>
    </Position><AltitudeMeters>
      99.95258269738406
    </AltitudeMeters><SensorState>
      Present
    </SensorState><Extensions>
      <TPX xmlns="http://www.garmin.com/xmlschemas/ActivityExtension/v2">
      <nax:Nax>
      <nax:NikeFuel>
      7.20996071024361
    </nax:NikeFuel>
    </nax:Nax>
    </TPX>
    </Extensions>
    </Trackpoint>
<Trackpoint>
      <Time>
      2025-09-06T16:18:02.160Z
    </Time><SensorState>
      Present
    </SensorState><Extensions>
      <TPX xmlns="http://www.garmin.com/xmlschemas/ActivityExtension/v2">
      <ns3:Speed>
      2.7684805685789864
    </ns3:Speed><nax:Nax>
      <nax:Pace>
      6.020149411856403
    </nax:Pace>
    </nax:Nax>
    </TPX>
    </Extensions>
    </Trackpoint>
<Trackpoint>
      <Time>
      2025-09-06T16:18:02.161Z
    </Time><DistanceMeters>
      8.122987456154078
    </DistanceMeters><Cadence>
      164.30176734924316
    </Cadence><SensorState>
      Present
    </SensorState>
    </Trackpoint>
<Trackpoint>
      <Time>
      2025-09-06T16:18:04.716Z
    </Time><SensorState>
      Present
    </SensorState><Extensions>
      <TPX xmlns="http://www.garmin.com/xmlschemas/ActivityExtension/v2">
      <ns3:Speed>
      2.768274681814539
    </ns3:Speed><nax:Nax>
      <nax:Pace>
      6.020597152498631
    </nax:Pace>
    </nax:Nax>
    </TPX>
    </Extensions>
    </Trackpoint>
<Trackpoint>
      <Time>
      2025-09-06T16:18:04.717Z
    </Time><DistanceMeters>
      7.3286577293183655
    </DistanceMeters><Cadence>
      164.0892791748047
    </Cadence><SensorState>
      Present
    </SensorState>
    </Trackpoint>
<Trackpoint>
      <Time>
      2025-09-06T16:18:04.751Z
    </Time><SensorState>
      Present
    </SensorState><Extensions>
      <TPX xmlns="http://www.garmin.com/xmlschemas/ActivityExtension/v2">
      <nax:Nax>
      <nax:DescentInMeters>
      0.01849365234375
    </nax:DescentInMeters>
    </nax:Nax>
    </TPX>
    </Extensions>
    </Trackpoint>
<Trackpoint>
      <Time>
      2025-09-06T16:18:05.000Z
    </Time><Position>
      <LatitudeDegrees>
      47.61029562167544
    </LatitudeDegrees><LongitudeDegrees>
      -122.28844022744188
    </LongitudeDegrees>
    </Position><AltitudeMeters>
      100.1164849223569
    </AltitudeMeters><SensorState>
      Present
    </SensorState>
    </Trackpoint>
<Trackpoint>
      <Time>
      2025-09-06T16:18:05.812Z
    </Time><SensorState>
      Present
    </SensorState><Extensions>
      <TPX xmlns="http://www.garmin.com/xmlschemas/ActivityExtension/v2">
      <nax:Nax>
      <nax:DescentInMeters>
      0.02642059326171875
    </nax:DescentInMeters>
    </nax:Nax>
    </TPX>
    </Extensions>
    </Trackpoint>
<Trackpoint>
      <Time>
      2025-09-06T16:18:07.271Z
    </Time><DistanceMeters>
      7.1720209303312
    </DistanceMeters><SensorState>
      Present
    </SensorState><Extensions>
      <TPX xmlns="http://www.garmin.com/xmlschemas/ActivityExtension/v2">
      <ns3:Speed>
      2.7704540462417184
    </ns3:Speed><nax:Nax>
      <nax:Pace>
      6.015861078539081
    </nax:Pace>
    </nax:Nax>
    </TPX>
    </Extensions>
    </Trackpoint>
<Trackpoint>
      <Time>
      2025-09-06T16:18:07.272Z
    </Time><Cadence>
      164.10966396331787
    </Cadence><SensorState>
      Present
    </SensorState>
    </Trackpoint>
<Trackpoint>
      <Time>
      2025-09-06T16:18:09.000Z
    </Time><Position>
      <LatitudeDegrees>
      47.61039588110668
    </LatitudeDegrees><LongitudeDegrees>
      -122.28843596002005
    </LongitudeDegrees>
    </Position><AltitudeMeters>
      99.18874719552696
    </AltitudeMeters><SensorState>
      Present
    </SensorState>
    </Trackpoint>
<Trackpoint>
      <Time>
      2025-09-06T16:18:09.826Z
    </Time><SensorState>
      Present
    </SensorState><Extensions>
      <TPX xmlns="http://www.garmin.com/xmlschemas/ActivityExtension/v2">
      <ns3:Speed>
      2.7705723889276164
    </ns3:Speed><nax:Nax>
      <nax:Pace>
      6.015604116056936
    </nax:Pace>
    </nax:Nax>
    </TPX>
    </Extensions>
    </Trackpoint>
<Trackpoint>
      <Time>
      2025-09-06T16:18:09.827Z
    </Time><DistanceMeters>
      7.971629730891437
    </DistanceMeters><Cadence>
      164.1097354888916
    </Cadence><SensorState>
      Present
    </SensorState>
    </Trackpoint>
<Trackpoint>
      <Time>
      2025-09-06T16:18:11.000Z
    </Time><SensorState>
      Present
    </SensorState><Extensions>
      <TPX xmlns="http://www.garmin.com/xmlschemas/ActivityExtension/v2">
      <nax:Nax>
      <nax:NikeFuel>
      7.221587418058747
    </nax:NikeFuel>
    </nax:Nax>
    </TPX>
    </Extensions>
    </Trackpoint>
<Trackpoint>
      <Time>
      2025-09-06T16:18:11.111Z
    </Time><SensorState>
      Present
    </SensorState><Extensions>
      <TPX xmlns="http://www.garmin.com/xmlschemas/ActivityExtension/v2">
      <nax:Nax>
      <nax:AscentInMeters>
      0.01056671142578125
    </nax:AscentInMeters>
    </nax:Nax>
    </TPX>
    </Extensions>
    </Trackpoint>
<Trackpoint>
      <Time>
      2025-09-06T16:18:12.382Z
    </Time><SensorState>
      Present
    </SensorState><Extensions>
      <TPX xmlns="http://www.garmin.com/xmlschemas/ActivityExtension/v2">
      <ns3:Speed>
      2.772285291617855
    </ns3:Speed><nax:Nax>
      <nax:Pace>
      6.011887274754579
    </nax:Pace>
    </nax:Nax>
    </TPX>
    </Extensions>
    </Trackpoint>
<Trackpoint>
      <Time>
      2025-09-06T16:18:12.383Z
    </Time><DistanceMeters>
      7.263629437191412
    </DistanceMeters><Cadence>
      164.17380809783936
    </Cadence><SensorState>
      Present
    </SensorState>
    </Trackpoint>
<Trackpoint>
      <Time>
      2025-09-06T16:18:13.000Z
    </Time><Position>
      <LatitudeDegrees>
      47.61050894485999
    </LatitudeDegrees><LongitudeDegrees>
      -122.28844030397062
    </LongitudeDegrees>
    </Position><AltitudeMeters>
      100.14806725271046
    </AltitudeMeters><SensorState>
      Present
    </SensorState>
    </Trackpoint>
<Trackpoint>
      <Time>
      2025-09-06T16:18:14.937Z
    </Time><SensorState>
      Present
    </SensorState><Extensions>
      <TPX xmlns="http://www.garmin.com/xmlschemas/ActivityExtension/v2">
      <ns3:Speed>
      2.774256492031703
    </ns3:Speed><nax:Nax>
      <nax:Pace>
      6.007615631264496
    </nax:Pace>
    </nax:Nax>
    </TPX>
    </Extensions>
    </Trackpoint>
<Trackpoint>
      <Time>
      2025-09-06T16:18:14.938Z
    </Time><DistanceMeters>
      6.668619815260172
    </DistanceMeters><Cadence>
      164.1738796234131
    </Cadence><SensorState>
      Present
    </SensorState>
    </Trackpoint>
<Trackpoint>
      <Time>
      2025-09-06T16:18:16.409Z
    </Time><SensorState>
      Present
    </SensorState><Extensions>
      <TPX xmlns="http://www.garmin.com/xmlschemas/ActivityExtension/v2">
      <nax:Nax>
      <nax:DescentInMeters>
      0.00792694091796875
    </nax:DescentInMeters>
    </nax:Nax>
    </TPX>
    </Extensions>
    </Trackpoint>
<Trackpoint>
      <Time>
      2025-09-06T16:18:17.000Z
    </Time><Position>
      <LatitudeDegrees>
      47.610602315702465
    </LatitudeDegrees><LongitudeDegrees>
      -122.28842779056004
    </LongitudeDegrees>
    </Position><AltitudeMeters>
      99.87444815039635
    </AltitudeMeters><SensorState>
      Present
    </SensorState>
    </Trackpoint>
<Trackpoint>
      <Time>
      2025-09-06T16:18:17.468Z
    </Time><SensorState>
      Present
    </SensorState><Extensions>
      <TPX xmlns="http://www.garmin.com/xmlschemas/ActivityExtension/v2">
      <nax:Nax>
      <nax:DescentInMeters>
      0.013214111328125
    </nax:DescentInMeters>
    </nax:Nax>
    </TPX>
    </Extensions>
    </Trackpoint>
<Trackpoint>
      <Time>
      2025-09-06T16:18:17.492Z
    </Time><SensorState>
      Present
    </SensorState><Extensions>
      <TPX xmlns="http://www.garmin.com/xmlschemas/ActivityExtension/v2">
      <ns3:Speed>
      2.7750943660152263
    </ns3:Speed><nax:Nax>
      <nax:Pace>
      6.005801774084688
    </nax:Pace>
    </nax:Nax>
    </TPX>
    </Extensions>
    </Trackpoint>
<Trackpoint>
      <Time>
      2025-09-06T16:18:17.493Z
    </Time><DistanceMeters>
      6.817716600606218
    </DistanceMeters><Cadence>
      164.17393684387207
    </Cadence><SensorState>
      Present
    </SensorState>
    </Trackpoint>
<Trackpoint>
      <Time>
      2025-09-06T16:18:18.529Z
    </Time><SensorState>
      Present
    </SensorState><Extensions>
      <TPX xmlns="http://www.garmin.com/xmlschemas/ActivityExtension/v2">
      <nax:Nax>
      <nax:DescentInMeters>
      0.03699493408203125
    </nax:DescentInMeters>
    </nax:Nax>
    </TPX>
    </Extensions>
    </Trackpoint>
<Trackpoint>
      <Time>
      2025-09-06T16:18:19.589Z
    </Time><SensorState>
      Present
    </SensorState><Extensions>
      <TPX xmlns="http://www.garmin.com/xmlschemas/ActivityExtension/v2">
      <nax:Nax>
      <nax:DescentInMeters>
      0.02906036376953125
    </nax:DescentInMeters>
    </nax:Nax>
    </TPX>
    </Extensions>
    </Trackpoint>
<Trackpoint>
      <Time>
      2025-09-06T16:18:20.047Z
    </Time><DistanceMeters>
      5.518071188125759
    </DistanceMeters><SensorState>
      Present
    </SensorState><Extensions>
      <TPX xmlns="http://www.garmin.com/xmlschemas/ActivityExtension/v2">
      <ns3:Speed>
      2.775260550801711
    </ns3:Speed><nax:Nax>
      <nax:Pace>
      6.005442141946649
    </nax:Pace>
    </nax:Nax>
    </TPX>
    </Extensions>
    </Trackpoint>
<Trackpoint>
      <Time>
      2025-09-06T16:18:20.048Z
    </Time><Cadence>
      163.96081924438477
    </Cadence><SensorState>
      Present
    </SensorState>
    </Trackpoint>
<Trackpoint>
      <Time>
      2025-09-06T16:18:20.649Z
    </Time><SensorState>
      Present
    </SensorState><Extensions>
      <TPX xmlns="http://www.garmin.com/xmlschemas/ActivityExtension/v2">
      <nax:Nax>
      <nax:DescentInMeters>
      0.03699493408203125
    </nax:DescentInMeters>
    </nax:Nax>
    </TPX>
    </Extensions>
    </Trackpoint>
<Trackpoint>
      <Time>
      2025-09-06T16:18:21.000Z
    </Time><Position>
      <LatitudeDegrees>
      47.61069464221979
    </LatitudeDegrees><LongitudeDegrees>
      -122.28843751916844
    </LongitudeDegrees>
    </Position><AltitudeMeters>
      99.92510614451021
    </AltitudeMeters><SensorState>
      Present
    </SensorState><Extensions>
      <TPX xmlns="http://www.garmin.com/xmlschemas/ActivityExtension/v2">
      <nax:Nax>
      <nax:NikeFuel>
      7.214095713996216
    </nax:NikeFuel>
    </nax:Nax>
    </TPX>
    </Extensions>
    </Trackpoint>
<Trackpoint>
      <Time>
      2025-09-06T16:18:21.709Z
    </Time><SensorState>
      Present
    </SensorState><Extensions>
      <TPX xmlns="http://www.garmin.com/xmlschemas/ActivityExtension/v2">
      <nax:Nax>
      <nax:DescentInMeters>
      0.04227447509765625
    </nax:DescentInMeters>
    </nax:Nax>
    </TPX>
    </Extensions>
    </Trackpoint>
<Trackpoint>
      <Time>
      2025-09-06T16:18:22.603Z
    </Time><SensorState>
      Present
    </SensorState><Extensions>
      <TPX xmlns="http://www.garmin.com/xmlschemas/ActivityExtension/v2">
      <ns3:Speed>
      2.774287958695313
    </ns3:Speed><nax:Nax>
      <nax:Pace>
      6.0075474913947415
    </nax:Pace>
    </nax:Nax>
    </TPX>
    </Extensions>
    </Trackpoint>
<Trackpoint>
      <Time>
      2025-09-06T16:18:22.604Z
    </Time><DistanceMeters>
      6.003004715312272
    </DistanceMeters><Cadence>
      163.8322877883911
    </Cadence><SensorState>
      Present
    </SensorState>
    </Trackpoint>
<Trackpoint>
      <Time>
      2025-09-06T16:18:22.768Z
    </Time><SensorState>
      Present
    </SensorState><Extensions>
      <TPX xmlns="http://www.garmin.com/xmlschemas/ActivityExtension/v2">
      <nax:Nax>
      <nax:DescentInMeters>
      0.02378082275390625
    </nax:DescentInMeters>
    </nax:Nax>
    </TPX>
    </Extensions>
    </Trackpoint>
<Trackpoint>
      <Time>
      2025-09-06T16:18:23.828Z
    </Time><SensorState>
      Present
    </SensorState><Extensions>
      <TPX xmlns="http://www.garmin.com/xmlschemas/ActivityExtension/v2">
      <nax:Nax>
      <nax:DescentInMeters>
      0.01850128173828125
    </nax:DescentInMeters>
    </nax:Nax>
    </TPX>
    </Extensions>
    </Trackpoint>
<Trackpoint>
      <Time>
      2025-09-06T16:18:24.888Z
    </Time><SensorState>
      Present
    </SensorState><Extensions>
      <TPX xmlns="http://www.garmin.com/xmlschemas/ActivityExtension/v2">
      <nax:Nax>
      <nax:DescentInMeters>
      0.0343475341796875
    </nax:DescentInMeters>
    </nax:Nax>
    </TPX>
    </Extensions>
    </Trackpoint>
<Trackpoint>
      <Time>
      2025-09-06T16:18:25.000Z
    </Time><Position>
      <LatitudeDegrees>
      47.61078607766528
    </LatitudeDegrees><LongitudeDegrees>
      -122.28844243980237
    </LongitudeDegrees>
    </Position><AltitudeMeters>
      99.55845334101468
    </AltitudeMeters><SensorState>
      Present
    </SensorState>
    </Trackpoint>
<Trackpoint>
      <Time>
      2025-09-06T16:18:25.158Z
    </Time><SensorState>
      Present
    </SensorState><Extensions>
      <TPX xmlns="http://www.garmin.com/xmlschemas/ActivityExtension/v2">
      <ns3:Speed>
      2.771846090730547
    </ns3:Speed><nax:Nax>
      <nax:Pace>
      6.012839862358304
    </nax:Pace>
    </nax:Nax>
    </TPX>
    </Extensions>
    </Trackpoint>
<Trackpoint>
      <Time>
      2025-09-06T16:18:25.159Z
    </Time><DistanceMeters>
      7.325555270537734
    </DistanceMeters><Cadence>
      164.02530670166016
    </Cadence><SensorState>
      Present
    </SensorState>
    </Trackpoint>
<Trackpoint>
      <Time>
      2025-09-06T16:18:25.948Z
    </Time><SensorState>
      Present
    </SensorState><Extensions>
      <TPX xmlns="http://www.garmin.com/xmlschemas/ActivityExtension/v2">
      <nax:Nax>
      <nax:DescentInMeters>
      0.01849365234375
    </nax:DescentInMeters>
    </nax:Nax>
    </TPX>
    </Extensions>
    </Trackpoint>
<Trackpoint>
      <Time>
      2025-09-06T16:18:27.008Z
    </Time><SensorState>
      Present
    </SensorState><Extensions>
      <TPX xmlns="http://www.garmin.com/xmlschemas/ActivityExtension/v2">
      <nax:Nax>
      <nax:DescentInMeters>
      0.02642822265625
    </nax:DescentInMeters>
    </nax:Nax>
    </TPX>
    </Extensions>
    </Trackpoint>
<Trackpoint>
      <Time>
      2025-09-06T16:18:27.713Z
    </Time><SensorState>
      Present
    </SensorState><Extensions>
      <TPX xmlns="http://www.garmin.com/xmlschemas/ActivityExtension/v2">
      <ns3:Speed>
      2.770191939457738
    </ns3:Speed><nax:Nax>
      <nax:Pace>
      6.016430280253125
    </nax:Pace>
    </nax:Nax>
    </TPX>
    </Extensions>
    </Trackpoint>
<Trackpoint>
      <Time>
      2025-09-06T16:18:27.714Z
    </Time><DistanceMeters>
      6.911829229444265
    </DistanceMeters><Cadence>
      163.96099090576172
    </Cadence><SensorState>
      Present
    </SensorState>
    </Trackpoint>
<Trackpoint>
      <Time>
      2025-09-06T16:18:28.067Z
    </Time><SensorState>
      Present
    </SensorState><Extensions>
      <TPX xmlns="http://www.garmin.com/xmlschemas/ActivityExtension/v2">
      <nax:Nax>
      <nax:DescentInMeters>
      0.0290679931640625
    </nax:DescentInMeters>
    </nax:Nax>
    </TPX>
    </Extensions>
    </Trackpoint>
<Trackpoint>
      <Time>
      2025-09-06T16:18:28.999Z
    </Time><Position>
      <LatitudeDegrees>
      47.61088256911277
    </LatitudeDegrees><LongitudeDegrees>
      -122.2884214378942
    </LongitudeDegrees>
    </Position><AltitudeMeters>
      98.4972213441506
    </AltitudeMeters><SensorState>
      Present
    </SensorState>
    </Trackpoint>
<Trackpoint>
      <Time>
      2025-09-06T16:18:29.126Z
    </Time><SensorState>
      Present
    </SensorState><Extensions>
      <TPX xmlns="http://www.garmin.com/xmlschemas/ActivityExtension/v2">
      <nax:Nax>
      <nax:DescentInMeters>
      0.05812835693359375
    </nax:DescentInMeters>
    </nax:Nax>
    </TPX>
    </Extensions>
    </Trackpoint>
<Trackpoint>
      <Time>
      2025-09-06T16:18:30.187Z
    </Time><SensorState>
      Present
    </SensorState><Extensions>
      <TPX xmlns="http://www.garmin.com/xmlschemas/ActivityExtension/v2">
      <nax:Nax>
      <nax:DescentInMeters>
      0.04227447509765625
    </nax:DescentInMeters>
    </nax:Nax>
    </TPX>
    </Extensions>
    </Trackpoint>
<Trackpoint>
      <Time>
      2025-09-06T16:18:30.268Z
    </Time><SensorState>
      Present
    </SensorState><Extensions>
      <TPX xmlns="http://www.garmin.com/xmlschemas/ActivityExtension/v2">
      <ns3:Speed>
      2.76825389438186
    </ns3:Speed><nax:Nax>
      <nax:Pace>
      6.020642362498424
    </nax:Pace>
    </nax:Nax>
    </TPX>
    </Extensions>
    </Trackpoint>
<Trackpoint>
      <Time>
      2025-09-06T16:18:30.269Z
    </Time><DistanceMeters>
      7.06821041344665
    </DistanceMeters><Cadence>
      164.08983707427979
    </Cadence><SensorState>
      Present
    </SensorState>
    </Trackpoint>
<Trackpoint>
      <Time>
      2025-09-06T16:18:31.000Z
    </Time><SensorState>
      Present
    </SensorState><Extensions>
      <TPX xmlns="http://www.garmin.com/xmlschemas/ActivityExtension/v2">
      <nax:Nax>
      <nax:NikeFuel>
      7.193855490262152
    </nax:NikeFuel>
    </nax:Nax>
    </TPX>
    </Extensions>
    </Trackpoint>
<Trackpoint>
      <Time>
      2025-09-06T16:18:31.247Z
    </Time><SensorState>
      Present
    </SensorState><Extensions>
      <TPX xmlns="http://www.garmin.com/xmlschemas/ActivityExtension/v2">
      <nax:Nax>
      <nax:DescentInMeters>
      0.03699493408203125
    </nax:DescentInMeters>
    </nax:Nax>
    </TPX>
    </Extensions>
    </Trackpoint>
<Trackpoint>
      <Time>
      2025-09-06T16:18:32.307Z
    </Time><SensorState>
      Present
    </SensorState><Extensions>
      <TPX xmlns="http://www.garmin.com/xmlschemas/ActivityExtension/v2">
      <nax:Nax>
      <nax:DescentInMeters>
      0.03963470458984375
    </nax:DescentInMeters>
    </nax:Nax>
    </TPX>
    </Extensions>
    </Trackpoint>
<Trackpoint>
      <Time>
      2025-09-06T16:18:32.824Z
    </Time><DistanceMeters>
      6.189646553713828
    </DistanceMeters><SensorState>
      Present
    </SensorState><Extensions>
      <TPX xmlns="http://www.garmin.com/xmlschemas/ActivityExtension/v2">
      <ns3:Speed>
      2.766780588655895
    </ns3:Speed><nax:Nax>
      <nax:Pace>
      6.023848343812239
    </nax:Pace>
    </nax:Nax>
    </TPX>
    </Extensions>
    </Trackpoint>
<Trackpoint>
      <Time>
      2025-09-06T16:18:32.825Z
    </Time><Cadence>
      163.96109104156494
    </Cadence><SensorState>
      Present
    </SensorState>
    </Trackpoint>
<Trackpoint>
      <Time>
      2025-09-06T16:18:32.999Z
    </Time><Position>
      <LatitudeDegrees>
      47.61098149613813
    </LatitudeDegrees><LongitudeDegrees>
      -122.28842303337048
    </LongitudeDegrees>
    </Position><AltitudeMeters>
      98.69020743202418
    </AltitudeMeters><SensorState>
      Present
    </SensorState>
    </Trackpoint>
<Trackpoint>
      <Time>
      2025-09-06T16:18:33.367Z
    </Time><SensorState>
      Present
    </SensorState><Extensions>
      <TPX xmlns="http://www.garmin.com/xmlschemas/ActivityExtension/v2">
      <nax:Nax>
      <nax:DescentInMeters>
      0.02114105224609375
    </nax:DescentInMeters>
    </nax:Nax>
    </TPX>
    </Extensions>
    </Trackpoint>
<Trackpoint>
      <Time>
      2025-09-06T16:18:34.426Z
    </Time><SensorState>
      Present
    </SensorState><Extensions>
      <TPX xmlns="http://www.garmin.com/xmlschemas/ActivityExtension/v2">
      <nax:Nax>
      <nax:DescentInMeters>
      0.0211334228515625
    </nax:DescentInMeters>
    </nax:Nax>
    </TPX>
    </Extensions>
    </Trackpoint>
<Trackpoint>
      <Time>
      2025-09-06T16:18:35.379Z
    </Time><SensorState>
      Present
    </SensorState><Extensions>
      <TPX xmlns="http://www.garmin.com/xmlschemas/ActivityExtension/v2">
      <ns3:Speed>
      2.7639877769124555
    </ns3:Speed><nax:Nax>
      <nax:Pace>
      6.029935011248262
    </nax:Pace>
    </nax:Nax>
    </TPX>
    </Extensions>
    </Trackpoint>
<Trackpoint>
      <Time>
      2025-09-06T16:18:35.380Z
    </Time><DistanceMeters>
      6.5388270085677505
    </DistanceMeters><Cadence>
      164.0899658203125
    </Cadence><SensorState>
      Present
    </SensorState>
    </Trackpoint>
<Trackpoint>
      <Time>
      2025-09-06T16:18:35.486Z
    </Time><SensorState>
      Present
    </SensorState><Extensions>
      <TPX xmlns="http://www.garmin.com/xmlschemas/ActivityExtension/v2">
      <nax:Nax>
      <nax:DescentInMeters>
      0.02378082275390625
    </nax:DescentInMeters>
    </nax:Nax>
    </TPX>
    </Extensions>
    </Trackpoint>
<Trackpoint>
      <Time>
      2025-09-06T16:18:36.546Z
    </Time><SensorState>
      Present
    </SensorState><Extensions>
      <TPX xmlns="http://www.garmin.com/xmlschemas/ActivityExtension/v2">
      <nax:Nax>
      <nax:DescentInMeters>
      0.0158538818359375
    </nax:DescentInMeters>
    </nax:Nax>
    </TPX>
    </Extensions>
    </Trackpoint>
<Trackpoint>
      <Time>
      2025-09-06T16:18:37.606Z
    </Time><SensorState>
      Present
    </SensorState><Extensions>
      <TPX xmlns="http://www.garmin.com/xmlschemas/ActivityExtension/v2">
      <nax:Nax>
      <nax:DescentInMeters>
      0.01850128173828125
    </nax:DescentInMeters>
    </nax:Nax>
    </TPX>
    </Extensions>
    </Trackpoint>
<Trackpoint>
      <Time>
      2025-09-06T16:18:37.934Z
    </Time><SensorState>
      Present
    </SensorState><Extensions>
      <TPX xmlns="http://www.garmin.com/xmlschemas/ActivityExtension/v2">
      <ns3:Speed>
      2.7612924431083887
    </ns3:Speed><nax:Nax>
      <nax:Pace>
      6.03582090997395
    </nax:Pace>
    </nax:Nax>
    </TPX>
    </Extensions>
    </Trackpoint>
<Trackpoint>
      <Time>
      2025-09-06T16:18:37.935Z
    </Time><DistanceMeters>
      7.184740014374256
    </DistanceMeters><Cadence>
      164.15449619293213
    </Cadence><SensorState>
      Present
    </SensorState>
    </Trackpoint>
<Trackpoint>
      <Time>
      2025-09-06T16:18:37.999Z
    </Time><Position>
      <LatitudeDegrees>
      47.61109653834606
    </LatitudeDegrees><LongitudeDegrees>
      -122.28841225566065
    </LongitudeDegrees>
    </Position><AltitudeMeters>
      98.36010360345244
    </AltitudeMeters><SensorState>
      Present
    </SensorState>
    </Trackpoint>
<Trackpoint>
      <Time>
      2025-09-06T16:18:38.666Z
    </Time><SensorState>
      Present
    </SensorState><Extensions>
      <TPX xmlns="http://www.garmin.com/xmlschemas/ActivityExtension/v2">
      <nax:Nax>
      <nax:DescentInMeters>
      0.02642059326171875
    </nax:DescentInMeters>
    </nax:Nax>
    </TPX>
    </Extensions>
    </Trackpoint>
<Trackpoint>
      <Time>
      2025-09-06T16:18:39.725Z
    </Time><SensorState>
      Present
    </SensorState><Extensions>
      <TPX xmlns="http://www.garmin.com/xmlschemas/ActivityExtension/v2">
      <nax:Nax>
      <nax:DescentInMeters>
      0.03699493408203125
    </nax:DescentInMeters>
    </nax:Nax>
    </TPX>
    </Extensions>
    </Trackpoint>
<Trackpoint>
      <Time>
      2025-09-06T16:18:40.489Z
    </Time><SensorState>
      Present
    </SensorState><Extensions>
      <TPX xmlns="http://www.garmin.com/xmlschemas/ActivityExtension/v2">
      <ns3:Speed>
      2.7592429155520346
    </ns3:Speed><nax:Nax>
      <nax:Pace>
      6.040304234443312
    </nax:Pace>
    </nax:Nax>
    </TPX>
    </Extensions>
    </Trackpoint>
<Trackpoint>
      <Time>
      2025-09-06T16:18:40.490Z
    </Time><DistanceMeters>
      6.916301769437268
    </DistanceMeters><Cadence>
      164.09008026123047
    </Cadence><SensorState>
      Present
    </SensorState>
    </Trackpoint>
<Trackpoint>
      <Time>
      2025-09-06T16:18:40.784Z
    </Time><SensorState>
      Present
    </SensorState><Extensions>
      <TPX xmlns="http://www.garmin.com/xmlschemas/ActivityExtension/v2">
      <nax:Nax>
      <nax:DescentInMeters>
      0.02906036376953125
    </nax:DescentInMeters>
    </nax:Nax>
    </TPX>
    </Extensions>
    </Trackpoint>
<Trackpoint>
      <Time>
      2025-09-06T16:18:41.000Z
    </Time><SensorState>
      Present
    </SensorState><Extensions>
      <TPX xmlns="http://www.garmin.com/xmlschemas/ActivityExtension/v2">
      <nax:Nax>
      <nax:NikeFuel>
      7.182215831570689
    </nax:NikeFuel>
    </nax:Nax>
    </TPX>
    </Extensions>
    </Trackpoint>
<Trackpoint>
      <Time>
      2025-09-06T16:18:41.845Z
    </Time><SensorState>
      Present
    </SensorState><Extensions>
      <TPX xmlns="http://www.garmin.com/xmlschemas/ActivityExtension/v2">
      <nax:Nax>
      <nax:DescentInMeters>
      0.06606292724609375
    </nax:DescentInMeters>
    </nax:Nax>
    </TPX>
    </Extensions>
    </Trackpoint>
<Trackpoint>
      <Time>
      2025-09-06T16:18:41.999Z
    </Time><Position>
      <LatitudeDegrees>
      47.61119247792769
    </LatitudeDegrees><LongitudeDegrees>
      -122.28840874271322
    </LongitudeDegrees>
    </Position><AltitudeMeters>
      97.9629927398637
    </AltitudeMeters><SensorState>
      Present
    </SensorState>
    </Trackpoint>
<Trackpoint>
      <Time>
      2025-09-06T16:18:42.905Z
    </Time><SensorState>
      Present
    </SensorState><Extensions>
      <TPX xmlns="http://www.garmin.com/xmlschemas/ActivityExtension/v2">
      <nax:Nax>
      <nax:DescentInMeters>
      0.03963470458984375
    </nax:DescentInMeters>
    </nax:Nax>
    </TPX>
    </Extensions>
    </Trackpoint>
<Trackpoint>
      <Time>
      2025-09-06T16:18:43.045Z
    </Time><SensorState>
      Present
    </SensorState><Extensions>
      <TPX xmlns="http://www.garmin.com/xmlschemas/ActivityExtension/v2">
      <ns3:Speed>
      2.7579812362439293
    </ns3:Speed><nax:Nax>
      <nax:Pace>
      6.043067460953743
    </nax:Pace>
    </nax:Nax>
    </TPX>
    </Extensions>
    </Trackpoint>
<Trackpoint>
      <Time>
      2025-09-06T16:18:43.046Z
    </Time><DistanceMeters>
      7.3934195367619395
    </DistanceMeters><Cadence>
      163.83278846740723
    </Cadence><SensorState>
      Present
    </SensorState>
    </Trackpoint>
<Trackpoint>
      <Time>
      2025-09-06T16:18:43.965Z
    </Time><SensorState>
      Present
    </SensorState><Extensions>
      <TPX xmlns="http://www.garmin.com/xmlschemas/ActivityExtension/v2">
      <nax:Nax>
      <nax:DescentInMeters>
      0.04227447509765625
    </nax:DescentInMeters>
    </nax:Nax>
    </TPX>
    </Extensions>
    </Trackpoint>
<Trackpoint>
      <Time>
      2025-09-06T16:18:45.024Z
    </Time><SensorState>
      Present
    </SensorState><Extensions>
      <TPX xmlns="http://www.garmin.com/xmlschemas/ActivityExtension/v2">
      <nax:Nax>
      <nax:DescentInMeters>
      0.04227447509765625
    </nax:DescentInMeters>
    </nax:Nax>
    </TPX>
    </Extensions>
    </Trackpoint>
<Trackpoint>
      <Time>
      2025-09-06T16:18:45.600Z
    </Time><DistanceMeters>
      7.562460445566103
    </DistanceMeters><SensorState>
      Present
    </SensorState><Extensions>
      <TPX xmlns="http://www.garmin.com/xmlschemas/ActivityExtension/v2">
      <ns3:Speed>
      2.7574380367070863
    </ns3:Speed><nax:Nax>
      <nax:Pace>
      6.044257910712614
    </nax:Pace>
    </nax:Nax>
    </TPX>
    </Extensions>
    </Trackpoint>
<Trackpoint>
      <Time>
      2025-09-06T16:18:45.601Z
    </Time><Cadence>
      164.1745948791504
    </Cadence><SensorState>
      Present
    </SensorState>
    </Trackpoint>
<Trackpoint>
      <Time>
      2025-09-06T16:18:45.999Z
    </Time><Position>
      <LatitudeDegrees>
      47.61129498370863
    </LatitudeDegrees><LongitudeDegrees>
      -122.28841159167168
    </LongitudeDegrees>
    </Position><AltitudeMeters>
      97.95888354163617
    </AltitudeMeters><SensorState>
      Present
    </SensorState>
    </Trackpoint>
<Trackpoint>
      <Time>
      2025-09-06T16:18:46.084Z
    </Time><SensorState>
      Present
    </SensorState><Extensions>
      <TPX xmlns="http://www.garmin.com/xmlschemas/ActivityExtension/v2">
      <nax:Nax>
      <nax:DescentInMeters>
      0.03699493408203125
    </nax:DescentInMeters>
    </nax:Nax>
    </TPX>
    </Extensions>
    </Trackpoint>
<Trackpoint>
      <Time>
      2025-09-06T16:18:47.144Z
    </Time><SensorState>
      Present
    </SensorState><Extensions>
      <TPX xmlns="http://www.garmin.com/xmlschemas/ActivityExtension/v2">
      <nax:Nax>
      <nax:DescentInMeters>
      0.01849365234375
    </nax:DescentInMeters>
    </nax:Nax>
    </TPX>
    </Extensions>
    </Trackpoint>
<Trackpoint>
      <Time>
      2025-09-06T16:18:48.155Z
    </Time><SensorState>
      Present
    </SensorState><Extensions>
      <TPX xmlns="http://www.garmin.com/xmlschemas/ActivityExtension/v2">
      <ns3:Speed>
      2.7587579382627854
    </ns3:Speed><nax:Nax>
      <nax:Pace>
      6.041366092873599
    </nax:Pace>
    </nax:Nax>
    </TPX>
    </Extensions>
    </Trackpoint>
<Trackpoint>
      <Time>
      2025-09-06T16:18:48.156Z
    </Time><DistanceMeters>
      6.180030001094565
    </DistanceMeters><Cadence>
      164.1106653213501
    </Cadence><SensorState>
      Present
    </SensorState>
    </Trackpoint>
<Trackpoint>
      <Time>
      2025-09-06T16:18:48.203Z
    </Time><SensorState>
      Present
    </SensorState><Extensions>
      <TPX xmlns="http://www.garmin.com/xmlschemas/ActivityExtension/v2">
      <nax:Nax>
      <nax:DescentInMeters>
      0.0158538818359375
    </nax:DescentInMeters>
    </nax:Nax>
    </TPX>
    </Extensions>
    </Trackpoint>
<Trackpoint>
      <Time>
      2025-09-06T16:18:49.263Z
    </Time><SensorState>
      Present
    </SensorState><Extensions>
      <TPX xmlns="http://www.garmin.com/xmlschemas/ActivityExtension/v2">
      <nax:Nax>
      <nax:DescentInMeters>
      0.0290679931640625
    </nax:DescentInMeters>
    </nax:Nax>
    </TPX>
    </Extensions>
    </Trackpoint>
<Trackpoint>
      <Time>
      2025-09-06T16:18:49.999Z
    </Time><Position>
      <LatitudeDegrees>
      47.611385090080965
    </LatitudeDegrees><LongitudeDegrees>
      -122.28839891542898
    </LongitudeDegrees>
    </Position><AltitudeMeters>
      98.27447265200317
    </AltitudeMeters><SensorState>
      Present
    </SensorState>
    </Trackpoint>
<Trackpoint>
      <Time>
      2025-09-06T16:18:50.710Z
    </Time><SensorState>
      Present
    </SensorState><Extensions>
      <TPX xmlns="http://www.garmin.com/xmlschemas/ActivityExtension/v2">
      <ns3:Speed>
      2.757990206082851
    </ns3:Speed><nax:Nax>
      <nax:Pace>
      6.0430478070254585
    </nax:Pace>
    </nax:Nax>
    </TPX>
    </Extensions>
    </Trackpoint>
<Trackpoint>
      <Time>
      2025-09-06T16:18:50.711Z
    </Time><DistanceMeters>
      7.236848339438438
    </DistanceMeters><Cadence>
      164.0467643737793
    </Cadence><SensorState>
      Present
    </SensorState>
    </Trackpoint>
<Trackpoint>
      <Time>
      2025-09-06T16:18:51.000Z
    </Time><SensorState>
      Present
    </SensorState><Extensions>
      <TPX xmlns="http://www.garmin.com/xmlschemas/ActivityExtension/v2">
      <nax:Nax>
      <nax:NikeFuel>
      7.177472585955046
    </nax:NikeFuel>
    </nax:Nax>
    </TPX>
    </Extensions>
    </Trackpoint>
<Trackpoint>
      <Time>
      2025-09-06T16:18:52.442Z
    </Time><SensorState>
      Present
    </SensorState><Extensions>
      <TPX xmlns="http://www.garmin.com/xmlschemas/ActivityExtension/v2">
      <nax:Nax>
      <nax:DescentInMeters>
      0.03699493408203125
    </nax:DescentInMeters>
    </nax:Nax>
    </TPX>
    </Extensions>
    </Trackpoint>
<Trackpoint>
      <Time>
      2025-09-06T16:18:53.266Z
    </Time><SensorState>
      Present
    </SensorState><Extensions>
      <TPX xmlns="http://www.garmin.com/xmlschemas/ActivityExtension/v2">
      <ns3:Speed>
      2.757704521765825
    </ns3:Speed><nax:Nax>
      <nax:Pace>
      6.043673836381352
    </nax:Pace>
    </nax:Nax>
    </TPX>
    </Extensions>
    </Trackpoint>
<Trackpoint>
      <Time>
      2025-09-06T16:18:53.267Z
    </Time><DistanceMeters>
      6.936809994513169
    </DistanceMeters><Cadence>
      163.96173477172852
    </Cadence><SensorState>
      Present
    </SensorState>
    </Trackpoint>
<Trackpoint>
      <Time>
      2025-09-06T16:18:53.503Z
    </Time><SensorState>
      Present
    </SensorState><Extensions>
      <TPX xmlns="http://www.garmin.com/xmlschemas/ActivityExtension/v2">
      <nax:Nax>
      <nax:DescentInMeters>
      0.02642059326171875
    </nax:DescentInMeters>
    </nax:Nax>
    </TPX>
    </Extensions>
    </Trackpoint>
<Trackpoint>
      <Time>
      2025-09-06T16:18:53.999Z
    </Time><Position>
      <LatitudeDegrees>
      47.61148988651496
    </LatitudeDegrees><LongitudeDegrees>
      -122.28840756317653
    </LongitudeDegrees>
    </Position><AltitudeMeters>
      98.55117517989129
    </AltitudeMeters><SensorState>
      Present
    </SensorState>
    </Trackpoint>
<Trackpoint>
      <Time>
      2025-09-06T16:18:54.562Z
    </Time><SensorState>
      Present
    </SensorState><Extensions>
      <TPX xmlns="http://www.garmin.com/xmlschemas/ActivityExtension/v2">
      <nax:Nax>
      <nax:DescentInMeters>
      0.05284881591796875
    </nax:DescentInMeters>
    </nax:Nax>
    </TPX>
    </Extensions>
    </Trackpoint>
<Trackpoint>
      <Time>
      2025-09-06T16:18:55.622Z
    </Time><SensorState>
      Present
    </SensorState><Extensions>
      <TPX xmlns="http://www.garmin.com/xmlschemas/ActivityExtension/v2">
      <nax:Nax>
      <nax:DescentInMeters>
      0.0475616455078125
    </nax:DescentInMeters>
    </nax:Nax>
    </TPX>
    </Extensions>
    </Trackpoint>
<Trackpoint>
      <Time>
      2025-09-06T16:18:55.821Z
    </Time><SensorState>
      Present
    </SensorState><Extensions>
      <TPX xmlns="http://www.garmin.com/xmlschemas/ActivityExtension/v2">
      <ns3:Speed>
      2.7564380405119064
    </ns3:Speed><nax:Nax>
      <nax:Pace>
      6.04645068081104
    </nax:Pace>
    </nax:Nax>
    </TPX>
    </Extensions>
    </Trackpoint>
<Trackpoint>
      <Time>
      2025-09-06T16:18:55.822Z
    </Time><DistanceMeters>
      6.868993060197681
    </DistanceMeters><Cadence>
      164.17495250701904
    </Cadence><SensorState>
      Present
    </SensorState>
    </Trackpoint>
<Trackpoint>
      <Time>
      2025-09-06T16:18:56.682Z
    </Time><SensorState>
      Present
    </SensorState><Extensions>
      <TPX xmlns="http://www.garmin.com/xmlschemas/ActivityExtension/v2">
      <nax:Nax>
      <nax:DescentInMeters>
      0.01056671142578125
    </nax:DescentInMeters>
    </nax:Nax>
    </TPX>
    </Extensions>
    </Trackpoint>
<Trackpoint>
      <Time>
      2025-09-06T16:18:57.742Z
    </Time><SensorState>
      Present
    </SensorState><Extensions>
      <TPX xmlns="http://www.garmin.com/xmlschemas/ActivityExtension/v2">
      <nax:Nax>
      <nax:DescentInMeters>
      0.0158538818359375
    </nax:DescentInMeters>
    </nax:Nax>
    </TPX>
    </Extensions>
    </Trackpoint>
<Trackpoint>
      <Time>
      2025-09-06T16:18:57.999Z
    </Time><Position>
      <LatitudeDegrees>
      47.61158170209758
    </LatitudeDegrees><LongitudeDegrees>
      -122.28843453680513
    </LongitudeDegrees>
    </Position><AltitudeMeters>
      97.91570612229407
    </AltitudeMeters><SensorState>
      Present
    </SensorState>
    </Trackpoint>
<Trackpoint>
      <Time>
      2025-09-06T16:18:58.376Z
    </Time><DistanceMeters>
      7.354032697621733
    </DistanceMeters><SensorState>
      Present
    </SensorState><Extensions>
      <TPX xmlns="http://www.garmin.com/xmlschemas/ActivityExtension/v2">
      <ns3:Speed>
      2.7552707074092644
    </ns3:Speed><nax:Nax>
      <nax:Pace>
      6.049012397165888
    </nax:Pace>
    </nax:Nax>
    </TPX>
    </Extensions>
    </Trackpoint>
<Trackpoint>
      <Time>
      2025-09-06T16:18:58.377Z
    </Time><Cadence>
      163.96190643310547
    </Cadence><SensorState>
      Present
    </SensorState>
    </Trackpoint>
<Trackpoint>
      <Time>
      2025-09-06T16:18:58.801Z
    </Time><SensorState>
      Present
    </SensorState><Extensions>
      <TPX xmlns="http://www.garmin.com/xmlschemas/ActivityExtension/v2">
      <nax:Nax>
      <nax:DescentInMeters>
      0.031707763671875
    </nax:DescentInMeters>
    </nax:Nax>
    </TPX>
    </Extensions>
    </Trackpoint>
<Trackpoint>
      <Time>
      2025-09-06T16:19:00.931Z
    </Time><SensorState>
      Present
    </SensorState><Extensions>
      <TPX xmlns="http://www.garmin.com/xmlschemas/ActivityExtension/v2">
      <ns3:Speed>
      2.754955963284723
    </ns3:Speed><nax:Nax>
      <nax:Pace>
      6.049703475766293
    </nax:Pace>
    </nax:Nax>
    </TPX>
    </Extensions>
    </Trackpoint>
<Trackpoint>
      <Time>
      2025-09-06T16:19:00.932Z
    </Time><DistanceMeters>
      6.890474559506401
    </DistanceMeters><Cadence>
      163.64087104797363
    </Cadence><SensorState>
      Present
    </SensorState>
    </Trackpoint>
<Trackpoint>
      <Time>
      2025-09-06T16:19:01.000Z
    </Time><SensorState>
      Present
    </SensorState><Extensions>
      <TPX xmlns="http://www.garmin.com/xmlschemas/ActivityExtension/v2">
      <nax:Nax>
      <nax:NikeFuel>
      7.171283247703006
    </nax:NikeFuel>
    </nax:Nax>
    </TPX>
    </Extensions>
    </Trackpoint>
<Trackpoint>
      <Time>
      2025-09-06T16:19:01.999Z
    </Time><Position>
      <LatitudeDegrees>
      47.61168678138658
    </LatitudeDegrees><LongitudeDegrees>
      -122.28841166924191
    </LongitudeDegrees>
    </Position><AltitudeMeters>
      98.08098600711673
    </AltitudeMeters><SensorState>
      Present
    </SensorState>
    </Trackpoint>
<Trackpoint>
      <Time>
      2025-09-06T16:19:03.487Z
    </Time><SensorState>
      Present
    </SensorState><Extensions>
      <TPX xmlns="http://www.garmin.com/xmlschemas/ActivityExtension/v2">
      <ns3:Speed>
      2.754561903997814
    </ns3:Speed><nax:Nax>
      <nax:Pace>
      6.050568928030848
    </nax:Pace>
    </nax:Nax>
    </TPX>
    </Extensions>
    </Trackpoint>
<Trackpoint>
      <Time>
      2025-09-06T16:19:03.488Z
    </Time><DistanceMeters>
      6.898838845314458
    </DistanceMeters><Cadence>
      163.25729370117188
    </Cadence><SensorState>
      Present
    </SensorState>
    </Trackpoint>
<Trackpoint>
      <Time>
      2025-09-06T16:19:04.100Z
    </Time><SensorState>
      Present
    </SensorState><Extensions>
      <TPX xmlns="http://www.garmin.com/xmlschemas/ActivityExtension/v2">
      <nax:Nax>
      <nax:AscentInMeters>
      0.0475616455078125
    </nax:AscentInMeters>
    </nax:Nax>
    </TPX>
    </Extensions>
    </Trackpoint>
<Trackpoint>
      <Time>
      2025-09-06T16:19:05.159Z
    </Time><SensorState>
      Present
    </SensorState><Extensions>
      <TPX xmlns="http://www.garmin.com/xmlschemas/ActivityExtension/v2">
      <nax:Nax>
      <nax:AscentInMeters>
      0.03435516357421875
    </nax:AscentInMeters>
    </nax:Nax>
    </TPX>
    </Extensions>
    </Trackpoint>
<Trackpoint>
      <Time>
      2025-09-06T16:19:05.999Z
    </Time><Position>
      <LatitudeDegrees>
      47.611785198954856
    </LatitudeDegrees><LongitudeDegrees>
      -122.28843310794794
    </LongitudeDegrees>
    </Position><AltitudeMeters>
      97.06952998787165
    </AltitudeMeters><SensorState>
      Present
    </SensorState>
    </Trackpoint>
<Trackpoint>
      <Time>
      2025-09-06T16:19:06.042Z
    </Time><SensorState>
      Present
    </SensorState><Extensions>
      <TPX xmlns="http://www.garmin.com/xmlschemas/ActivityExtension/v2">
      <ns3:Speed>
      2.7531527708841623
    </ns3:Speed><nax:Nax>
      <nax:Pace>
      6.053665762003552
    </nax:Pace>
    </nax:Nax>
    </TPX>
    </Extensions>
    </Trackpoint>
<Trackpoint>
      <Time>
      2025-09-06T16:19:06.043Z
    </Time><DistanceMeters>
      7.723735633539036
    </DistanceMeters><Cadence>
      163.12986373901367
    </Cadence><SensorState>
      Present
    </SensorState>
    </Trackpoint>
<Trackpoint>
      <Time>
      2025-09-06T16:19:06.220Z
    </Time><SensorState>
      Present
    </SensorState><Extensions>
      <TPX xmlns="http://www.garmin.com/xmlschemas/ActivityExtension/v2">
      <nax:Nax>
      <nax:AscentInMeters>
      0.01320648193359375
    </nax:AscentInMeters>
    </nax:Nax>
    </TPX>
    </Extensions>
    </Trackpoint>
<Trackpoint>
      <Time>
      2025-09-06T16:19:07.280Z
    </Time><SensorState>
      Present
    </SensorState><Extensions>
      <TPX xmlns="http://www.garmin.com/xmlschemas/ActivityExtension/v2">
      <nax:Nax>
      <nax:AscentInMeters>
      0.00264739990234375
    </nax:AscentInMeters>
    </nax:Nax>
    </TPX>
    </Extensions>
    </Trackpoint>
<Trackpoint>
      <Time>
      2025-09-06T16:19:08.340Z
    </Time><SensorState>
      Present
    </SensorState><Extensions>
      <TPX xmlns="http://www.garmin.com/xmlschemas/ActivityExtension/v2">
      <nax:Nax>
      <nax:AscentInMeters>
      0.01320648193359375
    </nax:AscentInMeters>
    </nax:Nax>
    </TPX>
    </Extensions>
    </Trackpoint>
<Trackpoint>
      <Time>
      2025-09-06T16:19:08.597Z
    </Time><SensorState>
      Present
    </SensorState><Extensions>
      <TPX xmlns="http://www.garmin.com/xmlschemas/ActivityExtension/v2">
      <ns3:Speed>
      2.7529305134077973
    </ns3:Speed><nax:Nax>
      <nax:Pace>
      6.054154503898224
    </nax:Pace>
    </nax:Nax>
    </TPX>
    </Extensions>
    </Trackpoint>
<Trackpoint>
      <Time>
      2025-09-06T16:19:08.598Z
    </Time><DistanceMeters>
      6.325977511238307
    </DistanceMeters><Cadence>
      163.19363594055176
    </Cadence><SensorState>
      Present
    </SensorState>
    </Trackpoint>
<Trackpoint>
      <Time>
      2025-09-06T16:19:09.399Z
    </Time><SensorState>
      Present
    </SensorState><Extensions>
      <TPX xmlns="http://www.garmin.com/xmlschemas/ActivityExtension/v2">
      <nax:Nax>
      <nax:AscentInMeters>
      0.00264739990234375
    </nax:AscentInMeters>
    </nax:Nax>
    </TPX>
    </Extensions>
    </Trackpoint>
<Trackpoint>
      <Time>
      2025-09-06T16:19:09.999Z
    </Time><Position>
      <LatitudeDegrees>
      47.61187923816719
    </LatitudeDegrees><LongitudeDegrees>
      -122.28841044932251
    </LongitudeDegrees>
    </Position><AltitudeMeters>
      97.71450436487794
    </AltitudeMeters><SensorState>
      Present
    </SensorState>
    </Trackpoint>
<Trackpoint>
      <Time>
      2025-09-06T16:19:10.459Z
    </Time><SensorState>
      Present
    </SensorState><Extensions>
      <TPX xmlns="http://www.garmin.com/xmlschemas/ActivityExtension/v2">
      <nax:Nax>
      <nax:AscentInMeters>
      0.00792694091796875
    </nax:AscentInMeters>
    </nax:Nax>
    </TPX>
    </Extensions>
    </Trackpoint>
<Trackpoint>
      <Time>
      2025-09-06T16:19:11.000Z
    </Time><SensorState>
      Present
    </SensorState><Extensions>
      <TPX xmlns="http://www.garmin.com/xmlschemas/ActivityExtension/v2">
      <nax:Nax>
      <nax:NikeFuel>
      7.1609021020647505
    </nax:NikeFuel>
    </nax:Nax>
    </TPX>
    </Extensions>
    </Trackpoint>
<Trackpoint>
      <Time>
      2025-09-06T16:19:11.152Z
    </Time><SensorState>
      Present
    </SensorState><Extensions>
      <TPX xmlns="http://www.garmin.com/xmlschemas/ActivityExtension/v2">
      <ns3:Speed>
      2.751824542478949
    </ns3:Speed><nax:Nax>
      <nax:Pace>
      6.056587696413485
    </nax:Pace>
    </nax:Nax>
    </TPX>
    </Extensions>
    </Trackpoint>
<Trackpoint>
      <Time>
      2025-09-06T16:19:11.153Z
    </Time><DistanceMeters>
      6.794610937591642
    </DistanceMeters><Cadence>
      163.19369316101074
    </Cadence><SensorState>
      Present
    </SensorState>
    </Trackpoint>
<Trackpoint>
      <Time>
      2025-09-06T16:19:11.519Z
    </Time><SensorState>
      Present
    </SensorState><Extensions>
      <TPX xmlns="http://www.garmin.com/xmlschemas/ActivityExtension/v2">
      <nax:Nax>
      <nax:AscentInMeters>
      0.0158538818359375
    </nax:AscentInMeters>
    </nax:Nax>
    </TPX>
    </Extensions>
    </Trackpoint>
<Trackpoint>
      <Time>
      2025-09-06T16:19:12.579Z
    </Time><SensorState>
      Present
    </SensorState><Extensions>
      <TPX xmlns="http://www.garmin.com/xmlschemas/ActivityExtension/v2">
      <nax:Nax>
      <nax:AscentInMeters>
      0.005279541015625
    </nax:AscentInMeters>
    </nax:Nax>
    </TPX>
    </Extensions>
    </Trackpoint>
<Trackpoint>
      <Time>
      2025-09-06T16:19:13.639Z
    </Time><SensorState>
      Present
    </SensorState><Extensions>
      <TPX xmlns="http://www.garmin.com/xmlschemas/ActivityExtension/v2">
      <nax:Nax>
      <nax:AscentInMeters>
      0.013214111328125
    </nax:AscentInMeters>
    </nax:Nax>
    </TPX>
    </Extensions>
    </Trackpoint>
<Trackpoint>
      <Time>
      2025-09-06T16:19:13.707Z
    </Time><SensorState>
      Present
    </SensorState><Extensions>
      <TPX xmlns="http://www.garmin.com/xmlschemas/ActivityExtension/v2">
      <ns3:Speed>
      2.75138170658339
    </ns3:Speed><nax:Nax>
      <nax:Pace>
      6.05756250642627
    </nax:Pace>
    </nax:Nax>
    </TPX>
    </Extensions>
    </Trackpoint>
<Trackpoint>
      <Time>
      2025-09-06T16:19:13.708Z
    </Time><DistanceMeters>
      6.099700856953859
    </DistanceMeters><Cadence>
      163.00274848937988
    </Cadence><SensorState>
      Present
    </SensorState>
    </Trackpoint>
<Trackpoint>
      <Time>
      2025-09-06T16:19:13.999Z
    </Time><Position>
      <LatitudeDegrees>
      47.61197401055767
    </LatitudeDegrees><LongitudeDegrees>
      -122.28840953860943
    </LongitudeDegrees>
    </Position><AltitudeMeters>
      97.31516505870968
    </AltitudeMeters><SensorState>
      Present
    </SensorState>
    </Trackpoint>
<Trackpoint>
      <Time>
      2025-09-06T16:19:14.698Z
    </Time><SensorState>
      Present
    </SensorState><Extensions>
      <TPX xmlns="http://www.garmin.com/xmlschemas/ActivityExtension/v2">
      <nax:Nax>
      <nax:AscentInMeters>
      0.0026397705078125
    </nax:AscentInMeters>
    </nax:Nax>
    </TPX>
    </Extensions>
    </Trackpoint>
<Trackpoint>
      <Time>
      2025-09-06T16:19:15.758Z
    </Time><SensorState>
      Present
    </SensorState><Extensions>
      <TPX xmlns="http://www.garmin.com/xmlschemas/ActivityExtension/v2">
      <nax:Nax>
      <nax:AscentInMeters>
      0.02378082275390625
    </nax:AscentInMeters>
    </nax:Nax>
    </TPX>
    </Extensions>
    </Trackpoint>
<Trackpoint>
      <Time>
      2025-09-06T16:19:16.263Z
    </Time><SensorState>
      Present
    </SensorState><Extensions>
      <TPX xmlns="http://www.garmin.com/xmlschemas/ActivityExtension/v2">
      <ns3:Speed>
      2.749744261182285
    </ns3:Speed><nax:Nax>
      <nax:Pace>
      6.061169724744016
    </nax:Pace>
    </nax:Nax>
    </TPX>
    </Extensions>
    </Trackpoint>
<Trackpoint>
      <Time>
      2025-09-06T16:19:16.264Z
    </Time><DistanceMeters>
      5.013995892601088
    </DistanceMeters><Cadence>
      162.4956178665161
    </Cadence><SensorState>
      Present
    </SensorState>
    </Trackpoint>
<Trackpoint>
      <Time>
      2025-09-06T16:19:16.817Z
    </Time><SensorState>
      Present
    </SensorState><Extensions>
      <TPX xmlns="http://www.garmin.com/xmlschemas/ActivityExtension/v2">
      <nax:Nax>
      <nax:AscentInMeters>
      0.00264739990234375
    </nax:AscentInMeters>
    </nax:Nax>
    </TPX>
    </Extensions>
    </Trackpoint>
<Trackpoint>
      <Time>
      2025-09-06T16:19:18.818Z
    </Time><SensorState>
      Present
    </SensorState><Extensions>
      <TPX xmlns="http://www.garmin.com/xmlschemas/ActivityExtension/v2">
      <ns3:Speed>
      2.744175839224755
    </ns3:Speed><nax:Nax>
      <nax:Pace>
      6.07346891858617
    </nax:Pace>
    </nax:Nax>
    </TPX>
    </Extensions>
    </Trackpoint>
<Trackpoint>
      <Time>
      2025-09-06T16:19:18.819Z
    </Time><DistanceMeters>
      6.596544355386868
    </DistanceMeters><Cadence>
      162.4956178665161
    </Cadence><SensorState>
      Present
    </SensorState>
    </Trackpoint>
<Trackpoint>
      <Time>
      2025-09-06T16:19:18.999Z
    </Time><Position>
      <LatitudeDegrees>
      47.612073051045165
    </LatitudeDegrees><LongitudeDegrees>
      -122.28839237789863
    </LongitudeDegrees>
    </Position><AltitudeMeters>
      97.3683066405356
    </AltitudeMeters><SensorState>
      Present
    </SensorState>
    </Trackpoint>
<Trackpoint>
      <Time>
      2025-09-06T16:19:19.997Z
    </Time><SensorState>
      Present
    </SensorState><Extensions>
      <TPX xmlns="http://www.garmin.com/xmlschemas/ActivityExtension/v2">
      <nax:Nax>
      <nax:AscentInMeters>
      0.0158538818359375
    </nax:AscentInMeters>
    </nax:Nax>
    </TPX>
    </Extensions>
    </Trackpoint>
<Trackpoint>
      <Time>
      2025-09-06T16:19:21.000Z
    </Time><SensorState>
      Present
    </SensorState><Extensions>
      <TPX xmlns="http://www.garmin.com/xmlschemas/ActivityExtension/v2">
      <nax:Nax>
      <nax:NikeFuel>
      7.106943034413053
    </nax:NikeFuel>
    </nax:Nax>
    </TPX>
    </Extensions>
    </Trackpoint>
<Trackpoint>
      <Time>
      2025-09-06T16:19:21.373Z
    </Time><SensorState>
      Present
    </SensorState><Extensions>
      <TPX xmlns="http://www.garmin.com/xmlschemas/ActivityExtension/v2">
      <ns3:Speed>
      2.738233721597939
    </ns3:Speed><nax:Nax>
      <nax:Pace>
      6.0866486798433606
    </nax:Pace>
    </nax:Nax>
    </TPX>
    </Extensions>
    </Trackpoint>
<Trackpoint>
      <Time>
      2025-09-06T16:19:21.374Z
    </Time><DistanceMeters>
      5.3617599660065025
    </DistanceMeters><Cadence>
      162.5588893890381
    </Cadence><SensorState>
      Present
    </SensorState>
    </Trackpoint>
<Trackpoint>
      <Time>
      2025-09-06T16:19:23.177Z
    </Time><SensorState>
      Present
    </SensorState><Extensions>
      <TPX xmlns="http://www.garmin.com/xmlschemas/ActivityExtension/v2">
      <nax:Nax>
      <nax:AscentInMeters>
      0.031707763671875
    </nax:AscentInMeters>
    </nax:Nax>
    </TPX>
    </Extensions>
    </Trackpoint>
<Trackpoint>
      <Time>
      2025-09-06T16:19:23.928Z
    </Time><SensorState>
      Present
    </SensorState><Extensions>
      <TPX xmlns="http://www.garmin.com/xmlschemas/ActivityExtension/v2">
      <ns3:Speed>
      2.7308904830048335
    </ns3:Speed><nax:Nax>
      <nax:Pace>
      6.103015397500716
    </nax:Pace>
    </nax:Nax>
    </TPX>
    </Extensions>
    </Trackpoint>
<Trackpoint>
      <Time>
      2025-09-06T16:19:23.929Z
    </Time><DistanceMeters>
      5.336110264528543
    </DistanceMeters><Cadence>
      162.4004602432251
    </Cadence><SensorState>
      Present
    </SensorState>
    </Trackpoint>
<Trackpoint>
      <Time>
      2025-09-06T16:19:23.999Z
    </Time><Position>
      <LatitudeDegrees>
      47.61217467327234
    </LatitudeDegrees><LongitudeDegrees>
      -122.28840050138456
    </LongitudeDegrees>
    </Position><AltitudeMeters>
      97.98722239397466
    </AltitudeMeters><SensorState>
      Present
    </SensorState>
    </Trackpoint>
<Trackpoint>
      <Time>
      2025-09-06T16:19:24.237Z
    </Time><SensorState>
      Present
    </SensorState><Extensions>
      <TPX xmlns="http://www.garmin.com/xmlschemas/ActivityExtension/v2">
      <nax:Nax>
      <nax:AscentInMeters>
      0.0211334228515625
    </nax:AscentInMeters>
    </nax:Nax>
    </TPX>
    </Extensions>
    </Trackpoint>
<Trackpoint>
      <Time>
      2025-09-06T16:19:26.484Z
    </Time><SensorState>
      Present
    </SensorState><Extensions>
      <TPX xmlns="http://www.garmin.com/xmlschemas/ActivityExtension/v2">
      <ns3:Speed>
      2.722824716798401
    </ns3:Speed><nax:Nax>
      <nax:Pace>
      6.121094231237902
    </nax:Pace>
    </nax:Nax>
    </TPX>
    </Extensions>
    </Trackpoint>
<Trackpoint>
      <Time>
      2025-09-06T16:19:26.485Z
    </Time><DistanceMeters>
      6.807757688919082
    </DistanceMeters><Cadence>
      162.27345943450928
    </Cadence><SensorState>
      Present
    </SensorState>
    </Trackpoint>
<Trackpoint>
      <Time>
      2025-09-06T16:19:27.416Z
    </Time><SensorState>
      Present
    </SensorState><Extensions>
      <TPX xmlns="http://www.garmin.com/xmlschemas/ActivityExtension/v2">
      <nax:Nax>
      <nax:AscentInMeters>
      0.00528717041015625
    </nax:AscentInMeters>
    </nax:Nax>
    </TPX>
    </Extensions>
    </Trackpoint>
<Trackpoint>
      <Time>
      2025-09-06T16:19:27.999Z
    </Time><Position>
      <LatitudeDegrees>
      47.61226529065829
    </LatitudeDegrees><LongitudeDegrees>
      -122.28839636963029
    </LongitudeDegrees>
    </Position><AltitudeMeters>
      98.9573113694787
    </AltitudeMeters><SensorState>
      Present
    </SensorState>
    </Trackpoint>
<Trackpoint>
      <Time>
      2025-09-06T16:19:28.475Z
    </Time><SensorState>
      Present
    </SensorState><Extensions>
      <TPX xmlns="http://www.garmin.com/xmlschemas/ActivityExtension/v2">
      <nax:Nax>
      <nax:AscentInMeters>
      0.0026397705078125
    </nax:AscentInMeters>
    </nax:Nax>
    </TPX>
    </Extensions>
    </Trackpoint>
<Trackpoint>
      <Time>
      2025-09-06T16:19:29.039Z
    </Time><SensorState>
      Present
    </SensorState><Extensions>
      <TPX xmlns="http://www.garmin.com/xmlschemas/ActivityExtension/v2">
      <ns3:Speed>
      2.716465438505201
    </ns3:Speed><nax:Nax>
      <nax:Pace>
      6.1354237865208745
    </nax:Pace>
    </nax:Nax>
    </TPX>
    </Extensions>
    </Trackpoint>
<Trackpoint>
      <Time>
      2025-09-06T16:19:29.040Z
    </Time><DistanceMeters>
      6.371084689395502
    </DistanceMeters><Cadence>
      162.1466302871704
    </Cadence><SensorState>
      Present
    </SensorState>
    </Trackpoint>
<Trackpoint>
      <Time>
      2025-09-06T16:19:29.536Z
    </Time><SensorState>
      Present
    </SensorState><Extensions>
      <TPX xmlns="http://www.garmin.com/xmlschemas/ActivityExtension/v2">
      <nax:Nax>
      <nax:AscentInMeters>
      0.0290679931640625
    </nax:AscentInMeters>
    </nax:Nax>
    </TPX>
    </Extensions>
    </Trackpoint>
<Trackpoint>
      <Time>
      2025-09-06T16:19:30.595Z
    </Time><SensorState>
      Present
    </SensorState><Extensions>
      <TPX xmlns="http://www.garmin.com/xmlschemas/ActivityExtension/v2">
      <nax:Nax>
      <nax:AscentInMeters>
      0.0026397705078125
    </nax:AscentInMeters>
    </nax:Nax>
    </TPX>
    </Extensions>
    </Trackpoint>
<Trackpoint>
      <Time>
      2025-09-06T16:19:31.000Z
    </Time><SensorState>
      Present
    </SensorState><Extensions>
      <TPX xmlns="http://www.garmin.com/xmlschemas/ActivityExtension/v2">
      <nax:Nax>
      <nax:NikeFuel>
      7.047236018435983
    </nax:NikeFuel>
    </nax:Nax>
    </TPX>
    </Extensions>
    </Trackpoint>
<Trackpoint>
      <Time>
      2025-09-06T16:19:31.594Z
    </Time><SensorState>
      Present
    </SensorState><Extensions>
      <TPX xmlns="http://www.garmin.com/xmlschemas/ActivityExtension/v2">
      <ns3:Speed>
      2.7109587486115676
    </ns3:Speed><nax:Nax>
      <nax:Pace>
      6.147886490416939
    </nax:Pace>
    </nax:Nax>
    </TPX>
    </Extensions>
    </Trackpoint>
<Trackpoint>
      <Time>
      2025-09-06T16:19:31.595Z
    </Time><DistanceMeters>
      6.159156667999923
    </DistanceMeters><Cadence>
      162.21010208129883
    </Cadence><SensorState>
      Present
    </SensorState>
    </Trackpoint>
<Trackpoint>
      <Time>
      2025-09-06T16:19:31.655Z
    </Time><SensorState>
      Present
    </SensorState><Extensions>
      <TPX xmlns="http://www.garmin.com/xmlschemas/ActivityExtension/v2">
      <nax:Nax>
      <nax:AscentInMeters>
      0.00792694091796875
    </nax:AscentInMeters>
    </nax:Nax>
    </TPX>
    </Extensions>
    </Trackpoint>
<Trackpoint>
      <Time>
      2025-09-06T16:19:32.999Z
    </Time><Position>
      <LatitudeDegrees>
      47.612374951186226
    </LatitudeDegrees><LongitudeDegrees>
      -122.2883914242478
    </LongitudeDegrees>
    </Position><AltitudeMeters>
      97.40676605887711
    </AltitudeMeters><SensorState>
      Present
    </SensorState>
    </Trackpoint>
<Trackpoint>
      <Time>
      2025-09-06T16:19:34.149Z
    </Time><SensorState>
      Present
    </SensorState><Extensions>
      <TPX xmlns="http://www.garmin.com/xmlschemas/ActivityExtension/v2">
      <ns3:Speed>
      2.7043888077051035
    </ns3:Speed><nax:Nax>
      <nax:Pace>
      6.162821935655659
    </nax:Pace>
    </nax:Nax>
    </TPX>
    </Extensions>
    </Trackpoint>
<Trackpoint>
      <Time>
      2025-09-06T16:19:34.150Z
    </Time><DistanceMeters>
      7.227066471008584
    </DistanceMeters><Cadence>
      162.27357387542725
    </Cadence><SensorState>
      Present
    </SensorState>
    </Trackpoint>
<Trackpoint>
      <Time>
      2025-09-06T16:19:34.835Z
    </Time><SensorState>
      Present
    </SensorState><Extensions>
      <TPX xmlns="http://www.garmin.com/xmlschemas/ActivityExtension/v2">
      <nax:Nax>
      <nax:AscentInMeters>
      0.013214111328125
    </nax:AscentInMeters>
    </nax:Nax>
    </TPX>
    </Extensions>
    </Trackpoint>
<Trackpoint>
      <Time>
      2025-09-06T16:19:35.894Z
    </Time><SensorState>
      Present
    </SensorState><Extensions>
      <TPX xmlns="http://www.garmin.com/xmlschemas/ActivityExtension/v2">
      <nax:Nax>
      <nax:AscentInMeters>
      0.01056671142578125
    </nax:AscentInMeters>
    </nax:Nax>
    </TPX>
    </Extensions>
    </Trackpoint>
<Trackpoint>
      <Time>
      2025-09-06T16:19:36.705Z
    </Time><DistanceMeters>
      6.8026582836173475
    </DistanceMeters><SensorState>
      Present
    </SensorState><Extensions>
      <TPX xmlns="http://www.garmin.com/xmlschemas/ActivityExtension/v2">
      <ns3:Speed>
      2.6995689876790507
    </ns3:Speed><nax:Nax>
      <nax:Pace>
      6.173825059753632
    </nax:Pace>
    </nax:Nax>
    </TPX>
    </Extensions>
    </Trackpoint>
<Trackpoint>
      <Time>
      2025-09-06T16:19:36.706Z
    </Time><Cadence>
      162.59167671203613
    </Cadence><SensorState>
      Present
    </SensorState>
    </Trackpoint>
<Trackpoint>
      <Time>
      2025-09-06T16:19:36.954Z
    </Time><SensorState>
      Present
    </SensorState><Extensions>
      <TPX xmlns="http://www.garmin.com/xmlschemas/ActivityExtension/v2">
      <nax:Nax>
      <nax:AscentInMeters>
      0.00792694091796875
    </nax:AscentInMeters>
    </nax:Nax>
    </TPX>
    </Extensions>
    </Trackpoint>
<Trackpoint>
      <Time>
      2025-09-06T16:19:36.999Z
    </Time><Position>
      <LatitudeDegrees>
      47.612478011018666
    </LatitudeDegrees><LongitudeDegrees>
      -122.28838357529231
    </LongitudeDegrees>
    </Position><AltitudeMeters>
      97.67905773967505
    </AltitudeMeters><SensorState>
      Present
    </SensorState>
    </Trackpoint>
<Trackpoint>
      <Time>
      2025-09-06T16:19:38.014Z
    </Time><SensorState>
      Present
    </SensorState><Extensions>
      <TPX xmlns="http://www.garmin.com/xmlschemas/ActivityExtension/v2">
      <nax:Nax>
      <nax:AscentInMeters>
      0.00264739990234375
    </nax:AscentInMeters>
    </nax:Nax>
    </TPX>
    </Extensions>
    </Trackpoint>
<Trackpoint>
      <Time>
      2025-09-06T16:19:39.074Z
    </Time><SensorState>
      Present
    </SensorState><Extensions>
      <TPX xmlns="http://www.garmin.com/xmlschemas/ActivityExtension/v2">
      <nax:Nax>
      <nax:AscentInMeters>
      0.0026397705078125
    </nax:AscentInMeters>
    </nax:Nax>
    </TPX>
    </Extensions>
    </Trackpoint>
<Trackpoint>
      <Time>
      2025-09-06T16:19:39.260Z
    </Time><SensorState>
      Present
    </SensorState><Extensions>
      <TPX xmlns="http://www.garmin.com/xmlschemas/ActivityExtension/v2">
      <ns3:Speed>
      2.695335849651598
    </ns3:Speed><nax:Nax>
      <nax:Pace>
      6.18352131101622
    </nax:Pace>
    </nax:Nax>
    </TPX>
    </Extensions>
    </Trackpoint>
<Trackpoint>
      <Time>
      2025-09-06T16:19:39.261Z
    </Time><DistanceMeters>
      7.4538163675460964
    </DistanceMeters><Cadence>
      162.40074634552002
    </Cadence><SensorState>
      Present
    </SensorState>
    </Trackpoint>
<Trackpoint>
      <Time>
      2025-09-06T16:19:40.133Z
    </Time><SensorState>
      Present
    </SensorState><Extensions>
      <TPX xmlns="http://www.garmin.com/xmlschemas/ActivityExtension/v2">
      <nax:Nax>
      <nax:AscentInMeters>
      0.00792694091796875
    </nax:AscentInMeters>
    </nax:Nax>
    </TPX>
    </Extensions>
    </Trackpoint>
<Trackpoint>
      <Time>
      2025-09-06T16:19:40.999Z
    </Time><Position>
      <LatitudeDegrees>
      47.6125762783764
    </LatitudeDegrees><LongitudeDegrees>
      -122.28837067628446
    </LongitudeDegrees>
    </Position><AltitudeMeters>
      97.51900192070752
    </AltitudeMeters><SensorState>
      Present
    </SensorState>
    </Trackpoint>
<Trackpoint>
      <Time>
      2025-09-06T16:19:41.000Z
    </Time><SensorState>
      Present
    </SensorState><Extensions>
      <TPX xmlns="http://www.garmin.com/xmlschemas/ActivityExtension/v2">
      <nax:Nax>
      <nax:NikeFuel>
      7.000261791444126
    </nax:NikeFuel>
    </nax:Nax>
    </TPX>
    </Extensions>
    </Trackpoint>
<Trackpoint>
      <Time>
      2025-09-06T16:19:41.815Z
    </Time><SensorState>
      Present
    </SensorState><Extensions>
      <TPX xmlns="http://www.garmin.com/xmlschemas/ActivityExtension/v2">
      <ns3:Speed>
      2.691441532428005
    </ns3:Speed><nax:Nax>
      <nax:Pace>
      6.192468409904978
    </nax:Pace>
    </nax:Nax>
    </TPX>
    </Extensions>
    </Trackpoint>
<Trackpoint>
      <Time>
      2025-09-06T16:19:41.816Z
    </Time><DistanceMeters>
      7.028206987772137
    </DistanceMeters><Cadence>
      162.68583297729492
    </Cadence><SensorState>
      Present
    </SensorState>
    </Trackpoint>
<Trackpoint>
      <Time>
      2025-09-06T16:19:42.253Z
    </Time><SensorState>
      Present
    </SensorState><Extensions>
      <TPX xmlns="http://www.garmin.com/xmlschemas/ActivityExtension/v2">
      <nax:Nax>
      <nax:AscentInMeters>
      0.02114105224609375
    </nax:AscentInMeters>
    </nax:Nax>
    </TPX>
    </Extensions>
    </Trackpoint>
<Trackpoint>
      <Time>
      2025-09-06T16:19:43.313Z
    </Time><SensorState>
      Present
    </SensorState><Extensions>
      <TPX xmlns="http://www.garmin.com/xmlschemas/ActivityExtension/v2">
      <nax:Nax>
      <nax:AscentInMeters>
      0.02906036376953125
    </nax:AscentInMeters>
    </nax:Nax>
    </TPX>
    </Extensions>
    </Trackpoint>
<Trackpoint>
      <Time>
      2025-09-06T16:19:44.370Z
    </Time><DistanceMeters>
      6.252736434107646
    </DistanceMeters><SensorState>
      Present
    </SensorState><Extensions>
      <TPX xmlns="http://www.garmin.com/xmlschemas/ActivityExtension/v2">
      <ns3:Speed>
      2.686100329793586
    </ns3:Speed><nax:Nax>
      <nax:Pace>
      6.204781884654108
    </nax:Pace>
    </nax:Nax>
    </TPX>
    </Extensions>
    </Trackpoint>
<Trackpoint>
      <Time>
      2025-09-06T16:19:44.371Z
    </Time><Cadence>
      163.003249168396
    </Cadence><SensorState>
      Present
    </SensorState>
    </Trackpoint>
<Trackpoint>
      <Time>
      2025-09-06T16:19:44.373Z
    </Time><SensorState>
      Present
    </SensorState><Extensions>
      <TPX xmlns="http://www.garmin.com/xmlschemas/ActivityExtension/v2">
      <nax:Nax>
      <nax:AscentInMeters>
      0.03963470458984375
    </nax:AscentInMeters>
    </nax:Nax>
    </TPX>
    </Extensions>
    </Trackpoint>
<Trackpoint>
      <Time>
      2025-09-06T16:19:44.999Z
    </Time><Position>
      <LatitudeDegrees>
      47.61266865095387
    </LatitudeDegrees><LongitudeDegrees>
      -122.28835910671339
    </LongitudeDegrees>
    </Position><AltitudeMeters>
      97.26795113645494
    </AltitudeMeters><SensorState>
      Present
    </SensorState>
    </Trackpoint>
<Trackpoint>
      <Time>
      2025-09-06T16:19:45.433Z
    </Time><SensorState>
      Present
    </SensorState><Extensions>
      <TPX xmlns="http://www.garmin.com/xmlschemas/ActivityExtension/v2">
      <nax:Nax>
      <nax:AscentInMeters>
      0.03963470458984375
    </nax:AscentInMeters>
    </nax:Nax>
    </TPX>
    </Extensions>
    </Trackpoint>
<Trackpoint>
      <Time>
      2025-09-06T16:19:46.492Z
    </Time><SensorState>
      Present
    </SensorState><Extensions>
      <TPX xmlns="http://www.garmin.com/xmlschemas/ActivityExtension/v2">
      <nax:Nax>
      <nax:AscentInMeters>
      0.03699493408203125
    </nax:AscentInMeters>
    </nax:Nax>
    </TPX>
    </Extensions>
    </Trackpoint>
<Trackpoint>
      <Time>
      2025-09-06T16:19:46.926Z
    </Time><SensorState>
      Present
    </SensorState><Extensions>
      <TPX xmlns="http://www.garmin.com/xmlschemas/ActivityExtension/v2">
      <ns3:Speed>
      2.6806481047544186
    </ns3:Speed><nax:Nax>
      <nax:Pace>
      6.217401917508879
    </nax:Pace>
    </nax:Nax>
    </TPX>
    </Extensions>
    </Trackpoint>
<Trackpoint>
      <Time>
      2025-09-06T16:19:46.927Z
    </Time><DistanceMeters>
      6.090716892387718
    </DistanceMeters><Cadence>
      163.13059329986572
    </Cadence><SensorState>
      Present
    </SensorState>
    </Trackpoint>
<Trackpoint>
      <Time>
      2025-09-06T16:19:47.552Z
    </Time><SensorState>
      Present
    </SensorState><Extensions>
      <TPX xmlns="http://www.garmin.com/xmlschemas/ActivityExtension/v2">
      <nax:Nax>
      <nax:AscentInMeters>
      0.013214111328125
    </nax:AscentInMeters>
    </nax:Nax>
    </TPX>
    </Extensions>
    </Trackpoint>
<Trackpoint>
      <Time>
      2025-09-06T16:19:49.481Z
    </Time><DistanceMeters>
      5.669415254145861
    </DistanceMeters><SensorState>
      Present
    </SensorState><Extensions>
      <TPX xmlns="http://www.garmin.com/xmlschemas/ActivityExtension/v2">
      <ns3:Speed>
      2.6748339400426926
    </ns3:Speed><nax:Nax>
      <nax:Pace>
      6.23091640088904
    </nax:Pace>
    </nax:Nax>
    </TPX>
    </Extensions>
    </Trackpoint>
<Trackpoint>
      <Time>
      2025-09-06T16:19:49.482Z
    </Time><Cadence>
      162.812762260437
    </Cadence><SensorState>
      Present
    </SensorState>
    </Trackpoint>
<Trackpoint>
      <Time>
      2025-09-06T16:19:49.999Z
    </Time><Position>
      <LatitudeDegrees>
      47.61276791810851
    </LatitudeDegrees><LongitudeDegrees>
      -122.28836853319336
    </LongitudeDegrees>
    </Position><AltitudeMeters>
      96.84238125383854
    </AltitudeMeters><SensorState>
      Present
    </SensorState>
    </Trackpoint>
<Trackpoint>
      <Time>
      2025-09-06T16:19:51.000Z
    </Time><SensorState>
      Present
    </SensorState><Extensions>
      <TPX xmlns="http://www.garmin.com/xmlschemas/ActivityExtension/v2">
      <nax:Nax>
      <nax:NikeFuel>
      6.927688710676695
    </nax:NikeFuel>
    </nax:Nax>
    </TPX>
    </Extensions>
    </Trackpoint>
<Trackpoint>
      <Time>
      2025-09-06T16:19:52.036Z
    </Time><SensorState>
      Present
    </SensorState><Extensions>
      <TPX xmlns="http://www.garmin.com/xmlschemas/ActivityExtension/v2">
      <ns3:Speed>
      2.6678767715081473
    </ns3:Speed><nax:Nax>
      <nax:Pace>
      6.247165103223648
    </nax:Pace>
    </nax:Nax>
    </TPX>
    </Extensions>
    </Trackpoint>
<Trackpoint>
      <Time>
      2025-09-06T16:19:52.037Z
    </Time><DistanceMeters>
      4.277696991339326
    </DistanceMeters><Cadence>
      162.812762260437
    </Cadence><SensorState>
      Present
    </SensorState>
    </Trackpoint>
<Trackpoint>
      <Time>
      2025-09-06T16:19:54.591Z
    </Time><SensorState>
      Present
    </SensorState><Extensions>
      <TPX xmlns="http://www.garmin.com/xmlschemas/ActivityExtension/v2">
      <ns3:Speed>
      2.658408256810218
    </ns3:Speed><nax:Nax>
      <nax:Pace>
      6.269415776892273
    </nax:Pace>
    </nax:Nax>
    </TPX>
    </Extensions>
    </Trackpoint>
<Trackpoint>
      <Time>
      2025-09-06T16:19:54.592Z
    </Time><DistanceMeters>
      4.825767575530335
    </DistanceMeters><Cadence>
      162.812762260437
    </Cadence><SensorState>
      Present
    </SensorState>
    </Trackpoint>
<Trackpoint>
      <Time>
      2025-09-06T16:19:54.971Z
    </Time><SensorState>
      Present
    </SensorState><Extensions>
      <TPX xmlns="http://www.garmin.com/xmlschemas/ActivityExtension/v2">
      <nax:Nax>
      <nax:AscentInMeters>
      0.02642059326171875
    </nax:AscentInMeters>
    </nax:Nax>
    </TPX>
    </Extensions>
    </Trackpoint>
<Trackpoint>
      <Time>
      2025-09-06T16:19:56.031Z
    </Time><SensorState>
      Present
    </SensorState><Extensions>
      <TPX xmlns="http://www.garmin.com/xmlschemas/ActivityExtension/v2">
      <nax:Nax>
      <nax:AscentInMeters>
      0.05812835693359375
    </nax:AscentInMeters>
    </nax:Nax>
    </TPX>
    </Extensions>
    </Trackpoint>
<Trackpoint>
      <Time>
      2025-09-06T16:19:56.999Z
    </Time><Position>
      <LatitudeDegrees>
      47.612810267669545
    </LatitudeDegrees><LongitudeDegrees>
      -122.28851118090314
    </LongitudeDegrees>
    </Position><AltitudeMeters>
      96.84196301735938
    </AltitudeMeters><SensorState>
      Present
    </SensorState>
    </Trackpoint>
<Trackpoint>
      <Time>
      2025-09-06T16:19:57.090Z
    </Time><SensorState>
      Present
    </SensorState><Extensions>
      <TPX xmlns="http://www.garmin.com/xmlschemas/ActivityExtension/v2">
      <nax:Nax>
      <nax:AscentInMeters>
      0.02114105224609375
    </nax:AscentInMeters>
    </nax:Nax>
    </TPX>
    </Extensions>
    </Trackpoint>
<Trackpoint>
      <Time>
      2025-09-06T16:19:57.146Z
    </Time><DistanceMeters>
      6.054530462715775
    </DistanceMeters><SensorState>
      Present
    </SensorState><Extensions>
      <TPX xmlns="http://www.garmin.com/xmlschemas/ActivityExtension/v2">
      <ns3:Speed>
      2.648364502654836
    </ns3:Speed><nax:Nax>
      <nax:Pace>
      6.293192138000367
    </nax:Pace>
    </nax:Nax>
    </TPX>
    </Extensions>
    </Trackpoint>
<Trackpoint>
      <Time>
      2025-09-06T16:19:57.147Z
    </Time><Cadence>
      163.06700706481934
    </Cadence><SensorState>
      Present
    </SensorState>
    </Trackpoint>
<Trackpoint>
      <Time>
      2025-09-06T16:19:58.150Z
    </Time><SensorState>
      Present
    </SensorState><Extensions>
      <TPX xmlns="http://www.garmin.com/xmlschemas/ActivityExtension/v2">
      <nax:Nax>
      <nax:AscentInMeters>
      0.050201416015625
    </nax:AscentInMeters>
    </nax:Nax>
    </TPX>
    </Extensions>
    </Trackpoint>
<Trackpoint>
      <Time>
      2025-09-06T16:19:59.210Z
    </Time><SensorState>
      Present
    </SensorState><Extensions>
      <TPX xmlns="http://www.garmin.com/xmlschemas/ActivityExtension/v2">
      <nax:Nax>
      <nax:AscentInMeters>
      0.06606292724609375
    </nax:AscentInMeters>
    </nax:Nax>
    </TPX>
    </Extensions>
    </Trackpoint>
<Trackpoint>
      <Time>
      2025-09-06T16:19:59.702Z
    </Time><SensorState>
      Present
    </SensorState><Extensions>
      <TPX xmlns="http://www.garmin.com/xmlschemas/ActivityExtension/v2">
      <ns3:Speed>
      2.6390598166251444
    </ns3:Speed><nax:Nax>
      <nax:Pace>
      6.315380409975004
    </nax:Pace>
    </nax:Nax>
    </TPX>
    </Extensions>
    </Trackpoint>
<Trackpoint>
      <Time>
      2025-09-06T16:19:59.703Z
    </Time><DistanceMeters>
      5.702060244511813
    </DistanceMeters><Cadence>
      163.4498405456543
    </Cadence><SensorState>
      Present
    </SensorState>
    </Trackpoint>
<Trackpoint>
      <Time>
      2025-09-06T16:20:00.270Z
    </Time><SensorState>
      Present
    </SensorState><Extensions>
      <TPX xmlns="http://www.garmin.com/xmlschemas/ActivityExtension/v2">
      <nax:Nax>
      <nax:AscentInMeters>
      0.07398223876953125
    </nax:AscentInMeters>
    </nax:Nax>
    </TPX>
    </Extensions>
    </Trackpoint>
<Trackpoint>
      <Time>
      2025-09-06T16:20:01.000Z
    </Time><SensorState>
      Present
    </SensorState><Extensions>
      <TPX xmlns="http://www.garmin.com/xmlschemas/ActivityExtension/v2">
      <nax:Nax>
      <nax:NikeFuel>
      6.8400844126390865
    </nax:NikeFuel>
    </nax:Nax>
    </TPX>
    </Extensions>
    </Trackpoint>
<Trackpoint>
      <Time>
      2025-09-06T16:20:01.329Z
    </Time><SensorState>
      Present
    </SensorState><Extensions>
      <TPX xmlns="http://www.garmin.com/xmlschemas/ActivityExtension/v2">
      <nax:Nax>
      <nax:AscentInMeters>
      0.06606292724609375
    </nax:AscentInMeters>
    </nax:Nax>
    </TPX>
    </Extensions>
    </Trackpoint>
<Trackpoint>
      <Time>
      2025-09-06T16:20:02.000Z
    </Time><Position>
      <LatitudeDegrees>
      47.61279956720666
    </LatitudeDegrees><LongitudeDegrees>
      -122.28866106581809
    </LongitudeDegrees>
    </Position><AltitudeMeters>
      97.99003189615905
    </AltitudeMeters><SensorState>
      Present
    </SensorState>
    </Trackpoint>
<Trackpoint>
      <Time>
      2025-09-06T16:20:02.257Z
    </Time><SensorState>
      Present
    </SensorState><Extensions>
      <TPX xmlns="http://www.garmin.com/xmlschemas/ActivityExtension/v2">
      <ns3:Speed>
      2.629624882701593
    </ns3:Speed><nax:Nax>
      <nax:Pace>
      6.338039610251887
    </nax:Pace>
    </nax:Nax>
    </TPX>
    </Extensions>
    </Trackpoint>
<Trackpoint>
      <Time>
      2025-09-06T16:20:02.258Z
    </Time><DistanceMeters>
      6.1915594497695565
    </DistanceMeters><Cadence>
      163.9630651473999
    </Cadence><SensorState>
      Present
    </SensorState>
    </Trackpoint>
<Trackpoint>
      <Time>
      2025-09-06T16:20:02.389Z
    </Time><SensorState>
      Present
    </SensorState><Extensions>
      <TPX xmlns="http://www.garmin.com/xmlschemas/ActivityExtension/v2">
      <nax:Nax>
      <nax:AscentInMeters>
      0.06076812744140625
    </nax:AscentInMeters>
    </nax:Nax>
    </TPX>
    </Extensions>
    </Trackpoint>
<Trackpoint>
      <Time>
      2025-09-06T16:20:03.449Z
    </Time><SensorState>
      Present
    </SensorState><Extensions>
      <TPX xmlns="http://www.garmin.com/xmlschemas/ActivityExtension/v2">
      <nax:Nax>
      <nax:AscentInMeters>
      0.05284881591796875
    </nax:AscentInMeters>
    </nax:Nax>
    </TPX>
    </Extensions>
    </Trackpoint>
<Trackpoint>
      <Time>
      2025-09-06T16:20:04.508Z
    </Time><SensorState>
      Present
    </SensorState><Extensions>
      <TPX xmlns="http://www.garmin.com/xmlschemas/ActivityExtension/v2">
      <nax:Nax>
      <nax:AscentInMeters>
      0.0343475341796875
    </nax:AscentInMeters>
    </nax:Nax>
    </TPX>
    </Extensions>
    </Trackpoint>
<Trackpoint>
      <Time>
      2025-09-06T16:20:04.812Z
    </Time><SensorState>
      Present
    </SensorState><Extensions>
      <TPX xmlns="http://www.garmin.com/xmlschemas/ActivityExtension/v2">
      <ns3:Speed>
      2.621218089170753
    </ns3:Speed><nax:Nax>
      <nax:Pace>
      6.3583670262016705
    </nax:Pace>
    </nax:Nax>
    </TPX>
    </Extensions>
    </Trackpoint>
<Trackpoint>
      <Time>
      2025-09-06T16:20:04.813Z
    </Time><DistanceMeters>
      8.094373859930784
    </DistanceMeters><Cadence>
      164.30445671081543
    </Cadence><SensorState>
      Present
    </SensorState>
    </Trackpoint>
<Trackpoint>
      <Time>
      2025-09-06T16:20:05.567Z
    </Time><SensorState>
      Present
    </SensorState><Extensions>
      <TPX xmlns="http://www.garmin.com/xmlschemas/ActivityExtension/v2">
      <nax:Nax>
      <nax:AscentInMeters>
      0.031707763671875
    </nax:AscentInMeters>
    </nax:Nax>
    </TPX>
    </Extensions>
    </Trackpoint>
<Trackpoint>
      <Time>
      2025-09-06T16:20:06.000Z
    </Time><Position>
      <LatitudeDegrees>
      47.612789327186164
    </LatitudeDegrees><LongitudeDegrees>
      -122.28880577430859
    </LongitudeDegrees>
    </Position><AltitudeMeters>
      99.9545670459047
    </AltitudeMeters><SensorState>
      Present
    </SensorState>
    </Trackpoint>
<Trackpoint>
      <Time>
      2025-09-06T16:20:06.628Z
    </Time><SensorState>
      Present
    </SensorState><Extensions>
      <TPX xmlns="http://www.garmin.com/xmlschemas/ActivityExtension/v2">
      <nax:Nax>
      <nax:AscentInMeters>
      0.02114105224609375
    </nax:AscentInMeters>
    </nax:Nax>
    </TPX>
    </Extensions>
    </Trackpoint>
<Trackpoint>
      <Time>
      2025-09-06T16:20:07.367Z
    </Time><SensorState>
      Present
    </SensorState><Extensions>
      <TPX xmlns="http://www.garmin.com/xmlschemas/ActivityExtension/v2">
      <ns3:Speed>
      2.6122732118496694
    </ns3:Speed><nax:Nax>
      <nax:Pace>
      6.380139179571312
    </nax:Pace>
    </nax:Nax>
    </TPX>
    </Extensions>
    </Trackpoint>
<Trackpoint>
      <Time>
      2025-09-06T16:20:07.368Z
    </Time><DistanceMeters>
      7.385829689214006
    </DistanceMeters><Cadence>
      164.3045139312744
    </Cadence><SensorState>
      Present
    </SensorState>
    </Trackpoint>
<Trackpoint>
      <Time>
      2025-09-06T16:20:07.688Z
    </Time><SensorState>
      Present
    </SensorState><Extensions>
      <TPX xmlns="http://www.garmin.com/xmlschemas/ActivityExtension/v2">
      <nax:Nax>
      <nax:AscentInMeters>
      0.01849365234375
    </nax:AscentInMeters>
    </nax:Nax>
    </TPX>
    </Extensions>
    </Trackpoint>
<Trackpoint>
      <Time>
      2025-09-06T16:20:08.748Z
    </Time><SensorState>
      Present
    </SensorState><Extensions>
      <TPX xmlns="http://www.garmin.com/xmlschemas/ActivityExtension/v2">
      <nax:Nax>
      <nax:AscentInMeters>
      0.0290679931640625
    </nax:AscentInMeters>
    </nax:Nax>
    </TPX>
    </Extensions>
    </Trackpoint>
<Trackpoint>
      <Time>
      2025-09-06T16:20:09.807Z
    </Time><SensorState>
      Present
    </SensorState><Extensions>
      <TPX xmlns="http://www.garmin.com/xmlschemas/ActivityExtension/v2">
      <nax:Nax>
      <nax:AscentInMeters>
      0.02378082275390625
    </nax:AscentInMeters>
    </nax:Nax>
    </TPX>
    </Extensions>
    </Trackpoint>
<Trackpoint>
      <Time>
      2025-09-06T16:20:09.923Z
    </Time><SensorState>
      Present
    </SensorState><Extensions>
      <TPX xmlns="http://www.garmin.com/xmlschemas/ActivityExtension/v2">
      <ns3:Speed>
      2.6065663689110896
    </ns3:Speed><nax:Nax>
      <nax:Pace>
      6.39410792123021
    </nax:Pace>
    </nax:Nax>
    </TPX>
    </Extensions>
    </Trackpoint>
<Trackpoint>
      <Time>
      2025-09-06T16:20:09.924Z
    </Time><DistanceMeters>
      5.921023705741391
    </DistanceMeters><Cadence>
      164.51464176177979
    </Cadence><SensorState>
      Present
    </SensorState>
    </Trackpoint>
<Trackpoint>
      <Time>
      2025-09-06T16:20:10.000Z
    </Time><Position>
      <LatitudeDegrees>
      47.612779590939894
    </LatitudeDegrees><LongitudeDegrees>
      -122.2889557145855
    </LongitudeDegrees>
    </Position><AltitudeMeters>
      98.7785844290629
    </AltitudeMeters><SensorState>
      Present
    </SensorState>
    </Trackpoint>
<Trackpoint>
      <Time>
      2025-09-06T16:20:10.867Z
    </Time><SensorState>
      Present
    </SensorState><Extensions>
      <TPX xmlns="http://www.garmin.com/xmlschemas/ActivityExtension/v2">
      <nax:Nax>
      <nax:AscentInMeters>
      0.04227447509765625
    </nax:AscentInMeters>
    </nax:Nax>
    </TPX>
    </Extensions>
    </Trackpoint>
<Trackpoint>
      <Time>
      2025-09-06T16:20:11.000Z
    </Time><SensorState>
      Present
    </SensorState><Extensions>
      <TPX xmlns="http://www.garmin.com/xmlschemas/ActivityExtension/v2">
      <nax:Nax>
      <nax:NikeFuel>
      6.767679362204142
    </nax:NikeFuel>
    </nax:Nax>
    </TPX>
    </Extensions>
    </Trackpoint>
<Trackpoint>
      <Time>
      2025-09-06T16:20:11.927Z
    </Time><SensorState>
      Present
    </SensorState><Extensions>
      <TPX xmlns="http://www.garmin.com/xmlschemas/ActivityExtension/v2">
      <nax:Nax>
      <nax:AscentInMeters>
      0.05020904541015625
    </nax:AscentInMeters>
    </nax:Nax>
    </TPX>
    </Extensions>
    </Trackpoint>
<Trackpoint>
      <Time>
      2025-09-06T16:20:12.478Z
    </Time><SensorState>
      Present
    </SensorState><Extensions>
      <TPX xmlns="http://www.garmin.com/xmlschemas/ActivityExtension/v2">
      <ns3:Speed>
      2.598942412406152
    </ns3:Speed><nax:Nax>
      <nax:Pace>
      6.412864935793763
    </nax:Pace>
    </nax:Nax>
    </TPX>
    </Extensions>
    </Trackpoint>
<Trackpoint>
      <Time>
      2025-09-06T16:20:12.479Z
    </Time><DistanceMeters>
      6.141061740927398
    </DistanceMeters><Cadence>
      165.02720832824707
    </Cadence><SensorState>
      Present
    </SensorState>
    </Trackpoint>
<Trackpoint>
      <Time>
      2025-09-06T16:20:12.987Z
    </Time><SensorState>
      Present
    </SensorState><Extensions>
      <TPX xmlns="http://www.garmin.com/xmlschemas/ActivityExtension/v2">
      <nax:Nax>
      <nax:AscentInMeters>
      0.04491424560546875
    </nax:AscentInMeters>
    </nax:Nax>
    </TPX>
    </Extensions>
    </Trackpoint>
<Trackpoint>
      <Time>
      2025-09-06T16:20:14.046Z
    </Time><SensorState>
      Present
    </SensorState><Extensions>
      <TPX xmlns="http://www.garmin.com/xmlschemas/ActivityExtension/v2">
      <nax:Nax>
      <nax:AscentInMeters>
      0.05284881591796875
    </nax:AscentInMeters>
    </nax:Nax>
    </TPX>
    </Extensions>
    </Trackpoint>
<Trackpoint>
      <Time>
      2025-09-06T16:20:15.000Z
    </Time><Position>
      <LatitudeDegrees>
      47.612792791555606
    </LatitudeDegrees><LongitudeDegrees>
      -122.2891055207461
    </LongitudeDegrees>
    </Position><AltitudeMeters>
      98.65617548767477
    </AltitudeMeters><SensorState>
      Present
    </SensorState>
    </Trackpoint>
<Trackpoint>
      <Time>
      2025-09-06T16:20:15.033Z
    </Time><SensorState>
      Present
    </SensorState><Extensions>
      <TPX xmlns="http://www.garmin.com/xmlschemas/ActivityExtension/v2">
      <ns3:Speed>
      2.5909868789970254
    </ns3:Speed><nax:Nax>
      <nax:Pace>
      6.432555410360996
    </nax:Pace>
    </nax:Nax>
    </TPX>
    </Extensions>
    </Trackpoint>
<Trackpoint>
      <Time>
      2025-09-06T16:20:15.034Z
    </Time><DistanceMeters>
      6.046196157112718
    </DistanceMeters><Cadence>
      165.60762405395508
    </Cadence><SensorState>
      Present
    </SensorState>
    </Trackpoint>
<Trackpoint>
      <Time>
      2025-09-06T16:20:15.106Z
    </Time><SensorState>
      Present
    </SensorState><Extensions>
      <TPX xmlns="http://www.garmin.com/xmlschemas/ActivityExtension/v2">
      <nax:Nax>
      <nax:AscentInMeters>
      0.050201416015625
    </nax:AscentInMeters>
    </nax:Nax>
    </TPX>
    </Extensions>
    </Trackpoint>
<Trackpoint>
      <Time>
      2025-09-06T16:20:16.166Z
    </Time><SensorState>
      Present
    </SensorState><Extensions>
      <TPX xmlns="http://www.garmin.com/xmlschemas/ActivityExtension/v2">
      <nax:Nax>
      <nax:AscentInMeters>
      0.02378082275390625
    </nax:AscentInMeters>
    </nax:Nax>
    </TPX>
    </Extensions>
    </Trackpoint>
<Trackpoint>
      <Time>
      2025-09-06T16:20:17.225Z
    </Time><SensorState>
      Present
    </SensorState><Extensions>
      <TPX xmlns="http://www.garmin.com/xmlschemas/ActivityExtension/v2">
      <nax:Nax>
      <nax:AscentInMeters>
      0.01850128173828125
    </nax:AscentInMeters>
    </nax:Nax>
    </TPX>
    </Extensions>
    </Trackpoint>
<Trackpoint>
      <Time>
      2025-09-06T16:20:17.588Z
    </Time><SensorState>
      Present
    </SensorState><Extensions>
      <TPX xmlns="http://www.garmin.com/xmlschemas/ActivityExtension/v2">
      <ns3:Speed>
      2.5837509901582596
    </ns3:Speed><nax:Nax>
      <nax:Pace>
      6.45057001628698
    </nax:Pace>
    </nax:Nax>
    </TPX>
    </Extensions>
    </Trackpoint>
<Trackpoint>
      <Time>
      2025-09-06T16:20:17.589Z
    </Time><DistanceMeters>
      6.275015611201525
    </DistanceMeters><Cadence>
      165.73721408843994
    </Cadence><SensorState>
      Present
    </SensorState>
    </Trackpoint>
<Trackpoint>
      <Time>
      2025-09-06T16:20:18.286Z
    </Time><SensorState>
      Present
    </SensorState><Extensions>
      <TPX xmlns="http://www.garmin.com/xmlschemas/ActivityExtension/v2">
      <nax:Nax>
      <nax:AscentInMeters>
      0.0369873046875
    </nax:AscentInMeters>
    </nax:Nax>
    </TPX>
    </Extensions>
    </Trackpoint>
<Trackpoint>
      <Time>
      2025-09-06T16:20:19.000Z
    </Time><Position>
      <LatitudeDegrees>
      47.61277797863114
    </LatitudeDegrees><LongitudeDegrees>
      -122.28924025259937
    </LongitudeDegrees>
    </Position><AltitudeMeters>
      98.3104867497459
    </AltitudeMeters><SensorState>
      Present
    </SensorState>
    </Trackpoint>
<Trackpoint>
      <Time>
      2025-09-06T16:20:19.345Z
    </Time><SensorState>
      Present
    </SensorState><Extensions>
      <TPX xmlns="http://www.garmin.com/xmlschemas/ActivityExtension/v2">
      <nax:Nax>
      <nax:AscentInMeters>
      0.02378082275390625
    </nax:AscentInMeters>
    </nax:Nax>
    </TPX>
    </Extensions>
    </Trackpoint>
<Trackpoint>
      <Time>
      2025-09-06T16:20:20.143Z
    </Time><SensorState>
      Present
    </SensorState><Extensions>
      <TPX xmlns="http://www.garmin.com/xmlschemas/ActivityExtension/v2">
      <ns3:Speed>
      2.576963963739246
    </ns3:Speed><nax:Nax>
      <nax:Pace>
      6.467559073850172
    </nax:Pace>
    </nax:Nax>
    </TPX>
    </Extensions>
    </Trackpoint>
<Trackpoint>
      <Time>
      2025-09-06T16:20:20.144Z
    </Time><DistanceMeters>
      4.41140844207257
    </DistanceMeters><Cadence>
      166.068434715271
    </Cadence><SensorState>
      Present
    </SensorState>
    </Trackpoint>
<Trackpoint>
      <Time>
      2025-09-06T16:20:20.405Z
    </Time><SensorState>
      Present
    </SensorState><Extensions>
      <TPX xmlns="http://www.garmin.com/xmlschemas/ActivityExtension/v2">
      <nax:Nax>
      <nax:AscentInMeters>
      0.044921875
    </nax:AscentInMeters>
    </nax:Nax>
    </TPX>
    </Extensions>
    </Trackpoint>
<Trackpoint>
      <Time>
      2025-09-06T16:20:21.000Z
    </Time><SensorState>
      Present
    </SensorState><Extensions>
      <TPX xmlns="http://www.garmin.com/xmlschemas/ActivityExtension/v2">
      <nax:Nax>
      <nax:NikeFuel>
      6.689944314869727
    </nax:NikeFuel>
    </nax:Nax>
    </TPX>
    </Extensions>
    </Trackpoint>
<Trackpoint>
      <Time>
      2025-09-06T16:20:21.465Z
    </Time><SensorState>
      Present
    </SensorState><Extensions>
      <TPX xmlns="http://www.garmin.com/xmlschemas/ActivityExtension/v2">
      <nax:Nax>
      <nax:AscentInMeters>
      0.013214111328125
    </nax:AscentInMeters>
    </nax:Nax>
    </TPX>
    </Extensions>
    </Trackpoint>
<Trackpoint>
      <Time>
      2025-09-06T16:20:22.525Z
    </Time><SensorState>
      Present
    </SensorState><Extensions>
      <TPX xmlns="http://www.garmin.com/xmlschemas/ActivityExtension/v2">
      <nax:Nax>
      <nax:AscentInMeters>
      0.0343475341796875
    </nax:AscentInMeters>
    </nax:Nax>
    </TPX>
    </Extensions>
    </Trackpoint>
<Trackpoint>
      <Time>
      2025-09-06T16:20:22.699Z
    </Time><DistanceMeters>
      5.457875644322485
    </DistanceMeters><SensorState>
      Present
    </SensorState><Extensions>
      <TPX xmlns="http://www.garmin.com/xmlschemas/ActivityExtension/v2">
      <ns3:Speed>
      2.5688875798660216
    </ns3:Speed><nax:Nax>
      <nax:Pace>
      6.487892579377064
    </nax:Pace>
    </nax:Nax>
    </TPX>
    </Extensions>
    </Trackpoint>
<Trackpoint>
      <Time>
      2025-09-06T16:20:22.700Z
    </Time><Cadence>
      166.2625551223755
    </Cadence><SensorState>
      Present
    </SensorState>
    </Trackpoint>
<Trackpoint>
      <Time>
      2025-09-06T16:20:23.585Z
    </Time><SensorState>
      Present
    </SensorState><Extensions>
      <TPX xmlns="http://www.garmin.com/xmlschemas/ActivityExtension/v2">
      <nax:Nax>
      <nax:AscentInMeters>
      0.0158538818359375
    </nax:AscentInMeters>
    </nax:Nax>
    </TPX>
    </Extensions>
    </Trackpoint>
<Trackpoint>
      <Time>
      2025-09-06T16:20:24.644Z
    </Time><SensorState>
      Present
    </SensorState><Extensions>
      <TPX xmlns="http://www.garmin.com/xmlschemas/ActivityExtension/v2">
      <nax:Nax>
      <nax:AscentInMeters>
      0.00792694091796875
    </nax:AscentInMeters>
    </nax:Nax>
    </TPX>
    </Extensions>
    </Trackpoint>
<Trackpoint>
      <Time>
      2025-09-06T16:20:25.000Z
    </Time><Position>
      <LatitudeDegrees>
      47.61275237368283
    </LatitudeDegrees><LongitudeDegrees>
      -122.28938622056155
    </LongitudeDegrees>
    </Position><AltitudeMeters>
      98.47177949454635
    </AltitudeMeters><SensorState>
      Present
    </SensorState>
    </Trackpoint>
<Trackpoint>
      <Time>
      2025-09-06T16:20:25.254Z
    </Time><SensorState>
      Present
    </SensorState><Extensions>
      <TPX xmlns="http://www.garmin.com/xmlschemas/ActivityExtension/v2">
      <ns3:Speed>
      2.5611892760027546
    </ns3:Speed><nax:Nax>
      <nax:Pace>
      6.507393585794767
    </nax:Pace>
    </nax:Nax>
    </TPX>
    </Extensions>
    </Trackpoint>
<Trackpoint>
      <Time>
      2025-09-06T16:20:25.255Z
    </Time><DistanceMeters>
      5.041479526320472
    </DistanceMeters><Cadence>
      166.32740020751953
    </Cadence><SensorState>
      Present
    </SensorState>
    </Trackpoint>
<Trackpoint>
      <Time>
      2025-09-06T16:20:25.704Z
    </Time><SensorState>
      Present
    </SensorState><Extensions>
      <TPX xmlns="http://www.garmin.com/xmlschemas/ActivityExtension/v2">
      <nax:Nax>
      <nax:AscentInMeters>
      0.0026397705078125
    </nax:AscentInMeters>
    </nax:Nax>
    </TPX>
    </Extensions>
    </Trackpoint>
<Trackpoint>
      <Time>
      2025-09-06T16:20:26.764Z
    </Time><SensorState>
      Present
    </SensorState><Extensions>
      <TPX xmlns="http://www.garmin.com/xmlschemas/ActivityExtension/v2">
      <nax:Nax>
      <nax:AscentInMeters>
      0.0290679931640625
    </nax:AscentInMeters>
    </nax:Nax>
    </TPX>
    </Extensions>
    </Trackpoint>
<Trackpoint>
      <Time>
      2025-09-06T16:20:27.809Z
    </Time><SensorState>
      Present
    </SensorState><Extensions>
      <TPX xmlns="http://www.garmin.com/xmlschemas/ActivityExtension/v2">
      <ns3:Speed>
      2.551681101889556
    </ns3:Speed><nax:Nax>
      <nax:Pace>
      6.531641690775842
    </nax:Pace>
    </nax:Nax>
    </TPX>
    </Extensions>
    </Trackpoint>
<Trackpoint>
      <Time>
      2025-09-06T16:20:27.810Z
    </Time><DistanceMeters>
      4.777679838007316
    </DistanceMeters><Cadence>
      166.1332368850708
    </Cadence><SensorState>
      Present
    </SensorState>
    </Trackpoint>
<Trackpoint>
      <Time>
      2025-09-06T16:20:28.883Z
    </Time><SensorState>
      Present
    </SensorState><Extensions>
      <TPX xmlns="http://www.garmin.com/xmlschemas/ActivityExtension/v2">
      <nax:Nax>
      <nax:AscentInMeters>
      0.0343475341796875
    </nax:AscentInMeters>
    </nax:Nax>
    </TPX>
    </Extensions>
    </Trackpoint>
<Trackpoint>
      <Time>
      2025-09-06T16:20:29.944Z
    </Time><SensorState>
      Present
    </SensorState><Extensions>
      <TPX xmlns="http://www.garmin.com/xmlschemas/ActivityExtension/v2">
      <nax:Nax>
      <nax:AscentInMeters>
      0.05548858642578125
    </nax:AscentInMeters>
    </nax:Nax>
    </TPX>
    </Extensions>
    </Trackpoint>
<Trackpoint>
      <Time>
      2025-09-06T16:20:29.999Z
    </Time><Position>
      <LatitudeDegrees>
      47.612661272319045
    </LatitudeDegrees><LongitudeDegrees>
      -122.28940285275934
    </LongitudeDegrees>
    </Position><AltitudeMeters>
      99.78992591705173
    </AltitudeMeters><SensorState>
      Present
    </SensorState>
    </Trackpoint>
<Trackpoint>
      <Time>
      2025-09-06T16:20:30.364Z
    </Time><SensorState>
      Present
    </SensorState><Extensions>
      <TPX xmlns="http://www.garmin.com/xmlschemas/ActivityExtension/v2">
      <ns3:Speed>
      2.5410851410821533
    </ns3:Speed><nax:Nax>
      <nax:Pace>
      6.558877700402023
    </nax:Pace>
    </nax:Nax>
    </TPX>
    </Extensions>
    </Trackpoint>
<Trackpoint>
      <Time>
      2025-09-06T16:20:30.365Z
    </Time><DistanceMeters>
      5.073515369556844
    </DistanceMeters><Cadence>
      165.9395170211792
    </Cadence><SensorState>
      Present
    </SensorState>
    </Trackpoint>
<Trackpoint>
      <Time>
      2025-09-06T16:20:31.000Z
    </Time><SensorState>
      Present
    </SensorState><Extensions>
      <TPX xmlns="http://www.garmin.com/xmlschemas/ActivityExtension/v2">
      <nax:Nax>
      <nax:NikeFuel>
      6.585905996296462
    </nax:NikeFuel>
    </nax:Nax>
    </TPX>
    </Extensions>
    </Trackpoint>
<Trackpoint>
      <Time>
      2025-09-06T16:20:31.003Z
    </Time><SensorState>
      Present
    </SensorState><Extensions>
      <TPX xmlns="http://www.garmin.com/xmlschemas/ActivityExtension/v2">
      <nax:Nax>
      <nax:AscentInMeters>
      0.0739898681640625
    </nax:AscentInMeters>
    </nax:Nax>
    </TPX>
    </Extensions>
    </Trackpoint>
<Trackpoint>
      <Time>
      2025-09-06T16:20:32.063Z
    </Time><SensorState>
      Present
    </SensorState><Extensions>
      <TPX xmlns="http://www.garmin.com/xmlschemas/ActivityExtension/v2">
      <nax:Nax>
      <nax:AscentInMeters>
      0.08719635009765625
    </nax:AscentInMeters>
    </nax:Nax>
    </TPX>
    </Extensions>
    </Trackpoint>
<Trackpoint>
      <Time>
      2025-09-06T16:20:32.920Z
    </Time><SensorState>
      Present
    </SensorState><Extensions>
      <TPX xmlns="http://www.garmin.com/xmlschemas/ActivityExtension/v2">
      <ns3:Speed>
      2.529341364796748
    </ns3:Speed><nax:Nax>
      <nax:Pace>
      6.58933068451437
    </nax:Pace>
    </nax:Nax>
    </TPX>
    </Extensions>
    </Trackpoint>
<Trackpoint>
      <Time>
      2025-09-06T16:20:32.921Z
    </Time><DistanceMeters>
      5.40153068699874
    </DistanceMeters><Cadence>
      165.61763763427734
    </Cadence><SensorState>
      Present
    </SensorState>
    </Trackpoint>
<Trackpoint>
      <Time>
      2025-09-06T16:20:33.123Z
    </Time><SensorState>
      Present
    </SensorState><Extensions>
      <TPX xmlns="http://www.garmin.com/xmlschemas/ActivityExtension/v2">
      <nax:Nax>
      <nax:AscentInMeters>
      0.04491424560546875
    </nax:AscentInMeters>
    </nax:Nax>
    </TPX>
    </Extensions>
    </Trackpoint>
<Trackpoint>
      <Time>
      2025-09-06T16:20:34.183Z
    </Time><SensorState>
      Present
    </SensorState><Extensions>
      <TPX xmlns="http://www.garmin.com/xmlschemas/ActivityExtension/v2">
      <nax:Nax>
      <nax:AscentInMeters>
      0.03699493408203125
    </nax:AscentInMeters>
    </nax:Nax>
    </TPX>
    </Extensions>
    </Trackpoint>
<Trackpoint>
      <Time>
      2025-09-06T16:20:34.999Z
    </Time><Position>
      <LatitudeDegrees>
      47.6125690876311
    </LatitudeDegrees><LongitudeDegrees>
      -122.28939417787325
    </LongitudeDegrees>
    </Position><AltitudeMeters>
      99.07165562175214
    </AltitudeMeters><SensorState>
      Present
    </SensorState>
    </Trackpoint>
<Trackpoint>
      <Time>
      2025-09-06T16:20:35.243Z
    </Time><SensorState>
      Present
    </SensorState><Extensions>
      <TPX xmlns="http://www.garmin.com/xmlschemas/ActivityExtension/v2">
      <nax:Nax>
      <nax:AscentInMeters>
      0.06870269775390625
    </nax:AscentInMeters>
    </nax:Nax>
    </TPX>
    </Extensions>
    </Trackpoint>
<Trackpoint>
      <Time>
      2025-09-06T16:20:35.475Z
    </Time><DistanceMeters>
      5.042148438282311
    </DistanceMeters><SensorState>
      Present
    </SensorState><Extensions>
      <TPX xmlns="http://www.garmin.com/xmlschemas/ActivityExtension/v2">
      <ns3:Speed>
      2.5186590349356286
    </ns3:Speed><nax:Nax>
      <nax:Pace>
      6.617277859165494
    </nax:Pace>
    </nax:Nax>
    </TPX>
    </Extensions>
    </Trackpoint>
<Trackpoint>
      <Time>
      2025-09-06T16:20:35.476Z
    </Time><Cadence>
      165.48924922943115
    </Cadence><SensorState>
      Present
    </SensorState>
    </Trackpoint>
<Trackpoint>
      <Time>
      2025-09-06T16:20:36.302Z
    </Time><SensorState>
      Present
    </SensorState><Extensions>
      <TPX xmlns="http://www.garmin.com/xmlschemas/ActivityExtension/v2">
      <nax:Nax>
      <nax:AscentInMeters>
      0.0660552978515625
    </nax:AscentInMeters>
    </nax:Nax>
    </TPX>
    </Extensions>
    </Trackpoint>
<Trackpoint>
      <Time>
      2025-09-06T16:20:37.362Z
    </Time><SensorState>
      Present
    </SensorState><Extensions>
      <TPX xmlns="http://www.garmin.com/xmlschemas/ActivityExtension/v2">
      <nax:Nax>
      <nax:AscentInMeters>
      0.05284881591796875
    </nax:AscentInMeters>
    </nax:Nax>
    </TPX>
    </Extensions>
    </Trackpoint>
<Trackpoint>
      <Time>
      2025-09-06T16:20:38.030Z
    </Time><SensorState>
      Present
    </SensorState><Extensions>
      <TPX xmlns="http://www.garmin.com/xmlschemas/ActivityExtension/v2">
      <ns3:Speed>
      2.5071344855919078
    </ns3:Speed><nax:Nax>
      <nax:Pace>
      6.647695511528112
    </nax:Pace>
    </nax:Nax>
    </TPX>
    </Extensions>
    </Trackpoint>
<Trackpoint>
      <Time>
      2025-09-06T16:20:38.031Z
    </Time><DistanceMeters>
      5.825814536307007
    </DistanceMeters><Cadence>
      165.48924922943115
    </Cadence><SensorState>
      Present
    </SensorState>
    </Trackpoint>
<Trackpoint>
      <Time>
      2025-09-06T16:20:38.422Z
    </Time><SensorState>
      Present
    </SensorState><Extensions>
      <TPX xmlns="http://www.garmin.com/xmlschemas/ActivityExtension/v2">
      <nax:Nax>
      <nax:AscentInMeters>
      0.03699493408203125
    </nax:AscentInMeters>
    </nax:Nax>
    </TPX>
    </Extensions>
    </Trackpoint>
<Trackpoint>
      <Time>
      2025-09-06T16:20:39.481Z
    </Time><SensorState>
      Present
    </SensorState><Extensions>
      <TPX xmlns="http://www.garmin.com/xmlschemas/ActivityExtension/v2">
      <nax:Nax>
      <nax:AscentInMeters>
      0.03963470458984375
    </nax:AscentInMeters>
    </nax:Nax>
    </TPX>
    </Extensions>
    </Trackpoint>
<Trackpoint>
      <Time>
      2025-09-06T16:20:39.999Z
    </Time><Position>
      <LatitudeDegrees>
      47.61246542364329
    </LatitudeDegrees><LongitudeDegrees>
      -122.2894019995734
    </LongitudeDegrees>
    </Position><AltitudeMeters>
      99.17464960832149
    </AltitudeMeters><SensorState>
      Present
    </SensorState>
    </Trackpoint>
<Trackpoint>
      <Time>
      2025-09-06T16:20:40.541Z
    </Time><SensorState>
      Present
    </SensorState><Extensions>
      <TPX xmlns="http://www.garmin.com/xmlschemas/ActivityExtension/v2">
      <nax:Nax>
      <nax:AscentInMeters>
      0.0528411865234375
    </nax:AscentInMeters>
    </nax:Nax>
    </TPX>
    </Extensions>
    </Trackpoint>
<Trackpoint>
      <Time>
      2025-09-06T16:20:40.585Z
    </Time><SensorState>
      Present
    </SensorState><Extensions>
      <TPX xmlns="http://www.garmin.com/xmlschemas/ActivityExtension/v2">
      <ns3:Speed>
      2.496662889104751
    </ns3:Speed><nax:Nax>
      <nax:Pace>
      6.6755775236611825
    </nax:Pace>
    </nax:Nax>
    </TPX>
    </Extensions>
    </Trackpoint>
<Trackpoint>
      <Time>
      2025-09-06T16:20:40.586Z
    </Time><DistanceMeters>
      6.546096952166408
    </DistanceMeters><Cadence>
      165.478777885437
    </Cadence><SensorState>
      Present
    </SensorState>
    </Trackpoint>
<Trackpoint>
      <Time>
      2025-09-06T16:20:41.000Z
    </Time><SensorState>
      Present
    </SensorState><Extensions>
      <TPX xmlns="http://www.garmin.com/xmlschemas/ActivityExtension/v2">
      <nax:Nax>
      <nax:NikeFuel>
      6.4967996678553135
    </nax:NikeFuel>
    </nax:Nax>
    </TPX>
    </Extensions>
    </Trackpoint>
<Trackpoint>
      <Time>
      2025-09-06T16:20:41.600Z
    </Time><SensorState>
      Present
    </SensorState><Extensions>
      <TPX xmlns="http://www.garmin.com/xmlschemas/ActivityExtension/v2">
      <nax:Nax>
      <nax:AscentInMeters>
      0.031707763671875
    </nax:AscentInMeters>
    </nax:Nax>
    </TPX>
    </Extensions>
    </Trackpoint>
<Trackpoint>
      <Time>
      2025-09-06T16:20:42.661Z
    </Time><SensorState>
      Present
    </SensorState><Extensions>
      <TPX xmlns="http://www.garmin.com/xmlschemas/ActivityExtension/v2">
      <nax:Nax>
      <nax:AscentInMeters>
      0.05548858642578125
    </nax:AscentInMeters>
    </nax:Nax>
    </TPX>
    </Extensions>
    </Trackpoint>
<Trackpoint>
      <Time>
      2025-09-06T16:20:43.140Z
    </Time><SensorState>
      Present
    </SensorState><Extensions>
      <TPX xmlns="http://www.garmin.com/xmlschemas/ActivityExtension/v2">
      <ns3:Speed>
      2.4875168042418982
    </ns3:Speed><nax:Nax>
      <nax:Pace>
      6.700122241685134
    </nax:Pace>
    </nax:Nax>
    </TPX>
    </Extensions>
    </Trackpoint>
<Trackpoint>
      <Time>
      2025-09-06T16:20:43.141Z
    </Time><DistanceMeters>
      7.108700616285205
    </DistanceMeters><Cadence>
      165.1563835144043
    </Cadence><SensorState>
      Present
    </SensorState>
    </Trackpoint>
<Trackpoint>
      <Time>
      2025-09-06T16:20:43.720Z
    </Time><SensorState>
      Present
    </SensorState><Extensions>
      <TPX xmlns="http://www.garmin.com/xmlschemas/ActivityExtension/v2">
      <nax:Nax>
      <nax:AscentInMeters>
      0.0607757568359375
    </nax:AscentInMeters>
    </nax:Nax>
    </TPX>
    </Extensions>
    </Trackpoint>
<Trackpoint>
      <Time>
      2025-09-06T16:20:43.999Z
    </Time><Position>
      <LatitudeDegrees>
      47.61236912197534
    </LatitudeDegrees><LongitudeDegrees>
      -122.28939700288775
    </LongitudeDegrees>
    </Position><AltitudeMeters>
      99.12084094528109
    </AltitudeMeters><SensorState>
      Present
    </SensorState>
    </Trackpoint>
<Trackpoint>
      <Time>
      2025-09-06T16:20:44.780Z
    </Time><SensorState>
      Present
    </SensorState><Extensions>
      <TPX xmlns="http://www.garmin.com/xmlschemas/ActivityExtension/v2">
      <nax:Nax>
      <nax:AscentInMeters>
      0.07398223876953125
    </nax:AscentInMeters>
    </nax:Nax>
    </TPX>
    </Extensions>
    </Trackpoint>
<Trackpoint>
      <Time>
      2025-09-06T16:20:45.696Z
    </Time><SensorState>
      Present
    </SensorState><Extensions>
      <TPX xmlns="http://www.garmin.com/xmlschemas/ActivityExtension/v2">
      <ns3:Speed>
      2.479449529175338
    </ns3:Speed><nax:Nax>
      <nax:Pace>
      6.7219221325347895
    </nax:Pace>
    </nax:Nax>
    </TPX>
    </Extensions>
    </Trackpoint>
<Trackpoint>
      <Time>
      2025-09-06T16:20:45.697Z
    </Time><DistanceMeters>
      7.049859191523865
    </DistanceMeters><Cadence>
      164.89937782287598
    </Cadence><SensorState>
      Present
    </SensorState>
    </Trackpoint>
<Trackpoint>
      <Time>
      2025-09-06T16:20:45.840Z
    </Time><SensorState>
      Present
    </SensorState><Extensions>
      <TPX xmlns="http://www.garmin.com/xmlschemas/ActivityExtension/v2">
      <nax:Nax>
      <nax:AscentInMeters>
      0.0290679931640625
    </nax:AscentInMeters>
    </nax:Nax>
    </TPX>
    </Extensions>
    </Trackpoint>
<Trackpoint>
      <Time>
      2025-09-06T16:20:46.900Z
    </Time><SensorState>
      Present
    </SensorState><Extensions>
      <TPX xmlns="http://www.garmin.com/xmlschemas/ActivityExtension/v2">
      <nax:Nax>
      <nax:AscentInMeters>
      0.05284881591796875
    </nax:AscentInMeters>
    </nax:Nax>
    </TPX>
    </Extensions>
    </Trackpoint>
<Trackpoint>
      <Time>
      2025-09-06T16:20:47.959Z
    </Time><SensorState>
      Present
    </SensorState><Extensions>
      <TPX xmlns="http://www.garmin.com/xmlschemas/ActivityExtension/v2">
      <nax:Nax>
      <nax:AscentInMeters>
      0.07398223876953125
    </nax:AscentInMeters>
    </nax:Nax>
    </TPX>
    </Extensions>
    </Trackpoint>
<Trackpoint>
      <Time>
      2025-09-06T16:20:47.999Z
    </Time><Position>
      <LatitudeDegrees>
      47.61227284927388
    </LatitudeDegrees><LongitudeDegrees>
      -122.28940176227349
    </LongitudeDegrees>
    </Position><AltitudeMeters>
      100.18845635652542
    </AltitudeMeters><SensorState>
      Present
    </SensorState>
    </Trackpoint>
<Trackpoint>
      <Time>
      2025-09-06T16:20:48.251Z
    </Time><DistanceMeters>
      6.631831845501438
    </DistanceMeters><SensorState>
      Present
    </SensorState><Extensions>
      <TPX xmlns="http://www.garmin.com/xmlschemas/ActivityExtension/v2">
      <ns3:Speed>
      2.471795061466063
    </ns3:Speed><nax:Nax>
      <nax:Pace>
      6.7427380718130365
    </nax:Pace>
    </nax:Nax>
    </TPX>
    </Extensions>
    </Trackpoint>
<Trackpoint>
      <Time>
      2025-09-06T16:20:48.252Z
    </Time><Cadence>
      165.09212493896484
    </Cadence><SensorState>
      Present
    </SensorState>
    </Trackpoint>
<Trackpoint>
      <Time>
      2025-09-06T16:20:49.019Z
    </Time><SensorState>
      Present
    </SensorState><Extensions>
      <TPX xmlns="http://www.garmin.com/xmlschemas/ActivityExtension/v2">
      <nax:Nax>
      <nax:AscentInMeters>
      0.08719635009765625
    </nax:AscentInMeters>
    </nax:Nax>
    </TPX>
    </Extensions>
    </Trackpoint>
<Trackpoint>
      <Time>
      2025-09-06T16:20:50.079Z
    </Time><SensorState>
      Present
    </SensorState><Extensions>
      <TPX xmlns="http://www.garmin.com/xmlschemas/ActivityExtension/v2">
      <nax:Nax>
      <nax:AscentInMeters>
      0.0607757568359375
    </nax:AscentInMeters>
    </nax:Nax>
    </TPX>
    </Extensions>
    </Trackpoint>
<Trackpoint>
      <Time>
      2025-09-06T16:20:50.806Z
    </Time><SensorState>
      Present
    </SensorState><Extensions>
      <TPX xmlns="http://www.garmin.com/xmlschemas/ActivityExtension/v2">
      <ns3:Speed>
      2.4665401552281883
    </ns3:Speed><nax:Nax>
      <nax:Pace>
      6.757103317916499
    </nax:Pace>
    </nax:Nax>
    </TPX>
    </Extensions>
    </Trackpoint>
<Trackpoint>
      <Time>
      2025-09-06T16:20:50.807Z
    </Time><DistanceMeters>
      6.382313349517062
    </DistanceMeters><Cadence>
      164.96365070343018
    </Cadence><SensorState>
      Present
    </SensorState>
    </Trackpoint>
<Trackpoint>
      <Time>
      2025-09-06T16:20:51.000Z
    </Time><SensorState>
      Present
    </SensorState><Extensions>
      <TPX xmlns="http://www.garmin.com/xmlschemas/ActivityExtension/v2">
      <nax:Nax>
      <nax:NikeFuel>
      6.446530929303947
    </nax:NikeFuel>
    </nax:Nax>
    </TPX>
    </Extensions>
    </Trackpoint>
<Trackpoint>
      <Time>
      2025-09-06T16:20:51.138Z
    </Time><SensorState>
      Present
    </SensorState><Extensions>
      <TPX xmlns="http://www.garmin.com/xmlschemas/ActivityExtension/v2">
      <nax:Nax>
      <nax:AscentInMeters>
      0.068695068359375
    </nax:AscentInMeters>
    </nax:Nax>
    </TPX>
    </Extensions>
    </Trackpoint>
<Trackpoint>
      <Time>
      2025-09-06T16:20:51.999Z
    </Time><Position>
      <LatitudeDegrees>
      47.61218179681093
    </LatitudeDegrees><LongitudeDegrees>
      -122.28939712274105
    </LongitudeDegrees>
    </Position><AltitudeMeters>
      100.53248566947877
    </AltitudeMeters><SensorState>
      Present
    </SensorState>
    </Trackpoint>
<Trackpoint>
      <Time>
      2025-09-06T16:20:52.198Z
    </Time><SensorState>
      Present
    </SensorState><Extensions>
      <TPX xmlns="http://www.garmin.com/xmlschemas/ActivityExtension/v2">
      <nax:Nax>
      <nax:AscentInMeters>
      0.0475616455078125
    </nax:AscentInMeters>
    </nax:Nax>
    </TPX>
    </Extensions>
    </Trackpoint>
<Trackpoint>
      <Time>
      2025-09-06T16:20:53.258Z
    </Time><SensorState>
      Present
    </SensorState><Extensions>
      <TPX xmlns="http://www.garmin.com/xmlschemas/ActivityExtension/v2">
      <nax:Nax>
      <nax:AscentInMeters>
      0.05020904541015625
    </nax:AscentInMeters>
    </nax:Nax>
    </TPX>
    </Extensions>
    </Trackpoint>
<Trackpoint>
      <Time>
      2025-09-06T16:20:53.361Z
    </Time><SensorState>
      Present
    </SensorState><Extensions>
      <TPX xmlns="http://www.garmin.com/xmlschemas/ActivityExtension/v2">
      <ns3:Speed>
      2.4606362960889827
    </ns3:Speed><nax:Nax>
      <nax:Pace>
      6.773315785497118
    </nax:Pace>
    </nax:Nax>
    </TPX>
    </Extensions>
    </Trackpoint>
<Trackpoint>
      <Time>
      2025-09-06T16:20:53.362Z
    </Time><DistanceMeters>
      6.823830047389492
    </DistanceMeters><Cadence>
      164.8994779586792
    </Cadence><SensorState>
      Present
    </SensorState>
    </Trackpoint>
<Trackpoint>
      <Time>
      2025-09-06T16:20:54.317Z
    </Time><SensorState>
      Present
    </SensorState><Extensions>
      <TPX xmlns="http://www.garmin.com/xmlschemas/ActivityExtension/v2">
      <nax:Nax>
      <nax:AscentInMeters>
      0.04491424560546875
    </nax:AscentInMeters>
    </nax:Nax>
    </TPX>
    </Extensions>
    </Trackpoint>
<Trackpoint>
      <Time>
      2025-09-06T16:20:55.376Z
    </Time><SensorState>
      Present
    </SensorState><Extensions>
      <TPX xmlns="http://www.garmin.com/xmlschemas/ActivityExtension/v2">
      <nax:Nax>
      <nax:AscentInMeters>
      0.058135986328125
    </nax:AscentInMeters>
    </nax:Nax>
    </TPX>
    </Extensions>
    </Trackpoint>
<Trackpoint>
      <Time>
      2025-09-06T16:20:55.916Z
    </Time><DistanceMeters>
      6.337320423917845
    </DistanceMeters><SensorState>
      Present
    </SensorState><Extensions>
      <TPX xmlns="http://www.garmin.com/xmlschemas/ActivityExtension/v2">
      <ns3:Speed>
      2.4556804505801075
    </ns3:Speed><nax:Nax>
      <nax:Pace>
      6.786985115563177
    </nax:Pace>
    </nax:Nax>
    </TPX>
    </Extensions>
    </Trackpoint>
<Trackpoint>
      <Time>
      2025-09-06T16:20:55.917Z
    </Time><Cadence>
      164.57934379577637
    </Cadence><SensorState>
      Present
    </SensorState>
    </Trackpoint>
<Trackpoint>
      <Time>
      2025-09-06T16:20:55.999Z
    </Time><Position>
      <LatitudeDegrees>
      47.61208477106028
    </LatitudeDegrees><LongitudeDegrees>
      -122.2894104073765
    </LongitudeDegrees>
    </Position><AltitudeMeters>
      100.26545646972954
    </AltitudeMeters><SensorState>
      Present
    </SensorState>
    </Trackpoint>
<Trackpoint>
      <Time>
      2025-09-06T16:20:56.437Z
    </Time><SensorState>
      Present
    </SensorState><Extensions>
      <TPX xmlns="http://www.garmin.com/xmlschemas/ActivityExtension/v2">
      <nax:Nax>
      <nax:AscentInMeters>
      0.07134246826171875
    </nax:AscentInMeters>
    </nax:Nax>
    </TPX>
    </Extensions>
    </Trackpoint>
<Trackpoint>
      <Time>
      2025-09-06T16:20:57.497Z
    </Time><SensorState>
      Present
    </SensorState><Extensions>
      <TPX xmlns="http://www.garmin.com/xmlschemas/ActivityExtension/v2">
      <nax:Nax>
      <nax:AscentInMeters>
      0.08455657958984375
    </nax:AscentInMeters>
    </nax:Nax>
    </TPX>
    </Extensions>
    </Trackpoint>
<Trackpoint>
      <Time>
      2025-09-06T16:20:58.472Z
    </Time><SensorState>
      Present
    </SensorState><Extensions>
      <TPX xmlns="http://www.garmin.com/xmlschemas/ActivityExtension/v2">
      <ns3:Speed>
      2.4506757678857136
    </ns3:Speed><nax:Nax>
      <nax:Pace>
      6.800845254631787
    </nax:Pace>
    </nax:Nax>
    </TPX>
    </Extensions>
    </Trackpoint>
<Trackpoint>
      <Time>
      2025-09-06T16:20:58.473Z
    </Time><DistanceMeters>
      5.774975977605209
    </DistanceMeters><Cadence>
      164.49811935424805
    </Cadence><SensorState>
      Present
    </SensorState>
    </Trackpoint>
<Trackpoint>
      <Time>
      2025-09-06T16:20:58.556Z
    </Time><SensorState>
      Present
    </SensorState><Extensions>
      <TPX xmlns="http://www.garmin.com/xmlschemas/ActivityExtension/v2">
      <nax:Nax>
      <nax:AscentInMeters>
      0.0792694091796875
    </nax:AscentInMeters>
    </nax:Nax>
    </TPX>
    </Extensions>
    </Trackpoint>
<Trackpoint>
      <Time>
      2025-09-06T16:20:59.616Z
    </Time><SensorState>
      Present
    </SensorState><Extensions>
      <TPX xmlns="http://www.garmin.com/xmlschemas/ActivityExtension/v2">
      <nax:Nax>
      <nax:AscentInMeters>
      0.0792694091796875
    </nax:AscentInMeters>
    </nax:Nax>
    </TPX>
    </Extensions>
    </Trackpoint>
<Trackpoint>
      <Time>
      2025-09-06T16:21:00.676Z
    </Time><SensorState>
      Present
    </SensorState><Extensions>
      <TPX xmlns="http://www.garmin.com/xmlschemas/ActivityExtension/v2">
      <nax:Nax>
      <nax:AscentInMeters>
      0.0819091796875
    </nax:AscentInMeters>
    </nax:Nax>
    </TPX>
    </Extensions>
    </Trackpoint>
<Trackpoint>
      <Time>
      2025-09-06T16:21:00.999Z
    </Time><Position>
      <LatitudeDegrees>
      47.61197523698441
    </LatitudeDegrees><LongitudeDegrees>
      -122.28940870504236
    </LongitudeDegrees>
    </Position><AltitudeMeters>
      99.76464911084622
    </AltitudeMeters><SensorState>
      Present
    </SensorState>
    </Trackpoint>
<Trackpoint>
      <Time>
      2025-09-06T16:21:01.000Z
    </Time><SensorState>
      Present
    </SensorState><Extensions>
      <TPX xmlns="http://www.garmin.com/xmlschemas/ActivityExtension/v2">
      <nax:Nax>
      <nax:NikeFuel>
      6.407247525289475
    </nax:NikeFuel>
    </nax:Nax>
    </TPX>
    </Extensions>
    </Trackpoint>
<Trackpoint>
      <Time>
      2025-09-06T16:21:01.027Z
    </Time><SensorState>
      Present
    </SensorState><Extensions>
      <TPX xmlns="http://www.garmin.com/xmlschemas/ActivityExtension/v2">
      <ns3:Speed>
      2.4441592100233307
    </ns3:Speed><nax:Nax>
      <nax:Pace>
      6.8189775029048025
    </nax:Pace>
    </nax:Nax>
    </TPX>
    </Extensions>
    </Trackpoint>
<Trackpoint>
      <Time>
      2025-09-06T16:21:01.028Z
    </Time><DistanceMeters>
      7.61129582952708
    </DistanceMeters><Cadence>
      164.49816226959229
    </Cadence><SensorState>
      Present
    </SensorState>
    </Trackpoint>
<Trackpoint>
      <Time>
      2025-09-06T16:21:01.735Z
    </Time><SensorState>
      Present
    </SensorState><Extensions>
      <TPX xmlns="http://www.garmin.com/xmlschemas/ActivityExtension/v2">
      <nax:Nax>
      <nax:AscentInMeters>
      0.044921875
    </nax:AscentInMeters>
    </nax:Nax>
    </TPX>
    </Extensions>
    </Trackpoint>
<Trackpoint>
      <Time>
      2025-09-06T16:21:02.795Z
    </Time><SensorState>
      Present
    </SensorState><Extensions>
      <TPX xmlns="http://www.garmin.com/xmlschemas/ActivityExtension/v2">
      <nax:Nax>
      <nax:AscentInMeters>
      0.04227447509765625
    </nax:AscentInMeters>
    </nax:Nax>
    </TPX>
    </Extensions>
    </Trackpoint>
<Trackpoint>
      <Time>
      2025-09-06T16:21:03.582Z
    </Time><SensorState>
      Present
    </SensorState><Extensions>
      <TPX xmlns="http://www.garmin.com/xmlschemas/ActivityExtension/v2">
      <ns3:Speed>
      2.4403126239235235
    </ns3:Speed><nax:Nax>
      <nax:Pace>
      6.829726037260782
    </nax:Pace>
    </nax:Nax>
    </TPX>
    </Extensions>
    </Trackpoint>
<Trackpoint>
      <Time>
      2025-09-06T16:21:03.583Z
    </Time><DistanceMeters>
      7.488530365051702
    </DistanceMeters><Cadence>
      164.56250667572021
    </Cadence><SensorState>
      Present
    </SensorState>
    </Trackpoint>
<Trackpoint>
      <Time>
      2025-09-06T16:21:03.855Z
    </Time><SensorState>
      Present
    </SensorState><Extensions>
      <TPX xmlns="http://www.garmin.com/xmlschemas/ActivityExtension/v2">
      <nax:Nax>
      <nax:AscentInMeters>
      0.0158538818359375
    </nax:AscentInMeters>
    </nax:Nax>
    </TPX>
    </Extensions>
    </Trackpoint>
<Trackpoint>
      <Time>
      2025-09-06T16:21:04.914Z
    </Time><SensorState>
      Present
    </SensorState><Extensions>
      <TPX xmlns="http://www.garmin.com/xmlschemas/ActivityExtension/v2">
      <nax:Nax>
      <nax:AscentInMeters>
      0.00792694091796875
    </nax:AscentInMeters>
    </nax:Nax>
    </TPX>
    </Extensions>
    </Trackpoint>
<Trackpoint>
      <Time>
      2025-09-06T16:21:04.999Z
    </Time><Position>
      <LatitudeDegrees>
      47.6118671002756
    </LatitudeDegrees><LongitudeDegrees>
      -122.28940891521178
    </LongitudeDegrees>
    </Position><AltitudeMeters>
      100.57636785693467
    </AltitudeMeters><SensorState>
      Present
    </SensorState>
    </Trackpoint>
<Trackpoint>
      <Time>
      2025-09-06T16:21:05.974Z
    </Time><SensorState>
      Present
    </SensorState><Extensions>
      <TPX xmlns="http://www.garmin.com/xmlschemas/ActivityExtension/v2">
      <nax:Nax>
      <nax:AscentInMeters>
      0.0343475341796875
    </nax:AscentInMeters>
    </nax:Nax>
    </TPX>
    </Extensions>
    </Trackpoint>
<Trackpoint>
      <Time>
      2025-09-06T16:21:06.137Z
    </Time><SensorState>
      Present
    </SensorState><Extensions>
      <TPX xmlns="http://www.garmin.com/xmlschemas/ActivityExtension/v2">
      <ns3:Speed>
      2.4383121836481583
    </ns3:Speed><nax:Nax>
      <nax:Pace>
      6.835329281638704
    </nax:Pace>
    </nax:Nax>
    </TPX>
    </Extensions>
    </Trackpoint>
<Trackpoint>
      <Time>
      2025-09-06T16:21:06.138Z
    </Time><DistanceMeters>
      7.075781862717122
    </DistanceMeters><Cadence>
      164.04926776885986
    </Cadence><SensorState>
      Present
    </SensorState>
    </Trackpoint>
<Trackpoint>
      <Time>
      2025-09-06T16:21:07.034Z
    </Time><SensorState>
      Present
    </SensorState><Extensions>
      <TPX xmlns="http://www.garmin.com/xmlschemas/ActivityExtension/v2">
      <nax:Nax>
      <nax:AscentInMeters>
      0.0475616455078125
    </nax:AscentInMeters>
    </nax:Nax>
    </TPX>
    </Extensions>
    </Trackpoint>
<Trackpoint>
      <Time>
      2025-09-06T16:21:08.093Z
    </Time><SensorState>
      Present
    </SensorState><Extensions>
      <TPX xmlns="http://www.garmin.com/xmlschemas/ActivityExtension/v2">
      <nax:Nax>
      <nax:AscentInMeters>
      0.058135986328125
    </nax:AscentInMeters>
    </nax:Nax>
    </TPX>
    </Extensions>
    </Trackpoint>
<Trackpoint>
      <Time>
      2025-09-06T16:21:08.693Z
    </Time><SensorState>
      Present
    </SensorState><Extensions>
      <TPX xmlns="http://www.garmin.com/xmlschemas/ActivityExtension/v2">
      <ns3:Speed>
      2.435288362658952
    </ns3:Speed><nax:Nax>
      <nax:Pace>
      6.843816495090252
    </nax:Pace>
    </nax:Nax>
    </TPX>
    </Extensions>
    </Trackpoint>
<Trackpoint>
      <Time>
      2025-09-06T16:21:08.694Z
    </Time><DistanceMeters>
      6.117075697518885
    </DistanceMeters><Cadence>
      164.04926776885986
    </Cadence><SensorState>
      Present
    </SensorState>
    </Trackpoint>
<Trackpoint>
      <Time>
      2025-09-06T16:21:09.153Z
    </Time><SensorState>
      Present
    </SensorState><Extensions>
      <TPX xmlns="http://www.garmin.com/xmlschemas/ActivityExtension/v2">
      <nax:Nax>
      <nax:AscentInMeters>
      0.0528411865234375
    </nax:AscentInMeters>
    </nax:Nax>
    </TPX>
    </Extensions>
    </Trackpoint>
<Trackpoint>
      <Time>
      2025-09-06T16:21:09.999Z
    </Time><Position>
      <LatitudeDegrees>
      47.611759372843586
    </LatitudeDegrees><LongitudeDegrees>
      -122.28937803887689
    </LongitudeDegrees>
    </Position><AltitudeMeters>
      100.90262875240296
    </AltitudeMeters><SensorState>
      Present
    </SensorState>
    </Trackpoint>
<Trackpoint>
      <Time>
      2025-09-06T16:21:10.212Z
    </Time><SensorState>
      Present
    </SensorState><Extensions>
      <TPX xmlns="http://www.garmin.com/xmlschemas/ActivityExtension/v2">
      <nax:Nax>
      <nax:AscentInMeters>
      0.07134246826171875
    </nax:AscentInMeters>
    </nax:Nax>
    </TPX>
    </Extensions>
    </Trackpoint>
<Trackpoint>
      <Time>
      2025-09-06T16:21:11.000Z
    </Time><SensorState>
      Present
    </SensorState><Extensions>
      <TPX xmlns="http://www.garmin.com/xmlschemas/ActivityExtension/v2">
      <nax:Nax>
      <nax:NikeFuel>
      6.359881155915483
    </nax:NikeFuel>
    </nax:Nax>
    </TPX>
    </Extensions>
    </Trackpoint>
<Trackpoint>
      <Time>
      2025-09-06T16:21:11.248Z
    </Time><SensorState>
      Present
    </SensorState><Extensions>
      <TPX xmlns="http://www.garmin.com/xmlschemas/ActivityExtension/v2">
      <ns3:Speed>
      2.431800992270037
    </ns3:Speed><nax:Nax>
      <nax:Pace>
      6.853631000087992
    </nax:Pace>
    </nax:Nax>
    </TPX>
    </Extensions>
    </Trackpoint>
<Trackpoint>
      <Time>
      2025-09-06T16:21:11.249Z
    </Time><DistanceMeters>
      1.9829529363196343
    </DistanceMeters><Cadence>
      164.04926776885986
    </Cadence><SensorState>
      Present
    </SensorState>
    </Trackpoint>
<Trackpoint>
      <Time>
      2025-09-06T16:21:11.271Z
    </Time><SensorState>
      Present
    </SensorState><Extensions>
      <TPX xmlns="http://www.garmin.com/xmlschemas/ActivityExtension/v2">
      <nax:Nax>
      <nax:AscentInMeters>
      0.0475616455078125
    </nax:AscentInMeters>
    </nax:Nax>
    </TPX>
    </Extensions>
    </Trackpoint>
<Trackpoint>
      <Time>
      2025-09-06T16:21:12.332Z
    </Time><SensorState>
      Present
    </SensorState><Extensions>
      <TPX xmlns="http://www.garmin.com/xmlschemas/ActivityExtension/v2">
      <nax:Nax>
      <nax:AscentInMeters>
      0.0739898681640625
    </nax:AscentInMeters>
    </nax:Nax>
    </TPX>
    </Extensions>
    </Trackpoint>
<Trackpoint>
      <Time>
      2025-09-06T16:21:13.392Z
    </Time><SensorState>
      Present
    </SensorState><Extensions>
      <TPX xmlns="http://www.garmin.com/xmlschemas/ActivityExtension/v2">
      <nax:Nax>
      <nax:AscentInMeters>
      0.06341552734375
    </nax:AscentInMeters>
    </nax:Nax>
    </TPX>
    </Extensions>
    </Trackpoint>
<Trackpoint>
      <Time>
      2025-09-06T16:21:13.803Z
    </Time><SensorState>
      Present
    </SensorState><Extensions>
      <TPX xmlns="http://www.garmin.com/xmlschemas/ActivityExtension/v2">
      <ns3:Speed>
      2.4215836417576684
    </ns3:Speed><nax:Nax>
      <nax:Pace>
      6.882548419665334
    </nax:Pace>
    </nax:Nax>
    </TPX>
    </Extensions>
    </Trackpoint>
<Trackpoint>
      <Time>
      2025-09-06T16:21:13.804Z
    </Time><DistanceMeters>
      0.9618533181492239
    </DistanceMeters><Cadence>
      164.04926776885986
    </Cadence><SensorState>
      Present
    </SensorState>
    </Trackpoint>
<Trackpoint>
      <Time>
      2025-09-06T16:21:14.451Z
    </Time><SensorState>
      Present
    </SensorState><Extensions>
      <TPX xmlns="http://www.garmin.com/xmlschemas/ActivityExtension/v2">
      <nax:Nax>
      <nax:AscentInMeters>
      0.0475616455078125
    </nax:AscentInMeters>
    </nax:Nax>
    </TPX>
    </Extensions>
    </Trackpoint>
<Trackpoint>
      <Time>
      2025-09-06T16:21:15.511Z
    </Time><SensorState>
      Present
    </SensorState><Extensions>
      <TPX xmlns="http://www.garmin.com/xmlschemas/ActivityExtension/v2">
      <nax:Nax>
      <nax:AscentInMeters>
      0.04227447509765625
    </nax:AscentInMeters>
    </nax:Nax>
    </TPX>
    </Extensions>
    </Trackpoint>
<Trackpoint>
      <Time>
      2025-09-06T16:21:16.359Z
    </Time><SensorState>
      Present
    </SensorState><Extensions>
      <TPX xmlns="http://www.garmin.com/xmlschemas/ActivityExtension/v2">
      <ns3:Speed>
      2.4067647567435433
    </ns3:Speed><nax:Nax>
      <nax:Pace>
      6.924925512544644
    </nax:Pace>
    </nax:Nax>
    </TPX>
    </Extensions>
    </Trackpoint>
<Trackpoint>
      <Time>
      2025-09-06T16:21:16.571Z
    </Time><SensorState>
      Present
    </SensorState><Extensions>
      <TPX xmlns="http://www.garmin.com/xmlschemas/ActivityExtension/v2">
      <nax:Nax>
      <nax:AscentInMeters>
      0.0607757568359375
    </nax:AscentInMeters>
    </nax:Nax>
    </TPX>
    </Extensions>
    </Trackpoint>
    </Track><Notes>
      Mean Pace: 6.473745869796115 MKM
    </Notes>
    </Lap><Extensions>
      <nax:NAX>
      <nax:ActivityType>
      Running
    </nax:ActivityType><nax:Tags>
      <nax:Tag>
      <nax:Key>
      com.nike.name
    </nax:Key><nax:Value>
      Saturday Morning Run
    </nax:Value><nax:Key>
      com.nike.running.goaltype
    </nax:Key><nax:Value>
      freeRun
    </nax:Value><nax:Key>
      com.nike.running.originalactivityid
    </nax:Key><nax:Value>
      80C0E706-B58E-49A9-AAC3-5BD44451497C
    </nax:Value><nax:Key>
      com.nike.running.recordingappversion
    </nax:Key><nax:Value>
      7.67.0
    </nax:Value><nax:Key>
      com.nike.running.recordingsource
    </nax:Key><nax:Value>
      phone
    </nax:Value><nax:Key>
      com.nike.running.syncappversion
    </nax:Key><nax:Value>
      7.67.0
    </nax:Value><nax:Key>
      com.nike.running.syncsource
    </nax:Key><nax:Value>
      phone
    </nax:Value><nax:Key>
      com.nike.temperature
    </nax:Key><nax:Value>
      17.35
    </nax:Value><nax:Key>
      com.nike.weather
    </nax:Key><nax:Value>
      cloudy
    </nax:Value><nax:Key>
      com.nike.weathersource
    </nax:Key><nax:Value>
      appleWeatherKit
    </nax:Value><nax:Key>
      location
    </nax:Key><nax:Value>
      outdoors
    </nax:Value>
    </nax:Tag>
    </nax:Tags>
    </nax:NAX>
    </Extensions>
    </Activity>
    </Activities>
    </TrainingCenterDatabase>