<?xml version="1.0" encoding="utf-8"?>
<TrainingCenterDatabase xmlns="http://www.garmin.com/xmlschemas/TrainingCenterDatabase/v2" xmlns:ns3="http://www.garmin.com/xmlschemas/ActivityExtension/v2" xsi:schemaLocation="http://www.garmin.com/xmlschemas/TrainingCenterDatabase/v2 http://www.garmin.com/xmlschemas/TrainingCenterDatabasev2.xsd" xmlns:nax="https://www.nike.com/xmlschemas/NikeActivityExtension/v1" xmlns:xsi="http://www.w3.org/2001/XMLSchema-instance" xmlns:ns5="http://www.garmin.com/xmlschemas/ActivityGoals/v1" xmlns:ns2="http://www.garmin.com/xmlschemas/UserProfile/v2">
      <Activities>
      <Activity Sport="Running">
      <Id>
      2024-09-05T18:00:35.362Z
    </Id><Lap StartTime="2024-09-05T18:00:35.362Z">
      <TotalTimeSeconds>
      694.96
    </TotalTimeSeconds><DistanceMeters>
      1775.4551196899263
    </DistanceMeters><MaximumSpeed>
      4.413989936706015
    </MaximumSpeed><Calories>
      100
    </Calories><AverageHeartRateBpm>
      <Value>
      182
    </Value>
    </AverageHeartRateBpm><MaximumHeartRateBpm>
      <Value>
      189
    </Value>
    </MaximumHeartRateBpm><Intensity>
      Active
    </Intensity><Cadence>
      153
    </Cadence><TriggerMethod>
      Manual
    </TriggerMethod><Track>
      <Trackpoint>
      <Time>
      2024-09-05T18:00:35.362Z
    </Time><DistanceMeters>
      15.789813786745071
    </DistanceMeters><Cadence>
      124.09672737121582
    </Cadence><SensorState>
      Present
    </SensorState><Extensions>
      <TPX xmlns="http://www.garmin.com/xmlschemas/ActivityExtension/v2">
      <nax:Nax>
      <nax:NikeFuel>
      3.3350060772912435
    </nax:NikeFuel><nax:AscentInMeters>
      1.6299998760223389
    </nax:AscentInMeters><nax:Moments>
      <nax:Halt xsi:type="nax:Halt_t" action="auto_pause">
      
    </nax:Halt>
    </nax:Moments>
    </nax:Nax>
    </TPX>
    </Extensions>
    </Trackpoint>
<Trackpoint>
      <Time>
      2024-09-05T18:00:37.574Z
    </Time><SensorState>
      Present
    </SensorState><Extensions>
      <TPX xmlns="http://www.garmin.com/xmlschemas/ActivityExtension/v2">
      <nax:Nax>
      <nax:Moments>
      <nax:Halt xsi:type="nax:Halt_t" action="auto_pause">
      
    </nax:Halt>
    </nax:Moments>
    </nax:Nax>
    </TPX>
    </Extensions>
    </Trackpoint>
<Trackpoint>
      <Time>
      2024-09-05T18:00:38.000Z
    </Time><Position>
      <LatitudeDegrees>
      47.42286082490947
    </LatitudeDegrees><LongitudeDegrees>
      -122.29971599812373
    </LongitudeDegrees>
    </Position><AltitudeMeters>
      115.54459956940264
    </AltitudeMeters><SensorState>
      Present
    </SensorState><Extensions>
      <TPX xmlns="http://www.garmin.com/xmlschemas/ActivityExtension/v2">
      <nax:Nax>
      <nax:Moments>
      <nax:Halt xsi:type="nax:Halt_t" action="auto_pause">
      
    </nax:Halt>
    </nax:Moments>
    </nax:Nax>
    </TPX>
    </Extensions>
    </Trackpoint>
<Trackpoint>
      <Time>
      2024-09-05T18:00:38.892Z
    </Time><HeartRateBpm>
      <Value>
      187
    </Value>
    </HeartRateBpm><SensorState>
      Present
    </SensorState><Extensions>
      <TPX xmlns="http://www.garmin.com/xmlschemas/ActivityExtension/v2">
      <nax:Nax>
      <nax:Moments>
      <nax:Halt xsi:type="nax:Halt_t" action="auto_pause">
      
    </nax:Halt>
    </nax:Moments>
    </nax:Nax>
    </TPX>
    </Extensions>
    </Trackpoint>
<Trackpoint>
      <Time>
      2024-09-05T18:00:40.140Z
    </Time><SensorState>
      Present
    </SensorState><Extensions>
      <TPX xmlns="http://www.garmin.com/xmlschemas/ActivityExtension/v2">
      <ns3:Speed>
      2.505254536018453
    </ns3:Speed><nax:Nax>
      <nax:Pace>
      6.652683959672473
    </nax:Pace><nax:Moments>
      <nax:Halt xsi:type="nax:Halt_t" action="auto_pause">
      
    </nax:Halt>
    </nax:Moments>
    </nax:Nax>
    </TPX>
    </Extensions>
    </Trackpoint>
<Trackpoint>
      <Time>
      2024-09-05T18:00:40.141Z
    </Time><DistanceMeters>
      6.702888543717563
    </DistanceMeters><Cadence>
      124.09672737121582
    </Cadence><SensorState>
      Present
    </SensorState><Extensions>
      <TPX xmlns="http://www.garmin.com/xmlschemas/ActivityExtension/v2">
      <nax:Nax>
      <nax:Moments>
      <nax:Halt xsi:type="nax:Halt_t" action="auto_pause">
      
    </nax:Halt>
    </nax:Moments>
    </nax:Nax>
    </TPX>
    </Extensions>
    </Trackpoint>
<Trackpoint>
      <Time>
      2024-09-05T18:00:42.698Z
    </Time><SensorState>
      Present
    </SensorState><Extensions>
      <TPX xmlns="http://www.garmin.com/xmlschemas/ActivityExtension/v2">
      <ns3:Speed>
      2.724754679089251
    </ns3:Speed><nax:Nax>
      <nax:Pace>
      6.116758618518089
    </nax:Pace><nax:Moments>
      <nax:Halt xsi:type="nax:Halt_t" action="auto_pause">
      
    </nax:Halt>
    </nax:Moments>
    </nax:Nax>
    </TPX>
    </Extensions>
    </Trackpoint>
<Trackpoint>
      <Time>
      2024-09-05T18:00:42.699Z
    </Time><DistanceMeters>
      7.446402230300009
    </DistanceMeters><Cadence>
      159.34985160827637
    </Cadence><SensorState>
      Present
    </SensorState><Extensions>
      <TPX xmlns="http://www.garmin.com/xmlschemas/ActivityExtension/v2">
      <nax:Nax>
      <nax:Moments>
      <nax:Halt xsi:type="nax:Halt_t" action="auto_pause">
      
    </nax:Halt>
    </nax:Moments>
    </nax:Nax>
    </TPX>
    </Extensions>
    </Trackpoint>
<Trackpoint>
      <Time>
      2024-09-05T18:00:43.000Z
    </Time><Position>
      <LatitudeDegrees>
      47.42287672956587
    </LatitudeDegrees><LongitudeDegrees>
      -122.29954959066707
    </LongitudeDegrees>
    </Position><AltitudeMeters>
      118.49356105644256
    </AltitudeMeters><SensorState>
      Present
    </SensorState><Extensions>
      <TPX xmlns="http://www.garmin.com/xmlschemas/ActivityExtension/v2">
      <nax:Nax>
      <nax:Moments>
      <nax:Halt xsi:type="nax:Halt_t" action="auto_pause">
      
    </nax:Halt>
    </nax:Moments>
    </nax:Nax>
    </TPX>
    </Extensions>
    </Trackpoint>
<Trackpoint>
      <Time>
      2024-09-05T18:00:43.892Z
    </Time><HeartRateBpm>
      <Value>
      185
    </Value>
    </HeartRateBpm><SensorState>
      Present
    </SensorState><Extensions>
      <TPX xmlns="http://www.garmin.com/xmlschemas/ActivityExtension/v2">
      <nax:Nax>
      <nax:Moments>
      <nax:Halt xsi:type="nax:Halt_t" action="auto_pause">
      
    </nax:Halt>
    </nax:Moments>
    </nax:Nax>
    </TPX>
    </Extensions>
    </Trackpoint>
<Trackpoint>
      <Time>
      2024-09-05T18:00:45.000Z
    </Time><SensorState>
      Present
    </SensorState><Extensions>
      <TPX xmlns="http://www.garmin.com/xmlschemas/ActivityExtension/v2">
      <nax:Nax>
      <nax:NikeFuel>
      6.956238582339987
    </nax:NikeFuel><nax:Moments>
      <nax:Halt xsi:type="nax:Halt_t" action="auto_pause">
      
    </nax:Halt>
    </nax:Moments>
    </nax:Nax>
    </TPX>
    </Extensions>
    </Trackpoint>
<Trackpoint>
      <Time>
      2024-09-05T18:00:45.254Z
    </Time><SensorState>
      Present
    </SensorState><Extensions>
      <TPX xmlns="http://www.garmin.com/xmlschemas/ActivityExtension/v2">
      <ns3:Speed>
      2.757373287676148
    </ns3:Speed><nax:Nax>
      <nax:Pace>
      6.04439984283483
    </nax:Pace><nax:Moments>
      <nax:Halt xsi:type="nax:Halt_t" action="auto_pause">
      
    </nax:Halt>
    </nax:Moments>
    </nax:Nax>
    </TPX>
    </Extensions>
    </Trackpoint>
<Trackpoint>
      <Time>
      2024-09-05T18:00:45.255Z
    </Time><DistanceMeters>
      6.008040860295296
    </DistanceMeters><Cadence>
      159.3499231338501
    </Cadence><SensorState>
      Present
    </SensorState><Extensions>
      <TPX xmlns="http://www.garmin.com/xmlschemas/ActivityExtension/v2">
      <nax:Nax>
      <nax:Moments>
      <nax:Halt xsi:type="nax:Halt_t" action="auto_pause">
      
    </nax:Halt>
    </nax:Moments>
    </nax:Nax>
    </TPX>
    </Extensions>
    </Trackpoint>
<Trackpoint>
      <Time>
      2024-09-05T18:00:47.809Z
    </Time><SensorState>
      Present
    </SensorState><Extensions>
      <TPX xmlns="http://www.garmin.com/xmlschemas/ActivityExtension/v2">
      <ns3:Speed>
      2.6616631860401037
    </ns3:Speed><nax:Nax>
      <nax:Pace>
      6.261748952339286
    </nax:Pace><nax:Moments>
      <nax:Halt xsi:type="nax:Halt_t" action="auto_pause">
      
    </nax:Halt>
    </nax:Moments>
    </nax:Nax>
    </TPX>
    </Extensions>
    </Trackpoint>
<Trackpoint>
      <Time>
      2024-09-05T18:00:47.810Z
    </Time><DistanceMeters>
      7.026234402321279
    </DistanceMeters><Cadence>
      159.34990882873535
    </Cadence><SensorState>
      Present
    </SensorState><Extensions>
      <TPX xmlns="http://www.garmin.com/xmlschemas/ActivityExtension/v2">
      <nax:Nax>
      <nax:Moments>
      <nax:Halt xsi:type="nax:Halt_t" action="auto_pause">
      
    </nax:Halt>
    </nax:Moments>
    </nax:Nax>
    </TPX>
    </Extensions>
    </Trackpoint>
<Trackpoint>
      <Time>
      2024-09-05T18:00:48.000Z
    </Time><Position>
      <LatitudeDegrees>
      47.422854500335205
    </LatitudeDegrees><LongitudeDegrees>
      -122.29938104165862
    </LongitudeDegrees>
    </Position><AltitudeMeters>
      119.24446058273315
    </AltitudeMeters><SensorState>
      Present
    </SensorState><Extensions>
      <TPX xmlns="http://www.garmin.com/xmlschemas/ActivityExtension/v2">
      <nax:Nax>
      <nax:Moments>
      <nax:Halt xsi:type="nax:Halt_t" action="auto_pause">
      
    </nax:Halt>
    </nax:Moments>
    </nax:Nax>
    </TPX>
    </Extensions>
    </Trackpoint>
<Trackpoint>
      <Time>
      2024-09-05T18:00:48.892Z
    </Time><HeartRateBpm>
      <Value>
      186
    </Value>
    </HeartRateBpm><SensorState>
      Present
    </SensorState><Extensions>
      <TPX xmlns="http://www.garmin.com/xmlschemas/ActivityExtension/v2">
      <nax:Nax>
      <nax:Moments>
      <nax:Halt xsi:type="nax:Halt_t" action="auto_pause">
      
    </nax:Halt>
    </nax:Moments>
    </nax:Nax>
    </TPX>
    </Extensions>
    </Trackpoint>
<Trackpoint>
      <Time>
      2024-09-05T18:00:50.365Z
    </Time><SensorState>
      Present
    </SensorState><Extensions>
      <TPX xmlns="http://www.garmin.com/xmlschemas/ActivityExtension/v2">
      <ns3:Speed>
      2.6468284637917137
    </ns3:Speed><nax:Nax>
      <nax:Pace>
      6.296844277845961
    </nax:Pace><nax:Moments>
      <nax:Halt xsi:type="nax:Halt_t" action="auto_pause">
      
    </nax:Halt>
    </nax:Moments>
    </nax:Nax>
    </TPX>
    </Extensions>
    </Trackpoint>
<Trackpoint>
      <Time>
      2024-09-05T18:00:50.366Z
    </Time><DistanceMeters>
      5.620097233913839
    </DistanceMeters><Cadence>
      159.0486717224121
    </Cadence><SensorState>
      Present
    </SensorState><Extensions>
      <TPX xmlns="http://www.garmin.com/xmlschemas/ActivityExtension/v2">
      <nax:Nax>
      <nax:Moments>
      <nax:Halt xsi:type="nax:Halt_t" action="auto_pause">
      
    </nax:Halt>
    </nax:Moments>
    </nax:Nax>
    </TPX>
    </Extensions>
    </Trackpoint>
<Trackpoint>
      <Time>
      2024-09-05T18:00:52.921Z
    </Time><SensorState>
      Present
    </SensorState><Extensions>
      <TPX xmlns="http://www.garmin.com/xmlschemas/ActivityExtension/v2">
      <ns3:Speed>
      2.5947821358006857
    </ns3:Speed><nax:Nax>
      <nax:Pace>
      6.423146836381214
    </nax:Pace><nax:Moments>
      <nax:Halt xsi:type="nax:Halt_t" action="auto_pause">
      
    </nax:Halt>
    </nax:Moments>
    </nax:Nax>
    </TPX>
    </Extensions>
    </Trackpoint>
<Trackpoint>
      <Time>
      2024-09-05T18:00:52.922Z
    </Time><DistanceMeters>
      6.697914903983474
    </DistanceMeters><Cadence>
      159.13679122924805
    </Cadence><SensorState>
      Present
    </SensorState><Extensions>
      <TPX xmlns="http://www.garmin.com/xmlschemas/ActivityExtension/v2">
      <nax:Nax>
      <nax:Moments>
      <nax:Halt xsi:type="nax:Halt_t" action="auto_pause">
      
    </nax:Halt>
    </nax:Moments>
    </nax:Nax>
    </TPX>
    </Extensions>
    </Trackpoint>
<Trackpoint>
      <Time>
      2024-09-05T18:00:53.000Z
    </Time><Position>
      <LatitudeDegrees>
      47.4228674269731
    </LatitudeDegrees><LongitudeDegrees>
      -122.29922372785175
    </LongitudeDegrees>
    </Position><AltitudeMeters>
      121.41190326213837
    </AltitudeMeters><SensorState>
      Present
    </SensorState><Extensions>
      <TPX xmlns="http://www.garmin.com/xmlschemas/ActivityExtension/v2">
      <nax:Nax>
      <nax:Moments>
      <nax:Halt xsi:type="nax:Halt_t" action="auto_pause">
      
    </nax:Halt>
    </nax:Moments>
    </nax:Nax>
    </TPX>
    </Extensions>
    </Trackpoint>
<Trackpoint>
      <Time>
      2024-09-05T18:00:54.958Z
    </Time><SensorState>
      Present
    </SensorState><Extensions>
      <TPX xmlns="http://www.garmin.com/xmlschemas/ActivityExtension/v2">
      <nax:Nax>
      <nax:AscentInMeters>
      0.2800002098083496
    </nax:AscentInMeters><nax:Moments>
      <nax:Halt xsi:type="nax:Halt_t" action="auto_pause">
      
    </nax:Halt>
    </nax:Moments>
    </nax:Nax>
    </TPX>
    </Extensions>
    </Trackpoint>
<Trackpoint>
      <Time>
      2024-09-05T18:00:55.000Z
    </Time><SensorState>
      Present
    </SensorState><Extensions>
      <TPX xmlns="http://www.garmin.com/xmlschemas/ActivityExtension/v2">
      <nax:Nax>
      <nax:NikeFuel>
      6.942017641478634
    </nax:NikeFuel><nax:Moments>
      <nax:Halt xsi:type="nax:Halt_t" action="auto_pause">
      
    </nax:Halt>
    </nax:Moments>
    </nax:Nax>
    </TPX>
    </Extensions>
    </Trackpoint>
<Trackpoint>
      <Time>
      2024-09-05T18:00:55.477Z
    </Time><SensorState>
      Present
    </SensorState><Extensions>
      <TPX xmlns="http://www.garmin.com/xmlschemas/ActivityExtension/v2">
      <ns3:Speed>
      2.665786927668613
    </ns3:Speed><nax:Nax>
      <nax:Pace>
      6.252062568722492
    </nax:Pace><nax:Moments>
      <nax:Halt xsi:type="nax:Halt_t" action="auto_pause">
      
    </nax:Halt>
    </nax:Moments>
    </nax:Nax>
    </TPX>
    </Extensions>
    </Trackpoint>
<Trackpoint>
      <Time>
      2024-09-05T18:00:55.478Z
    </Time><DistanceMeters>
      6.383311218582094
    </DistanceMeters><Cadence>
      159.58545684814453
    </Cadence><SensorState>
      Present
    </SensorState><Extensions>
      <TPX xmlns="http://www.garmin.com/xmlschemas/ActivityExtension/v2">
      <nax:Nax>
      <nax:Moments>
      <nax:Halt xsi:type="nax:Halt_t" action="auto_pause">
      
    </nax:Halt>
    </nax:Moments>
    </nax:Nax>
    </TPX>
    </Extensions>
    </Trackpoint>
<Trackpoint>
      <Time>
      2024-09-05T18:00:57.000Z
    </Time><Position>
      <LatitudeDegrees>
      47.42286996535362
    </LatitudeDegrees><LongitudeDegrees>
      -122.29909098541503
    </LongitudeDegrees>
    </Position><AltitudeMeters>
      120.3705462962389
    </AltitudeMeters><SensorState>
      Present
    </SensorState><Extensions>
      <TPX xmlns="http://www.garmin.com/xmlschemas/ActivityExtension/v2">
      <nax:Nax>
      <nax:Moments>
      <nax:Halt xsi:type="nax:Halt_t" action="auto_pause">
      
    </nax:Halt>
    </nax:Moments>
    </nax:Nax>
    </TPX>
    </Extensions>
    </Trackpoint>
<Trackpoint>
      <Time>
      2024-09-05T18:00:57.539Z
    </Time><SensorState>
      Present
    </SensorState><Extensions>
      <TPX xmlns="http://www.garmin.com/xmlschemas/ActivityExtension/v2">
      <nax:Nax>
      <nax:AscentInMeters>
      0.3399999141693115
    </nax:AscentInMeters><nax:Moments>
      <nax:Halt xsi:type="nax:Halt_t" action="auto_pause">
      
    </nax:Halt>
    </nax:Moments>
    </nax:Nax>
    </TPX>
    </Extensions>
    </Trackpoint>
<Trackpoint>
      <Time>
      2024-09-05T18:00:57.892Z
    </Time><HeartRateBpm>
      <Value>
      187
    </Value>
    </HeartRateBpm><SensorState>
      Present
    </SensorState><Extensions>
      <TPX xmlns="http://www.garmin.com/xmlschemas/ActivityExtension/v2">
      <nax:Nax>
      <nax:Moments>
      <nax:Halt xsi:type="nax:Halt_t" action="auto_pause">
      
    </nax:Halt>
    </nax:Moments>
    </nax:Nax>
    </TPX>
    </Extensions>
    </Trackpoint>
<Trackpoint>
      <Time>
      2024-09-05T18:00:58.033Z
    </Time><SensorState>
      Present
    </SensorState><Extensions>
      <TPX xmlns="http://www.garmin.com/xmlschemas/ActivityExtension/v2">
      <ns3:Speed>
      2.6486174324876104
    </ns3:Speed><nax:Nax>
      <nax:Pace>
      6.292591169353269
    </nax:Pace><nax:Moments>
      <nax:Halt xsi:type="nax:Halt_t" action="auto_pause">
      
    </nax:Halt>
    </nax:Moments>
    </nax:Nax>
    </TPX>
    </Extensions>
    </Trackpoint>
<Trackpoint>
      <Time>
      2024-09-05T18:00:58.034Z
    </Time><DistanceMeters>
      7.081501784734428
    </DistanceMeters><Cadence>
      159.90481853485107
    </Cadence><SensorState>
      Present
    </SensorState><Extensions>
      <TPX xmlns="http://www.garmin.com/xmlschemas/ActivityExtension/v2">
      <nax:Nax>
      <nax:Moments>
      <nax:Halt xsi:type="nax:Halt_t" action="auto_pause">
      
    </nax:Halt>
    </nax:Moments>
    </nax:Nax>
    </TPX>
    </Extensions>
    </Trackpoint>
<Trackpoint>
      <Time>
      2024-09-05T18:01:00.120Z
    </Time><SensorState>
      Present
    </SensorState><Extensions>
      <TPX xmlns="http://www.garmin.com/xmlschemas/ActivityExtension/v2">
      <nax:Nax>
      <nax:AscentInMeters>
      0.37999987602233887
    </nax:AscentInMeters><nax:Moments>
      <nax:Halt xsi:type="nax:Halt_t" action="auto_pause">
      
    </nax:Halt>
    </nax:Moments>
    </nax:Nax>
    </TPX>
    </Extensions>
    </Trackpoint>
<Trackpoint>
      <Time>
      2024-09-05T18:01:00.589Z
    </Time><SensorState>
      Present
    </SensorState><Extensions>
      <TPX xmlns="http://www.garmin.com/xmlschemas/ActivityExtension/v2">
      <ns3:Speed>
      2.647393904553292
    </ns3:Speed><nax:Nax>
      <nax:Pace>
      6.295499373176549
    </nax:Pace><nax:Moments>
      <nax:Halt xsi:type="nax:Halt_t" action="auto_pause">
      
    </nax:Halt>
    </nax:Moments>
    </nax:Nax>
    </TPX>
    </Extensions>
    </Trackpoint>
<Trackpoint>
      <Time>
      2024-09-05T18:01:00.590Z
    </Time><DistanceMeters>
      7.227339249104261
    </DistanceMeters><Cadence>
      160.1437282562256
    </Cadence><SensorState>
      Present
    </SensorState><Extensions>
      <TPX xmlns="http://www.garmin.com/xmlschemas/ActivityExtension/v2">
      <nax:Nax>
      <nax:Moments>
      <nax:Halt xsi:type="nax:Halt_t" action="auto_pause">
      
    </nax:Halt>
    </nax:Moments>
    </nax:Nax>
    </TPX>
    </Extensions>
    </Trackpoint>
<Trackpoint>
      <Time>
      2024-09-05T18:01:01.000Z
    </Time><Position>
      <LatitudeDegrees>
      47.42289435249157
    </LatitudeDegrees><LongitudeDegrees>
      -122.29894224709906
    </LongitudeDegrees>
    </Position><AltitudeMeters>
      120.07768084481359
    </AltitudeMeters><SensorState>
      Present
    </SensorState><Extensions>
      <TPX xmlns="http://www.garmin.com/xmlschemas/ActivityExtension/v2">
      <nax:Nax>
      <nax:Moments>
      <nax:Halt xsi:type="nax:Halt_t" action="auto_pause">
      
    </nax:Halt>
    </nax:Moments>
    </nax:Nax>
    </TPX>
    </Extensions>
    </Trackpoint>
<Trackpoint>
      <Time>
      2024-09-05T18:01:01.892Z
    </Time><HeartRateBpm>
      <Value>
      187
    </Value>
    </HeartRateBpm><SensorState>
      Present
    </SensorState><Extensions>
      <TPX xmlns="http://www.garmin.com/xmlschemas/ActivityExtension/v2">
      <nax:Nax>
      <nax:Moments>
      <nax:Halt xsi:type="nax:Halt_t" action="auto_pause">
      
    </nax:Halt>
    </nax:Moments>
    </nax:Nax>
    </TPX>
    </Extensions>
    </Trackpoint>
<Trackpoint>
      <Time>
      2024-09-05T18:01:02.701Z
    </Time><SensorState>
      Present
    </SensorState><Extensions>
      <TPX xmlns="http://www.garmin.com/xmlschemas/ActivityExtension/v2">
      <nax:Nax>
      <nax:AscentInMeters>
      0.3100001811981201
    </nax:AscentInMeters><nax:Moments>
      <nax:Halt xsi:type="nax:Halt_t" action="auto_pause">
      
    </nax:Halt>
    </nax:Moments>
    </nax:Nax>
    </TPX>
    </Extensions>
    </Trackpoint>
<Trackpoint>
      <Time>
      2024-09-05T18:01:03.144Z
    </Time><SensorState>
      Present
    </SensorState><Extensions>
      <TPX xmlns="http://www.garmin.com/xmlschemas/ActivityExtension/v2">
      <ns3:Speed>
      2.675468716759672
    </ns3:Speed><nax:Nax>
      <nax:Pace>
      6.229438065286777
    </nax:Pace><nax:Moments>
      <nax:Halt xsi:type="nax:Halt_t" action="auto_pause">
      
    </nax:Halt>
    </nax:Moments>
    </nax:Nax>
    </TPX>
    </Extensions>
    </Trackpoint>
<Trackpoint>
      <Time>
      2024-09-05T18:01:03.145Z
    </Time><DistanceMeters>
      5.016704343259335
    </DistanceMeters><Cadence>
      160.3291940689087
    </Cadence><SensorState>
      Present
    </SensorState><Extensions>
      <TPX xmlns="http://www.garmin.com/xmlschemas/ActivityExtension/v2">
      <nax:Nax>
      <nax:Moments>
      <nax:Halt xsi:type="nax:Halt_t" action="auto_pause">
      
    </nax:Halt>
    </nax:Moments>
    </nax:Nax>
    </TPX>
    </Extensions>
    </Trackpoint>
<Trackpoint>
      <Time>
      2024-09-05T18:01:03.892Z
    </Time><HeartRateBpm>
      <Value>
      187
    </Value>
    </HeartRateBpm><SensorState>
      Present
    </SensorState><Extensions>
      <TPX xmlns="http://www.garmin.com/xmlschemas/ActivityExtension/v2">
      <nax:Nax>
      <nax:Moments>
      <nax:Halt xsi:type="nax:Halt_t" action="auto_pause">
      
    </nax:Halt>
    </nax:Moments>
    </nax:Nax>
    </TPX>
    </Extensions>
    </Trackpoint>
<Trackpoint>
      <Time>
      2024-09-05T18:01:05.000Z
    </Time><SensorState>
      Present
    </SensorState><Extensions>
      <TPX xmlns="http://www.garmin.com/xmlschemas/ActivityExtension/v2">
      <nax:Nax>
      <nax:NikeFuel>
      6.803334905175808
    </nax:NikeFuel><nax:Moments>
      <nax:Halt xsi:type="nax:Halt_t" action="auto_pause">
      
    </nax:Halt>
    </nax:Moments>
    </nax:Nax>
    </TPX>
    </Extensions>
    </Trackpoint>
<Trackpoint>
      <Time>
      2024-09-05T18:01:05.282Z
    </Time><SensorState>
      Present
    </SensorState><Extensions>
      <TPX xmlns="http://www.garmin.com/xmlschemas/ActivityExtension/v2">
      <nax:Nax>
      <nax:AscentInMeters>
      0.40000009536743164
    </nax:AscentInMeters><nax:Moments>
      <nax:Halt xsi:type="nax:Halt_t" action="auto_pause">
      
    </nax:Halt>
    </nax:Moments>
    </nax:Nax>
    </TPX>
    </Extensions>
    </Trackpoint>
<Trackpoint>
      <Time>
      2024-09-05T18:01:05.700Z
    </Time><SensorState>
      Present
    </SensorState><Extensions>
      <TPX xmlns="http://www.garmin.com/xmlschemas/ActivityExtension/v2">
      <ns3:Speed>
      2.6226442489237685
    </ns3:Speed><nax:Nax>
      <nax:Pace>
      6.354909429102334
    </nax:Pace><nax:Moments>
      <nax:Halt xsi:type="nax:Halt_t" action="auto_pause">
      
    </nax:Halt>
    </nax:Moments>
    </nax:Nax>
    </TPX>
    </Extensions>
    </Trackpoint>
<Trackpoint>
      <Time>
      2024-09-05T18:01:05.701Z
    </Time><DistanceMeters>
      6.271070720627904
    </DistanceMeters><Cadence>
      160.2293300628662
    </Cadence><SensorState>
      Present
    </SensorState><Extensions>
      <TPX xmlns="http://www.garmin.com/xmlschemas/ActivityExtension/v2">
      <nax:Nax>
      <nax:Moments>
      <nax:Halt xsi:type="nax:Halt_t" action="auto_pause">
      
    </nax:Halt>
    </nax:Moments>
    </nax:Nax>
    </TPX>
    </Extensions>
    </Trackpoint>
<Trackpoint>
      <Time>
      2024-09-05T18:01:05.999Z
    </Time><Position>
      <LatitudeDegrees>
      47.422887438580986
    </LatitudeDegrees><LongitudeDegrees>
      -122.29879144213572
    </LongitudeDegrees>
    </Position><AltitudeMeters>
      121.75652249436826
    </AltitudeMeters><SensorState>
      Present
    </SensorState><Extensions>
      <TPX xmlns="http://www.garmin.com/xmlschemas/ActivityExtension/v2">
      <nax:Nax>
      <nax:Moments>
      <nax:Halt xsi:type="nax:Halt_t" action="auto_pause">
      
    </nax:Halt>
    </nax:Moments>
    </nax:Nax>
    </TPX>
    </Extensions>
    </Trackpoint>
<Trackpoint>
      <Time>
      2024-09-05T18:01:07.863Z
    </Time><SensorState>
      Present
    </SensorState><Extensions>
      <TPX xmlns="http://www.garmin.com/xmlschemas/ActivityExtension/v2">
      <nax:Nax>
      <nax:AscentInMeters>
      0.37999963760375977
    </nax:AscentInMeters><nax:Moments>
      <nax:Halt xsi:type="nax:Halt_t" action="auto_pause">
      
    </nax:Halt>
    </nax:Moments>
    </nax:Nax>
    </TPX>
    </Extensions>
    </Trackpoint>
<Trackpoint>
      <Time>
      2024-09-05T18:01:08.256Z
    </Time><SensorState>
      Present
    </SensorState><Extensions>
      <TPX xmlns="http://www.garmin.com/xmlschemas/ActivityExtension/v2">
      <ns3:Speed>
      2.5805618165517394
    </ns3:Speed><nax:Nax>
      <nax:Pace>
      6.458541918959881
    </nax:Pace><nax:Moments>
      <nax:Halt xsi:type="nax:Halt_t" action="auto_pause">
      
    </nax:Halt>
    </nax:Moments>
    </nax:Nax>
    </TPX>
    </Extensions>
    </Trackpoint>
<Trackpoint>
      <Time>
      2024-09-05T18:01:08.257Z
    </Time><DistanceMeters>
      6.399329333566129
    </DistanceMeters><Cadence>
      160.2293300628662
    </Cadence><SensorState>
      Present
    </SensorState><Extensions>
      <TPX xmlns="http://www.garmin.com/xmlschemas/ActivityExtension/v2">
      <nax:Nax>
      <nax:Moments>
      <nax:Halt xsi:type="nax:Halt_t" action="auto_pause">
      
    </nax:Halt>
    </nax:Moments>
    </nax:Nax>
    </TPX>
    </Extensions>
    </Trackpoint>
<Trackpoint>
      <Time>
      2024-09-05T18:01:10.444Z
    </Time><SensorState>
      Present
    </SensorState><Extensions>
      <TPX xmlns="http://www.garmin.com/xmlschemas/ActivityExtension/v2">
      <nax:Nax>
      <nax:AscentInMeters>
      0.3600001335144043
    </nax:AscentInMeters><nax:Moments>
      <nax:Halt xsi:type="nax:Halt_t" action="auto_pause">
      
    </nax:Halt>
    </nax:Moments>
    </nax:Nax>
    </TPX>
    </Extensions>
    </Trackpoint>
<Trackpoint>
      <Time>
      2024-09-05T18:01:10.812Z
    </Time><SensorState>
      Present
    </SensorState><Extensions>
      <TPX xmlns="http://www.garmin.com/xmlschemas/ActivityExtension/v2">
      <ns3:Speed>
      2.585515134317976
    </ns3:Speed><nax:Nax>
      <nax:Pace>
      6.446168674647155
    </nax:Pace><nax:Moments>
      <nax:Halt xsi:type="nax:Halt_t" action="auto_pause">
      
    </nax:Halt>
    </nax:Moments>
    </nax:Nax>
    </TPX>
    </Extensions>
    </Trackpoint>
<Trackpoint>
      <Time>
      2024-09-05T18:01:10.813Z
    </Time><DistanceMeters>
      6.860719494521618
    </DistanceMeters><Cadence>
      160.2293300628662
    </Cadence><SensorState>
      Present
    </SensorState><Extensions>
      <TPX xmlns="http://www.garmin.com/xmlschemas/ActivityExtension/v2">
      <nax:Nax>
      <nax:Moments>
      <nax:Halt xsi:type="nax:Halt_t" action="auto_pause">
      
    </nax:Halt>
    </nax:Moments>
    </nax:Nax>
    </TPX>
    </Extensions>
    </Trackpoint>
<Trackpoint>
      <Time>
      2024-09-05T18:01:10.999Z
    </Time><Position>
      <LatitudeDegrees>
      47.422830441075945
    </LatitudeDegrees><LongitudeDegrees>
      -122.29864960810949
    </LongitudeDegrees>
    </Position><AltitudeMeters>
      120.56190119497478
    </AltitudeMeters><SensorState>
      Present
    </SensorState><Extensions>
      <TPX xmlns="http://www.garmin.com/xmlschemas/ActivityExtension/v2">
      <nax:Nax>
      <nax:Moments>
      <nax:Halt xsi:type="nax:Halt_t" action="auto_pause">
      
    </nax:Halt>
    </nax:Moments>
    </nax:Nax>
    </TPX>
    </Extensions>
    </Trackpoint>
<Trackpoint>
      <Time>
      2024-09-05T18:01:12.892Z
    </Time><HeartRateBpm>
      <Value>
      187
    </Value>
    </HeartRateBpm><SensorState>
      Present
    </SensorState><Extensions>
      <TPX xmlns="http://www.garmin.com/xmlschemas/ActivityExtension/v2">
      <nax:Nax>
      <nax:Moments>
      <nax:Halt xsi:type="nax:Halt_t" action="auto_pause">
      
    </nax:Halt>
    </nax:Moments>
    </nax:Nax>
    </TPX>
    </Extensions>
    </Trackpoint>
<Trackpoint>
      <Time>
      2024-09-05T18:01:13.025Z
    </Time><SensorState>
      Present
    </SensorState><Extensions>
      <TPX xmlns="http://www.garmin.com/xmlschemas/ActivityExtension/v2">
      <nax:Nax>
      <nax:AscentInMeters>
      0.4700002670288086
    </nax:AscentInMeters><nax:Moments>
      <nax:Halt xsi:type="nax:Halt_t" action="auto_pause">
      
    </nax:Halt>
    </nax:Moments>
    </nax:Nax>
    </TPX>
    </Extensions>
    </Trackpoint>
<Trackpoint>
      <Time>
      2024-09-05T18:01:13.368Z
    </Time><SensorState>
      Present
    </SensorState><Extensions>
      <TPX xmlns="http://www.garmin.com/xmlschemas/ActivityExtension/v2">
      <ns3:Speed>
      2.6205429270882394
    </ns3:Speed><nax:Nax>
      <nax:Pace>
      6.360005208991359
    </nax:Pace><nax:Moments>
      <nax:Halt xsi:type="nax:Halt_t" action="auto_pause">
      
    </nax:Halt>
    </nax:Moments>
    </nax:Nax>
    </TPX>
    </Extensions>
    </Trackpoint>
<Trackpoint>
      <Time>
      2024-09-05T18:01:13.369Z
    </Time><DistanceMeters>
      8.290598997846246
    </DistanceMeters><Cadence>
      166.9375991821289
    </Cadence><SensorState>
      Present
    </SensorState><Extensions>
      <TPX xmlns="http://www.garmin.com/xmlschemas/ActivityExtension/v2">
      <nax:Nax>
      <nax:Moments>
      <nax:Halt xsi:type="nax:Halt_t" action="auto_pause">
      
    </nax:Halt>
    </nax:Moments>
    </nax:Nax>
    </TPX>
    </Extensions>
    </Trackpoint>
<Trackpoint>
      <Time>
      2024-09-05T18:01:13.892Z
    </Time><HeartRateBpm>
      <Value>
      187
    </Value>
    </HeartRateBpm><SensorState>
      Present
    </SensorState><Extensions>
      <TPX xmlns="http://www.garmin.com/xmlschemas/ActivityExtension/v2">
      <nax:Nax>
      <nax:Moments>
      <nax:Halt xsi:type="nax:Halt_t" action="auto_pause">
      
    </nax:Halt>
    </nax:Moments>
    </nax:Nax>
    </TPX>
    </Extensions>
    </Trackpoint>
<Trackpoint>
      <Time>
      2024-09-05T18:01:13.999Z
    </Time><Position>
      <LatitudeDegrees>
      47.42287069345418
    </LatitudeDegrees><LongitudeDegrees>
      -122.29852794360121
    </LongitudeDegrees>
    </Position><AltitudeMeters>
      121.19128412939608
    </AltitudeMeters><SensorState>
      Present
    </SensorState><Extensions>
      <TPX xmlns="http://www.garmin.com/xmlschemas/ActivityExtension/v2">
      <nax:Nax>
      <nax:Moments>
      <nax:Halt xsi:type="nax:Halt_t" action="auto_pause">
      
    </nax:Halt>
    </nax:Moments>
    </nax:Nax>
    </TPX>
    </Extensions>
    </Trackpoint>
<Trackpoint>
      <Time>
      2024-09-05T18:01:15.000Z
    </Time><SensorState>
      Present
    </SensorState><Extensions>
      <TPX xmlns="http://www.garmin.com/xmlschemas/ActivityExtension/v2">
      <nax:Nax>
      <nax:NikeFuel>
      7.08002854553713
    </nax:NikeFuel><nax:Moments>
      <nax:Halt xsi:type="nax:Halt_t" action="auto_pause">
      
    </nax:Halt>
    </nax:Moments>
    </nax:Nax>
    </TPX>
    </Extensions>
    </Trackpoint>
<Trackpoint>
      <Time>
      2024-09-05T18:01:15.606Z
    </Time><SensorState>
      Present
    </SensorState><Extensions>
      <TPX xmlns="http://www.garmin.com/xmlschemas/ActivityExtension/v2">
      <nax:Nax>
      <nax:AscentInMeters>
      0.45999956130981445
    </nax:AscentInMeters><nax:Moments>
      <nax:Halt xsi:type="nax:Halt_t" action="auto_pause">
      
    </nax:Halt>
    </nax:Moments>
    </nax:Nax>
    </TPX>
    </Extensions>
    </Trackpoint>
<Trackpoint>
      <Time>
      2024-09-05T18:01:15.924Z
    </Time><SensorState>
      Present
    </SensorState><Extensions>
      <TPX xmlns="http://www.garmin.com/xmlschemas/ActivityExtension/v2">
      <ns3:Speed>
      2.6998746844937043
    </ns3:Speed><nax:Nax>
      <nax:Pace>
      6.1731260203997556
    </nax:Pace><nax:Moments>
      <nax:Halt xsi:type="nax:Halt_t" action="auto_pause">
      
    </nax:Halt>
    </nax:Moments>
    </nax:Nax>
    </TPX>
    </Extensions>
    </Trackpoint>
<Trackpoint>
      <Time>
      2024-09-05T18:01:15.925Z
    </Time><DistanceMeters>
      7.6215199418365955
    </DistanceMeters><Cadence>
      166.9375991821289
    </Cadence><SensorState>
      Present
    </SensorState><Extensions>
      <TPX xmlns="http://www.garmin.com/xmlschemas/ActivityExtension/v2">
      <nax:Nax>
      <nax:Moments>
      <nax:Halt xsi:type="nax:Halt_t" action="auto_pause">
      
    </nax:Halt>
    </nax:Moments>
    </nax:Nax>
    </TPX>
    </Extensions>
    </Trackpoint>
<Trackpoint>
      <Time>
      2024-09-05T18:01:17.999Z
    </Time><Position>
      <LatitudeDegrees>
      47.42287948902762
    </LatitudeDegrees><LongitudeDegrees>
      -122.298362778815
    </LongitudeDegrees>
    </Position><AltitudeMeters>
      122.17450344283134
    </AltitudeMeters><SensorState>
      Present
    </SensorState><Extensions>
      <TPX xmlns="http://www.garmin.com/xmlschemas/ActivityExtension/v2">
      <nax:Nax>
      <nax:Moments>
      <nax:Halt xsi:type="nax:Halt_t" action="auto_pause">
      
    </nax:Halt>
    </nax:Moments>
    </nax:Nax>
    </TPX>
    </Extensions>
    </Trackpoint>
<Trackpoint>
      <Time>
      2024-09-05T18:01:18.188Z
    </Time><SensorState>
      Present
    </SensorState><Extensions>
      <TPX xmlns="http://www.garmin.com/xmlschemas/ActivityExtension/v2">
      <nax:Nax>
      <nax:AscentInMeters>
      0.4100003242492676
    </nax:AscentInMeters><nax:Moments>
      <nax:Halt xsi:type="nax:Halt_t" action="auto_pause">
      
    </nax:Halt>
    </nax:Moments>
    </nax:Nax>
    </TPX>
    </Extensions>
    </Trackpoint>
<Trackpoint>
      <Time>
      2024-09-05T18:01:18.479Z
    </Time><SensorState>
      Present
    </SensorState><Extensions>
      <TPX xmlns="http://www.garmin.com/xmlschemas/ActivityExtension/v2">
      <ns3:Speed>
      2.704658522326852
    </ns3:Speed><nax:Nax>
      <nax:Pace>
      6.162207365212271
    </nax:Pace><nax:Moments>
      <nax:Halt xsi:type="nax:Halt_t" action="auto_pause">
      
    </nax:Halt>
    </nax:Moments>
    </nax:Nax>
    </TPX>
    </Extensions>
    </Trackpoint>
<Trackpoint>
      <Time>
      2024-09-05T18:01:18.480Z
    </Time><DistanceMeters>
      7.436661917716265
    </DistanceMeters><Cadence>
      164.32936191558838
    </Cadence><SensorState>
      Present
    </SensorState><Extensions>
      <TPX xmlns="http://www.garmin.com/xmlschemas/ActivityExtension/v2">
      <nax:Nax>
      <nax:Moments>
      <nax:Halt xsi:type="nax:Halt_t" action="auto_pause">
      
    </nax:Halt>
    </nax:Moments>
    </nax:Nax>
    </TPX>
    </Extensions>
    </Trackpoint>
<Trackpoint>
      <Time>
      2024-09-05T18:01:20.769Z
    </Time><SensorState>
      Present
    </SensorState><Extensions>
      <TPX xmlns="http://www.garmin.com/xmlschemas/ActivityExtension/v2">
      <nax:Nax>
      <nax:AscentInMeters>
      0.6599998474121094
    </nax:AscentInMeters><nax:Moments>
      <nax:Halt xsi:type="nax:Halt_t" action="auto_pause">
      
    </nax:Halt>
    </nax:Moments>
    </nax:Nax>
    </TPX>
    </Extensions>
    </Trackpoint>
<Trackpoint>
      <Time>
      2024-09-05T18:01:20.892Z
    </Time><HeartRateBpm>
      <Value>
      188
    </Value>
    </HeartRateBpm><SensorState>
      Present
    </SensorState><Extensions>
      <TPX xmlns="http://www.garmin.com/xmlschemas/ActivityExtension/v2">
      <nax:Nax>
      <nax:Moments>
      <nax:Halt xsi:type="nax:Halt_t" action="auto_pause">
      
    </nax:Halt>
    </nax:Moments>
    </nax:Nax>
    </TPX>
    </Extensions>
    </Trackpoint>
<Trackpoint>
      <Time>
      2024-09-05T18:01:21.035Z
    </Time><SensorState>
      Present
    </SensorState><Extensions>
      <TPX xmlns="http://www.garmin.com/xmlschemas/ActivityExtension/v2">
      <ns3:Speed>
      2.711498132589105
    </ns3:Speed><nax:Nax>
      <nax:Pace>
      6.146663523884602
    </nax:Pace><nax:Moments>
      <nax:Halt xsi:type="nax:Halt_t" action="auto_pause">
      
    </nax:Halt>
    </nax:Moments>
    </nax:Nax>
    </TPX>
    </Extensions>
    </Trackpoint>
<Trackpoint>
      <Time>
      2024-09-05T18:01:21.036Z
    </Time><DistanceMeters>
      8.425682361237705
    </DistanceMeters><Cadence>
      163.90258312225342
    </Cadence><SensorState>
      Present
    </SensorState><Extensions>
      <TPX xmlns="http://www.garmin.com/xmlschemas/ActivityExtension/v2">
      <nax:Nax>
      <nax:Moments>
      <nax:Halt xsi:type="nax:Halt_t" action="auto_pause">
      
    </nax:Halt>
    </nax:Moments>
    </nax:Nax>
    </TPX>
    </Extensions>
    </Trackpoint>
<Trackpoint>
      <Time>
      2024-09-05T18:01:21.999Z
    </Time><Position>
      <LatitudeDegrees>
      47.4228803246912
    </LatitudeDegrees><LongitudeDegrees>
      -122.2982041658162
    </LongitudeDegrees>
    </Position><AltitudeMeters>
      122.77110921405256
    </AltitudeMeters><SensorState>
      Present
    </SensorState><Extensions>
      <TPX xmlns="http://www.garmin.com/xmlschemas/ActivityExtension/v2">
      <nax:Nax>
      <nax:Moments>
      <nax:Halt xsi:type="nax:Halt_t" action="auto_pause">
      
    </nax:Halt>
    </nax:Moments>
    </nax:Nax>
    </TPX>
    </Extensions>
    </Trackpoint>
<Trackpoint>
      <Time>
      2024-09-05T18:01:23.350Z
    </Time><SensorState>
      Present
    </SensorState><Extensions>
      <TPX xmlns="http://www.garmin.com/xmlschemas/ActivityExtension/v2">
      <nax:Nax>
      <nax:AscentInMeters>
      0.5
    </nax:AscentInMeters><nax:Moments>
      <nax:Halt xsi:type="nax:Halt_t" action="auto_pause">
      
    </nax:Halt>
    </nax:Moments>
    </nax:Nax>
    </TPX>
    </Extensions>
    </Trackpoint>
<Trackpoint>
      <Time>
      2024-09-05T18:01:23.591Z
    </Time><SensorState>
      Present
    </SensorState><Extensions>
      <TPX xmlns="http://www.garmin.com/xmlschemas/ActivityExtension/v2">
      <ns3:Speed>
      2.748133963569589
    </ns3:Speed><nax:Nax>
      <nax:Pace>
      6.064721330039567
    </nax:Pace><nax:Moments>
      <nax:Halt xsi:type="nax:Halt_t" action="auto_pause">
      
    </nax:Halt>
    </nax:Moments>
    </nax:Nax>
    </TPX>
    </Extensions>
    </Trackpoint>
<Trackpoint>
      <Time>
      2024-09-05T18:01:23.592Z
    </Time><DistanceMeters>
      6.330046769231558
    </DistanceMeters><Cadence>
      162.26321697235107
    </Cadence><SensorState>
      Present
    </SensorState><Extensions>
      <TPX xmlns="http://www.garmin.com/xmlschemas/ActivityExtension/v2">
      <nax:Nax>
      <nax:Moments>
      <nax:Halt xsi:type="nax:Halt_t" action="auto_pause">
      
    </nax:Halt>
    </nax:Moments>
    </nax:Nax>
    </TPX>
    </Extensions>
    </Trackpoint>
<Trackpoint>
      <Time>
      2024-09-05T18:01:25.000Z
    </Time><SensorState>
      Present
    </SensorState><Extensions>
      <TPX xmlns="http://www.garmin.com/xmlschemas/ActivityExtension/v2">
      <nax:Nax>
      <nax:NikeFuel>
      6.972673613452745
    </nax:NikeFuel><nax:Moments>
      <nax:Halt xsi:type="nax:Halt_t" action="auto_pause">
      
    </nax:Halt>
    </nax:Moments>
    </nax:Nax>
    </TPX>
    </Extensions>
    </Trackpoint>
<Trackpoint>
      <Time>
      2024-09-05T18:01:25.932Z
    </Time><SensorState>
      Present
    </SensorState><Extensions>
      <TPX xmlns="http://www.garmin.com/xmlschemas/ActivityExtension/v2">
      <nax:Nax>
      <nax:AscentInMeters>
      0.46000051498413086
    </nax:AscentInMeters><nax:Moments>
      <nax:Halt xsi:type="nax:Halt_t" action="auto_pause">
      
    </nax:Halt>
    </nax:Moments>
    </nax:Nax>
    </TPX>
    </Extensions>
    </Trackpoint>
<Trackpoint>
      <Time>
      2024-09-05T18:01:25.999Z
    </Time><Position>
      <LatitudeDegrees>
      47.422858698223784
    </LatitudeDegrees><LongitudeDegrees>
      -122.29805151459539
    </LongitudeDegrees>
    </Position><AltitudeMeters>
      123.25272766686976
    </AltitudeMeters><SensorState>
      Present
    </SensorState><Extensions>
      <TPX xmlns="http://www.garmin.com/xmlschemas/ActivityExtension/v2">
      <nax:Nax>
      <nax:Moments>
      <nax:Halt xsi:type="nax:Halt_t" action="auto_pause">
      
    </nax:Halt>
    </nax:Moments>
    </nax:Nax>
    </TPX>
    </Extensions>
    </Trackpoint>
<Trackpoint>
      <Time>
      2024-09-05T18:01:26.147Z
    </Time><SensorState>
      Present
    </SensorState><Extensions>
      <TPX xmlns="http://www.garmin.com/xmlschemas/ActivityExtension/v2">
      <ns3:Speed>
      2.715602496380752
    </ns3:Speed><nax:Nax>
      <nax:Pace>
      6.137373451703385
    </nax:Pace><nax:Moments>
      <nax:Halt xsi:type="nax:Halt_t" action="auto_pause">
      
    </nax:Halt>
    </nax:Moments>
    </nax:Nax>
    </TPX>
    </Extensions>
    </Trackpoint>
<Trackpoint>
      <Time>
      2024-09-05T18:01:26.148Z
    </Time><DistanceMeters>
      7.2900304133072495
    </DistanceMeters><Cadence>
      161.14487171173096
    </Cadence><SensorState>
      Present
    </SensorState><Extensions>
      <TPX xmlns="http://www.garmin.com/xmlschemas/ActivityExtension/v2">
      <nax:Nax>
      <nax:Moments>
      <nax:Halt xsi:type="nax:Halt_t" action="auto_pause">
      
    </nax:Halt>
    </nax:Moments>
    </nax:Nax>
    </TPX>
    </Extensions>
    </Trackpoint>
<Trackpoint>
      <Time>
      2024-09-05T18:01:26.892Z
    </Time><HeartRateBpm>
      <Value>
      188
    </Value>
    </HeartRateBpm><SensorState>
      Present
    </SensorState><Extensions>
      <TPX xmlns="http://www.garmin.com/xmlschemas/ActivityExtension/v2">
      <nax:Nax>
      <nax:Moments>
      <nax:Halt xsi:type="nax:Halt_t" action="auto_pause">
      
    </nax:Halt>
    </nax:Moments>
    </nax:Nax>
    </TPX>
    </Extensions>
    </Trackpoint>
<Trackpoint>
      <Time>
      2024-09-05T18:01:28.513Z
    </Time><SensorState>
      Present
    </SensorState><Extensions>
      <TPX xmlns="http://www.garmin.com/xmlschemas/ActivityExtension/v2">
      <nax:Nax>
      <nax:AscentInMeters>
      0.4099998474121094
    </nax:AscentInMeters><nax:Moments>
      <nax:Halt xsi:type="nax:Halt_t" action="auto_pause">
      
    </nax:Halt>
    </nax:Moments>
    </nax:Nax>
    </TPX>
    </Extensions>
    </Trackpoint>
<Trackpoint>
      <Time>
      2024-09-05T18:01:28.703Z
    </Time><SensorState>
      Present
    </SensorState><Extensions>
      <TPX xmlns="http://www.garmin.com/xmlschemas/ActivityExtension/v2">
      <ns3:Speed>
      2.675169673026084
    </ns3:Speed><nax:Nax>
      <nax:Pace>
      6.230134422768689
    </nax:Pace><nax:Moments>
      <nax:Halt xsi:type="nax:Halt_t" action="auto_pause">
      
    </nax:Halt>
    </nax:Moments>
    </nax:Nax>
    </TPX>
    </Extensions>
    </Trackpoint>
<Trackpoint>
      <Time>
      2024-09-05T18:01:28.704Z
    </Time><DistanceMeters>
      7.38323335070163
    </DistanceMeters><Cadence>
      161.14487171173096
    </Cadence><SensorState>
      Present
    </SensorState><Extensions>
      <TPX xmlns="http://www.garmin.com/xmlschemas/ActivityExtension/v2">
      <nax:Nax>
      <nax:Moments>
      <nax:Halt xsi:type="nax:Halt_t" action="auto_pause">
      
    </nax:Halt>
    </nax:Moments>
    </nax:Nax>
    </TPX>
    </Extensions>
    </Trackpoint>
<Trackpoint>
      <Time>
      2024-09-05T18:01:28.892Z
    </Time><HeartRateBpm>
      <Value>
      189
    </Value>
    </HeartRateBpm><SensorState>
      Present
    </SensorState><Extensions>
      <TPX xmlns="http://www.garmin.com/xmlschemas/ActivityExtension/v2">
      <nax:Nax>
      <nax:Moments>
      <nax:Halt xsi:type="nax:Halt_t" action="auto_pause">
      
    </nax:Halt>
    </nax:Moments>
    </nax:Nax>
    </TPX>
    </Extensions>
    </Trackpoint>
<Trackpoint>
      <Time>
      2024-09-05T18:01:30.000Z
    </Time><Position>
      <LatitudeDegrees>
      47.42287522725512
    </LatitudeDegrees><LongitudeDegrees>
      -122.2979044421243
    </LongitudeDegrees>
    </Position><AltitudeMeters>
      124.86324868910015
    </AltitudeMeters><SensorState>
      Present
    </SensorState><Extensions>
      <TPX xmlns="http://www.garmin.com/xmlschemas/ActivityExtension/v2">
      <nax:Nax>
      <nax:Moments>
      <nax:Halt xsi:type="nax:Halt_t" action="auto_pause">
      
    </nax:Halt>
    </nax:Moments>
    </nax:Nax>
    </TPX>
    </Extensions>
    </Trackpoint>
<Trackpoint>
      <Time>
      2024-09-05T18:01:31.093Z
    </Time><SensorState>
      Present
    </SensorState><Extensions>
      <TPX xmlns="http://www.garmin.com/xmlschemas/ActivityExtension/v2">
      <nax:Nax>
      <nax:AscentInMeters>
      0.5099992752075195
    </nax:AscentInMeters><nax:Moments>
      <nax:Halt xsi:type="nax:Halt_t" action="auto_pause">
      
    </nax:Halt>
    </nax:Moments>
    </nax:Nax>
    </TPX>
    </Extensions>
    </Trackpoint>
<Trackpoint>
      <Time>
      2024-09-05T18:01:31.259Z
    </Time><SensorState>
      Present
    </SensorState><Extensions>
      <TPX xmlns="http://www.garmin.com/xmlschemas/ActivityExtension/v2">
      <ns3:Speed>
      2.668903251425721
    </ns3:Speed><nax:Nax>
      <nax:Pace>
      6.244762397349315
    </nax:Pace><nax:Moments>
      <nax:Halt xsi:type="nax:Halt_t" action="auto_pause">
      
    </nax:Halt>
    </nax:Moments>
    </nax:Nax>
    </TPX>
    </Extensions>
    </Trackpoint>
<Trackpoint>
      <Time>
      2024-09-05T18:01:31.260Z
    </Time><DistanceMeters>
      5.78383634891361
    </DistanceMeters><Cadence>
      161.14487171173096
    </Cadence><SensorState>
      Present
    </SensorState><Extensions>
      <TPX xmlns="http://www.garmin.com/xmlschemas/ActivityExtension/v2">
      <nax:Nax>
      <nax:Moments>
      <nax:Halt xsi:type="nax:Halt_t" action="auto_pause">
      
    </nax:Halt>
    </nax:Moments>
    </nax:Nax>
    </TPX>
    </Extensions>
    </Trackpoint>
<Trackpoint>
      <Time>
      2024-09-05T18:01:33.675Z
    </Time><SensorState>
      Present
    </SensorState><Extensions>
      <TPX xmlns="http://www.garmin.com/xmlschemas/ActivityExtension/v2">
      <nax:Nax>
      <nax:AscentInMeters>
      0.4500002861022949
    </nax:AscentInMeters><nax:Moments>
      <nax:Halt xsi:type="nax:Halt_t" action="auto_pause">
      
    </nax:Halt>
    </nax:Moments>
    </nax:Nax>
    </TPX>
    </Extensions>
    </Trackpoint>
<Trackpoint>
      <Time>
      2024-09-05T18:01:33.815Z
    </Time><SensorState>
      Present
    </SensorState><Extensions>
      <TPX xmlns="http://www.garmin.com/xmlschemas/ActivityExtension/v2">
      <ns3:Speed>
      2.627991843372532
    </ns3:Speed><nax:Nax>
      <nax:Pace>
      6.341978080600945
    </nax:Pace><nax:Moments>
      <nax:Halt xsi:type="nax:Halt_t" action="auto_pause">
      
    </nax:Halt>
    </nax:Moments>
    </nax:Nax>
    </TPX>
    </Extensions>
    </Trackpoint>
<Trackpoint>
      <Time>
      2024-09-05T18:01:33.816Z
    </Time><DistanceMeters>
      5.328261761926115
    </DistanceMeters><Cadence>
      161.14487171173096
    </Cadence><SensorState>
      Present
    </SensorState><Extensions>
      <TPX xmlns="http://www.garmin.com/xmlschemas/ActivityExtension/v2">
      <nax:Nax>
      <nax:Moments>
      <nax:Halt xsi:type="nax:Halt_t" action="auto_pause">
      
    </nax:Halt>
    </nax:Moments>
    </nax:Nax>
    </TPX>
    </Extensions>
    </Trackpoint>
<Trackpoint>
      <Time>
      2024-09-05T18:01:35.000Z
    </Time><Position>
      <LatitudeDegrees>
      47.42295078043687
    </LatitudeDegrees><LongitudeDegrees>
      -122.29778759868827
    </LongitudeDegrees>
    </Position><AltitudeMeters>
      125.57447449490428
    </AltitudeMeters><SensorState>
      Present
    </SensorState><Extensions>
      <TPX xmlns="http://www.garmin.com/xmlschemas/ActivityExtension/v2">
      <nax:Nax>
      <nax:NikeFuel>
      6.100049040365776
    </nax:NikeFuel><nax:Moments>
      <nax:Halt xsi:type="nax:Halt_t" action="auto_pause">
      
    </nax:Halt>
    </nax:Moments>
    </nax:Nax>
    </TPX>
    </Extensions>
    </Trackpoint>
<Trackpoint>
      <Time>
      2024-09-05T18:01:36.256Z
    </Time><SensorState>
      Present
    </SensorState><Extensions>
      <TPX xmlns="http://www.garmin.com/xmlschemas/ActivityExtension/v2">
      <nax:Nax>
      <nax:AscentInMeters>
      0.3899993896484375
    </nax:AscentInMeters><nax:Moments>
      <nax:Halt xsi:type="nax:Halt_t" action="auto_pause">
      
    </nax:Halt>
    </nax:Moments>
    </nax:Nax>
    </TPX>
    </Extensions>
    </Trackpoint>
<Trackpoint>
      <Time>
      2024-09-05T18:01:36.370Z
    </Time><DistanceMeters>
      3.2060072971507907
    </DistanceMeters><SensorState>
      Present
    </SensorState><Extensions>
      <TPX xmlns="http://www.garmin.com/xmlschemas/ActivityExtension/v2">
      <ns3:Speed>
      2.612968588382702
    </ns3:Speed><nax:Nax>
      <nax:Pace>
      6.378441264379112
    </nax:Pace><nax:Moments>
      <nax:Halt xsi:type="nax:Halt_t" action="auto_pause">
      
    </nax:Halt>
    </nax:Moments>
    </nax:Nax>
    </TPX>
    </Extensions>
    </Trackpoint>
<Trackpoint>
      <Time>
      2024-09-05T18:01:36.371Z
    </Time><Cadence>
      161.14487171173096
    </Cadence><SensorState>
      Present
    </SensorState><Extensions>
      <TPX xmlns="http://www.garmin.com/xmlschemas/ActivityExtension/v2">
      <nax:Nax>
      <nax:Moments>
      <nax:Halt xsi:type="nax:Halt_t" action="auto_pause">
      
    </nax:Halt>
    </nax:Moments>
    </nax:Nax>
    </TPX>
    </Extensions>
    </Trackpoint>
<Trackpoint>
      <Time>
      2024-09-05T18:01:38.837Z
    </Time><SensorState>
      Present
    </SensorState><Extensions>
      <TPX xmlns="http://www.garmin.com/xmlschemas/ActivityExtension/v2">
      <nax:Nax>
      <nax:AscentInMeters>
      0.3800010681152344
    </nax:AscentInMeters><nax:Moments>
      <nax:Halt xsi:type="nax:Halt_t" action="auto_pause">
      
    </nax:Halt>
    </nax:Moments>
    </nax:Nax>
    </TPX>
    </Extensions>
    </Trackpoint>
<Trackpoint>
      <Time>
      2024-09-05T18:01:38.935Z
    </Time><DistanceMeters>
      4.253942581824958
    </DistanceMeters><SensorState>
      Present
    </SensorState><Extensions>
      <TPX xmlns="http://www.garmin.com/xmlschemas/ActivityExtension/v2">
      <ns3:Speed>
      2.358789555593639
    </ns3:Speed><nax:Nax>
      <nax:Pace>
      7.065770927780859
    </nax:Pace><nax:Moments>
      <nax:Halt xsi:type="nax:Halt_t" action="auto_pause">
      
    </nax:Halt>
    </nax:Moments>
    </nax:Nax>
    </TPX>
    </Extensions>
    </Trackpoint>
<Trackpoint>
      <Time>
      2024-09-05T18:01:38.936Z
    </Time><Cadence>
      161.14487171173096
    </Cadence><SensorState>
      Present
    </SensorState><Extensions>
      <TPX xmlns="http://www.garmin.com/xmlschemas/ActivityExtension/v2">
      <nax:Nax>
      <nax:Moments>
      <nax:Halt xsi:type="nax:Halt_t" action="auto_pause">
      
    </nax:Halt>
    </nax:Moments>
    </nax:Nax>
    </TPX>
    </Extensions>
    </Trackpoint>
<Trackpoint>
      <Time>
      2024-09-05T18:01:41.000Z
    </Time><Position>
      <LatitudeDegrees>
      47.422876742420755
    </LatitudeDegrees><LongitudeDegrees>
      -122.29769133345803
    </LongitudeDegrees>
    </Position><AltitudeMeters>
      125.02959495317191
    </AltitudeMeters><SensorState>
      Present
    </SensorState><Extensions>
      <TPX xmlns="http://www.garmin.com/xmlschemas/ActivityExtension/v2">
      <nax:Nax>
      <nax:Moments>
      <nax:Halt xsi:type="nax:Halt_t" action="auto_pause">
      
    </nax:Halt>
    </nax:Moments>
    </nax:Nax>
    </TPX>
    </Extensions>
    </Trackpoint>
<Trackpoint>
      <Time>
      2024-09-05T18:01:41.418Z
    </Time><SensorState>
      Present
    </SensorState><Extensions>
      <TPX xmlns="http://www.garmin.com/xmlschemas/ActivityExtension/v2">
      <nax:Nax>
      <nax:AscentInMeters>
      0.18000030517578125
    </nax:AscentInMeters><nax:Moments>
      <nax:Halt xsi:type="nax:Halt_t" action="auto_pause">
      
    </nax:Halt>
    </nax:Moments>
    </nax:Nax>
    </TPX>
    </Extensions>
    </Trackpoint>
<Trackpoint>
      <Time>
      2024-09-05T18:01:41.501Z
    </Time><DistanceMeters>
      2.782762079499662
    </DistanceMeters><SensorState>
      Present
    </SensorState><Extensions>
      <TPX xmlns="http://www.garmin.com/xmlschemas/ActivityExtension/v2">
      <ns3:Speed>
      2.266932828788724
    </ns3:Speed><nax:Nax>
      <nax:Pace>
      7.352077862656416
    </nax:Pace><nax:Moments>
      <nax:Halt xsi:type="nax:Halt_t" action="auto_pause">
      
    </nax:Halt>
    </nax:Moments>
    </nax:Nax>
    </TPX>
    </Extensions>
    </Trackpoint>
<Trackpoint>
      <Time>
      2024-09-05T18:01:41.502Z
    </Time><Cadence>
      109.98498916625977
    </Cadence><SensorState>
      Present
    </SensorState><Extensions>
      <TPX xmlns="http://www.garmin.com/xmlschemas/ActivityExtension/v2">
      <nax:Nax>
      <nax:Moments>
      <nax:Halt xsi:type="nax:Halt_t" action="auto_pause">
      
    </nax:Halt>
    </nax:Moments>
    </nax:Nax>
    </TPX>
    </Extensions>
    </Trackpoint>
<Trackpoint>
      <Time>
      2024-09-05T18:01:44.000Z
    </Time><SensorState>
      Present
    </SensorState><Extensions>
      <TPX xmlns="http://www.garmin.com/xmlschemas/ActivityExtension/v2">
      <nax:Nax>
      <nax:AscentInMeters>
      0.06999969482421875
    </nax:AscentInMeters><nax:Moments>
      <nax:Halt xsi:type="nax:Halt_t" action="auto_pause">
      
    </nax:Halt>
    </nax:Moments>
    </nax:Nax>
    </TPX>
    </Extensions>
    </Trackpoint>
<Trackpoint>
      <Time>
      2024-09-05T18:01:44.066Z
    </Time><SensorState>
      Present
    </SensorState><Extensions>
      <TPX xmlns="http://www.garmin.com/xmlschemas/ActivityExtension/v2">
      <ns3:Speed>
      2.0143284113134814
    </ns3:Speed><nax:Nax>
      <nax:Pace>
      8.274056292438852
    </nax:Pace><nax:Moments>
      <nax:Halt xsi:type="nax:Halt_t" action="auto_pause">
      
    </nax:Halt>
    </nax:Moments>
    </nax:Nax>
    </TPX>
    </Extensions>
    </Trackpoint>
<Trackpoint>
      <Time>
      2024-09-05T18:01:44.067Z
    </Time><DistanceMeters>
      1.3138973973691463
    </DistanceMeters><Cadence>
      109.98498916625977
    </Cadence><SensorState>
      Present
    </SensorState><Extensions>
      <TPX xmlns="http://www.garmin.com/xmlschemas/ActivityExtension/v2">
      <nax:Nax>
      <nax:Moments>
      <nax:Halt xsi:type="nax:Halt_t" action="auto_pause">
      
    </nax:Halt>
    </nax:Moments>
    </nax:Nax>
    </TPX>
    </Extensions>
    </Trackpoint>
<Trackpoint>
      <Time>
      2024-09-05T18:01:45.000Z
    </Time><SensorState>
      Present
    </SensorState><Extensions>
      <TPX xmlns="http://www.garmin.com/xmlschemas/ActivityExtension/v2">
      <nax:Nax>
      <nax:NikeFuel>
      2.4247588696433215
    </nax:NikeFuel><nax:Moments>
      <nax:Halt xsi:type="nax:Halt_t" action="auto_pause">
      
    </nax:Halt>
    </nax:Moments>
    </nax:Nax>
    </TPX>
    </Extensions>
    </Trackpoint>
<Trackpoint>
      <Time>
      2024-09-05T18:01:46.580Z
    </Time><SensorState>
      Present
    </SensorState><Extensions>
      <TPX xmlns="http://www.garmin.com/xmlschemas/ActivityExtension/v2">
      <nax:Nax>
      <nax:AscentInMeters>
      0.26000022888183594
    </nax:AscentInMeters><nax:Moments>
      <nax:Halt xsi:type="nax:Halt_t" action="auto_pause">
      
    </nax:Halt>
    </nax:Moments>
    </nax:Nax>
    </TPX>
    </Extensions>
    </Trackpoint>
<Trackpoint>
      <Time>
      2024-09-05T18:01:46.631Z
    </Time><SensorState>
      Present
    </SensorState><Extensions>
      <TPX xmlns="http://www.garmin.com/xmlschemas/ActivityExtension/v2">
      <ns3:Speed>
      0.8131527284712181
    </ns3:Speed><nax:Nax>
      <nax:Pace>
      20.49635459995458
    </nax:Pace><nax:Moments>
      <nax:Halt xsi:type="nax:Halt_t" action="auto_pause">
      
    </nax:Halt>
    </nax:Moments>
    </nax:Nax>
    </TPX>
    </Extensions>
    </Trackpoint>
<Trackpoint>
      <Time>
      2024-09-05T18:01:46.632Z
    </Time><DistanceMeters>
      4.926037673838437
    </DistanceMeters><Cadence>
      116.43399238586426
    </Cadence><SensorState>
      Present
    </SensorState><Extensions>
      <TPX xmlns="http://www.garmin.com/xmlschemas/ActivityExtension/v2">
      <nax:Nax>
      <nax:Moments>
      <nax:Halt xsi:type="nax:Halt_t" action="auto_pause">
      
    </nax:Halt>
    </nax:Moments>
    </nax:Nax>
    </TPX>
    </Extensions>
    </Trackpoint>
<Trackpoint>
      <Time>
      2024-09-05T18:01:48.000Z
    </Time><Position>
      <LatitudeDegrees>
      47.42297048212994
    </LatitudeDegrees><LongitudeDegrees>
      -122.29768495647794
    </LongitudeDegrees>
    </Position><AltitudeMeters>
      126.25474342796952
    </AltitudeMeters><SensorState>
      Present
    </SensorState><Extensions>
      <TPX xmlns="http://www.garmin.com/xmlschemas/ActivityExtension/v2">
      <nax:Nax>
      <nax:Moments>
      <nax:Halt xsi:type="nax:Halt_t" action="auto_pause">
      
    </nax:Halt>
    </nax:Moments>
    </nax:Nax>
    </TPX>
    </Extensions>
    </Trackpoint>
<Trackpoint>
      <Time>
      2024-09-05T18:01:49.162Z
    </Time><SensorState>
      Present
    </SensorState><Extensions>
      <TPX xmlns="http://www.garmin.com/xmlschemas/ActivityExtension/v2">
      <nax:Nax>
      <nax:AscentInMeters>
      0.2199993133544922
    </nax:AscentInMeters><nax:Moments>
      <nax:Halt xsi:type="nax:Halt_t" action="auto_pause">
      
    </nax:Halt>
    </nax:Moments>
    </nax:Nax>
    </TPX>
    </Extensions>
    </Trackpoint>
<Trackpoint>
      <Time>
      2024-09-05T18:01:49.196Z
    </Time><SensorState>
      Present
    </SensorState><Extensions>
      <TPX xmlns="http://www.garmin.com/xmlschemas/ActivityExtension/v2">
      <ns3:Speed>
      1.8187644561398664
    </ns3:Speed><nax:Nax>
      <nax:Pace>
      9.163730141306967
    </nax:Pace><nax:Moments>
      <nax:Halt xsi:type="nax:Halt_t" action="auto_pause">
      
    </nax:Halt>
    </nax:Moments>
    </nax:Nax>
    </TPX>
    </Extensions>
    </Trackpoint>
<Trackpoint>
      <Time>
      2024-09-05T18:01:49.197Z
    </Time><DistanceMeters>
      3.0984678771346807
    </DistanceMeters><Cadence>
      116.43399238586426
    </Cadence><SensorState>
      Present
    </SensorState><Extensions>
      <TPX xmlns="http://www.garmin.com/xmlschemas/ActivityExtension/v2">
      <nax:Nax>
      <nax:Moments>
      <nax:Halt xsi:type="nax:Halt_t" action="auto_pause">
      
    </nax:Halt>
    </nax:Moments>
    </nax:Nax>
    </TPX>
    </Extensions>
    </Trackpoint>
<Trackpoint>
      <Time>
      2024-09-05T18:01:51.743Z
    </Time><SensorState>
      Present
    </SensorState><Extensions>
      <TPX xmlns="http://www.garmin.com/xmlschemas/ActivityExtension/v2">
      <nax:Nax>
      <nax:AscentInMeters>
      0.14999961853027344
    </nax:AscentInMeters><nax:Moments>
      <nax:Halt xsi:type="nax:Halt_t" action="auto_pause">
      
    </nax:Halt>
    </nax:Moments>
    </nax:Nax>
    </TPX>
    </Extensions>
    </Trackpoint>
<Trackpoint>
      <Time>
      2024-09-05T18:01:51.761Z
    </Time><SensorState>
      Present
    </SensorState><Extensions>
      <TPX xmlns="http://www.garmin.com/xmlschemas/ActivityExtension/v2">
      <ns3:Speed>
      1.2542579098083628
    </ns3:Speed><nax:Nax>
      <nax:Pace>
      13.288069811106995
    </nax:Pace><nax:Moments>
      <nax:Halt xsi:type="nax:Halt_t" action="auto_pause">
      
    </nax:Halt>
    </nax:Moments>
    </nax:Nax>
    </TPX>
    </Extensions>
    </Trackpoint>
<Trackpoint>
      <Time>
      2024-09-05T18:01:51.762Z
    </Time><DistanceMeters>
      3.7439974173903465
    </DistanceMeters><Cadence>
      116.33127450942993
    </Cadence><SensorState>
      Present
    </SensorState><Extensions>
      <TPX xmlns="http://www.garmin.com/xmlschemas/ActivityExtension/v2">
      <nax:Nax>
      <nax:Moments>
      <nax:Halt xsi:type="nax:Halt_t" action="auto_pause">
      
    </nax:Halt>
    </nax:Moments>
    </nax:Nax>
    </TPX>
    </Extensions>
    </Trackpoint>
<Trackpoint>
      <Time>
      2024-09-05T18:01:52.892Z
    </Time><HeartRateBpm>
      <Value>
      187
    </Value>
    </HeartRateBpm><SensorState>
      Present
    </SensorState><Extensions>
      <TPX xmlns="http://www.garmin.com/xmlschemas/ActivityExtension/v2">
      <nax:Nax>
      <nax:Moments>
      <nax:Halt xsi:type="nax:Halt_t" action="auto_pause">
      
    </nax:Halt>
    </nax:Moments>
    </nax:Nax>
    </TPX>
    </Extensions>
    </Trackpoint>
<Trackpoint>
      <Time>
      2024-09-05T18:01:54.324Z
    </Time><SensorState>
      Present
    </SensorState><Extensions>
      <TPX xmlns="http://www.garmin.com/xmlschemas/ActivityExtension/v2">
      <nax:Nax>
      <nax:AscentInMeters>
      0.1100006103515625
    </nax:AscentInMeters><nax:Moments>
      <nax:Halt xsi:type="nax:Halt_t" action="auto_pause">
      
    </nax:Halt>
    </nax:Moments>
    </nax:Nax>
    </TPX>
    </Extensions>
    </Trackpoint>
<Trackpoint>
      <Time>
      2024-09-05T18:01:54.326Z
    </Time><SensorState>
      Present
    </SensorState><Extensions>
      <TPX xmlns="http://www.garmin.com/xmlschemas/ActivityExtension/v2">
      <ns3:Speed>
      1.3465098862669416
    </ns3:Speed><nax:Nax>
      <nax:Pace>
      12.377678646588526
    </nax:Pace><nax:Moments>
      <nax:Halt xsi:type="nax:Halt_t" action="auto_pause">
      
    </nax:Halt>
    </nax:Moments>
    </nax:Nax>
    </TPX>
    </Extensions>
    </Trackpoint>
<Trackpoint>
      <Time>
      2024-09-05T18:01:54.327Z
    </Time><DistanceMeters>
      3.6951705180108547
    </DistanceMeters><Cadence>
      115.52357912063599
    </Cadence><SensorState>
      Present
    </SensorState><Extensions>
      <TPX xmlns="http://www.garmin.com/xmlschemas/ActivityExtension/v2">
      <nax:Nax>
      <nax:Moments>
      <nax:Halt xsi:type="nax:Halt_t" action="auto_pause">
      
    </nax:Halt>
    </nax:Moments>
    </nax:Nax>
    </TPX>
    </Extensions>
    </Trackpoint>
<Trackpoint>
      <Time>
      2024-09-05T18:01:55.000Z
    </Time><Position>
      <LatitudeDegrees>
      47.423058647901065
    </LatitudeDegrees><LongitudeDegrees>
      -122.29771721841193
    </LongitudeDegrees>
    </Position><AltitudeMeters>
      127.10919140838087
    </AltitudeMeters><SensorState>
      Present
    </SensorState><Extensions>
      <TPX xmlns="http://www.garmin.com/xmlschemas/ActivityExtension/v2">
      <nax:Nax>
      <nax:NikeFuel>
      2.4546956133791555
    </nax:NikeFuel><nax:Moments>
      <nax:Halt xsi:type="nax:Halt_t" action="auto_pause">
      
    </nax:Halt>
    </nax:Moments>
    </nax:Nax>
    </TPX>
    </Extensions>
    </Trackpoint>
<Trackpoint>
      <Time>
      2024-09-05T18:01:56.892Z
    </Time><SensorState>
      Present
    </SensorState><Extensions>
      <TPX xmlns="http://www.garmin.com/xmlschemas/ActivityExtension/v2">
      <ns3:Speed>
      1.3593674643599378
    </ns3:Speed><nax:Nax>
      <nax:Pace>
      12.260604364629408
    </nax:Pace><nax:Moments>
      <nax:Halt xsi:type="nax:Halt_t" action="auto_pause">
      
    </nax:Halt>
    </nax:Moments>
    </nax:Nax>
    </TPX>
    </Extensions>
    </Trackpoint>
<Trackpoint>
      <Time>
      2024-09-05T18:01:56.893Z
    </Time><DistanceMeters>
      3.2925316067412496
    </DistanceMeters><Cadence>
      113.59236001968384
    </Cadence><SensorState>
      Present
    </SensorState><Extensions>
      <TPX xmlns="http://www.garmin.com/xmlschemas/ActivityExtension/v2">
      <nax:Nax>
      <nax:Moments>
      <nax:Halt xsi:type="nax:Halt_t" action="auto_pause">
      
    </nax:Halt>
    </nax:Moments>
    </nax:Nax>
    </TPX>
    </Extensions>
    </Trackpoint>
<Trackpoint>
      <Time>
      2024-09-05T18:01:56.905Z
    </Time><SensorState>
      Present
    </SensorState><Extensions>
      <TPX xmlns="http://www.garmin.com/xmlschemas/ActivityExtension/v2">
      <nax:Nax>
      <nax:AscentInMeters>
      0.12000083923339844
    </nax:AscentInMeters><nax:Moments>
      <nax:Halt xsi:type="nax:Halt_t" action="auto_pause">
      
    </nax:Halt>
    </nax:Moments>
    </nax:Nax>
    </TPX>
    </Extensions>
    </Trackpoint>
<Trackpoint>
      <Time>
      2024-09-05T18:01:57.892Z
    </Time><HeartRateBpm>
      <Value>
      187
    </Value>
    </HeartRateBpm><SensorState>
      Present
    </SensorState><Extensions>
      <TPX xmlns="http://www.garmin.com/xmlschemas/ActivityExtension/v2">
      <nax:Nax>
      <nax:Moments>
      <nax:Halt xsi:type="nax:Halt_t" action="auto_pause">
      
    </nax:Halt>
    </nax:Moments>
    </nax:Nax>
    </TPX>
    </Extensions>
    </Trackpoint>
<Trackpoint>
      <Time>
      2024-09-05T18:01:58.892Z
    </Time><HeartRateBpm>
      <Value>
      186
    </Value>
    </HeartRateBpm><SensorState>
      Present
    </SensorState><Extensions>
      <TPX xmlns="http://www.garmin.com/xmlschemas/ActivityExtension/v2">
      <nax:Nax>
      <nax:Moments>
      <nax:Halt xsi:type="nax:Halt_t" action="auto_pause">
      
    </nax:Halt>
    </nax:Moments>
    </nax:Nax>
    </TPX>
    </Extensions>
    </Trackpoint>
<Trackpoint>
      <Time>
      2024-09-05T18:01:59.457Z
    </Time><SensorState>
      Present
    </SensorState><Extensions>
      <TPX xmlns="http://www.garmin.com/xmlschemas/ActivityExtension/v2">
      <ns3:Speed>
      1.340308669811013
    </ns3:Speed><nax:Nax>
      <nax:Pace>
      12.434946547810297
    </nax:Pace><nax:Moments>
      <nax:Halt xsi:type="nax:Halt_t" action="auto_pause">
      
    </nax:Halt>
    </nax:Moments>
    </nax:Nax>
    </TPX>
    </Extensions>
    </Trackpoint>
<Trackpoint>
      <Time>
      2024-09-05T18:01:59.458Z
    </Time><DistanceMeters>
      3.606077161617577
    </DistanceMeters><Cadence>
      113.56343507766724
    </Cadence><SensorState>
      Present
    </SensorState><Extensions>
      <TPX xmlns="http://www.garmin.com/xmlschemas/ActivityExtension/v2">
      <nax:Nax>
      <nax:Moments>
      <nax:Halt xsi:type="nax:Halt_t" action="auto_pause">
      
    </nax:Halt>
    </nax:Moments>
    </nax:Nax>
    </TPX>
    </Extensions>
    </Trackpoint>
<Trackpoint>
      <Time>
      2024-09-05T18:01:59.487Z
    </Time><SensorState>
      Present
    </SensorState><Extensions>
      <TPX xmlns="http://www.garmin.com/xmlschemas/ActivityExtension/v2">
      <nax:Nax>
      <nax:AscentInMeters>
      0.09999847412109375
    </nax:AscentInMeters><nax:Moments>
      <nax:Halt xsi:type="nax:Halt_t" action="auto_pause">
      
    </nax:Halt>
    </nax:Moments>
    </nax:Nax>
    </TPX>
    </Extensions>
    </Trackpoint>
<Trackpoint>
      <Time>
      2024-09-05T18:02:02.022Z
    </Time><SensorState>
      Present
    </SensorState><Extensions>
      <TPX xmlns="http://www.garmin.com/xmlschemas/ActivityExtension/v2">
      <ns3:Speed>
      1.3522640181827432
    </ns3:Speed><nax:Nax>
      <nax:Pace>
      12.325009349183432
    </nax:Pace><nax:Moments>
      <nax:Halt xsi:type="nax:Halt_t" action="auto_pause">
      
    </nax:Halt>
    </nax:Moments>
    </nax:Nax>
    </TPX>
    </Extensions>
    </Trackpoint>
<Trackpoint>
      <Time>
      2024-09-05T18:02:02.023Z
    </Time><DistanceMeters>
      1.539320676587522
    </DistanceMeters><Cadence>
      113.6555814743042
    </Cadence><SensorState>
      Present
    </SensorState><Extensions>
      <TPX xmlns="http://www.garmin.com/xmlschemas/ActivityExtension/v2">
      <nax:Nax>
      <nax:Moments>
      <nax:Halt xsi:type="nax:Halt_t" action="auto_pause">
      
    </nax:Halt>
    </nax:Moments>
    </nax:Nax>
    </TPX>
    </Extensions>
    </Trackpoint>
<Trackpoint>
      <Time>
      2024-09-05T18:02:02.067Z
    </Time><SensorState>
      Present
    </SensorState><Extensions>
      <TPX xmlns="http://www.garmin.com/xmlschemas/ActivityExtension/v2">
      <nax:Nax>
      <nax:AscentInMeters>
      0.1400012969970703
    </nax:AscentInMeters><nax:Moments>
      <nax:Halt xsi:type="nax:Halt_t" action="auto_pause">
      
    </nax:Halt>
    </nax:Moments>
    </nax:Nax>
    </TPX>
    </Extensions>
    </Trackpoint>
<Trackpoint>
      <Time>
      2024-09-05T18:02:03.892Z
    </Time><HeartRateBpm>
      <Value>
      185
    </Value>
    </HeartRateBpm><SensorState>
      Present
    </SensorState><Extensions>
      <TPX xmlns="http://www.garmin.com/xmlschemas/ActivityExtension/v2">
      <nax:Nax>
      <nax:Moments>
      <nax:Halt xsi:type="nax:Halt_t" action="auto_pause">
      
    </nax:Halt>
    </nax:Moments>
    </nax:Nax>
    </TPX>
    </Extensions>
    </Trackpoint>
<Trackpoint>
      <Time>
      2024-09-05T18:02:04.587Z
    </Time><DistanceMeters>
      3.0487374402582645
    </DistanceMeters><SensorState>
      Present
    </SensorState><Extensions>
      <TPX xmlns="http://www.garmin.com/xmlschemas/ActivityExtension/v2">
      <ns3:Speed>
      1.274151205043567
    </ns3:Speed><nax:Nax>
      <nax:Pace>
      13.080603464246447
    </nax:Pace><nax:Moments>
      <nax:Halt xsi:type="nax:Halt_t" action="auto_pause">
      
    </nax:Halt>
    </nax:Moments>
    </nax:Nax>
    </TPX>
    </Extensions>
    </Trackpoint>
<Trackpoint>
      <Time>
      2024-09-05T18:02:04.588Z
    </Time><Cadence>
      113.6555814743042
    </Cadence><SensorState>
      Present
    </SensorState><Extensions>
      <TPX xmlns="http://www.garmin.com/xmlschemas/ActivityExtension/v2">
      <nax:Nax>
      <nax:Moments>
      <nax:Halt xsi:type="nax:Halt_t" action="auto_pause">
      
    </nax:Halt>
    </nax:Moments>
    </nax:Nax>
    </TPX>
    </Extensions>
    </Trackpoint>
<Trackpoint>
      <Time>
      2024-09-05T18:02:04.649Z
    </Time><SensorState>
      Present
    </SensorState><Extensions>
      <TPX xmlns="http://www.garmin.com/xmlschemas/ActivityExtension/v2">
      <nax:Nax>
      <nax:AscentInMeters>
      0.10999870300292969
    </nax:AscentInMeters><nax:Moments>
      <nax:Halt xsi:type="nax:Halt_t" action="auto_pause">
      
    </nax:Halt>
    </nax:Moments>
    </nax:Nax>
    </TPX>
    </Extensions>
    </Trackpoint>
<Trackpoint>
      <Time>
      2024-09-05T18:02:05.000Z
    </Time><Position>
      <LatitudeDegrees>
      47.42313839821486
    </LatitudeDegrees><LongitudeDegrees>
      -122.29778133212557
    </LongitudeDegrees>
    </Position><AltitudeMeters>
      125.64275351259857
    </AltitudeMeters><SensorState>
      Present
    </SensorState><Extensions>
      <TPX xmlns="http://www.garmin.com/xmlschemas/ActivityExtension/v2">
      <nax:Nax>
      <nax:NikeFuel>
      4.360218037464522
    </nax:NikeFuel><nax:Moments>
      <nax:Halt xsi:type="nax:Halt_t" action="auto_pause">
      
    </nax:Halt>
    </nax:Moments>
    </nax:Nax>
    </TPX>
    </Extensions>
    </Trackpoint>
<Trackpoint>
      <Time>
      2024-09-05T18:02:07.153Z
    </Time><SensorState>
      Present
    </SensorState><Extensions>
      <TPX xmlns="http://www.garmin.com/xmlschemas/ActivityExtension/v2">
      <ns3:Speed>
      1.2945644290337492
    </ns3:Speed><nax:Nax>
      <nax:Pace>
      12.874343132621457
    </nax:Pace><nax:Moments>
      <nax:Halt xsi:type="nax:Halt_t" action="auto_pause">
      
    </nax:Halt>
    </nax:Moments>
    </nax:Nax>
    </TPX>
    </Extensions>
    </Trackpoint>
<Trackpoint>
      <Time>
      2024-09-05T18:02:07.154Z
    </Time><DistanceMeters>
      7.562379401177168
    </DistanceMeters><Cadence>
      113.6555814743042
    </Cadence><SensorState>
      Present
    </SensorState><Extensions>
      <TPX xmlns="http://www.garmin.com/xmlschemas/ActivityExtension/v2">
      <nax:Nax>
      <nax:Moments>
      <nax:Halt xsi:type="nax:Halt_t" action="auto_pause">
      
    </nax:Halt>
    </nax:Moments>
    </nax:Nax>
    </TPX>
    </Extensions>
    </Trackpoint>
<Trackpoint>
      <Time>
      2024-09-05T18:02:07.230Z
    </Time><SensorState>
      Present
    </SensorState><Extensions>
      <TPX xmlns="http://www.garmin.com/xmlschemas/ActivityExtension/v2">
      <nax:Nax>
      <nax:AscentInMeters>
      0.03999900817871094
    </nax:AscentInMeters><nax:DescentInMeters>
      0.019998550415039062
    </nax:DescentInMeters><nax:Moments>
      <nax:Halt xsi:type="nax:Halt_t" action="auto_pause">
      
    </nax:Halt>
    </nax:Moments>
    </nax:Nax>
    </TPX>
    </Extensions>
    </Trackpoint>
<Trackpoint>
      <Time>
      2024-09-05T18:02:08.892Z
    </Time><HeartRateBpm>
      <Value>
      182
    </Value>
    </HeartRateBpm><SensorState>
      Present
    </SensorState><Extensions>
      <TPX xmlns="http://www.garmin.com/xmlschemas/ActivityExtension/v2">
      <nax:Nax>
      <nax:Moments>
      <nax:Halt xsi:type="nax:Halt_t" action="auto_pause">
      
    </nax:Halt>
    </nax:Moments>
    </nax:Nax>
    </TPX>
    </Extensions>
    </Trackpoint>
<Trackpoint>
      <Time>
      2024-09-05T18:02:09.000Z
    </Time><Position>
      <LatitudeDegrees>
      47.42323928811492
    </LatitudeDegrees><LongitudeDegrees>
      -122.2977803012914
    </LongitudeDegrees>
    </Position><AltitudeMeters>
      126.42876223102212
    </AltitudeMeters><SensorState>
      Present
    </SensorState><Extensions>
      <TPX xmlns="http://www.garmin.com/xmlschemas/ActivityExtension/v2">
      <nax:Nax>
      <nax:Moments>
      <nax:Halt xsi:type="nax:Halt_t" action="auto_pause">
      
    </nax:Halt>
    </nax:Moments>
    </nax:Nax>
    </TPX>
    </Extensions>
    </Trackpoint>
<Trackpoint>
      <Time>
      2024-09-05T18:02:09.718Z
    </Time><DistanceMeters>
      6.472154370509088
    </DistanceMeters><SensorState>
      Present
    </SensorState><Extensions>
      <TPX xmlns="http://www.garmin.com/xmlschemas/ActivityExtension/v2">
      <ns3:Speed>
      1.6066769684188429
    </ns3:Speed><nax:Nax>
      <nax:Pace>
      10.373377470561868
    </nax:Pace><nax:Moments>
      <nax:Halt xsi:type="nax:Halt_t" action="auto_pause">
      
    </nax:Halt>
    </nax:Moments>
    </nax:Nax>
    </TPX>
    </Extensions>
    </Trackpoint>
<Trackpoint>
      <Time>
      2024-09-05T18:02:09.719Z
    </Time><Cadence>
      155.2485752105713
    </Cadence><SensorState>
      Present
    </SensorState><Extensions>
      <TPX xmlns="http://www.garmin.com/xmlschemas/ActivityExtension/v2">
      <nax:Nax>
      <nax:Moments>
      <nax:Halt xsi:type="nax:Halt_t" action="auto_pause">
      
    </nax:Halt>
    </nax:Moments>
    </nax:Nax>
    </TPX>
    </Extensions>
    </Trackpoint>
<Trackpoint>
      <Time>
      2024-09-05T18:02:12.283Z
    </Time><SensorState>
      Present
    </SensorState><Extensions>
      <TPX xmlns="http://www.garmin.com/xmlschemas/ActivityExtension/v2">
      <ns3:Speed>
      2.570585039800606
    </ns3:Speed><nax:Nax>
      <nax:Pace>
      6.483608364872247
    </nax:Pace><nax:Moments>
      <nax:Halt xsi:type="nax:Halt_t" action="auto_pause">
      
    </nax:Halt>
    </nax:Moments>
    </nax:Nax>
    </TPX>
    </Extensions>
    </Trackpoint>
<Trackpoint>
      <Time>
      2024-09-05T18:02:12.284Z
    </Time><DistanceMeters>
      5.332633391022682
    </DistanceMeters><Cadence>
      157.20311164855957
    </Cadence><SensorState>
      Present
    </SensorState><Extensions>
      <TPX xmlns="http://www.garmin.com/xmlschemas/ActivityExtension/v2">
      <nax:Nax>
      <nax:Moments>
      <nax:Halt xsi:type="nax:Halt_t" action="auto_pause">
      
    </nax:Halt>
    </nax:Moments>
    </nax:Nax>
    </TPX>
    </Extensions>
    </Trackpoint>
<Trackpoint>
      <Time>
      2024-09-05T18:02:14.000Z
    </Time><Position>
      <LatitudeDegrees>
      47.42333274718736
    </LatitudeDegrees><LongitudeDegrees>
      -122.29775972478487
    </LongitudeDegrees>
    </Position><AltitudeMeters>
      126.16167017072439
    </AltitudeMeters><SensorState>
      Present
    </SensorState><Extensions>
      <TPX xmlns="http://www.garmin.com/xmlschemas/ActivityExtension/v2">
      <nax:Nax>
      <nax:Moments>
      <nax:Halt xsi:type="nax:Halt_t" action="auto_pause">
      
    </nax:Halt>
    </nax:Moments>
    </nax:Nax>
    </TPX>
    </Extensions>
    </Trackpoint>
<Trackpoint>
      <Time>
      2024-09-05T18:02:14.840Z
    </Time><SensorState>
      Present
    </SensorState><Extensions>
      <TPX xmlns="http://www.garmin.com/xmlschemas/ActivityExtension/v2">
      <ns3:Speed>
      2.285020871979656
    </ns3:Speed><nax:Nax>
      <nax:Pace>
      7.29387939998434
    </nax:Pace><nax:Moments>
      <nax:Halt xsi:type="nax:Halt_t" action="auto_pause">
      
    </nax:Halt>
    </nax:Moments>
    </nax:Nax>
    </TPX>
    </Extensions>
    </Trackpoint>
<Trackpoint>
      <Time>
      2024-09-05T18:02:14.841Z
    </Time><DistanceMeters>
      4.186347745358944
    </DistanceMeters><Cadence>
      157.89974212646484
    </Cadence><SensorState>
      Present
    </SensorState><Extensions>
      <TPX xmlns="http://www.garmin.com/xmlschemas/ActivityExtension/v2">
      <nax:Nax>
      <nax:Moments>
      <nax:Halt xsi:type="nax:Halt_t" action="auto_pause">
      
    </nax:Halt>
    </nax:Moments>
    </nax:Nax>
    </TPX>
    </Extensions>
    </Trackpoint>
<Trackpoint>
      <Time>
      2024-09-05T18:02:15.000Z
    </Time><SensorState>
      Present
    </SensorState><Extensions>
      <TPX xmlns="http://www.garmin.com/xmlschemas/ActivityExtension/v2">
      <nax:Nax>
      <nax:NikeFuel>
      5.903992623578629
    </nax:NikeFuel><nax:Moments>
      <nax:Halt xsi:type="nax:Halt_t" action="auto_pause">
      
    </nax:Halt>
    </nax:Moments>
    </nax:Nax>
    </TPX>
    </Extensions>
    </Trackpoint>
<Trackpoint>
      <Time>
      2024-09-05T18:02:16.892Z
    </Time><HeartRateBpm>
      <Value>
      179
    </Value>
    </HeartRateBpm><SensorState>
      Present
    </SensorState><Extensions>
      <TPX xmlns="http://www.garmin.com/xmlschemas/ActivityExtension/v2">
      <nax:Nax>
      <nax:Moments>
      <nax:Halt xsi:type="nax:Halt_t" action="auto_pause">
      
    </nax:Halt>
    </nax:Moments>
    </nax:Nax>
    </TPX>
    </Extensions>
    </Trackpoint>
<Trackpoint>
      <Time>
      2024-09-05T18:02:17.396Z
    </Time><DistanceMeters>
      4.913880514912307
    </DistanceMeters><SensorState>
      Present
    </SensorState><Extensions>
      <TPX xmlns="http://www.garmin.com/xmlschemas/ActivityExtension/v2">
      <ns3:Speed>
      2.240227572811172
    </ns3:Speed><nax:Nax>
      <nax:Pace>
      7.439720352049918
    </nax:Pace><nax:Moments>
      <nax:Halt xsi:type="nax:Halt_t" action="auto_pause">
      
    </nax:Halt>
    </nax:Moments>
    </nax:Nax>
    </TPX>
    </Extensions>
    </Trackpoint>
<Trackpoint>
      <Time>
      2024-09-05T18:02:17.397Z
    </Time><Cadence>
      157.35241413116455
    </Cadence><SensorState>
      Present
    </SensorState><Extensions>
      <TPX xmlns="http://www.garmin.com/xmlschemas/ActivityExtension/v2">
      <nax:Nax>
      <nax:Moments>
      <nax:Halt xsi:type="nax:Halt_t" action="auto_pause">
      
    </nax:Halt>
    </nax:Moments>
    </nax:Nax>
    </TPX>
    </Extensions>
    </Trackpoint>
<Trackpoint>
      <Time>
      2024-09-05T18:02:17.554Z
    </Time><SensorState>
      Present
    </SensorState><Extensions>
      <TPX xmlns="http://www.garmin.com/xmlschemas/ActivityExtension/v2">
      <nax:Nax>
      <nax:DescentInMeters>
      0.11999893188476562
    </nax:DescentInMeters><nax:Moments>
      <nax:Halt xsi:type="nax:Halt_t" action="auto_pause">
      
    </nax:Halt>
    </nax:Moments>
    </nax:Nax>
    </TPX>
    </Extensions>
    </Trackpoint>
<Trackpoint>
      <Time>
      2024-09-05T18:02:19.952Z
    </Time><SensorState>
      Present
    </SensorState><Extensions>
      <TPX xmlns="http://www.garmin.com/xmlschemas/ActivityExtension/v2">
      <ns3:Speed>
      2.227253242974038
    </ns3:Speed><nax:Nax>
      <nax:Pace>
      7.483058659468721
    </nax:Pace><nax:Moments>
      <nax:Halt xsi:type="nax:Halt_t" action="auto_pause">
      
    </nax:Halt>
    </nax:Moments>
    </nax:Nax>
    </TPX>
    </Extensions>
    </Trackpoint>
<Trackpoint>
      <Time>
      2024-09-05T18:02:19.953Z
    </Time><DistanceMeters>
      6.12313874438405
    </DistanceMeters><Cadence>
      157.35241413116455
    </Cadence><SensorState>
      Present
    </SensorState><Extensions>
      <TPX xmlns="http://www.garmin.com/xmlschemas/ActivityExtension/v2">
      <nax:Nax>
      <nax:Moments>
      <nax:Halt xsi:type="nax:Halt_t" action="auto_pause">
      
    </nax:Halt>
    </nax:Moments>
    </nax:Nax>
    </TPX>
    </Extensions>
    </Trackpoint>
<Trackpoint>
      <Time>
      2024-09-05T18:02:20.000Z
    </Time><Position>
      <LatitudeDegrees>
      47.4234434998027
    </LatitudeDegrees><LongitudeDegrees>
      -122.29774988624719
    </LongitudeDegrees>
    </Position><AltitudeMeters>
      126.68551647849381
    </AltitudeMeters><SensorState>
      Present
    </SensorState><Extensions>
      <TPX xmlns="http://www.garmin.com/xmlschemas/ActivityExtension/v2">
      <nax:Nax>
      <nax:Moments>
      <nax:Halt xsi:type="nax:Halt_t" action="auto_pause">
      
    </nax:Halt>
    </nax:Moments>
    </nax:Nax>
    </TPX>
    </Extensions>
    </Trackpoint>
<Trackpoint>
      <Time>
      2024-09-05T18:02:21.892Z
    </Time><HeartRateBpm>
      <Value>
      178
    </Value>
    </HeartRateBpm><SensorState>
      Present
    </SensorState><Extensions>
      <TPX xmlns="http://www.garmin.com/xmlschemas/ActivityExtension/v2">
      <nax:Nax>
      <nax:Moments>
      <nax:Halt xsi:type="nax:Halt_t" action="auto_pause">
      
    </nax:Halt>
    </nax:Moments>
    </nax:Nax>
    </TPX>
    </Extensions>
    </Trackpoint>
<Trackpoint>
      <Time>
      2024-09-05T18:02:22.508Z
    </Time><DistanceMeters>
      4.778532434254885
    </DistanceMeters><SensorState>
      Present
    </SensorState><Extensions>
      <TPX xmlns="http://www.garmin.com/xmlschemas/ActivityExtension/v2">
      <ns3:Speed>
      2.2350082691853443
    </ns3:Speed><nax:Nax>
      <nax:Pace>
      7.457093960883478
    </nax:Pace><nax:Moments>
      <nax:Halt xsi:type="nax:Halt_t" action="auto_pause">
      
    </nax:Halt>
    </nax:Moments>
    </nax:Nax>
    </TPX>
    </Extensions>
    </Trackpoint>
<Trackpoint>
      <Time>
      2024-09-05T18:02:22.509Z
    </Time><Cadence>
      157.2471284866333
    </Cadence><SensorState>
      Present
    </SensorState><Extensions>
      <TPX xmlns="http://www.garmin.com/xmlschemas/ActivityExtension/v2">
      <nax:Nax>
      <nax:Moments>
      <nax:Halt xsi:type="nax:Halt_t" action="auto_pause">
      
    </nax:Halt>
    </nax:Moments>
    </nax:Nax>
    </TPX>
    </Extensions>
    </Trackpoint>
<Trackpoint>
      <Time>
      2024-09-05T18:02:25.000Z
    </Time><Position>
      <LatitudeDegrees>
      47.42354337639793
    </LatitudeDegrees><LongitudeDegrees>
      -122.29778604281167
    </LongitudeDegrees>
    </Position><AltitudeMeters>
      127.61787051521242
    </AltitudeMeters><SensorState>
      Present
    </SensorState><Extensions>
      <TPX xmlns="http://www.garmin.com/xmlschemas/ActivityExtension/v2">
      <nax:Nax>
      <nax:NikeFuel>
      5.951064004912002
    </nax:NikeFuel><nax:Moments>
      <nax:Halt xsi:type="nax:Halt_t" action="auto_pause">
      
    </nax:Halt>
    </nax:Moments>
    </nax:Nax>
    </TPX>
    </Extensions>
    </Trackpoint>
<Trackpoint>
      <Time>
      2024-09-05T18:02:25.064Z
    </Time><SensorState>
      Present
    </SensorState><Extensions>
      <TPX xmlns="http://www.garmin.com/xmlschemas/ActivityExtension/v2">
      <ns3:Speed>
      2.185540519462604
    </ns3:Speed><nax:Nax>
      <nax:Pace>
      7.625878595362205
    </nax:Pace><nax:Moments>
      <nax:Halt xsi:type="nax:Halt_t" action="auto_pause">
      
    </nax:Halt>
    </nax:Moments>
    </nax:Nax>
    </TPX>
    </Extensions>
    </Trackpoint>
<Trackpoint>
      <Time>
      2024-09-05T18:02:25.065Z
    </Time><DistanceMeters>
      7.11070108320564
    </DistanceMeters><Cadence>
      157.19889163970947
    </Cadence><SensorState>
      Present
    </SensorState><Extensions>
      <TPX xmlns="http://www.garmin.com/xmlschemas/ActivityExtension/v2">
      <nax:Nax>
      <nax:Moments>
      <nax:Halt xsi:type="nax:Halt_t" action="auto_pause">
      
    </nax:Halt>
    </nax:Moments>
    </nax:Nax>
    </TPX>
    </Extensions>
    </Trackpoint>
<Trackpoint>
      <Time>
      2024-09-05T18:02:27.620Z
    </Time><DistanceMeters>
      6.721071694046259
    </DistanceMeters><SensorState>
      Present
    </SensorState><Extensions>
      <TPX xmlns="http://www.garmin.com/xmlschemas/ActivityExtension/v2">
      <ns3:Speed>
      2.213824372961082
    </ns3:Speed><nax:Nax>
      <nax:Pace>
      7.528450255687767
    </nax:Pace><nax:Moments>
      <nax:Halt xsi:type="nax:Halt_t" action="auto_pause">
      
    </nax:Halt>
    </nax:Moments>
    </nax:Nax>
    </TPX>
    </Extensions>
    </Trackpoint>
<Trackpoint>
      <Time>
      2024-09-05T18:02:27.621Z
    </Time><Cadence>
      157.69144535064697
    </Cadence><SensorState>
      Present
    </SensorState><Extensions>
      <TPX xmlns="http://www.garmin.com/xmlschemas/ActivityExtension/v2">
      <nax:Nax>
      <nax:Moments>
      <nax:Halt xsi:type="nax:Halt_t" action="auto_pause">
      
    </nax:Halt>
    </nax:Moments>
    </nax:Nax>
    </TPX>
    </Extensions>
    </Trackpoint>
<Trackpoint>
      <Time>
      2024-09-05T18:02:27.879Z
    </Time><SensorState>
      Present
    </SensorState><Extensions>
      <TPX xmlns="http://www.garmin.com/xmlschemas/ActivityExtension/v2">
      <nax:Nax>
      <nax:AscentInMeters>
      0.030000686645507812
    </nax:AscentInMeters><nax:Moments>
      <nax:Halt xsi:type="nax:Halt_t" action="auto_pause">
      
    </nax:Halt>
    </nax:Moments>
    </nax:Nax>
    </TPX>
    </Extensions>
    </Trackpoint>
<Trackpoint>
      <Time>
      2024-09-05T18:02:27.892Z
    </Time><HeartRateBpm>
      <Value>
      181
    </Value>
    </HeartRateBpm><SensorState>
      Present
    </SensorState><Extensions>
      <TPX xmlns="http://www.garmin.com/xmlschemas/ActivityExtension/v2">
      <nax:Nax>
      <nax:Moments>
      <nax:Halt xsi:type="nax:Halt_t" action="auto_pause">
      
    </nax:Halt>
    </nax:Moments>
    </nax:Nax>
    </TPX>
    </Extensions>
    </Trackpoint>
<Trackpoint>
      <Time>
      2024-09-05T18:02:28.892Z
    </Time><HeartRateBpm>
      <Value>
      181
    </Value>
    </HeartRateBpm><SensorState>
      Present
    </SensorState><Extensions>
      <TPX xmlns="http://www.garmin.com/xmlschemas/ActivityExtension/v2">
      <nax:Nax>
      <nax:Moments>
      <nax:Halt xsi:type="nax:Halt_t" action="auto_pause">
      
    </nax:Halt>
    </nax:Moments>
    </nax:Nax>
    </TPX>
    </Extensions>
    </Trackpoint>
<Trackpoint>
      <Time>
      2024-09-05T18:02:30.000Z
    </Time><Position>
      <LatitudeDegrees>
      47.42364637876418
    </LatitudeDegrees><LongitudeDegrees>
      -122.29777202684635
    </LongitudeDegrees>
    </Position><AltitudeMeters>
      127.4043412040919
    </AltitudeMeters><SensorState>
      Present
    </SensorState><Extensions>
      <TPX xmlns="http://www.garmin.com/xmlschemas/ActivityExtension/v2">
      <nax:Nax>
      <nax:Moments>
      <nax:Halt xsi:type="nax:Halt_t" action="auto_pause">
      
    </nax:Halt>
    </nax:Moments>
    </nax:Nax>
    </TPX>
    </Extensions>
    </Trackpoint>
<Trackpoint>
      <Time>
      2024-09-05T18:02:30.175Z
    </Time><SensorState>
      Present
    </SensorState><Extensions>
      <TPX xmlns="http://www.garmin.com/xmlschemas/ActivityExtension/v2">
      <ns3:Speed>
      2.2667539003851798
    </ns3:Speed><nax:Nax>
      <nax:Pace>
      7.35265820600753
    </nax:Pace><nax:Moments>
      <nax:Halt xsi:type="nax:Halt_t" action="auto_pause">
      
    </nax:Halt>
    </nax:Moments>
    </nax:Nax>
    </TPX>
    </Extensions>
    </Trackpoint>
<Trackpoint>
      <Time>
      2024-09-05T18:02:30.176Z
    </Time><DistanceMeters>
      8.054042576812208
    </DistanceMeters><Cadence>
      158.21239471435547
    </Cadence><SensorState>
      Present
    </SensorState><Extensions>
      <TPX xmlns="http://www.garmin.com/xmlschemas/ActivityExtension/v2">
      <nax:Nax>
      <nax:Moments>
      <nax:Halt xsi:type="nax:Halt_t" action="auto_pause">
      
    </nax:Halt>
    </nax:Moments>
    </nax:Nax>
    </TPX>
    </Extensions>
    </Trackpoint>
<Trackpoint>
      <Time>
      2024-09-05T18:02:30.460Z
    </Time><SensorState>
      Present
    </SensorState><Extensions>
      <TPX xmlns="http://www.garmin.com/xmlschemas/ActivityExtension/v2">
      <nax:Nax>
      <nax:AscentInMeters>
      0.03999900817871094
    </nax:AscentInMeters><nax:Moments>
      <nax:Halt xsi:type="nax:Halt_t" action="auto_pause">
      
    </nax:Halt>
    </nax:Moments>
    </nax:Nax>
    </TPX>
    </Extensions>
    </Trackpoint>
<Trackpoint>
      <Time>
      2024-09-05T18:02:32.731Z
    </Time><DistanceMeters>
      8.333417108282447
    </DistanceMeters><SensorState>
      Present
    </SensorState><Extensions>
      <TPX xmlns="http://www.garmin.com/xmlschemas/ActivityExtension/v2">
      <ns3:Speed>
      2.341960130186616
    </ns3:Speed><nax:Nax>
      <nax:Pace>
      7.116545859104188
    </nax:Pace><nax:Moments>
      <nax:Halt xsi:type="nax:Halt_t" action="auto_pause">
      
    </nax:Halt>
    </nax:Moments>
    </nax:Nax>
    </TPX>
    </Extensions>
    </Trackpoint>
<Trackpoint>
      <Time>
      2024-09-05T18:02:32.732Z
    </Time><Cadence>
      158.21239471435547
    </Cadence><SensorState>
      Present
    </SensorState><Extensions>
      <TPX xmlns="http://www.garmin.com/xmlschemas/ActivityExtension/v2">
      <nax:Nax>
      <nax:Moments>
      <nax:Halt xsi:type="nax:Halt_t" action="auto_pause">
      
    </nax:Halt>
    </nax:Moments>
    </nax:Nax>
    </TPX>
    </Extensions>
    </Trackpoint>
<Trackpoint>
      <Time>
      2024-09-05T18:02:33.000Z
    </Time><Position>
      <LatitudeDegrees>
      47.423745306323326
    </LatitudeDegrees><LongitudeDegrees>
      -122.29778977453144
    </LongitudeDegrees>
    </Position><AltitudeMeters>
      128.31276659481227
    </AltitudeMeters><SensorState>
      Present
    </SensorState><Extensions>
      <TPX xmlns="http://www.garmin.com/xmlschemas/ActivityExtension/v2">
      <nax:Nax>
      <nax:Moments>
      <nax:Halt xsi:type="nax:Halt_t" action="auto_pause">
      
    </nax:Halt>
    </nax:Moments>
    </nax:Nax>
    </TPX>
    </Extensions>
    </Trackpoint>
<Trackpoint>
      <Time>
      2024-09-05T18:02:33.041Z
    </Time><SensorState>
      Present
    </SensorState><Extensions>
      <TPX xmlns="http://www.garmin.com/xmlschemas/ActivityExtension/v2">
      <nax:Nax>
      <nax:AscentInMeters>
      0.010000228881835938
    </nax:AscentInMeters><nax:Moments>
      <nax:Halt xsi:type="nax:Halt_t" action="auto_pause">
      
    </nax:Halt>
    </nax:Moments>
    </nax:Nax>
    </TPX>
    </Extensions>
    </Trackpoint>
<Trackpoint>
      <Time>
      2024-09-05T18:02:35.000Z
    </Time><SensorState>
      Present
    </SensorState><Extensions>
      <TPX xmlns="http://www.garmin.com/xmlschemas/ActivityExtension/v2">
      <nax:Nax>
      <nax:NikeFuel>
      6.624842675005401
    </nax:NikeFuel><nax:Moments>
      <nax:Halt xsi:type="nax:Halt_t" action="auto_pause">
      
    </nax:Halt>
    </nax:Moments>
    </nax:Nax>
    </TPX>
    </Extensions>
    </Trackpoint>
<Trackpoint>
      <Time>
      2024-09-05T18:02:35.287Z
    </Time><SensorState>
      Present
    </SensorState><Extensions>
      <TPX xmlns="http://www.garmin.com/xmlschemas/ActivityExtension/v2">
      <ns3:Speed>
      2.4495913094651174
    </ns3:Speed><nax:Nax>
      <nax:Pace>
      6.803856056423522
    </nax:Pace><nax:Moments>
      <nax:Halt xsi:type="nax:Halt_t" action="auto_pause">
      
    </nax:Halt>
    </nax:Moments>
    </nax:Nax>
    </TPX>
    </Extensions>
    </Trackpoint>
<Trackpoint>
      <Time>
      2024-09-05T18:02:35.288Z
    </Time><DistanceMeters>
      7.103874857537448
    </DistanceMeters><Cadence>
      158.21239471435547
    </Cadence><SensorState>
      Present
    </SensorState><Extensions>
      <TPX xmlns="http://www.garmin.com/xmlschemas/ActivityExtension/v2">
      <nax:Nax>
      <nax:Moments>
      <nax:Halt xsi:type="nax:Halt_t" action="auto_pause">
      
    </nax:Halt>
    </nax:Moments>
    </nax:Nax>
    </TPX>
    </Extensions>
    </Trackpoint>
<Trackpoint>
      <Time>
      2024-09-05T18:02:35.623Z
    </Time><SensorState>
      Present
    </SensorState><Extensions>
      <TPX xmlns="http://www.garmin.com/xmlschemas/ActivityExtension/v2">
      <nax:Nax>
      <nax:AscentInMeters>
      0.030000686645507812
    </nax:AscentInMeters><nax:Moments>
      <nax:Halt xsi:type="nax:Halt_t" action="auto_pause">
      
    </nax:Halt>
    </nax:Moments>
    </nax:Nax>
    </TPX>
    </Extensions>
    </Trackpoint>
<Trackpoint>
      <Time>
      2024-09-05T18:02:37.000Z
    </Time><Position>
      <LatitudeDegrees>
      47.423851741351264
    </LatitudeDegrees><LongitudeDegrees>
      -122.29775984950084
    </LongitudeDegrees>
    </Position><AltitudeMeters>
      129.24885500594974
    </AltitudeMeters><SensorState>
      Present
    </SensorState><Extensions>
      <TPX xmlns="http://www.garmin.com/xmlschemas/ActivityExtension/v2">
      <nax:Nax>
      <nax:Moments>
      <nax:Halt xsi:type="nax:Halt_t" action="auto_pause">
      
    </nax:Halt>
    </nax:Moments>
    </nax:Nax>
    </TPX>
    </Extensions>
    </Trackpoint>
<Trackpoint>
      <Time>
      2024-09-05T18:02:37.843Z
    </Time><DistanceMeters>
      6.5833267802372575
    </DistanceMeters><SensorState>
      Present
    </SensorState><Extensions>
      <TPX xmlns="http://www.garmin.com/xmlschemas/ActivityExtension/v2">
      <ns3:Speed>
      2.548906314441925
    </ns3:Speed><nax:Nax>
      <nax:Pace>
      6.538752159008159
    </nax:Pace><nax:Moments>
      <nax:Halt xsi:type="nax:Halt_t" action="auto_pause">
      
    </nax:Halt>
    </nax:Moments>
    </nax:Nax>
    </TPX>
    </Extensions>
    </Trackpoint>
<Trackpoint>
      <Time>
      2024-09-05T18:02:37.844Z
    </Time><Cadence>
      156.9720983505249
    </Cadence><SensorState>
      Present
    </SensorState><Extensions>
      <TPX xmlns="http://www.garmin.com/xmlschemas/ActivityExtension/v2">
      <nax:Nax>
      <nax:Moments>
      <nax:Halt xsi:type="nax:Halt_t" action="auto_pause">
      
    </nax:Halt>
    </nax:Moments>
    </nax:Nax>
    </TPX>
    </Extensions>
    </Trackpoint>
<Trackpoint>
      <Time>
      2024-09-05T18:02:37.892Z
    </Time><HeartRateBpm>
      <Value>
      180
    </Value>
    </HeartRateBpm><SensorState>
      Present
    </SensorState><Extensions>
      <TPX xmlns="http://www.garmin.com/xmlschemas/ActivityExtension/v2">
      <nax:Nax>
      <nax:Moments>
      <nax:Halt xsi:type="nax:Halt_t" action="auto_pause">
      
    </nax:Halt>
    </nax:Moments>
    </nax:Nax>
    </TPX>
    </Extensions>
    </Trackpoint>
<Trackpoint>
      <Time>
      2024-09-05T18:02:38.204Z
    </Time><SensorState>
      Present
    </SensorState><Extensions>
      <TPX xmlns="http://www.garmin.com/xmlschemas/ActivityExtension/v2">
      <nax:Nax>
      <nax:AscentInMeters>
      0.10000038146972656
    </nax:AscentInMeters><nax:Moments>
      <nax:Halt xsi:type="nax:Halt_t" action="auto_pause">
      
    </nax:Halt>
    </nax:Moments>
    </nax:Nax>
    </TPX>
    </Extensions>
    </Trackpoint>
<Trackpoint>
      <Time>
      2024-09-05T18:02:40.399Z
    </Time><SensorState>
      Present
    </SensorState><Extensions>
      <TPX xmlns="http://www.garmin.com/xmlschemas/ActivityExtension/v2">
      <ns3:Speed>
      2.5746042157555347
    </ns3:Speed><nax:Nax>
      <nax:Pace>
      6.473486901277261
    </nax:Pace><nax:Moments>
      <nax:Halt xsi:type="nax:Halt_t" action="auto_pause">
      
    </nax:Halt>
    </nax:Moments>
    </nax:Nax>
    </TPX>
    </Extensions>
    </Trackpoint>
<Trackpoint>
      <Time>
      2024-09-05T18:02:40.400Z
    </Time><DistanceMeters>
      5.701126912608743
    </DistanceMeters><Cadence>
      158.15229892730713
    </Cadence><SensorState>
      Present
    </SensorState><Extensions>
      <TPX xmlns="http://www.garmin.com/xmlschemas/ActivityExtension/v2">
      <nax:Nax>
      <nax:Moments>
      <nax:Halt xsi:type="nax:Halt_t" action="auto_pause">
      
    </nax:Halt>
    </nax:Moments>
    </nax:Nax>
    </TPX>
    </Extensions>
    </Trackpoint>
<Trackpoint>
      <Time>
      2024-09-05T18:02:40.784Z
    </Time><SensorState>
      Present
    </SensorState><Extensions>
      <TPX xmlns="http://www.garmin.com/xmlschemas/ActivityExtension/v2">
      <nax:Nax>
      <nax:AscentInMeters>
      0.1999988555908203
    </nax:AscentInMeters><nax:Moments>
      <nax:Halt xsi:type="nax:Halt_t" action="auto_pause">
      
    </nax:Halt>
    </nax:Moments>
    </nax:Nax>
    </TPX>
    </Extensions>
    </Trackpoint>
<Trackpoint>
      <Time>
      2024-09-05T18:02:40.892Z
    </Time><HeartRateBpm>
      <Value>
      181
    </Value>
    </HeartRateBpm><SensorState>
      Present
    </SensorState><Extensions>
      <TPX xmlns="http://www.garmin.com/xmlschemas/ActivityExtension/v2">
      <nax:Nax>
      <nax:Moments>
      <nax:Halt xsi:type="nax:Halt_t" action="auto_pause">
      
    </nax:Halt>
    </nax:Moments>
    </nax:Nax>
    </TPX>
    </Extensions>
    </Trackpoint>
<Trackpoint>
      <Time>
      2024-09-05T18:02:42.000Z
    </Time><Position>
      <LatitudeDegrees>
      47.42395466723269
    </LatitudeDegrees><LongitudeDegrees>
      -122.2977711782711
    </LongitudeDegrees>
    </Position><AltitudeMeters>
      129.00335790030658
    </AltitudeMeters><SensorState>
      Present
    </SensorState><Extensions>
      <TPX xmlns="http://www.garmin.com/xmlschemas/ActivityExtension/v2">
      <nax:Nax>
      <nax:Moments>
      <nax:Halt xsi:type="nax:Halt_t" action="auto_pause">
      
    </nax:Halt>
    </nax:Moments>
    </nax:Nax>
    </TPX>
    </Extensions>
    </Trackpoint>
<Trackpoint>
      <Time>
      2024-09-05T18:02:42.955Z
    </Time><DistanceMeters>
      7.119074645452201
    </DistanceMeters><SensorState>
      Present
    </SensorState><Extensions>
      <TPX xmlns="http://www.garmin.com/xmlschemas/ActivityExtension/v2">
      <ns3:Speed>
      2.542710203091881
    </ns3:Speed><nax:Nax>
      <nax:Pace>
      6.554685880601084
    </nax:Pace><nax:Moments>
      <nax:Halt xsi:type="nax:Halt_t" action="auto_pause">
      
    </nax:Halt>
    </nax:Moments>
    </nax:Nax>
    </TPX>
    </Extensions>
    </Trackpoint>
<Trackpoint>
      <Time>
      2024-09-05T18:02:42.956Z
    </Time><Cadence>
      158.94903659820557
    </Cadence><SensorState>
      Present
    </SensorState><Extensions>
      <TPX xmlns="http://www.garmin.com/xmlschemas/ActivityExtension/v2">
      <nax:Nax>
      <nax:Moments>
      <nax:Halt xsi:type="nax:Halt_t" action="auto_pause">
      
    </nax:Halt>
    </nax:Moments>
    </nax:Nax>
    </TPX>
    </Extensions>
    </Trackpoint>
<Trackpoint>
      <Time>
      2024-09-05T18:02:43.366Z
    </Time><SensorState>
      Present
    </SensorState><Extensions>
      <TPX xmlns="http://www.garmin.com/xmlschemas/ActivityExtension/v2">
      <nax:Nax>
      <nax:AscentInMeters>
      0.1700000762939453
    </nax:AscentInMeters><nax:Moments>
      <nax:Halt xsi:type="nax:Halt_t" action="auto_pause">
      
    </nax:Halt>
    </nax:Moments>
    </nax:Nax>
    </TPX>
    </Extensions>
    </Trackpoint>
<Trackpoint>
      <Time>
      2024-09-05T18:02:45.000Z
    </Time><SensorState>
      Present
    </SensorState><Extensions>
      <TPX xmlns="http://www.garmin.com/xmlschemas/ActivityExtension/v2">
      <nax:Nax>
      <nax:NikeFuel>
      6.770250316315058
    </nax:NikeFuel><nax:Moments>
      <nax:Halt xsi:type="nax:Halt_t" action="auto_pause">
      
    </nax:Halt>
    </nax:Moments>
    </nax:Nax>
    </TPX>
    </Extensions>
    </Trackpoint>
<Trackpoint>
      <Time>
      2024-09-05T18:02:45.510Z
    </Time><SensorState>
      Present
    </SensorState><Extensions>
      <TPX xmlns="http://www.garmin.com/xmlschemas/ActivityExtension/v2">
      <ns3:Speed>
      2.550200455504407
    </ns3:Speed><nax:Nax>
      <nax:Pace>
      6.535433961943259
    </nax:Pace><nax:Moments>
      <nax:Halt xsi:type="nax:Halt_t" action="auto_pause">
      
    </nax:Halt>
    </nax:Moments>
    </nax:Nax>
    </TPX>
    </Extensions>
    </Trackpoint>
<Trackpoint>
      <Time>
      2024-09-05T18:02:45.511Z
    </Time><DistanceMeters>
      7.270811902359128
    </DistanceMeters><Cadence>
      158.94903659820557
    </Cadence><SensorState>
      Present
    </SensorState><Extensions>
      <TPX xmlns="http://www.garmin.com/xmlschemas/ActivityExtension/v2">
      <nax:Nax>
      <nax:Moments>
      <nax:Halt xsi:type="nax:Halt_t" action="auto_pause">
      
    </nax:Halt>
    </nax:Moments>
    </nax:Nax>
    </TPX>
    </Extensions>
    </Trackpoint>
<Trackpoint>
      <Time>
      2024-09-05T18:02:45.892Z
    </Time><HeartRateBpm>
      <Value>
      183
    </Value>
    </HeartRateBpm><SensorState>
      Present
    </SensorState><Extensions>
      <TPX xmlns="http://www.garmin.com/xmlschemas/ActivityExtension/v2">
      <nax:Nax>
      <nax:Moments>
      <nax:Halt xsi:type="nax:Halt_t" action="auto_pause">
      
    </nax:Halt>
    </nax:Moments>
    </nax:Nax>
    </TPX>
    </Extensions>
    </Trackpoint>
<Trackpoint>
      <Time>
      2024-09-05T18:02:45.947Z
    </Time><SensorState>
      Present
    </SensorState><Extensions>
      <TPX xmlns="http://www.garmin.com/xmlschemas/ActivityExtension/v2">
      <nax:Nax>
      <nax:AscentInMeters>
      0.25
    </nax:AscentInMeters><nax:Moments>
      <nax:Halt xsi:type="nax:Halt_t" action="auto_pause">
      
    </nax:Halt>
    </nax:Moments>
    </nax:Nax>
    </TPX>
    </Extensions>
    </Trackpoint>
<Trackpoint>
      <Time>
      2024-09-05T18:02:46.000Z
    </Time><Position>
      <LatitudeDegrees>
      47.42405598074515
    </LatitudeDegrees><LongitudeDegrees>
      -122.29775719356513
    </LongitudeDegrees>
    </Position><AltitudeMeters>
      129.65481483004987
    </AltitudeMeters><SensorState>
      Present
    </SensorState><Extensions>
      <TPX xmlns="http://www.garmin.com/xmlschemas/ActivityExtension/v2">
      <nax:Nax>
      <nax:Moments>
      <nax:Halt xsi:type="nax:Halt_t" action="auto_pause">
      
    </nax:Halt>
    </nax:Moments>
    </nax:Nax>
    </TPX>
    </Extensions>
    </Trackpoint>
<Trackpoint>
      <Time>
      2024-09-05T18:02:48.066Z
    </Time><SensorState>
      Present
    </SensorState><Extensions>
      <TPX xmlns="http://www.garmin.com/xmlschemas/ActivityExtension/v2">
      <ns3:Speed>
      2.598015603866402
    </ns3:Speed><nax:Nax>
      <nax:Pace>
      6.4151526426027266
    </nax:Pace><nax:Moments>
      <nax:Halt xsi:type="nax:Halt_t" action="auto_pause">
      
    </nax:Halt>
    </nax:Moments>
    </nax:Nax>
    </TPX>
    </Extensions>
    </Trackpoint>
<Trackpoint>
      <Time>
      2024-09-05T18:02:48.067Z
    </Time><DistanceMeters>
      6.387889858335257
    </DistanceMeters><Cadence>
      159.6528196334839
    </Cadence><SensorState>
      Present
    </SensorState><Extensions>
      <TPX xmlns="http://www.garmin.com/xmlschemas/ActivityExtension/v2">
      <nax:Nax>
      <nax:Moments>
      <nax:Halt xsi:type="nax:Halt_t" action="auto_pause">
      
    </nax:Halt>
    </nax:Moments>
    </nax:Nax>
    </TPX>
    </Extensions>
    </Trackpoint>
<Trackpoint>
      <Time>
      2024-09-05T18:02:48.528Z
    </Time><SensorState>
      Present
    </SensorState><Extensions>
      <TPX xmlns="http://www.garmin.com/xmlschemas/ActivityExtension/v2">
      <nax:Nax>
      <nax:AscentInMeters>
      0.1900005340576172
    </nax:AscentInMeters><nax:Moments>
      <nax:Halt xsi:type="nax:Halt_t" action="auto_pause">
      
    </nax:Halt>
    </nax:Moments>
    </nax:Nax>
    </TPX>
    </Extensions>
    </Trackpoint>
<Trackpoint>
      <Time>
      2024-09-05T18:02:50.000Z
    </Time><Position>
      <LatitudeDegrees>
      47.42414650487331
    </LatitudeDegrees><LongitudeDegrees>
      -122.29777894361288
    </LongitudeDegrees>
    </Position><AltitudeMeters>
      129.907238278538
    </AltitudeMeters><SensorState>
      Present
    </SensorState><Extensions>
      <TPX xmlns="http://www.garmin.com/xmlschemas/ActivityExtension/v2">
      <nax:Nax>
      <nax:Moments>
      <nax:Halt xsi:type="nax:Halt_t" action="auto_pause">
      
    </nax:Halt>
    </nax:Moments>
    </nax:Nax>
    </TPX>
    </Extensions>
    </Trackpoint>
<Trackpoint>
      <Time>
      2024-09-05T18:02:50.622Z
    </Time><SensorState>
      Present
    </SensorState><Extensions>
      <TPX xmlns="http://www.garmin.com/xmlschemas/ActivityExtension/v2">
      <ns3:Speed>
      2.590256605643348
    </ns3:Speed><nax:Nax>
      <nax:Pace>
      6.434368946441554
    </nax:Pace><nax:Moments>
      <nax:Halt xsi:type="nax:Halt_t" action="auto_pause">
      
    </nax:Halt>
    </nax:Moments>
    </nax:Nax>
    </TPX>
    </Extensions>
    </Trackpoint>
<Trackpoint>
      <Time>
      2024-09-05T18:02:50.623Z
    </Time><DistanceMeters>
      6.38221450150013
    </DistanceMeters><Cadence>
      160.13517379760742
    </Cadence><SensorState>
      Present
    </SensorState><Extensions>
      <TPX xmlns="http://www.garmin.com/xmlschemas/ActivityExtension/v2">
      <nax:Nax>
      <nax:Moments>
      <nax:Halt xsi:type="nax:Halt_t" action="auto_pause">
      
    </nax:Halt>
    </nax:Moments>
    </nax:Nax>
    </TPX>
    </Extensions>
    </Trackpoint>
<Trackpoint>
      <Time>
      2024-09-05T18:02:51.109Z
    </Time><SensorState>
      Present
    </SensorState><Extensions>
      <TPX xmlns="http://www.garmin.com/xmlschemas/ActivityExtension/v2">
      <nax:Nax>
      <nax:AscentInMeters>
      0.03999900817871094
    </nax:AscentInMeters><nax:Moments>
      <nax:Halt xsi:type="nax:Halt_t" action="auto_pause">
      
    </nax:Halt>
    </nax:Moments>
    </nax:Nax>
    </TPX>
    </Extensions>
    </Trackpoint>
<Trackpoint>
      <Time>
      2024-09-05T18:02:51.892Z
    </Time><HeartRateBpm>
      <Value>
      184
    </Value>
    </HeartRateBpm><SensorState>
      Present
    </SensorState><Extensions>
      <TPX xmlns="http://www.garmin.com/xmlschemas/ActivityExtension/v2">
      <nax:Nax>
      <nax:Moments>
      <nax:Halt xsi:type="nax:Halt_t" action="auto_pause">
      
    </nax:Halt>
    </nax:Moments>
    </nax:Nax>
    </TPX>
    </Extensions>
    </Trackpoint>
<Trackpoint>
      <Time>
      2024-09-05T18:02:53.178Z
    </Time><SensorState>
      Present
    </SensorState><Extensions>
      <TPX xmlns="http://www.garmin.com/xmlschemas/ActivityExtension/v2">
      <ns3:Speed>
      2.616398385236657
    </ns3:Speed><nax:Nax>
      <nax:Pace>
      6.370079862726694
    </nax:Pace><nax:Moments>
      <nax:Halt xsi:type="nax:Halt_t" action="auto_pause">
      
    </nax:Halt>
    </nax:Moments>
    </nax:Nax>
    </TPX>
    </Extensions>
    </Trackpoint>
<Trackpoint>
      <Time>
      2024-09-05T18:02:53.179Z
    </Time><DistanceMeters>
      4.208814296871424
    </DistanceMeters><Cadence>
      159.79326725006104
    </Cadence><SensorState>
      Present
    </SensorState><Extensions>
      <TPX xmlns="http://www.garmin.com/xmlschemas/ActivityExtension/v2">
      <nax:Nax>
      <nax:Moments>
      <nax:Halt xsi:type="nax:Halt_t" action="auto_pause">
      
    </nax:Halt>
    </nax:Moments>
    </nax:Nax>
    </TPX>
    </Extensions>
    </Trackpoint>
<Trackpoint>
      <Time>
      2024-09-05T18:02:53.691Z
    </Time><SensorState>
      Present
    </SensorState><Extensions>
      <TPX xmlns="http://www.garmin.com/xmlschemas/ActivityExtension/v2">
      <nax:Nax>
      <nax:AscentInMeters>
      0.2800006866455078
    </nax:AscentInMeters><nax:Moments>
      <nax:Halt xsi:type="nax:Halt_t" action="auto_pause">
      
    </nax:Halt>
    </nax:Moments>
    </nax:Nax>
    </TPX>
    </Extensions>
    </Trackpoint>
<Trackpoint>
      <Time>
      2024-09-05T18:02:53.892Z
    </Time><HeartRateBpm>
      <Value>
      184
    </Value>
    </HeartRateBpm><SensorState>
      Present
    </SensorState><Extensions>
      <TPX xmlns="http://www.garmin.com/xmlschemas/ActivityExtension/v2">
      <nax:Nax>
      <nax:Moments>
      <nax:Halt xsi:type="nax:Halt_t" action="auto_pause">
      
    </nax:Halt>
    </nax:Moments>
    </nax:Nax>
    </TPX>
    </Extensions>
    </Trackpoint>
<Trackpoint>
      <Time>
      2024-09-05T18:02:55.000Z
    </Time><Position>
      <LatitudeDegrees>
      47.424246831011665
    </LatitudeDegrees><LongitudeDegrees>
      -122.29778305880929
    </LongitudeDegrees>
    </Position><AltitudeMeters>
      128.33211639430374
    </AltitudeMeters><SensorState>
      Present
    </SensorState><Extensions>
      <TPX xmlns="http://www.garmin.com/xmlschemas/ActivityExtension/v2">
      <nax:Nax>
      <nax:NikeFuel>
      6.624958380585597
    </nax:NikeFuel><nax:Moments>
      <nax:Halt xsi:type="nax:Halt_t" action="auto_pause">
      
    </nax:Halt>
    </nax:Moments>
    </nax:Nax>
    </TPX>
    </Extensions>
    </Trackpoint>
<Trackpoint>
      <Time>
      2024-09-05T18:02:55.734Z
    </Time><SensorState>
      Present
    </SensorState><Extensions>
      <TPX xmlns="http://www.garmin.com/xmlschemas/ActivityExtension/v2">
      <ns3:Speed>
      2.5130675848284603
    </ns3:Speed><nax:Nax>
      <nax:Pace>
      6.632000972550174
    </nax:Pace><nax:Moments>
      <nax:Halt xsi:type="nax:Halt_t" action="auto_pause">
      
    </nax:Halt>
    </nax:Moments>
    </nax:Nax>
    </TPX>
    </Extensions>
    </Trackpoint>
<Trackpoint>
      <Time>
      2024-09-05T18:02:55.735Z
    </Time><DistanceMeters>
      8.134085168130696
    </DistanceMeters><Cadence>
      159.5520257949829
    </Cadence><SensorState>
      Present
    </SensorState><Extensions>
      <TPX xmlns="http://www.garmin.com/xmlschemas/ActivityExtension/v2">
      <nax:Nax>
      <nax:Moments>
      <nax:Halt xsi:type="nax:Halt_t" action="auto_pause">
      
    </nax:Halt>
    </nax:Moments>
    </nax:Nax>
    </TPX>
    </Extensions>
    </Trackpoint>
<Trackpoint>
      <Time>
      2024-09-05T18:02:56.271Z
    </Time><SensorState>
      Present
    </SensorState><Extensions>
      <TPX xmlns="http://www.garmin.com/xmlschemas/ActivityExtension/v2">
      <nax:Nax>
      <nax:AscentInMeters>
      0.39999961853027344
    </nax:AscentInMeters><nax:Moments>
      <nax:Halt xsi:type="nax:Halt_t" action="auto_pause">
      
    </nax:Halt>
    </nax:Moments>
    </nax:Nax>
    </TPX>
    </Extensions>
    </Trackpoint>
<Trackpoint>
      <Time>
      2024-09-05T18:02:58.290Z
    </Time><SensorState>
      Present
    </SensorState><Extensions>
      <TPX xmlns="http://www.garmin.com/xmlschemas/ActivityExtension/v2">
      <ns3:Speed>
      2.556140416418853
    </ns3:Speed><nax:Nax>
      <nax:Pace>
      6.52024691586256
    </nax:Pace><nax:Moments>
      <nax:Halt xsi:type="nax:Halt_t" action="auto_pause">
      
    </nax:Halt>
    </nax:Moments>
    </nax:Nax>
    </TPX>
    </Extensions>
    </Trackpoint>
<Trackpoint>
      <Time>
      2024-09-05T18:02:58.291Z
    </Time><DistanceMeters>
      6.73519195895642
    </DistanceMeters><Cadence>
      159.52650547027588
    </Cadence><SensorState>
      Present
    </SensorState><Extensions>
      <TPX xmlns="http://www.garmin.com/xmlschemas/ActivityExtension/v2">
      <nax:Nax>
      <nax:Moments>
      <nax:Halt xsi:type="nax:Halt_t" action="auto_pause">
      
    </nax:Halt>
    </nax:Moments>
    </nax:Nax>
    </TPX>
    </Extensions>
    </Trackpoint>
<Trackpoint>
      <Time>
      2024-09-05T18:02:58.853Z
    </Time><SensorState>
      Present
    </SensorState><Extensions>
      <TPX xmlns="http://www.garmin.com/xmlschemas/ActivityExtension/v2">
      <nax:Nax>
      <nax:AscentInMeters>
      0.15999984741210938
    </nax:AscentInMeters><nax:Moments>
      <nax:Halt xsi:type="nax:Halt_t" action="auto_pause">
      
    </nax:Halt>
    </nax:Moments>
    </nax:Nax>
    </TPX>
    </Extensions>
    </Trackpoint>
<Trackpoint>
      <Time>
      2024-09-05T18:02:58.892Z
    </Time><HeartRateBpm>
      <Value>
      183
    </Value>
    </HeartRateBpm><SensorState>
      Present
    </SensorState><Extensions>
      <TPX xmlns="http://www.garmin.com/xmlschemas/ActivityExtension/v2">
      <nax:Nax>
      <nax:Moments>
      <nax:Halt xsi:type="nax:Halt_t" action="auto_pause">
      
    </nax:Halt>
    </nax:Moments>
    </nax:Nax>
    </TPX>
    </Extensions>
    </Trackpoint>
<Trackpoint>
      <Time>
      2024-09-05T18:02:58.999Z
    </Time><Position>
      <LatitudeDegrees>
      47.424350169986276
    </LatitudeDegrees><LongitudeDegrees>
      -122.29782403824635
    </LongitudeDegrees>
    </Position><AltitudeMeters>
      130.00254589878023
    </AltitudeMeters><SensorState>
      Present
    </SensorState><Extensions>
      <TPX xmlns="http://www.garmin.com/xmlschemas/ActivityExtension/v2">
      <nax:Nax>
      <nax:Moments>
      <nax:Halt xsi:type="nax:Halt_t" action="auto_pause">
      
    </nax:Halt>
    </nax:Moments>
    </nax:Nax>
    </TPX>
    </Extensions>
    </Trackpoint>
<Trackpoint>
      <Time>
      2024-09-05T18:03:00.845Z
    </Time><SensorState>
      Present
    </SensorState><Extensions>
      <TPX xmlns="http://www.garmin.com/xmlschemas/ActivityExtension/v2">
      <ns3:Speed>
      2.553133301469621
    </ns3:Speed><nax:Nax>
      <nax:Pace>
      6.527926550906326
    </nax:Pace><nax:Moments>
      <nax:Halt xsi:type="nax:Halt_t" action="auto_pause">
      
    </nax:Halt>
    </nax:Moments>
    </nax:Nax>
    </TPX>
    </Extensions>
    </Trackpoint>
<Trackpoint>
      <Time>
      2024-09-05T18:03:00.846Z
    </Time><DistanceMeters>
      4.530840269289911
    </DistanceMeters><Cadence>
      159.52898025512695
    </Cadence><SensorState>
      Present
    </SensorState><Extensions>
      <TPX xmlns="http://www.garmin.com/xmlschemas/ActivityExtension/v2">
      <nax:Nax>
      <nax:Moments>
      <nax:Halt xsi:type="nax:Halt_t" action="auto_pause">
      
    </nax:Halt>
    </nax:Moments>
    </nax:Nax>
    </TPX>
    </Extensions>
    </Trackpoint>
<Trackpoint>
      <Time>
      2024-09-05T18:03:03.401Z
    </Time><SensorState>
      Present
    </SensorState><Extensions>
      <TPX xmlns="http://www.garmin.com/xmlschemas/ActivityExtension/v2">
      <ns3:Speed>
      2.4936609670497663
    </ns3:Speed><nax:Nax>
      <nax:Pace>
      6.683613725720257
    </nax:Pace><nax:Moments>
      <nax:Halt xsi:type="nax:Halt_t" action="auto_pause">
      
    </nax:Halt>
    </nax:Moments>
    </nax:Nax>
    </TPX>
    </Extensions>
    </Trackpoint>
<Trackpoint>
      <Time>
      2024-09-05T18:03:03.402Z
    </Time><DistanceMeters>
      6.787049503996968
    </DistanceMeters><Cadence>
      159.26211833953857
    </Cadence><SensorState>
      Present
    </SensorState><Extensions>
      <TPX xmlns="http://www.garmin.com/xmlschemas/ActivityExtension/v2">
      <nax:Nax>
      <nax:Moments>
      <nax:Halt xsi:type="nax:Halt_t" action="auto_pause">
      
    </nax:Halt>
    </nax:Moments>
    </nax:Nax>
    </TPX>
    </Extensions>
    </Trackpoint>
<Trackpoint>
      <Time>
      2024-09-05T18:03:03.999Z
    </Time><Position>
      <LatitudeDegrees>
      47.42443205964436
    </LatitudeDegrees><LongitudeDegrees>
      -122.29790839161296
    </LongitudeDegrees>
    </Position><AltitudeMeters>
      130.02797158434987
    </AltitudeMeters><SensorState>
      Present
    </SensorState><Extensions>
      <TPX xmlns="http://www.garmin.com/xmlschemas/ActivityExtension/v2">
      <nax:Nax>
      <nax:Moments>
      <nax:Halt xsi:type="nax:Halt_t" action="auto_pause">
      
    </nax:Halt>
    </nax:Moments>
    </nax:Nax>
    </TPX>
    </Extensions>
    </Trackpoint>
<Trackpoint>
      <Time>
      2024-09-05T18:03:05.000Z
    </Time><SensorState>
      Present
    </SensorState><Extensions>
      <TPX xmlns="http://www.garmin.com/xmlschemas/ActivityExtension/v2">
      <nax:Nax>
      <nax:NikeFuel>
      6.6127730952006765
    </nax:NikeFuel><nax:Moments>
      <nax:Halt xsi:type="nax:Halt_t" action="auto_pause">
      
    </nax:Halt>
    </nax:Moments>
    </nax:Nax>
    </TPX>
    </Extensions>
    </Trackpoint>
<Trackpoint>
      <Time>
      2024-09-05T18:03:05.957Z
    </Time><SensorState>
      Present
    </SensorState><Extensions>
      <TPX xmlns="http://www.garmin.com/xmlschemas/ActivityExtension/v2">
      <ns3:Speed>
      2.4989650397119396
    </ns3:Speed><nax:Nax>
      <nax:Pace>
      6.669427703793673
    </nax:Pace><nax:Moments>
      <nax:Halt xsi:type="nax:Halt_t" action="auto_pause">
      
    </nax:Halt>
    </nax:Moments>
    </nax:Nax>
    </TPX>
    </Extensions>
    </Trackpoint>
<Trackpoint>
      <Time>
      2024-09-05T18:03:05.958Z
    </Time><DistanceMeters>
      5.30342663358897
    </DistanceMeters><Cadence>
      159.15804862976074
    </Cadence><SensorState>
      Present
    </SensorState><Extensions>
      <TPX xmlns="http://www.garmin.com/xmlschemas/ActivityExtension/v2">
      <nax:Nax>
      <nax:Moments>
      <nax:Halt xsi:type="nax:Halt_t" action="auto_pause">
      
    </nax:Halt>
    </nax:Moments>
    </nax:Nax>
    </TPX>
    </Extensions>
    </Trackpoint>
<Trackpoint>
      <Time>
      2024-09-05T18:03:07.892Z
    </Time><HeartRateBpm>
      <Value>
      185
    </Value>
    </HeartRateBpm><SensorState>
      Present
    </SensorState><Extensions>
      <TPX xmlns="http://www.garmin.com/xmlschemas/ActivityExtension/v2">
      <nax:Nax>
      <nax:Moments>
      <nax:Halt xsi:type="nax:Halt_t" action="auto_pause">
      
    </nax:Halt>
    </nax:Moments>
    </nax:Nax>
    </TPX>
    </Extensions>
    </Trackpoint>
<Trackpoint>
      <Time>
      2024-09-05T18:03:08.513Z
    </Time><SensorState>
      Present
    </SensorState><Extensions>
      <TPX xmlns="http://www.garmin.com/xmlschemas/ActivityExtension/v2">
      <ns3:Speed>
      2.4681547477494328
    </ns3:Speed><nax:Nax>
      <nax:Pace>
      6.752683024378449
    </nax:Pace><nax:Moments>
      <nax:Halt xsi:type="nax:Halt_t" action="auto_pause">
      
    </nax:Halt>
    </nax:Moments>
    </nax:Nax>
    </TPX>
    </Extensions>
    </Trackpoint>
<Trackpoint>
      <Time>
      2024-09-05T18:03:08.514Z
    </Time><DistanceMeters>
      6.999275700189173
    </DistanceMeters><Cadence>
      159.15804862976074
    </Cadence><SensorState>
      Present
    </SensorState><Extensions>
      <TPX xmlns="http://www.garmin.com/xmlschemas/ActivityExtension/v2">
      <nax:Nax>
      <nax:Moments>
      <nax:Halt xsi:type="nax:Halt_t" action="auto_pause">
      
    </nax:Halt>
    </nax:Moments>
    </nax:Nax>
    </TPX>
    </Extensions>
    </Trackpoint>
<Trackpoint>
      <Time>
      2024-09-05T18:03:08.999Z
    </Time><Position>
      <LatitudeDegrees>
      47.42452803295815
    </LatitudeDegrees><LongitudeDegrees>
      -122.29797427723682
    </LongitudeDegrees>
    </Position><AltitudeMeters>
      129.28424125630409
    </AltitudeMeters><SensorState>
      Present
    </SensorState><Extensions>
      <TPX xmlns="http://www.garmin.com/xmlschemas/ActivityExtension/v2">
      <nax:Nax>
      <nax:Moments>
      <nax:Halt xsi:type="nax:Halt_t" action="auto_pause">
      
    </nax:Halt>
    </nax:Moments>
    </nax:Nax>
    </TPX>
    </Extensions>
    </Trackpoint>
<Trackpoint>
      <Time>
      2024-09-05T18:03:09.178Z
    </Time><SensorState>
      Present
    </SensorState><Extensions>
      <TPX xmlns="http://www.garmin.com/xmlschemas/ActivityExtension/v2">
      <nax:Nax>
      <nax:DescentInMeters>
      0.20000076293945312
    </nax:DescentInMeters><nax:Moments>
      <nax:Halt xsi:type="nax:Halt_t" action="auto_pause">
      
    </nax:Halt>
    </nax:Moments>
    </nax:Nax>
    </TPX>
    </Extensions>
    </Trackpoint>
<Trackpoint>
      <Time>
      2024-09-05T18:03:11.069Z
    </Time><SensorState>
      Present
    </SensorState><Extensions>
      <TPX xmlns="http://www.garmin.com/xmlschemas/ActivityExtension/v2">
      <ns3:Speed>
      2.5382286074093328
    </ns3:Speed><nax:Nax>
      <nax:Pace>
      6.566259090302216
    </nax:Pace><nax:Moments>
      <nax:Halt xsi:type="nax:Halt_t" action="auto_pause">
      
    </nax:Halt>
    </nax:Moments>
    </nax:Nax>
    </TPX>
    </Extensions>
    </Trackpoint>
<Trackpoint>
      <Time>
      2024-09-05T18:03:11.070Z
    </Time><DistanceMeters>
      7.197692337445915
    </DistanceMeters><Cadence>
      158.97923469543457
    </Cadence><SensorState>
      Present
    </SensorState><Extensions>
      <TPX xmlns="http://www.garmin.com/xmlschemas/ActivityExtension/v2">
      <nax:Nax>
      <nax:Moments>
      <nax:Halt xsi:type="nax:Halt_t" action="auto_pause">
      
    </nax:Halt>
    </nax:Moments>
    </nax:Nax>
    </TPX>
    </Extensions>
    </Trackpoint>
<Trackpoint>
      <Time>
      2024-09-05T18:03:11.758Z
    </Time><SensorState>
      Present
    </SensorState><Extensions>
      <TPX xmlns="http://www.garmin.com/xmlschemas/ActivityExtension/v2">
      <nax:Nax>
      <nax:DescentInMeters>
      0.39999961853027344
    </nax:DescentInMeters><nax:Moments>
      <nax:Halt xsi:type="nax:Halt_t" action="auto_pause">
      
    </nax:Halt>
    </nax:Moments>
    </nax:Nax>
    </TPX>
    </Extensions>
    </Trackpoint>
<Trackpoint>
      <Time>
      2024-09-05T18:03:11.892Z
    </Time><HeartRateBpm>
      <Value>
      183
    </Value>
    </HeartRateBpm><SensorState>
      Present
    </SensorState><Extensions>
      <TPX xmlns="http://www.garmin.com/xmlschemas/ActivityExtension/v2">
      <nax:Nax>
      <nax:Moments>
      <nax:Halt xsi:type="nax:Halt_t" action="auto_pause">
      
    </nax:Halt>
    </nax:Moments>
    </nax:Nax>
    </TPX>
    </Extensions>
    </Trackpoint>
<Trackpoint>
      <Time>
      2024-09-05T18:03:12.999Z
    </Time><Position>
      <LatitudeDegrees>
      47.42462884309041
    </LatitudeDegrees><LongitudeDegrees>
      -122.29790929635027
    </LongitudeDegrees>
    </Position><AltitudeMeters>
      129.3162638694048
    </AltitudeMeters><SensorState>
      Present
    </SensorState><Extensions>
      <TPX xmlns="http://www.garmin.com/xmlschemas/ActivityExtension/v2">
      <nax:Nax>
      <nax:Moments>
      <nax:Halt xsi:type="nax:Halt_t" action="auto_pause">
      
    </nax:Halt>
    </nax:Moments>
    </nax:Nax>
    </TPX>
    </Extensions>
    </Trackpoint>
<Trackpoint>
      <Time>
      2024-09-05T18:03:13.624Z
    </Time><SensorState>
      Present
    </SensorState><Extensions>
      <TPX xmlns="http://www.garmin.com/xmlschemas/ActivityExtension/v2">
      <ns3:Speed>
      2.590620524489222
    </ns3:Speed><nax:Nax>
      <nax:Pace>
      6.433465074917809
    </nax:Pace><nax:Moments>
      <nax:Halt xsi:type="nax:Halt_t" action="auto_pause">
      
    </nax:Halt>
    </nax:Moments>
    </nax:Nax>
    </TPX>
    </Extensions>
    </Trackpoint>
<Trackpoint>
      <Time>
      2024-09-05T18:03:13.625Z
    </Time><DistanceMeters>
      7.797932006418705
    </DistanceMeters><Cadence>
      158.81787300109863
    </Cadence><SensorState>
      Present
    </SensorState><Extensions>
      <TPX xmlns="http://www.garmin.com/xmlschemas/ActivityExtension/v2">
      <nax:Nax>
      <nax:Moments>
      <nax:Halt xsi:type="nax:Halt_t" action="auto_pause">
      
    </nax:Halt>
    </nax:Moments>
    </nax:Nax>
    </TPX>
    </Extensions>
    </Trackpoint>
<Trackpoint>
      <Time>
      2024-09-05T18:03:14.340Z
    </Time><SensorState>
      Present
    </SensorState><Extensions>
      <TPX xmlns="http://www.garmin.com/xmlschemas/ActivityExtension/v2">
      <nax:Nax>
      <nax:DescentInMeters>
      0.14999961853027344
    </nax:DescentInMeters><nax:Moments>
      <nax:Halt xsi:type="nax:Halt_t" action="auto_pause">
      
    </nax:Halt>
    </nax:Moments>
    </nax:Nax>
    </TPX>
    </Extensions>
    </Trackpoint>
<Trackpoint>
      <Time>
      2024-09-05T18:03:15.000Z
    </Time><SensorState>
      Present
    </SensorState><Extensions>
      <TPX xmlns="http://www.garmin.com/xmlschemas/ActivityExtension/v2">
      <nax:Nax>
      <nax:NikeFuel>
      6.375903668229757
    </nax:NikeFuel><nax:Moments>
      <nax:Halt xsi:type="nax:Halt_t" action="auto_pause">
      
    </nax:Halt>
    </nax:Moments>
    </nax:Nax>
    </TPX>
    </Extensions>
    </Trackpoint>
<Trackpoint>
      <Time>
      2024-09-05T18:03:15.892Z
    </Time><HeartRateBpm>
      <Value>
      183
    </Value>
    </HeartRateBpm><SensorState>
      Present
    </SensorState><Extensions>
      <TPX xmlns="http://www.garmin.com/xmlschemas/ActivityExtension/v2">
      <nax:Nax>
      <nax:Moments>
      <nax:Halt xsi:type="nax:Halt_t" action="auto_pause">
      
    </nax:Halt>
    </nax:Moments>
    </nax:Nax>
    </TPX>
    </Extensions>
    </Trackpoint>
<Trackpoint>
      <Time>
      2024-09-05T18:03:16.180Z
    </Time><SensorState>
      Present
    </SensorState><Extensions>
      <TPX xmlns="http://www.garmin.com/xmlschemas/ActivityExtension/v2">
      <ns3:Speed>
      2.596777899504248
    </ns3:Speed><nax:Nax>
      <nax:Pace>
      6.418210302024099
    </nax:Pace><nax:Moments>
      <nax:Halt xsi:type="nax:Halt_t" action="auto_pause">
      
    </nax:Halt>
    </nax:Moments>
    </nax:Nax>
    </TPX>
    </Extensions>
    </Trackpoint>
<Trackpoint>
      <Time>
      2024-09-05T18:03:16.181Z
    </Time><DistanceMeters>
      6.887603542767465
    </DistanceMeters><Cadence>
      158.59241008758545
    </Cadence><SensorState>
      Present
    </SensorState><Extensions>
      <TPX xmlns="http://www.garmin.com/xmlschemas/ActivityExtension/v2">
      <nax:Nax>
      <nax:Moments>
      <nax:Halt xsi:type="nax:Halt_t" action="auto_pause">
      
    </nax:Halt>
    </nax:Moments>
    </nax:Nax>
    </TPX>
    </Extensions>
    </Trackpoint>
<Trackpoint>
      <Time>
      2024-09-05T18:03:16.921Z
    </Time><SensorState>
      Present
    </SensorState><Extensions>
      <TPX xmlns="http://www.garmin.com/xmlschemas/ActivityExtension/v2">
      <nax:Nax>
      <nax:DescentInMeters>
      0.010000228881835938
    </nax:DescentInMeters><nax:Moments>
      <nax:Halt xsi:type="nax:Halt_t" action="auto_pause">
      
    </nax:Halt>
    </nax:Moments>
    </nax:Nax>
    </TPX>
    </Extensions>
    </Trackpoint>
<Trackpoint>
      <Time>
      2024-09-05T18:03:16.999Z
    </Time><Position>
      <LatitudeDegrees>
      47.424714692363715
    </LatitudeDegrees><LongitudeDegrees>
      -122.297846871928
    </LongitudeDegrees>
    </Position><AltitudeMeters>
      129.59073327854276
    </AltitudeMeters><SensorState>
      Present
    </SensorState><Extensions>
      <TPX xmlns="http://www.garmin.com/xmlschemas/ActivityExtension/v2">
      <nax:Nax>
      <nax:Moments>
      <nax:Halt xsi:type="nax:Halt_t" action="auto_pause">
      
    </nax:Halt>
    </nax:Moments>
    </nax:Nax>
    </TPX>
    </Extensions>
    </Trackpoint>
<Trackpoint>
      <Time>
      2024-09-05T18:03:18.736Z
    </Time><SensorState>
      Present
    </SensorState><Extensions>
      <TPX xmlns="http://www.garmin.com/xmlschemas/ActivityExtension/v2">
      <ns3:Speed>
      2.569187612888044
    </ns3:Speed><nax:Nax>
      <nax:Pace>
      6.4871349149669655
    </nax:Pace><nax:Moments>
      <nax:Halt xsi:type="nax:Halt_t" action="auto_pause">
      
    </nax:Halt>
    </nax:Moments>
    </nax:Nax>
    </TPX>
    </Extensions>
    </Trackpoint>
<Trackpoint>
      <Time>
      2024-09-05T18:03:18.737Z
    </Time><DistanceMeters>
      6.921768092550337
    </DistanceMeters><Cadence>
      158.73209953308105
    </Cadence><SensorState>
      Present
    </SensorState><Extensions>
      <TPX xmlns="http://www.garmin.com/xmlschemas/ActivityExtension/v2">
      <nax:Nax>
      <nax:Moments>
      <nax:Halt xsi:type="nax:Halt_t" action="auto_pause">
      
    </nax:Halt>
    </nax:Moments>
    </nax:Nax>
    </TPX>
    </Extensions>
    </Trackpoint>
<Trackpoint>
      <Time>
      2024-09-05T18:03:20.999Z
    </Time><Position>
      <LatitudeDegrees>
      47.424806781447565
    </LatitudeDegrees><LongitudeDegrees>
      -122.29777397118525
    </LongitudeDegrees>
    </Position><AltitudeMeters>
      130.4838256193325
    </AltitudeMeters><SensorState>
      Present
    </SensorState><Extensions>
      <TPX xmlns="http://www.garmin.com/xmlschemas/ActivityExtension/v2">
      <nax:Nax>
      <nax:Moments>
      <nax:Halt xsi:type="nax:Halt_t" action="auto_pause">
      
    </nax:Halt>
    </nax:Moments>
    </nax:Nax>
    </TPX>
    </Extensions>
    </Trackpoint>
<Trackpoint>
      <Time>
      2024-09-05T18:03:21.292Z
    </Time><SensorState>
      Present
    </SensorState><Extensions>
      <TPX xmlns="http://www.garmin.com/xmlschemas/ActivityExtension/v2">
      <ns3:Speed>
      2.582616421690619
    </ns3:Speed><nax:Nax>
      <nax:Pace>
      6.4534038143211445
    </nax:Pace><nax:Moments>
      <nax:Halt xsi:type="nax:Halt_t" action="auto_pause">
      
    </nax:Halt>
    </nax:Moments>
    </nax:Nax>
    </TPX>
    </Extensions>
    </Trackpoint>
<Trackpoint>
      <Time>
      2024-09-05T18:03:21.293Z
    </Time><DistanceMeters>
      6.575966107659042
    </DistanceMeters><Cadence>
      158.73209953308105
    </Cadence><SensorState>
      Present
    </SensorState><Extensions>
      <TPX xmlns="http://www.garmin.com/xmlschemas/ActivityExtension/v2">
      <nax:Nax>
      <nax:Moments>
      <nax:Halt xsi:type="nax:Halt_t" action="auto_pause">
      
    </nax:Halt>
    </nax:Moments>
    </nax:Nax>
    </TPX>
    </Extensions>
    </Trackpoint>
<Trackpoint>
      <Time>
      2024-09-05T18:03:22.892Z
    </Time><HeartRateBpm>
      <Value>
      184
    </Value>
    </HeartRateBpm><SensorState>
      Present
    </SensorState><Extensions>
      <TPX xmlns="http://www.garmin.com/xmlschemas/ActivityExtension/v2">
      <nax:Nax>
      <nax:Moments>
      <nax:Halt xsi:type="nax:Halt_t" action="auto_pause">
      
    </nax:Halt>
    </nax:Moments>
    </nax:Nax>
    </TPX>
    </Extensions>
    </Trackpoint>
<Trackpoint>
      <Time>
      2024-09-05T18:03:23.848Z
    </Time><SensorState>
      Present
    </SensorState><Extensions>
      <TPX xmlns="http://www.garmin.com/xmlschemas/ActivityExtension/v2">
      <ns3:Speed>
      1.957959238510195
    </ns3:Speed><nax:Nax>
      <nax:Pace>
      8.512264371421889
    </nax:Pace><nax:Moments>
      <nax:Halt xsi:type="nax:Halt_t" action="auto_pause">
      
    </nax:Halt>
    </nax:Moments>
    </nax:Nax>
    </TPX>
    </Extensions>
    </Trackpoint>
<Trackpoint>
      <Time>
      2024-09-05T18:03:23.849Z
    </Time><DistanceMeters>
      5.724549239501357
    </DistanceMeters><Cadence>
      158.73209953308105
    </Cadence><SensorState>
      Present
    </SensorState><Extensions>
      <TPX xmlns="http://www.garmin.com/xmlschemas/ActivityExtension/v2">
      <nax:Nax>
      <nax:Moments>
      <nax:Halt xsi:type="nax:Halt_t" action="auto_pause">
      
    </nax:Halt>
    </nax:Moments>
    </nax:Nax>
    </TPX>
    </Extensions>
    </Trackpoint>
<Trackpoint>
      <Time>
      2024-09-05T18:03:25.000Z
    </Time><SensorState>
      Present
    </SensorState><Extensions>
      <TPX xmlns="http://www.garmin.com/xmlschemas/ActivityExtension/v2">
      <nax:Nax>
      <nax:NikeFuel>
      2.907726230486736
    </nax:NikeFuel><nax:Moments>
      <nax:Halt xsi:type="nax:Halt_t" action="auto_pause">
      
    </nax:Halt>
    </nax:Moments>
    </nax:Nax>
    </TPX>
    </Extensions>
    </Trackpoint>
<Trackpoint>
      <Time>
      2024-09-05T18:03:25.999Z
    </Time><Position>
      <LatitudeDegrees>
      47.42489799465178
    </LatitudeDegrees><LongitudeDegrees>
      -122.29771732415225
    </LongitudeDegrees>
    </Position><AltitudeMeters>
      130.84113969560713
    </AltitudeMeters><SensorState>
      Present
    </SensorState><Extensions>
      <TPX xmlns="http://www.garmin.com/xmlschemas/ActivityExtension/v2">
      <nax:Nax>
      <nax:Moments>
      <nax:Halt xsi:type="nax:Halt_t" action="auto_pause">
      
    </nax:Halt>
    </nax:Moments>
    </nax:Nax>
    </TPX>
    </Extensions>
    </Trackpoint>
<Trackpoint>
      <Time>
      2024-09-05T18:03:26.403Z
    </Time><SensorState>
      Present
    </SensorState><Extensions>
      <TPX xmlns="http://www.garmin.com/xmlschemas/ActivityExtension/v2">
      <ns3:Speed>
      1.8244260862513464
    </ns3:Speed><nax:Nax>
      <nax:Pace>
      9.135292896908592
    </nax:Pace><nax:Moments>
      <nax:Halt xsi:type="nax:Halt_t" action="auto_pause">
      
    </nax:Halt>
    </nax:Moments>
    </nax:Nax>
    </TPX>
    </Extensions>
    </Trackpoint>
<Trackpoint>
      <Time>
      2024-09-05T18:03:26.404Z
    </Time><DistanceMeters>
      3.4863107595592737
    </DistanceMeters><Cadence>
      116.0731029510498
    </Cadence><SensorState>
      Present
    </SensorState><Extensions>
      <TPX xmlns="http://www.garmin.com/xmlschemas/ActivityExtension/v2">
      <nax:Nax>
      <nax:Moments>
      <nax:Halt xsi:type="nax:Halt_t" action="auto_pause">
      
    </nax:Halt>
    </nax:Moments>
    </nax:Nax>
    </TPX>
    </Extensions>
    </Trackpoint>
<Trackpoint>
      <Time>
      2024-09-05T18:03:27.245Z
    </Time><SensorState>
      Present
    </SensorState><Extensions>
      <TPX xmlns="http://www.garmin.com/xmlschemas/ActivityExtension/v2">
      <nax:Nax>
      <nax:AscentInMeters>
      0.22999954223632812
    </nax:AscentInMeters><nax:Moments>
      <nax:Halt xsi:type="nax:Halt_t" action="auto_pause">
      
    </nax:Halt>
    </nax:Moments>
    </nax:Nax>
    </TPX>
    </Extensions>
    </Trackpoint>
<Trackpoint>
      <Time>
      2024-09-05T18:03:27.892Z
    </Time><HeartRateBpm>
      <Value>
      183
    </Value>
    </HeartRateBpm><SensorState>
      Present
    </SensorState><Extensions>
      <TPX xmlns="http://www.garmin.com/xmlschemas/ActivityExtension/v2">
      <nax:Nax>
      <nax:Moments>
      <nax:Halt xsi:type="nax:Halt_t" action="auto_pause">
      
    </nax:Halt>
    </nax:Moments>
    </nax:Nax>
    </TPX>
    </Extensions>
    </Trackpoint>
<Trackpoint>
      <Time>
      2024-09-05T18:03:28.892Z
    </Time><HeartRateBpm>
      <Value>
      182
    </Value>
    </HeartRateBpm><SensorState>
      Present
    </SensorState><Extensions>
      <TPX xmlns="http://www.garmin.com/xmlschemas/ActivityExtension/v2">
      <nax:Nax>
      <nax:Moments>
      <nax:Halt xsi:type="nax:Halt_t" action="auto_pause">
      
    </nax:Halt>
    </nax:Moments>
    </nax:Nax>
    </TPX>
    </Extensions>
    </Trackpoint>
<Trackpoint>
      <Time>
      2024-09-05T18:03:28.969Z
    </Time><SensorState>
      Present
    </SensorState><Extensions>
      <TPX xmlns="http://www.garmin.com/xmlschemas/ActivityExtension/v2">
      <ns3:Speed>
      1.6807763166515406
    </ns3:Speed><nax:Nax>
      <nax:Pace>
      9.91605277962874
    </nax:Pace><nax:Moments>
      <nax:Halt xsi:type="nax:Halt_t" action="auto_pause">
      
    </nax:Halt>
    </nax:Moments>
    </nax:Nax>
    </TPX>
    </Extensions>
    </Trackpoint>
<Trackpoint>
      <Time>
      2024-09-05T18:03:28.970Z
    </Time><DistanceMeters>
      3.295684396289289
    </DistanceMeters><Cadence>
      116.96054220199585
    </Cadence><SensorState>
      Present
    </SensorState><Extensions>
      <TPX xmlns="http://www.garmin.com/xmlschemas/ActivityExtension/v2">
      <nax:Nax>
      <nax:Moments>
      <nax:Halt xsi:type="nax:Halt_t" action="auto_pause">
      
    </nax:Halt>
    </nax:Moments>
    </nax:Nax>
    </TPX>
    </Extensions>
    </Trackpoint>
<Trackpoint>
      <Time>
      2024-09-05T18:03:29.826Z
    </Time><SensorState>
      Present
    </SensorState><Extensions>
      <TPX xmlns="http://www.garmin.com/xmlschemas/ActivityExtension/v2">
      <nax:Nax>
      <nax:AscentInMeters>
      0.2199993133544922
    </nax:AscentInMeters><nax:Moments>
      <nax:Halt xsi:type="nax:Halt_t" action="auto_pause">
      
    </nax:Halt>
    </nax:Moments>
    </nax:Nax>
    </TPX>
    </Extensions>
    </Trackpoint>
<Trackpoint>
      <Time>
      2024-09-05T18:03:31.534Z
    </Time><DistanceMeters>
      2.4566367669031024
    </DistanceMeters><SensorState>
      Present
    </SensorState><Extensions>
      <TPX xmlns="http://www.garmin.com/xmlschemas/ActivityExtension/v2">
      <ns3:Speed>
      1.5997259505455235
    </ns3:Speed><nax:Nax>
      <nax:Pace>
      10.418451148450243
    </nax:Pace><nax:Moments>
      <nax:Halt xsi:type="nax:Halt_t" action="auto_pause">
      
    </nax:Halt>
    </nax:Moments>
    </nax:Nax>
    </TPX>
    </Extensions>
    </Trackpoint>
<Trackpoint>
      <Time>
      2024-09-05T18:03:31.535Z
    </Time><Cadence>
      116.96054220199585
    </Cadence><SensorState>
      Present
    </SensorState><Extensions>
      <TPX xmlns="http://www.garmin.com/xmlschemas/ActivityExtension/v2">
      <nax:Nax>
      <nax:Moments>
      <nax:Halt xsi:type="nax:Halt_t" action="auto_pause">
      
    </nax:Halt>
    </nax:Moments>
    </nax:Nax>
    </TPX>
    </Extensions>
    </Trackpoint>
<Trackpoint>
      <Time>
      2024-09-05T18:03:32.407Z
    </Time><SensorState>
      Present
    </SensorState><Extensions>
      <TPX xmlns="http://www.garmin.com/xmlschemas/ActivityExtension/v2">
      <nax:Nax>
      <nax:AscentInMeters>
      0.15000152587890625
    </nax:AscentInMeters><nax:Moments>
      <nax:Halt xsi:type="nax:Halt_t" action="auto_pause">
      
    </nax:Halt>
    </nax:Moments>
    </nax:Nax>
    </TPX>
    </Extensions>
    </Trackpoint>
<Trackpoint>
      <Time>
      2024-09-05T18:03:34.099Z
    </Time><SensorState>
      Present
    </SensorState><Extensions>
      <TPX xmlns="http://www.garmin.com/xmlschemas/ActivityExtension/v2">
      <ns3:Speed>
      1.5418755419687864
    </ns3:Speed><nax:Nax>
      <nax:Pace>
      10.809346288342685
    </nax:Pace><nax:Moments>
      <nax:Halt xsi:type="nax:Halt_t" action="auto_pause">
      
    </nax:Halt>
    </nax:Moments>
    </nax:Nax>
    </TPX>
    </Extensions>
    </Trackpoint>
<Trackpoint>
      <Time>
      2024-09-05T18:03:34.100Z
    </Time><DistanceMeters>
      2.3850319925695658
    </DistanceMeters><Cadence>
      116.96054220199585
    </Cadence><SensorState>
      Present
    </SensorState><Extensions>
      <TPX xmlns="http://www.garmin.com/xmlschemas/ActivityExtension/v2">
      <nax:Nax>
      <nax:Moments>
      <nax:Halt xsi:type="nax:Halt_t" action="auto_pause">
      
    </nax:Halt>
    </nax:Moments>
    </nax:Nax>
    </TPX>
    </Extensions>
    </Trackpoint>
<Trackpoint>
      <Time>
      2024-09-05T18:03:34.988Z
    </Time><SensorState>
      Present
    </SensorState><Extensions>
      <TPX xmlns="http://www.garmin.com/xmlschemas/ActivityExtension/v2">
      <nax:Nax>
      <nax:AscentInMeters>
      0.10999870300292969
    </nax:AscentInMeters><nax:Moments>
      <nax:Halt xsi:type="nax:Halt_t" action="auto_pause">
      
    </nax:Halt>
    </nax:Moments>
    </nax:Nax>
    </TPX>
    </Extensions>
    </Trackpoint>
<Trackpoint>
      <Time>
      2024-09-05T18:03:35.000Z
    </Time><SensorState>
      Present
    </SensorState><Extensions>
      <TPX xmlns="http://www.garmin.com/xmlschemas/ActivityExtension/v2">
      <nax:Nax>
      <nax:NikeFuel>
      2.4994412456331006
    </nax:NikeFuel><nax:Moments>
      <nax:Halt xsi:type="nax:Halt_t" action="auto_pause">
      
    </nax:Halt>
    </nax:Moments>
    </nax:Nax>
    </TPX>
    </Extensions>
    </Trackpoint>
<Trackpoint>
      <Time>
      2024-09-05T18:03:36.000Z
    </Time><Position>
      <LatitudeDegrees>
      47.42499117539849
    </LatitudeDegrees><LongitudeDegrees>
      -122.29769293833489
    </LongitudeDegrees>
    </Position><AltitudeMeters>
      130.5216575069353
    </AltitudeMeters><SensorState>
      Present
    </SensorState><Extensions>
      <TPX xmlns="http://www.garmin.com/xmlschemas/ActivityExtension/v2">
      <nax:Nax>
      <nax:Moments>
      <nax:Halt xsi:type="nax:Halt_t" action="auto_pause">
      
    </nax:Halt>
    </nax:Moments>
    </nax:Nax>
    </TPX>
    </Extensions>
    </Trackpoint>
<Trackpoint>
      <Time>
      2024-09-05T18:03:36.664Z
    </Time><SensorState>
      Present
    </SensorState><Extensions>
      <TPX xmlns="http://www.garmin.com/xmlschemas/ActivityExtension/v2">
      <ns3:Speed>
      1.4020298060634824
    </ns3:Speed><nax:Nax>
      <nax:Pace>
      11.887526637869508
    </nax:Pace><nax:Moments>
      <nax:Halt xsi:type="nax:Halt_t" action="auto_pause">
      
    </nax:Halt>
    </nax:Moments>
    </nax:Nax>
    </TPX>
    </Extensions>
    </Trackpoint>
<Trackpoint>
      <Time>
      2024-09-05T18:03:36.665Z
    </Time><DistanceMeters>
      2.8674766309559345
    </DistanceMeters><Cadence>
      118.19082498550415
    </Cadence><SensorState>
      Present
    </SensorState><Extensions>
      <TPX xmlns="http://www.garmin.com/xmlschemas/ActivityExtension/v2">
      <nax:Nax>
      <nax:Moments>
      <nax:Halt xsi:type="nax:Halt_t" action="auto_pause">
      
    </nax:Halt>
    </nax:Moments>
    </nax:Nax>
    </TPX>
    </Extensions>
    </Trackpoint>
<Trackpoint>
      <Time>
      2024-09-05T18:03:37.569Z
    </Time><SensorState>
      Present
    </SensorState><Extensions>
      <TPX xmlns="http://www.garmin.com/xmlschemas/ActivityExtension/v2">
      <nax:Nax>
      <nax:AscentInMeters>
      0.09000015258789062
    </nax:AscentInMeters><nax:Moments>
      <nax:Halt xsi:type="nax:Halt_t" action="auto_pause">
      
    </nax:Halt>
    </nax:Moments>
    </nax:Nax>
    </TPX>
    </Extensions>
    </Trackpoint>
<Trackpoint>
      <Time>
      2024-09-05T18:03:39.229Z
    </Time><SensorState>
      Present
    </SensorState><Extensions>
      <TPX xmlns="http://www.garmin.com/xmlschemas/ActivityExtension/v2">
      <ns3:Speed>
      1.3465776347435816
    </ns3:Speed><nax:Nax>
      <nax:Pace>
      12.377055905759471
    </nax:Pace><nax:Moments>
      <nax:Halt xsi:type="nax:Halt_t" action="auto_pause">
      
    </nax:Halt>
    </nax:Moments>
    </nax:Nax>
    </TPX>
    </Extensions>
    </Trackpoint>
<Trackpoint>
      <Time>
      2024-09-05T18:03:39.230Z
    </Time><DistanceMeters>
      0.8512974819168448
    </DistanceMeters><Cadence>
      118.19082498550415
    </Cadence><SensorState>
      Present
    </SensorState><Extensions>
      <TPX xmlns="http://www.garmin.com/xmlschemas/ActivityExtension/v2">
      <nax:Nax>
      <nax:Moments>
      <nax:Halt xsi:type="nax:Halt_t" action="auto_pause">
      
    </nax:Halt>
    </nax:Moments>
    </nax:Nax>
    </TPX>
    </Extensions>
    </Trackpoint>
<Trackpoint>
      <Time>
      2024-09-05T18:03:40.151Z
    </Time><SensorState>
      Present
    </SensorState><Extensions>
      <TPX xmlns="http://www.garmin.com/xmlschemas/ActivityExtension/v2">
      <nax:Nax>
      <nax:AscentInMeters>
      0.06999969482421875
    </nax:AscentInMeters><nax:Moments>
      <nax:Halt xsi:type="nax:Halt_t" action="auto_pause">
      
    </nax:Halt>
    </nax:Moments>
    </nax:Nax>
    </TPX>
    </Extensions>
    </Trackpoint>
<Trackpoint>
      <Time>
      2024-09-05T18:03:41.794Z
    </Time><SensorState>
      Present
    </SensorState><Extensions>
      <TPX xmlns="http://www.garmin.com/xmlschemas/ActivityExtension/v2">
      <ns3:Speed>
      1.3922833111314281
    </ns3:Speed><nax:Nax>
      <nax:Pace>
      11.970743693769217
    </nax:Pace><nax:Moments>
      <nax:Halt xsi:type="nax:Halt_t" action="auto_pause">
      
    </nax:Halt>
    </nax:Moments>
    </nax:Nax>
    </TPX>
    </Extensions>
    </Trackpoint>
<Trackpoint>
      <Time>
      2024-09-05T18:03:41.795Z
    </Time><DistanceMeters>
      5.949465413577855
    </DistanceMeters><Cadence>
      118.19082498550415
    </Cadence><SensorState>
      Present
    </SensorState><Extensions>
      <TPX xmlns="http://www.garmin.com/xmlschemas/ActivityExtension/v2">
      <nax:Nax>
      <nax:Moments>
      <nax:Halt xsi:type="nax:Halt_t" action="auto_pause">
      
    </nax:Halt>
    </nax:Moments>
    </nax:Nax>
    </TPX>
    </Extensions>
    </Trackpoint>
<Trackpoint>
      <Time>
      2024-09-05T18:03:42.731Z
    </Time><SensorState>
      Present
    </SensorState><Extensions>
      <TPX xmlns="http://www.garmin.com/xmlschemas/ActivityExtension/v2">
      <nax:Nax>
      <nax:AscentInMeters>
      0.04000091552734375
    </nax:AscentInMeters><nax:Moments>
      <nax:Halt xsi:type="nax:Halt_t" action="auto_pause">
      
    </nax:Halt>
    </nax:Moments>
    </nax:Nax>
    </TPX>
    </Extensions>
    </Trackpoint>
<Trackpoint>
      <Time>
      2024-09-05T18:03:43.892Z
    </Time><HeartRateBpm>
      <Value>
      178
    </Value>
    </HeartRateBpm><SensorState>
      Present
    </SensorState><Extensions>
      <TPX xmlns="http://www.garmin.com/xmlschemas/ActivityExtension/v2">
      <nax:Nax>
      <nax:Moments>
      <nax:Halt xsi:type="nax:Halt_t" action="auto_pause">
      
    </nax:Halt>
    </nax:Moments>
    </nax:Nax>
    </TPX>
    </Extensions>
    </Trackpoint>
<Trackpoint>
      <Time>
      2024-09-05T18:03:44.000Z
    </Time><Position>
      <LatitudeDegrees>
      47.42509658560788
    </LatitudeDegrees><LongitudeDegrees>
      -122.29765910412581
    </LongitudeDegrees>
    </Position><AltitudeMeters>
      130.1903860764578
    </AltitudeMeters><SensorState>
      Present
    </SensorState><Extensions>
      <TPX xmlns="http://www.garmin.com/xmlschemas/ActivityExtension/v2">
      <nax:Nax>
      <nax:Moments>
      <nax:Halt xsi:type="nax:Halt_t" action="auto_pause">
      
    </nax:Halt>
    </nax:Moments>
    </nax:Nax>
    </TPX>
    </Extensions>
    </Trackpoint>
<Trackpoint>
      <Time>
      2024-09-05T18:03:44.360Z
    </Time><SensorState>
      Present
    </SensorState><Extensions>
      <TPX xmlns="http://www.garmin.com/xmlschemas/ActivityExtension/v2">
      <ns3:Speed>
      1.3248125625693623
    </ns3:Speed><nax:Nax>
      <nax:Pace>
      12.580396002845166
    </nax:Pace><nax:Moments>
      <nax:Halt xsi:type="nax:Halt_t" action="auto_pause">
      
    </nax:Halt>
    </nax:Moments>
    </nax:Nax>
    </TPX>
    </Extensions>
    </Trackpoint>
<Trackpoint>
      <Time>
      2024-09-05T18:03:44.361Z
    </Time><DistanceMeters>
      5.447628551162779
    </DistanceMeters><Cadence>
      118.19082498550415
    </Cadence><SensorState>
      Present
    </SensorState><Extensions>
      <TPX xmlns="http://www.garmin.com/xmlschemas/ActivityExtension/v2">
      <nax:Nax>
      <nax:Moments>
      <nax:Halt xsi:type="nax:Halt_t" action="auto_pause">
      
    </nax:Halt>
    </nax:Moments>
    </nax:Nax>
    </TPX>
    </Extensions>
    </Trackpoint>
<Trackpoint>
      <Time>
      2024-09-05T18:03:45.000Z
    </Time><SensorState>
      Present
    </SensorState><Extensions>
      <TPX xmlns="http://www.garmin.com/xmlschemas/ActivityExtension/v2">
      <nax:Nax>
      <nax:NikeFuel>
      4.340084232660647
    </nax:NikeFuel><nax:Moments>
      <nax:Halt xsi:type="nax:Halt_t" action="auto_pause">
      
    </nax:Halt>
    </nax:Moments>
    </nax:Nax>
    </TPX>
    </Extensions>
    </Trackpoint>
<Trackpoint>
      <Time>
      2024-09-05T18:03:45.313Z
    </Time><SensorState>
      Present
    </SensorState><Extensions>
      <TPX xmlns="http://www.garmin.com/xmlschemas/ActivityExtension/v2">
      <nax:Nax>
      <nax:AscentInMeters>
      0.05999946594238281
    </nax:AscentInMeters><nax:Moments>
      <nax:Halt xsi:type="nax:Halt_t" action="auto_pause">
      
    </nax:Halt>
    </nax:Moments>
    </nax:Nax>
    </TPX>
    </Extensions>
    </Trackpoint>
<Trackpoint>
      <Time>
      2024-09-05T18:03:46.925Z
    </Time><SensorState>
      Present
    </SensorState><Extensions>
      <TPX xmlns="http://www.garmin.com/xmlschemas/ActivityExtension/v2">
      <ns3:Speed>
      1.6373864786488246
    </ns3:Speed><nax:Nax>
      <nax:Pace>
      10.17882270557165
    </nax:Pace><nax:Moments>
      <nax:Halt xsi:type="nax:Halt_t" action="auto_pause">
      
    </nax:Halt>
    </nax:Moments>
    </nax:Nax>
    </TPX>
    </Extensions>
    </Trackpoint>
<Trackpoint>
      <Time>
      2024-09-05T18:03:46.926Z
    </Time><DistanceMeters>
      5.06891802418977
    </DistanceMeters><Cadence>
      118.19082498550415
    </Cadence><SensorState>
      Present
    </SensorState><Extensions>
      <TPX xmlns="http://www.garmin.com/xmlschemas/ActivityExtension/v2">
      <nax:Nax>
      <nax:Moments>
      <nax:Halt xsi:type="nax:Halt_t" action="auto_pause">
      
    </nax:Halt>
    </nax:Moments>
    </nax:Nax>
    </TPX>
    </Extensions>
    </Trackpoint>
<Trackpoint>
      <Time>
      2024-09-05T18:03:47.894Z
    </Time><SensorState>
      Present
    </SensorState><Extensions>
      <TPX xmlns="http://www.garmin.com/xmlschemas/ActivityExtension/v2">
      <nax:Nax>
      <nax:AscentInMeters>
      0.05999946594238281
    </nax:AscentInMeters><nax:Moments>
      <nax:Halt xsi:type="nax:Halt_t" action="auto_pause">
      
    </nax:Halt>
    </nax:Moments>
    </nax:Nax>
    </TPX>
    </Extensions>
    </Trackpoint>
<Trackpoint>
      <Time>
      2024-09-05T18:03:49.490Z
    </Time><SensorState>
      Present
    </SensorState><Extensions>
      <TPX xmlns="http://www.garmin.com/xmlschemas/ActivityExtension/v2">
      <ns3:Speed>
      2.090507850294423
    </ns3:Speed><nax:Nax>
      <nax:Pace>
      7.972544405570812
    </nax:Pace><nax:Moments>
      <nax:Halt xsi:type="nax:Halt_t" action="auto_pause">
      
    </nax:Halt>
    </nax:Moments>
    </nax:Nax>
    </TPX>
    </Extensions>
    </Trackpoint>
<Trackpoint>
      <Time>
      2024-09-05T18:03:49.491Z
    </Time><DistanceMeters>
      2.4971679532900453
    </DistanceMeters><Cadence>
      118.19082498550415
    </Cadence><SensorState>
      Present
    </SensorState><Extensions>
      <TPX xmlns="http://www.garmin.com/xmlschemas/ActivityExtension/v2">
      <nax:Nax>
      <nax:Moments>
      <nax:Halt xsi:type="nax:Halt_t" action="auto_pause">
      
    </nax:Halt>
    </nax:Moments>
    </nax:Nax>
    </TPX>
    </Extensions>
    </Trackpoint>
<Trackpoint>
      <Time>
      2024-09-05T18:03:49.892Z
    </Time><HeartRateBpm>
      <Value>
      177
    </Value>
    </HeartRateBpm><SensorState>
      Present
    </SensorState><Extensions>
      <TPX xmlns="http://www.garmin.com/xmlschemas/ActivityExtension/v2">
      <nax:Nax>
      <nax:Moments>
      <nax:Halt xsi:type="nax:Halt_t" action="auto_pause">
      
    </nax:Halt>
    </nax:Moments>
    </nax:Nax>
    </TPX>
    </Extensions>
    </Trackpoint>
<Trackpoint>
      <Time>
      2024-09-05T18:03:50.475Z
    </Time><SensorState>
      Present
    </SensorState><Extensions>
      <TPX xmlns="http://www.garmin.com/xmlschemas/ActivityExtension/v2">
      <nax:Nax>
      <nax:AscentInMeters>
      0.05000114440917969
    </nax:AscentInMeters><nax:Moments>
      <nax:Halt xsi:type="nax:Halt_t" action="auto_pause">
      
    </nax:Halt>
    </nax:Moments>
    </nax:Nax>
    </TPX>
    </Extensions>
    </Trackpoint>
<Trackpoint>
      <Time>
      2024-09-05T18:03:51.000Z
    </Time><Position>
      <LatitudeDegrees>
      47.42518379437764
    </LatitudeDegrees><LongitudeDegrees>
      -122.29761362215268
    </LongitudeDegrees>
    </Position><AltitudeMeters>
      130.23617622442544
    </AltitudeMeters><SensorState>
      Present
    </SensorState><Extensions>
      <TPX xmlns="http://www.garmin.com/xmlschemas/ActivityExtension/v2">
      <nax:Nax>
      <nax:Moments>
      <nax:Halt xsi:type="nax:Halt_t" action="auto_pause">
      
    </nax:Halt>
    </nax:Moments>
    </nax:Nax>
    </TPX>
    </Extensions>
    </Trackpoint>
<Trackpoint>
      <Time>
      2024-09-05T18:03:52.047Z
    </Time><DistanceMeters>
      5.852576662786305
    </DistanceMeters><SensorState>
      Present
    </SensorState><Extensions>
      <TPX xmlns="http://www.garmin.com/xmlschemas/ActivityExtension/v2">
      <ns3:Speed>
      1.884535720110783
    </ns3:Speed><nax:Nax>
      <nax:Pace>
      8.84391125559929
    </nax:Pace><nax:Moments>
      <nax:Halt xsi:type="nax:Halt_t" action="auto_pause">
      
    </nax:Halt>
    </nax:Moments>
    </nax:Nax>
    </TPX>
    </Extensions>
    </Trackpoint>
<Trackpoint>
      <Time>
      2024-09-05T18:03:52.048Z
    </Time><Cadence>
      159.37159538269043
    </Cadence><SensorState>
      Present
    </SensorState><Extensions>
      <TPX xmlns="http://www.garmin.com/xmlschemas/ActivityExtension/v2">
      <nax:Nax>
      <nax:Moments>
      <nax:Halt xsi:type="nax:Halt_t" action="auto_pause">
      
    </nax:Halt>
    </nax:Moments>
    </nax:Nax>
    </TPX>
    </Extensions>
    </Trackpoint>
<Trackpoint>
      <Time>
      2024-09-05T18:03:53.056Z
    </Time><SensorState>
      Present
    </SensorState><Extensions>
      <TPX xmlns="http://www.garmin.com/xmlschemas/ActivityExtension/v2">
      <nax:Nax>
      <nax:AscentInMeters>
      0.06999969482421875
    </nax:AscentInMeters><nax:Moments>
      <nax:Halt xsi:type="nax:Halt_t" action="auto_pause">
      
    </nax:Halt>
    </nax:Moments>
    </nax:Nax>
    </TPX>
    </Extensions>
    </Trackpoint>
<Trackpoint>
      <Time>
      2024-09-05T18:03:53.892Z
    </Time><HeartRateBpm>
      <Value>
      178
    </Value>
    </HeartRateBpm><SensorState>
      Present
    </SensorState><Extensions>
      <TPX xmlns="http://www.garmin.com/xmlschemas/ActivityExtension/v2">
      <nax:Nax>
      <nax:Moments>
      <nax:Halt xsi:type="nax:Halt_t" action="auto_pause">
      
    </nax:Halt>
    </nax:Moments>
    </nax:Nax>
    </TPX>
    </Extensions>
    </Trackpoint>
<Trackpoint>
      <Time>
      2024-09-05T18:03:54.603Z
    </Time><SensorState>
      Present
    </SensorState><Extensions>
      <TPX xmlns="http://www.garmin.com/xmlschemas/ActivityExtension/v2">
      <ns3:Speed>
      2.129030324906468
    </ns3:Speed><nax:Nax>
      <nax:Pace>
      7.8282899363581695
    </nax:Pace><nax:Moments>
      <nax:Halt xsi:type="nax:Halt_t" action="auto_pause">
      
    </nax:Halt>
    </nax:Moments>
    </nax:Nax>
    </TPX>
    </Extensions>
    </Trackpoint>
<Trackpoint>
      <Time>
      2024-09-05T18:03:54.604Z
    </Time><DistanceMeters>
      6.5783590860664845
    </DistanceMeters><Cadence>
      157.69267559051514
    </Cadence><SensorState>
      Present
    </SensorState><Extensions>
      <TPX xmlns="http://www.garmin.com/xmlschemas/ActivityExtension/v2">
      <nax:Nax>
      <nax:Moments>
      <nax:Halt xsi:type="nax:Halt_t" action="auto_pause">
      
    </nax:Halt>
    </nax:Moments>
    </nax:Nax>
    </TPX>
    </Extensions>
    </Trackpoint>
<Trackpoint>
      <Time>
      2024-09-05T18:03:55.000Z
    </Time><Position>
      <LatitudeDegrees>
      47.425275448696304
    </LatitudeDegrees><LongitudeDegrees>
      -122.29760093358271
    </LongitudeDegrees>
    </Position><AltitudeMeters>
      129.6823538178578
    </AltitudeMeters><SensorState>
      Present
    </SensorState><Extensions>
      <TPX xmlns="http://www.garmin.com/xmlschemas/ActivityExtension/v2">
      <nax:Nax>
      <nax:NikeFuel>
      7.086871642578842
    </nax:NikeFuel><nax:Moments>
      <nax:Halt xsi:type="nax:Halt_t" action="auto_pause">
      
    </nax:Halt>
    </nax:Moments>
    </nax:Nax>
    </TPX>
    </Extensions>
    </Trackpoint>
<Trackpoint>
      <Time>
      2024-09-05T18:03:55.637Z
    </Time><SensorState>
      Present
    </SensorState><Extensions>
      <TPX xmlns="http://www.garmin.com/xmlschemas/ActivityExtension/v2">
      <nax:Nax>
      <nax:AscentInMeters>
      0.12999916076660156
    </nax:AscentInMeters><nax:Moments>
      <nax:Halt xsi:type="nax:Halt_t" action="auto_pause">
      
    </nax:Halt>
    </nax:Moments>
    </nax:Nax>
    </TPX>
    </Extensions>
    </Trackpoint>
<Trackpoint>
      <Time>
      2024-09-05T18:03:57.159Z
    </Time><DistanceMeters>
      10.296980012208223
    </DistanceMeters><SensorState>
      Present
    </SensorState><Extensions>
      <TPX xmlns="http://www.garmin.com/xmlschemas/ActivityExtension/v2">
      <ns3:Speed>
      2.461049650169144
    </ns3:Speed><nax:Nax>
      <nax:Pace>
      6.772178149888684
    </nax:Pace><nax:Moments>
      <nax:Halt xsi:type="nax:Halt_t" action="auto_pause">
      
    </nax:Halt>
    </nax:Moments>
    </nax:Nax>
    </TPX>
    </Extensions>
    </Trackpoint>
<Trackpoint>
      <Time>
      2024-09-05T18:03:57.160Z
    </Time><Cadence>
      158.11992645263672
    </Cadence><SensorState>
      Present
    </SensorState><Extensions>
      <TPX xmlns="http://www.garmin.com/xmlschemas/ActivityExtension/v2">
      <nax:Nax>
      <nax:Moments>
      <nax:Halt xsi:type="nax:Halt_t" action="auto_pause">
      
    </nax:Halt>
    </nax:Moments>
    </nax:Nax>
    </TPX>
    </Extensions>
    </Trackpoint>
<Trackpoint>
      <Time>
      2024-09-05T18:03:58.000Z
    </Time><Position>
      <LatitudeDegrees>
      47.42536840555731
    </LatitudeDegrees><LongitudeDegrees>
      -122.29759639699148
    </LongitudeDegrees>
    </Position><AltitudeMeters>
      129.3591256318614
    </AltitudeMeters><SensorState>
      Present
    </SensorState><Extensions>
      <TPX xmlns="http://www.garmin.com/xmlschemas/ActivityExtension/v2">
      <nax:Nax>
      <nax:Moments>
      <nax:Halt xsi:type="nax:Halt_t" action="auto_pause">
      
    </nax:Halt>
    </nax:Moments>
    </nax:Nax>
    </TPX>
    </Extensions>
    </Trackpoint>
<Trackpoint>
      <Time>
      2024-09-05T18:03:58.218Z
    </Time><SensorState>
      Present
    </SensorState><Extensions>
      <TPX xmlns="http://www.garmin.com/xmlschemas/ActivityExtension/v2">
      <nax:Nax>
      <nax:AscentInMeters>
      0.10000038146972656
    </nax:AscentInMeters><nax:Moments>
      <nax:Halt xsi:type="nax:Halt_t" action="auto_pause">
      
    </nax:Halt>
    </nax:Moments>
    </nax:Nax>
    </TPX>
    </Extensions>
    </Trackpoint>
<Trackpoint>
      <Time>
      2024-09-05T18:03:58.892Z
    </Time><HeartRateBpm>
      <Value>
      181
    </Value>
    </HeartRateBpm><SensorState>
      Present
    </SensorState><Extensions>
      <TPX xmlns="http://www.garmin.com/xmlschemas/ActivityExtension/v2">
      <nax:Nax>
      <nax:Moments>
      <nax:Halt xsi:type="nax:Halt_t" action="auto_pause">
      
    </nax:Halt>
    </nax:Moments>
    </nax:Nax>
    </TPX>
    </Extensions>
    </Trackpoint>
<Trackpoint>
      <Time>
      2024-09-05T18:03:59.715Z
    </Time><SensorState>
      Present
    </SensorState><Extensions>
      <TPX xmlns="http://www.garmin.com/xmlschemas/ActivityExtension/v2">
      <ns3:Speed>
      2.839101410497333
    </ns3:Speed><nax:Nax>
      <nax:Pace>
      5.8704020240499695
    </nax:Pace><nax:Moments>
      <nax:Halt xsi:type="nax:Halt_t" action="auto_pause">
      
    </nax:Halt>
    </nax:Moments>
    </nax:Nax>
    </TPX>
    </Extensions>
    </Trackpoint>
<Trackpoint>
      <Time>
      2024-09-05T18:03:59.716Z
    </Time><DistanceMeters>
      6.723870846442878
    </DistanceMeters><Cadence>
      157.62346744537354
    </Cadence><SensorState>
      Present
    </SensorState><Extensions>
      <TPX xmlns="http://www.garmin.com/xmlschemas/ActivityExtension/v2">
      <nax:Nax>
      <nax:Moments>
      <nax:Halt xsi:type="nax:Halt_t" action="auto_pause">
      
    </nax:Halt>
    </nax:Moments>
    </nax:Nax>
    </TPX>
    </Extensions>
    </Trackpoint>
<Trackpoint>
      <Time>
      2024-09-05T18:04:00.799Z
    </Time><SensorState>
      Present
    </SensorState><Extensions>
      <TPX xmlns="http://www.garmin.com/xmlschemas/ActivityExtension/v2">
      <nax:Nax>
      <nax:AscentInMeters>
      0.09000015258789062
    </nax:AscentInMeters><nax:Moments>
      <nax:Halt xsi:type="nax:Halt_t" action="auto_pause">
      
    </nax:Halt>
    </nax:Moments>
    </nax:Nax>
    </TPX>
    </Extensions>
    </Trackpoint>
<Trackpoint>
      <Time>
      2024-09-05T18:04:02.000Z
    </Time><Position>
      <LatitudeDegrees>
      47.425468572651624
    </LatitudeDegrees><LongitudeDegrees>
      -122.29758838724297
    </LongitudeDegrees>
    </Position><AltitudeMeters>
      130.77471335418522
    </AltitudeMeters><SensorState>
      Present
    </SensorState><Extensions>
      <TPX xmlns="http://www.garmin.com/xmlschemas/ActivityExtension/v2">
      <nax:Nax>
      <nax:Moments>
      <nax:Halt xsi:type="nax:Halt_t" action="auto_pause">
      
    </nax:Halt>
    </nax:Moments>
    </nax:Nax>
    </TPX>
    </Extensions>
    </Trackpoint>
<Trackpoint>
      <Time>
      2024-09-05T18:04:02.271Z
    </Time><DistanceMeters>
      5.821901091374457
    </DistanceMeters><SensorState>
      Present
    </SensorState><Extensions>
      <TPX xmlns="http://www.garmin.com/xmlschemas/ActivityExtension/v2">
      <ns3:Speed>
      2.799322842043608
    </ns3:Speed><nax:Nax>
      <nax:Pace>
      5.953820837077652
    </nax:Pace><nax:Moments>
      <nax:Halt xsi:type="nax:Halt_t" action="auto_pause">
      
    </nax:Halt>
    </nax:Moments>
    </nax:Nax>
    </TPX>
    </Extensions>
    </Trackpoint>
<Trackpoint>
      <Time>
      2024-09-05T18:04:02.272Z
    </Time><Cadence>
      157.92351722717285
    </Cadence><SensorState>
      Present
    </SensorState><Extensions>
      <TPX xmlns="http://www.garmin.com/xmlschemas/ActivityExtension/v2">
      <nax:Nax>
      <nax:Moments>
      <nax:Halt xsi:type="nax:Halt_t" action="auto_pause">
      
    </nax:Halt>
    </nax:Moments>
    </nax:Nax>
    </TPX>
    </Extensions>
    </Trackpoint>
<Trackpoint>
      <Time>
      2024-09-05T18:04:03.380Z
    </Time><SensorState>
      Present
    </SensorState><Extensions>
      <TPX xmlns="http://www.garmin.com/xmlschemas/ActivityExtension/v2">
      <nax:Nax>
      <nax:AscentInMeters>
      0.14999961853027344
    </nax:AscentInMeters><nax:Moments>
      <nax:Halt xsi:type="nax:Halt_t" action="auto_pause">
      
    </nax:Halt>
    </nax:Moments>
    </nax:Nax>
    </TPX>
    </Extensions>
    </Trackpoint>
<Trackpoint>
      <Time>
      2024-09-05T18:04:04.826Z
    </Time><SensorState>
      Present
    </SensorState><Extensions>
      <TPX xmlns="http://www.garmin.com/xmlschemas/ActivityExtension/v2">
      <ns3:Speed>
      2.775941868073049
    </ns3:Speed><nax:Nax>
      <nax:Pace>
      6.00396818764653
    </nax:Pace><nax:Moments>
      <nax:Halt xsi:type="nax:Halt_t" action="auto_pause">
      
    </nax:Halt>
    </nax:Moments>
    </nax:Nax>
    </TPX>
    </Extensions>
    </Trackpoint>
<Trackpoint>
      <Time>
      2024-09-05T18:04:04.827Z
    </Time><DistanceMeters>
      7.057812091894448
    </DistanceMeters><Cadence>
      158.13488960266113
    </Cadence><SensorState>
      Present
    </SensorState><Extensions>
      <TPX xmlns="http://www.garmin.com/xmlschemas/ActivityExtension/v2">
      <nax:Nax>
      <nax:Moments>
      <nax:Halt xsi:type="nax:Halt_t" action="auto_pause">
      
    </nax:Halt>
    </nax:Moments>
    </nax:Nax>
    </TPX>
    </Extensions>
    </Trackpoint>
<Trackpoint>
      <Time>
      2024-09-05T18:04:05.000Z
    </Time><SensorState>
      Present
    </SensorState><Extensions>
      <TPX xmlns="http://www.garmin.com/xmlschemas/ActivityExtension/v2">
      <nax:Nax>
      <nax:NikeFuel>
      7.372640181103879
    </nax:NikeFuel><nax:Moments>
      <nax:Halt xsi:type="nax:Halt_t" action="auto_pause">
      
    </nax:Halt>
    </nax:Moments>
    </nax:Nax>
    </TPX>
    </Extensions>
    </Trackpoint>
<Trackpoint>
      <Time>
      2024-09-05T18:04:05.961Z
    </Time><SensorState>
      Present
    </SensorState><Extensions>
      <TPX xmlns="http://www.garmin.com/xmlschemas/ActivityExtension/v2">
      <nax:Nax>
      <nax:AscentInMeters>
      0.14999961853027344
    </nax:AscentInMeters><nax:Moments>
      <nax:Halt xsi:type="nax:Halt_t" action="auto_pause">
      
    </nax:Halt>
    </nax:Moments>
    </nax:Nax>
    </TPX>
    </Extensions>
    </Trackpoint>
<Trackpoint>
      <Time>
      2024-09-05T18:04:06.000Z
    </Time><Position>
      <LatitudeDegrees>
      47.42556081505821
    </LatitudeDegrees><LongitudeDegrees>
      -122.2975907226294
    </LongitudeDegrees>
    </Position><AltitudeMeters>
      130.10527386516333
    </AltitudeMeters><SensorState>
      Present
    </SensorState><Extensions>
      <TPX xmlns="http://www.garmin.com/xmlschemas/ActivityExtension/v2">
      <nax:Nax>
      <nax:Moments>
      <nax:Halt xsi:type="nax:Halt_t" action="auto_pause">
      
    </nax:Halt>
    </nax:Moments>
    </nax:Nax>
    </TPX>
    </Extensions>
    </Trackpoint>
<Trackpoint>
      <Time>
      2024-09-05T18:04:06.892Z
    </Time><HeartRateBpm>
      <Value>
      182
    </Value>
    </HeartRateBpm><SensorState>
      Present
    </SensorState><Extensions>
      <TPX xmlns="http://www.garmin.com/xmlschemas/ActivityExtension/v2">
      <nax:Nax>
      <nax:Moments>
      <nax:Halt xsi:type="nax:Halt_t" action="auto_pause">
      
    </nax:Halt>
    </nax:Moments>
    </nax:Nax>
    </TPX>
    </Extensions>
    </Trackpoint>
<Trackpoint>
      <Time>
      2024-09-05T18:04:07.382Z
    </Time><SensorState>
      Present
    </SensorState><Extensions>
      <TPX xmlns="http://www.garmin.com/xmlschemas/ActivityExtension/v2">
      <ns3:Speed>
      2.8265949996517934
    </ns3:Speed><nax:Nax>
      <nax:Pace>
      5.896375911200516
    </nax:Pace><nax:Moments>
      <nax:Halt xsi:type="nax:Halt_t" action="auto_pause">
      
    </nax:Halt>
    </nax:Moments>
    </nax:Nax>
    </TPX>
    </Extensions>
    </Trackpoint>
<Trackpoint>
      <Time>
      2024-09-05T18:04:07.383Z
    </Time><DistanceMeters>
      7.010947661474347
    </DistanceMeters><Cadence>
      158.29184532165527
    </Cadence><SensorState>
      Present
    </SensorState><Extensions>
      <TPX xmlns="http://www.garmin.com/xmlschemas/ActivityExtension/v2">
      <nax:Nax>
      <nax:Moments>
      <nax:Halt xsi:type="nax:Halt_t" action="auto_pause">
      
    </nax:Halt>
    </nax:Moments>
    </nax:Nax>
    </TPX>
    </Extensions>
    </Trackpoint>
<Trackpoint>
      <Time>
      2024-09-05T18:04:08.541Z
    </Time><SensorState>
      Present
    </SensorState><Extensions>
      <TPX xmlns="http://www.garmin.com/xmlschemas/ActivityExtension/v2">
      <nax:Nax>
      <nax:AscentInMeters>
      0.15000152587890625
    </nax:AscentInMeters><nax:Moments>
      <nax:Halt xsi:type="nax:Halt_t" action="auto_pause">
      
    </nax:Halt>
    </nax:Moments>
    </nax:Nax>
    </TPX>
    </Extensions>
    </Trackpoint>
<Trackpoint>
      <Time>
      2024-09-05T18:04:09.892Z
    </Time><HeartRateBpm>
      <Value>
      182
    </Value>
    </HeartRateBpm><SensorState>
      Present
    </SensorState><Extensions>
      <TPX xmlns="http://www.garmin.com/xmlschemas/ActivityExtension/v2">
      <nax:Nax>
      <nax:Moments>
      <nax:Halt xsi:type="nax:Halt_t" action="auto_pause">
      
    </nax:Halt>
    </nax:Moments>
    </nax:Nax>
    </TPX>
    </Extensions>
    </Trackpoint>
<Trackpoint>
      <Time>
      2024-09-05T18:04:09.938Z
    </Time><SensorState>
      Present
    </SensorState><Extensions>
      <TPX xmlns="http://www.garmin.com/xmlschemas/ActivityExtension/v2">
      <ns3:Speed>
      2.859277041497399
    </ns3:Speed><nax:Nax>
      <nax:Pace>
      5.828979292590116
    </nax:Pace><nax:Moments>
      <nax:Halt xsi:type="nax:Halt_t" action="auto_pause">
      
    </nax:Halt>
    </nax:Moments>
    </nax:Nax>
    </TPX>
    </Extensions>
    </Trackpoint>
<Trackpoint>
      <Time>
      2024-09-05T18:04:09.939Z
    </Time><DistanceMeters>
      7.1557682398706675
    </DistanceMeters><Cadence>
      158.27622413635254
    </Cadence><SensorState>
      Present
    </SensorState><Extensions>
      <TPX xmlns="http://www.garmin.com/xmlschemas/ActivityExtension/v2">
      <nax:Nax>
      <nax:Moments>
      <nax:Halt xsi:type="nax:Halt_t" action="auto_pause">
      
    </nax:Halt>
    </nax:Moments>
    </nax:Nax>
    </TPX>
    </Extensions>
    </Trackpoint>
<Trackpoint>
      <Time>
      2024-09-05T18:04:10.000Z
    </Time><Position>
      <LatitudeDegrees>
      47.42565577702201
    </LatitudeDegrees><LongitudeDegrees>
      -122.29762512169518
    </LongitudeDegrees>
    </Position><AltitudeMeters>
      130.1530608655885
    </AltitudeMeters><SensorState>
      Present
    </SensorState><Extensions>
      <TPX xmlns="http://www.garmin.com/xmlschemas/ActivityExtension/v2">
      <nax:Nax>
      <nax:Moments>
      <nax:Halt xsi:type="nax:Halt_t" action="auto_pause">
      
    </nax:Halt>
    </nax:Moments>
    </nax:Nax>
    </TPX>
    </Extensions>
    </Trackpoint>
<Trackpoint>
      <Time>
      2024-09-05T18:04:11.123Z
    </Time><SensorState>
      Present
    </SensorState><Extensions>
      <TPX xmlns="http://www.garmin.com/xmlschemas/ActivityExtension/v2">
      <nax:Nax>
      <nax:AscentInMeters>
      0.09000015258789062
    </nax:AscentInMeters><nax:Moments>
      <nax:Halt xsi:type="nax:Halt_t" action="auto_pause">
      
    </nax:Halt>
    </nax:Moments>
    </nax:Nax>
    </TPX>
    </Extensions>
    </Trackpoint>
<Trackpoint>
      <Time>
      2024-09-05T18:04:12.494Z
    </Time><SensorState>
      Present
    </SensorState><Extensions>
      <TPX xmlns="http://www.garmin.com/xmlschemas/ActivityExtension/v2">
      <ns3:Speed>
      2.823055432468413
    </ns3:Speed><nax:Nax>
      <nax:Pace>
      5.9037688296803035
    </nax:Pace><nax:Moments>
      <nax:Halt xsi:type="nax:Halt_t" action="auto_pause">
      
    </nax:Halt>
    </nax:Moments>
    </nax:Nax>
    </TPX>
    </Extensions>
    </Trackpoint>
<Trackpoint>
      <Time>
      2024-09-05T18:04:12.495Z
    </Time><DistanceMeters>
      3.969933588989079
    </DistanceMeters><Cadence>
      158.14032554626465
    </Cadence><SensorState>
      Present
    </SensorState><Extensions>
      <TPX xmlns="http://www.garmin.com/xmlschemas/ActivityExtension/v2">
      <nax:Nax>
      <nax:Moments>
      <nax:Halt xsi:type="nax:Halt_t" action="auto_pause">
      
    </nax:Halt>
    </nax:Moments>
    </nax:Nax>
    </TPX>
    </Extensions>
    </Trackpoint>
<Trackpoint>
      <Time>
      2024-09-05T18:04:13.704Z
    </Time><SensorState>
      Present
    </SensorState><Extensions>
      <TPX xmlns="http://www.garmin.com/xmlschemas/ActivityExtension/v2">
      <nax:Nax>
      <nax:AscentInMeters>
      0.05999946594238281
    </nax:AscentInMeters><nax:Moments>
      <nax:Halt xsi:type="nax:Halt_t" action="auto_pause">
      
    </nax:Halt>
    </nax:Moments>
    </nax:Nax>
    </TPX>
    </Extensions>
    </Trackpoint>
<Trackpoint>
      <Time>
      2024-09-05T18:04:13.892Z
    </Time><HeartRateBpm>
      <Value>
      182
    </Value>
    </HeartRateBpm><SensorState>
      Present
    </SensorState><Extensions>
      <TPX xmlns="http://www.garmin.com/xmlschemas/ActivityExtension/v2">
      <nax:Nax>
      <nax:Moments>
      <nax:Halt xsi:type="nax:Halt_t" action="auto_pause">
      
    </nax:Halt>
    </nax:Moments>
    </nax:Nax>
    </TPX>
    </Extensions>
    </Trackpoint>
<Trackpoint>
      <Time>
      2024-09-05T18:04:14.000Z
    </Time><Position>
      <LatitudeDegrees>
      47.42574070713329
    </LatitudeDegrees><LongitudeDegrees>
      -122.29754006510608
    </LongitudeDegrees>
    </Position><AltitudeMeters>
      131.83461956493556
    </AltitudeMeters><SensorState>
      Present
    </SensorState><Extensions>
      <TPX xmlns="http://www.garmin.com/xmlschemas/ActivityExtension/v2">
      <nax:Nax>
      <nax:Moments>
      <nax:Halt xsi:type="nax:Halt_t" action="auto_pause">
      
    </nax:Halt>
    </nax:Moments>
    </nax:Nax>
    </TPX>
    </Extensions>
    </Trackpoint>
<Trackpoint>
      <Time>
      2024-09-05T18:04:15.000Z
    </Time><SensorState>
      Present
    </SensorState><Extensions>
      <TPX xmlns="http://www.garmin.com/xmlschemas/ActivityExtension/v2">
      <nax:Nax>
      <nax:NikeFuel>
      7.219701946438834
    </nax:NikeFuel><nax:Moments>
      <nax:Halt xsi:type="nax:Halt_t" action="auto_pause">
      
    </nax:Halt>
    </nax:Moments>
    </nax:Nax>
    </TPX>
    </Extensions>
    </Trackpoint>
<Trackpoint>
      <Time>
      2024-09-05T18:04:15.050Z
    </Time><SensorState>
      Present
    </SensorState><Extensions>
      <TPX xmlns="http://www.garmin.com/xmlschemas/ActivityExtension/v2">
      <ns3:Speed>
      2.7708222426345466
    </ns3:Speed><nax:Nax>
      <nax:Pace>
      6.015061670220933
    </nax:Pace><nax:Moments>
      <nax:Halt xsi:type="nax:Halt_t" action="auto_pause">
      
    </nax:Halt>
    </nax:Moments>
    </nax:Nax>
    </TPX>
    </Extensions>
    </Trackpoint>
<Trackpoint>
      <Time>
      2024-09-05T18:04:15.051Z
    </Time><DistanceMeters>
      9.781130169518292
    </DistanceMeters><Cadence>
      156.67390823364258
    </Cadence><SensorState>
      Present
    </SensorState><Extensions>
      <TPX xmlns="http://www.garmin.com/xmlschemas/ActivityExtension/v2">
      <nax:Nax>
      <nax:Moments>
      <nax:Halt xsi:type="nax:Halt_t" action="auto_pause">
      
    </nax:Halt>
    </nax:Moments>
    </nax:Nax>
    </TPX>
    </Extensions>
    </Trackpoint>
<Trackpoint>
      <Time>
      2024-09-05T18:04:16.284Z
    </Time><SensorState>
      Present
    </SensorState><Extensions>
      <TPX xmlns="http://www.garmin.com/xmlschemas/ActivityExtension/v2">
      <nax:Nax>
      <nax:AscentInMeters>
      0.11999893188476562
    </nax:AscentInMeters><nax:Moments>
      <nax:Halt xsi:type="nax:Halt_t" action="auto_pause">
      
    </nax:Halt>
    </nax:Moments>
    </nax:Nax>
    </TPX>
    </Extensions>
    </Trackpoint>
<Trackpoint>
      <Time>
      2024-09-05T18:04:17.605Z
    </Time><SensorState>
      Present
    </SensorState><Extensions>
      <TPX xmlns="http://www.garmin.com/xmlschemas/ActivityExtension/v2">
      <ns3:Speed>
      2.807010398990412
    </ns3:Speed><nax:Nax>
      <nax:Pace>
      5.937515113111484
    </nax:Pace><nax:Moments>
      <nax:Halt xsi:type="nax:Halt_t" action="auto_pause">
      
    </nax:Halt>
    </nax:Moments>
    </nax:Nax>
    </TPX>
    </Extensions>
    </Trackpoint>
<Trackpoint>
      <Time>
      2024-09-05T18:04:17.606Z
    </Time><DistanceMeters>
      5.7228356916457415
    </DistanceMeters><Cadence>
      156.67390823364258
    </Cadence><SensorState>
      Present
    </SensorState><Extensions>
      <TPX xmlns="http://www.garmin.com/xmlschemas/ActivityExtension/v2">
      <nax:Nax>
      <nax:Moments>
      <nax:Halt xsi:type="nax:Halt_t" action="auto_pause">
      
    </nax:Halt>
    </nax:Moments>
    </nax:Nax>
    </TPX>
    </Extensions>
    </Trackpoint>
<Trackpoint>
      <Time>
      2024-09-05T18:04:18.000Z
    </Time><Position>
      <LatitudeDegrees>
      47.42583356639416
    </LatitudeDegrees><LongitudeDegrees>
      -122.29752896191634
    </LongitudeDegrees>
    </Position><AltitudeMeters>
      132.490671467036
    </AltitudeMeters><SensorState>
      Present
    </SensorState><Extensions>
      <TPX xmlns="http://www.garmin.com/xmlschemas/ActivityExtension/v2">
      <nax:Nax>
      <nax:Moments>
      <nax:Halt xsi:type="nax:Halt_t" action="auto_pause">
      
    </nax:Halt>
    </nax:Moments>
    </nax:Nax>
    </TPX>
    </Extensions>
    </Trackpoint>
<Trackpoint>
      <Time>
      2024-09-05T18:04:20.161Z
    </Time><SensorState>
      Present
    </SensorState><Extensions>
      <TPX xmlns="http://www.garmin.com/xmlschemas/ActivityExtension/v2">
      <ns3:Speed>
      2.680109638924299
    </ns3:Speed><nax:Nax>
      <nax:Pace>
      6.218651067333228
    </nax:Pace><nax:Moments>
      <nax:Halt xsi:type="nax:Halt_t" action="auto_pause">
      
    </nax:Halt>
    </nax:Moments>
    </nax:Nax>
    </TPX>
    </Extensions>
    </Trackpoint>
<Trackpoint>
      <Time>
      2024-09-05T18:04:20.162Z
    </Time><DistanceMeters>
      8.610991207882762
    </DistanceMeters><Cadence>
      156.67390823364258
    </Cadence><SensorState>
      Present
    </SensorState><Extensions>
      <TPX xmlns="http://www.garmin.com/xmlschemas/ActivityExtension/v2">
      <nax:Nax>
      <nax:Moments>
      <nax:Halt xsi:type="nax:Halt_t" action="auto_pause">
      
    </nax:Halt>
    </nax:Moments>
    </nax:Nax>
    </TPX>
    </Extensions>
    </Trackpoint>
<Trackpoint>
      <Time>
      2024-09-05T18:04:21.000Z
    </Time><Position>
      <LatitudeDegrees>
      47.42591381551064
    </LatitudeDegrees><LongitudeDegrees>
      -122.29762009912687
    </LongitudeDegrees>
    </Position><AltitudeMeters>
      132.26554347388446
    </AltitudeMeters><SensorState>
      Present
    </SensorState><Extensions>
      <TPX xmlns="http://www.garmin.com/xmlschemas/ActivityExtension/v2">
      <nax:Nax>
      <nax:Moments>
      <nax:Halt xsi:type="nax:Halt_t" action="auto_pause">
      
    </nax:Halt>
    </nax:Moments>
    </nax:Nax>
    </TPX>
    </Extensions>
    </Trackpoint>
<Trackpoint>
      <Time>
      2024-09-05T18:04:21.447Z
    </Time><SensorState>
      Present
    </SensorState><Extensions>
      <TPX xmlns="http://www.garmin.com/xmlschemas/ActivityExtension/v2">
      <nax:Nax>
      <nax:AscentInMeters>
      0.07000160217285156
    </nax:AscentInMeters><nax:Moments>
      <nax:Halt xsi:type="nax:Halt_t" action="auto_pause">
      
    </nax:Halt>
    </nax:Moments>
    </nax:Nax>
    </TPX>
    </Extensions>
    </Trackpoint>
<Trackpoint>
      <Time>
      2024-09-05T18:04:21.892Z
    </Time><HeartRateBpm>
      <Value>
      184
    </Value>
    </HeartRateBpm><SensorState>
      Present
    </SensorState><Extensions>
      <TPX xmlns="http://www.garmin.com/xmlschemas/ActivityExtension/v2">
      <nax:Nax>
      <nax:Moments>
      <nax:Halt xsi:type="nax:Halt_t" action="auto_pause">
      
    </nax:Halt>
    </nax:Moments>
    </nax:Nax>
    </TPX>
    </Extensions>
    </Trackpoint>
<Trackpoint>
      <Time>
      2024-09-05T18:04:22.717Z
    </Time><SensorState>
      Present
    </SensorState><Extensions>
      <TPX xmlns="http://www.garmin.com/xmlschemas/ActivityExtension/v2">
      <ns3:Speed>
      2.8358545898803906
    </ns3:Speed><nax:Nax>
      <nax:Pace>
      5.8771231522733425
    </nax:Pace><nax:Moments>
      <nax:Halt xsi:type="nax:Halt_t" action="auto_pause">
      
    </nax:Halt>
    </nax:Moments>
    </nax:Nax>
    </TPX>
    </Extensions>
    </Trackpoint>
<Trackpoint>
      <Time>
      2024-09-05T18:04:22.718Z
    </Time><DistanceMeters>
      5.655302273109555
    </DistanceMeters><Cadence>
      155.42860507965088
    </Cadence><SensorState>
      Present
    </SensorState><Extensions>
      <TPX xmlns="http://www.garmin.com/xmlschemas/ActivityExtension/v2">
      <nax:Nax>
      <nax:Moments>
      <nax:Halt xsi:type="nax:Halt_t" action="auto_pause">
      
    </nax:Halt>
    </nax:Moments>
    </nax:Nax>
    </TPX>
    </Extensions>
    </Trackpoint>
<Trackpoint>
      <Time>
      2024-09-05T18:04:23.892Z
    </Time><HeartRateBpm>
      <Value>
      185
    </Value>
    </HeartRateBpm><SensorState>
      Present
    </SensorState><Extensions>
      <TPX xmlns="http://www.garmin.com/xmlschemas/ActivityExtension/v2">
      <nax:Nax>
      <nax:Moments>
      <nax:Halt xsi:type="nax:Halt_t" action="auto_pause">
      
    </nax:Halt>
    </nax:Moments>
    </nax:Nax>
    </TPX>
    </Extensions>
    </Trackpoint>
<Trackpoint>
      <Time>
      2024-09-05T18:04:24.029Z
    </Time><SensorState>
      Present
    </SensorState><Extensions>
      <TPX xmlns="http://www.garmin.com/xmlschemas/ActivityExtension/v2">
      <nax:Nax>
      <nax:AscentInMeters>
      0.09999847412109375
    </nax:AscentInMeters><nax:Moments>
      <nax:Halt xsi:type="nax:Halt_t" action="auto_pause">
      
    </nax:Halt>
    </nax:Moments>
    </nax:Nax>
    </TPX>
    </Extensions>
    </Trackpoint>
<Trackpoint>
      <Time>
      2024-09-05T18:04:25.000Z
    </Time><SensorState>
      Present
    </SensorState><Extensions>
      <TPX xmlns="http://www.garmin.com/xmlschemas/ActivityExtension/v2">
      <nax:Nax>
      <nax:NikeFuel>
      7.076758142088037
    </nax:NikeFuel><nax:Moments>
      <nax:Halt xsi:type="nax:Halt_t" action="auto_pause">
      
    </nax:Halt>
    </nax:Moments>
    </nax:Nax>
    </TPX>
    </Extensions>
    </Trackpoint>
<Trackpoint>
      <Time>
      2024-09-05T18:04:25.273Z
    </Time><SensorState>
      Present
    </SensorState><Extensions>
      <TPX xmlns="http://www.garmin.com/xmlschemas/ActivityExtension/v2">
      <ns3:Speed>
      2.7557886537067464
    </ns3:Speed><nax:Nax>
      <nax:Pace>
      6.047875494460986
    </nax:Pace><nax:Moments>
      <nax:Halt xsi:type="nax:Halt_t" action="auto_pause">
      
    </nax:Halt>
    </nax:Moments>
    </nax:Nax>
    </TPX>
    </Extensions>
    </Trackpoint>
<Trackpoint>
      <Time>
      2024-09-05T18:04:25.274Z
    </Time><DistanceMeters>
      7.161287548951805
    </DistanceMeters><Cadence>
      155.42860507965088
    </Cadence><SensorState>
      Present
    </SensorState><Extensions>
      <TPX xmlns="http://www.garmin.com/xmlschemas/ActivityExtension/v2">
      <nax:Nax>
      <nax:Moments>
      <nax:Halt xsi:type="nax:Halt_t" action="auto_pause">
      
    </nax:Halt>
    </nax:Moments>
    </nax:Nax>
    </TPX>
    </Extensions>
    </Trackpoint>
<Trackpoint>
      <Time>
      2024-09-05T18:04:26.000Z
    </Time><Position>
      <LatitudeDegrees>
      47.42602752252709
    </LatitudeDegrees><LongitudeDegrees>
      -122.29764076656164
    </LongitudeDegrees>
    </Position><AltitudeMeters>
      131.30683446023613
    </AltitudeMeters><SensorState>
      Present
    </SensorState><Extensions>
      <TPX xmlns="http://www.garmin.com/xmlschemas/ActivityExtension/v2">
      <nax:Nax>
      <nax:Moments>
      <nax:Halt xsi:type="nax:Halt_t" action="auto_pause">
      
    </nax:Halt>
    </nax:Moments>
    </nax:Nax>
    </TPX>
    </Extensions>
    </Trackpoint>
<Trackpoint>
      <Time>
      2024-09-05T18:04:26.610Z
    </Time><SensorState>
      Present
    </SensorState><Extensions>
      <TPX xmlns="http://www.garmin.com/xmlschemas/ActivityExtension/v2">
      <nax:Nax>
      <nax:AscentInMeters>
      0.030000686645507812
    </nax:AscentInMeters><nax:Moments>
      <nax:Halt xsi:type="nax:Halt_t" action="auto_pause">
      
    </nax:Halt>
    </nax:Moments>
    </nax:Nax>
    </TPX>
    </Extensions>
    </Trackpoint>
<Trackpoint>
      <Time>
      2024-09-05T18:04:27.828Z
    </Time><SensorState>
      Present
    </SensorState><Extensions>
      <TPX xmlns="http://www.garmin.com/xmlschemas/ActivityExtension/v2">
      <ns3:Speed>
      2.710687971115051
    </ns3:Speed><nax:Nax>
      <nax:Pace>
      6.148500618391269
    </nax:Pace><nax:Moments>
      <nax:Halt xsi:type="nax:Halt_t" action="auto_pause">
      
    </nax:Halt>
    </nax:Moments>
    </nax:Nax>
    </TPX>
    </Extensions>
    </Trackpoint>
<Trackpoint>
      <Time>
      2024-09-05T18:04:27.829Z
    </Time><DistanceMeters>
      7.402806947007775
    </DistanceMeters><Cadence>
      158.1558609008789
    </Cadence><SensorState>
      Present
    </SensorState><Extensions>
      <TPX xmlns="http://www.garmin.com/xmlschemas/ActivityExtension/v2">
      <nax:Nax>
      <nax:Moments>
      <nax:Halt xsi:type="nax:Halt_t" action="auto_pause">
      
    </nax:Halt>
    </nax:Moments>
    </nax:Nax>
    </TPX>
    </Extensions>
    </Trackpoint>
<Trackpoint>
      <Time>
      2024-09-05T18:04:29.191Z
    </Time><SensorState>
      Present
    </SensorState><Extensions>
      <TPX xmlns="http://www.garmin.com/xmlschemas/ActivityExtension/v2">
      <nax:Nax>
      <nax:AscentInMeters>
      0.020000457763671875
    </nax:AscentInMeters><nax:Moments>
      <nax:Halt xsi:type="nax:Halt_t" action="auto_pause">
      
    </nax:Halt>
    </nax:Moments>
    </nax:Nax>
    </TPX>
    </Extensions>
    </Trackpoint>
<Trackpoint>
      <Time>
      2024-09-05T18:04:30.000Z
    </Time><Position>
      <LatitudeDegrees>
      47.42612338505551
    </LatitudeDegrees><LongitudeDegrees>
      -122.29764296340439
    </LongitudeDegrees>
    </Position><AltitudeMeters>
      129.55073462799191
    </AltitudeMeters><SensorState>
      Present
    </SensorState><Extensions>
      <TPX xmlns="http://www.garmin.com/xmlschemas/ActivityExtension/v2">
      <nax:Nax>
      <nax:Moments>
      <nax:Halt xsi:type="nax:Halt_t" action="auto_pause">
      
    </nax:Halt>
    </nax:Moments>
    </nax:Nax>
    </TPX>
    </Extensions>
    </Trackpoint>
<Trackpoint>
      <Time>
      2024-09-05T18:04:30.384Z
    </Time><SensorState>
      Present
    </SensorState><Extensions>
      <TPX xmlns="http://www.garmin.com/xmlschemas/ActivityExtension/v2">
      <ns3:Speed>
      2.7288168821169143
    </ns3:Speed><nax:Nax>
      <nax:Pace>
      6.107653018379631
    </nax:Pace><nax:Moments>
      <nax:Halt xsi:type="nax:Halt_t" action="auto_pause">
      
    </nax:Halt>
    </nax:Moments>
    </nax:Nax>
    </TPX>
    </Extensions>
    </Trackpoint>
<Trackpoint>
      <Time>
      2024-09-05T18:04:30.385Z
    </Time><DistanceMeters>
      6.198930440470576
    </DistanceMeters><Cadence>
      157.74094104766846
    </Cadence><SensorState>
      Present
    </SensorState><Extensions>
      <TPX xmlns="http://www.garmin.com/xmlschemas/ActivityExtension/v2">
      <nax:Nax>
      <nax:Moments>
      <nax:Halt xsi:type="nax:Halt_t" action="auto_pause">
      
    </nax:Halt>
    </nax:Moments>
    </nax:Nax>
    </TPX>
    </Extensions>
    </Trackpoint>
<Trackpoint>
      <Time>
      2024-09-05T18:04:31.771Z
    </Time><SensorState>
      Present
    </SensorState><Extensions>
      <TPX xmlns="http://www.garmin.com/xmlschemas/ActivityExtension/v2">
      <nax:Nax>
      <nax:AscentInMeters>
      0.010000228881835938
    </nax:AscentInMeters><nax:Moments>
      <nax:Halt xsi:type="nax:Halt_t" action="auto_pause">
      
    </nax:Halt>
    </nax:Moments>
    </nax:Nax>
    </TPX>
    </Extensions>
    </Trackpoint>
<Trackpoint>
      <Time>
      2024-09-05T18:04:32.892Z
    </Time><HeartRateBpm>
      <Value>
      185
    </Value>
    </HeartRateBpm><SensorState>
      Present
    </SensorState><Extensions>
      <TPX xmlns="http://www.garmin.com/xmlschemas/ActivityExtension/v2">
      <nax:Nax>
      <nax:Moments>
      <nax:Halt xsi:type="nax:Halt_t" action="auto_pause">
      
    </nax:Halt>
    </nax:Moments>
    </nax:Nax>
    </TPX>
    </Extensions>
    </Trackpoint>
<Trackpoint>
      <Time>
      2024-09-05T18:04:32.940Z
    </Time><SensorState>
      Present
    </SensorState><Extensions>
      <TPX xmlns="http://www.garmin.com/xmlschemas/ActivityExtension/v2">
      <ns3:Speed>
      2.6634950538307707
    </ns3:Speed><nax:Nax>
      <nax:Pace>
      6.257442319142227
    </nax:Pace><nax:Moments>
      <nax:Halt xsi:type="nax:Halt_t" action="auto_pause">
      
    </nax:Halt>
    </nax:Moments>
    </nax:Nax>
    </TPX>
    </Extensions>
    </Trackpoint>
<Trackpoint>
      <Time>
      2024-09-05T18:04:32.941Z
    </Time><DistanceMeters>
      7.790839477442205
    </DistanceMeters><Cadence>
      159.08645153045654
    </Cadence><SensorState>
      Present
    </SensorState><Extensions>
      <TPX xmlns="http://www.garmin.com/xmlschemas/ActivityExtension/v2">
      <nax:Nax>
      <nax:Moments>
      <nax:Halt xsi:type="nax:Halt_t" action="auto_pause">
      
    </nax:Halt>
    </nax:Moments>
    </nax:Nax>
    </TPX>
    </Extensions>
    </Trackpoint>
<Trackpoint>
      <Time>
      2024-09-05T18:04:34.000Z
    </Time><Position>
      <LatitudeDegrees>
      47.42621285279477
    </LatitudeDegrees><LongitudeDegrees>
      -122.29766970320831
    </LongitudeDegrees>
    </Position><AltitudeMeters>
      131.6120858695358
    </AltitudeMeters><SensorState>
      Present
    </SensorState><Extensions>
      <TPX xmlns="http://www.garmin.com/xmlschemas/ActivityExtension/v2">
      <nax:Nax>
      <nax:Moments>
      <nax:Halt xsi:type="nax:Halt_t" action="auto_pause">
      
    </nax:Halt>
    </nax:Moments>
    </nax:Nax>
    </TPX>
    </Extensions>
    </Trackpoint>
<Trackpoint>
      <Time>
      2024-09-05T18:04:34.354Z
    </Time><SensorState>
      Present
    </SensorState><Extensions>
      <TPX xmlns="http://www.garmin.com/xmlschemas/ActivityExtension/v2">
      <nax:Nax>
      <nax:AscentInMeters>
      0.05999946594238281
    </nax:AscentInMeters><nax:Moments>
      <nax:Halt xsi:type="nax:Halt_t" action="auto_pause">
      
    </nax:Halt>
    </nax:Moments>
    </nax:Nax>
    </TPX>
    </Extensions>
    </Trackpoint>
<Trackpoint>
      <Time>
      2024-09-05T18:04:35.000Z
    </Time><SensorState>
      Present
    </SensorState><Extensions>
      <TPX xmlns="http://www.garmin.com/xmlschemas/ActivityExtension/v2">
      <nax:Nax>
      <nax:NikeFuel>
      6.876883629922373
    </nax:NikeFuel><nax:Moments>
      <nax:Halt xsi:type="nax:Halt_t" action="auto_pause">
      
    </nax:Halt>
    </nax:Moments>
    </nax:Nax>
    </TPX>
    </Extensions>
    </Trackpoint>
<Trackpoint>
      <Time>
      2024-09-05T18:04:35.496Z
    </Time><SensorState>
      Present
    </SensorState><Extensions>
      <TPX xmlns="http://www.garmin.com/xmlschemas/ActivityExtension/v2">
      <ns3:Speed>
      2.694407850541346
    </ns3:Speed><nax:Nax>
      <nax:Pace>
      6.185651019135092
    </nax:Pace><nax:Moments>
      <nax:Halt xsi:type="nax:Halt_t" action="auto_pause">
      
    </nax:Halt>
    </nax:Moments>
    </nax:Nax>
    </TPX>
    </Extensions>
    </Trackpoint>
<Trackpoint>
      <Time>
      2024-09-05T18:04:35.497Z
    </Time><DistanceMeters>
      6.644760130904615
    </DistanceMeters><Cadence>
      158.1560182571411
    </Cadence><SensorState>
      Present
    </SensorState><Extensions>
      <TPX xmlns="http://www.garmin.com/xmlschemas/ActivityExtension/v2">
      <nax:Nax>
      <nax:Moments>
      <nax:Halt xsi:type="nax:Halt_t" action="auto_pause">
      
    </nax:Halt>
    </nax:Moments>
    </nax:Nax>
    </TPX>
    </Extensions>
    </Trackpoint>
<Trackpoint>
      <Time>
      2024-09-05T18:04:35.892Z
    </Time><HeartRateBpm>
      <Value>
      185
    </Value>
    </HeartRateBpm><SensorState>
      Present
    </SensorState><Extensions>
      <TPX xmlns="http://www.garmin.com/xmlschemas/ActivityExtension/v2">
      <nax:Nax>
      <nax:Moments>
      <nax:Halt xsi:type="nax:Halt_t" action="auto_pause">
      
    </nax:Halt>
    </nax:Moments>
    </nax:Nax>
    </TPX>
    </Extensions>
    </Trackpoint>
<Trackpoint>
      <Time>
      2024-09-05T18:04:36.934Z
    </Time><SensorState>
      Present
    </SensorState><Extensions>
      <TPX xmlns="http://www.garmin.com/xmlschemas/ActivityExtension/v2">
      <nax:Nax>
      <nax:AscentInMeters>
      0.07999992370605469
    </nax:AscentInMeters><nax:Moments>
      <nax:Halt xsi:type="nax:Halt_t" action="auto_pause">
      
    </nax:Halt>
    </nax:Moments>
    </nax:Nax>
    </TPX>
    </Extensions>
    </Trackpoint>
<Trackpoint>
      <Time>
      2024-09-05T18:04:38.000Z
    </Time><Position>
      <LatitudeDegrees>
      47.42631547025632
    </LatitudeDegrees><LongitudeDegrees>
      -122.297698075663
    </LongitudeDegrees>
    </Position><AltitudeMeters>
      132.12616666406393
    </AltitudeMeters><SensorState>
      Present
    </SensorState><Extensions>
      <TPX xmlns="http://www.garmin.com/xmlschemas/ActivityExtension/v2">
      <nax:Nax>
      <nax:Moments>
      <nax:Halt xsi:type="nax:Halt_t" action="auto_pause">
      
    </nax:Halt>
    </nax:Moments>
    </nax:Nax>
    </TPX>
    </Extensions>
    </Trackpoint>
<Trackpoint>
      <Time>
      2024-09-05T18:04:38.051Z
    </Time><SensorState>
      Present
    </SensorState><Extensions>
      <TPX xmlns="http://www.garmin.com/xmlschemas/ActivityExtension/v2">
      <ns3:Speed>
      2.674065549556709
    </ns3:Speed><nax:Nax>
      <nax:Pace>
      6.2327068494747895
    </nax:Pace><nax:Moments>
      <nax:Halt xsi:type="nax:Halt_t" action="auto_pause">
      
    </nax:Halt>
    </nax:Moments>
    </nax:Nax>
    </TPX>
    </Extensions>
    </Trackpoint>
<Trackpoint>
      <Time>
      2024-09-05T18:04:38.052Z
    </Time><DistanceMeters>
      5.71602091845125
    </DistanceMeters><Cadence>
      157.94832229614258
    </Cadence><SensorState>
      Present
    </SensorState><Extensions>
      <TPX xmlns="http://www.garmin.com/xmlschemas/ActivityExtension/v2">
      <nax:Nax>
      <nax:Moments>
      <nax:Halt xsi:type="nax:Halt_t" action="auto_pause">
      
    </nax:Halt>
    </nax:Moments>
    </nax:Nax>
    </TPX>
    </Extensions>
    </Trackpoint>
<Trackpoint>
      <Time>
      2024-09-05T18:04:38.892Z
    </Time><HeartRateBpm>
      <Value>
      185
    </Value>
    </HeartRateBpm><SensorState>
      Present
    </SensorState><Extensions>
      <TPX xmlns="http://www.garmin.com/xmlschemas/ActivityExtension/v2">
      <nax:Nax>
      <nax:Moments>
      <nax:Halt xsi:type="nax:Halt_t" action="auto_pause">
      
    </nax:Halt>
    </nax:Moments>
    </nax:Nax>
    </TPX>
    </Extensions>
    </Trackpoint>
<Trackpoint>
      <Time>
      2024-09-05T18:04:39.514Z
    </Time><SensorState>
      Present
    </SensorState><Extensions>
      <TPX xmlns="http://www.garmin.com/xmlschemas/ActivityExtension/v2">
      <nax:Nax>
      <nax:AscentInMeters>
      0.21000003814697266
    </nax:AscentInMeters><nax:Moments>
      <nax:Halt xsi:type="nax:Halt_t" action="auto_pause">
      
    </nax:Halt>
    </nax:Moments>
    </nax:Nax>
    </TPX>
    </Extensions>
    </Trackpoint>
<Trackpoint>
      <Time>
      2024-09-05T18:04:40.607Z
    </Time><SensorState>
      Present
    </SensorState><Extensions>
      <TPX xmlns="http://www.garmin.com/xmlschemas/ActivityExtension/v2">
      <ns3:Speed>
      2.6204260371464327
    </ns3:Speed><nax:Nax>
      <nax:Pace>
      6.360288911194067
    </nax:Pace><nax:Moments>
      <nax:Halt xsi:type="nax:Halt_t" action="auto_pause">
      
    </nax:Halt>
    </nax:Moments>
    </nax:Nax>
    </TPX>
    </Extensions>
    </Trackpoint>
<Trackpoint>
      <Time>
      2024-09-05T18:04:40.608Z
    </Time><DistanceMeters>
      5.345339270308614
    </DistanceMeters><Cadence>
      158.15627574920654
    </Cadence><SensorState>
      Present
    </SensorState><Extensions>
      <TPX xmlns="http://www.garmin.com/xmlschemas/ActivityExtension/v2">
      <nax:Nax>
      <nax:Moments>
      <nax:Halt xsi:type="nax:Halt_t" action="auto_pause">
      
    </nax:Halt>
    </nax:Moments>
    </nax:Nax>
    </TPX>
    </Extensions>
    </Trackpoint>
<Trackpoint>
      <Time>
      2024-09-05T18:04:43.000Z
    </Time><Position>
      <LatitudeDegrees>
      47.42640241458448
    </LatitudeDegrees><LongitudeDegrees>
      -122.29765758730947
    </LongitudeDegrees>
    </Position><AltitudeMeters>
      130.19896470475942
    </AltitudeMeters><SensorState>
      Present
    </SensorState><Extensions>
      <TPX xmlns="http://www.garmin.com/xmlschemas/ActivityExtension/v2">
      <nax:Nax>
      <nax:Moments>
      <nax:Halt xsi:type="nax:Halt_t" action="auto_pause">
      
    </nax:Halt>
    </nax:Moments>
    </nax:Nax>
    </TPX>
    </Extensions>
    </Trackpoint>
<Trackpoint>
      <Time>
      2024-09-05T18:04:43.163Z
    </Time><SensorState>
      Present
    </SensorState><Extensions>
      <TPX xmlns="http://www.garmin.com/xmlschemas/ActivityExtension/v2">
      <ns3:Speed>
      2.5412832671079553
    </ns3:Speed><nax:Nax>
      <nax:Pace>
      6.558366350727109
    </nax:Pace><nax:Moments>
      <nax:Halt xsi:type="nax:Halt_t" action="auto_pause">
      
    </nax:Halt>
    </nax:Moments>
    </nax:Nax>
    </TPX>
    </Extensions>
    </Trackpoint>
<Trackpoint>
      <Time>
      2024-09-05T18:04:43.164Z
    </Time><DistanceMeters>
      4.717830076813698
    </DistanceMeters><Cadence>
      158.15621852874756
    </Cadence><SensorState>
      Present
    </SensorState><Extensions>
      <TPX xmlns="http://www.garmin.com/xmlschemas/ActivityExtension/v2">
      <nax:Nax>
      <nax:Moments>
      <nax:Halt xsi:type="nax:Halt_t" action="auto_pause">
      
    </nax:Halt>
    </nax:Moments>
    </nax:Nax>
    </TPX>
    </Extensions>
    </Trackpoint>
<Trackpoint>
      <Time>
      2024-09-05T18:04:45.000Z
    </Time><SensorState>
      Present
    </SensorState><Extensions>
      <TPX xmlns="http://www.garmin.com/xmlschemas/ActivityExtension/v2">
      <nax:Nax>
      <nax:NikeFuel>
      6.375510042231832
    </nax:NikeFuel><nax:Moments>
      <nax:Halt xsi:type="nax:Halt_t" action="auto_pause">
      
    </nax:Halt>
    </nax:Moments>
    </nax:Nax>
    </TPX>
    </Extensions>
    </Trackpoint>
<Trackpoint>
      <Time>
      2024-09-05T18:04:45.719Z
    </Time><SensorState>
      Present
    </SensorState><Extensions>
      <TPX xmlns="http://www.garmin.com/xmlschemas/ActivityExtension/v2">
      <ns3:Speed>
      2.478124906689341
    </ns3:Speed><nax:Nax>
      <nax:Pace>
      6.725515175476991
    </nax:Pace><nax:Moments>
      <nax:Halt xsi:type="nax:Halt_t" action="auto_pause">
      
    </nax:Halt>
    </nax:Moments>
    </nax:Nax>
    </TPX>
    </Extensions>
    </Trackpoint>
<Trackpoint>
      <Time>
      2024-09-05T18:04:45.720Z
    </Time><DistanceMeters>
      6.439302632585168
    </DistanceMeters><Cadence>
      158.15631866455078
    </Cadence><SensorState>
      Present
    </SensorState><Extensions>
      <TPX xmlns="http://www.garmin.com/xmlschemas/ActivityExtension/v2">
      <nax:Nax>
      <nax:Moments>
      <nax:Halt xsi:type="nax:Halt_t" action="auto_pause">
      
    </nax:Halt>
    </nax:Moments>
    </nax:Nax>
    </TPX>
    </Extensions>
    </Trackpoint>
<Trackpoint>
      <Time>
      2024-09-05T18:04:45.892Z
    </Time><HeartRateBpm>
      <Value>
      183
    </Value>
    </HeartRateBpm><SensorState>
      Present
    </SensorState><Extensions>
      <TPX xmlns="http://www.garmin.com/xmlschemas/ActivityExtension/v2">
      <nax:Nax>
      <nax:Moments>
      <nax:Halt xsi:type="nax:Halt_t" action="auto_pause">
      
    </nax:Halt>
    </nax:Moments>
    </nax:Nax>
    </TPX>
    </Extensions>
    </Trackpoint>
<Trackpoint>
      <Time>
      2024-09-05T18:04:47.000Z
    </Time><Position>
      <LatitudeDegrees>
      47.42648754312888
    </LatitudeDegrees><LongitudeDegrees>
      -122.2977222614804
    </LongitudeDegrees>
    </Position><AltitudeMeters>
      131.1571110356599
    </AltitudeMeters><SensorState>
      Present
    </SensorState><Extensions>
      <TPX xmlns="http://www.garmin.com/xmlschemas/ActivityExtension/v2">
      <nax:Nax>
      <nax:Moments>
      <nax:Halt xsi:type="nax:Halt_t" action="auto_pause">
      
    </nax:Halt>
    </nax:Moments>
    </nax:Nax>
    </TPX>
    </Extensions>
    </Trackpoint>
<Trackpoint>
      <Time>
      2024-09-05T18:04:48.275Z
    </Time><SensorState>
      Present
    </SensorState><Extensions>
      <TPX xmlns="http://www.garmin.com/xmlschemas/ActivityExtension/v2">
      <ns3:Speed>
      2.4683102032909736
    </ns3:Speed><nax:Nax>
      <nax:Pace>
      6.752257736667444
    </nax:Pace><nax:Moments>
      <nax:Halt xsi:type="nax:Halt_t" action="auto_pause">
      
    </nax:Halt>
    </nax:Moments>
    </nax:Nax>
    </TPX>
    </Extensions>
    </Trackpoint>
<Trackpoint>
      <Time>
      2024-09-05T18:04:48.276Z
    </Time><DistanceMeters>
      4.845302500762045
    </DistanceMeters><Cadence>
      158.03226470947266
    </Cadence><SensorState>
      Present
    </SensorState><Extensions>
      <TPX xmlns="http://www.garmin.com/xmlschemas/ActivityExtension/v2">
      <nax:Nax>
      <nax:Moments>
      <nax:Halt xsi:type="nax:Halt_t" action="auto_pause">
      
    </nax:Halt>
    </nax:Moments>
    </nax:Nax>
    </TPX>
    </Extensions>
    </Trackpoint>
<Trackpoint>
      <Time>
      2024-09-05T18:04:48.892Z
    </Time><HeartRateBpm>
      <Value>
      185
    </Value>
    </HeartRateBpm><SensorState>
      Present
    </SensorState><Extensions>
      <TPX xmlns="http://www.garmin.com/xmlschemas/ActivityExtension/v2">
      <nax:Nax>
      <nax:Moments>
      <nax:Halt xsi:type="nax:Halt_t" action="auto_pause">
      
    </nax:Halt>
    </nax:Moments>
    </nax:Nax>
    </TPX>
    </Extensions>
    </Trackpoint>
<Trackpoint>
      <Time>
      2024-09-05T18:04:49.839Z
    </Time><SensorState>
      Present
    </SensorState><Extensions>
      <TPX xmlns="http://www.garmin.com/xmlschemas/ActivityExtension/v2">
      <nax:Nax>
      <nax:DescentInMeters>
      0.030000686645507812
    </nax:DescentInMeters><nax:Moments>
      <nax:Halt xsi:type="nax:Halt_t" action="auto_pause">
      
    </nax:Halt>
    </nax:Moments>
    </nax:Nax>
    </TPX>
    </Extensions>
    </Trackpoint>
<Trackpoint>
      <Time>
      2024-09-05T18:04:50.830Z
    </Time><DistanceMeters>
      5.312447873875499
    </DistanceMeters><SensorState>
      Present
    </SensorState><Extensions>
      <TPX xmlns="http://www.garmin.com/xmlschemas/ActivityExtension/v2">
      <ns3:Speed>
      2.404321802013065
    </ns3:Speed><nax:Nax>
      <nax:Pace>
      6.931961708583343
    </nax:Pace><nax:Moments>
      <nax:Halt xsi:type="nax:Halt_t" action="auto_pause">
      
    </nax:Halt>
    </nax:Moments>
    </nax:Nax>
    </TPX>
    </Extensions>
    </Trackpoint>
<Trackpoint>
      <Time>
      2024-09-05T18:04:50.831Z
    </Time><Cadence>
      158.156476020813
    </Cadence><SensorState>
      Present
    </SensorState><Extensions>
      <TPX xmlns="http://www.garmin.com/xmlschemas/ActivityExtension/v2">
      <nax:Nax>
      <nax:Moments>
      <nax:Halt xsi:type="nax:Halt_t" action="auto_pause">
      
    </nax:Halt>
    </nax:Moments>
    </nax:Nax>
    </TPX>
    </Extensions>
    </Trackpoint>
<Trackpoint>
      <Time>
      2024-09-05T18:04:52.000Z
    </Time><Position>
      <LatitudeDegrees>
      47.42657352950197
    </LatitudeDegrees><LongitudeDegrees>
      -122.29767053823217
    </LongitudeDegrees>
    </Position><AltitudeMeters>
      130.35858989786357
    </AltitudeMeters><SensorState>
      Present
    </SensorState><Extensions>
      <TPX xmlns="http://www.garmin.com/xmlschemas/ActivityExtension/v2">
      <nax:Nax>
      <nax:Moments>
      <nax:Halt xsi:type="nax:Halt_t" action="auto_pause">
      
    </nax:Halt>
    </nax:Moments>
    </nax:Nax>
    </TPX>
    </Extensions>
    </Trackpoint>
<Trackpoint>
      <Time>
      2024-09-05T18:04:52.420Z
    </Time><SensorState>
      Present
    </SensorState><Extensions>
      <TPX xmlns="http://www.garmin.com/xmlschemas/ActivityExtension/v2">
      <nax:Nax>
      <nax:DescentInMeters>
      0.009998321533203125
    </nax:DescentInMeters><nax:Moments>
      <nax:Halt xsi:type="nax:Halt_t" action="auto_pause">
      
    </nax:Halt>
    </nax:Moments>
    </nax:Nax>
    </TPX>
    </Extensions>
    </Trackpoint>
<Trackpoint>
      <Time>
      2024-09-05T18:04:53.386Z
    </Time><SensorState>
      Present
    </SensorState><Extensions>
      <TPX xmlns="http://www.garmin.com/xmlschemas/ActivityExtension/v2">
      <ns3:Speed>
      2.3551371155147685
    </ns3:Speed><nax:Nax>
      <nax:Pace>
      7.076728805670319
    </nax:Pace><nax:Moments>
      <nax:Halt xsi:type="nax:Halt_t" action="auto_pause">
      
    </nax:Halt>
    </nax:Moments>
    </nax:Nax>
    </TPX>
    </Extensions>
    </Trackpoint>
<Trackpoint>
      <Time>
      2024-09-05T18:04:53.387Z
    </Time><DistanceMeters>
      5.039252484217286
    </DistanceMeters><Cadence>
      158.156476020813
    </Cadence><SensorState>
      Present
    </SensorState><Extensions>
      <TPX xmlns="http://www.garmin.com/xmlschemas/ActivityExtension/v2">
      <nax:Nax>
      <nax:Moments>
      <nax:Halt xsi:type="nax:Halt_t" action="auto_pause">
      
    </nax:Halt>
    </nax:Moments>
    </nax:Nax>
    </TPX>
    </Extensions>
    </Trackpoint>
<Trackpoint>
      <Time>
      2024-09-05T18:04:55.000Z
    </Time><SensorState>
      Present
    </SensorState><Extensions>
      <TPX xmlns="http://www.garmin.com/xmlschemas/ActivityExtension/v2">
      <nax:Nax>
      <nax:NikeFuel>
      5.938669277705878
    </nax:NikeFuel><nax:Moments>
      <nax:Halt xsi:type="nax:Halt_t" action="auto_pause">
      
    </nax:Halt>
    </nax:Moments>
    </nax:Nax>
    </TPX>
    </Extensions>
    </Trackpoint>
<Trackpoint>
      <Time>
      2024-09-05T18:04:55.892Z
    </Time><HeartRateBpm>
      <Value>
      185
    </Value>
    </HeartRateBpm><SensorState>
      Present
    </SensorState><Extensions>
      <TPX xmlns="http://www.garmin.com/xmlschemas/ActivityExtension/v2">
      <nax:Nax>
      <nax:Moments>
      <nax:Halt xsi:type="nax:Halt_t" action="auto_pause">
      
    </nax:Halt>
    </nax:Moments>
    </nax:Nax>
    </TPX>
    </Extensions>
    </Trackpoint>
<Trackpoint>
      <Time>
      2024-09-05T18:04:55.942Z
    </Time><DistanceMeters>
      3.9317366536706686
    </DistanceMeters><SensorState>
      Present
    </SensorState><Extensions>
      <TPX xmlns="http://www.garmin.com/xmlschemas/ActivityExtension/v2">
      <ns3:Speed>
      2.333800342488159
    </ns3:Speed><nax:Nax>
      <nax:Pace>
      7.141427809071987
    </nax:Pace><nax:Moments>
      <nax:Halt xsi:type="nax:Halt_t" action="auto_pause">
      
    </nax:Halt>
    </nax:Moments>
    </nax:Nax>
    </TPX>
    </Extensions>
    </Trackpoint>
<Trackpoint>
      <Time>
      2024-09-05T18:04:55.943Z
    </Time><Cadence>
      158.15654754638672
    </Cadence><SensorState>
      Present
    </SensorState><Extensions>
      <TPX xmlns="http://www.garmin.com/xmlschemas/ActivityExtension/v2">
      <nax:Nax>
      <nax:Moments>
      <nax:Halt xsi:type="nax:Halt_t" action="auto_pause">
      
    </nax:Halt>
    </nax:Moments>
    </nax:Nax>
    </TPX>
    </Extensions>
    </Trackpoint>
<Trackpoint>
      <Time>
      2024-09-05T18:04:57.582Z
    </Time><SensorState>
      Present
    </SensorState><Extensions>
      <TPX xmlns="http://www.garmin.com/xmlschemas/ActivityExtension/v2">
      <nax:Nax>
      <nax:DescentInMeters>
      0.030000686645507812
    </nax:DescentInMeters><nax:Moments>
      <nax:Halt xsi:type="nax:Halt_t" action="auto_pause">
      
    </nax:Halt>
    </nax:Moments>
    </nax:Nax>
    </TPX>
    </Extensions>
    </Trackpoint>
<Trackpoint>
      <Time>
      2024-09-05T18:04:58.000Z
    </Time><Position>
      <LatitudeDegrees>
      47.42667117373668
    </LatitudeDegrees><LongitudeDegrees>
      -122.29770700557395
    </LongitudeDegrees>
    </Position><AltitudeMeters>
      130.03598654270172
    </AltitudeMeters><SensorState>
      Present
    </SensorState><Extensions>
      <TPX xmlns="http://www.garmin.com/xmlschemas/ActivityExtension/v2">
      <nax:Nax>
      <nax:Moments>
      <nax:Halt xsi:type="nax:Halt_t" action="auto_pause">
      
    </nax:Halt>
    </nax:Moments>
    </nax:Nax>
    </TPX>
    </Extensions>
    </Trackpoint>
<Trackpoint>
      <Time>
      2024-09-05T18:04:58.498Z
    </Time><SensorState>
      Present
    </SensorState><Extensions>
      <TPX xmlns="http://www.garmin.com/xmlschemas/ActivityExtension/v2">
      <ns3:Speed>
      2.253670360148159
    </ns3:Speed><nax:Nax>
      <nax:Pace>
      7.3953435965546355
    </nax:Pace><nax:Moments>
      <nax:Halt xsi:type="nax:Halt_t" action="auto_pause">
      
    </nax:Halt>
    </nax:Moments>
    </nax:Nax>
    </TPX>
    </Extensions>
    </Trackpoint>
<Trackpoint>
      <Time>
      2024-09-05T18:04:58.499Z
    </Time><DistanceMeters>
      4.00285386107862
    </DistanceMeters><Cadence>
      158.245210647583
    </Cadence><SensorState>
      Present
    </SensorState><Extensions>
      <TPX xmlns="http://www.garmin.com/xmlschemas/ActivityExtension/v2">
      <nax:Nax>
      <nax:Moments>
      <nax:Halt xsi:type="nax:Halt_t" action="auto_pause">
      
    </nax:Halt>
    </nax:Moments>
    </nax:Nax>
    </TPX>
    </Extensions>
    </Trackpoint>
<Trackpoint>
      <Time>
      2024-09-05T18:05:00.892Z
    </Time><HeartRateBpm>
      <Value>
      185
    </Value>
    </HeartRateBpm><SensorState>
      Present
    </SensorState><Extensions>
      <TPX xmlns="http://www.garmin.com/xmlschemas/ActivityExtension/v2">
      <nax:Nax>
      <nax:Moments>
      <nax:Halt xsi:type="nax:Halt_t" action="auto_pause">
      
    </nax:Halt>
    </nax:Moments>
    </nax:Nax>
    </TPX>
    </Extensions>
    </Trackpoint>
<Trackpoint>
      <Time>
      2024-09-05T18:05:01.053Z
    </Time><SensorState>
      Present
    </SensorState><Extensions>
      <TPX xmlns="http://www.garmin.com/xmlschemas/ActivityExtension/v2">
      <ns3:Speed>
      2.178206074397106
    </ns3:Speed><nax:Nax>
      <nax:Pace>
      7.651556417259439
    </nax:Pace><nax:Moments>
      <nax:Halt xsi:type="nax:Halt_t" action="auto_pause">
      
    </nax:Halt>
    </nax:Moments>
    </nax:Nax>
    </TPX>
    </Extensions>
    </Trackpoint>
<Trackpoint>
      <Time>
      2024-09-05T18:05:01.054Z
    </Time><DistanceMeters>
      6.928781792521477
    </DistanceMeters><Cadence>
      158.23914527893066
    </Cadence><SensorState>
      Present
    </SensorState><Extensions>
      <TPX xmlns="http://www.garmin.com/xmlschemas/ActivityExtension/v2">
      <nax:Nax>
      <nax:Moments>
      <nax:Halt xsi:type="nax:Halt_t" action="auto_pause">
      
    </nax:Halt>
    </nax:Moments>
    </nax:Nax>
    </TPX>
    </Extensions>
    </Trackpoint>
<Trackpoint>
      <Time>
      2024-09-05T18:05:02.744Z
    </Time><SensorState>
      Present
    </SensorState><Extensions>
      <TPX xmlns="http://www.garmin.com/xmlschemas/ActivityExtension/v2">
      <nax:Nax>
      <nax:DescentInMeters>
      0.010000228881835938
    </nax:DescentInMeters><nax:Moments>
      <nax:Halt xsi:type="nax:Halt_t" action="auto_pause">
      
    </nax:Halt>
    </nax:Moments>
    </nax:Nax>
    </TPX>
    </Extensions>
    </Trackpoint>
<Trackpoint>
      <Time>
      2024-09-05T18:05:03.000Z
    </Time><Position>
      <LatitudeDegrees>
      47.42677039461407
    </LatitudeDegrees><LongitudeDegrees>
      -122.29767666638294
    </LongitudeDegrees>
    </Position><AltitudeMeters>
      131.7746806461364
    </AltitudeMeters><SensorState>
      Present
    </SensorState><Extensions>
      <TPX xmlns="http://www.garmin.com/xmlschemas/ActivityExtension/v2">
      <nax:Nax>
      <nax:Moments>
      <nax:Halt xsi:type="nax:Halt_t" action="auto_pause">
      
    </nax:Halt>
    </nax:Moments>
    </nax:Nax>
    </TPX>
    </Extensions>
    </Trackpoint>
<Trackpoint>
      <Time>
      2024-09-05T18:05:03.609Z
    </Time><SensorState>
      Present
    </SensorState><Extensions>
      <TPX xmlns="http://www.garmin.com/xmlschemas/ActivityExtension/v2">
      <ns3:Speed>
      2.2220244604608266
    </ns3:Speed><nax:Nax>
      <nax:Pace>
      7.5006675053478755
    </nax:Pace><nax:Moments>
      <nax:Halt xsi:type="nax:Halt_t" action="auto_pause">
      
    </nax:Halt>
    </nax:Moments>
    </nax:Nax>
    </TPX>
    </Extensions>
    </Trackpoint>
<Trackpoint>
      <Time>
      2024-09-05T18:05:03.610Z
    </Time><DistanceMeters>
      5.066524398513138
    </DistanceMeters><Cadence>
      158.15669059753418
    </Cadence><SensorState>
      Present
    </SensorState><Extensions>
      <TPX xmlns="http://www.garmin.com/xmlschemas/ActivityExtension/v2">
      <nax:Nax>
      <nax:Moments>
      <nax:Halt xsi:type="nax:Halt_t" action="auto_pause">
      
    </nax:Halt>
    </nax:Moments>
    </nax:Nax>
    </TPX>
    </Extensions>
    </Trackpoint>
<Trackpoint>
      <Time>
      2024-09-05T18:05:03.892Z
    </Time><HeartRateBpm>
      <Value>
      185
    </Value>
    </HeartRateBpm><SensorState>
      Present
    </SensorState><Extensions>
      <TPX xmlns="http://www.garmin.com/xmlschemas/ActivityExtension/v2">
      <nax:Nax>
      <nax:Moments>
      <nax:Halt xsi:type="nax:Halt_t" action="auto_pause">
      
    </nax:Halt>
    </nax:Moments>
    </nax:Nax>
    </TPX>
    </Extensions>
    </Trackpoint>
<Trackpoint>
      <Time>
      2024-09-05T18:05:05.000Z
    </Time><SensorState>
      Present
    </SensorState><Extensions>
      <TPX xmlns="http://www.garmin.com/xmlschemas/ActivityExtension/v2">
      <nax:Nax>
      <nax:NikeFuel>
      5.741845017291532
    </nax:NikeFuel><nax:Moments>
      <nax:Halt xsi:type="nax:Halt_t" action="auto_pause">
      
    </nax:Halt>
    </nax:Moments>
    </nax:Nax>
    </TPX>
    </Extensions>
    </Trackpoint>
<Trackpoint>
      <Time>
      2024-09-05T18:05:05.326Z
    </Time><SensorState>
      Present
    </SensorState><Extensions>
      <TPX xmlns="http://www.garmin.com/xmlschemas/ActivityExtension/v2">
      <nax:Nax>
      <nax:DescentInMeters>
      0.09000015258789062
    </nax:DescentInMeters><nax:Moments>
      <nax:Halt xsi:type="nax:Halt_t" action="auto_pause">
      
    </nax:Halt>
    </nax:Moments>
    </nax:Nax>
    </TPX>
    </Extensions>
    </Trackpoint>
<Trackpoint>
      <Time>
      2024-09-05T18:05:06.165Z
    </Time><SensorState>
      Present
    </SensorState><Extensions>
      <TPX xmlns="http://www.garmin.com/xmlschemas/ActivityExtension/v2">
      <ns3:Speed>
      2.2051855295814815
    </ns3:Speed><nax:Nax>
      <nax:Pace>
      7.5579430588000465
    </nax:Pace><nax:Moments>
      <nax:Halt xsi:type="nax:Halt_t" action="auto_pause">
      
    </nax:Halt>
    </nax:Moments>
    </nax:Nax>
    </TPX>
    </Extensions>
    </Trackpoint>
<Trackpoint>
      <Time>
      2024-09-05T18:05:06.166Z
    </Time><DistanceMeters>
      6.165062760002911
    </DistanceMeters><Cadence>
      158.22980403900146
    </Cadence><SensorState>
      Present
    </SensorState><Extensions>
      <TPX xmlns="http://www.garmin.com/xmlschemas/ActivityExtension/v2">
      <nax:Nax>
      <nax:Moments>
      <nax:Halt xsi:type="nax:Halt_t" action="auto_pause">
      
    </nax:Halt>
    </nax:Moments>
    </nax:Nax>
    </TPX>
    </Extensions>
    </Trackpoint>
<Trackpoint>
      <Time>
      2024-09-05T18:05:07.907Z
    </Time><SensorState>
      Present
    </SensorState><Extensions>
      <TPX xmlns="http://www.garmin.com/xmlschemas/ActivityExtension/v2">
      <nax:Nax>
      <nax:DescentInMeters>
      0.020000457763671875
    </nax:DescentInMeters><nax:Moments>
      <nax:Halt xsi:type="nax:Halt_t" action="auto_pause">
      
    </nax:Halt>
    </nax:Moments>
    </nax:Nax>
    </TPX>
    </Extensions>
    </Trackpoint>
<Trackpoint>
      <Time>
      2024-09-05T18:05:08.000Z
    </Time><Position>
      <LatitudeDegrees>
      47.42687263709428
    </LatitudeDegrees><LongitudeDegrees>
      -122.29770309578035
    </LongitudeDegrees>
    </Position><AltitudeMeters>
      131.75566212367266
    </AltitudeMeters><SensorState>
      Present
    </SensorState><Extensions>
      <TPX xmlns="http://www.garmin.com/xmlschemas/ActivityExtension/v2">
      <nax:Nax>
      <nax:Moments>
      <nax:Halt xsi:type="nax:Halt_t" action="auto_pause">
      
    </nax:Halt>
    </nax:Moments>
    </nax:Nax>
    </TPX>
    </Extensions>
    </Trackpoint>
<Trackpoint>
      <Time>
      2024-09-05T18:05:08.721Z
    </Time><SensorState>
      Present
    </SensorState><Extensions>
      <TPX xmlns="http://www.garmin.com/xmlschemas/ActivityExtension/v2">
      <ns3:Speed>
      2.2038192481384122
    </ns3:Speed><nax:Nax>
      <nax:Pace>
      7.562628686878546
    </nax:Pace><nax:Moments>
      <nax:Halt xsi:type="nax:Halt_t" action="auto_pause">
      
    </nax:Halt>
    </nax:Moments>
    </nax:Nax>
    </TPX>
    </Extensions>
    </Trackpoint>
<Trackpoint>
      <Time>
      2024-09-05T18:05:08.722Z
    </Time><DistanceMeters>
      6.0680215219035745
    </DistanceMeters><Cadence>
      158.08805465698242
    </Cadence><SensorState>
      Present
    </SensorState><Extensions>
      <TPX xmlns="http://www.garmin.com/xmlschemas/ActivityExtension/v2">
      <nax:Nax>
      <nax:Moments>
      <nax:Halt xsi:type="nax:Halt_t" action="auto_pause">
      
    </nax:Halt>
    </nax:Moments>
    </nax:Nax>
    </TPX>
    </Extensions>
    </Trackpoint>
<Trackpoint>
      <Time>
      2024-09-05T18:05:08.892Z
    </Time><HeartRateBpm>
      <Value>
      185
    </Value>
    </HeartRateBpm><SensorState>
      Present
    </SensorState><Extensions>
      <TPX xmlns="http://www.garmin.com/xmlschemas/ActivityExtension/v2">
      <nax:Nax>
      <nax:Moments>
      <nax:Halt xsi:type="nax:Halt_t" action="auto_pause">
      
    </nax:Halt>
    </nax:Moments>
    </nax:Nax>
    </TPX>
    </Extensions>
    </Trackpoint>
<Trackpoint>
      <Time>
      2024-09-05T18:05:10.488Z
    </Time><SensorState>
      Present
    </SensorState><Extensions>
      <TPX xmlns="http://www.garmin.com/xmlschemas/ActivityExtension/v2">
      <nax:Nax>
      <nax:DescentInMeters>
      0.009998321533203125
    </nax:DescentInMeters><nax:Moments>
      <nax:Halt xsi:type="nax:Halt_t" action="auto_pause">
      
    </nax:Halt>
    </nax:Moments>
    </nax:Nax>
    </TPX>
    </Extensions>
    </Trackpoint>
<Trackpoint>
      <Time>
      2024-09-05T18:05:11.276Z
    </Time><SensorState>
      Present
    </SensorState><Extensions>
      <TPX xmlns="http://www.garmin.com/xmlschemas/ActivityExtension/v2">
      <ns3:Speed>
      2.185793485617548
    </ns3:Speed><nax:Nax>
      <nax:Pace>
      7.624996037518096
    </nax:Pace><nax:Moments>
      <nax:Halt xsi:type="nax:Halt_t" action="auto_pause">
      
    </nax:Halt>
    </nax:Moments>
    </nax:Nax>
    </TPX>
    </Extensions>
    </Trackpoint>
<Trackpoint>
      <Time>
      2024-09-05T18:05:11.277Z
    </Time><DistanceMeters>
      6.422197533771396
    </DistanceMeters><Cadence>
      158.08805465698242
    </Cadence><SensorState>
      Present
    </SensorState><Extensions>
      <TPX xmlns="http://www.garmin.com/xmlschemas/ActivityExtension/v2">
      <nax:Nax>
      <nax:Moments>
      <nax:Halt xsi:type="nax:Halt_t" action="auto_pause">
      
    </nax:Halt>
    </nax:Moments>
    </nax:Nax>
    </TPX>
    </Extensions>
    </Trackpoint>
<Trackpoint>
      <Time>
      2024-09-05T18:05:13.000Z
    </Time><Position>
      <LatitudeDegrees>
      47.426978357231185
    </LatitudeDegrees><LongitudeDegrees>
      -122.29769020084714
    </LongitudeDegrees>
    </Position><AltitudeMeters>
      131.47810586169362
    </AltitudeMeters><SensorState>
      Present
    </SensorState><Extensions>
      <TPX xmlns="http://www.garmin.com/xmlschemas/ActivityExtension/v2">
      <nax:Nax>
      <nax:Moments>
      <nax:Halt xsi:type="nax:Halt_t" action="auto_pause">
      
    </nax:Halt>
    </nax:Moments>
    </nax:Nax>
    </TPX>
    </Extensions>
    </Trackpoint>
<Trackpoint>
      <Time>
      2024-09-05T18:05:13.069Z
    </Time><SensorState>
      Present
    </SensorState><Extensions>
      <TPX xmlns="http://www.garmin.com/xmlschemas/ActivityExtension/v2">
      <nax:Nax>
      <nax:DescentInMeters>
      0.07000160217285156
    </nax:DescentInMeters><nax:Moments>
      <nax:Halt xsi:type="nax:Halt_t" action="auto_pause">
      
    </nax:Halt>
    </nax:Moments>
    </nax:Nax>
    </TPX>
    </Extensions>
    </Trackpoint>
<Trackpoint>
      <Time>
      2024-09-05T18:05:13.832Z
    </Time><SensorState>
      Present
    </SensorState><Extensions>
      <TPX xmlns="http://www.garmin.com/xmlschemas/ActivityExtension/v2">
      <ns3:Speed>
      2.2179351596340524
    </ns3:Speed><nax:Nax>
      <nax:Pace>
      7.51449680315117
    </nax:Pace><nax:Moments>
      <nax:Halt xsi:type="nax:Halt_t" action="auto_pause">
      
    </nax:Halt>
    </nax:Moments>
    </nax:Nax>
    </TPX>
    </Extensions>
    </Trackpoint>
<Trackpoint>
      <Time>
      2024-09-05T18:05:13.833Z
    </Time><DistanceMeters>
      5.4946667291224
    </DistanceMeters><Cadence>
      158.09131622314453
    </Cadence><SensorState>
      Present
    </SensorState><Extensions>
      <TPX xmlns="http://www.garmin.com/xmlschemas/ActivityExtension/v2">
      <nax:Nax>
      <nax:Moments>
      <nax:Halt xsi:type="nax:Halt_t" action="auto_pause">
      
    </nax:Halt>
    </nax:Moments>
    </nax:Nax>
    </TPX>
    </Extensions>
    </Trackpoint>
<Trackpoint>
      <Time>
      2024-09-05T18:05:15.000Z
    </Time><SensorState>
      Present
    </SensorState><Extensions>
      <TPX xmlns="http://www.garmin.com/xmlschemas/ActivityExtension/v2">
      <nax:Nax>
      <nax:NikeFuel>
      5.928222110607494
    </nax:NikeFuel><nax:Moments>
      <nax:Halt xsi:type="nax:Halt_t" action="auto_pause">
      
    </nax:Halt>
    </nax:Moments>
    </nax:Nax>
    </TPX>
    </Extensions>
    </Trackpoint>
<Trackpoint>
      <Time>
      2024-09-05T18:05:15.651Z
    </Time><SensorState>
      Present
    </SensorState><Extensions>
      <TPX xmlns="http://www.garmin.com/xmlschemas/ActivityExtension/v2">
      <nax:Nax>
      <nax:DescentInMeters>
      0.010000228881835938
    </nax:DescentInMeters><nax:Moments>
      <nax:Halt xsi:type="nax:Halt_t" action="auto_pause">
      
    </nax:Halt>
    </nax:Moments>
    </nax:Nax>
    </TPX>
    </Extensions>
    </Trackpoint>
<Trackpoint>
      <Time>
      2024-09-05T18:05:15.892Z
    </Time><HeartRateBpm>
      <Value>
      185
    </Value>
    </HeartRateBpm><SensorState>
      Present
    </SensorState><Extensions>
      <TPX xmlns="http://www.garmin.com/xmlschemas/ActivityExtension/v2">
      <nax:Nax>
      <nax:Moments>
      <nax:Halt xsi:type="nax:Halt_t" action="auto_pause">
      
    </nax:Halt>
    </nax:Moments>
    </nax:Nax>
    </TPX>
    </Extensions>
    </Trackpoint>
<Trackpoint>
      <Time>
      2024-09-05T18:05:16.388Z
    </Time><SensorState>
      Present
    </SensorState><Extensions>
      <TPX xmlns="http://www.garmin.com/xmlschemas/ActivityExtension/v2">
      <ns3:Speed>
      2.232816313799305
    </ns3:Speed><nax:Nax>
      <nax:Pace>
      7.464414588724981
    </nax:Pace><nax:Moments>
      <nax:Halt xsi:type="nax:Halt_t" action="auto_pause">
      
    </nax:Halt>
    </nax:Moments>
    </nax:Nax>
    </TPX>
    </Extensions>
    </Trackpoint>
<Trackpoint>
      <Time>
      2024-09-05T18:05:16.389Z
    </Time><DistanceMeters>
      6.293910212814808
    </DistanceMeters><Cadence>
      158.0947780609131
    </Cadence><SensorState>
      Present
    </SensorState><Extensions>
      <TPX xmlns="http://www.garmin.com/xmlschemas/ActivityExtension/v2">
      <nax:Nax>
      <nax:Moments>
      <nax:Halt xsi:type="nax:Halt_t" action="auto_pause">
      
    </nax:Halt>
    </nax:Moments>
    </nax:Nax>
    </TPX>
    </Extensions>
    </Trackpoint>
<Trackpoint>
      <Time>
      2024-09-05T18:05:18.000Z
    </Time><Position>
      <LatitudeDegrees>
      47.42708532119091
    </LatitudeDegrees><LongitudeDegrees>
      -122.29770537510723
    </LongitudeDegrees>
    </Position><AltitudeMeters>
      131.40844159480184
    </AltitudeMeters><SensorState>
      Present
    </SensorState><Extensions>
      <TPX xmlns="http://www.garmin.com/xmlschemas/ActivityExtension/v2">
      <nax:Nax>
      <nax:Moments>
      <nax:Halt xsi:type="nax:Halt_t" action="auto_pause">
      
    </nax:Halt>
    </nax:Moments>
    </nax:Nax>
    </TPX>
    </Extensions>
    </Trackpoint>
<Trackpoint>
      <Time>
      2024-09-05T18:05:18.231Z
    </Time><SensorState>
      Present
    </SensorState><Extensions>
      <TPX xmlns="http://www.garmin.com/xmlschemas/ActivityExtension/v2">
      <nax:Nax>
      <nax:DescentInMeters>
      0.029998779296875
    </nax:DescentInMeters><nax:Moments>
      <nax:Halt xsi:type="nax:Halt_t" action="auto_pause">
      
    </nax:Halt>
    </nax:Moments>
    </nax:Nax>
    </TPX>
    </Extensions>
    </Trackpoint>
<Trackpoint>
      <Time>
      2024-09-05T18:05:18.892Z
    </Time><HeartRateBpm>
      <Value>
      185
    </Value>
    </HeartRateBpm><SensorState>
      Present
    </SensorState><Extensions>
      <TPX xmlns="http://www.garmin.com/xmlschemas/ActivityExtension/v2">
      <nax:Nax>
      <nax:Moments>
      <nax:Halt xsi:type="nax:Halt_t" action="auto_pause">
      
    </nax:Halt>
    </nax:Moments>
    </nax:Nax>
    </TPX>
    </Extensions>
    </Trackpoint>
<Trackpoint>
      <Time>
      2024-09-05T18:05:18.943Z
    </Time><SensorState>
      Present
    </SensorState><Extensions>
      <TPX xmlns="http://www.garmin.com/xmlschemas/ActivityExtension/v2">
      <ns3:Speed>
      2.2357139613145622
    </ns3:Speed><nax:Nax>
      <nax:Pace>
      7.454740165806786
    </nax:Pace><nax:Moments>
      <nax:Halt xsi:type="nax:Halt_t" action="auto_pause">
      
    </nax:Halt>
    </nax:Moments>
    </nax:Nax>
    </TPX>
    </Extensions>
    </Trackpoint>
<Trackpoint>
      <Time>
      2024-09-05T18:05:18.944Z
    </Time><DistanceMeters>
      5.867303155362606
    </DistanceMeters><Cadence>
      158.34218502044678
    </Cadence><SensorState>
      Present
    </SensorState><Extensions>
      <TPX xmlns="http://www.garmin.com/xmlschemas/ActivityExtension/v2">
      <nax:Nax>
      <nax:Moments>
      <nax:Halt xsi:type="nax:Halt_t" action="auto_pause">
      
    </nax:Halt>
    </nax:Moments>
    </nax:Nax>
    </TPX>
    </Extensions>
    </Trackpoint>
<Trackpoint>
      <Time>
      2024-09-05T18:05:20.812Z
    </Time><SensorState>
      Present
    </SensorState><Extensions>
      <TPX xmlns="http://www.garmin.com/xmlschemas/ActivityExtension/v2">
      <nax:Nax>
      <nax:DescentInMeters>
      0.07999992370605469
    </nax:DescentInMeters><nax:Moments>
      <nax:Halt xsi:type="nax:Halt_t" action="auto_pause">
      
    </nax:Halt>
    </nax:Moments>
    </nax:Nax>
    </TPX>
    </Extensions>
    </Trackpoint>
<Trackpoint>
      <Time>
      2024-09-05T18:05:21.499Z
    </Time><SensorState>
      Present
    </SensorState><Extensions>
      <TPX xmlns="http://www.garmin.com/xmlschemas/ActivityExtension/v2">
      <ns3:Speed>
      2.2537379301173575
    </ns3:Speed><nax:Nax>
      <nax:Pace>
      7.39512187461778
    </nax:Pace><nax:Moments>
      <nax:Halt xsi:type="nax:Halt_t" action="auto_pause">
      
    </nax:Halt>
    </nax:Moments>
    </nax:Nax>
    </TPX>
    </Extensions>
    </Trackpoint>
<Trackpoint>
      <Time>
      2024-09-05T18:05:21.500Z
    </Time><DistanceMeters>
      6.031927168369293
    </DistanceMeters><Cadence>
      158.34228515625
    </Cadence><SensorState>
      Present
    </SensorState><Extensions>
      <TPX xmlns="http://www.garmin.com/xmlschemas/ActivityExtension/v2">
      <nax:Nax>
      <nax:Moments>
      <nax:Halt xsi:type="nax:Halt_t" action="auto_pause">
      
    </nax:Halt>
    </nax:Moments>
    </nax:Nax>
    </TPX>
    </Extensions>
    </Trackpoint>
<Trackpoint>
      <Time>
      2024-09-05T18:05:22.999Z
    </Time><Position>
      <LatitudeDegrees>
      47.42718708823733
    </LatitudeDegrees><LongitudeDegrees>
      -122.2977245296192
    </LongitudeDegrees>
    </Position><AltitudeMeters>
      130.41467521339655
    </AltitudeMeters><SensorState>
      Present
    </SensorState><Extensions>
      <TPX xmlns="http://www.garmin.com/xmlschemas/ActivityExtension/v2">
      <nax:Nax>
      <nax:Moments>
      <nax:Halt xsi:type="nax:Halt_t" action="auto_pause">
      
    </nax:Halt>
    </nax:Moments>
    </nax:Nax>
    </TPX>
    </Extensions>
    </Trackpoint>
<Trackpoint>
      <Time>
      2024-09-05T18:05:23.394Z
    </Time><SensorState>
      Present
    </SensorState><Extensions>
      <TPX xmlns="http://www.garmin.com/xmlschemas/ActivityExtension/v2">
      <nax:Nax>
      <nax:DescentInMeters>
      0.020000457763671875
    </nax:DescentInMeters><nax:Moments>
      <nax:Halt xsi:type="nax:Halt_t" action="auto_pause">
      
    </nax:Halt>
    </nax:Moments>
    </nax:Nax>
    </TPX>
    </Extensions>
    </Trackpoint>
<Trackpoint>
      <Time>
      2024-09-05T18:05:24.055Z
    </Time><SensorState>
      Present
    </SensorState><Extensions>
      <TPX xmlns="http://www.garmin.com/xmlschemas/ActivityExtension/v2">
      <ns3:Speed>
      2.248257254049489
    </ns3:Speed><nax:Nax>
      <nax:Pace>
      7.413149290032179
    </nax:Pace><nax:Moments>
      <nax:Halt xsi:type="nax:Halt_t" action="auto_pause">
      
    </nax:Halt>
    </nax:Moments>
    </nax:Nax>
    </TPX>
    </Extensions>
    </Trackpoint>
<Trackpoint>
      <Time>
      2024-09-05T18:05:24.056Z
    </Time><DistanceMeters>
      5.799105122685432
    </DistanceMeters><Cadence>
      158.21927547454834
    </Cadence><SensorState>
      Present
    </SensorState><Extensions>
      <TPX xmlns="http://www.garmin.com/xmlschemas/ActivityExtension/v2">
      <nax:Nax>
      <nax:Moments>
      <nax:Halt xsi:type="nax:Halt_t" action="auto_pause">
      
    </nax:Halt>
    </nax:Moments>
    </nax:Nax>
    </TPX>
    </Extensions>
    </Trackpoint>
<Trackpoint>
      <Time>
      2024-09-05T18:05:25.000Z
    </Time><SensorState>
      Present
    </SensorState><Extensions>
      <TPX xmlns="http://www.garmin.com/xmlschemas/ActivityExtension/v2">
      <nax:Nax>
      <nax:NikeFuel>
      6.009564888551727
    </nax:NikeFuel><nax:Moments>
      <nax:Halt xsi:type="nax:Halt_t" action="auto_pause">
      
    </nax:Halt>
    </nax:Moments>
    </nax:Nax>
    </TPX>
    </Extensions>
    </Trackpoint>
<Trackpoint>
      <Time>
      2024-09-05T18:05:25.974Z
    </Time><SensorState>
      Present
    </SensorState><Extensions>
      <TPX xmlns="http://www.garmin.com/xmlschemas/ActivityExtension/v2">
      <nax:Nax>
      <nax:DescentInMeters>
      0.10000038146972656
    </nax:DescentInMeters><nax:Moments>
      <nax:Halt xsi:type="nax:Halt_t" action="auto_pause">
      
    </nax:Halt>
    </nax:Moments>
    </nax:Nax>
    </TPX>
    </Extensions>
    </Trackpoint>
<Trackpoint>
      <Time>
      2024-09-05T18:05:26.611Z
    </Time><SensorState>
      Present
    </SensorState><Extensions>
      <TPX xmlns="http://www.garmin.com/xmlschemas/ActivityExtension/v2">
      <ns3:Speed>
      2.2734803737024394
    </ns3:Speed><nax:Nax>
      <nax:Pace>
      7.330904132470886
    </nax:Pace><nax:Moments>
      <nax:Halt xsi:type="nax:Halt_t" action="auto_pause">
      
    </nax:Halt>
    </nax:Moments>
    </nax:Nax>
    </TPX>
    </Extensions>
    </Trackpoint>
<Trackpoint>
      <Time>
      2024-09-05T18:05:26.612Z
    </Time><DistanceMeters>
      6.10825727134943
    </DistanceMeters><Cadence>
      157.84719944000244
    </Cadence><SensorState>
      Present
    </SensorState><Extensions>
      <TPX xmlns="http://www.garmin.com/xmlschemas/ActivityExtension/v2">
      <nax:Nax>
      <nax:Moments>
      <nax:Halt xsi:type="nax:Halt_t" action="auto_pause">
      
    </nax:Halt>
    </nax:Moments>
    </nax:Nax>
    </TPX>
    </Extensions>
    </Trackpoint>
<Trackpoint>
      <Time>
      2024-09-05T18:05:26.892Z
    </Time><HeartRateBpm>
      <Value>
      184
    </Value>
    </HeartRateBpm><SensorState>
      Present
    </SensorState><Extensions>
      <TPX xmlns="http://www.garmin.com/xmlschemas/ActivityExtension/v2">
      <nax:Nax>
      <nax:Moments>
      <nax:Halt xsi:type="nax:Halt_t" action="auto_pause">
      
    </nax:Halt>
    </nax:Moments>
    </nax:Nax>
    </TPX>
    </Extensions>
    </Trackpoint>
<Trackpoint>
      <Time>
      2024-09-05T18:05:27.999Z
    </Time><Position>
      <LatitudeDegrees>
      47.427293920273925
    </LatitudeDegrees><LongitudeDegrees>
      -122.29772413218961
    </LongitudeDegrees>
    </Position><AltitudeMeters>
      131.25532725267112
    </AltitudeMeters><SensorState>
      Present
    </SensorState><Extensions>
      <TPX xmlns="http://www.garmin.com/xmlschemas/ActivityExtension/v2">
      <nax:Nax>
      <nax:Moments>
      <nax:Halt xsi:type="nax:Halt_t" action="auto_pause">
      
    </nax:Halt>
    </nax:Moments>
    </nax:Nax>
    </TPX>
    </Extensions>
    </Trackpoint>
<Trackpoint>
      <Time>
      2024-09-05T18:05:28.554Z
    </Time><SensorState>
      Present
    </SensorState><Extensions>
      <TPX xmlns="http://www.garmin.com/xmlschemas/ActivityExtension/v2">
      <nax:Nax>
      <nax:DescentInMeters>
      0.06999969482421875
    </nax:DescentInMeters><nax:Moments>
      <nax:Halt xsi:type="nax:Halt_t" action="auto_pause">
      
    </nax:Halt>
    </nax:Moments>
    </nax:Nax>
    </TPX>
    </Extensions>
    </Trackpoint>
<Trackpoint>
      <Time>
      2024-09-05T18:05:29.166Z
    </Time><DistanceMeters>
      5.886776564642787
    </DistanceMeters><SensorState>
      Present
    </SensorState><Extensions>
      <TPX xmlns="http://www.garmin.com/xmlschemas/ActivityExtension/v2">
      <ns3:Speed>
      2.266940838017413
    </ns3:Speed><nax:Nax>
      <nax:Pace>
      7.35205188735439
    </nax:Pace><nax:Moments>
      <nax:Halt xsi:type="nax:Halt_t" action="auto_pause">
      
    </nax:Halt>
    </nax:Moments>
    </nax:Nax>
    </TPX>
    </Extensions>
    </Trackpoint>
<Trackpoint>
      <Time>
      2024-09-05T18:05:29.167Z
    </Time><Cadence>
      157.90918350219727
    </Cadence><SensorState>
      Present
    </SensorState><Extensions>
      <TPX xmlns="http://www.garmin.com/xmlschemas/ActivityExtension/v2">
      <nax:Nax>
      <nax:Moments>
      <nax:Halt xsi:type="nax:Halt_t" action="auto_pause">
      
    </nax:Halt>
    </nax:Moments>
    </nax:Nax>
    </TPX>
    </Extensions>
    </Trackpoint>
<Trackpoint>
      <Time>
      2024-09-05T18:05:31.137Z
    </Time><SensorState>
      Present
    </SensorState><Extensions>
      <TPX xmlns="http://www.garmin.com/xmlschemas/ActivityExtension/v2">
      <nax:Nax>
      <nax:DescentInMeters>
      0.03999900817871094
    </nax:DescentInMeters><nax:Moments>
      <nax:Halt xsi:type="nax:Halt_t" action="auto_pause">
      
    </nax:Halt>
    </nax:Moments>
    </nax:Nax>
    </TPX>
    </Extensions>
    </Trackpoint>
<Trackpoint>
      <Time>
      2024-09-05T18:05:31.722Z
    </Time><SensorState>
      Present
    </SensorState><Extensions>
      <TPX xmlns="http://www.garmin.com/xmlschemas/ActivityExtension/v2">
      <ns3:Speed>
      2.2675310404570945
    </ns3:Speed><nax:Nax>
      <nax:Pace>
      7.350138264615314
    </nax:Pace><nax:Moments>
      <nax:Halt xsi:type="nax:Halt_t" action="auto_pause">
      
    </nax:Halt>
    </nax:Moments>
    </nax:Nax>
    </TPX>
    </Extensions>
    </Trackpoint>
<Trackpoint>
      <Time>
      2024-09-05T18:05:31.723Z
    </Time><DistanceMeters>
      7.502054561860859
    </DistanceMeters><Cadence>
      157.7854871749878
    </Cadence><SensorState>
      Present
    </SensorState><Extensions>
      <TPX xmlns="http://www.garmin.com/xmlschemas/ActivityExtension/v2">
      <nax:Nax>
      <nax:Moments>
      <nax:Halt xsi:type="nax:Halt_t" action="auto_pause">
      
    </nax:Halt>
    </nax:Moments>
    </nax:Nax>
    </TPX>
    </Extensions>
    </Trackpoint>
<Trackpoint>
      <Time>
      2024-09-05T18:05:31.892Z
    </Time><HeartRateBpm>
      <Value>
      186
    </Value>
    </HeartRateBpm><SensorState>
      Present
    </SensorState><Extensions>
      <TPX xmlns="http://www.garmin.com/xmlschemas/ActivityExtension/v2">
      <nax:Nax>
      <nax:Moments>
      <nax:Halt xsi:type="nax:Halt_t" action="auto_pause">
      
    </nax:Halt>
    </nax:Moments>
    </nax:Nax>
    </TPX>
    </Extensions>
    </Trackpoint>
<Trackpoint>
      <Time>
      2024-09-05T18:05:31.999Z
    </Time><Position>
      <LatitudeDegrees>
      47.42738815454228
    </LatitudeDegrees><LongitudeDegrees>
      -122.29771889012447
    </LongitudeDegrees>
    </Position><AltitudeMeters>
      130.42887739371508
    </AltitudeMeters><SensorState>
      Present
    </SensorState><Extensions>
      <TPX xmlns="http://www.garmin.com/xmlschemas/ActivityExtension/v2">
      <nax:Nax>
      <nax:Moments>
      <nax:Halt xsi:type="nax:Halt_t" action="auto_pause">
      
    </nax:Halt>
    </nax:Moments>
    </nax:Nax>
    </TPX>
    </Extensions>
    </Trackpoint>
<Trackpoint>
      <Time>
      2024-09-05T18:05:33.717Z
    </Time><SensorState>
      Present
    </SensorState><Extensions>
      <TPX xmlns="http://www.garmin.com/xmlschemas/ActivityExtension/v2">
      <nax:Nax>
      <nax:DescentInMeters>
      0.020000457763671875
    </nax:DescentInMeters><nax:Moments>
      <nax:Halt xsi:type="nax:Halt_t" action="auto_pause">
      
    </nax:Halt>
    </nax:Moments>
    </nax:Nax>
    </TPX>
    </Extensions>
    </Trackpoint>
<Trackpoint>
      <Time>
      2024-09-05T18:05:33.892Z
    </Time><HeartRateBpm>
      <Value>
      186
    </Value>
    </HeartRateBpm><SensorState>
      Present
    </SensorState><Extensions>
      <TPX xmlns="http://www.garmin.com/xmlschemas/ActivityExtension/v2">
      <nax:Nax>
      <nax:Moments>
      <nax:Halt xsi:type="nax:Halt_t" action="auto_pause">
      
    </nax:Halt>
    </nax:Moments>
    </nax:Nax>
    </TPX>
    </Extensions>
    </Trackpoint>
<Trackpoint>
      <Time>
      2024-09-05T18:05:34.278Z
    </Time><SensorState>
      Present
    </SensorState><Extensions>
      <TPX xmlns="http://www.garmin.com/xmlschemas/ActivityExtension/v2">
      <ns3:Speed>
      2.296305682145662
    </ns3:Speed><nax:Nax>
      <nax:Pace>
      7.258034849738898
    </nax:Pace><nax:Moments>
      <nax:Halt xsi:type="nax:Halt_t" action="auto_pause">
      
    </nax:Halt>
    </nax:Moments>
    </nax:Nax>
    </TPX>
    </Extensions>
    </Trackpoint>
<Trackpoint>
      <Time>
      2024-09-05T18:05:34.279Z
    </Time><DistanceMeters>
      6.667445129714906
    </DistanceMeters><Cadence>
      157.7854871749878
    </Cadence><SensorState>
      Present
    </SensorState><Extensions>
      <TPX xmlns="http://www.garmin.com/xmlschemas/ActivityExtension/v2">
      <nax:Nax>
      <nax:Moments>
      <nax:Halt xsi:type="nax:Halt_t" action="auto_pause">
      
    </nax:Halt>
    </nax:Moments>
    </nax:Nax>
    </TPX>
    </Extensions>
    </Trackpoint>
<Trackpoint>
      <Time>
      2024-09-05T18:05:35.000Z
    </Time><SensorState>
      Present
    </SensorState><Extensions>
      <TPX xmlns="http://www.garmin.com/xmlschemas/ActivityExtension/v2">
      <nax:Nax>
      <nax:NikeFuel>
      6.307405503409357
    </nax:NikeFuel><nax:Moments>
      <nax:Halt xsi:type="nax:Halt_t" action="auto_pause">
      
    </nax:Halt>
    </nax:Moments>
    </nax:Nax>
    </TPX>
    </Extensions>
    </Trackpoint>
<Trackpoint>
      <Time>
      2024-09-05T18:05:35.999Z
    </Time><Position>
      <LatitudeDegrees>
      47.42748226453131
    </LatitudeDegrees><LongitudeDegrees>
      -122.29772034788495
    </LongitudeDegrees>
    </Position><AltitudeMeters>
      131.600043178536
    </AltitudeMeters><SensorState>
      Present
    </SensorState><Extensions>
      <TPX xmlns="http://www.garmin.com/xmlschemas/ActivityExtension/v2">
      <nax:Nax>
      <nax:Moments>
      <nax:Halt xsi:type="nax:Halt_t" action="auto_pause">
      
    </nax:Halt>
    </nax:Moments>
    </nax:Nax>
    </TPX>
    </Extensions>
    </Trackpoint>
<Trackpoint>
      <Time>
      2024-09-05T18:05:36.834Z
    </Time><SensorState>
      Present
    </SensorState><Extensions>
      <TPX xmlns="http://www.garmin.com/xmlschemas/ActivityExtension/v2">
      <ns3:Speed>
      2.339359188655786
    </ns3:Speed><nax:Nax>
      <nax:Pace>
      7.124458162512214
    </nax:Pace><nax:Moments>
      <nax:Halt xsi:type="nax:Halt_t" action="auto_pause">
      
    </nax:Halt>
    </nax:Moments>
    </nax:Nax>
    </TPX>
    </Extensions>
    </Trackpoint>
<Trackpoint>
      <Time>
      2024-09-05T18:05:36.835Z
    </Time><DistanceMeters>
      7.520832142792642
    </DistanceMeters><Cadence>
      157.7854871749878
    </Cadence><SensorState>
      Present
    </SensorState><Extensions>
      <TPX xmlns="http://www.garmin.com/xmlschemas/ActivityExtension/v2">
      <nax:Nax>
      <nax:Moments>
      <nax:Halt xsi:type="nax:Halt_t" action="auto_pause">
      
    </nax:Halt>
    </nax:Moments>
    </nax:Nax>
    </TPX>
    </Extensions>
    </Trackpoint>
<Trackpoint>
      <Time>
      2024-09-05T18:05:38.880Z
    </Time><SensorState>
      Present
    </SensorState><Extensions>
      <TPX xmlns="http://www.garmin.com/xmlschemas/ActivityExtension/v2">
      <nax:Nax>
      <nax:DescentInMeters>
      0.07999992370605469
    </nax:DescentInMeters><nax:Moments>
      <nax:Halt xsi:type="nax:Halt_t" action="auto_pause">
      
    </nax:Halt>
    </nax:Moments>
    </nax:Nax>
    </TPX>
    </Extensions>
    </Trackpoint>
<Trackpoint>
      <Time>
      2024-09-05T18:05:38.892Z
    </Time><HeartRateBpm>
      <Value>
      185
    </Value>
    </HeartRateBpm><SensorState>
      Present
    </SensorState><Extensions>
      <TPX xmlns="http://www.garmin.com/xmlschemas/ActivityExtension/v2">
      <nax:Nax>
      <nax:Moments>
      <nax:Halt xsi:type="nax:Halt_t" action="auto_pause">
      
    </nax:Halt>
    </nax:Moments>
    </nax:Nax>
    </TPX>
    </Extensions>
    </Trackpoint>
<Trackpoint>
      <Time>
      2024-09-05T18:05:39.389Z
    </Time><DistanceMeters>
      6.442793565802276
    </DistanceMeters><SensorState>
      Present
    </SensorState><Extensions>
      <TPX xmlns="http://www.garmin.com/xmlschemas/ActivityExtension/v2">
      <ns3:Speed>
      2.4106064631671673
    </ns3:Speed><nax:Nax>
      <nax:Pace>
      6.913889480230308
    </nax:Pace><nax:Moments>
      <nax:Halt xsi:type="nax:Halt_t" action="auto_pause">
      
    </nax:Halt>
    </nax:Moments>
    </nax:Nax>
    </TPX>
    </Extensions>
    </Trackpoint>
<Trackpoint>
      <Time>
      2024-09-05T18:05:39.390Z
    </Time><Cadence>
      157.84741401672363
    </Cadence><SensorState>
      Present
    </SensorState><Extensions>
      <TPX xmlns="http://www.garmin.com/xmlschemas/ActivityExtension/v2">
      <nax:Nax>
      <nax:Moments>
      <nax:Halt xsi:type="nax:Halt_t" action="auto_pause">
      
    </nax:Halt>
    </nax:Moments>
    </nax:Nax>
    </TPX>
    </Extensions>
    </Trackpoint>
<Trackpoint>
      <Time>
      2024-09-05T18:05:39.999Z
    </Time><Position>
      <LatitudeDegrees>
      47.4275776210565
    </LatitudeDegrees><LongitudeDegrees>
      -122.29772695088552
    </LongitudeDegrees>
    </Position><AltitudeMeters>
      131.86523446813226
    </AltitudeMeters><SensorState>
      Present
    </SensorState><Extensions>
      <TPX xmlns="http://www.garmin.com/xmlschemas/ActivityExtension/v2">
      <nax:Nax>
      <nax:Moments>
      <nax:Halt xsi:type="nax:Halt_t" action="auto_pause">
      
    </nax:Halt>
    </nax:Moments>
    </nax:Nax>
    </TPX>
    </Extensions>
    </Trackpoint>
<Trackpoint>
      <Time>
      2024-09-05T18:05:41.461Z
    </Time><SensorState>
      Present
    </SensorState><Extensions>
      <TPX xmlns="http://www.garmin.com/xmlschemas/ActivityExtension/v2">
      <nax:Nax>
      <nax:DescentInMeters>
      0.05000114440917969
    </nax:DescentInMeters><nax:Moments>
      <nax:Halt xsi:type="nax:Halt_t" action="auto_pause">
      
    </nax:Halt>
    </nax:Moments>
    </nax:Nax>
    </TPX>
    </Extensions>
    </Trackpoint>
<Trackpoint>
      <Time>
      2024-09-05T18:05:41.945Z
    </Time><SensorState>
      Present
    </SensorState><Extensions>
      <TPX xmlns="http://www.garmin.com/xmlschemas/ActivityExtension/v2">
      <ns3:Speed>
      2.422386727707961
    </ns3:Speed><nax:Nax>
      <nax:Pace>
      6.880266670894661
    </nax:Pace><nax:Moments>
      <nax:Halt xsi:type="nax:Halt_t" action="auto_pause">
      
    </nax:Halt>
    </nax:Moments>
    </nax:Nax>
    </TPX>
    </Extensions>
    </Trackpoint>
<Trackpoint>
      <Time>
      2024-09-05T18:05:41.946Z
    </Time><DistanceMeters>
      5.157625375315547
    </DistanceMeters><Cadence>
      157.97131061553955
    </Cadence><SensorState>
      Present
    </SensorState><Extensions>
      <TPX xmlns="http://www.garmin.com/xmlschemas/ActivityExtension/v2">
      <nax:Nax>
      <nax:Moments>
      <nax:Halt xsi:type="nax:Halt_t" action="auto_pause">
      
    </nax:Halt>
    </nax:Moments>
    </nax:Nax>
    </TPX>
    </Extensions>
    </Trackpoint>
<Trackpoint>
      <Time>
      2024-09-05T18:05:44.000Z
    </Time><Position>
      <LatitudeDegrees>
      47.42766835947995
    </LatitudeDegrees><LongitudeDegrees>
      -122.29774170746144
    </LongitudeDegrees>
    </Position><AltitudeMeters>
      130.3520282851532
    </AltitudeMeters><SensorState>
      Present
    </SensorState><Extensions>
      <TPX xmlns="http://www.garmin.com/xmlschemas/ActivityExtension/v2">
      <nax:Nax>
      <nax:Moments>
      <nax:Halt xsi:type="nax:Halt_t" action="auto_pause">
      
    </nax:Halt>
    </nax:Moments>
    </nax:Nax>
    </TPX>
    </Extensions>
    </Trackpoint>
<Trackpoint>
      <Time>
      2024-09-05T18:05:44.041Z
    </Time><SensorState>
      Present
    </SensorState><Extensions>
      <TPX xmlns="http://www.garmin.com/xmlschemas/ActivityExtension/v2">
      <nax:Nax>
      <nax:DescentInMeters>
      0.029998779296875
    </nax:DescentInMeters><nax:Moments>
      <nax:Halt xsi:type="nax:Halt_t" action="auto_pause">
      
    </nax:Halt>
    </nax:Moments>
    </nax:Nax>
    </TPX>
    </Extensions>
    </Trackpoint>
<Trackpoint>
      <Time>
      2024-09-05T18:05:44.501Z
    </Time><DistanceMeters>
      7.1876555578783154
    </DistanceMeters><SensorState>
      Present
    </SensorState><Extensions>
      <TPX xmlns="http://www.garmin.com/xmlschemas/ActivityExtension/v2">
      <ns3:Speed>
      2.421573643336915
    </ns3:Speed><nax:Nax>
      <nax:Pace>
      6.882576836977831
    </nax:Pace><nax:Moments>
      <nax:Halt xsi:type="nax:Halt_t" action="auto_pause">
      
    </nax:Halt>
    </nax:Moments>
    </nax:Nax>
    </TPX>
    </Extensions>
    </Trackpoint>
<Trackpoint>
      <Time>
      2024-09-05T18:05:44.502Z
    </Time><Cadence>
      157.97141075134277
    </Cadence><SensorState>
      Present
    </SensorState><Extensions>
      <TPX xmlns="http://www.garmin.com/xmlschemas/ActivityExtension/v2">
      <nax:Nax>
      <nax:Moments>
      <nax:Halt xsi:type="nax:Halt_t" action="auto_pause">
      
    </nax:Halt>
    </nax:Moments>
    </nax:Nax>
    </TPX>
    </Extensions>
    </Trackpoint>
<Trackpoint>
      <Time>
      2024-09-05T18:05:45.000Z
    </Time><SensorState>
      Present
    </SensorState><Extensions>
      <TPX xmlns="http://www.garmin.com/xmlschemas/ActivityExtension/v2">
      <nax:Nax>
      <nax:NikeFuel>
      6.467099749768906
    </nax:NikeFuel><nax:Moments>
      <nax:Halt xsi:type="nax:Halt_t" action="auto_pause">
      
    </nax:Halt>
    </nax:Moments>
    </nax:Nax>
    </TPX>
    </Extensions>
    </Trackpoint>
<Trackpoint>
      <Time>
      2024-09-05T18:05:45.892Z
    </Time><HeartRateBpm>
      <Value>
      186
    </Value>
    </HeartRateBpm><SensorState>
      Present
    </SensorState><Extensions>
      <TPX xmlns="http://www.garmin.com/xmlschemas/ActivityExtension/v2">
      <nax:Nax>
      <nax:Moments>
      <nax:Halt xsi:type="nax:Halt_t" action="auto_pause">
      
    </nax:Halt>
    </nax:Moments>
    </nax:Nax>
    </TPX>
    </Extensions>
    </Trackpoint>
<Trackpoint>
      <Time>
      2024-09-05T18:05:46.623Z
    </Time><SensorState>
      Present
    </SensorState><Extensions>
      <TPX xmlns="http://www.garmin.com/xmlschemas/ActivityExtension/v2">
      <nax:Nax>
      <nax:DescentInMeters>
      0.13000106811523438
    </nax:DescentInMeters><nax:Moments>
      <nax:Halt xsi:type="nax:Halt_t" action="auto_pause">
      
    </nax:Halt>
    </nax:Moments>
    </nax:Nax>
    </TPX>
    </Extensions>
    </Trackpoint>
<Trackpoint>
      <Time>
      2024-09-05T18:05:47.057Z
    </Time><SensorState>
      Present
    </SensorState><Extensions>
      <TPX xmlns="http://www.garmin.com/xmlschemas/ActivityExtension/v2">
      <ns3:Speed>
      2.453783497108439
    </ns3:Speed><nax:Nax>
      <nax:Pace>
      6.792231949683752
    </nax:Pace><nax:Moments>
      <nax:Halt xsi:type="nax:Halt_t" action="auto_pause">
      
    </nax:Halt>
    </nax:Moments>
    </nax:Nax>
    </TPX>
    </Extensions>
    </Trackpoint>
<Trackpoint>
      <Time>
      2024-09-05T18:05:47.058Z
    </Time><DistanceMeters>
      6.2885756874457
    </DistanceMeters><Cadence>
      158.15759181976318
    </Cadence><SensorState>
      Present
    </SensorState><Extensions>
      <TPX xmlns="http://www.garmin.com/xmlschemas/ActivityExtension/v2">
      <nax:Nax>
      <nax:Moments>
      <nax:Halt xsi:type="nax:Halt_t" action="auto_pause">
      
    </nax:Halt>
    </nax:Moments>
    </nax:Nax>
    </TPX>
    </Extensions>
    </Trackpoint>
<Trackpoint>
      <Time>
      2024-09-05T18:05:49.000Z
    </Time><Position>
      <LatitudeDegrees>
      47.42778178233807
    </LatitudeDegrees><LongitudeDegrees>
      -122.29772998807249
    </LongitudeDegrees>
    </Position><AltitudeMeters>
      131.5725004496053
    </AltitudeMeters><SensorState>
      Present
    </SensorState><Extensions>
      <TPX xmlns="http://www.garmin.com/xmlschemas/ActivityExtension/v2">
      <nax:Nax>
      <nax:Moments>
      <nax:Halt xsi:type="nax:Halt_t" action="auto_pause">
      
    </nax:Halt>
    </nax:Moments>
    </nax:Nax>
    </TPX>
    </Extensions>
    </Trackpoint>
<Trackpoint>
      <Time>
      2024-09-05T18:05:49.204Z
    </Time><SensorState>
      Present
    </SensorState><Extensions>
      <TPX xmlns="http://www.garmin.com/xmlschemas/ActivityExtension/v2">
      <nax:Nax>
      <nax:DescentInMeters>
      0.05999946594238281
    </nax:DescentInMeters><nax:Moments>
      <nax:Halt xsi:type="nax:Halt_t" action="auto_pause">
      
    </nax:Halt>
    </nax:Moments>
    </nax:Nax>
    </TPX>
    </Extensions>
    </Trackpoint>
<Trackpoint>
      <Time>
      2024-09-05T18:05:49.612Z
    </Time><SensorState>
      Present
    </SensorState><Extensions>
      <TPX xmlns="http://www.garmin.com/xmlschemas/ActivityExtension/v2">
      <ns3:Speed>
      2.45282018443305
    </ns3:Speed><nax:Nax>
      <nax:Pace>
      6.7948995089173385
    </nax:Pace><nax:Moments>
      <nax:Halt xsi:type="nax:Halt_t" action="auto_pause">
      
    </nax:Halt>
    </nax:Moments>
    </nax:Nax>
    </TPX>
    </Extensions>
    </Trackpoint>
<Trackpoint>
      <Time>
      2024-09-05T18:05:49.613Z
    </Time><DistanceMeters>
      7.292953085154295
    </DistanceMeters><Cadence>
      158.0335235595703
    </Cadence><SensorState>
      Present
    </SensorState><Extensions>
      <TPX xmlns="http://www.garmin.com/xmlschemas/ActivityExtension/v2">
      <nax:Nax>
      <nax:Moments>
      <nax:Halt xsi:type="nax:Halt_t" action="auto_pause">
      
    </nax:Halt>
    </nax:Moments>
    </nax:Nax>
    </TPX>
    </Extensions>
    </Trackpoint>
<Trackpoint>
      <Time>
      2024-09-05T18:05:51.784Z
    </Time><SensorState>
      Present
    </SensorState><Extensions>
      <TPX xmlns="http://www.garmin.com/xmlschemas/ActivityExtension/v2">
      <nax:Nax>
      <nax:DescentInMeters>
      0.1100006103515625
    </nax:DescentInMeters><nax:Moments>
      <nax:Halt xsi:type="nax:Halt_t" action="auto_pause">
      
    </nax:Halt>
    </nax:Moments>
    </nax:Nax>
    </TPX>
    </Extensions>
    </Trackpoint>
<Trackpoint>
      <Time>
      2024-09-05T18:05:52.168Z
    </Time><SensorState>
      Present
    </SensorState><Extensions>
      <TPX xmlns="http://www.garmin.com/xmlschemas/ActivityExtension/v2">
      <ns3:Speed>
      2.473879999891377
    </ns3:Speed><nax:Nax>
      <nax:Pace>
      6.737055422008531
    </nax:Pace><nax:Moments>
      <nax:Halt xsi:type="nax:Halt_t" action="auto_pause">
      
    </nax:Halt>
    </nax:Moments>
    </nax:Nax>
    </TPX>
    </Extensions>
    </Trackpoint>
<Trackpoint>
      <Time>
      2024-09-05T18:05:52.169Z
    </Time><DistanceMeters>
      5.498381754383445
    </DistanceMeters><Cadence>
      158.1577205657959
    </Cadence><SensorState>
      Present
    </SensorState><Extensions>
      <TPX xmlns="http://www.garmin.com/xmlschemas/ActivityExtension/v2">
      <nax:Nax>
      <nax:Moments>
      <nax:Halt xsi:type="nax:Halt_t" action="auto_pause">
      
    </nax:Halt>
    </nax:Moments>
    </nax:Nax>
    </TPX>
    </Extensions>
    </Trackpoint>
<Trackpoint>
      <Time>
      2024-09-05T18:05:52.892Z
    </Time><HeartRateBpm>
      <Value>
      186
    </Value>
    </HeartRateBpm><SensorState>
      Present
    </SensorState><Extensions>
      <TPX xmlns="http://www.garmin.com/xmlschemas/ActivityExtension/v2">
      <nax:Nax>
      <nax:Moments>
      <nax:Halt xsi:type="nax:Halt_t" action="auto_pause">
      
    </nax:Halt>
    </nax:Moments>
    </nax:Nax>
    </TPX>
    </Extensions>
    </Trackpoint>
<Trackpoint>
      <Time>
      2024-09-05T18:05:53.000Z
    </Time><Position>
      <LatitudeDegrees>
      47.42787664053812
    </LatitudeDegrees><LongitudeDegrees>
      -122.29774314265349
    </LongitudeDegrees>
    </Position><AltitudeMeters>
      131.1716432068497
    </AltitudeMeters><SensorState>
      Present
    </SensorState><Extensions>
      <TPX xmlns="http://www.garmin.com/xmlschemas/ActivityExtension/v2">
      <nax:Nax>
      <nax:Moments>
      <nax:Halt xsi:type="nax:Halt_t" action="auto_pause">
      
    </nax:Halt>
    </nax:Moments>
    </nax:Nax>
    </TPX>
    </Extensions>
    </Trackpoint>
<Trackpoint>
      <Time>
      2024-09-05T18:05:54.366Z
    </Time><SensorState>
      Present
    </SensorState><Extensions>
      <TPX xmlns="http://www.garmin.com/xmlschemas/ActivityExtension/v2">
      <nax:Nax>
      <nax:DescentInMeters>
      0.10999870300292969
    </nax:DescentInMeters><nax:Moments>
      <nax:Halt xsi:type="nax:Halt_t" action="auto_pause">
      
    </nax:Halt>
    </nax:Moments>
    </nax:Nax>
    </TPX>
    </Extensions>
    </Trackpoint>
<Trackpoint>
      <Time>
      2024-09-05T18:05:54.724Z
    </Time><SensorState>
      Present
    </SensorState><Extensions>
      <TPX xmlns="http://www.garmin.com/xmlschemas/ActivityExtension/v2">
      <ns3:Speed>
      2.4759893966911037
    </ns3:Speed><nax:Nax>
      <nax:Pace>
      6.7313158485007625
    </nax:Pace><nax:Moments>
      <nax:Halt xsi:type="nax:Halt_t" action="auto_pause">
      
    </nax:Halt>
    </nax:Moments>
    </nax:Nax>
    </TPX>
    </Extensions>
    </Trackpoint>
<Trackpoint>
      <Time>
      2024-09-05T18:05:54.725Z
    </Time><DistanceMeters>
      5.8745853416621685
    </DistanceMeters><Cadence>
      158.28208923339844
    </Cadence><SensorState>
      Present
    </SensorState><Extensions>
      <TPX xmlns="http://www.garmin.com/xmlschemas/ActivityExtension/v2">
      <nax:Nax>
      <nax:Moments>
      <nax:Halt xsi:type="nax:Halt_t" action="auto_pause">
      
    </nax:Halt>
    </nax:Moments>
    </nax:Nax>
    </TPX>
    </Extensions>
    </Trackpoint>
<Trackpoint>
      <Time>
      2024-09-05T18:05:55.000Z
    </Time><SensorState>
      Present
    </SensorState><Extensions>
      <TPX xmlns="http://www.garmin.com/xmlschemas/ActivityExtension/v2">
      <nax:Nax>
      <nax:NikeFuel>
      6.470237784707445
    </nax:NikeFuel><nax:Moments>
      <nax:Halt xsi:type="nax:Halt_t" action="auto_pause">
      
    </nax:Halt>
    </nax:Moments>
    </nax:Nax>
    </TPX>
    </Extensions>
    </Trackpoint>
<Trackpoint>
      <Time>
      2024-09-05T18:05:56.947Z
    </Time><SensorState>
      Present
    </SensorState><Extensions>
      <TPX xmlns="http://www.garmin.com/xmlschemas/ActivityExtension/v2">
      <nax:Nax>
      <nax:DescentInMeters>
      0.020000457763671875
    </nax:DescentInMeters><nax:Moments>
      <nax:Halt xsi:type="nax:Halt_t" action="auto_pause">
      
    </nax:Halt>
    </nax:Moments>
    </nax:Nax>
    </TPX>
    </Extensions>
    </Trackpoint>
<Trackpoint>
      <Time>
      2024-09-05T18:05:57.280Z
    </Time><SensorState>
      Present
    </SensorState><Extensions>
      <TPX xmlns="http://www.garmin.com/xmlschemas/ActivityExtension/v2">
      <ns3:Speed>
      2.4530987188909457
    </ns3:Speed><nax:Nax>
      <nax:Pace>
      6.79412798935451
    </nax:Pace><nax:Moments>
      <nax:Halt xsi:type="nax:Halt_t" action="auto_pause">
      
    </nax:Halt>
    </nax:Moments>
    </nax:Nax>
    </TPX>
    </Extensions>
    </Trackpoint>
<Trackpoint>
      <Time>
      2024-09-05T18:05:57.281Z
    </Time><DistanceMeters>
      6.61680899001658
    </DistanceMeters><Cadence>
      158.34438800811768
    </Cadence><SensorState>
      Present
    </SensorState><Extensions>
      <TPX xmlns="http://www.garmin.com/xmlschemas/ActivityExtension/v2">
      <nax:Nax>
      <nax:Moments>
      <nax:Halt xsi:type="nax:Halt_t" action="auto_pause">
      
    </nax:Halt>
    </nax:Moments>
    </nax:Nax>
    </TPX>
    </Extensions>
    </Trackpoint>
<Trackpoint>
      <Time>
      2024-09-05T18:05:57.892Z
    </Time><HeartRateBpm>
      <Value>
      186
    </Value>
    </HeartRateBpm><SensorState>
      Present
    </SensorState><Extensions>
      <TPX xmlns="http://www.garmin.com/xmlschemas/ActivityExtension/v2">
      <nax:Nax>
      <nax:Moments>
      <nax:Halt xsi:type="nax:Halt_t" action="auto_pause">
      
    </nax:Halt>
    </nax:Moments>
    </nax:Nax>
    </TPX>
    </Extensions>
    </Trackpoint>
<Trackpoint>
      <Time>
      2024-09-05T18:05:58.000Z
    </Time><Position>
      <LatitudeDegrees>
      47.42797885669269
    </LatitudeDegrees><LongitudeDegrees>
      -122.29776281974758
    </LongitudeDegrees>
    </Position><AltitudeMeters>
      131.60165382362902
    </AltitudeMeters><SensorState>
      Present
    </SensorState><Extensions>
      <TPX xmlns="http://www.garmin.com/xmlschemas/ActivityExtension/v2">
      <nax:Nax>
      <nax:Moments>
      <nax:Halt xsi:type="nax:Halt_t" action="auto_pause">
      
    </nax:Halt>
    </nax:Moments>
    </nax:Nax>
    </TPX>
    </Extensions>
    </Trackpoint>
<Trackpoint>
      <Time>
      2024-09-05T18:05:59.528Z
    </Time><SensorState>
      Present
    </SensorState><Extensions>
      <TPX xmlns="http://www.garmin.com/xmlschemas/ActivityExtension/v2">
      <nax:Nax>
      <nax:DescentInMeters>
      0.06999969482421875
    </nax:DescentInMeters><nax:Moments>
      <nax:Halt xsi:type="nax:Halt_t" action="auto_pause">
      
    </nax:Halt>
    </nax:Moments>
    </nax:Nax>
    </TPX>
    </Extensions>
    </Trackpoint>
<Trackpoint>
      <Time>
      2024-09-05T18:05:59.835Z
    </Time><SensorState>
      Present
    </SensorState><Extensions>
      <TPX xmlns="http://www.garmin.com/xmlschemas/ActivityExtension/v2">
      <ns3:Speed>
      2.457757205708918
    </ns3:Speed><nax:Nax>
      <nax:Pace>
      6.7812502504124765
    </nax:Pace><nax:Moments>
      <nax:Halt xsi:type="nax:Halt_t" action="auto_pause">
      
    </nax:Halt>
    </nax:Moments>
    </nax:Nax>
    </TPX>
    </Extensions>
    </Trackpoint>
<Trackpoint>
      <Time>
      2024-09-05T18:05:59.836Z
    </Time><DistanceMeters>
      7.36169068235904
    </DistanceMeters><Cadence>
      158.40672969818115
    </Cadence><SensorState>
      Present
    </SensorState><Extensions>
      <TPX xmlns="http://www.garmin.com/xmlschemas/ActivityExtension/v2">
      <nax:Nax>
      <nax:Moments>
      <nax:Halt xsi:type="nax:Halt_t" action="auto_pause">
      
    </nax:Halt>
    </nax:Moments>
    </nax:Nax>
    </TPX>
    </Extensions>
    </Trackpoint>
<Trackpoint>
      <Time>
      2024-09-05T18:06:02.000Z
    </Time><Position>
      <LatitudeDegrees>
      47.4280779689503
    </LatitudeDegrees><LongitudeDegrees>
      -122.29776182100149
    </LongitudeDegrees>
    </Position><AltitudeMeters>
      130.72876790352166
    </AltitudeMeters><SensorState>
      Present
    </SensorState><Extensions>
      <TPX xmlns="http://www.garmin.com/xmlschemas/ActivityExtension/v2">
      <nax:Nax>
      <nax:Moments>
      <nax:Halt xsi:type="nax:Halt_t" action="auto_pause">
      
    </nax:Halt>
    </nax:Moments>
    </nax:Nax>
    </TPX>
    </Extensions>
    </Trackpoint>
<Trackpoint>
      <Time>
      2024-09-05T18:06:02.109Z
    </Time><SensorState>
      Present
    </SensorState><Extensions>
      <TPX xmlns="http://www.garmin.com/xmlschemas/ActivityExtension/v2">
      <nax:Nax>
      <nax:DescentInMeters>
      0.15999984741210938
    </nax:DescentInMeters><nax:Moments>
      <nax:Halt xsi:type="nax:Halt_t" action="auto_pause">
      
    </nax:Halt>
    </nax:Moments>
    </nax:Nax>
    </TPX>
    </Extensions>
    </Trackpoint>
<Trackpoint>
      <Time>
      2024-09-05T18:06:02.391Z
    </Time><SensorState>
      Present
    </SensorState><Extensions>
      <TPX xmlns="http://www.garmin.com/xmlschemas/ActivityExtension/v2">
      <ns3:Speed>
      2.484589302865729
    </ns3:Speed><nax:Nax>
      <nax:Pace>
      6.708016752484327
    </nax:Pace><nax:Moments>
      <nax:Halt xsi:type="nax:Halt_t" action="auto_pause">
      
    </nax:Halt>
    </nax:Moments>
    </nax:Nax>
    </TPX>
    </Extensions>
    </Trackpoint>
<Trackpoint>
      <Time>
      2024-09-05T18:06:02.392Z
    </Time><DistanceMeters>
      6.292691530659795
    </DistanceMeters><Cadence>
      158.4049415588379
    </Cadence><SensorState>
      Present
    </SensorState><Extensions>
      <TPX xmlns="http://www.garmin.com/xmlschemas/ActivityExtension/v2">
      <nax:Nax>
      <nax:Moments>
      <nax:Halt xsi:type="nax:Halt_t" action="auto_pause">
      
    </nax:Halt>
    </nax:Moments>
    </nax:Nax>
    </TPX>
    </Extensions>
    </Trackpoint>
<Trackpoint>
      <Time>
      2024-09-05T18:06:02.892Z
    </Time><HeartRateBpm>
      <Value>
      186
    </Value>
    </HeartRateBpm><SensorState>
      Present
    </SensorState><Extensions>
      <TPX xmlns="http://www.garmin.com/xmlschemas/ActivityExtension/v2">
      <nax:Nax>
      <nax:Moments>
      <nax:Halt xsi:type="nax:Halt_t" action="auto_pause">
      
    </nax:Halt>
    </nax:Moments>
    </nax:Nax>
    </TPX>
    </Extensions>
    </Trackpoint>
<Trackpoint>
      <Time>
      2024-09-05T18:06:04.690Z
    </Time><SensorState>
      Present
    </SensorState><Extensions>
      <TPX xmlns="http://www.garmin.com/xmlschemas/ActivityExtension/v2">
      <nax:Nax>
      <nax:DescentInMeters>
      0.12000083923339844
    </nax:DescentInMeters><nax:Moments>
      <nax:Halt xsi:type="nax:Halt_t" action="auto_pause">
      
    </nax:Halt>
    </nax:Moments>
    </nax:Nax>
    </TPX>
    </Extensions>
    </Trackpoint>
<Trackpoint>
      <Time>
      2024-09-05T18:06:04.947Z
    </Time><SensorState>
      Present
    </SensorState><Extensions>
      <TPX xmlns="http://www.garmin.com/xmlschemas/ActivityExtension/v2">
      <ns3:Speed>
      2.4661869709847895
    </ns3:Speed><nax:Nax>
      <nax:Pace>
      6.758071007086453
    </nax:Pace><nax:Moments>
      <nax:Halt xsi:type="nax:Halt_t" action="auto_pause">
      
    </nax:Halt>
    </nax:Moments>
    </nax:Nax>
    </TPX>
    </Extensions>
    </Trackpoint>
<Trackpoint>
      <Time>
      2024-09-05T18:06:04.948Z
    </Time><DistanceMeters>
      5.879239030182362
    </DistanceMeters><Cadence>
      158.40680122375488
    </Cadence><SensorState>
      Present
    </SensorState><Extensions>
      <TPX xmlns="http://www.garmin.com/xmlschemas/ActivityExtension/v2">
      <nax:Nax>
      <nax:Moments>
      <nax:Halt xsi:type="nax:Halt_t" action="auto_pause">
      
    </nax:Halt>
    </nax:Moments>
    </nax:Nax>
    </TPX>
    </Extensions>
    </Trackpoint>
<Trackpoint>
      <Time>
      2024-09-05T18:06:05.000Z
    </Time><SensorState>
      Present
    </SensorState><Extensions>
      <TPX xmlns="http://www.garmin.com/xmlschemas/ActivityExtension/v2">
      <nax:Nax>
      <nax:NikeFuel>
      6.511657066081931
    </nax:NikeFuel><nax:Moments>
      <nax:Halt xsi:type="nax:Halt_t" action="auto_pause">
      
    </nax:Halt>
    </nax:Moments>
    </nax:Nax>
    </TPX>
    </Extensions>
    </Trackpoint>
<Trackpoint>
      <Time>
      2024-09-05T18:06:07.000Z
    </Time><Position>
      <LatitudeDegrees>
      47.42818840043989
    </LatitudeDegrees><LongitudeDegrees>
      -122.29777788739523
    </LongitudeDegrees>
    </Position><AltitudeMeters>
      129.55786723829806
    </AltitudeMeters><SensorState>
      Present
    </SensorState><Extensions>
      <TPX xmlns="http://www.garmin.com/xmlschemas/ActivityExtension/v2">
      <nax:Nax>
      <nax:Moments>
      <nax:Halt xsi:type="nax:Halt_t" action="auto_pause">
      
    </nax:Halt>
    </nax:Moments>
    </nax:Nax>
    </TPX>
    </Extensions>
    </Trackpoint>
<Trackpoint>
      <Time>
      2024-09-05T18:06:07.271Z
    </Time><SensorState>
      Present
    </SensorState><Extensions>
      <TPX xmlns="http://www.garmin.com/xmlschemas/ActivityExtension/v2">
      <nax:Nax>
      <nax:DescentInMeters>
      0.20999908447265625
    </nax:DescentInMeters><nax:Moments>
      <nax:Halt xsi:type="nax:Halt_t" action="auto_pause">
      
    </nax:Halt>
    </nax:Moments>
    </nax:Nax>
    </TPX>
    </Extensions>
    </Trackpoint>
<Trackpoint>
      <Time>
      2024-09-05T18:06:07.503Z
    </Time><SensorState>
      Present
    </SensorState><Extensions>
      <TPX xmlns="http://www.garmin.com/xmlschemas/ActivityExtension/v2">
      <ns3:Speed>
      2.4860643917431213
    </ns3:Speed><nax:Nax>
      <nax:Pace>
      6.704036597773205
    </nax:Pace><nax:Moments>
      <nax:Halt xsi:type="nax:Halt_t" action="auto_pause">
      
    </nax:Halt>
    </nax:Moments>
    </nax:Nax>
    </TPX>
    </Extensions>
    </Trackpoint>
<Trackpoint>
      <Time>
      2024-09-05T18:06:07.504Z
    </Time><DistanceMeters>
      6.456883689388633
    </DistanceMeters><Cadence>
      158.594012260437
    </Cadence><SensorState>
      Present
    </SensorState><Extensions>
      <TPX xmlns="http://www.garmin.com/xmlschemas/ActivityExtension/v2">
      <nax:Nax>
      <nax:Moments>
      <nax:Halt xsi:type="nax:Halt_t" action="auto_pause">
      
    </nax:Halt>
    </nax:Moments>
    </nax:Nax>
    </TPX>
    </Extensions>
    </Trackpoint>
<Trackpoint>
      <Time>
      2024-09-05T18:06:07.892Z
    </Time><HeartRateBpm>
      <Value>
      185
    </Value>
    </HeartRateBpm><SensorState>
      Present
    </SensorState><Extensions>
      <TPX xmlns="http://www.garmin.com/xmlschemas/ActivityExtension/v2">
      <nax:Nax>
      <nax:Moments>
      <nax:Halt xsi:type="nax:Halt_t" action="auto_pause">
      
    </nax:Halt>
    </nax:Moments>
    </nax:Nax>
    </TPX>
    </Extensions>
    </Trackpoint>
<Trackpoint>
      <Time>
      2024-09-05T18:06:08.892Z
    </Time><HeartRateBpm>
      <Value>
      185
    </Value>
    </HeartRateBpm><SensorState>
      Present
    </SensorState><Extensions>
      <TPX xmlns="http://www.garmin.com/xmlschemas/ActivityExtension/v2">
      <nax:Nax>
      <nax:Moments>
      <nax:Halt xsi:type="nax:Halt_t" action="auto_pause">
      
    </nax:Halt>
    </nax:Moments>
    </nax:Nax>
    </TPX>
    </Extensions>
    </Trackpoint>
<Trackpoint>
      <Time>
      2024-09-05T18:06:10.058Z
    </Time><SensorState>
      Present
    </SensorState><Extensions>
      <TPX xmlns="http://www.garmin.com/xmlschemas/ActivityExtension/v2">
      <ns3:Speed>
      2.4917436340393677
    </ns3:Speed><nax:Nax>
      <nax:Pace>
      6.688756595576536
    </nax:Pace><nax:Moments>
      <nax:Halt xsi:type="nax:Halt_t" action="auto_pause">
      
    </nax:Halt>
    </nax:Moments>
    </nax:Nax>
    </TPX>
    </Extensions>
    </Trackpoint>
<Trackpoint>
      <Time>
      2024-09-05T18:06:10.059Z
    </Time><DistanceMeters>
      5.969310133717954
    </DistanceMeters><Cadence>
      158.59083652496338
    </Cadence><SensorState>
      Present
    </SensorState><Extensions>
      <TPX xmlns="http://www.garmin.com/xmlschemas/ActivityExtension/v2">
      <nax:Nax>
      <nax:Moments>
      <nax:Halt xsi:type="nax:Halt_t" action="auto_pause">
      
    </nax:Halt>
    </nax:Moments>
    </nax:Nax>
    </TPX>
    </Extensions>
    </Trackpoint>
<Trackpoint>
      <Time>
      2024-09-05T18:06:12.000Z
    </Time><Position>
      <LatitudeDegrees>
      47.428293690165546
    </LatitudeDegrees><LongitudeDegrees>
      -122.29779497857426
    </LongitudeDegrees>
    </Position><AltitudeMeters>
      129.13216284289956
    </AltitudeMeters><SensorState>
      Present
    </SensorState><Extensions>
      <TPX xmlns="http://www.garmin.com/xmlschemas/ActivityExtension/v2">
      <nax:Nax>
      <nax:Moments>
      <nax:Halt xsi:type="nax:Halt_t" action="auto_pause">
      
    </nax:Halt>
    </nax:Moments>
    </nax:Nax>
    </TPX>
    </Extensions>
    </Trackpoint>
<Trackpoint>
      <Time>
      2024-09-05T18:06:12.434Z
    </Time><SensorState>
      Present
    </SensorState><Extensions>
      <TPX xmlns="http://www.garmin.com/xmlschemas/ActivityExtension/v2">
      <nax:Nax>
      <nax:DescentInMeters>
      0.10000038146972656
    </nax:DescentInMeters><nax:Moments>
      <nax:Halt xsi:type="nax:Halt_t" action="auto_pause">
      
    </nax:Halt>
    </nax:Moments>
    </nax:Nax>
    </TPX>
    </Extensions>
    </Trackpoint>
<Trackpoint>
      <Time>
      2024-09-05T18:06:12.614Z
    </Time><SensorState>
      Present
    </SensorState><Extensions>
      <TPX xmlns="http://www.garmin.com/xmlschemas/ActivityExtension/v2">
      <ns3:Speed>
      2.4694879866489914
    </ns3:Speed><nax:Nax>
      <nax:Pace>
      6.749037353804969
    </nax:Pace><nax:Moments>
      <nax:Halt xsi:type="nax:Halt_t" action="auto_pause">
      
    </nax:Halt>
    </nax:Moments>
    </nax:Nax>
    </TPX>
    </Extensions>
    </Trackpoint>
<Trackpoint>
      <Time>
      2024-09-05T18:06:12.615Z
    </Time><DistanceMeters>
      6.3580377930775285
    </DistanceMeters><Cadence>
      158.65290641784668
    </Cadence><SensorState>
      Present
    </SensorState><Extensions>
      <TPX xmlns="http://www.garmin.com/xmlschemas/ActivityExtension/v2">
      <nax:Nax>
      <nax:Moments>
      <nax:Halt xsi:type="nax:Halt_t" action="auto_pause">
      
    </nax:Halt>
    </nax:Moments>
    </nax:Nax>
    </TPX>
    </Extensions>
    </Trackpoint>
<Trackpoint>
      <Time>
      2024-09-05T18:06:14.892Z
    </Time><HeartRateBpm>
      <Value>
      185
    </Value>
    </HeartRateBpm><SensorState>
      Present
    </SensorState><Extensions>
      <TPX xmlns="http://www.garmin.com/xmlschemas/ActivityExtension/v2">
      <nax:Nax>
      <nax:Moments>
      <nax:Halt xsi:type="nax:Halt_t" action="auto_pause">
      
    </nax:Halt>
    </nax:Moments>
    </nax:Nax>
    </TPX>
    </Extensions>
    </Trackpoint>
<Trackpoint>
      <Time>
      2024-09-05T18:06:15.000Z
    </Time><SensorState>
      Present
    </SensorState><Extensions>
      <TPX xmlns="http://www.garmin.com/xmlschemas/ActivityExtension/v2">
      <nax:Nax>
      <nax:NikeFuel>
      6.443125789005117
    </nax:NikeFuel><nax:Moments>
      <nax:Halt xsi:type="nax:Halt_t" action="auto_pause">
      
    </nax:Halt>
    </nax:Moments>
    </nax:Nax>
    </TPX>
    </Extensions>
    </Trackpoint>
<Trackpoint>
      <Time>
      2024-09-05T18:06:15.014Z
    </Time><SensorState>
      Present
    </SensorState><Extensions>
      <TPX xmlns="http://www.garmin.com/xmlschemas/ActivityExtension/v2">
      <nax:Nax>
      <nax:DescentInMeters>
      0.030000686645507812
    </nax:DescentInMeters><nax:Moments>
      <nax:Halt xsi:type="nax:Halt_t" action="auto_pause">
      
    </nax:Halt>
    </nax:Moments>
    </nax:Nax>
    </TPX>
    </Extensions>
    </Trackpoint>
<Trackpoint>
      <Time>
      2024-09-05T18:06:15.170Z
    </Time><SensorState>
      Present
    </SensorState><Extensions>
      <TPX xmlns="http://www.garmin.com/xmlschemas/ActivityExtension/v2">
      <ns3:Speed>
      2.470932360805672
    </ns3:Speed><nax:Nax>
      <nax:Pace>
      6.745092229571324
    </nax:Pace><nax:Moments>
      <nax:Halt xsi:type="nax:Halt_t" action="auto_pause">
      
    </nax:Halt>
    </nax:Moments>
    </nax:Nax>
    </TPX>
    </Extensions>
    </Trackpoint>
<Trackpoint>
      <Time>
      2024-09-05T18:06:15.171Z
    </Time><DistanceMeters>
      6.154774240218103
    </DistanceMeters><Cadence>
      158.65293502807617
    </Cadence><SensorState>
      Present
    </SensorState><Extensions>
      <TPX xmlns="http://www.garmin.com/xmlschemas/ActivityExtension/v2">
      <nax:Nax>
      <nax:Moments>
      <nax:Halt xsi:type="nax:Halt_t" action="auto_pause">
      
    </nax:Halt>
    </nax:Moments>
    </nax:Nax>
    </TPX>
    </Extensions>
    </Trackpoint>
<Trackpoint>
      <Time>
      2024-09-05T18:06:17.000Z
    </Time><Position>
      <LatitudeDegrees>
      47.42839941728159
    </LatitudeDegrees><LongitudeDegrees>
      -122.29780319471575
    </LongitudeDegrees>
    </Position><AltitudeMeters>
      129.56414254475385
    </AltitudeMeters><SensorState>
      Present
    </SensorState><Extensions>
      <TPX xmlns="http://www.garmin.com/xmlschemas/ActivityExtension/v2">
      <nax:Nax>
      <nax:Moments>
      <nax:Halt xsi:type="nax:Halt_t" action="auto_pause">
      
    </nax:Halt>
    </nax:Moments>
    </nax:Nax>
    </TPX>
    </Extensions>
    </Trackpoint>
<Trackpoint>
      <Time>
      2024-09-05T18:06:17.596Z
    </Time><SensorState>
      Present
    </SensorState><Extensions>
      <TPX xmlns="http://www.garmin.com/xmlschemas/ActivityExtension/v2">
      <nax:Nax>
      <nax:DescentInMeters>
      0.10000038146972656
    </nax:DescentInMeters><nax:Moments>
      <nax:Halt xsi:type="nax:Halt_t" action="auto_pause">
      
    </nax:Halt>
    </nax:Moments>
    </nax:Nax>
    </TPX>
    </Extensions>
    </Trackpoint>
<Trackpoint>
      <Time>
      2024-09-05T18:06:17.725Z
    </Time><DistanceMeters>
      5.557467874139547
    </DistanceMeters><SensorState>
      Present
    </SensorState><Extensions>
      <TPX xmlns="http://www.garmin.com/xmlschemas/ActivityExtension/v2">
      <ns3:Speed>
      2.4543226502114037
    </ns3:Speed><nax:Nax>
      <nax:Pace>
      6.790739866753492
    </nax:Pace><nax:Moments>
      <nax:Halt xsi:type="nax:Halt_t" action="auto_pause">
      
    </nax:Halt>
    </nax:Moments>
    </nax:Nax>
    </TPX>
    </Extensions>
    </Trackpoint>
<Trackpoint>
      <Time>
      2024-09-05T18:06:17.726Z
    </Time><Cadence>
      158.59412670135498
    </Cadence><SensorState>
      Present
    </SensorState><Extensions>
      <TPX xmlns="http://www.garmin.com/xmlschemas/ActivityExtension/v2">
      <nax:Nax>
      <nax:Moments>
      <nax:Halt xsi:type="nax:Halt_t" action="auto_pause">
      
    </nax:Halt>
    </nax:Moments>
    </nax:Nax>
    </TPX>
    </Extensions>
    </Trackpoint>
<Trackpoint>
      <Time>
      2024-09-05T18:06:18.892Z
    </Time><HeartRateBpm>
      <Value>
      185
    </Value>
    </HeartRateBpm><SensorState>
      Present
    </SensorState><Extensions>
      <TPX xmlns="http://www.garmin.com/xmlschemas/ActivityExtension/v2">
      <nax:Nax>
      <nax:Moments>
      <nax:Halt xsi:type="nax:Halt_t" action="auto_pause">
      
    </nax:Halt>
    </nax:Moments>
    </nax:Nax>
    </TPX>
    </Extensions>
    </Trackpoint>
<Trackpoint>
      <Time>
      2024-09-05T18:06:20.177Z
    </Time><SensorState>
      Present
    </SensorState><Extensions>
      <TPX xmlns="http://www.garmin.com/xmlschemas/ActivityExtension/v2">
      <nax:Nax>
      <nax:DescentInMeters>
      0.10999870300292969
    </nax:DescentInMeters><nax:Moments>
      <nax:Halt xsi:type="nax:Halt_t" action="auto_pause">
      
    </nax:Halt>
    </nax:Moments>
    </nax:Nax>
    </TPX>
    </Extensions>
    </Trackpoint>
<Trackpoint>
      <Time>
      2024-09-05T18:06:20.281Z
    </Time><SensorState>
      Present
    </SensorState><Extensions>
      <TPX xmlns="http://www.garmin.com/xmlschemas/ActivityExtension/v2">
      <ns3:Speed>
      2.446930459355789
    </ns3:Speed><nax:Nax>
      <nax:Pace>
      6.811254730571522
    </nax:Pace><nax:Moments>
      <nax:Halt xsi:type="nax:Halt_t" action="auto_pause">
      
    </nax:Halt>
    </nax:Moments>
    </nax:Nax>
    </TPX>
    </Extensions>
    </Trackpoint>
<Trackpoint>
      <Time>
      2024-09-05T18:06:20.282Z
    </Time><DistanceMeters>
      6.418823206797242
    </DistanceMeters><Cadence>
      158.96384239196777
    </Cadence><SensorState>
      Present
    </SensorState><Extensions>
      <TPX xmlns="http://www.garmin.com/xmlschemas/ActivityExtension/v2">
      <nax:Nax>
      <nax:Moments>
      <nax:Halt xsi:type="nax:Halt_t" action="auto_pause">
      
    </nax:Halt>
    </nax:Moments>
    </nax:Nax>
    </TPX>
    </Extensions>
    </Trackpoint>
<Trackpoint>
      <Time>
      2024-09-05T18:06:22.000Z
    </Time><Position>
      <LatitudeDegrees>
      47.42851141212688
    </LatitudeDegrees><LongitudeDegrees>
      -122.29780278517177
    </LongitudeDegrees>
    </Position><AltitudeMeters>
      128.5341628547758
    </AltitudeMeters><SensorState>
      Present
    </SensorState><Extensions>
      <TPX xmlns="http://www.garmin.com/xmlschemas/ActivityExtension/v2">
      <nax:Nax>
      <nax:Moments>
      <nax:Halt xsi:type="nax:Halt_t" action="auto_pause">
      
    </nax:Halt>
    </nax:Moments>
    </nax:Nax>
    </TPX>
    </Extensions>
    </Trackpoint>
<Trackpoint>
      <Time>
      2024-09-05T18:06:22.758Z
    </Time><SensorState>
      Present
    </SensorState><Extensions>
      <TPX xmlns="http://www.garmin.com/xmlschemas/ActivityExtension/v2">
      <nax:Nax>
      <nax:DescentInMeters>
      0.10000038146972656
    </nax:DescentInMeters><nax:Moments>
      <nax:Halt xsi:type="nax:Halt_t" action="auto_pause">
      
    </nax:Halt>
    </nax:Moments>
    </nax:Nax>
    </TPX>
    </Extensions>
    </Trackpoint>
<Trackpoint>
      <Time>
      2024-09-05T18:06:22.837Z
    </Time><DistanceMeters>
      5.930841602385044
    </DistanceMeters><SensorState>
      Present
    </SensorState><Extensions>
      <TPX xmlns="http://www.garmin.com/xmlschemas/ActivityExtension/v2">
      <ns3:Speed>
      2.444872957913393
    </ns3:Speed><nax:Nax>
      <nax:Pace>
      6.816986793821401
    </nax:Pace><nax:Moments>
      <nax:Halt xsi:type="nax:Halt_t" action="auto_pause">
      
    </nax:Halt>
    </nax:Moments>
    </nax:Nax>
    </TPX>
    </Extensions>
    </Trackpoint>
<Trackpoint>
      <Time>
      2024-09-05T18:06:22.838Z
    </Time><Cadence>
      159.0261697769165
    </Cadence><SensorState>
      Present
    </SensorState><Extensions>
      <TPX xmlns="http://www.garmin.com/xmlschemas/ActivityExtension/v2">
      <nax:Nax>
      <nax:Moments>
      <nax:Halt xsi:type="nax:Halt_t" action="auto_pause">
      
    </nax:Halt>
    </nax:Moments>
    </nax:Nax>
    </TPX>
    </Extensions>
    </Trackpoint>
<Trackpoint>
      <Time>
      2024-09-05T18:06:25.000Z
    </Time><SensorState>
      Present
    </SensorState><Extensions>
      <TPX xmlns="http://www.garmin.com/xmlschemas/ActivityExtension/v2">
      <nax:Nax>
      <nax:NikeFuel>
      6.355867066906744
    </nax:NikeFuel><nax:Moments>
      <nax:Halt xsi:type="nax:Halt_t" action="auto_pause">
      
    </nax:Halt>
    </nax:Moments>
    </nax:Nax>
    </TPX>
    </Extensions>
    </Trackpoint>
<Trackpoint>
      <Time>
      2024-09-05T18:06:25.339Z
    </Time><SensorState>
      Present
    </SensorState><Extensions>
      <TPX xmlns="http://www.garmin.com/xmlschemas/ActivityExtension/v2">
      <nax:Nax>
      <nax:DescentInMeters>
      0.04000091552734375
    </nax:DescentInMeters><nax:Moments>
      <nax:Halt xsi:type="nax:Halt_t" action="auto_pause">
      
    </nax:Halt>
    </nax:Moments>
    </nax:Nax>
    </TPX>
    </Extensions>
    </Trackpoint>
<Trackpoint>
      <Time>
      2024-09-05T18:06:25.393Z
    </Time><SensorState>
      Present
    </SensorState><Extensions>
      <TPX xmlns="http://www.garmin.com/xmlschemas/ActivityExtension/v2">
      <ns3:Speed>
      2.431368554490275
    </ns3:Speed><nax:Nax>
      <nax:Pace>
      6.854849971587608
    </nax:Pace><nax:Moments>
      <nax:Halt xsi:type="nax:Halt_t" action="auto_pause">
      
    </nax:Halt>
    </nax:Moments>
    </nax:Nax>
    </TPX>
    </Extensions>
    </Trackpoint>
<Trackpoint>
      <Time>
      2024-09-05T18:06:25.394Z
    </Time><DistanceMeters>
      6.268616002053022
    </DistanceMeters><Cadence>
      159.14371490478516
    </Cadence><SensorState>
      Present
    </SensorState><Extensions>
      <TPX xmlns="http://www.garmin.com/xmlschemas/ActivityExtension/v2">
      <nax:Nax>
      <nax:Moments>
      <nax:Halt xsi:type="nax:Halt_t" action="auto_pause">
      
    </nax:Halt>
    </nax:Moments>
    </nax:Nax>
    </TPX>
    </Extensions>
    </Trackpoint>
<Trackpoint>
      <Time>
      2024-09-05T18:06:25.892Z
    </Time><HeartRateBpm>
      <Value>
      186
    </Value>
    </HeartRateBpm><SensorState>
      Present
    </SensorState><Extensions>
      <TPX xmlns="http://www.garmin.com/xmlschemas/ActivityExtension/v2">
      <nax:Nax>
      <nax:Moments>
      <nax:Halt xsi:type="nax:Halt_t" action="auto_pause">
      
    </nax:Halt>
    </nax:Moments>
    </nax:Nax>
    </TPX>
    </Extensions>
    </Trackpoint>
<Trackpoint>
      <Time>
      2024-09-05T18:06:27.000Z
    </Time><Position>
      <LatitudeDegrees>
      47.42861337028856
    </LatitudeDegrees><LongitudeDegrees>
      -122.29781582582913
    </LongitudeDegrees>
    </Position><AltitudeMeters>
      128.1948579447344
    </AltitudeMeters><SensorState>
      Present
    </SensorState><Extensions>
      <TPX xmlns="http://www.garmin.com/xmlschemas/ActivityExtension/v2">
      <nax:Nax>
      <nax:Moments>
      <nax:Halt xsi:type="nax:Halt_t" action="auto_pause">
      
    </nax:Halt>
    </nax:Moments>
    </nax:Nax>
    </TPX>
    </Extensions>
    </Trackpoint>
<Trackpoint>
      <Time>
      2024-09-05T18:06:27.920Z
    </Time><SensorState>
      Present
    </SensorState><Extensions>
      <TPX xmlns="http://www.garmin.com/xmlschemas/ActivityExtension/v2">
      <nax:Nax>
      <nax:DescentInMeters>
      0.23999977111816406
    </nax:DescentInMeters><nax:Moments>
      <nax:Halt xsi:type="nax:Halt_t" action="auto_pause">
      
    </nax:Halt>
    </nax:Moments>
    </nax:Nax>
    </TPX>
    </Extensions>
    </Trackpoint>
<Trackpoint>
      <Time>
      2024-09-05T18:06:27.948Z
    </Time><SensorState>
      Present
    </SensorState><Extensions>
      <TPX xmlns="http://www.garmin.com/xmlschemas/ActivityExtension/v2">
      <ns3:Speed>
      2.417497164971817
    </ns3:Speed><nax:Nax>
      <nax:Pace>
      6.894182507494673
    </nax:Pace><nax:Moments>
      <nax:Halt xsi:type="nax:Halt_t" action="auto_pause">
      
    </nax:Halt>
    </nax:Moments>
    </nax:Nax>
    </TPX>
    </Extensions>
    </Trackpoint>
<Trackpoint>
      <Time>
      2024-09-05T18:06:27.949Z
    </Time><DistanceMeters>
      5.717575304210186
    </DistanceMeters><Cadence>
      159.3385934829712
    </Cadence><SensorState>
      Present
    </SensorState><Extensions>
      <TPX xmlns="http://www.garmin.com/xmlschemas/ActivityExtension/v2">
      <nax:Nax>
      <nax:Moments>
      <nax:Halt xsi:type="nax:Halt_t" action="auto_pause">
      
    </nax:Halt>
    </nax:Moments>
    </nax:Nax>
    </TPX>
    </Extensions>
    </Trackpoint>
<Trackpoint>
      <Time>
      2024-09-05T18:06:28.892Z
    </Time><HeartRateBpm>
      <Value>
      185
    </Value>
    </HeartRateBpm><SensorState>
      Present
    </SensorState><Extensions>
      <TPX xmlns="http://www.garmin.com/xmlschemas/ActivityExtension/v2">
      <nax:Nax>
      <nax:Moments>
      <nax:Halt xsi:type="nax:Halt_t" action="auto_pause">
      
    </nax:Halt>
    </nax:Moments>
    </nax:Nax>
    </TPX>
    </Extensions>
    </Trackpoint>
<Trackpoint>
      <Time>
      2024-09-05T18:06:30.501Z
    </Time><SensorState>
      Present
    </SensorState><Extensions>
      <TPX xmlns="http://www.garmin.com/xmlschemas/ActivityExtension/v2">
      <nax:Nax>
      <nax:DescentInMeters>
      0.2199993133544922
    </nax:DescentInMeters><nax:Moments>
      <nax:Halt xsi:type="nax:Halt_t" action="auto_pause">
      
    </nax:Halt>
    </nax:Moments>
    </nax:Nax>
    </TPX>
    </Extensions>
    </Trackpoint>
<Trackpoint>
      <Time>
      2024-09-05T18:06:30.504Z
    </Time><SensorState>
      Present
    </SensorState><Extensions>
      <TPX xmlns="http://www.garmin.com/xmlschemas/ActivityExtension/v2">
      <ns3:Speed>
      2.4121900727018484
    </ns3:Speed><nax:Nax>
      <nax:Pace>
      6.909350492433894
    </nax:Pace><nax:Moments>
      <nax:Halt xsi:type="nax:Halt_t" action="auto_pause">
      
    </nax:Halt>
    </nax:Moments>
    </nax:Nax>
    </TPX>
    </Extensions>
    </Trackpoint>
<Trackpoint>
      <Time>
      2024-09-05T18:06:30.505Z
    </Time><DistanceMeters>
      6.315843785181642
    </DistanceMeters><Cadence>
      159.15109634399414
    </Cadence><SensorState>
      Present
    </SensorState><Extensions>
      <TPX xmlns="http://www.garmin.com/xmlschemas/ActivityExtension/v2">
      <nax:Nax>
      <nax:Moments>
      <nax:Halt xsi:type="nax:Halt_t" action="auto_pause">
      
    </nax:Halt>
    </nax:Moments>
    </nax:Nax>
    </TPX>
    </Extensions>
    </Trackpoint>
<Trackpoint>
      <Time>
      2024-09-05T18:06:32.000Z
    </Time><Position>
      <LatitudeDegrees>
      47.42872294067261
    </LatitudeDegrees><LongitudeDegrees>
      -122.29782582221151
    </LongitudeDegrees>
    </Position><AltitudeMeters>
      127.7770614195615
    </AltitudeMeters><SensorState>
      Present
    </SensorState><Extensions>
      <TPX xmlns="http://www.garmin.com/xmlschemas/ActivityExtension/v2">
      <nax:Nax>
      <nax:Moments>
      <nax:Halt xsi:type="nax:Halt_t" action="auto_pause">
      
    </nax:Halt>
    </nax:Moments>
    </nax:Nax>
    </TPX>
    </Extensions>
    </Trackpoint>
<Trackpoint>
      <Time>
      2024-09-05T18:06:33.060Z
    </Time><DistanceMeters>
      6.723774401471019
    </DistanceMeters><SensorState>
      Present
    </SensorState><Extensions>
      <TPX xmlns="http://www.garmin.com/xmlschemas/ActivityExtension/v2">
      <ns3:Speed>
      2.4125439890226508
    </ns3:Speed><nax:Nax>
      <nax:Pace>
      6.908336901835528
    </nax:Pace><nax:Moments>
      <nax:Halt xsi:type="nax:Halt_t" action="auto_pause">
      
    </nax:Halt>
    </nax:Moments>
    </nax:Nax>
    </TPX>
    </Extensions>
    </Trackpoint>
<Trackpoint>
      <Time>
      2024-09-05T18:06:33.061Z
    </Time><Cadence>
      159.0818738937378
    </Cadence><SensorState>
      Present
    </SensorState><Extensions>
      <TPX xmlns="http://www.garmin.com/xmlschemas/ActivityExtension/v2">
      <nax:Nax>
      <nax:Moments>
      <nax:Halt xsi:type="nax:Halt_t" action="auto_pause">
      
    </nax:Halt>
    </nax:Moments>
    </nax:Nax>
    </TPX>
    </Extensions>
    </Trackpoint>
<Trackpoint>
      <Time>
      2024-09-05T18:06:33.082Z
    </Time><SensorState>
      Present
    </SensorState><Extensions>
      <TPX xmlns="http://www.garmin.com/xmlschemas/ActivityExtension/v2">
      <nax:Nax>
      <nax:DescentInMeters>
      0.09000015258789062
    </nax:DescentInMeters><nax:Moments>
      <nax:Halt xsi:type="nax:Halt_t" action="auto_pause">
      
    </nax:Halt>
    </nax:Moments>
    </nax:Nax>
    </TPX>
    </Extensions>
    </Trackpoint>
<Trackpoint>
      <Time>
      2024-09-05T18:06:34.892Z
    </Time><HeartRateBpm>
      <Value>
      184
    </Value>
    </HeartRateBpm><SensorState>
      Present
    </SensorState><Extensions>
      <TPX xmlns="http://www.garmin.com/xmlschemas/ActivityExtension/v2">
      <nax:Nax>
      <nax:Moments>
      <nax:Halt xsi:type="nax:Halt_t" action="auto_pause">
      
    </nax:Halt>
    </nax:Moments>
    </nax:Nax>
    </TPX>
    </Extensions>
    </Trackpoint>
<Trackpoint>
      <Time>
      2024-09-05T18:06:35.000Z
    </Time><SensorState>
      Present
    </SensorState><Extensions>
      <TPX xmlns="http://www.garmin.com/xmlschemas/ActivityExtension/v2">
      <nax:Nax>
      <nax:NikeFuel>
      6.445079651213447
    </nax:NikeFuel><nax:Moments>
      <nax:Halt xsi:type="nax:Halt_t" action="auto_pause">
      
    </nax:Halt>
    </nax:Moments>
    </nax:Nax>
    </TPX>
    </Extensions>
    </Trackpoint>
<Trackpoint>
      <Time>
      2024-09-05T18:06:35.616Z
    </Time><SensorState>
      Present
    </SensorState><Extensions>
      <TPX xmlns="http://www.garmin.com/xmlschemas/ActivityExtension/v2">
      <ns3:Speed>
      2.432046904781607
    </ns3:Speed><nax:Nax>
      <nax:Pace>
      6.852938006211398
    </nax:Pace><nax:Moments>
      <nax:Halt xsi:type="nax:Halt_t" action="auto_pause">
      
    </nax:Halt>
    </nax:Moments>
    </nax:Nax>
    </TPX>
    </Extensions>
    </Trackpoint>
<Trackpoint>
      <Time>
      2024-09-05T18:06:35.617Z
    </Time><DistanceMeters>
      7.0250004371628165
    </DistanceMeters><Cadence>
      159.14387226104736
    </Cadence><SensorState>
      Present
    </SensorState><Extensions>
      <TPX xmlns="http://www.garmin.com/xmlschemas/ActivityExtension/v2">
      <nax:Nax>
      <nax:Moments>
      <nax:Halt xsi:type="nax:Halt_t" action="auto_pause">
      
    </nax:Halt>
    </nax:Moments>
    </nax:Nax>
    </TPX>
    </Extensions>
    </Trackpoint>
<Trackpoint>
      <Time>
      2024-09-05T18:06:35.663Z
    </Time><SensorState>
      Present
    </SensorState><Extensions>
      <TPX xmlns="http://www.garmin.com/xmlschemas/ActivityExtension/v2">
      <nax:Nax>
      <nax:DescentInMeters>
      0.049999237060546875
    </nax:DescentInMeters><nax:Moments>
      <nax:Halt xsi:type="nax:Halt_t" action="auto_pause">
      
    </nax:Halt>
    </nax:Moments>
    </nax:Nax>
    </TPX>
    </Extensions>
    </Trackpoint>
<Trackpoint>
      <Time>
      2024-09-05T18:06:37.000Z
    </Time><Position>
      <LatitudeDegrees>
      47.42884072469351
    </LatitudeDegrees><LongitudeDegrees>
      -122.29782171448376
    </LongitudeDegrees>
    </Position><AltitudeMeters>
      129.94625820871443
    </AltitudeMeters><SensorState>
      Present
    </SensorState><Extensions>
      <TPX xmlns="http://www.garmin.com/xmlschemas/ActivityExtension/v2">
      <nax:Nax>
      <nax:Moments>
      <nax:Halt xsi:type="nax:Halt_t" action="auto_pause">
      
    </nax:Halt>
    </nax:Moments>
    </nax:Nax>
    </TPX>
    </Extensions>
    </Trackpoint>
<Trackpoint>
      <Time>
      2024-09-05T18:06:38.171Z
    </Time><SensorState>
      Present
    </SensorState><Extensions>
      <TPX xmlns="http://www.garmin.com/xmlschemas/ActivityExtension/v2">
      <ns3:Speed>
      2.4606947032210105
    </ns3:Speed><nax:Nax>
      <nax:Pace>
      6.7731550138464
    </nax:Pace><nax:Moments>
      <nax:Halt xsi:type="nax:Halt_t" action="auto_pause">
      
    </nax:Halt>
    </nax:Moments>
    </nax:Nax>
    </TPX>
    </Extensions>
    </Trackpoint>
<Trackpoint>
      <Time>
      2024-09-05T18:06:38.172Z
    </Time><DistanceMeters>
      5.818889593705535
    </DistanceMeters><Cadence>
      159.26794052124023
    </Cadence><SensorState>
      Present
    </SensorState><Extensions>
      <TPX xmlns="http://www.garmin.com/xmlschemas/ActivityExtension/v2">
      <nax:Nax>
      <nax:Moments>
      <nax:Halt xsi:type="nax:Halt_t" action="auto_pause">
      
    </nax:Halt>
    </nax:Moments>
    </nax:Nax>
    </TPX>
    </Extensions>
    </Trackpoint>
<Trackpoint>
      <Time>
      2024-09-05T18:06:38.244Z
    </Time><SensorState>
      Present
    </SensorState><Extensions>
      <TPX xmlns="http://www.garmin.com/xmlschemas/ActivityExtension/v2">
      <nax:Nax>
      <nax:DescentInMeters>
      0.060001373291015625
    </nax:DescentInMeters><nax:Moments>
      <nax:Halt xsi:type="nax:Halt_t" action="auto_pause">
      
    </nax:Halt>
    </nax:Moments>
    </nax:Nax>
    </TPX>
    </Extensions>
    </Trackpoint>
<Trackpoint>
      <Time>
      2024-09-05T18:06:40.727Z
    </Time><SensorState>
      Present
    </SensorState><Extensions>
      <TPX xmlns="http://www.garmin.com/xmlschemas/ActivityExtension/v2">
      <ns3:Speed>
      2.4471760797662783
    </ns3:Speed><nax:Nax>
      <nax:Pace>
      6.810571092317332
    </nax:Pace><nax:Moments>
      <nax:Halt xsi:type="nax:Halt_t" action="auto_pause">
      
    </nax:Halt>
    </nax:Moments>
    </nax:Nax>
    </TPX>
    </Extensions>
    </Trackpoint>
<Trackpoint>
      <Time>
      2024-09-05T18:06:40.728Z
    </Time><DistanceMeters>
      6.305781600065529
    </DistanceMeters><Cadence>
      159.46402072906494
    </Cadence><SensorState>
      Present
    </SensorState><Extensions>
      <TPX xmlns="http://www.garmin.com/xmlschemas/ActivityExtension/v2">
      <nax:Nax>
      <nax:Moments>
      <nax:Halt xsi:type="nax:Halt_t" action="auto_pause">
      
    </nax:Halt>
    </nax:Moments>
    </nax:Nax>
    </TPX>
    </Extensions>
    </Trackpoint>
<Trackpoint>
      <Time>
      2024-09-05T18:06:40.824Z
    </Time><SensorState>
      Present
    </SensorState><Extensions>
      <TPX xmlns="http://www.garmin.com/xmlschemas/ActivityExtension/v2">
      <nax:Nax>
      <nax:DescentInMeters>
      0.15999984741210938
    </nax:DescentInMeters><nax:Moments>
      <nax:Halt xsi:type="nax:Halt_t" action="auto_pause">
      
    </nax:Halt>
    </nax:Moments>
    </nax:Nax>
    </TPX>
    </Extensions>
    </Trackpoint>
<Trackpoint>
      <Time>
      2024-09-05T18:06:42.000Z
    </Time><Position>
      <LatitudeDegrees>
      47.428952929410954
    </LatitudeDegrees><LongitudeDegrees>
      -122.29779834511919
    </LongitudeDegrees>
    </Position><AltitudeMeters>
      129.23521340545267
    </AltitudeMeters><SensorState>
      Present
    </SensorState><Extensions>
      <TPX xmlns="http://www.garmin.com/xmlschemas/ActivityExtension/v2">
      <nax:Nax>
      <nax:Moments>
      <nax:Halt xsi:type="nax:Halt_t" action="auto_pause">
      
    </nax:Halt>
    </nax:Moments>
    </nax:Nax>
    </TPX>
    </Extensions>
    </Trackpoint>
<Trackpoint>
      <Time>
      2024-09-05T18:06:43.196Z
    </Time><HeartRateBpm>
      <Value>
      184
    </Value>
    </HeartRateBpm><SensorState>
      Present
    </SensorState><Extensions>
      <TPX xmlns="http://www.garmin.com/xmlschemas/ActivityExtension/v2">
      <nax:Nax>
      <nax:Moments>
      <nax:Halt xsi:type="nax:Halt_t" action="auto_pause">
      
    </nax:Halt>
    </nax:Moments>
    </nax:Nax>
    </TPX>
    </Extensions>
    </Trackpoint>
<Trackpoint>
      <Time>
      2024-09-05T18:06:43.283Z
    </Time><SensorState>
      Present
    </SensorState><Extensions>
      <TPX xmlns="http://www.garmin.com/xmlschemas/ActivityExtension/v2">
      <ns3:Speed>
      2.480353008841786
    </ns3:Speed><nax:Nax>
      <nax:Pace>
      6.719473642362405
    </nax:Pace><nax:Moments>
      <nax:Halt xsi:type="nax:Halt_t" action="auto_pause">
      
    </nax:Halt>
    </nax:Moments>
    </nax:Nax>
    </TPX>
    </Extensions>
    </Trackpoint>
<Trackpoint>
      <Time>
      2024-09-05T18:06:43.284Z
    </Time><DistanceMeters>
      6.666652323678136
    </DistanceMeters><Cadence>
      159.330096244812
    </Cadence><SensorState>
      Present
    </SensorState><Extensions>
      <TPX xmlns="http://www.garmin.com/xmlschemas/ActivityExtension/v2">
      <nax:Nax>
      <nax:Moments>
      <nax:Halt xsi:type="nax:Halt_t" action="auto_pause">
      
    </nax:Halt>
    </nax:Moments>
    </nax:Nax>
    </TPX>
    </Extensions>
    </Trackpoint>
<Trackpoint>
      <Time>
      2024-09-05T18:06:43.406Z
    </Time><SensorState>
      Present
    </SensorState><Extensions>
      <TPX xmlns="http://www.garmin.com/xmlschemas/ActivityExtension/v2">
      <nax:Nax>
      <nax:DescentInMeters>
      0.15999984741210938
    </nax:DescentInMeters><nax:Moments>
      <nax:Halt xsi:type="nax:Halt_t" action="auto_pause">
      
    </nax:Halt>
    </nax:Moments>
    </nax:Nax>
    </TPX>
    </Extensions>
    </Trackpoint>
<Trackpoint>
      <Time>
      2024-09-05T18:06:44.196Z
    </Time><HeartRateBpm>
      <Value>
      184
    </Value>
    </HeartRateBpm><SensorState>
      Present
    </SensorState><Extensions>
      <TPX xmlns="http://www.garmin.com/xmlschemas/ActivityExtension/v2">
      <nax:Nax>
      <nax:Moments>
      <nax:Halt xsi:type="nax:Halt_t" action="auto_pause">
      
    </nax:Halt>
    </nax:Moments>
    </nax:Nax>
    </TPX>
    </Extensions>
    </Trackpoint>
<Trackpoint>
      <Time>
      2024-09-05T18:06:45.000Z
    </Time><SensorState>
      Present
    </SensorState><Extensions>
      <TPX xmlns="http://www.garmin.com/xmlschemas/ActivityExtension/v2">
      <nax:Nax>
      <nax:NikeFuel>
      6.322154063959903
    </nax:NikeFuel><nax:Moments>
      <nax:Halt xsi:type="nax:Halt_t" action="auto_pause">
      
    </nax:Halt>
    </nax:Moments>
    </nax:Nax>
    </TPX>
    </Extensions>
    </Trackpoint>
<Trackpoint>
      <Time>
      2024-09-05T18:06:45.838Z
    </Time><SensorState>
      Present
    </SensorState><Extensions>
      <TPX xmlns="http://www.garmin.com/xmlschemas/ActivityExtension/v2">
      <ns3:Speed>
      2.4720411411582743
    </ns3:Speed><nax:Nax>
      <nax:Pace>
      6.7420668649784306
    </nax:Pace><nax:Moments>
      <nax:Halt xsi:type="nax:Halt_t" action="auto_pause">
      
    </nax:Halt>
    </nax:Moments>
    </nax:Nax>
    </TPX>
    </Extensions>
    </Trackpoint>
<Trackpoint>
      <Time>
      2024-09-05T18:06:45.839Z
    </Time><DistanceMeters>
      5.588894633576274
    </DistanceMeters><Cadence>
      159.08203125
    </Cadence><SensorState>
      Present
    </SensorState><Extensions>
      <TPX xmlns="http://www.garmin.com/xmlschemas/ActivityExtension/v2">
      <nax:Nax>
      <nax:Moments>
      <nax:Halt xsi:type="nax:Halt_t" action="auto_pause">
      
    </nax:Halt>
    </nax:Moments>
    </nax:Nax>
    </TPX>
    </Extensions>
    </Trackpoint>
<Trackpoint>
      <Time>
      2024-09-05T18:06:45.987Z
    </Time><SensorState>
      Present
    </SensorState><Extensions>
      <TPX xmlns="http://www.garmin.com/xmlschemas/ActivityExtension/v2">
      <nax:Nax>
      <nax:DescentInMeters>
      0.1700000762939453
    </nax:DescentInMeters><nax:Moments>
      <nax:Halt xsi:type="nax:Halt_t" action="auto_pause">
      
    </nax:Halt>
    </nax:Moments>
    </nax:Nax>
    </TPX>
    </Extensions>
    </Trackpoint>
<Trackpoint>
      <Time>
      2024-09-05T18:06:47.000Z
    </Time><Position>
      <LatitudeDegrees>
      47.429056193266405
    </LatitudeDegrees><LongitudeDegrees>
      -122.29781565706378
    </LongitudeDegrees>
    </Position><AltitudeMeters>
      128.57234207820147
    </AltitudeMeters><SensorState>
      Present
    </SensorState><Extensions>
      <TPX xmlns="http://www.garmin.com/xmlschemas/ActivityExtension/v2">
      <nax:Nax>
      <nax:Moments>
      <nax:Halt xsi:type="nax:Halt_t" action="auto_pause">
      
    </nax:Halt>
    </nax:Moments>
    </nax:Nax>
    </TPX>
    </Extensions>
    </Trackpoint>
<Trackpoint>
      <Time>
      2024-09-05T18:06:48.394Z
    </Time><SensorState>
      Present
    </SensorState><Extensions>
      <TPX xmlns="http://www.garmin.com/xmlschemas/ActivityExtension/v2">
      <ns3:Speed>
      2.416118284795611
    </ns3:Speed><nax:Nax>
      <nax:Pace>
      6.89811702164928
    </nax:Pace><nax:Moments>
      <nax:Halt xsi:type="nax:Halt_t" action="auto_pause">
      
    </nax:Halt>
    </nax:Moments>
    </nax:Nax>
    </TPX>
    </Extensions>
    </Trackpoint>
<Trackpoint>
      <Time>
      2024-09-05T18:06:48.395Z
    </Time><DistanceMeters>
      4.260422079823911
    </DistanceMeters><Cadence>
      158.90195846557617
    </Cadence><SensorState>
      Present
    </SensorState><Extensions>
      <TPX xmlns="http://www.garmin.com/xmlschemas/ActivityExtension/v2">
      <nax:Nax>
      <nax:Moments>
      <nax:Halt xsi:type="nax:Halt_t" action="auto_pause">
      
    </nax:Halt>
    </nax:Moments>
    </nax:Nax>
    </TPX>
    </Extensions>
    </Trackpoint>
<Trackpoint>
      <Time>
      2024-09-05T18:06:48.569Z
    </Time><SensorState>
      Present
    </SensorState><Extensions>
      <TPX xmlns="http://www.garmin.com/xmlschemas/ActivityExtension/v2">
      <nax:Nax>
      <nax:DescentInMeters>
      0.18000030517578125
    </nax:DescentInMeters><nax:Moments>
      <nax:Halt xsi:type="nax:Halt_t" action="auto_pause">
      
    </nax:Halt>
    </nax:Moments>
    </nax:Nax>
    </TPX>
    </Extensions>
    </Trackpoint>
<Trackpoint>
      <Time>
      2024-09-05T18:06:49.196Z
    </Time><HeartRateBpm>
      <Value>
      183
    </Value>
    </HeartRateBpm><SensorState>
      Present
    </SensorState><Extensions>
      <TPX xmlns="http://www.garmin.com/xmlschemas/ActivityExtension/v2">
      <nax:Nax>
      <nax:Moments>
      <nax:Halt xsi:type="nax:Halt_t" action="auto_pause">
      
    </nax:Halt>
    </nax:Moments>
    </nax:Nax>
    </TPX>
    </Extensions>
    </Trackpoint>
<Trackpoint>
      <Time>
      2024-09-05T18:06:50.950Z
    </Time><SensorState>
      Present
    </SensorState><Extensions>
      <TPX xmlns="http://www.garmin.com/xmlschemas/ActivityExtension/v2">
      <ns3:Speed>
      2.3637298388499475
    </ns3:Speed><nax:Nax>
      <nax:Pace>
      7.051003203807627
    </nax:Pace><nax:Moments>
      <nax:Halt xsi:type="nax:Halt_t" action="auto_pause">
      
    </nax:Halt>
    </nax:Moments>
    </nax:Nax>
    </TPX>
    </Extensions>
    </Trackpoint>
<Trackpoint>
      <Time>
      2024-09-05T18:06:50.951Z
    </Time><DistanceMeters>
      6.50460537429899
    </DistanceMeters><Cadence>
      158.59140872955322
    </Cadence><SensorState>
      Present
    </SensorState><Extensions>
      <TPX xmlns="http://www.garmin.com/xmlschemas/ActivityExtension/v2">
      <nax:Nax>
      <nax:Moments>
      <nax:Halt xsi:type="nax:Halt_t" action="auto_pause">
      
    </nax:Halt>
    </nax:Moments>
    </nax:Nax>
    </TPX>
    </Extensions>
    </Trackpoint>
<Trackpoint>
      <Time>
      2024-09-05T18:06:51.149Z
    </Time><SensorState>
      Present
    </SensorState><Extensions>
      <TPX xmlns="http://www.garmin.com/xmlschemas/ActivityExtension/v2">
      <nax:Nax>
      <nax:DescentInMeters>
      0.09999847412109375
    </nax:DescentInMeters><nax:Moments>
      <nax:Halt xsi:type="nax:Halt_t" action="auto_pause">
      
    </nax:Halt>
    </nax:Moments>
    </nax:Nax>
    </TPX>
    </Extensions>
    </Trackpoint>
<Trackpoint>
      <Time>
      2024-09-05T18:06:52.000Z
    </Time><Position>
      <LatitudeDegrees>
      47.42915006795731
    </LatitudeDegrees><LongitudeDegrees>
      -122.29783420527812
    </LongitudeDegrees>
    </Position><AltitudeMeters>
      127.61746641434729
    </AltitudeMeters><SensorState>
      Present
    </SensorState><Extensions>
      <TPX xmlns="http://www.garmin.com/xmlschemas/ActivityExtension/v2">
      <nax:Nax>
      <nax:Moments>
      <nax:Halt xsi:type="nax:Halt_t" action="auto_pause">
      
    </nax:Halt>
    </nax:Moments>
    </nax:Nax>
    </TPX>
    </Extensions>
    </Trackpoint>
<Trackpoint>
      <Time>
      2024-09-05T18:06:53.506Z
    </Time><SensorState>
      Present
    </SensorState><Extensions>
      <TPX xmlns="http://www.garmin.com/xmlschemas/ActivityExtension/v2">
      <ns3:Speed>
      2.3662842887677287
    </ns3:Speed><nax:Nax>
      <nax:Pace>
      7.0433915086957
    </nax:Pace><nax:Moments>
      <nax:Halt xsi:type="nax:Halt_t" action="auto_pause">
      
    </nax:Halt>
    </nax:Moments>
    </nax:Nax>
    </TPX>
    </Extensions>
    </Trackpoint>
<Trackpoint>
      <Time>
      2024-09-05T18:06:53.507Z
    </Time><DistanceMeters>
      6.162240805104375
    </DistanceMeters><Cadence>
      158.52949619293213
    </Cadence><SensorState>
      Present
    </SensorState><Extensions>
      <TPX xmlns="http://www.garmin.com/xmlschemas/ActivityExtension/v2">
      <nax:Nax>
      <nax:Moments>
      <nax:Halt xsi:type="nax:Halt_t" action="auto_pause">
      
    </nax:Halt>
    </nax:Moments>
    </nax:Nax>
    </TPX>
    </Extensions>
    </Trackpoint>
<Trackpoint>
      <Time>
      2024-09-05T18:06:53.731Z
    </Time><SensorState>
      Present
    </SensorState><Extensions>
      <TPX xmlns="http://www.garmin.com/xmlschemas/ActivityExtension/v2">
      <nax:Nax>
      <nax:DescentInMeters>
      0.060001373291015625
    </nax:DescentInMeters><nax:Moments>
      <nax:Halt xsi:type="nax:Halt_t" action="auto_pause">
      
    </nax:Halt>
    </nax:Moments>
    </nax:Nax>
    </TPX>
    </Extensions>
    </Trackpoint>
<Trackpoint>
      <Time>
      2024-09-05T18:06:54.196Z
    </Time><HeartRateBpm>
      <Value>
      184
    </Value>
    </HeartRateBpm><SensorState>
      Present
    </SensorState><Extensions>
      <TPX xmlns="http://www.garmin.com/xmlschemas/ActivityExtension/v2">
      <nax:Nax>
      <nax:Moments>
      <nax:Halt xsi:type="nax:Halt_t" action="auto_pause">
      
    </nax:Halt>
    </nax:Moments>
    </nax:Nax>
    </TPX>
    </Extensions>
    </Trackpoint>
<Trackpoint>
      <Time>
      2024-09-05T18:06:55.000Z
    </Time><SensorState>
      Present
    </SensorState><Extensions>
      <TPX xmlns="http://www.garmin.com/xmlschemas/ActivityExtension/v2">
      <nax:Nax>
      <nax:NikeFuel>
      6.317031141053428
    </nax:NikeFuel><nax:Moments>
      <nax:Halt xsi:type="nax:Halt_t" action="auto_pause">
      
    </nax:Halt>
    </nax:Moments>
    </nax:Nax>
    </TPX>
    </Extensions>
    </Trackpoint>
<Trackpoint>
      <Time>
      2024-09-05T18:06:56.061Z
    </Time><SensorState>
      Present
    </SensorState><Extensions>
      <TPX xmlns="http://www.garmin.com/xmlschemas/ActivityExtension/v2">
      <ns3:Speed>
      2.358930836014155
    </ns3:Speed><nax:Nax>
      <nax:Pace>
      7.065347746620688
    </nax:Pace><nax:Moments>
      <nax:Halt xsi:type="nax:Halt_t" action="auto_pause">
      
    </nax:Halt>
    </nax:Moments>
    </nax:Nax>
    </TPX>
    </Extensions>
    </Trackpoint>
<Trackpoint>
      <Time>
      2024-09-05T18:06:56.062Z
    </Time><DistanceMeters>
      5.532999401912093
    </DistanceMeters><Cadence>
      158.22040557861328
    </Cadence><SensorState>
      Present
    </SensorState><Extensions>
      <TPX xmlns="http://www.garmin.com/xmlschemas/ActivityExtension/v2">
      <nax:Nax>
      <nax:Moments>
      <nax:Halt xsi:type="nax:Halt_t" action="auto_pause">
      
    </nax:Halt>
    </nax:Moments>
    </nax:Nax>
    </TPX>
    </Extensions>
    </Trackpoint>
<Trackpoint>
      <Time>
      2024-09-05T18:06:56.312Z
    </Time><SensorState>
      Present
    </SensorState><Extensions>
      <TPX xmlns="http://www.garmin.com/xmlschemas/ActivityExtension/v2">
      <nax:Nax>
      <nax:DescentInMeters>
      0.18000030517578125
    </nax:DescentInMeters><nax:Moments>
      <nax:Halt xsi:type="nax:Halt_t" action="auto_pause">
      
    </nax:Halt>
    </nax:Moments>
    </nax:Nax>
    </TPX>
    </Extensions>
    </Trackpoint>
<Trackpoint>
      <Time>
      2024-09-05T18:06:57.000Z
    </Time><Position>
      <LatitudeDegrees>
      47.429251990680974
    </LatitudeDegrees><LongitudeDegrees>
      -122.29786046905363
    </LongitudeDegrees>
    </Position><AltitudeMeters>
      126.1752625675872
    </AltitudeMeters><SensorState>
      Present
    </SensorState><Extensions>
      <TPX xmlns="http://www.garmin.com/xmlschemas/ActivityExtension/v2">
      <nax:Nax>
      <nax:Moments>
      <nax:Halt xsi:type="nax:Halt_t" action="auto_pause">
      
    </nax:Halt>
    </nax:Moments>
    </nax:Nax>
    </TPX>
    </Extensions>
    </Trackpoint>
<Trackpoint>
      <Time>
      2024-09-05T18:06:58.617Z
    </Time><SensorState>
      Present
    </SensorState><Extensions>
      <TPX xmlns="http://www.garmin.com/xmlschemas/ActivityExtension/v2">
      <ns3:Speed>
      2.3822771734580583
    </ns3:Speed><nax:Nax>
      <nax:Pace>
      6.996107275994976
    </nax:Pace><nax:Moments>
      <nax:Halt xsi:type="nax:Halt_t" action="auto_pause">
      
    </nax:Halt>
    </nax:Moments>
    </nax:Nax>
    </TPX>
    </Extensions>
    </Trackpoint>
<Trackpoint>
      <Time>
      2024-09-05T18:06:58.618Z
    </Time><DistanceMeters>
      6.8593992767855525
    </DistanceMeters><Cadence>
      157.9740285873413
    </Cadence><SensorState>
      Present
    </SensorState><Extensions>
      <TPX xmlns="http://www.garmin.com/xmlschemas/ActivityExtension/v2">
      <nax:Nax>
      <nax:Moments>
      <nax:Halt xsi:type="nax:Halt_t" action="auto_pause">
      
    </nax:Halt>
    </nax:Moments>
    </nax:Nax>
    </TPX>
    </Extensions>
    </Trackpoint>
<Trackpoint>
      <Time>
      2024-09-05T18:06:58.893Z
    </Time><SensorState>
      Present
    </SensorState><Extensions>
      <TPX xmlns="http://www.garmin.com/xmlschemas/ActivityExtension/v2">
      <nax:Nax>
      <nax:DescentInMeters>
      0.18999862670898438
    </nax:DescentInMeters><nax:Moments>
      <nax:Halt xsi:type="nax:Halt_t" action="auto_pause">
      
    </nax:Halt>
    </nax:Moments>
    </nax:Nax>
    </TPX>
    </Extensions>
    </Trackpoint>
<Trackpoint>
      <Time>
      2024-09-05T18:06:59.196Z
    </Time><HeartRateBpm>
      <Value>
      182
    </Value>
    </HeartRateBpm><SensorState>
      Present
    </SensorState><Extensions>
      <TPX xmlns="http://www.garmin.com/xmlschemas/ActivityExtension/v2">
      <nax:Nax>
      <nax:Moments>
      <nax:Halt xsi:type="nax:Halt_t" action="auto_pause">
      
    </nax:Halt>
    </nax:Moments>
    </nax:Nax>
    </TPX>
    </Extensions>
    </Trackpoint>
<Trackpoint>
      <Time>
      2024-09-05T18:07:01.000Z
    </Time><Position>
      <LatitudeDegrees>
      47.42934128751191
    </LatitudeDegrees><LongitudeDegrees>
      -122.29784396801367
    </LongitudeDegrees>
    </Position><AltitudeMeters>
      126.16389365587384
    </AltitudeMeters><SensorState>
      Present
    </SensorState><Extensions>
      <TPX xmlns="http://www.garmin.com/xmlschemas/ActivityExtension/v2">
      <nax:Nax>
      <nax:Moments>
      <nax:Halt xsi:type="nax:Halt_t" action="auto_pause">
      
    </nax:Halt>
    </nax:Moments>
    </nax:Nax>
    </TPX>
    </Extensions>
    </Trackpoint>
<Trackpoint>
      <Time>
      2024-09-05T18:07:01.173Z
    </Time><SensorState>
      Present
    </SensorState><Extensions>
      <TPX xmlns="http://www.garmin.com/xmlschemas/ActivityExtension/v2">
      <ns3:Speed>
      2.413020046174883
    </ns3:Speed><nax:Nax>
      <nax:Pace>
      6.9069739777283035
    </nax:Pace><nax:Moments>
      <nax:Halt xsi:type="nax:Halt_t" action="auto_pause">
      
    </nax:Halt>
    </nax:Moments>
    </nax:Nax>
    </TPX>
    </Extensions>
    </Trackpoint>
<Trackpoint>
      <Time>
      2024-09-05T18:07:01.174Z
    </Time><DistanceMeters>
      6.157349361106753
    </DistanceMeters><Cadence>
      157.78696060180664
    </Cadence><SensorState>
      Present
    </SensorState><Extensions>
      <TPX xmlns="http://www.garmin.com/xmlschemas/ActivityExtension/v2">
      <nax:Nax>
      <nax:Moments>
      <nax:Halt xsi:type="nax:Halt_t" action="auto_pause">
      
    </nax:Halt>
    </nax:Moments>
    </nax:Nax>
    </TPX>
    </Extensions>
    </Trackpoint>
<Trackpoint>
      <Time>
      2024-09-05T18:07:01.475Z
    </Time><SensorState>
      Present
    </SensorState><Extensions>
      <TPX xmlns="http://www.garmin.com/xmlschemas/ActivityExtension/v2">
      <nax:Nax>
      <nax:DescentInMeters>
      0.21000099182128906
    </nax:DescentInMeters><nax:Moments>
      <nax:Halt xsi:type="nax:Halt_t" action="auto_pause">
      
    </nax:Halt>
    </nax:Moments>
    </nax:Nax>
    </TPX>
    </Extensions>
    </Trackpoint>
<Trackpoint>
      <Time>
      2024-09-05T18:07:03.729Z
    </Time><SensorState>
      Present
    </SensorState><Extensions>
      <TPX xmlns="http://www.garmin.com/xmlschemas/ActivityExtension/v2">
      <ns3:Speed>
      2.4555231010375347
    </ns3:Speed><nax:Nax>
      <nax:Pace>
      6.787420024525317
    </nax:Pace><nax:Moments>
      <nax:Halt xsi:type="nax:Halt_t" action="auto_pause">
      
    </nax:Halt>
    </nax:Moments>
    </nax:Nax>
    </TPX>
    </Extensions>
    </Trackpoint>
<Trackpoint>
      <Time>
      2024-09-05T18:07:03.730Z
    </Time><DistanceMeters>
      7.2598755126819015
    </DistanceMeters><Cadence>
      157.66345024108887
    </Cadence><SensorState>
      Present
    </SensorState><Extensions>
      <TPX xmlns="http://www.garmin.com/xmlschemas/ActivityExtension/v2">
      <nax:Nax>
      <nax:Moments>
      <nax:Halt xsi:type="nax:Halt_t" action="auto_pause">
      
    </nax:Halt>
    </nax:Moments>
    </nax:Nax>
    </TPX>
    </Extensions>
    </Trackpoint>
<Trackpoint>
      <Time>
      2024-09-05T18:07:04.056Z
    </Time><SensorState>
      Present
    </SensorState><Extensions>
      <TPX xmlns="http://www.garmin.com/xmlschemas/ActivityExtension/v2">
      <nax:Nax>
      <nax:DescentInMeters>
      0.22999954223632812
    </nax:DescentInMeters><nax:Moments>
      <nax:Halt xsi:type="nax:Halt_t" action="auto_pause">
      
    </nax:Halt>
    </nax:Moments>
    </nax:Nax>
    </TPX>
    </Extensions>
    </Trackpoint>
<Trackpoint>
      <Time>
      2024-09-05T18:07:04.196Z
    </Time><HeartRateBpm>
      <Value>
      182
    </Value>
    </HeartRateBpm><SensorState>
      Present
    </SensorState><Extensions>
      <TPX xmlns="http://www.garmin.com/xmlschemas/ActivityExtension/v2">
      <nax:Nax>
      <nax:Moments>
      <nax:Halt xsi:type="nax:Halt_t" action="auto_pause">
      
    </nax:Halt>
    </nax:Moments>
    </nax:Nax>
    </TPX>
    </Extensions>
    </Trackpoint>
<Trackpoint>
      <Time>
      2024-09-05T18:07:05.000Z
    </Time><Position>
      <LatitudeDegrees>
      47.42944108796837
    </LatitudeDegrees><LongitudeDegrees>
      -122.29784164116884
    </LongitudeDegrees>
    </Position><AltitudeMeters>
      126.40795165114105
    </AltitudeMeters><SensorState>
      Present
    </SensorState><Extensions>
      <TPX xmlns="http://www.garmin.com/xmlschemas/ActivityExtension/v2">
      <nax:Nax>
      <nax:NikeFuel>
      6.551724254147573
    </nax:NikeFuel><nax:Moments>
      <nax:Halt xsi:type="nax:Halt_t" action="auto_pause">
      
    </nax:Halt>
    </nax:Moments>
    </nax:Nax>
    </TPX>
    </Extensions>
    </Trackpoint>
<Trackpoint>
      <Time>
      2024-09-05T18:07:06.284Z
    </Time><DistanceMeters>
      6.1236514477059245
    </DistanceMeters><SensorState>
      Present
    </SensorState><Extensions>
      <TPX xmlns="http://www.garmin.com/xmlschemas/ActivityExtension/v2">
      <ns3:Speed>
      2.504731651946277
    </ns3:Speed><nax:Nax>
      <nax:Pace>
      6.654072764128643
    </nax:Pace><nax:Moments>
      <nax:Halt xsi:type="nax:Halt_t" action="auto_pause">
      
    </nax:Halt>
    </nax:Moments>
    </nax:Nax>
    </TPX>
    </Extensions>
    </Trackpoint>
<Trackpoint>
      <Time>
      2024-09-05T18:07:06.285Z
    </Time><Cadence>
      157.66350746154785
    </Cadence><SensorState>
      Present
    </SensorState><Extensions>
      <TPX xmlns="http://www.garmin.com/xmlschemas/ActivityExtension/v2">
      <nax:Nax>
      <nax:Moments>
      <nax:Halt xsi:type="nax:Halt_t" action="auto_pause">
      
    </nax:Halt>
    </nax:Moments>
    </nax:Nax>
    </TPX>
    </Extensions>
    </Trackpoint>
<Trackpoint>
      <Time>
      2024-09-05T18:07:06.637Z
    </Time><SensorState>
      Present
    </SensorState><Extensions>
      <TPX xmlns="http://www.garmin.com/xmlschemas/ActivityExtension/v2">
      <nax:Nax>
      <nax:DescentInMeters>
      0.25
    </nax:DescentInMeters><nax:Moments>
      <nax:Halt xsi:type="nax:Halt_t" action="auto_pause">
      
    </nax:Halt>
    </nax:Moments>
    </nax:Nax>
    </TPX>
    </Extensions>
    </Trackpoint>
<Trackpoint>
      <Time>
      2024-09-05T18:07:08.840Z
    </Time><SensorState>
      Present
    </SensorState><Extensions>
      <TPX xmlns="http://www.garmin.com/xmlschemas/ActivityExtension/v2">
      <ns3:Speed>
      2.496125938263135
    </ns3:Speed><nax:Nax>
      <nax:Pace>
      6.677013531722578
    </nax:Pace><nax:Moments>
      <nax:Halt xsi:type="nax:Halt_t" action="auto_pause">
      
    </nax:Halt>
    </nax:Moments>
    </nax:Nax>
    </TPX>
    </Extensions>
    </Trackpoint>
<Trackpoint>
      <Time>
      2024-09-05T18:07:08.841Z
    </Time><DistanceMeters>
      6.89274394325912
    </DistanceMeters><Cadence>
      157.54480361938477
    </Cadence><SensorState>
      Present
    </SensorState><Extensions>
      <TPX xmlns="http://www.garmin.com/xmlschemas/ActivityExtension/v2">
      <nax:Nax>
      <nax:Moments>
      <nax:Halt xsi:type="nax:Halt_t" action="auto_pause">
      
    </nax:Halt>
    </nax:Moments>
    </nax:Nax>
    </TPX>
    </Extensions>
    </Trackpoint>
<Trackpoint>
      <Time>
      2024-09-05T18:07:09.000Z
    </Time><Position>
      <LatitudeDegrees>
      47.429532285100954
    </LatitudeDegrees><LongitudeDegrees>
      -122.29785768203318
    </LongitudeDegrees>
    </Position><AltitudeMeters>
      125.26378989685327
    </AltitudeMeters><SensorState>
      Present
    </SensorState><Extensions>
      <TPX xmlns="http://www.garmin.com/xmlschemas/ActivityExtension/v2">
      <nax:Nax>
      <nax:Moments>
      <nax:Halt xsi:type="nax:Halt_t" action="auto_pause">
      
    </nax:Halt>
    </nax:Moments>
    </nax:Nax>
    </TPX>
    </Extensions>
    </Trackpoint>
<Trackpoint>
      <Time>
      2024-09-05T18:07:09.217Z
    </Time><SensorState>
      Present
    </SensorState><Extensions>
      <TPX xmlns="http://www.garmin.com/xmlschemas/ActivityExtension/v2">
      <nax:Nax>
      <nax:DescentInMeters>
      0.3099994659423828
    </nax:DescentInMeters><nax:Moments>
      <nax:Halt xsi:type="nax:Halt_t" action="auto_pause">
      
    </nax:Halt>
    </nax:Moments>
    </nax:Nax>
    </TPX>
    </Extensions>
    </Trackpoint>
<Trackpoint>
      <Time>
      2024-09-05T18:07:11.396Z
    </Time><DistanceMeters>
      5.8361004749313
    </DistanceMeters><SensorState>
      Present
    </SensorState><Extensions>
      <TPX xmlns="http://www.garmin.com/xmlschemas/ActivityExtension/v2">
      <ns3:Speed>
      2.5008239174326863
    </ns3:Speed><nax:Nax>
      <nax:Pace>
      6.664470277370208
    </nax:Pace><nax:Moments>
      <nax:Halt xsi:type="nax:Halt_t" action="auto_pause">
      
    </nax:Halt>
    </nax:Moments>
    </nax:Nax>
    </TPX>
    </Extensions>
    </Trackpoint>
<Trackpoint>
      <Time>
      2024-09-05T18:07:11.397Z
    </Time><Cadence>
      157.29409217834473
    </Cadence><SensorState>
      Present
    </SensorState><Extensions>
      <TPX xmlns="http://www.garmin.com/xmlschemas/ActivityExtension/v2">
      <nax:Nax>
      <nax:Moments>
      <nax:Halt xsi:type="nax:Halt_t" action="auto_pause">
      
    </nax:Halt>
    </nax:Moments>
    </nax:Nax>
    </TPX>
    </Extensions>
    </Trackpoint>
<Trackpoint>
      <Time>
      2024-09-05T18:07:11.799Z
    </Time><SensorState>
      Present
    </SensorState><Extensions>
      <TPX xmlns="http://www.garmin.com/xmlschemas/ActivityExtension/v2">
      <nax:Nax>
      <nax:DescentInMeters>
      0.3800010681152344
    </nax:DescentInMeters><nax:Moments>
      <nax:Halt xsi:type="nax:Halt_t" action="auto_pause">
      
    </nax:Halt>
    </nax:Moments>
    </nax:Nax>
    </TPX>
    </Extensions>
    </Trackpoint>
<Trackpoint>
      <Time>
      2024-09-05T18:07:12.196Z
    </Time><HeartRateBpm>
      <Value>
      184
    </Value>
    </HeartRateBpm><SensorState>
      Present
    </SensorState><Extensions>
      <TPX xmlns="http://www.garmin.com/xmlschemas/ActivityExtension/v2">
      <nax:Nax>
      <nax:Moments>
      <nax:Halt xsi:type="nax:Halt_t" action="auto_pause">
      
    </nax:Halt>
    </nax:Moments>
    </nax:Nax>
    </TPX>
    </Extensions>
    </Trackpoint>
<Trackpoint>
      <Time>
      2024-09-05T18:07:13.951Z
    </Time><SensorState>
      Present
    </SensorState><Extensions>
      <TPX xmlns="http://www.garmin.com/xmlschemas/ActivityExtension/v2">
      <ns3:Speed>
      2.493919403410221
    </ns3:Speed><nax:Nax>
      <nax:Pace>
      6.682921125629172
    </nax:Pace><nax:Moments>
      <nax:Halt xsi:type="nax:Halt_t" action="auto_pause">
      
    </nax:Halt>
    </nax:Moments>
    </nax:Nax>
    </TPX>
    </Extensions>
    </Trackpoint>
<Trackpoint>
      <Time>
      2024-09-05T18:07:13.952Z
    </Time><DistanceMeters>
      6.614524244330823
    </DistanceMeters><Cadence>
      157.35561847686768
    </Cadence><SensorState>
      Present
    </SensorState><Extensions>
      <TPX xmlns="http://www.garmin.com/xmlschemas/ActivityExtension/v2">
      <nax:Nax>
      <nax:Moments>
      <nax:Halt xsi:type="nax:Halt_t" action="auto_pause">
      
    </nax:Halt>
    </nax:Moments>
    </nax:Nax>
    </TPX>
    </Extensions>
    </Trackpoint>
<Trackpoint>
      <Time>
      2024-09-05T18:07:14.000Z
    </Time><Position>
      <LatitudeDegrees>
      47.42963727526273
    </LatitudeDegrees><LongitudeDegrees>
      -122.29781400960307
    </LongitudeDegrees>
    </Position><AltitudeMeters>
      124.57170585170388
    </AltitudeMeters><SensorState>
      Present
    </SensorState><Extensions>
      <TPX xmlns="http://www.garmin.com/xmlschemas/ActivityExtension/v2">
      <nax:Nax>
      <nax:Moments>
      <nax:Halt xsi:type="nax:Halt_t" action="auto_pause">
      
    </nax:Halt>
    </nax:Moments>
    </nax:Nax>
    </TPX>
    </Extensions>
    </Trackpoint>
<Trackpoint>
      <Time>
      2024-09-05T18:07:14.380Z
    </Time><SensorState>
      Present
    </SensorState><Extensions>
      <TPX xmlns="http://www.garmin.com/xmlschemas/ActivityExtension/v2">
      <nax:Nax>
      <nax:DescentInMeters>
      0.23999977111816406
    </nax:DescentInMeters><nax:Moments>
      <nax:Halt xsi:type="nax:Halt_t" action="auto_pause">
      
    </nax:Halt>
    </nax:Moments>
    </nax:Nax>
    </TPX>
    </Extensions>
    </Trackpoint>
<Trackpoint>
      <Time>
      2024-09-05T18:07:15.000Z
    </Time><SensorState>
      Present
    </SensorState><Extensions>
      <TPX xmlns="http://www.garmin.com/xmlschemas/ActivityExtension/v2">
      <nax:Nax>
      <nax:NikeFuel>
      6.602042796046206
    </nax:NikeFuel><nax:Moments>
      <nax:Halt xsi:type="nax:Halt_t" action="auto_pause">
      
    </nax:Halt>
    </nax:Moments>
    </nax:Nax>
    </TPX>
    </Extensions>
    </Trackpoint>
<Trackpoint>
      <Time>
      2024-09-05T18:07:15.196Z
    </Time><HeartRateBpm>
      <Value>
      184
    </Value>
    </HeartRateBpm><SensorState>
      Present
    </SensorState><Extensions>
      <TPX xmlns="http://www.garmin.com/xmlschemas/ActivityExtension/v2">
      <nax:Nax>
      <nax:Moments>
      <nax:Halt xsi:type="nax:Halt_t" action="auto_pause">
      
    </nax:Halt>
    </nax:Moments>
    </nax:Nax>
    </TPX>
    </Extensions>
    </Trackpoint>
<Trackpoint>
      <Time>
      2024-09-05T18:07:16.507Z
    </Time><SensorState>
      Present
    </SensorState><Extensions>
      <TPX xmlns="http://www.garmin.com/xmlschemas/ActivityExtension/v2">
      <ns3:Speed>
      2.495691002931524
    </ns3:Speed><nax:Nax>
      <nax:Pace>
      6.678177164997361
    </nax:Pace><nax:Moments>
      <nax:Halt xsi:type="nax:Halt_t" action="auto_pause">
      
    </nax:Halt>
    </nax:Moments>
    </nax:Nax>
    </TPX>
    </Extensions>
    </Trackpoint>
<Trackpoint>
      <Time>
      2024-09-05T18:07:16.508Z
    </Time><DistanceMeters>
      6.5538354543969035
    </DistanceMeters><Cadence>
      157.29422092437744
    </Cadence><SensorState>
      Present
    </SensorState><Extensions>
      <TPX xmlns="http://www.garmin.com/xmlschemas/ActivityExtension/v2">
      <nax:Nax>
      <nax:Moments>
      <nax:Halt xsi:type="nax:Halt_t" action="auto_pause">
      
    </nax:Halt>
    </nax:Moments>
    </nax:Nax>
    </TPX>
    </Extensions>
    </Trackpoint>
<Trackpoint>
      <Time>
      2024-09-05T18:07:16.960Z
    </Time><SensorState>
      Present
    </SensorState><Extensions>
      <TPX xmlns="http://www.garmin.com/xmlschemas/ActivityExtension/v2">
      <nax:Nax>
      <nax:DescentInMeters>
      0.1399993896484375
    </nax:DescentInMeters><nax:Moments>
      <nax:Halt xsi:type="nax:Halt_t" action="auto_pause">
      
    </nax:Halt>
    </nax:Moments>
    </nax:Nax>
    </TPX>
    </Extensions>
    </Trackpoint>
<Trackpoint>
      <Time>
      2024-09-05T18:07:18.000Z
    </Time><Position>
      <LatitudeDegrees>
      47.429727266111115
    </LatitudeDegrees><LongitudeDegrees>
      -122.29781031923993
    </LongitudeDegrees>
    </Position><AltitudeMeters>
      124.09375795722008
    </AltitudeMeters><SensorState>
      Present
    </SensorState><Extensions>
      <TPX xmlns="http://www.garmin.com/xmlschemas/ActivityExtension/v2">
      <nax:Nax>
      <nax:Moments>
      <nax:Halt xsi:type="nax:Halt_t" action="auto_pause">
      
    </nax:Halt>
    </nax:Moments>
    </nax:Nax>
    </TPX>
    </Extensions>
    </Trackpoint>
<Trackpoint>
      <Time>
      2024-09-05T18:07:19.063Z
    </Time><SensorState>
      Present
    </SensorState><Extensions>
      <TPX xmlns="http://www.garmin.com/xmlschemas/ActivityExtension/v2">
      <ns3:Speed>
      2.4744490045972616
    </ns3:Speed><nax:Nax>
      <nax:Pace>
      6.735506222072785
    </nax:Pace><nax:Moments>
      <nax:Halt xsi:type="nax:Halt_t" action="auto_pause">
      
    </nax:Halt>
    </nax:Moments>
    </nax:Nax>
    </TPX>
    </Extensions>
    </Trackpoint>
<Trackpoint>
      <Time>
      2024-09-05T18:07:19.064Z
    </Time><DistanceMeters>
      7.362718707881868
    </DistanceMeters><Cadence>
      157.3557186126709
    </Cadence><SensorState>
      Present
    </SensorState><Extensions>
      <TPX xmlns="http://www.garmin.com/xmlschemas/ActivityExtension/v2">
      <nax:Nax>
      <nax:Moments>
      <nax:Halt xsi:type="nax:Halt_t" action="auto_pause">
      
    </nax:Halt>
    </nax:Moments>
    </nax:Nax>
    </TPX>
    </Extensions>
    </Trackpoint>
<Trackpoint>
      <Time>
      2024-09-05T18:07:19.541Z
    </Time><SensorState>
      Present
    </SensorState><Extensions>
      <TPX xmlns="http://www.garmin.com/xmlschemas/ActivityExtension/v2">
      <nax:Nax>
      <nax:DescentInMeters>
      0.4500002861022949
    </nax:DescentInMeters><nax:Moments>
      <nax:Halt xsi:type="nax:Halt_t" action="auto_pause">
      
    </nax:Halt>
    </nax:Moments>
    </nax:Nax>
    </TPX>
    </Extensions>
    </Trackpoint>
<Trackpoint>
      <Time>
      2024-09-05T18:07:21.000Z
    </Time><Position>
      <LatitudeDegrees>
      47.42981677112736
    </LatitudeDegrees><LongitudeDegrees>
      -122.29778086805516
    </LongitudeDegrees>
    </Position><AltitudeMeters>
      123.0483713503927
    </AltitudeMeters><SensorState>
      Present
    </SensorState><Extensions>
      <TPX xmlns="http://www.garmin.com/xmlschemas/ActivityExtension/v2">
      <nax:Nax>
      <nax:Moments>
      <nax:Halt xsi:type="nax:Halt_t" action="auto_pause">
      
    </nax:Halt>
    </nax:Moments>
    </nax:Nax>
    </TPX>
    </Extensions>
    </Trackpoint>
<Trackpoint>
      <Time>
      2024-09-05T18:07:21.196Z
    </Time><HeartRateBpm>
      <Value>
      183
    </Value>
    </HeartRateBpm><SensorState>
      Present
    </SensorState><Extensions>
      <TPX xmlns="http://www.garmin.com/xmlschemas/ActivityExtension/v2">
      <nax:Nax>
      <nax:Moments>
      <nax:Halt xsi:type="nax:Halt_t" action="auto_pause">
      
    </nax:Halt>
    </nax:Moments>
    </nax:Nax>
    </TPX>
    </Extensions>
    </Trackpoint>
<Trackpoint>
      <Time>
      2024-09-05T18:07:21.618Z
    </Time><SensorState>
      Present
    </SensorState><Extensions>
      <TPX xmlns="http://www.garmin.com/xmlschemas/ActivityExtension/v2">
      <ns3:Speed>
      2.5532108011517316
    </ns3:Speed><nax:Nax>
      <nax:Pace>
      6.527728403447328
    </nax:Pace><nax:Moments>
      <nax:Halt xsi:type="nax:Halt_t" action="auto_pause">
      
    </nax:Halt>
    </nax:Moments>
    </nax:Nax>
    </TPX>
    </Extensions>
    </Trackpoint>
<Trackpoint>
      <Time>
      2024-09-05T18:07:21.619Z
    </Time><DistanceMeters>
      7.23517815861851
    </DistanceMeters><Cadence>
      157.23292350769043
    </Cadence><SensorState>
      Present
    </SensorState><Extensions>
      <TPX xmlns="http://www.garmin.com/xmlschemas/ActivityExtension/v2">
      <nax:Nax>
      <nax:Moments>
      <nax:Halt xsi:type="nax:Halt_t" action="auto_pause">
      
    </nax:Halt>
    </nax:Moments>
    </nax:Nax>
    </TPX>
    </Extensions>
    </Trackpoint>
<Trackpoint>
      <Time>
      2024-09-05T18:07:22.123Z
    </Time><SensorState>
      Present
    </SensorState><Extensions>
      <TPX xmlns="http://www.garmin.com/xmlschemas/ActivityExtension/v2">
      <nax:Nax>
      <nax:DescentInMeters>
      0.40000057220458984
    </nax:DescentInMeters><nax:Moments>
      <nax:Halt xsi:type="nax:Halt_t" action="auto_pause">
      
    </nax:Halt>
    </nax:Moments>
    </nax:Nax>
    </TPX>
    </Extensions>
    </Trackpoint>
<Trackpoint>
      <Time>
      2024-09-05T18:07:24.174Z
    </Time><SensorState>
      Present
    </SensorState><Extensions>
      <TPX xmlns="http://www.garmin.com/xmlschemas/ActivityExtension/v2">
      <ns3:Speed>
      2.5549768461426736
    </ns3:Speed><nax:Nax>
      <nax:Pace>
      6.523216322617107
    </nax:Pace><nax:Moments>
      <nax:Halt xsi:type="nax:Halt_t" action="auto_pause">
      
    </nax:Halt>
    </nax:Moments>
    </nax:Nax>
    </TPX>
    </Extensions>
    </Trackpoint>
<Trackpoint>
      <Time>
      2024-09-05T18:07:24.175Z
    </Time><DistanceMeters>
      6.718188781291246
    </DistanceMeters><Cadence>
      157.2330093383789
    </Cadence><SensorState>
      Present
    </SensorState><Extensions>
      <TPX xmlns="http://www.garmin.com/xmlschemas/ActivityExtension/v2">
      <nax:Nax>
      <nax:Moments>
      <nax:Halt xsi:type="nax:Halt_t" action="auto_pause">
      
    </nax:Halt>
    </nax:Moments>
    </nax:Nax>
    </TPX>
    </Extensions>
    </Trackpoint>
<Trackpoint>
      <Time>
      2024-09-05T18:07:24.704Z
    </Time><SensorState>
      Present
    </SensorState><Extensions>
      <TPX xmlns="http://www.garmin.com/xmlschemas/ActivityExtension/v2">
      <nax:Nax>
      <nax:DescentInMeters>
      0.3099994659423828
    </nax:DescentInMeters><nax:Moments>
      <nax:Halt xsi:type="nax:Halt_t" action="auto_pause">
      
    </nax:Halt>
    </nax:Moments>
    </nax:Nax>
    </TPX>
    </Extensions>
    </Trackpoint>
<Trackpoint>
      <Time>
      2024-09-05T18:07:25.000Z
    </Time><SensorState>
      Present
    </SensorState><Extensions>
      <TPX xmlns="http://www.garmin.com/xmlschemas/ActivityExtension/v2">
      <nax:Nax>
      <nax:NikeFuel>
      6.75154964633029
    </nax:NikeFuel><nax:Moments>
      <nax:Halt xsi:type="nax:Halt_t" action="auto_pause">
      
    </nax:Halt>
    </nax:Moments>
    </nax:Nax>
    </TPX>
    </Extensions>
    </Trackpoint>
<Trackpoint>
      <Time>
      2024-09-05T18:07:25.196Z
    </Time><HeartRateBpm>
      <Value>
      183
    </Value>
    </HeartRateBpm><SensorState>
      Present
    </SensorState><Extensions>
      <TPX xmlns="http://www.garmin.com/xmlschemas/ActivityExtension/v2">
      <nax:Nax>
      <nax:Moments>
      <nax:Halt xsi:type="nax:Halt_t" action="auto_pause">
      
    </nax:Halt>
    </nax:Moments>
    </nax:Nax>
    </TPX>
    </Extensions>
    </Trackpoint>
<Trackpoint>
      <Time>
      2024-09-05T18:07:26.000Z
    </Time><Position>
      <LatitudeDegrees>
      47.429923100983245
    </LatitudeDegrees><LongitudeDegrees>
      -122.29774311167922
    </LongitudeDegrees>
    </Position><AltitudeMeters>
      124.26578214764595
    </AltitudeMeters><SensorState>
      Present
    </SensorState><Extensions>
      <TPX xmlns="http://www.garmin.com/xmlschemas/ActivityExtension/v2">
      <nax:Nax>
      <nax:Moments>
      <nax:Halt xsi:type="nax:Halt_t" action="auto_pause">
      
    </nax:Halt>
    </nax:Moments>
    </nax:Nax>
    </TPX>
    </Extensions>
    </Trackpoint>
<Trackpoint>
      <Time>
      2024-09-05T18:07:26.730Z
    </Time><SensorState>
      Present
    </SensorState><Extensions>
      <TPX xmlns="http://www.garmin.com/xmlschemas/ActivityExtension/v2">
      <ns3:Speed>
      2.568229442193682
    </ns3:Speed><nax:Nax>
      <nax:Pace>
      6.4895551748019225
    </nax:Pace><nax:Moments>
      <nax:Halt xsi:type="nax:Halt_t" action="auto_pause">
      
    </nax:Halt>
    </nax:Moments>
    </nax:Nax>
    </TPX>
    </Extensions>
    </Trackpoint>
<Trackpoint>
      <Time>
      2024-09-05T18:07:26.731Z
    </Time><DistanceMeters>
      7.127660382539034
    </DistanceMeters><Cadence>
      157.1717119216919
    </Cadence><SensorState>
      Present
    </SensorState><Extensions>
      <TPX xmlns="http://www.garmin.com/xmlschemas/ActivityExtension/v2">
      <nax:Nax>
      <nax:Moments>
      <nax:Halt xsi:type="nax:Halt_t" action="auto_pause">
      
    </nax:Halt>
    </nax:Moments>
    </nax:Nax>
    </TPX>
    </Extensions>
    </Trackpoint>
<Trackpoint>
      <Time>
      2024-09-05T18:07:27.284Z
    </Time><SensorState>
      Present
    </SensorState><Extensions>
      <TPX xmlns="http://www.garmin.com/xmlschemas/ActivityExtension/v2">
      <nax:Nax>
      <nax:DescentInMeters>
      0.39999961853027344
    </nax:DescentInMeters><nax:Moments>
      <nax:Halt xsi:type="nax:Halt_t" action="auto_pause">
      
    </nax:Halt>
    </nax:Moments>
    </nax:Nax>
    </TPX>
    </Extensions>
    </Trackpoint>
<Trackpoint>
      <Time>
      2024-09-05T18:07:29.196Z
    </Time><HeartRateBpm>
      <Value>
      182
    </Value>
    </HeartRateBpm><SensorState>
      Present
    </SensorState><Extensions>
      <TPX xmlns="http://www.garmin.com/xmlschemas/ActivityExtension/v2">
      <nax:Nax>
      <nax:Moments>
      <nax:Halt xsi:type="nax:Halt_t" action="auto_pause">
      
    </nax:Halt>
    </nax:Moments>
    </nax:Nax>
    </TPX>
    </Extensions>
    </Trackpoint>
<Trackpoint>
      <Time>
      2024-09-05T18:07:29.286Z
    </Time><SensorState>
      Present
    </SensorState><Extensions>
      <TPX xmlns="http://www.garmin.com/xmlschemas/ActivityExtension/v2">
      <ns3:Speed>
      2.5731929098711794
    </ns3:Speed><nax:Nax>
      <nax:Pace>
      6.477037381352432
    </nax:Pace><nax:Moments>
      <nax:Halt xsi:type="nax:Halt_t" action="auto_pause">
      
    </nax:Halt>
    </nax:Moments>
    </nax:Nax>
    </TPX>
    </Extensions>
    </Trackpoint>
<Trackpoint>
      <Time>
      2024-09-05T18:07:29.287Z
    </Time><DistanceMeters>
      6.0461372043937445
    </DistanceMeters><Cadence>
      156.85598373413086
    </Cadence><SensorState>
      Present
    </SensorState><Extensions>
      <TPX xmlns="http://www.garmin.com/xmlschemas/ActivityExtension/v2">
      <nax:Nax>
      <nax:Moments>
      <nax:Halt xsi:type="nax:Halt_t" action="auto_pause">
      
    </nax:Halt>
    </nax:Moments>
    </nax:Nax>
    </TPX>
    </Extensions>
    </Trackpoint>
<Trackpoint>
      <Time>
      2024-09-05T18:07:29.866Z
    </Time><SensorState>
      Present
    </SensorState><Extensions>
      <TPX xmlns="http://www.garmin.com/xmlschemas/ActivityExtension/v2">
      <nax:Nax>
      <nax:DescentInMeters>
      0.48000049591064453
    </nax:DescentInMeters><nax:Moments>
      <nax:Halt xsi:type="nax:Halt_t" action="auto_pause">
      
    </nax:Halt>
    </nax:Moments>
    </nax:Nax>
    </TPX>
    </Extensions>
    </Trackpoint>
<Trackpoint>
      <Time>
      2024-09-05T18:07:30.000Z
    </Time><Position>
      <LatitudeDegrees>
      47.430025345872785
    </LatitudeDegrees><LongitudeDegrees>
      -122.29777756380417
    </LongitudeDegrees>
    </Position><AltitudeMeters>
      121.81610954739153
    </AltitudeMeters><SensorState>
      Present
    </SensorState><Extensions>
      <TPX xmlns="http://www.garmin.com/xmlschemas/ActivityExtension/v2">
      <nax:Nax>
      <nax:Moments>
      <nax:Halt xsi:type="nax:Halt_t" action="auto_pause">
      
    </nax:Halt>
    </nax:Moments>
    </nax:Nax>
    </TPX>
    </Extensions>
    </Trackpoint>
<Trackpoint>
      <Time>
      2024-09-05T18:07:31.841Z
    </Time><SensorState>
      Present
    </SensorState><Extensions>
      <TPX xmlns="http://www.garmin.com/xmlschemas/ActivityExtension/v2">
      <ns3:Speed>
      2.585129264947074
    </ns3:Speed><nax:Nax>
      <nax:Pace>
      6.447130862141971
    </nax:Pace><nax:Moments>
      <nax:Halt xsi:type="nax:Halt_t" action="auto_pause">
      
    </nax:Halt>
    </nax:Moments>
    </nax:Nax>
    </TPX>
    </Extensions>
    </Trackpoint>
<Trackpoint>
      <Time>
      2024-09-05T18:07:31.842Z
    </Time><DistanceMeters>
      6.878985498100519
    </DistanceMeters><Cadence>
      156.6826343536377
    </Cadence><SensorState>
      Present
    </SensorState><Extensions>
      <TPX xmlns="http://www.garmin.com/xmlschemas/ActivityExtension/v2">
      <nax:Nax>
      <nax:Moments>
      <nax:Halt xsi:type="nax:Halt_t" action="auto_pause">
      
    </nax:Halt>
    </nax:Moments>
    </nax:Nax>
    </TPX>
    </Extensions>
    </Trackpoint>
<Trackpoint>
      <Time>
      2024-09-05T18:07:32.447Z
    </Time><SensorState>
      Present
    </SensorState><Extensions>
      <TPX xmlns="http://www.garmin.com/xmlschemas/ActivityExtension/v2">
      <nax:Nax>
      <nax:DescentInMeters>
      0.48000001907348633
    </nax:DescentInMeters><nax:Moments>
      <nax:Halt xsi:type="nax:Halt_t" action="auto_pause">
      
    </nax:Halt>
    </nax:Moments>
    </nax:Nax>
    </TPX>
    </Extensions>
    </Trackpoint>
<Trackpoint>
      <Time>
      2024-09-05T18:07:34.000Z
    </Time><Position>
      <LatitudeDegrees>
      47.43012461263599
    </LatitudeDegrees><LongitudeDegrees>
      -122.29777244880319
    </LongitudeDegrees>
    </Position><AltitudeMeters>
      121.48898914363235
    </AltitudeMeters><SensorState>
      Present
    </SensorState><Extensions>
      <TPX xmlns="http://www.garmin.com/xmlschemas/ActivityExtension/v2">
      <nax:Nax>
      <nax:Moments>
      <nax:Halt xsi:type="nax:Halt_t" action="auto_pause">
      
    </nax:Halt>
    </nax:Moments>
    </nax:Nax>
    </TPX>
    </Extensions>
    </Trackpoint>
<Trackpoint>
      <Time>
      2024-09-05T18:07:34.397Z
    </Time><SensorState>
      Present
    </SensorState><Extensions>
      <TPX xmlns="http://www.garmin.com/xmlschemas/ActivityExtension/v2">
      <ns3:Speed>
      2.5975743942174763
    </ns3:Speed><nax:Nax>
      <nax:Pace>
      6.416242285021264
    </nax:Pace><nax:Moments>
      <nax:Halt xsi:type="nax:Halt_t" action="auto_pause">
      
    </nax:Halt>
    </nax:Moments>
    </nax:Nax>
    </TPX>
    </Extensions>
    </Trackpoint>
<Trackpoint>
      <Time>
      2024-09-05T18:07:34.398Z
    </Time><DistanceMeters>
      6.760000444017351
    </DistanceMeters><Cadence>
      156.6826343536377
    </Cadence><SensorState>
      Present
    </SensorState><Extensions>
      <TPX xmlns="http://www.garmin.com/xmlschemas/ActivityExtension/v2">
      <nax:Nax>
      <nax:Moments>
      <nax:Halt xsi:type="nax:Halt_t" action="auto_pause">
      
    </nax:Halt>
    </nax:Moments>
    </nax:Nax>
    </TPX>
    </Extensions>
    </Trackpoint>
<Trackpoint>
      <Time>
      2024-09-05T18:07:35.000Z
    </Time><SensorState>
      Present
    </SensorState><Extensions>
      <TPX xmlns="http://www.garmin.com/xmlschemas/ActivityExtension/v2">
      <nax:Nax>
      <nax:NikeFuel>
      7.587090680870649
    </nax:NikeFuel><nax:Moments>
      <nax:Halt xsi:type="nax:Halt_t" action="auto_pause">
      
    </nax:Halt>
    </nax:Moments>
    </nax:Nax>
    </TPX>
    </Extensions>
    </Trackpoint>
<Trackpoint>
      <Time>
      2024-09-05T18:07:35.028Z
    </Time><SensorState>
      Present
    </SensorState><Extensions>
      <TPX xmlns="http://www.garmin.com/xmlschemas/ActivityExtension/v2">
      <nax:Nax>
      <nax:DescentInMeters>
      0.5099997520446777
    </nax:DescentInMeters><nax:Moments>
      <nax:Halt xsi:type="nax:Halt_t" action="auto_pause">
      
    </nax:Halt>
    </nax:Moments>
    </nax:Nax>
    </TPX>
    </Extensions>
    </Trackpoint>
<Trackpoint>
      <Time>
      2024-09-05T18:07:36.953Z
    </Time><SensorState>
      Present
    </SensorState><Extensions>
      <TPX xmlns="http://www.garmin.com/xmlschemas/ActivityExtension/v2">
      <ns3:Speed>
      2.56781057930525
    </ns3:Speed><nax:Nax>
      <nax:Pace>
      6.49061375515324
    </nax:Pace><nax:Moments>
      <nax:Halt xsi:type="nax:Halt_t" action="auto_pause">
      
    </nax:Halt>
    </nax:Moments>
    </nax:Nax>
    </TPX>
    </Extensions>
    </Trackpoint>
<Trackpoint>
      <Time>
      2024-09-05T18:07:36.954Z
    </Time><DistanceMeters>
      8.293452957645059
    </DistanceMeters><Cadence>
      156.6826343536377
    </Cadence><SensorState>
      Present
    </SensorState><Extensions>
      <TPX xmlns="http://www.garmin.com/xmlschemas/ActivityExtension/v2">
      <nax:Nax>
      <nax:Moments>
      <nax:Halt xsi:type="nax:Halt_t" action="auto_pause">
      
    </nax:Halt>
    </nax:Moments>
    </nax:Nax>
    </TPX>
    </Extensions>
    </Trackpoint>
<Trackpoint>
      <Time>
      2024-09-05T18:07:37.610Z
    </Time><SensorState>
      Present
    </SensorState><Extensions>
      <TPX xmlns="http://www.garmin.com/xmlschemas/ActivityExtension/v2">
      <nax:Nax>
      <nax:DescentInMeters>
      0.5600004196166992
    </nax:DescentInMeters><nax:Moments>
      <nax:Halt xsi:type="nax:Halt_t" action="auto_pause">
      
    </nax:Halt>
    </nax:Moments>
    </nax:Nax>
    </TPX>
    </Extensions>
    </Trackpoint>
<Trackpoint>
      <Time>
      2024-09-05T18:07:37.999Z
    </Time><Position>
      <LatitudeDegrees>
      47.43022593343955
    </LatitudeDegrees><LongitudeDegrees>
      -122.29781337835433
    </LongitudeDegrees>
    </Position><AltitudeMeters>
      120.27475573960692
    </AltitudeMeters><SensorState>
      Present
    </SensorState><Extensions>
      <TPX xmlns="http://www.garmin.com/xmlschemas/ActivityExtension/v2">
      <nax:Nax>
      <nax:Moments>
      <nax:Halt xsi:type="nax:Halt_t" action="auto_pause">
      
    </nax:Halt>
    </nax:Moments>
    </nax:Nax>
    </TPX>
    </Extensions>
    </Trackpoint>
<Trackpoint>
      <Time>
      2024-09-05T18:07:38.196Z
    </Time><HeartRateBpm>
      <Value>
      182
    </Value>
    </HeartRateBpm><SensorState>
      Present
    </SensorState><Extensions>
      <TPX xmlns="http://www.garmin.com/xmlschemas/ActivityExtension/v2">
      <nax:Nax>
      <nax:Moments>
      <nax:Halt xsi:type="nax:Halt_t" action="auto_pause">
      
    </nax:Halt>
    </nax:Moments>
    </nax:Nax>
    </TPX>
    </Extensions>
    </Trackpoint>
<Trackpoint>
      <Time>
      2024-09-05T18:07:39.508Z
    </Time><DistanceMeters>
      9.933945469558239
    </DistanceMeters><SensorState>
      Present
    </SensorState><Extensions>
      <TPX xmlns="http://www.garmin.com/xmlschemas/ActivityExtension/v2">
      <ns3:Speed>
      2.631490844275801
    </ns3:Speed><nax:Nax>
      <nax:Pace>
      6.333545375208558
    </nax:Pace><nax:Moments>
      <nax:Halt xsi:type="nax:Halt_t" action="auto_pause">
      
    </nax:Halt>
    </nax:Moments>
    </nax:Nax>
    </TPX>
    </Extensions>
    </Trackpoint>
<Trackpoint>
      <Time>
      2024-09-05T18:07:39.509Z
    </Time><Cadence>
      156.92695140838623
    </Cadence><SensorState>
      Present
    </SensorState><Extensions>
      <TPX xmlns="http://www.garmin.com/xmlschemas/ActivityExtension/v2">
      <nax:Nax>
      <nax:Moments>
      <nax:Halt xsi:type="nax:Halt_t" action="auto_pause">
      
    </nax:Halt>
    </nax:Moments>
    </nax:Nax>
    </TPX>
    </Extensions>
    </Trackpoint>
<Trackpoint>
      <Time>
      2024-09-05T18:07:40.191Z
    </Time><SensorState>
      Present
    </SensorState><Extensions>
      <TPX xmlns="http://www.garmin.com/xmlschemas/ActivityExtension/v2">
      <nax:Nax>
      <nax:DescentInMeters>
      0.5399999618530273
    </nax:DescentInMeters><nax:Moments>
      <nax:Halt xsi:type="nax:Halt_t" action="auto_pause">
      
    </nax:Halt>
    </nax:Moments>
    </nax:Nax>
    </TPX>
    </Extensions>
    </Trackpoint>
<Trackpoint>
      <Time>
      2024-09-05T18:07:40.999Z
    </Time><Position>
      <LatitudeDegrees>
      47.43031597174193
    </LatitudeDegrees><LongitudeDegrees>
      -122.29790148106441
    </LongitudeDegrees>
    </Position><AltitudeMeters>
      119.68508289195597
    </AltitudeMeters><SensorState>
      Present
    </SensorState><Extensions>
      <TPX xmlns="http://www.garmin.com/xmlschemas/ActivityExtension/v2">
      <nax:Nax>
      <nax:Moments>
      <nax:Halt xsi:type="nax:Halt_t" action="auto_pause">
      
    </nax:Halt>
    </nax:Moments>
    </nax:Nax>
    </TPX>
    </Extensions>
    </Trackpoint>
<Trackpoint>
      <Time>
      2024-09-05T18:07:42.064Z
    </Time><SensorState>
      Present
    </SensorState><Extensions>
      <TPX xmlns="http://www.garmin.com/xmlschemas/ActivityExtension/v2">
      <ns3:Speed>
      3.3244622771379166
    </ns3:Speed><nax:Nax>
      <nax:Pace>
      5.013342091827033
    </nax:Pace><nax:Moments>
      <nax:Halt xsi:type="nax:Halt_t" action="auto_pause">
      
    </nax:Halt>
    </nax:Moments>
    </nax:Nax>
    </TPX>
    </Extensions>
    </Trackpoint>
<Trackpoint>
      <Time>
      2024-09-05T18:07:42.065Z
    </Time><DistanceMeters>
      8.112333768978715
    </DistanceMeters><Cadence>
      157.17204093933105
    </Cadence><SensorState>
      Present
    </SensorState><Extensions>
      <TPX xmlns="http://www.garmin.com/xmlschemas/ActivityExtension/v2">
      <nax:Nax>
      <nax:Moments>
      <nax:Halt xsi:type="nax:Halt_t" action="auto_pause">
      
    </nax:Halt>
    </nax:Moments>
    </nax:Nax>
    </TPX>
    </Extensions>
    </Trackpoint>
<Trackpoint>
      <Time>
      2024-09-05T18:07:42.196Z
    </Time><HeartRateBpm>
      <Value>
      182
    </Value>
    </HeartRateBpm><SensorState>
      Present
    </SensorState><Extensions>
      <TPX xmlns="http://www.garmin.com/xmlschemas/ActivityExtension/v2">
      <nax:Nax>
      <nax:Moments>
      <nax:Halt xsi:type="nax:Halt_t" action="auto_pause">
      
    </nax:Halt>
    </nax:Moments>
    </nax:Nax>
    </TPX>
    </Extensions>
    </Trackpoint>
<Trackpoint>
      <Time>
      2024-09-05T18:07:42.771Z
    </Time><SensorState>
      Present
    </SensorState><Extensions>
      <TPX xmlns="http://www.garmin.com/xmlschemas/ActivityExtension/v2">
      <nax:Nax>
      <nax:DescentInMeters>
      0.5
    </nax:DescentInMeters><nax:Moments>
      <nax:Halt xsi:type="nax:Halt_t" action="auto_pause">
      
    </nax:Halt>
    </nax:Moments>
    </nax:Nax>
    </TPX>
    </Extensions>
    </Trackpoint>
<Trackpoint>
      <Time>
      2024-09-05T18:07:44.620Z
    </Time><DistanceMeters>
      7.7011178052052855
    </DistanceMeters><SensorState>
      Present
    </SensorState><Extensions>
      <TPX xmlns="http://www.garmin.com/xmlschemas/ActivityExtension/v2">
      <ns3:Speed>
      3.1740425974654105
    </ns3:Speed><nax:Nax>
      <nax:Pace>
      5.25092721817143
    </nax:Pace><nax:Moments>
      <nax:Halt xsi:type="nax:Halt_t" action="auto_pause">
      
    </nax:Halt>
    </nax:Moments>
    </nax:Nax>
    </TPX>
    </Extensions>
    </Trackpoint>
<Trackpoint>
      <Time>
      2024-09-05T18:07:44.621Z
    </Time><Cadence>
      157.30133056640625
    </Cadence><SensorState>
      Present
    </SensorState><Extensions>
      <TPX xmlns="http://www.garmin.com/xmlschemas/ActivityExtension/v2">
      <nax:Nax>
      <nax:Moments>
      <nax:Halt xsi:type="nax:Halt_t" action="auto_pause">
      
    </nax:Halt>
    </nax:Moments>
    </nax:Nax>
    </TPX>
    </Extensions>
    </Trackpoint>
<Trackpoint>
      <Time>
      2024-09-05T18:07:44.999Z
    </Time><Position>
      <LatitudeDegrees>
      47.43042323098948
    </LatitudeDegrees><LongitudeDegrees>
      -122.29793112155272
    </LongitudeDegrees>
    </Position><AltitudeMeters>
      119.60845556296408
    </AltitudeMeters><SensorState>
      Present
    </SensorState><Extensions>
      <TPX xmlns="http://www.garmin.com/xmlschemas/ActivityExtension/v2">
      <nax:Nax>
      <nax:Moments>
      <nax:Halt xsi:type="nax:Halt_t" action="auto_pause">
      
    </nax:Halt>
    </nax:Moments>
    </nax:Nax>
    </TPX>
    </Extensions>
    </Trackpoint>
<Trackpoint>
      <Time>
      2024-09-05T18:07:45.000Z
    </Time><SensorState>
      Present
    </SensorState><Extensions>
      <TPX xmlns="http://www.garmin.com/xmlschemas/ActivityExtension/v2">
      <nax:Nax>
      <nax:NikeFuel>
      7.228297070769278
    </nax:NikeFuel><nax:Moments>
      <nax:Halt xsi:type="nax:Halt_t" action="auto_pause">
      
    </nax:Halt>
    </nax:Moments>
    </nax:Nax>
    </TPX>
    </Extensions>
    </Trackpoint>
<Trackpoint>
      <Time>
      2024-09-05T18:07:45.353Z
    </Time><SensorState>
      Present
    </SensorState><Extensions>
      <TPX xmlns="http://www.garmin.com/xmlschemas/ActivityExtension/v2">
      <nax:Nax>
      <nax:DescentInMeters>
      0.5199999809265137
    </nax:DescentInMeters><nax:Moments>
      <nax:Halt xsi:type="nax:Halt_t" action="auto_pause">
      
    </nax:Halt>
    </nax:Moments>
    </nax:Nax>
    </TPX>
    </Extensions>
    </Trackpoint>
<Trackpoint>
      <Time>
      2024-09-05T18:07:46.196Z
    </Time><HeartRateBpm>
      <Value>
      181
    </Value>
    </HeartRateBpm><SensorState>
      Present
    </SensorState><Extensions>
      <TPX xmlns="http://www.garmin.com/xmlschemas/ActivityExtension/v2">
      <nax:Nax>
      <nax:Moments>
      <nax:Halt xsi:type="nax:Halt_t" action="auto_pause">
      
    </nax:Halt>
    </nax:Moments>
    </nax:Nax>
    </TPX>
    </Extensions>
    </Trackpoint>
<Trackpoint>
      <Time>
      2024-09-05T18:07:47.175Z
    </Time><SensorState>
      Present
    </SensorState><Extensions>
      <TPX xmlns="http://www.garmin.com/xmlschemas/ActivityExtension/v2">
      <ns3:Speed>
      3.0963857852337795
    </ns3:Speed><nax:Nax>
      <nax:Pace>
      5.382619551526044
    </nax:Pace><nax:Moments>
      <nax:Halt xsi:type="nax:Halt_t" action="auto_pause">
      
    </nax:Halt>
    </nax:Moments>
    </nax:Nax>
    </TPX>
    </Extensions>
    </Trackpoint>
<Trackpoint>
      <Time>
      2024-09-05T18:07:47.176Z
    </Time><DistanceMeters>
      7.28387601301074
    </DistanceMeters><Cadence>
      157.42351055145264
    </Cadence><SensorState>
      Present
    </SensorState><Extensions>
      <TPX xmlns="http://www.garmin.com/xmlschemas/ActivityExtension/v2">
      <nax:Nax>
      <nax:Moments>
      <nax:Halt xsi:type="nax:Halt_t" action="auto_pause">
      
    </nax:Halt>
    </nax:Moments>
    </nax:Nax>
    </TPX>
    </Extensions>
    </Trackpoint>
<Trackpoint>
      <Time>
      2024-09-05T18:07:47.934Z
    </Time><SensorState>
      Present
    </SensorState><Extensions>
      <TPX xmlns="http://www.garmin.com/xmlschemas/ActivityExtension/v2">
      <nax:Nax>
      <nax:DescentInMeters>
      0.5399997234344482
    </nax:DescentInMeters><nax:Moments>
      <nax:Halt xsi:type="nax:Halt_t" action="auto_pause">
      
    </nax:Halt>
    </nax:Moments>
    </nax:Nax>
    </TPX>
    </Extensions>
    </Trackpoint>
<Trackpoint>
      <Time>
      2024-09-05T18:07:49.000Z
    </Time><Position>
      <LatitudeDegrees>
      47.430520054772416
    </LatitudeDegrees><LongitudeDegrees>
      -122.29794456929172
    </LongitudeDegrees>
    </Position><AltitudeMeters>
      118.01169103197753
    </AltitudeMeters><SensorState>
      Present
    </SensorState><Extensions>
      <TPX xmlns="http://www.garmin.com/xmlschemas/ActivityExtension/v2">
      <nax:Nax>
      <nax:Moments>
      <nax:Halt xsi:type="nax:Halt_t" action="auto_pause">
      
    </nax:Halt>
    </nax:Moments>
    </nax:Nax>
    </TPX>
    </Extensions>
    </Trackpoint>
<Trackpoint>
      <Time>
      2024-09-05T18:07:49.731Z
    </Time><DistanceMeters>
      4.9748613415285945
    </DistanceMeters><SensorState>
      Present
    </SensorState><Extensions>
      <TPX xmlns="http://www.garmin.com/xmlschemas/ActivityExtension/v2">
      <ns3:Speed>
      2.9841667152076305
    </ns3:Speed><nax:Nax>
      <nax:Pace>
      5.585032023087572
    </nax:Pace><nax:Moments>
      <nax:Halt xsi:type="nax:Halt_t" action="auto_pause">
      
    </nax:Halt>
    </nax:Moments>
    </nax:Nax>
    </TPX>
    </Extensions>
    </Trackpoint>
<Trackpoint>
      <Time>
      2024-09-05T18:07:49.732Z
    </Time><Cadence>
      157.54127025604248
    </Cadence><SensorState>
      Present
    </SensorState><Extensions>
      <TPX xmlns="http://www.garmin.com/xmlschemas/ActivityExtension/v2">
      <nax:Nax>
      <nax:Moments>
      <nax:Halt xsi:type="nax:Halt_t" action="auto_pause">
      
    </nax:Halt>
    </nax:Moments>
    </nax:Nax>
    </TPX>
    </Extensions>
    </Trackpoint>
<Trackpoint>
      <Time>
      2024-09-05T18:07:50.514Z
    </Time><SensorState>
      Present
    </SensorState><Extensions>
      <TPX xmlns="http://www.garmin.com/xmlschemas/ActivityExtension/v2">
      <nax:Nax>
      <nax:DescentInMeters>
      0.75
    </nax:DescentInMeters><nax:Moments>
      <nax:Halt xsi:type="nax:Halt_t" action="auto_pause">
      
    </nax:Halt>
    </nax:Moments>
    </nax:Nax>
    </TPX>
    </Extensions>
    </Trackpoint>
<Trackpoint>
      <Time>
      2024-09-05T18:07:52.196Z
    </Time><HeartRateBpm>
      <Value>
      181
    </Value>
    </HeartRateBpm><SensorState>
      Present
    </SensorState><Extensions>
      <TPX xmlns="http://www.garmin.com/xmlschemas/ActivityExtension/v2">
      <nax:Nax>
      <nax:Moments>
      <nax:Halt xsi:type="nax:Halt_t" action="auto_pause">
      
    </nax:Halt>
    </nax:Moments>
    </nax:Nax>
    </TPX>
    </Extensions>
    </Trackpoint>
<Trackpoint>
      <Time>
      2024-09-05T18:07:52.287Z
    </Time><SensorState>
      Present
    </SensorState><Extensions>
      <TPX xmlns="http://www.garmin.com/xmlschemas/ActivityExtension/v2">
      <ns3:Speed>
      2.3993969920812366
    </ns3:Speed><nax:Nax>
      <nax:Pace>
      6.946189697524795
    </nax:Pace><nax:Moments>
      <nax:Halt xsi:type="nax:Halt_t" action="auto_pause">
      
    </nax:Halt>
    </nax:Moments>
    </nax:Nax>
    </TPX>
    </Extensions>
    </Trackpoint>
<Trackpoint>
      <Time>
      2024-09-05T18:07:52.288Z
    </Time><DistanceMeters>
      7.434621104970574
    </DistanceMeters><Cadence>
      157.54127025604248
    </Cadence><SensorState>
      Present
    </SensorState><Extensions>
      <TPX xmlns="http://www.garmin.com/xmlschemas/ActivityExtension/v2">
      <nax:Nax>
      <nax:Moments>
      <nax:Halt xsi:type="nax:Halt_t" action="auto_pause">
      
    </nax:Halt>
    </nax:Moments>
    </nax:Nax>
    </TPX>
    </Extensions>
    </Trackpoint>
<Trackpoint>
      <Time>
      2024-09-05T18:07:53.000Z
    </Time><Position>
      <LatitudeDegrees>
      47.43061041187288
    </LatitudeDegrees><LongitudeDegrees>
      -122.29794609929603
    </LongitudeDegrees>
    </Position><AltitudeMeters>
      118.34818851016462
    </AltitudeMeters><SensorState>
      Present
    </SensorState><Extensions>
      <TPX xmlns="http://www.garmin.com/xmlschemas/ActivityExtension/v2">
      <nax:Nax>
      <nax:Moments>
      <nax:Halt xsi:type="nax:Halt_t" action="auto_pause">
      
    </nax:Halt>
    </nax:Moments>
    </nax:Nax>
    </TPX>
    </Extensions>
    </Trackpoint>
<Trackpoint>
      <Time>
      2024-09-05T18:07:53.096Z
    </Time><SensorState>
      Present
    </SensorState><Extensions>
      <TPX xmlns="http://www.garmin.com/xmlschemas/ActivityExtension/v2">
      <nax:Nax>
      <nax:DescentInMeters>
      0.7100000381469727
    </nax:DescentInMeters><nax:Moments>
      <nax:Halt xsi:type="nax:Halt_t" action="auto_pause">
      
    </nax:Halt>
    </nax:Moments>
    </nax:Nax>
    </TPX>
    </Extensions>
    </Trackpoint>
<Trackpoint>
      <Time>
      2024-09-05T18:07:54.843Z
    </Time><DistanceMeters>
      7.169131402857602
    </DistanceMeters><SensorState>
      Present
    </SensorState><Extensions>
      <TPX xmlns="http://www.garmin.com/xmlschemas/ActivityExtension/v2">
      <ns3:Speed>
      2.6279782851498203
    </ns3:Speed><nax:Nax>
      <nax:Pace>
      6.342010800030831
    </nax:Pace><nax:Moments>
      <nax:Halt xsi:type="nax:Halt_t" action="auto_pause">
      
    </nax:Halt>
    </nax:Moments>
    </nax:Nax>
    </TPX>
    </Extensions>
    </Trackpoint>
<Trackpoint>
      <Time>
      2024-09-05T18:07:54.844Z
    </Time><Cadence>
      157.60718822479248
    </Cadence><SensorState>
      Present
    </SensorState><Extensions>
      <TPX xmlns="http://www.garmin.com/xmlschemas/ActivityExtension/v2">
      <nax:Nax>
      <nax:Moments>
      <nax:Halt xsi:type="nax:Halt_t" action="auto_pause">
      
    </nax:Halt>
    </nax:Moments>
    </nax:Nax>
    </TPX>
    </Extensions>
    </Trackpoint>
<Trackpoint>
      <Time>
      2024-09-05T18:07:55.000Z
    </Time><SensorState>
      Present
    </SensorState><Extensions>
      <TPX xmlns="http://www.garmin.com/xmlschemas/ActivityExtension/v2">
      <nax:Nax>
      <nax:NikeFuel>
      7.002349112260871
    </nax:NikeFuel><nax:Moments>
      <nax:Halt xsi:type="nax:Halt_t" action="auto_pause">
      
    </nax:Halt>
    </nax:Moments>
    </nax:Nax>
    </TPX>
    </Extensions>
    </Trackpoint>
<Trackpoint>
      <Time>
      2024-09-05T18:07:55.677Z
    </Time><SensorState>
      Present
    </SensorState><Extensions>
      <TPX xmlns="http://www.garmin.com/xmlschemas/ActivityExtension/v2">
      <nax:Nax>
      <nax:DescentInMeters>
      0.40000009536743164
    </nax:DescentInMeters><nax:Moments>
      <nax:Halt xsi:type="nax:Halt_t" action="auto_pause">
      
    </nax:Halt>
    </nax:Moments>
    </nax:Nax>
    </TPX>
    </Extensions>
    </Trackpoint>
<Trackpoint>
      <Time>
      2024-09-05T18:07:57.000Z
    </Time><Position>
      <LatitudeDegrees>
      47.43070429375042
    </LatitudeDegrees><LongitudeDegrees>
      -122.29796087646297
    </LongitudeDegrees>
    </Position><AltitudeMeters>
      117.27563620917499
    </AltitudeMeters><SensorState>
      Present
    </SensorState><Extensions>
      <TPX xmlns="http://www.garmin.com/xmlschemas/ActivityExtension/v2">
      <nax:Nax>
      <nax:Moments>
      <nax:Halt xsi:type="nax:Halt_t" action="auto_pause">
      
    </nax:Halt>
    </nax:Moments>
    </nax:Nax>
    </TPX>
    </Extensions>
    </Trackpoint>
<Trackpoint>
      <Time>
      2024-09-05T18:07:57.398Z
    </Time><SensorState>
      Present
    </SensorState><Extensions>
      <TPX xmlns="http://www.garmin.com/xmlschemas/ActivityExtension/v2">
      <ns3:Speed>
      2.670023609703541
    </ns3:Speed><nax:Nax>
      <nax:Pace>
      6.2421420567577695
    </nax:Pace><nax:Moments>
      <nax:Halt xsi:type="nax:Halt_t" action="auto_pause">
      
    </nax:Halt>
    </nax:Moments>
    </nax:Nax>
    </TPX>
    </Extensions>
    </Trackpoint>
<Trackpoint>
      <Time>
      2024-09-05T18:07:57.399Z
    </Time><DistanceMeters>
      5.716176852583885
    </DistanceMeters><Cadence>
      157.72659301757812
    </Cadence><SensorState>
      Present
    </SensorState><Extensions>
      <TPX xmlns="http://www.garmin.com/xmlschemas/ActivityExtension/v2">
      <nax:Nax>
      <nax:Moments>
      <nax:Halt xsi:type="nax:Halt_t" action="auto_pause">
      
    </nax:Halt>
    </nax:Moments>
    </nax:Nax>
    </TPX>
    </Extensions>
    </Trackpoint>
<Trackpoint>
      <Time>
      2024-09-05T18:07:58.258Z
    </Time><SensorState>
      Present
    </SensorState><Extensions>
      <TPX xmlns="http://www.garmin.com/xmlschemas/ActivityExtension/v2">
      <nax:Nax>
      <nax:DescentInMeters>
      0.6100000143051147
    </nax:DescentInMeters><nax:Moments>
      <nax:Halt xsi:type="nax:Halt_t" action="auto_pause">
      
    </nax:Halt>
    </nax:Moments>
    </nax:Nax>
    </TPX>
    </Extensions>
    </Trackpoint>
<Trackpoint>
      <Time>
      2024-09-05T18:07:59.954Z
    </Time><SensorState>
      Present
    </SensorState><Extensions>
      <TPX xmlns="http://www.garmin.com/xmlschemas/ActivityExtension/v2">
      <ns3:Speed>
      2.657796321270116
    </ns3:Speed><nax:Nax>
      <nax:Pace>
      6.270859257831295
    </nax:Pace><nax:Moments>
      <nax:Halt xsi:type="nax:Halt_t" action="auto_pause">
      
    </nax:Halt>
    </nax:Moments>
    </nax:Nax>
    </TPX>
    </Extensions>
    </Trackpoint>
<Trackpoint>
      <Time>
      2024-09-05T18:07:59.955Z
    </Time><DistanceMeters>
      6.340524633415043
    </DistanceMeters><Cadence>
      157.72659301757812
    </Cadence><SensorState>
      Present
    </SensorState><Extensions>
      <TPX xmlns="http://www.garmin.com/xmlschemas/ActivityExtension/v2">
      <nax:Nax>
      <nax:Moments>
      <nax:Halt xsi:type="nax:Halt_t" action="auto_pause">
      
    </nax:Halt>
    </nax:Moments>
    </nax:Nax>
    </TPX>
    </Extensions>
    </Trackpoint>
<Trackpoint>
      <Time>
      2024-09-05T18:08:00.839Z
    </Time><SensorState>
      Present
    </SensorState><Extensions>
      <TPX xmlns="http://www.garmin.com/xmlschemas/ActivityExtension/v2">
      <nax:Nax>
      <nax:DescentInMeters>
      0.7699999809265137
    </nax:DescentInMeters><nax:Moments>
      <nax:Halt xsi:type="nax:Halt_t" action="auto_pause">
      
    </nax:Halt>
    </nax:Moments>
    </nax:Nax>
    </TPX>
    </Extensions>
    </Trackpoint>
<Trackpoint>
      <Time>
      2024-09-05T18:08:02.000Z
    </Time><Position>
      <LatitudeDegrees>
      47.43081741179919
    </LatitudeDegrees><LongitudeDegrees>
      -122.29791500794742
    </LongitudeDegrees>
    </Position><AltitudeMeters>
      115.2404554290697
    </AltitudeMeters><SensorState>
      Present
    </SensorState><Extensions>
      <TPX xmlns="http://www.garmin.com/xmlschemas/ActivityExtension/v2">
      <nax:Nax>
      <nax:Moments>
      <nax:Halt xsi:type="nax:Halt_t" action="auto_pause">
      
    </nax:Halt>
    </nax:Moments>
    </nax:Nax>
    </TPX>
    </Extensions>
    </Trackpoint>
<Trackpoint>
      <Time>
      2024-09-05T18:08:02.510Z
    </Time><SensorState>
      Present
    </SensorState><Extensions>
      <TPX xmlns="http://www.garmin.com/xmlschemas/ActivityExtension/v2">
      <ns3:Speed>
      2.7245217610866033
    </ns3:Speed><nax:Nax>
      <nax:Pace>
      6.117281537153005
    </nax:Pace><nax:Moments>
      <nax:Halt xsi:type="nax:Halt_t" action="auto_pause">
      
    </nax:Halt>
    </nax:Moments>
    </nax:Nax>
    </TPX>
    </Extensions>
    </Trackpoint>
<Trackpoint>
      <Time>
      2024-09-05T18:08:02.511Z
    </Time><DistanceMeters>
      7.412804032675922
    </DistanceMeters><Cadence>
      158.16035270690918
    </Cadence><SensorState>
      Present
    </SensorState><Extensions>
      <TPX xmlns="http://www.garmin.com/xmlschemas/ActivityExtension/v2">
      <nax:Nax>
      <nax:Moments>
      <nax:Halt xsi:type="nax:Halt_t" action="auto_pause">
      
    </nax:Halt>
    </nax:Moments>
    </nax:Nax>
    </TPX>
    </Extensions>
    </Trackpoint>
<Trackpoint>
      <Time>
      2024-09-05T18:08:03.420Z
    </Time><SensorState>
      Present
    </SensorState><Extensions>
      <TPX xmlns="http://www.garmin.com/xmlschemas/ActivityExtension/v2">
      <nax:Nax>
      <nax:DescentInMeters>
      0.8199999332427979
    </nax:DescentInMeters><nax:Moments>
      <nax:Halt xsi:type="nax:Halt_t" action="auto_pause">
      
    </nax:Halt>
    </nax:Moments>
    </nax:Nax>
    </TPX>
    </Extensions>
    </Trackpoint>
<Trackpoint>
      <Time>
      2024-09-05T18:08:05.000Z
    </Time><SensorState>
      Present
    </SensorState><Extensions>
      <TPX xmlns="http://www.garmin.com/xmlschemas/ActivityExtension/v2">
      <nax:Nax>
      <nax:NikeFuel>
      7.10817891845666
    </nax:NikeFuel><nax:Moments>
      <nax:Halt xsi:type="nax:Halt_t" action="auto_pause">
      
    </nax:Halt>
    </nax:Moments>
    </nax:Nax>
    </TPX>
    </Extensions>
    </Trackpoint>
<Trackpoint>
      <Time>
      2024-09-05T18:08:05.065Z
    </Time><SensorState>
      Present
    </SensorState><Extensions>
      <TPX xmlns="http://www.garmin.com/xmlschemas/ActivityExtension/v2">
      <ns3:Speed>
      2.779442286351658
    </ns3:Speed><nax:Nax>
      <nax:Pace>
      5.996406814600064
    </nax:Pace><nax:Moments>
      <nax:Halt xsi:type="nax:Halt_t" action="auto_pause">
      
    </nax:Halt>
    </nax:Moments>
    </nax:Nax>
    </TPX>
    </Extensions>
    </Trackpoint>
<Trackpoint>
      <Time>
      2024-09-05T18:08:05.066Z
    </Time><DistanceMeters>
      7.346114124171436
    </DistanceMeters><Cadence>
      158.28386306762695
    </Cadence><SensorState>
      Present
    </SensorState><Extensions>
      <TPX xmlns="http://www.garmin.com/xmlschemas/ActivityExtension/v2">
      <nax:Nax>
      <nax:Moments>
      <nax:Halt xsi:type="nax:Halt_t" action="auto_pause">
      
    </nax:Halt>
    </nax:Moments>
    </nax:Nax>
    </TPX>
    </Extensions>
    </Trackpoint>
<Trackpoint>
      <Time>
      2024-09-05T18:08:06.000Z
    </Time><Position>
      <LatitudeDegrees>
      47.43091117057917
    </LatitudeDegrees><LongitudeDegrees>
      -122.29785869802423
    </LongitudeDegrees>
    </Position><AltitudeMeters>
      113.99284040927887
    </AltitudeMeters><SensorState>
      Present
    </SensorState><Extensions>
      <TPX xmlns="http://www.garmin.com/xmlschemas/ActivityExtension/v2">
      <nax:Nax>
      <nax:Moments>
      <nax:Halt xsi:type="nax:Halt_t" action="auto_pause">
      
    </nax:Halt>
    </nax:Moments>
    </nax:Nax>
    </TPX>
    </Extensions>
    </Trackpoint>
<Trackpoint>
      <Time>
      2024-09-05T18:08:06.001Z
    </Time><SensorState>
      Present
    </SensorState><Extensions>
      <TPX xmlns="http://www.garmin.com/xmlschemas/ActivityExtension/v2">
      <nax:Nax>
      <nax:DescentInMeters>
      0.5500000715255737
    </nax:DescentInMeters><nax:Moments>
      <nax:Halt xsi:type="nax:Halt_t" action="auto_pause">
      
    </nax:Halt>
    </nax:Moments>
    </nax:Nax>
    </TPX>
    </Extensions>
    </Trackpoint>
<Trackpoint>
      <Time>
      2024-09-05T18:08:07.621Z
    </Time><SensorState>
      Present
    </SensorState><Extensions>
      <TPX xmlns="http://www.garmin.com/xmlschemas/ActivityExtension/v2">
      <ns3:Speed>
      2.778872270749344
    </ns3:Speed><nax:Nax>
      <nax:Pace>
      5.9976368263131326
    </nax:Pace><nax:Moments>
      <nax:Halt xsi:type="nax:Halt_t" action="auto_pause">
      
    </nax:Halt>
    </nax:Moments>
    </nax:Nax>
    </TPX>
    </Extensions>
    </Trackpoint>
<Trackpoint>
      <Time>
      2024-09-05T18:08:07.622Z
    </Time><DistanceMeters>
      6.049755319021642
    </DistanceMeters><Cadence>
      158.28386306762695
    </Cadence><SensorState>
      Present
    </SensorState><Extensions>
      <TPX xmlns="http://www.garmin.com/xmlschemas/ActivityExtension/v2">
      <nax:Nax>
      <nax:Moments>
      <nax:Halt xsi:type="nax:Halt_t" action="auto_pause">
      
    </nax:Halt>
    </nax:Moments>
    </nax:Nax>
    </TPX>
    </Extensions>
    </Trackpoint>
<Trackpoint>
      <Time>
      2024-09-05T18:08:08.582Z
    </Time><SensorState>
      Present
    </SensorState><Extensions>
      <TPX xmlns="http://www.garmin.com/xmlschemas/ActivityExtension/v2">
      <nax:Nax>
      <nax:DescentInMeters>
      0.809999942779541
    </nax:DescentInMeters><nax:Moments>
      <nax:Halt xsi:type="nax:Halt_t" action="auto_pause">
      
    </nax:Halt>
    </nax:Moments>
    </nax:Nax>
    </TPX>
    </Extensions>
    </Trackpoint>
<Trackpoint>
      <Time>
      2024-09-05T18:08:09.196Z
    </Time><HeartRateBpm>
      <Value>
      181
    </Value>
    </HeartRateBpm><SensorState>
      Present
    </SensorState><Extensions>
      <TPX xmlns="http://www.garmin.com/xmlschemas/ActivityExtension/v2">
      <nax:Nax>
      <nax:Moments>
      <nax:Halt xsi:type="nax:Halt_t" action="auto_pause">
      
    </nax:Halt>
    </nax:Moments>
    </nax:Nax>
    </TPX>
    </Extensions>
    </Trackpoint>
<Trackpoint>
      <Time>
      2024-09-05T18:08:10.177Z
    </Time><SensorState>
      Present
    </SensorState><Extensions>
      <TPX xmlns="http://www.garmin.com/xmlschemas/ActivityExtension/v2">
      <ns3:Speed>
      2.6963906960753117
    </ns3:Speed><nax:Nax>
      <nax:Pace>
      6.181102275321438
    </nax:Pace><nax:Moments>
      <nax:Halt xsi:type="nax:Halt_t" action="auto_pause">
      
    </nax:Halt>
    </nax:Moments>
    </nax:Nax>
    </TPX>
    </Extensions>
    </Trackpoint>
<Trackpoint>
      <Time>
      2024-09-05T18:08:10.178Z
    </Time><DistanceMeters>
      5.233825849369168
    </DistanceMeters><Cadence>
      158.28485012054443
    </Cadence><SensorState>
      Present
    </SensorState><Extensions>
      <TPX xmlns="http://www.garmin.com/xmlschemas/ActivityExtension/v2">
      <nax:Nax>
      <nax:Moments>
      <nax:Halt xsi:type="nax:Halt_t" action="auto_pause">
      
    </nax:Halt>
    </nax:Moments>
    </nax:Nax>
    </TPX>
    </Extensions>
    </Trackpoint>
<Trackpoint>
      <Time>
      2024-09-05T18:08:11.000Z
    </Time><Position>
      <LatitudeDegrees>
      47.43093714694366
    </LatitudeDegrees><LongitudeDegrees>
      -122.29770768775425
    </LongitudeDegrees>
    </Position><AltitudeMeters>
      112.81707239244133
    </AltitudeMeters><SensorState>
      Present
    </SensorState><Extensions>
      <TPX xmlns="http://www.garmin.com/xmlschemas/ActivityExtension/v2">
      <nax:Nax>
      <nax:Moments>
      <nax:Halt xsi:type="nax:Halt_t" action="auto_pause">
      
    </nax:Halt>
    </nax:Moments>
    </nax:Nax>
    </TPX>
    </Extensions>
    </Trackpoint>
<Trackpoint>
      <Time>
      2024-09-05T18:08:11.164Z
    </Time><SensorState>
      Present
    </SensorState><Extensions>
      <TPX xmlns="http://www.garmin.com/xmlschemas/ActivityExtension/v2">
      <nax:Nax>
      <nax:DescentInMeters>
      1.1100001335144043
    </nax:DescentInMeters><nax:Moments>
      <nax:Halt xsi:type="nax:Halt_t" action="auto_pause">
      
    </nax:Halt>
    </nax:Moments>
    </nax:Nax>
    </TPX>
    </Extensions>
    </Trackpoint>
<Trackpoint>
      <Time>
      2024-09-05T18:08:12.732Z
    </Time><SensorState>
      Present
    </SensorState><Extensions>
      <TPX xmlns="http://www.garmin.com/xmlschemas/ActivityExtension/v2">
      <ns3:Speed>
      2.655740975276887
    </ns3:Speed><nax:Nax>
      <nax:Pace>
      6.275712436499573
    </nax:Pace><nax:Moments>
      <nax:Halt xsi:type="nax:Halt_t" action="auto_pause">
      
    </nax:Halt>
    </nax:Moments>
    </nax:Nax>
    </TPX>
    </Extensions>
    </Trackpoint>
<Trackpoint>
      <Time>
      2024-09-05T18:08:12.733Z
    </Time><DistanceMeters>
      7.02937139198184
    </DistanceMeters><Cadence>
      158.34717750549316
    </Cadence><SensorState>
      Present
    </SensorState><Extensions>
      <TPX xmlns="http://www.garmin.com/xmlschemas/ActivityExtension/v2">
      <nax:Nax>
      <nax:Moments>
      <nax:Halt xsi:type="nax:Halt_t" action="auto_pause">
      
    </nax:Halt>
    </nax:Moments>
    </nax:Nax>
    </TPX>
    </Extensions>
    </Trackpoint>
<Trackpoint>
      <Time>
      2024-09-05T18:08:13.744Z
    </Time><SensorState>
      Present
    </SensorState><Extensions>
      <TPX xmlns="http://www.garmin.com/xmlschemas/ActivityExtension/v2">
      <nax:Nax>
      <nax:DescentInMeters>
      0.8299996852874756
    </nax:DescentInMeters><nax:Moments>
      <nax:Halt xsi:type="nax:Halt_t" action="auto_pause">
      
    </nax:Halt>
    </nax:Moments>
    </nax:Nax>
    </TPX>
    </Extensions>
    </Trackpoint>
<Trackpoint>
      <Time>
      2024-09-05T18:08:14.196Z
    </Time><HeartRateBpm>
      <Value>
      181
    </Value>
    </HeartRateBpm><SensorState>
      Present
    </SensorState><Extensions>
      <TPX xmlns="http://www.garmin.com/xmlschemas/ActivityExtension/v2">
      <nax:Nax>
      <nax:Moments>
      <nax:Halt xsi:type="nax:Halt_t" action="auto_pause">
      
    </nax:Halt>
    </nax:Moments>
    </nax:Nax>
    </TPX>
    </Extensions>
    </Trackpoint>
<Trackpoint>
      <Time>
      2024-09-05T18:08:15.000Z
    </Time><Position>
      <LatitudeDegrees>
      47.43093747330541
    </LatitudeDegrees><LongitudeDegrees>
      -122.29756636108654
    </LongitudeDegrees>
    </Position><AltitudeMeters>
      113.33220078330487
    </AltitudeMeters><SensorState>
      Present
    </SensorState><Extensions>
      <TPX xmlns="http://www.garmin.com/xmlschemas/ActivityExtension/v2">
      <nax:Nax>
      <nax:NikeFuel>
      6.841150512062104
    </nax:NikeFuel><nax:Moments>
      <nax:Halt xsi:type="nax:Halt_t" action="auto_pause">
      
    </nax:Halt>
    </nax:Moments>
    </nax:Nax>
    </TPX>
    </Extensions>
    </Trackpoint>
<Trackpoint>
      <Time>
      2024-09-05T18:08:15.288Z
    </Time><SensorState>
      Present
    </SensorState><Extensions>
      <TPX xmlns="http://www.garmin.com/xmlschemas/ActivityExtension/v2">
      <ns3:Speed>
      2.6560723335005787
    </ns3:Speed><nax:Nax>
      <nax:Pace>
      6.274929510184228
    </nax:Pace><nax:Moments>
      <nax:Halt xsi:type="nax:Halt_t" action="auto_pause">
      
    </nax:Halt>
    </nax:Moments>
    </nax:Nax>
    </TPX>
    </Extensions>
    </Trackpoint>
<Trackpoint>
      <Time>
      2024-09-05T18:08:15.289Z
    </Time><DistanceMeters>
      6.688864575698972
    </DistanceMeters><Cadence>
      158.40771675109863
    </Cadence><SensorState>
      Present
    </SensorState><Extensions>
      <TPX xmlns="http://www.garmin.com/xmlschemas/ActivityExtension/v2">
      <nax:Nax>
      <nax:Moments>
      <nax:Halt xsi:type="nax:Halt_t" action="auto_pause">
      
    </nax:Halt>
    </nax:Moments>
    </nax:Nax>
    </TPX>
    </Extensions>
    </Trackpoint>
<Trackpoint>
      <Time>
      2024-09-05T18:08:16.324Z
    </Time><SensorState>
      Present
    </SensorState><Extensions>
      <TPX xmlns="http://www.garmin.com/xmlschemas/ActivityExtension/v2">
      <nax:Nax>
      <nax:DescentInMeters>
      0.36999988555908203
    </nax:DescentInMeters><nax:Moments>
      <nax:Halt xsi:type="nax:Halt_t" action="auto_pause">
      
    </nax:Halt>
    </nax:Moments>
    </nax:Nax>
    </TPX>
    </Extensions>
    </Trackpoint>
<Trackpoint>
      <Time>
      2024-09-05T18:08:17.844Z
    </Time><SensorState>
      Present
    </SensorState><Extensions>
      <TPX xmlns="http://www.garmin.com/xmlschemas/ActivityExtension/v2">
      <ns3:Speed>
      2.628493741737202
    </ns3:Speed><nax:Nax>
      <nax:Pace>
      6.340767110083158
    </nax:Pace><nax:Moments>
      <nax:Halt xsi:type="nax:Halt_t" action="auto_pause">
      
    </nax:Halt>
    </nax:Moments>
    </nax:Nax>
    </TPX>
    </Extensions>
    </Trackpoint>
<Trackpoint>
      <Time>
      2024-09-05T18:08:17.845Z
    </Time><DistanceMeters>
      6.337481736205518
    </DistanceMeters><Cadence>
      158.40777397155762
    </Cadence><SensorState>
      Present
    </SensorState><Extensions>
      <TPX xmlns="http://www.garmin.com/xmlschemas/ActivityExtension/v2">
      <nax:Nax>
      <nax:Moments>
      <nax:Halt xsi:type="nax:Halt_t" action="auto_pause">
      
    </nax:Halt>
    </nax:Moments>
    </nax:Nax>
    </TPX>
    </Extensions>
    </Trackpoint>
<Trackpoint>
      <Time>
      2024-09-05T18:08:18.906Z
    </Time><SensorState>
      Present
    </SensorState><Extensions>
      <TPX xmlns="http://www.garmin.com/xmlschemas/ActivityExtension/v2">
      <nax:Nax>
      <nax:DescentInMeters>
      0.09000015258789062
    </nax:DescentInMeters><nax:Moments>
      <nax:Halt xsi:type="nax:Halt_t" action="auto_pause">
      
    </nax:Halt>
    </nax:Moments>
    </nax:Nax>
    </TPX>
    </Extensions>
    </Trackpoint>
<Trackpoint>
      <Time>
      2024-09-05T18:08:19.196Z
    </Time><HeartRateBpm>
      <Value>
      180
    </Value>
    </HeartRateBpm><SensorState>
      Present
    </SensorState><Extensions>
      <TPX xmlns="http://www.garmin.com/xmlschemas/ActivityExtension/v2">
      <nax:Nax>
      <nax:Moments>
      <nax:Halt xsi:type="nax:Halt_t" action="auto_pause">
      
    </nax:Halt>
    </nax:Moments>
    </nax:Nax>
    </TPX>
    </Extensions>
    </Trackpoint>
<Trackpoint>
      <Time>
      2024-09-05T18:08:20.000Z
    </Time><Position>
      <LatitudeDegrees>
      47.430937616045995
    </LatitudeDegrees><LongitudeDegrees>
      -122.29741225141353
    </LongitudeDegrees>
    </Position><AltitudeMeters>
      113.10340021084994
    </AltitudeMeters><SensorState>
      Present
    </SensorState><Extensions>
      <TPX xmlns="http://www.garmin.com/xmlschemas/ActivityExtension/v2">
      <nax:Nax>
      <nax:Moments>
      <nax:Halt xsi:type="nax:Halt_t" action="auto_pause">
      
    </nax:Halt>
    </nax:Moments>
    </nax:Nax>
    </TPX>
    </Extensions>
    </Trackpoint>
<Trackpoint>
      <Time>
      2024-09-05T18:08:20.399Z
    </Time><SensorState>
      Present
    </SensorState><Extensions>
      <TPX xmlns="http://www.garmin.com/xmlschemas/ActivityExtension/v2">
      <ns3:Speed>
      2.6051008207858217
    </ns3:Speed><nax:Nax>
      <nax:Pace>
      6.3977050460715805
    </nax:Pace><nax:Moments>
      <nax:Halt xsi:type="nax:Halt_t" action="auto_pause">
      
    </nax:Halt>
    </nax:Moments>
    </nax:Nax>
    </TPX>
    </Extensions>
    </Trackpoint>
<Trackpoint>
      <Time>
      2024-09-05T18:08:20.400Z
    </Time><DistanceMeters>
      5.362796539440751
    </DistanceMeters><Cadence>
      158.3473777770996
    </Cadence><SensorState>
      Present
    </SensorState><Extensions>
      <TPX xmlns="http://www.garmin.com/xmlschemas/ActivityExtension/v2">
      <nax:Nax>
      <nax:Moments>
      <nax:Halt xsi:type="nax:Halt_t" action="auto_pause">
      
    </nax:Halt>
    </nax:Moments>
    </nax:Nax>
    </TPX>
    </Extensions>
    </Trackpoint>
<Trackpoint>
      <Time>
      2024-09-05T18:08:21.488Z
    </Time><SensorState>
      Present
    </SensorState><Extensions>
      <TPX xmlns="http://www.garmin.com/xmlschemas/ActivityExtension/v2">
      <nax:Nax>
      <nax:DescentInMeters>
      0.039999961853027344
    </nax:DescentInMeters><nax:Moments>
      <nax:Halt xsi:type="nax:Halt_t" action="auto_pause">
      
    </nax:Halt>
    </nax:Moments>
    </nax:Nax>
    </TPX>
    </Extensions>
    </Trackpoint>
<Trackpoint>
      <Time>
      2024-09-05T18:08:22.955Z
    </Time><DistanceMeters>
      6.6247478341683745
    </DistanceMeters><SensorState>
      Present
    </SensorState><Extensions>
      <TPX xmlns="http://www.garmin.com/xmlschemas/ActivityExtension/v2">
      <ns3:Speed>
      2.5817683889120375
    </ns3:Speed><nax:Nax>
      <nax:Pace>
      6.455523562161993
    </nax:Pace><nax:Moments>
      <nax:Halt xsi:type="nax:Halt_t" action="auto_pause">
      
    </nax:Halt>
    </nax:Moments>
    </nax:Nax>
    </TPX>
    </Extensions>
    </Trackpoint>
<Trackpoint>
      <Time>
      2024-09-05T18:08:22.956Z
    </Time><Cadence>
      158.22256565093994
    </Cadence><SensorState>
      Present
    </SensorState><Extensions>
      <TPX xmlns="http://www.garmin.com/xmlschemas/ActivityExtension/v2">
      <nax:Nax>
      <nax:Moments>
      <nax:Halt xsi:type="nax:Halt_t" action="auto_pause">
      
    </nax:Halt>
    </nax:Moments>
    </nax:Nax>
    </TPX>
    </Extensions>
    </Trackpoint>
<Trackpoint>
      <Time>
      2024-09-05T18:08:24.067Z
    </Time><SensorState>
      Present
    </SensorState><Extensions>
      <TPX xmlns="http://www.garmin.com/xmlschemas/ActivityExtension/v2">
      <nax:Nax>
      <nax:DescentInMeters>
      0.32000017166137695
    </nax:DescentInMeters><nax:Moments>
      <nax:Halt xsi:type="nax:Halt_t" action="auto_pause">
      
    </nax:Halt>
    </nax:Moments>
    </nax:Nax>
    </TPX>
    </Extensions>
    </Trackpoint>
<Trackpoint>
      <Time>
      2024-09-05T18:08:25.000Z
    </Time><Position>
      <LatitudeDegrees>
      47.430932610261316
    </LatitudeDegrees><LongitudeDegrees>
      -122.29724811807311
    </LongitudeDegrees>
    </Position><AltitudeMeters>
      112.25052689015865
    </AltitudeMeters><SensorState>
      Present
    </SensorState><Extensions>
      <TPX xmlns="http://www.garmin.com/xmlschemas/ActivityExtension/v2">
      <nax:Nax>
      <nax:NikeFuel>
      6.931346114868167
    </nax:NikeFuel><nax:Moments>
      <nax:Halt xsi:type="nax:Halt_t" action="auto_pause">
      
    </nax:Halt>
    </nax:Moments>
    </nax:Nax>
    </TPX>
    </Extensions>
    </Trackpoint>
<Trackpoint>
      <Time>
      2024-09-05T18:08:25.511Z
    </Time><SensorState>
      Present
    </SensorState><Extensions>
      <TPX xmlns="http://www.garmin.com/xmlschemas/ActivityExtension/v2">
      <ns3:Speed>
      2.5961621280261413
    </ns3:Speed><nax:Nax>
      <nax:Pace>
      6.419732607122773
    </nax:Pace><nax:Moments>
      <nax:Halt xsi:type="nax:Halt_t" action="auto_pause">
      
    </nax:Halt>
    </nax:Moments>
    </nax:Nax>
    </TPX>
    </Extensions>
    </Trackpoint>
<Trackpoint>
      <Time>
      2024-09-05T18:08:25.512Z
    </Time><DistanceMeters>
      7.921054577454925
    </DistanceMeters><Cadence>
      158.40791702270508
    </Cadence><SensorState>
      Present
    </SensorState><Extensions>
      <TPX xmlns="http://www.garmin.com/xmlschemas/ActivityExtension/v2">
      <nax:Nax>
      <nax:Moments>
      <nax:Halt xsi:type="nax:Halt_t" action="auto_pause">
      
    </nax:Halt>
    </nax:Moments>
    </nax:Nax>
    </TPX>
    </Extensions>
    </Trackpoint>
<Trackpoint>
      <Time>
      2024-09-05T18:08:26.650Z
    </Time><SensorState>
      Present
    </SensorState><Extensions>
      <TPX xmlns="http://www.garmin.com/xmlschemas/ActivityExtension/v2">
      <nax:Nax>
      <nax:DescentInMeters>
      0.32000017166137695
    </nax:DescentInMeters><nax:Moments>
      <nax:Halt xsi:type="nax:Halt_t" action="auto_pause">
      
    </nax:Halt>
    </nax:Moments>
    </nax:Nax>
    </TPX>
    </Extensions>
    </Trackpoint>
<Trackpoint>
      <Time>
      2024-09-05T18:08:28.066Z
    </Time><SensorState>
      Present
    </SensorState><Extensions>
      <TPX xmlns="http://www.garmin.com/xmlschemas/ActivityExtension/v2">
      <ns3:Speed>
      2.663334745203994
    </ns3:Speed><nax:Nax>
      <nax:Pace>
      6.25781896048899
    </nax:Pace><nax:Moments>
      <nax:Halt xsi:type="nax:Halt_t" action="auto_pause">
      
    </nax:Halt>
    </nax:Moments>
    </nax:Nax>
    </TPX>
    </Extensions>
    </Trackpoint>
<Trackpoint>
      <Time>
      2024-09-05T18:08:28.067Z
    </Time><DistanceMeters>
      7.232178877107799
    </DistanceMeters><Cadence>
      158.40795993804932
    </Cadence><SensorState>
      Present
    </SensorState><Extensions>
      <TPX xmlns="http://www.garmin.com/xmlschemas/ActivityExtension/v2">
      <nax:Nax>
      <nax:Moments>
      <nax:Halt xsi:type="nax:Halt_t" action="auto_pause">
      
    </nax:Halt>
    </nax:Moments>
    </nax:Nax>
    </TPX>
    </Extensions>
    </Trackpoint>
<Trackpoint>
      <Time>
      2024-09-05T18:08:28.196Z
    </Time><HeartRateBpm>
      <Value>
      179
    </Value>
    </HeartRateBpm><SensorState>
      Present
    </SensorState><Extensions>
      <TPX xmlns="http://www.garmin.com/xmlschemas/ActivityExtension/v2">
      <nax:Nax>
      <nax:Moments>
      <nax:Halt xsi:type="nax:Halt_t" action="auto_pause">
      
    </nax:Halt>
    </nax:Moments>
    </nax:Nax>
    </TPX>
    </Extensions>
    </Trackpoint>
<Trackpoint>
      <Time>
      2024-09-05T18:08:29.000Z
    </Time><Position>
      <LatitudeDegrees>
      47.4309295493003
    </LatitudeDegrees><LongitudeDegrees>
      -122.29708655103698
    </LongitudeDegrees>
    </Position><AltitudeMeters>
      111.53029834572226
    </AltitudeMeters><SensorState>
      Present
    </SensorState><Extensions>
      <TPX xmlns="http://www.garmin.com/xmlschemas/ActivityExtension/v2">
      <nax:Nax>
      <nax:Moments>
      <nax:Halt xsi:type="nax:Halt_t" action="auto_pause">
      
    </nax:Halt>
    </nax:Moments>
    </nax:Nax>
    </TPX>
    </Extensions>
    </Trackpoint>
<Trackpoint>
      <Time>
      2024-09-05T18:08:29.231Z
    </Time><SensorState>
      Present
    </SensorState><Extensions>
      <TPX xmlns="http://www.garmin.com/xmlschemas/ActivityExtension/v2">
      <nax:Nax>
      <nax:DescentInMeters>
      0.23000001907348633
    </nax:DescentInMeters><nax:Moments>
      <nax:Halt xsi:type="nax:Halt_t" action="auto_pause">
      
    </nax:Halt>
    </nax:Moments>
    </nax:Nax>
    </TPX>
    </Extensions>
    </Trackpoint>
<Trackpoint>
      <Time>
      2024-09-05T18:08:30.622Z
    </Time><SensorState>
      Present
    </SensorState><Extensions>
      <TPX xmlns="http://www.garmin.com/xmlschemas/ActivityExtension/v2">
      <ns3:Speed>
      2.685012228723108
    </ns3:Speed><nax:Nax>
      <nax:Pace>
      6.207296372200403
    </nax:Pace><nax:Moments>
      <nax:Halt xsi:type="nax:Halt_t" action="auto_pause">
      
    </nax:Halt>
    </nax:Moments>
    </nax:Nax>
    </TPX>
    </Extensions>
    </Trackpoint>
<Trackpoint>
      <Time>
      2024-09-05T18:08:30.623Z
    </Time><DistanceMeters>
      5.5493059530854225
    </DistanceMeters><Cadence>
      158.47214698791504
    </Cadence><SensorState>
      Present
    </SensorState><Extensions>
      <TPX xmlns="http://www.garmin.com/xmlschemas/ActivityExtension/v2">
      <nax:Nax>
      <nax:Moments>
      <nax:Halt xsi:type="nax:Halt_t" action="auto_pause">
      
    </nax:Halt>
    </nax:Moments>
    </nax:Nax>
    </TPX>
    </Extensions>
    </Trackpoint>
<Trackpoint>
      <Time>
      2024-09-05T18:08:31.812Z
    </Time><SensorState>
      Present
    </SensorState><Extensions>
      <TPX xmlns="http://www.garmin.com/xmlschemas/ActivityExtension/v2">
      <nax:Nax>
      <nax:DescentInMeters>
      0.39999961853027344
    </nax:DescentInMeters><nax:Moments>
      <nax:Halt xsi:type="nax:Halt_t" action="auto_pause">
      
    </nax:Halt>
    </nax:Moments>
    </nax:Nax>
    </TPX>
    </Extensions>
    </Trackpoint>
<Trackpoint>
      <Time>
      2024-09-05T18:08:33.178Z
    </Time><SensorState>
      Present
    </SensorState><Extensions>
      <TPX xmlns="http://www.garmin.com/xmlschemas/ActivityExtension/v2">
      <ns3:Speed>
      2.6752132406166993
    </ns3:Speed><nax:Nax>
      <nax:Pace>
      6.230032960970472
    </nax:Pace><nax:Moments>
      <nax:Halt xsi:type="nax:Halt_t" action="auto_pause">
      
    </nax:Halt>
    </nax:Moments>
    </nax:Nax>
    </TPX>
    </Extensions>
    </Trackpoint>
<Trackpoint>
      <Time>
      2024-09-05T18:08:33.179Z
    </Time><DistanceMeters>
      6.031896953471005
    </DistanceMeters><Cadence>
      158.53179931640625
    </Cadence><SensorState>
      Present
    </SensorState><Extensions>
      <TPX xmlns="http://www.garmin.com/xmlschemas/ActivityExtension/v2">
      <nax:Nax>
      <nax:Moments>
      <nax:Halt xsi:type="nax:Halt_t" action="auto_pause">
      
    </nax:Halt>
    </nax:Moments>
    </nax:Nax>
    </TPX>
    </Extensions>
    </Trackpoint>
<Trackpoint>
      <Time>
      2024-09-05T18:08:34.000Z
    </Time><Position>
      <LatitudeDegrees>
      47.43092919188476
    </LatitudeDegrees><LongitudeDegrees>
      -122.29693436006868
    </LongitudeDegrees>
    </Position><AltitudeMeters>
      111.92580716311932
    </AltitudeMeters><SensorState>
      Present
    </SensorState><Extensions>
      <TPX xmlns="http://www.garmin.com/xmlschemas/ActivityExtension/v2">
      <nax:Nax>
      <nax:Moments>
      <nax:Halt xsi:type="nax:Halt_t" action="auto_pause">
      
    </nax:Halt>
    </nax:Moments>
    </nax:Nax>
    </TPX>
    </Extensions>
    </Trackpoint>
<Trackpoint>
      <Time>
      2024-09-05T18:08:34.393Z
    </Time><SensorState>
      Present
    </SensorState><Extensions>
      <TPX xmlns="http://www.garmin.com/xmlschemas/ActivityExtension/v2">
      <nax:Nax>
      <nax:DescentInMeters>
      0.5
    </nax:DescentInMeters><nax:Moments>
      <nax:Halt xsi:type="nax:Halt_t" action="auto_pause">
      
    </nax:Halt>
    </nax:Moments>
    </nax:Nax>
    </TPX>
    </Extensions>
    </Trackpoint>
<Trackpoint>
      <Time>
      2024-09-05T18:08:35.000Z
    </Time><SensorState>
      Present
    </SensorState><Extensions>
      <TPX xmlns="http://www.garmin.com/xmlschemas/ActivityExtension/v2">
      <nax:Nax>
      <nax:NikeFuel>
      6.923759861001795
    </nax:NikeFuel><nax:Moments>
      <nax:Halt xsi:type="nax:Halt_t" action="auto_pause">
      
    </nax:Halt>
    </nax:Moments>
    </nax:Nax>
    </TPX>
    </Extensions>
    </Trackpoint>
<Trackpoint>
      <Time>
      2024-09-05T18:08:35.734Z
    </Time><SensorState>
      Present
    </SensorState><Extensions>
      <TPX xmlns="http://www.garmin.com/xmlschemas/ActivityExtension/v2">
      <ns3:Speed>
      2.645405472689611
    </ns3:Speed><nax:Nax>
      <nax:Pace>
      6.30023141583717
    </nax:Pace><nax:Moments>
      <nax:Halt xsi:type="nax:Halt_t" action="auto_pause">
      
    </nax:Halt>
    </nax:Moments>
    </nax:Nax>
    </TPX>
    </Extensions>
    </Trackpoint>
<Trackpoint>
      <Time>
      2024-09-05T18:08:35.735Z
    </Time><DistanceMeters>
      7.867429141886532
    </DistanceMeters><Cadence>
      158.65581035614014
    </Cadence><SensorState>
      Present
    </SensorState><Extensions>
      <TPX xmlns="http://www.garmin.com/xmlschemas/ActivityExtension/v2">
      <nax:Nax>
      <nax:Moments>
      <nax:Halt xsi:type="nax:Halt_t" action="auto_pause">
      
    </nax:Halt>
    </nax:Moments>
    </nax:Nax>
    </TPX>
    </Extensions>
    </Trackpoint>
<Trackpoint>
      <Time>
      2024-09-05T18:08:36.975Z
    </Time><SensorState>
      Present
    </SensorState><Extensions>
      <TPX xmlns="http://www.garmin.com/xmlschemas/ActivityExtension/v2">
      <nax:Nax>
      <nax:DescentInMeters>
      0.25
    </nax:DescentInMeters><nax:Moments>
      <nax:Halt xsi:type="nax:Halt_t" action="auto_pause">
      
    </nax:Halt>
    </nax:Moments>
    </nax:Nax>
    </TPX>
    </Extensions>
    </Trackpoint>
<Trackpoint>
      <Time>
      2024-09-05T18:08:38.000Z
    </Time><Position>
      <LatitudeDegrees>
      47.430933306622684
    </LatitudeDegrees><LongitudeDegrees>
      -122.29677761548723
    </LongitudeDegrees>
    </Position><AltitudeMeters>
      110.97250213380903
    </AltitudeMeters><SensorState>
      Present
    </SensorState><Extensions>
      <TPX xmlns="http://www.garmin.com/xmlschemas/ActivityExtension/v2">
      <nax:Nax>
      <nax:Moments>
      <nax:Halt xsi:type="nax:Halt_t" action="auto_pause">
      
    </nax:Halt>
    </nax:Moments>
    </nax:Nax>
    </TPX>
    </Extensions>
    </Trackpoint>
<Trackpoint>
      <Time>
      2024-09-05T18:08:38.289Z
    </Time><SensorState>
      Present
    </SensorState><Extensions>
      <TPX xmlns="http://www.garmin.com/xmlschemas/ActivityExtension/v2">
      <ns3:Speed>
      2.6648112209676036
    </ns3:Speed><nax:Nax>
      <nax:Pace>
      6.254351728755831
    </nax:Pace><nax:Moments>
      <nax:Halt xsi:type="nax:Halt_t" action="auto_pause">
      
    </nax:Halt>
    </nax:Moments>
    </nax:Nax>
    </TPX>
    </Extensions>
    </Trackpoint>
<Trackpoint>
      <Time>
      2024-09-05T18:08:38.290Z
    </Time><DistanceMeters>
      6.503381277434528
    </DistanceMeters><Cadence>
      158.53179931640625
    </Cadence><SensorState>
      Present
    </SensorState><Extensions>
      <TPX xmlns="http://www.garmin.com/xmlschemas/ActivityExtension/v2">
      <nax:Nax>
      <nax:Moments>
      <nax:Halt xsi:type="nax:Halt_t" action="auto_pause">
      
    </nax:Halt>
    </nax:Moments>
    </nax:Nax>
    </TPX>
    </Extensions>
    </Trackpoint>
<Trackpoint>
      <Time>
      2024-09-05T18:08:39.196Z
    </Time><HeartRateBpm>
      <Value>
      180
    </Value>
    </HeartRateBpm><SensorState>
      Present
    </SensorState><Extensions>
      <TPX xmlns="http://www.garmin.com/xmlschemas/ActivityExtension/v2">
      <nax:Nax>
      <nax:Moments>
      <nax:Halt xsi:type="nax:Halt_t" action="auto_pause">
      
    </nax:Halt>
    </nax:Moments>
    </nax:Nax>
    </TPX>
    </Extensions>
    </Trackpoint>
<Trackpoint>
      <Time>
      2024-09-05T18:08:39.554Z
    </Time><SensorState>
      Present
    </SensorState><Extensions>
      <TPX xmlns="http://www.garmin.com/xmlschemas/ActivityExtension/v2">
      <nax:Nax>
      <nax:DescentInMeters>
      0.25
    </nax:DescentInMeters><nax:Moments>
      <nax:Halt xsi:type="nax:Halt_t" action="auto_pause">
      
    </nax:Halt>
    </nax:Moments>
    </nax:Nax>
    </TPX>
    </Extensions>
    </Trackpoint>
<Trackpoint>
      <Time>
      2024-09-05T18:08:40.845Z
    </Time><SensorState>
      Present
    </SensorState><Extensions>
      <TPX xmlns="http://www.garmin.com/xmlschemas/ActivityExtension/v2">
      <ns3:Speed>
      2.638377630035219
    </ns3:Speed><nax:Nax>
      <nax:Pace>
      6.317013333092953
    </nax:Pace><nax:Moments>
      <nax:Halt xsi:type="nax:Halt_t" action="auto_pause">
      
    </nax:Halt>
    </nax:Moments>
    </nax:Nax>
    </TPX>
    </Extensions>
    </Trackpoint>
<Trackpoint>
      <Time>
      2024-09-05T18:08:40.846Z
    </Time><DistanceMeters>
      7.549112556502223
    </DistanceMeters><Cadence>
      158.53179931640625
    </Cadence><SensorState>
      Present
    </SensorState><Extensions>
      <TPX xmlns="http://www.garmin.com/xmlschemas/ActivityExtension/v2">
      <nax:Nax>
      <nax:Moments>
      <nax:Halt xsi:type="nax:Halt_t" action="auto_pause">
      
    </nax:Halt>
    </nax:Moments>
    </nax:Nax>
    </TPX>
    </Extensions>
    </Trackpoint>
<Trackpoint>
      <Time>
      2024-09-05T18:08:42.000Z
    </Time><Position>
      <LatitudeDegrees>
      47.43093367879144
    </LatitudeDegrees><LongitudeDegrees>
      -122.29663748600215
    </LongitudeDegrees>
    </Position><AltitudeMeters>
      109.49529538676143
    </AltitudeMeters><SensorState>
      Present
    </SensorState><Extensions>
      <TPX xmlns="http://www.garmin.com/xmlschemas/ActivityExtension/v2">
      <nax:Nax>
      <nax:Moments>
      <nax:Halt xsi:type="nax:Halt_t" action="auto_pause">
      
    </nax:Halt>
    </nax:Moments>
    </nax:Nax>
    </TPX>
    </Extensions>
    </Trackpoint>
<Trackpoint>
      <Time>
      2024-09-05T18:08:42.136Z
    </Time><SensorState>
      Present
    </SensorState><Extensions>
      <TPX xmlns="http://www.garmin.com/xmlschemas/ActivityExtension/v2">
      <nax:Nax>
      <nax:DescentInMeters>
      0.2800002098083496
    </nax:DescentInMeters><nax:Moments>
      <nax:Halt xsi:type="nax:Halt_t" action="auto_pause">
      
    </nax:Halt>
    </nax:Moments>
    </nax:Nax>
    </TPX>
    </Extensions>
    </Trackpoint>
<Trackpoint>
      <Time>
      2024-09-05T18:08:43.401Z
    </Time><SensorState>
      Present
    </SensorState><Extensions>
      <TPX xmlns="http://www.garmin.com/xmlschemas/ActivityExtension/v2">
      <ns3:Speed>
      2.6586557560474686
    </ns3:Speed><nax:Nax>
      <nax:Pace>
      6.268832145250885
    </nax:Pace><nax:Moments>
      <nax:Halt xsi:type="nax:Halt_t" action="auto_pause">
      
    </nax:Halt>
    </nax:Moments>
    </nax:Nax>
    </TPX>
    </Extensions>
    </Trackpoint>
<Trackpoint>
      <Time>
      2024-09-05T18:08:43.402Z
    </Time><DistanceMeters>
      5.690996873192489
    </DistanceMeters><Cadence>
      158.4721326828003
    </Cadence><SensorState>
      Present
    </SensorState><Extensions>
      <TPX xmlns="http://www.garmin.com/xmlschemas/ActivityExtension/v2">
      <nax:Nax>
      <nax:Moments>
      <nax:Halt xsi:type="nax:Halt_t" action="auto_pause">
      
    </nax:Halt>
    </nax:Moments>
    </nax:Nax>
    </TPX>
    </Extensions>
    </Trackpoint>
<Trackpoint>
      <Time>
      2024-09-05T18:08:44.717Z
    </Time><SensorState>
      Present
    </SensorState><Extensions>
      <TPX xmlns="http://www.garmin.com/xmlschemas/ActivityExtension/v2">
      <nax:Nax>
      <nax:DescentInMeters>
      0.3400001525878906
    </nax:DescentInMeters><nax:Moments>
      <nax:Halt xsi:type="nax:Halt_t" action="auto_pause">
      
    </nax:Halt>
    </nax:Moments>
    </nax:Nax>
    </TPX>
    </Extensions>
    </Trackpoint>
<Trackpoint>
      <Time>
      2024-09-05T18:08:45.000Z
    </Time><SensorState>
      Present
    </SensorState><Extensions>
      <TPX xmlns="http://www.garmin.com/xmlschemas/ActivityExtension/v2">
      <nax:Nax>
      <nax:NikeFuel>
      6.740634010501599
    </nax:NikeFuel><nax:Moments>
      <nax:Halt xsi:type="nax:Halt_t" action="auto_pause">
      
    </nax:Halt>
    </nax:Moments>
    </nax:Nax>
    </TPX>
    </Extensions>
    </Trackpoint>
<Trackpoint>
      <Time>
      2024-09-05T18:08:45.956Z
    </Time><SensorState>
      Present
    </SensorState><Extensions>
      <TPX xmlns="http://www.garmin.com/xmlschemas/ActivityExtension/v2">
      <ns3:Speed>
      2.638816164660109
    </ns3:Speed><nax:Nax>
      <nax:Pace>
      6.315963533144949
    </nax:Pace><nax:Moments>
      <nax:Halt xsi:type="nax:Halt_t" action="auto_pause">
      
    </nax:Halt>
    </nax:Moments>
    </nax:Nax>
    </TPX>
    </Extensions>
    </Trackpoint>
<Trackpoint>
      <Time>
      2024-09-05T18:08:45.957Z
    </Time><DistanceMeters>
      5.9865896524861455
    </DistanceMeters><Cadence>
      158.4721040725708
    </Cadence><SensorState>
      Present
    </SensorState><Extensions>
      <TPX xmlns="http://www.garmin.com/xmlschemas/ActivityExtension/v2">
      <nax:Nax>
      <nax:Moments>
      <nax:Halt xsi:type="nax:Halt_t" action="auto_pause">
      
    </nax:Halt>
    </nax:Moments>
    </nax:Nax>
    </TPX>
    </Extensions>
    </Trackpoint>
<Trackpoint>
      <Time>
      2024-09-05T18:08:46.196Z
    </Time><HeartRateBpm>
      <Value>
      178
    </Value>
    </HeartRateBpm><SensorState>
      Present
    </SensorState><Extensions>
      <TPX xmlns="http://www.garmin.com/xmlschemas/ActivityExtension/v2">
      <nax:Nax>
      <nax:Moments>
      <nax:Halt xsi:type="nax:Halt_t" action="auto_pause">
      
    </nax:Halt>
    </nax:Moments>
    </nax:Nax>
    </TPX>
    </Extensions>
    </Trackpoint>
<Trackpoint>
      <Time>
      2024-09-05T18:08:47.000Z
    </Time><Position>
      <LatitudeDegrees>
      47.43093295912314
    </LatitudeDegrees><LongitudeDegrees>
      -122.29647938914206
    </LongitudeDegrees>
    </Position><AltitudeMeters>
      109.19292105361819
    </AltitudeMeters><SensorState>
      Present
    </SensorState><Extensions>
      <TPX xmlns="http://www.garmin.com/xmlschemas/ActivityExtension/v2">
      <nax:Nax>
      <nax:Moments>
      <nax:Halt xsi:type="nax:Halt_t" action="auto_pause">
      
    </nax:Halt>
    </nax:Moments>
    </nax:Nax>
    </TPX>
    </Extensions>
    </Trackpoint>
<Trackpoint>
      <Time>
      2024-09-05T18:08:47.297Z
    </Time><SensorState>
      Present
    </SensorState><Extensions>
      <TPX xmlns="http://www.garmin.com/xmlschemas/ActivityExtension/v2">
      <nax:Nax>
      <nax:DescentInMeters>
      0.14999961853027344
    </nax:DescentInMeters><nax:Moments>
      <nax:Halt xsi:type="nax:Halt_t" action="auto_pause">
      
    </nax:Halt>
    </nax:Moments>
    </nax:Nax>
    </TPX>
    </Extensions>
    </Trackpoint>
<Trackpoint>
      <Time>
      2024-09-05T18:08:48.512Z
    </Time><SensorState>
      Present
    </SensorState><Extensions>
      <TPX xmlns="http://www.garmin.com/xmlschemas/ActivityExtension/v2">
      <ns3:Speed>
      2.582818748071391
    </ns3:Speed><nax:Nax>
      <nax:Pace>
      6.452898283749792
    </nax:Pace><nax:Moments>
      <nax:Halt xsi:type="nax:Halt_t" action="auto_pause">
      
    </nax:Halt>
    </nax:Moments>
    </nax:Nax>
    </TPX>
    </Extensions>
    </Trackpoint>
<Trackpoint>
      <Time>
      2024-09-05T18:08:48.513Z
    </Time><DistanceMeters>
      6.450385320931673
    </DistanceMeters><Cadence>
      158.65934371948242
    </Cadence><SensorState>
      Present
    </SensorState><Extensions>
      <TPX xmlns="http://www.garmin.com/xmlschemas/ActivityExtension/v2">
      <nax:Nax>
      <nax:Moments>
      <nax:Halt xsi:type="nax:Halt_t" action="auto_pause">
      
    </nax:Halt>
    </nax:Moments>
    </nax:Nax>
    </TPX>
    </Extensions>
    </Trackpoint>
<Trackpoint>
      <Time>
      2024-09-05T18:08:49.196Z
    </Time><HeartRateBpm>
      <Value>
      179
    </Value>
    </HeartRateBpm><SensorState>
      Present
    </SensorState><Extensions>
      <TPX xmlns="http://www.garmin.com/xmlschemas/ActivityExtension/v2">
      <nax:Nax>
      <nax:Moments>
      <nax:Halt xsi:type="nax:Halt_t" action="auto_pause">
      
    </nax:Halt>
    </nax:Moments>
    </nax:Nax>
    </TPX>
    </Extensions>
    </Trackpoint>
<Trackpoint>
      <Time>
      2024-09-05T18:08:49.879Z
    </Time><SensorState>
      Present
    </SensorState><Extensions>
      <TPX xmlns="http://www.garmin.com/xmlschemas/ActivityExtension/v2">
      <nax:Nax>
      <nax:DescentInMeters>
      0.010000228881835938
    </nax:DescentInMeters><nax:Moments>
      <nax:Halt xsi:type="nax:Halt_t" action="auto_pause">
      
    </nax:Halt>
    </nax:Moments>
    </nax:Nax>
    </TPX>
    </Extensions>
    </Trackpoint>
<Trackpoint>
      <Time>
      2024-09-05T18:08:51.068Z
    </Time><SensorState>
      Present
    </SensorState><Extensions>
      <TPX xmlns="http://www.garmin.com/xmlschemas/ActivityExtension/v2">
      <ns3:Speed>
      2.5582188836182813
    </ns3:Speed><nax:Nax>
      <nax:Pace>
      6.514949433526872
    </nax:Pace><nax:Moments>
      <nax:Halt xsi:type="nax:Halt_t" action="auto_pause">
      
    </nax:Halt>
    </nax:Moments>
    </nax:Nax>
    </TPX>
    </Extensions>
    </Trackpoint>
<Trackpoint>
      <Time>
      2024-09-05T18:08:51.069Z
    </Time><DistanceMeters>
      6.673113331198692
    </DistanceMeters><Cadence>
      158.96644592285156
    </Cadence><SensorState>
      Present
    </SensorState><Extensions>
      <TPX xmlns="http://www.garmin.com/xmlschemas/ActivityExtension/v2">
      <nax:Nax>
      <nax:Moments>
      <nax:Halt xsi:type="nax:Halt_t" action="auto_pause">
      
    </nax:Halt>
    </nax:Moments>
    </nax:Nax>
    </TPX>
    </Extensions>
    </Trackpoint>
<Trackpoint>
      <Time>
      2024-09-05T18:08:52.000Z
    </Time><Position>
      <LatitudeDegrees>
      47.43092433752202
    </LatitudeDegrees><LongitudeDegrees>
      -122.2963136542358
    </LongitudeDegrees>
    </Position><AltitudeMeters>
      109.60627309419215
    </AltitudeMeters><SensorState>
      Present
    </SensorState><Extensions>
      <TPX xmlns="http://www.garmin.com/xmlschemas/ActivityExtension/v2">
      <nax:Nax>
      <nax:Moments>
      <nax:Halt xsi:type="nax:Halt_t" action="auto_pause">
      
    </nax:Halt>
    </nax:Moments>
    </nax:Nax>
    </TPX>
    </Extensions>
    </Trackpoint>
<Trackpoint>
      <Time>
      2024-09-05T18:08:52.461Z
    </Time><SensorState>
      Present
    </SensorState><Extensions>
      <TPX xmlns="http://www.garmin.com/xmlschemas/ActivityExtension/v2">
      <nax:Nax>
      <nax:DescentInMeters>
      0.019999980926513672
    </nax:DescentInMeters><nax:Moments>
      <nax:Halt xsi:type="nax:Halt_t" action="auto_pause">
      
    </nax:Halt>
    </nax:Moments>
    </nax:Nax>
    </TPX>
    </Extensions>
    </Trackpoint>
<Trackpoint>
      <Time>
      2024-09-05T18:08:53.623Z
    </Time><SensorState>
      Present
    </SensorState><Extensions>
      <TPX xmlns="http://www.garmin.com/xmlschemas/ActivityExtension/v2">
      <ns3:Speed>
      2.526326245576398
    </ns3:Speed><nax:Nax>
      <nax:Pace>
      6.597194917263765
    </nax:Pace><nax:Moments>
      <nax:Halt xsi:type="nax:Halt_t" action="auto_pause">
      
    </nax:Halt>
    </nax:Moments>
    </nax:Nax>
    </TPX>
    </Extensions>
    </Trackpoint>
<Trackpoint>
      <Time>
      2024-09-05T18:08:53.624Z
    </Time><DistanceMeters>
      6.6499418737366796
    </DistanceMeters><Cadence>
      159.3409824371338
    </Cadence><SensorState>
      Present
    </SensorState><Extensions>
      <TPX xmlns="http://www.garmin.com/xmlschemas/ActivityExtension/v2">
      <nax:Nax>
      <nax:Moments>
      <nax:Halt xsi:type="nax:Halt_t" action="auto_pause">
      
    </nax:Halt>
    </nax:Moments>
    </nax:Nax>
    </TPX>
    </Extensions>
    </Trackpoint>
<Trackpoint>
      <Time>
      2024-09-05T18:08:55.000Z
    </Time><SensorState>
      Present
    </SensorState><Extensions>
      <TPX xmlns="http://www.garmin.com/xmlschemas/ActivityExtension/v2">
      <nax:Nax>
      <nax:NikeFuel>
      6.8154231216704435
    </nax:NikeFuel><nax:Moments>
      <nax:Halt xsi:type="nax:Halt_t" action="auto_pause">
      
    </nax:Halt>
    </nax:Moments>
    </nax:Nax>
    </TPX>
    </Extensions>
    </Trackpoint>
<Trackpoint>
      <Time>
      2024-09-05T18:08:56.000Z
    </Time><Position>
      <LatitudeDegrees>
      47.430927741953205
    </LatitudeDegrees><LongitudeDegrees>
      -122.29618048841469
    </LongitudeDegrees>
    </Position><AltitudeMeters>
      108.88763760309666
    </AltitudeMeters><SensorState>
      Present
    </SensorState><Extensions>
      <TPX xmlns="http://www.garmin.com/xmlschemas/ActivityExtension/v2">
      <nax:Nax>
      <nax:Moments>
      <nax:Halt xsi:type="nax:Halt_t" action="auto_pause">
      
    </nax:Halt>
    </nax:Moments>
    </nax:Nax>
    </TPX>
    </Extensions>
    </Trackpoint>
<Trackpoint>
      <Time>
      2024-09-05T18:08:56.179Z
    </Time><DistanceMeters>
      7.294014756567776
    </DistanceMeters><SensorState>
      Present
    </SensorState><Extensions>
      <TPX xmlns="http://www.garmin.com/xmlschemas/ActivityExtension/v2">
      <ns3:Speed>
      2.5219033211315893
    </ns3:Speed><nax:Nax>
      <nax:Pace>
      6.608765104916179
    </nax:Pace><nax:Moments>
      <nax:Halt xsi:type="nax:Halt_t" action="auto_pause">
      
    </nax:Halt>
    </nax:Moments>
    </nax:Nax>
    </TPX>
    </Extensions>
    </Trackpoint>
<Trackpoint>
      <Time>
      2024-09-05T18:08:56.180Z
    </Time><Cadence>
      159.64336395263672
    </Cadence><SensorState>
      Present
    </SensorState><Extensions>
      <TPX xmlns="http://www.garmin.com/xmlschemas/ActivityExtension/v2">
      <nax:Nax>
      <nax:Moments>
      <nax:Halt xsi:type="nax:Halt_t" action="auto_pause">
      
    </nax:Halt>
    </nax:Moments>
    </nax:Nax>
    </TPX>
    </Extensions>
    </Trackpoint>
<Trackpoint>
      <Time>
      2024-09-05T18:08:57.196Z
    </Time><HeartRateBpm>
      <Value>
      177
    </Value>
    </HeartRateBpm><SensorState>
      Present
    </SensorState><Extensions>
      <TPX xmlns="http://www.garmin.com/xmlschemas/ActivityExtension/v2">
      <nax:Nax>
      <nax:Moments>
      <nax:Halt xsi:type="nax:Halt_t" action="auto_pause">
      
    </nax:Halt>
    </nax:Moments>
    </nax:Nax>
    </TPX>
    </Extensions>
    </Trackpoint>
<Trackpoint>
      <Time>
      2024-09-05T18:08:58.735Z
    </Time><SensorState>
      Present
    </SensorState><Extensions>
      <TPX xmlns="http://www.garmin.com/xmlschemas/ActivityExtension/v2">
      <ns3:Speed>
      2.5738718297312966
    </ns3:Speed><nax:Nax>
      <nax:Pace>
      6.475328908823952
    </nax:Pace><nax:Moments>
      <nax:Halt xsi:type="nax:Halt_t" action="auto_pause">
      
    </nax:Halt>
    </nax:Moments>
    </nax:Nax>
    </TPX>
    </Extensions>
    </Trackpoint>
<Trackpoint>
      <Time>
      2024-09-05T18:08:58.736Z
    </Time><DistanceMeters>
      6.931853911839426
    </DistanceMeters><Cadence>
      159.6432638168335
    </Cadence><SensorState>
      Present
    </SensorState><Extensions>
      <TPX xmlns="http://www.garmin.com/xmlschemas/ActivityExtension/v2">
      <nax:Nax>
      <nax:Moments>
      <nax:Halt xsi:type="nax:Halt_t" action="auto_pause">
      
    </nax:Halt>
    </nax:Moments>
    </nax:Nax>
    </TPX>
    </Extensions>
    </Trackpoint>
<Trackpoint>
      <Time>
      2024-09-05T18:09:00.000Z
    </Time><Position>
      <LatitudeDegrees>
      47.4309157674691
    </LatitudeDegrees><LongitudeDegrees>
      -122.2960275997679
    </LongitudeDegrees>
    </Position><AltitudeMeters>
      111.07240493781865
    </AltitudeMeters><SensorState>
      Present
    </SensorState><Extensions>
      <TPX xmlns="http://www.garmin.com/xmlschemas/ActivityExtension/v2">
      <nax:Nax>
      <nax:Moments>
      <nax:Halt xsi:type="nax:Halt_t" action="auto_pause">
      
    </nax:Halt>
    </nax:Moments>
    </nax:Nax>
    </TPX>
    </Extensions>
    </Trackpoint>
<Trackpoint>
      <Time>
      2024-09-05T18:09:01.291Z
    </Time><DistanceMeters>
      7.670412378385663
    </DistanceMeters><SensorState>
      Present
    </SensorState><Extensions>
      <TPX xmlns="http://www.garmin.com/xmlschemas/ActivityExtension/v2">
      <ns3:Speed>
      2.626124757112713
    </ns3:Speed><nax:Nax>
      <nax:Pace>
      6.346487013431455
    </nax:Pace><nax:Moments>
      <nax:Halt xsi:type="nax:Halt_t" action="auto_pause">
      
    </nax:Halt>
    </nax:Moments>
    </nax:Nax>
    </TPX>
    </Extensions>
    </Trackpoint>
<Trackpoint>
      <Time>
      2024-09-05T18:09:01.292Z
    </Time><Cadence>
      159.83048915863037
    </Cadence><SensorState>
      Present
    </SensorState><Extensions>
      <TPX xmlns="http://www.garmin.com/xmlschemas/ActivityExtension/v2">
      <nax:Nax>
      <nax:Moments>
      <nax:Halt xsi:type="nax:Halt_t" action="auto_pause">
      
    </nax:Halt>
    </nax:Moments>
    </nax:Nax>
    </TPX>
    </Extensions>
    </Trackpoint>
<Trackpoint>
      <Time>
      2024-09-05T18:09:02.196Z
    </Time><HeartRateBpm>
      <Value>
      177
    </Value>
    </HeartRateBpm><SensorState>
      Present
    </SensorState><Extensions>
      <TPX xmlns="http://www.garmin.com/xmlschemas/ActivityExtension/v2">
      <nax:Nax>
      <nax:Moments>
      <nax:Halt xsi:type="nax:Halt_t" action="auto_pause">
      
    </nax:Halt>
    </nax:Moments>
    </nax:Nax>
    </TPX>
    </Extensions>
    </Trackpoint>
<Trackpoint>
      <Time>
      2024-09-05T18:09:02.784Z
    </Time><SensorState>
      Present
    </SensorState><Extensions>
      <TPX xmlns="http://www.garmin.com/xmlschemas/ActivityExtension/v2">
      <nax:Nax>
      <nax:AscentInMeters>
      0.23999977111816406
    </nax:AscentInMeters><nax:Moments>
      <nax:Halt xsi:type="nax:Halt_t" action="auto_pause">
      
    </nax:Halt>
    </nax:Moments>
    </nax:Nax>
    </TPX>
    </Extensions>
    </Trackpoint>
<Trackpoint>
      <Time>
      2024-09-05T18:09:03.846Z
    </Time><SensorState>
      Present
    </SensorState><Extensions>
      <TPX xmlns="http://www.garmin.com/xmlschemas/ActivityExtension/v2">
      <ns3:Speed>
      2.707237982152544
    </ns3:Speed><nax:Nax>
      <nax:Pace>
      6.15633600612196
    </nax:Pace><nax:Moments>
      <nax:Halt xsi:type="nax:Halt_t" action="auto_pause">
      
    </nax:Halt>
    </nax:Moments>
    </nax:Nax>
    </TPX>
    </Extensions>
    </Trackpoint>
<Trackpoint>
      <Time>
      2024-09-05T18:09:03.847Z
    </Time><DistanceMeters>
      8.048022458329797
    </DistanceMeters><Cadence>
      159.83048915863037
    </Cadence><SensorState>
      Present
    </SensorState><Extensions>
      <TPX xmlns="http://www.garmin.com/xmlschemas/ActivityExtension/v2">
      <nax:Nax>
      <nax:Moments>
      <nax:Halt xsi:type="nax:Halt_t" action="auto_pause">
      
    </nax:Halt>
    </nax:Moments>
    </nax:Nax>
    </TPX>
    </Extensions>
    </Trackpoint>
<Trackpoint>
      <Time>
      2024-09-05T18:09:04.000Z
    </Time><Position>
      <LatitudeDegrees>
      47.430919423538164
    </LatitudeDegrees><LongitudeDegrees>
      -122.29587392347308
    </LongitudeDegrees>
    </Position><AltitudeMeters>
      111.08119082916528
    </AltitudeMeters><SensorState>
      Present
    </SensorState><Extensions>
      <TPX xmlns="http://www.garmin.com/xmlschemas/ActivityExtension/v2">
      <nax:Nax>
      <nax:Moments>
      <nax:Halt xsi:type="nax:Halt_t" action="auto_pause">
      
    </nax:Halt>
    </nax:Moments>
    </nax:Nax>
    </TPX>
    </Extensions>
    </Trackpoint>
<Trackpoint>
      <Time>
      2024-09-05T18:09:04.196Z
    </Time><HeartRateBpm>
      <Value>
      178
    </Value>
    </HeartRateBpm><SensorState>
      Present
    </SensorState><Extensions>
      <TPX xmlns="http://www.garmin.com/xmlschemas/ActivityExtension/v2">
      <nax:Nax>
      <nax:Moments>
      <nax:Halt xsi:type="nax:Halt_t" action="auto_pause">
      
    </nax:Halt>
    </nax:Moments>
    </nax:Nax>
    </TPX>
    </Extensions>
    </Trackpoint>
<Trackpoint>
      <Time>
      2024-09-05T18:09:05.000Z
    </Time><SensorState>
      Present
    </SensorState><Extensions>
      <TPX xmlns="http://www.garmin.com/xmlschemas/ActivityExtension/v2">
      <nax:Nax>
      <nax:NikeFuel>
      6.250098820447023
    </nax:NikeFuel><nax:Moments>
      <nax:Halt xsi:type="nax:Halt_t" action="auto_pause">
      
    </nax:Halt>
    </nax:Moments>
    </nax:Nax>
    </TPX>
    </Extensions>
    </Trackpoint>
<Trackpoint>
      <Time>
      2024-09-05T18:09:05.365Z
    </Time><SensorState>
      Present
    </SensorState><Extensions>
      <TPX xmlns="http://www.garmin.com/xmlschemas/ActivityExtension/v2">
      <nax:Nax>
      <nax:AscentInMeters>
      0.20000028610229492
    </nax:AscentInMeters><nax:Moments>
      <nax:Halt xsi:type="nax:Halt_t" action="auto_pause">
      
    </nax:Halt>
    </nax:Moments>
    </nax:Nax>
    </TPX>
    </Extensions>
    </Trackpoint>
<Trackpoint>
      <Time>
      2024-09-05T18:09:06.402Z
    </Time><SensorState>
      Present
    </SensorState><Extensions>
      <TPX xmlns="http://www.garmin.com/xmlschemas/ActivityExtension/v2">
      <ns3:Speed>
      2.7338313916215387
    </ns3:Speed><nax:Nax>
      <nax:Pace>
      6.096450102133415
    </nax:Pace><nax:Moments>
      <nax:Halt xsi:type="nax:Halt_t" action="auto_pause">
      
    </nax:Halt>
    </nax:Moments>
    </nax:Nax>
    </TPX>
    </Extensions>
    </Trackpoint>
<Trackpoint>
      <Time>
      2024-09-05T18:09:06.403Z
    </Time><DistanceMeters>
      6.268558319658041
    </DistanceMeters><Cadence>
      159.83048915863037
    </Cadence><SensorState>
      Present
    </SensorState><Extensions>
      <TPX xmlns="http://www.garmin.com/xmlschemas/ActivityExtension/v2">
      <nax:Nax>
      <nax:Moments>
      <nax:Halt xsi:type="nax:Halt_t" action="auto_pause">
      
    </nax:Halt>
    </nax:Moments>
    </nax:Nax>
    </TPX>
    </Extensions>
    </Trackpoint>
<Trackpoint>
      <Time>
      2024-09-05T18:09:07.947Z
    </Time><SensorState>
      Present
    </SensorState><Extensions>
      <TPX xmlns="http://www.garmin.com/xmlschemas/ActivityExtension/v2">
      <nax:Nax>
      <nax:AscentInMeters>
      0.36999988555908203
    </nax:AscentInMeters><nax:Moments>
      <nax:Halt xsi:type="nax:Halt_t" action="auto_pause">
      
    </nax:Halt>
    </nax:Moments>
    </nax:Nax>
    </TPX>
    </Extensions>
    </Trackpoint>
<Trackpoint>
      <Time>
      2024-09-05T18:09:08.000Z
    </Time><Position>
      <LatitudeDegrees>
      47.430901056805766
    </LatitudeDegrees><LongitudeDegrees>
      -122.29572000853219
    </LongitudeDegrees>
    </Position><AltitudeMeters>
      111.40144401788712
    </AltitudeMeters><SensorState>
      Present
    </SensorState><Extensions>
      <TPX xmlns="http://www.garmin.com/xmlschemas/ActivityExtension/v2">
      <nax:Nax>
      <nax:Moments>
      <nax:Halt xsi:type="nax:Halt_t" action="auto_pause">
      
    </nax:Halt>
    </nax:Moments>
    </nax:Nax>
    </TPX>
    </Extensions>
    </Trackpoint>
<Trackpoint>
      <Time>
      2024-09-05T18:09:08.958Z
    </Time><SensorState>
      Present
    </SensorState><Extensions>
      <TPX xmlns="http://www.garmin.com/xmlschemas/ActivityExtension/v2">
      <ns3:Speed>
      2.663230311240362
    </ns3:Speed><nax:Nax>
      <nax:Pace>
      6.258064350020258
    </nax:Pace><nax:Moments>
      <nax:Halt xsi:type="nax:Halt_t" action="auto_pause">
      
    </nax:Halt>
    </nax:Moments>
    </nax:Nax>
    </TPX>
    </Extensions>
    </Trackpoint>
<Trackpoint>
      <Time>
      2024-09-05T18:09:08.959Z
    </Time><DistanceMeters>
      5.8470785822719336
    </DistanceMeters><Cadence>
      156.97872161865234
    </Cadence><SensorState>
      Present
    </SensorState><Extensions>
      <TPX xmlns="http://www.garmin.com/xmlschemas/ActivityExtension/v2">
      <nax:Nax>
      <nax:Moments>
      <nax:Halt xsi:type="nax:Halt_t" action="auto_pause">
      
    </nax:Halt>
    </nax:Moments>
    </nax:Nax>
    </TPX>
    </Extensions>
    </Trackpoint>
<Trackpoint>
      <Time>
      2024-09-05T18:09:10.528Z
    </Time><SensorState>
      Present
    </SensorState><Extensions>
      <TPX xmlns="http://www.garmin.com/xmlschemas/ActivityExtension/v2">
      <nax:Nax>
      <nax:AscentInMeters>
      0.5500001907348633
    </nax:AscentInMeters><nax:Moments>
      <nax:Halt xsi:type="nax:Halt_t" action="auto_pause">
      
    </nax:Halt>
    </nax:Moments>
    </nax:Nax>
    </TPX>
    </Extensions>
    </Trackpoint>
<Trackpoint>
      <Time>
      2024-09-05T18:09:11.514Z
    </Time><DistanceMeters>
      3.7378971353173256
    </DistanceMeters><SensorState>
      Present
    </SensorState><Extensions>
      <TPX xmlns="http://www.garmin.com/xmlschemas/ActivityExtension/v2">
      <ns3:Speed>
      2.547312088673598
    </ns3:Speed><nax:Nax>
      <nax:Pace>
      6.542844412655031
    </nax:Pace><nax:Moments>
      <nax:Halt xsi:type="nax:Halt_t" action="auto_pause">
      
    </nax:Halt>
    </nax:Moments>
    </nax:Nax>
    </TPX>
    </Extensions>
    </Trackpoint>
<Trackpoint>
      <Time>
      2024-09-05T18:09:11.515Z
    </Time><Cadence>
      156.97872161865234
    </Cadence><SensorState>
      Present
    </SensorState><Extensions>
      <TPX xmlns="http://www.garmin.com/xmlschemas/ActivityExtension/v2">
      <nax:Nax>
      <nax:Moments>
      <nax:Halt xsi:type="nax:Halt_t" action="auto_pause">
      
    </nax:Halt>
    </nax:Moments>
    </nax:Nax>
    </TPX>
    </Extensions>
    </Trackpoint>
<Trackpoint>
      <Time>
      2024-09-05T18:09:13.109Z
    </Time><SensorState>
      Present
    </SensorState><Extensions>
      <TPX xmlns="http://www.garmin.com/xmlschemas/ActivityExtension/v2">
      <nax:Nax>
      <nax:AscentInMeters>
      0.309999942779541
    </nax:AscentInMeters><nax:Moments>
      <nax:Halt xsi:type="nax:Halt_t" action="auto_pause">
      
    </nax:Halt>
    </nax:Moments>
    </nax:Nax>
    </TPX>
    </Extensions>
    </Trackpoint>
<Trackpoint>
      <Time>
      2024-09-05T18:09:14.069Z
    </Time><SensorState>
      Present
    </SensorState><Extensions>
      <TPX xmlns="http://www.garmin.com/xmlschemas/ActivityExtension/v2">
      <ns3:Speed>
      1.5553365585623613
    </ns3:Speed><nax:Nax>
      <nax:Pace>
      10.715794324330746
    </nax:Pace><nax:Moments>
      <nax:Halt xsi:type="nax:Halt_t" action="auto_pause">
      
    </nax:Halt>
    </nax:Moments>
    </nax:Nax>
    </TPX>
    </Extensions>
    </Trackpoint>
<Trackpoint>
      <Time>
      2024-09-05T18:09:14.070Z
    </Time><DistanceMeters>
      0.8877531290054321
    </DistanceMeters><Cadence>
      156.97872161865234
    </Cadence><SensorState>
      Present
    </SensorState><Extensions>
      <TPX xmlns="http://www.garmin.com/xmlschemas/ActivityExtension/v2">
      <nax:Nax>
      <nax:Moments>
      <nax:Halt xsi:type="nax:Halt_t" action="auto_pause">
      
    </nax:Halt>
    </nax:Moments>
    </nax:Nax>
    </TPX>
    </Extensions>
    </Trackpoint>
<Trackpoint>
      <Time>
      2024-09-05T18:09:15.000Z
    </Time><SensorState>
      Present
    </SensorState><Extensions>
      <TPX xmlns="http://www.garmin.com/xmlschemas/ActivityExtension/v2">
      <nax:Nax>
      <nax:NikeFuel>
      2.4773478272281224
    </nax:NikeFuel><nax:Moments>
      <nax:Halt xsi:type="nax:Halt_t" action="auto_pause">
      
    </nax:Halt>
    </nax:Moments>
    </nax:Nax>
    </TPX>
    </Extensions>
    </Trackpoint>
<Trackpoint>
      <Time>
      2024-09-05T18:09:15.690Z
    </Time><SensorState>
      Present
    </SensorState><Extensions>
      <TPX xmlns="http://www.garmin.com/xmlschemas/ActivityExtension/v2">
      <nax:Nax>
      <nax:AscentInMeters>
      0.25
    </nax:AscentInMeters><nax:Moments>
      <nax:Halt xsi:type="nax:Halt_t" action="auto_pause">
      
    </nax:Halt>
    </nax:Moments>
    </nax:Nax>
    </TPX>
    </Extensions>
    </Trackpoint>
<Trackpoint>
      <Time>
      2024-09-05T18:09:16.625Z
    </Time><SensorState>
      Present
    </SensorState><Extensions>
      <TPX xmlns="http://www.garmin.com/xmlschemas/ActivityExtension/v2">
      <ns3:Speed>
      2.07112736400295
    </ns3:Speed><nax:Nax>
      <nax:Pace>
      8.047147151034853
    </nax:Pace><nax:Moments>
      <nax:Halt xsi:type="nax:Halt_t" action="auto_pause">
      
    </nax:Halt>
    </nax:Moments>
    </nax:Nax>
    </TPX>
    </Extensions>
    </Trackpoint>
<Trackpoint>
      <Time>
      2024-09-05T18:09:16.626Z
    </Time><DistanceMeters>
      2.676605625078082
    </DistanceMeters><Cadence>
      156.97872161865234
    </Cadence><SensorState>
      Present
    </SensorState><Extensions>
      <TPX xmlns="http://www.garmin.com/xmlschemas/ActivityExtension/v2">
      <nax:Nax>
      <nax:Moments>
      <nax:Halt xsi:type="nax:Halt_t" action="auto_pause">
      
    </nax:Halt>
    </nax:Moments>
    </nax:Nax>
    </TPX>
    </Extensions>
    </Trackpoint>
<Trackpoint>
      <Time>
      2024-09-05T18:09:17.000Z
    </Time><Position>
      <LatitudeDegrees>
      47.43083980438209
    </LatitudeDegrees><LongitudeDegrees>
      -122.29560951891767
    </LongitudeDegrees>
    </Position><AltitudeMeters>
      112.04746504407376
    </AltitudeMeters><SensorState>
      Present
    </SensorState><Extensions>
      <TPX xmlns="http://www.garmin.com/xmlschemas/ActivityExtension/v2">
      <nax:Nax>
      <nax:Moments>
      <nax:Halt xsi:type="nax:Halt_t" action="auto_pause">
      
    </nax:Halt>
    </nax:Moments>
    </nax:Nax>
    </TPX>
    </Extensions>
    </Trackpoint>
<Trackpoint>
      <Time>
      2024-09-05T18:09:18.271Z
    </Time><SensorState>
      Present
    </SensorState><Extensions>
      <TPX xmlns="http://www.garmin.com/xmlschemas/ActivityExtension/v2">
      <nax:Nax>
      <nax:AscentInMeters>
      0.36999988555908203
    </nax:AscentInMeters><nax:Moments>
      <nax:Halt xsi:type="nax:Halt_t" action="auto_pause">
      
    </nax:Halt>
    </nax:Moments>
    </nax:Nax>
    </TPX>
    </Extensions>
    </Trackpoint>
<Trackpoint>
      <Time>
      2024-09-05T18:09:19.190Z
    </Time><SensorState>
      Present
    </SensorState><Extensions>
      <TPX xmlns="http://www.garmin.com/xmlschemas/ActivityExtension/v2">
      <ns3:Speed>
      1.57077198385968
    </ns3:Speed><nax:Nax>
      <nax:Pace>
      10.610493972341901
    </nax:Pace><nax:Moments>
      <nax:Halt xsi:type="nax:Halt_t" action="auto_pause">
      
    </nax:Halt>
    </nax:Moments>
    </nax:Nax>
    </TPX>
    </Extensions>
    </Trackpoint>
<Trackpoint>
      <Time>
      2024-09-05T18:09:19.191Z
    </Time><DistanceMeters>
      1.0086419666185975
    </DistanceMeters><Cadence>
      103.81745338439941
    </Cadence><SensorState>
      Present
    </SensorState><Extensions>
      <TPX xmlns="http://www.garmin.com/xmlschemas/ActivityExtension/v2">
      <nax:Nax>
      <nax:Moments>
      <nax:Halt xsi:type="nax:Halt_t" action="auto_pause">
      
    </nax:Halt>
    </nax:Moments>
    </nax:Nax>
    </TPX>
    </Extensions>
    </Trackpoint>
<Trackpoint>
      <Time>
      2024-09-05T18:09:19.196Z
    </Time><HeartRateBpm>
      <Value>
      178
    </Value>
    </HeartRateBpm><SensorState>
      Present
    </SensorState><Extensions>
      <TPX xmlns="http://www.garmin.com/xmlschemas/ActivityExtension/v2">
      <nax:Nax>
      <nax:Moments>
      <nax:Halt xsi:type="nax:Halt_t" action="auto_pause">
      
    </nax:Halt>
    </nax:Moments>
    </nax:Nax>
    </TPX>
    </Extensions>
    </Trackpoint>
<Trackpoint>
      <Time>
      2024-09-05T18:09:20.852Z
    </Time><SensorState>
      Present
    </SensorState><Extensions>
      <TPX xmlns="http://www.garmin.com/xmlschemas/ActivityExtension/v2">
      <nax:Nax>
      <nax:AscentInMeters>
      0.38000011444091797
    </nax:AscentInMeters><nax:Moments>
      <nax:Halt xsi:type="nax:Halt_t" action="auto_pause">
      
    </nax:Halt>
    </nax:Moments>
    </nax:Nax>
    </TPX>
    </Extensions>
    </Trackpoint>
<Trackpoint>
      <Time>
      2024-09-05T18:09:21.756Z
    </Time><SensorState>
      Present
    </SensorState><Extensions>
      <TPX xmlns="http://www.garmin.com/xmlschemas/ActivityExtension/v2">
      <ns3:Speed>
      0.7338095504816842
    </ns3:Speed><nax:Nax>
      <nax:Pace>
      22.712523509303477
    </nax:Pace><nax:Moments>
      <nax:Halt xsi:type="nax:Halt_t" action="auto_pause">
      
    </nax:Halt>
    </nax:Moments>
    </nax:Nax>
    </TPX>
    </Extensions>
    </Trackpoint>
<Trackpoint>
      <Time>
      2024-09-05T18:09:21.757Z
    </Time><DistanceMeters>
      0.3524065809324384
    </DistanceMeters><Cadence>
      103.81745338439941
    </Cadence><SensorState>
      Present
    </SensorState><Extensions>
      <TPX xmlns="http://www.garmin.com/xmlschemas/ActivityExtension/v2">
      <nax:Nax>
      <nax:Moments>
      <nax:Halt xsi:type="nax:Halt_t" action="auto_pause">
      
    </nax:Halt>
    </nax:Moments>
    </nax:Nax>
    </TPX>
    </Extensions>
    </Trackpoint>
<Trackpoint>
      <Time>
      2024-09-05T18:09:23.435Z
    </Time><SensorState>
      Present
    </SensorState><Extensions>
      <TPX xmlns="http://www.garmin.com/xmlschemas/ActivityExtension/v2">
      <nax:Nax>
      <nax:AscentInMeters>
      0.21000003814697266
    </nax:AscentInMeters><nax:Moments>
      <nax:Halt xsi:type="nax:Halt_t" action="auto_pause">
      
    </nax:Halt>
    </nax:Moments>
    </nax:Nax>
    </TPX>
    </Extensions>
    </Trackpoint>
<Trackpoint>
      <Time>
      2024-09-05T18:09:24.322Z
    </Time><SensorState>
      Present
    </SensorState><Extensions>
      <TPX xmlns="http://www.garmin.com/xmlschemas/ActivityExtension/v2">
      <ns3:Speed>
      1.021060193371096
    </ns3:Speed><nax:Nax>
      <nax:Pace>
      16.32290316953851
    </nax:Pace><nax:Moments>
      <nax:Halt xsi:type="nax:Halt_t" action="auto_pause">
      
    </nax:Halt>
    </nax:Moments>
    </nax:Nax>
    </TPX>
    </Extensions>
    </Trackpoint>
<Trackpoint>
      <Time>
      2024-09-05T18:09:24.323Z
    </Time><DistanceMeters>
      0.3147521438077092
    </DistanceMeters><Cadence>
      103.81745338439941
    </Cadence><SensorState>
      Present
    </SensorState><Extensions>
      <TPX xmlns="http://www.garmin.com/xmlschemas/ActivityExtension/v2">
      <nax:Nax>
      <nax:Moments>
      <nax:Halt xsi:type="nax:Halt_t" action="auto_pause">
      
    </nax:Halt>
    </nax:Moments>
    </nax:Nax>
    </TPX>
    </Extensions>
    </Trackpoint>
<Trackpoint>
      <Time>
      2024-09-05T18:09:25.000Z
    </Time><SensorState>
      Present
    </SensorState><Extensions>
      <TPX xmlns="http://www.garmin.com/xmlschemas/ActivityExtension/v2">
      <nax:Nax>
      <nax:NikeFuel>
      1.7008704837483095
    </nax:NikeFuel><nax:Moments>
      <nax:Halt xsi:type="nax:Halt_t" action="auto_pause">
      
    </nax:Halt>
    </nax:Moments>
    </nax:Nax>
    </TPX>
    </Extensions>
    </Trackpoint>
<Trackpoint>
      <Time>
      2024-09-05T18:09:26.014Z
    </Time><SensorState>
      Present
    </SensorState><Extensions>
      <TPX xmlns="http://www.garmin.com/xmlschemas/ActivityExtension/v2">
      <nax:Nax>
      <nax:AscentInMeters>
      0.01999950408935547
    </nax:AscentInMeters><nax:Moments>
      <nax:Halt xsi:type="nax:Halt_t" action="auto_pause">
      
    </nax:Halt>
    </nax:Moments>
    </nax:Nax>
    </TPX>
    </Extensions>
    </Trackpoint>
<Trackpoint>
      <Time>
      2024-09-05T18:09:26.887Z
    </Time><SensorState>
      Present
    </SensorState><Extensions>
      <TPX xmlns="http://www.garmin.com/xmlschemas/ActivityExtension/v2">
      <ns3:Speed>
      0.6754945870997562
    </ns3:Speed><nax:Nax>
      <nax:Pace>
      24.673279379225217
    </nax:Pace><nax:Moments>
      <nax:Halt xsi:type="nax:Halt_t" action="auto_pause">
      
    </nax:Halt>
    </nax:Moments>
    </nax:Nax>
    </TPX>
    </Extensions>
    </Trackpoint>
<Trackpoint>
      <Time>
      2024-09-05T18:09:26.888Z
    </Time><DistanceMeters>
      2.4614682123064995
    </DistanceMeters><Cadence>
      103.81745338439941
    </Cadence><SensorState>
      Present
    </SensorState><Extensions>
      <TPX xmlns="http://www.garmin.com/xmlschemas/ActivityExtension/v2">
      <nax:Nax>
      <nax:Moments>
      <nax:Halt xsi:type="nax:Halt_t" action="auto_pause">
      
    </nax:Halt>
    </nax:Moments>
    </nax:Nax>
    </TPX>
    </Extensions>
    </Trackpoint>
<Trackpoint>
      <Time>
      2024-09-05T18:09:28.595Z
    </Time><SensorState>
      Present
    </SensorState><Extensions>
      <TPX xmlns="http://www.garmin.com/xmlschemas/ActivityExtension/v2">
      <nax:Nax>
      <nax:AscentInMeters>
      0.010000228881835938
    </nax:AscentInMeters><nax:Moments>
      <nax:Halt xsi:type="nax:Halt_t" action="auto_pause">
      
    </nax:Halt>
    </nax:Moments>
    </nax:Nax>
    </TPX>
    </Extensions>
    </Trackpoint>
<Trackpoint>
      <Time>
      2024-09-05T18:09:29.453Z
    </Time><SensorState>
      Present
    </SensorState><Extensions>
      <TPX xmlns="http://www.garmin.com/xmlschemas/ActivityExtension/v2">
      <ns3:Speed>
      0.6842809363335048
    </ns3:Speed><nax:Nax>
      <nax:Pace>
      24.35646790917417
    </nax:Pace><nax:Moments>
      <nax:Halt xsi:type="nax:Halt_t" action="auto_pause">
      
    </nax:Halt>
    </nax:Moments>
    </nax:Nax>
    </TPX>
    </Extensions>
    </Trackpoint>
<Trackpoint>
      <Time>
      2024-09-05T18:09:29.454Z
    </Time><DistanceMeters>
      2.7949039433151484
    </DistanceMeters><Cadence>
      97.82522678375244
    </Cadence><SensorState>
      Present
    </SensorState><Extensions>
      <TPX xmlns="http://www.garmin.com/xmlschemas/ActivityExtension/v2">
      <nax:Nax>
      <nax:Moments>
      <nax:Halt xsi:type="nax:Halt_t" action="auto_pause">
      
    </nax:Halt>
    </nax:Moments>
    </nax:Nax>
    </TPX>
    </Extensions>
    </Trackpoint>
<Trackpoint>
      <Time>
      2024-09-05T18:09:31.176Z
    </Time><SensorState>
      Present
    </SensorState><Extensions>
      <TPX xmlns="http://www.garmin.com/xmlschemas/ActivityExtension/v2">
      <nax:Nax>
      <nax:AscentInMeters>
      0.010000228881835938
    </nax:AscentInMeters><nax:Moments>
      <nax:Halt xsi:type="nax:Halt_t" action="auto_pause">
      
    </nax:Halt>
    </nax:Moments>
    </nax:Nax>
    </TPX>
    </Extensions>
    </Trackpoint>
<Trackpoint>
      <Time>
      2024-09-05T18:09:32.018Z
    </Time><SensorState>
      Present
    </SensorState><Extensions>
      <TPX xmlns="http://www.garmin.com/xmlschemas/ActivityExtension/v2">
      <ns3:Speed>
      0.7426861386898752
    </ns3:Speed><nax:Nax>
      <nax:Pace>
      22.44106332194009
    </nax:Pace><nax:Moments>
      <nax:Halt xsi:type="nax:Halt_t" action="auto_pause">
      
    </nax:Halt>
    </nax:Moments>
    </nax:Nax>
    </TPX>
    </Extensions>
    </Trackpoint>
<Trackpoint>
      <Time>
      2024-09-05T18:09:32.019Z
    </Time><DistanceMeters>
      3.535220761783421
    </DistanceMeters><Cadence>
      97.82522678375244
    </Cadence><SensorState>
      Present
    </SensorState><Extensions>
      <TPX xmlns="http://www.garmin.com/xmlschemas/ActivityExtension/v2">
      <nax:Nax>
      <nax:Moments>
      <nax:Halt xsi:type="nax:Halt_t" action="auto_pause">
      
    </nax:Halt>
    </nax:Moments>
    </nax:Nax>
    </TPX>
    </Extensions>
    </Trackpoint>
<Trackpoint>
      <Time>
      2024-09-05T18:09:33.757Z
    </Time><SensorState>
      Present
    </SensorState><Extensions>
      <TPX xmlns="http://www.garmin.com/xmlschemas/ActivityExtension/v2">
      <nax:Nax>
      <nax:AscentInMeters>
      0.019999980926513672
    </nax:AscentInMeters><nax:Moments>
      <nax:Halt xsi:type="nax:Halt_t" action="auto_pause">
      
    </nax:Halt>
    </nax:Moments>
    </nax:Nax>
    </TPX>
    </Extensions>
    </Trackpoint>
<Trackpoint>
      <Time>
      2024-09-05T18:09:34.584Z
    </Time><SensorState>
      Present
    </SensorState><Extensions>
      <TPX xmlns="http://www.garmin.com/xmlschemas/ActivityExtension/v2">
      <ns3:Speed>
      0.8716012096864616
    </ns3:Speed><nax:Nax>
      <nax:Pace>
      19.121894831538974
    </nax:Pace><nax:Moments>
      <nax:Halt xsi:type="nax:Halt_t" action="auto_pause">
      
    </nax:Halt>
    </nax:Moments>
    </nax:Nax>
    </TPX>
    </Extensions>
    </Trackpoint>
<Trackpoint>
      <Time>
      2024-09-05T18:09:34.585Z
    </Time><DistanceMeters>
      10.264779629185796
    </DistanceMeters><SensorState>
      Present
    </SensorState><Extensions>
      <TPX xmlns="http://www.garmin.com/xmlschemas/ActivityExtension/v2">
      <nax:Nax>
      <nax:Moments>
      <nax:Halt xsi:type="nax:Halt_t" action="auto_pause">
      
    </nax:Halt>
    </nax:Moments>
    </nax:Nax>
    </TPX>
    </Extensions>
    </Trackpoint>
<Trackpoint>
      <Time>
      2024-09-05T18:09:35.000Z
    </Time><SensorState>
      Present
    </SensorState><Extensions>
      <TPX xmlns="http://www.garmin.com/xmlschemas/ActivityExtension/v2">
      <nax:Nax>
      <nax:NikeFuel>
      1.0996095004976474
    </nax:NikeFuel><nax:Moments>
      <nax:Halt xsi:type="nax:Halt_t" action="auto_pause">
      
    </nax:Halt>
    </nax:Moments>
    </nax:Nax>
    </TPX>
    </Extensions>
    </Trackpoint>
<Trackpoint>
      <Time>
      2024-09-05T18:09:36.339Z
    </Time><SensorState>
      Present
    </SensorState><Extensions>
      <TPX xmlns="http://www.garmin.com/xmlschemas/ActivityExtension/v2">
      <nax:Nax>
      <nax:AscentInMeters>
      0.010000228881835938
    </nax:AscentInMeters><nax:Moments>
      <nax:Halt xsi:type="nax:Halt_t" action="auto_pause">
      
    </nax:Halt>
    </nax:Moments>
    </nax:Nax>
    </TPX>
    </Extensions>
    </Trackpoint>
<Trackpoint>
      <Time>
      2024-09-05T18:09:37.150Z
    </Time><SensorState>
      Present
    </SensorState><Extensions>
      <TPX xmlns="http://www.garmin.com/xmlschemas/ActivityExtension/v2">
      <nax:Nax>
      <nax:Moments>
      <nax:Halt xsi:type="nax:Halt_t" action="auto_pause">
      
    </nax:Halt>
    </nax:Moments>
    </nax:Nax>
    </TPX>
    </Extensions>
    </Trackpoint>
<Trackpoint>
      <Time>
      2024-09-05T18:09:38.196Z
    </Time><HeartRateBpm>
      <Value>
      178
    </Value>
    </HeartRateBpm><SensorState>
      Present
    </SensorState><Extensions>
      <TPX xmlns="http://www.garmin.com/xmlschemas/ActivityExtension/v2">
      <nax:Nax>
      <nax:Moments>
      <nax:Halt xsi:type="nax:Halt_t" action="auto_pause">
      
    </nax:Halt>
    </nax:Moments>
    </nax:Nax>
    </TPX>
    </Extensions>
    </Trackpoint>
<Trackpoint>
      <Time>
      2024-09-05T18:09:38.920Z
    </Time><SensorState>
      Present
    </SensorState><Extensions>
      <TPX xmlns="http://www.garmin.com/xmlschemas/ActivityExtension/v2">
      <nax:Nax>
      <nax:DescentInMeters>
      0.010000228881835938
    </nax:DescentInMeters><nax:Moments>
      <nax:Halt xsi:type="nax:Halt_t" action="auto_pause">
      
    </nax:Halt>
    </nax:Moments>
    </nax:Nax>
    </TPX>
    </Extensions>
    </Trackpoint>
<Trackpoint>
      <Time>
      2024-09-05T18:09:39.716Z
    </Time><SensorState>
      Present
    </SensorState><Extensions>
      <TPX xmlns="http://www.garmin.com/xmlschemas/ActivityExtension/v2">
      <nax:Nax>
      <nax:Moments>
      <nax:Halt xsi:type="nax:Halt_t" action="auto_pause">
      
    </nax:Halt>
    </nax:Moments>
    </nax:Nax>
    </TPX>
    </Extensions>
    </Trackpoint>
<Trackpoint>
      <Time>
      2024-09-05T18:09:42.281Z
    </Time><SensorState>
      Present
    </SensorState><Extensions>
      <TPX xmlns="http://www.garmin.com/xmlschemas/ActivityExtension/v2">
      <nax:Nax>
      <nax:Moments>
      <nax:Halt xsi:type="nax:Halt_t" action="auto_pause">
      
    </nax:Halt>
    </nax:Moments>
    </nax:Nax>
    </TPX>
    </Extensions>
    </Trackpoint>
<Trackpoint>
      <Time>
      2024-09-05T18:09:43.196Z
    </Time><HeartRateBpm>
      <Value>
      179
    </Value>
    </HeartRateBpm><SensorState>
      Present
    </SensorState><Extensions>
      <TPX xmlns="http://www.garmin.com/xmlschemas/ActivityExtension/v2">
      <nax:Nax>
      <nax:Moments>
      <nax:Halt xsi:type="nax:Halt_t" action="auto_pause">
      
    </nax:Halt>
    </nax:Moments>
    </nax:Nax>
    </TPX>
    </Extensions>
    </Trackpoint>
<Trackpoint>
      <Time>
      2024-09-05T18:09:44.846Z
    </Time><SensorState>
      Present
    </SensorState><Extensions>
      <TPX xmlns="http://www.garmin.com/xmlschemas/ActivityExtension/v2">
      <nax:Nax>
      <nax:Moments>
      <nax:Halt xsi:type="nax:Halt_t" action="auto_pause">
      
    </nax:Halt>
    </nax:Moments>
    </nax:Nax>
    </TPX>
    </Extensions>
    </Trackpoint>
<Trackpoint>
      <Time>
      2024-09-05T18:09:45.000Z
    </Time><SensorState>
      Present
    </SensorState><Extensions>
      <TPX xmlns="http://www.garmin.com/xmlschemas/ActivityExtension/v2">
      <nax:Nax>
      <nax:NikeFuel>
      0.3687580353661933
    </nax:NikeFuel><nax:Moments>
      <nax:Halt xsi:type="nax:Halt_t" action="auto_pause">
      
    </nax:Halt>
    </nax:Moments>
    </nax:Nax>
    </TPX>
    </Extensions>
    </Trackpoint>
<Trackpoint>
      <Time>
      2024-09-05T18:09:47.412Z
    </Time><SensorState>
      Present
    </SensorState><Extensions>
      <TPX xmlns="http://www.garmin.com/xmlschemas/ActivityExtension/v2">
      <nax:Nax>
      <nax:Moments>
      <nax:Halt xsi:type="nax:Halt_t" action="auto_pause">
      
    </nax:Halt>
    </nax:Moments>
    </nax:Nax>
    </TPX>
    </Extensions>
    </Trackpoint>
<Trackpoint>
      <Time>
      2024-09-05T18:09:48.196Z
    </Time><HeartRateBpm>
      <Value>
      177
    </Value>
    </HeartRateBpm><SensorState>
      Present
    </SensorState><Extensions>
      <TPX xmlns="http://www.garmin.com/xmlschemas/ActivityExtension/v2">
      <nax:Nax>
      <nax:Moments>
      <nax:Halt xsi:type="nax:Halt_t" action="auto_pause">
      
    </nax:Halt>
    </nax:Moments>
    </nax:Nax>
    </TPX>
    </Extensions>
    </Trackpoint>
<Trackpoint>
      <Time>
      2024-09-05T18:09:49.978Z
    </Time><SensorState>
      Present
    </SensorState><Extensions>
      <TPX xmlns="http://www.garmin.com/xmlschemas/ActivityExtension/v2">
      <nax:Nax>
      <nax:Moments>
      <nax:Halt xsi:type="nax:Halt_t" action="auto_pause">
      
    </nax:Halt>
    </nax:Moments>
    </nax:Nax>
    </TPX>
    </Extensions>
    </Trackpoint>
<Trackpoint>
      <Time>
      2024-09-05T18:09:51.824Z
    </Time><SensorState>
      Present
    </SensorState><Extensions>
      <TPX xmlns="http://www.garmin.com/xmlschemas/ActivityExtension/v2">
      <nax:Nax>
      <nax:DescentInMeters>
      0.28999996185302734
    </nax:DescentInMeters><nax:Moments>
      <nax:Halt xsi:type="nax:Halt_t" action="auto_pause">
      
    </nax:Halt>
    </nax:Moments>
    </nax:Nax>
    </TPX>
    </Extensions>
    </Trackpoint>
<Trackpoint>
      <Time>
      2024-09-05T18:09:52.196Z
    </Time><HeartRateBpm>
      <Value>
      177
    </Value>
    </HeartRateBpm><SensorState>
      Present
    </SensorState><Extensions>
      <TPX xmlns="http://www.garmin.com/xmlschemas/ActivityExtension/v2">
      <nax:Nax>
      <nax:Moments>
      <nax:Halt xsi:type="nax:Halt_t" action="auto_pause">
      
    </nax:Halt>
    </nax:Moments>
    </nax:Nax>
    </TPX>
    </Extensions>
    </Trackpoint>
<Trackpoint>
      <Time>
      2024-09-05T18:09:52.543Z
    </Time><SensorState>
      Present
    </SensorState><Extensions>
      <TPX xmlns="http://www.garmin.com/xmlschemas/ActivityExtension/v2">
      <nax:Nax>
      <nax:Moments>
      <nax:Halt xsi:type="nax:Halt_t" action="auto_pause">
      
    </nax:Halt>
    </nax:Moments>
    </nax:Nax>
    </TPX>
    </Extensions>
    </Trackpoint>
<Trackpoint>
      <Time>
      2024-09-05T18:09:54.196Z
    </Time><HeartRateBpm>
      <Value>
      176
    </Value>
    </HeartRateBpm><SensorState>
      Present
    </SensorState><Extensions>
      <TPX xmlns="http://www.garmin.com/xmlschemas/ActivityExtension/v2">
      <nax:Nax>
      <nax:Moments>
      <nax:Halt xsi:type="nax:Halt_t" action="auto_pause">
      
    </nax:Halt>
    </nax:Moments>
    </nax:Nax>
    </TPX>
    </Extensions>
    </Trackpoint>
<Trackpoint>
      <Time>
      2024-09-05T18:09:55.000Z
    </Time><SensorState>
      Present
    </SensorState><Extensions>
      <TPX xmlns="http://www.garmin.com/xmlschemas/ActivityExtension/v2">
      <nax:Nax>
      <nax:NikeFuel>
      0.3687949185463659
    </nax:NikeFuel><nax:Moments>
      <nax:Halt xsi:type="nax:Halt_t" action="auto_pause">
      
    </nax:Halt>
    </nax:Moments>
    </nax:Nax>
    </TPX>
    </Extensions>
    </Trackpoint>
<Trackpoint>
      <Time>
      2024-09-05T18:09:55.109Z
    </Time><SensorState>
      Present
    </SensorState><Extensions>
      <TPX xmlns="http://www.garmin.com/xmlschemas/ActivityExtension/v2">
      <nax:Nax>
      <nax:Moments>
      <nax:Halt xsi:type="nax:Halt_t" action="auto_pause">
      
    </nax:Halt>
    </nax:Moments>
    </nax:Nax>
    </TPX>
    </Extensions>
    </Trackpoint>
<Trackpoint>
      <Time>
      2024-09-05T18:09:57.674Z
    </Time><SensorState>
      Present
    </SensorState><Extensions>
      <TPX xmlns="http://www.garmin.com/xmlschemas/ActivityExtension/v2">
      <nax:Nax>
      <nax:Moments>
      <nax:Halt xsi:type="nax:Halt_t" action="auto_pause">
      
    </nax:Halt>
    </nax:Moments>
    </nax:Nax>
    </TPX>
    </Extensions>
    </Trackpoint>
<Trackpoint>
      <Time>
      2024-09-05T18:09:59.196Z
    </Time><HeartRateBpm>
      <Value>
      171
    </Value>
    </HeartRateBpm><SensorState>
      Present
    </SensorState><Extensions>
      <TPX xmlns="http://www.garmin.com/xmlschemas/ActivityExtension/v2">
      <nax:Nax>
      <nax:Moments>
      <nax:Halt xsi:type="nax:Halt_t" action="auto_pause">
      
    </nax:Halt>
    </nax:Moments>
    </nax:Nax>
    </TPX>
    </Extensions>
    </Trackpoint>
<Trackpoint>
      <Time>
      2024-09-05T18:09:59.567Z
    </Time><SensorState>
      Present
    </SensorState><Extensions>
      <TPX xmlns="http://www.garmin.com/xmlschemas/ActivityExtension/v2">
      <nax:Nax>
      <nax:AscentInMeters>
      0.019999980926513672
    </nax:AscentInMeters><nax:Moments>
      <nax:Halt xsi:type="nax:Halt_t" action="auto_pause">
      
    </nax:Halt>
    </nax:Moments>
    </nax:Nax>
    </TPX>
    </Extensions>
    </Trackpoint>
<Trackpoint>
      <Time>
      2024-09-05T18:10:00.238Z
    </Time><SensorState>
      Present
    </SensorState><Extensions>
      <TPX xmlns="http://www.garmin.com/xmlschemas/ActivityExtension/v2">
      <nax:Nax>
      <nax:Moments>
      <nax:Halt xsi:type="nax:Halt_t" action="auto_pause">
      
    </nax:Halt>
    </nax:Moments>
    </nax:Nax>
    </TPX>
    </Extensions>
    </Trackpoint>
<Trackpoint>
      <Time>
      2024-09-05T18:10:02.146Z
    </Time><SensorState>
      Present
    </SensorState><Extensions>
      <TPX xmlns="http://www.garmin.com/xmlschemas/ActivityExtension/v2">
      <nax:Nax>
      <nax:AscentInMeters>
      0.08999967575073242
    </nax:AscentInMeters><nax:Moments>
      <nax:Halt xsi:type="nax:Halt_t" action="auto_pause">
      
    </nax:Halt>
    </nax:Moments>
    </nax:Nax>
    </TPX>
    </Extensions>
    </Trackpoint>
<Trackpoint>
      <Time>
      2024-09-05T18:10:02.804Z
    </Time><SensorState>
      Present
    </SensorState><Extensions>
      <TPX xmlns="http://www.garmin.com/xmlschemas/ActivityExtension/v2">
      <nax:Nax>
      <nax:Moments>
      <nax:Halt xsi:type="nax:Halt_t" action="auto_pause">
      
    </nax:Halt>
    </nax:Moments>
    </nax:Nax>
    </TPX>
    </Extensions>
    </Trackpoint>
<Trackpoint>
      <Time>
      2024-09-05T18:10:04.728Z
    </Time><SensorState>
      Present
    </SensorState><Extensions>
      <TPX xmlns="http://www.garmin.com/xmlschemas/ActivityExtension/v2">
      <nax:Nax>
      <nax:AscentInMeters>
      0.11999988555908203
    </nax:AscentInMeters><nax:Moments>
      <nax:Halt xsi:type="nax:Halt_t" action="auto_pause">
      
    </nax:Halt>
    </nax:Moments>
    </nax:Nax>
    </TPX>
    </Extensions>
    </Trackpoint>
<Trackpoint>
      <Time>
      2024-09-05T18:10:05.000Z
    </Time><SensorState>
      Present
    </SensorState><Extensions>
      <TPX xmlns="http://www.garmin.com/xmlschemas/ActivityExtension/v2">
      <nax:Nax>
      <nax:NikeFuel>
      4.012582313965911
    </nax:NikeFuel><nax:Moments>
      <nax:Halt xsi:type="nax:Halt_t" action="auto_pause">
      
    </nax:Halt>
    </nax:Moments>
    </nax:Nax>
    </TPX>
    </Extensions>
    </Trackpoint>
<Trackpoint>
      <Time>
      2024-09-05T18:10:05.196Z
    </Time><HeartRateBpm>
      <Value>
      165
    </Value>
    </HeartRateBpm><SensorState>
      Present
    </SensorState><Extensions>
      <TPX xmlns="http://www.garmin.com/xmlschemas/ActivityExtension/v2">
      <nax:Nax>
      <nax:Moments>
      <nax:Halt xsi:type="nax:Halt_t" action="auto_pause">
      
    </nax:Halt>
    </nax:Moments>
    </nax:Nax>
    </TPX>
    </Extensions>
    </Trackpoint>
<Trackpoint>
      <Time>
      2024-09-05T18:10:05.370Z
    </Time><SensorState>
      Present
    </SensorState><Extensions>
      <TPX xmlns="http://www.garmin.com/xmlschemas/ActivityExtension/v2">
      <nax:Nax>
      <nax:Moments>
      <nax:Halt xsi:type="nax:Halt_t" action="auto_pause">
      
    </nax:Halt>
    </nax:Moments>
    </nax:Nax>
    </TPX>
    </Extensions>
    </Trackpoint>
<Trackpoint>
      <Time>
      2024-09-05T18:10:07.000Z
    </Time><Position>
      <LatitudeDegrees>
      47.43084864820535
    </LatitudeDegrees><LongitudeDegrees>
      -122.29557529958147
    </LongitudeDegrees>
    </Position><AltitudeMeters>
      112.46355527918786
    </AltitudeMeters><SensorState>
      Present
    </SensorState><Extensions>
      <TPX xmlns="http://www.garmin.com/xmlschemas/ActivityExtension/v2">
      <nax:Nax>
      <nax:Moments>
      <nax:Halt xsi:type="nax:Halt_t" action="auto_pause">
      
    </nax:Halt>
    </nax:Moments>
    </nax:Nax>
    </TPX>
    </Extensions>
    </Trackpoint>
<Trackpoint>
      <Time>
      2024-09-05T18:10:07.462Z
    </Time><Cadence>
      0
    </Cadence><SensorState>
      Present
    </SensorState><Extensions>
      <TPX xmlns="http://www.garmin.com/xmlschemas/ActivityExtension/v2">
      <nax:Nax>
      <nax:Moments>
      <nax:Halt xsi:type="nax:Halt_t" action="auto_pause">
      
    </nax:Halt>
    </nax:Moments>
    </nax:Nax>
    </TPX>
    </Extensions>
    </Trackpoint>
<Trackpoint>
      <Time>
      2024-09-05T18:10:07.935Z
    </Time><SensorState>
      Present
    </SensorState><Extensions>
      <TPX xmlns="http://www.garmin.com/xmlschemas/ActivityExtension/v2">
      <nax:Nax>
      <nax:Moments>
      <nax:Halt xsi:type="nax:Halt_t" action="auto_pause">
      
    </nax:Halt>
    </nax:Moments>
    </nax:Nax>
    </TPX>
    </Extensions>
    </Trackpoint>
<Trackpoint>
      <Time>
      2024-09-05T18:10:10.196Z
    </Time><HeartRateBpm>
      <Value>
      168
    </Value>
    </HeartRateBpm><SensorState>
      Present
    </SensorState><Extensions>
      <TPX xmlns="http://www.garmin.com/xmlschemas/ActivityExtension/v2">
      <nax:Nax>
      <nax:Moments>
      <nax:Halt xsi:type="nax:Halt_t" action="auto_pause">
      
    </nax:Halt>
    </nax:Moments>
    </nax:Nax>
    </TPX>
    </Extensions>
    </Trackpoint>
<Trackpoint>
      <Time>
      2024-09-05T18:10:10.500Z
    </Time><SensorState>
      Present
    </SensorState><Extensions>
      <TPX xmlns="http://www.garmin.com/xmlschemas/ActivityExtension/v2">
      <nax:Nax>
      <nax:Moments>
      <nax:Halt xsi:type="nax:Halt_t" action="auto_pause">
      
    </nax:Halt>
    </nax:Moments>
    </nax:Nax>
    </TPX>
    </Extensions>
    </Trackpoint>
<Trackpoint>
      <Time>
      2024-09-05T18:10:13.000Z
    </Time><Position>
      <LatitudeDegrees>
      47.430878156835384
    </LatitudeDegrees><LongitudeDegrees>
      -122.29540347334024
    </LongitudeDegrees>
    </Position><AltitudeMeters>
      111.77857005782425
    </AltitudeMeters><SensorState>
      Present
    </SensorState><Extensions>
      <TPX xmlns="http://www.garmin.com/xmlschemas/ActivityExtension/v2">
      <nax:Nax>
      <nax:Moments>
      <nax:Halt xsi:type="nax:Halt_t" action="auto_pause">
      
    </nax:Halt>
    </nax:Moments>
    </nax:Nax>
    </TPX>
    </Extensions>
    </Trackpoint>
<Trackpoint>
      <Time>
      2024-09-05T18:10:13.065Z
    </Time><SensorState>
      Present
    </SensorState><Extensions>
      <TPX xmlns="http://www.garmin.com/xmlschemas/ActivityExtension/v2">
      <ns3:Speed>
      1.8727930799832972
    </ns3:Speed><nax:Nax>
      <nax:Pace>
      8.899363653573149
    </nax:Pace><nax:Moments>
      <nax:Halt xsi:type="nax:Halt_t" action="auto_pause">
      
    </nax:Halt>
    </nax:Moments>
    </nax:Nax>
    </TPX>
    </Extensions>
    </Trackpoint>
<Trackpoint>
      <Time>
      2024-09-05T18:10:13.066Z
    </Time><DistanceMeters>
      8.535634936764836
    </DistanceMeters><Cadence>
      0
    </Cadence><SensorState>
      Present
    </SensorState><Extensions>
      <TPX xmlns="http://www.garmin.com/xmlschemas/ActivityExtension/v2">
      <nax:Nax>
      <nax:Moments>
      <nax:Halt xsi:type="nax:Halt_t" action="auto_pause">
      
    </nax:Halt>
    </nax:Moments>
    </nax:Nax>
    </TPX>
    </Extensions>
    </Trackpoint>
<Trackpoint>
      <Time>
      2024-09-05T18:10:15.000Z
    </Time><SensorState>
      Present
    </SensorState><Extensions>
      <TPX xmlns="http://www.garmin.com/xmlschemas/ActivityExtension/v2">
      <nax:Nax>
      <nax:NikeFuel>
      7.6931777138161355
    </nax:NikeFuel><nax:Moments>
      <nax:Halt xsi:type="nax:Halt_t" action="auto_pause">
      
    </nax:Halt>
    </nax:Moments>
    </nax:Nax>
    </TPX>
    </Extensions>
    </Trackpoint>
<Trackpoint>
      <Time>
      2024-09-05T18:10:15.196Z
    </Time><HeartRateBpm>
      <Value>
      167
    </Value>
    </HeartRateBpm><SensorState>
      Present
    </SensorState><Extensions>
      <TPX xmlns="http://www.garmin.com/xmlschemas/ActivityExtension/v2">
      <nax:Nax>
      <nax:Moments>
      <nax:Halt xsi:type="nax:Halt_t" action="auto_pause">
      
    </nax:Halt>
    </nax:Moments>
    </nax:Nax>
    </TPX>
    </Extensions>
    </Trackpoint>
<Trackpoint>
      <Time>
      2024-09-05T18:10:15.622Z
    </Time><SensorState>
      Present
    </SensorState><Extensions>
      <TPX xmlns="http://www.garmin.com/xmlschemas/ActivityExtension/v2">
      <ns3:Speed>
      2.298567956430796
    </ns3:Speed><nax:Nax>
      <nax:Pace>
      7.250891416996249
    </nax:Pace><nax:Moments>
      <nax:Halt xsi:type="nax:Halt_t" action="auto_pause">
      
    </nax:Halt>
    </nax:Moments>
    </nax:Nax>
    </TPX>
    </Extensions>
    </Trackpoint>
<Trackpoint>
      <Time>
      2024-09-05T18:10:15.623Z
    </Time><DistanceMeters>
      6.673860621638596
    </DistanceMeters><Cadence>
      0
    </Cadence><SensorState>
      Present
    </SensorState><Extensions>
      <TPX xmlns="http://www.garmin.com/xmlschemas/ActivityExtension/v2">
      <nax:Nax>
      <nax:Moments>
      <nax:Halt xsi:type="nax:Halt_t" action="auto_pause">
      
    </nax:Halt>
    </nax:Moments>
    </nax:Nax>
    </TPX>
    </Extensions>
    </Trackpoint>
<Trackpoint>
      <Time>
      2024-09-05T18:10:17.000Z
    </Time><Position>
      <LatitudeDegrees>
      47.430873612778015
    </LatitudeDegrees><LongitudeDegrees>
      -122.2952561828971
    </LongitudeDegrees>
    </Position><AltitudeMeters>
      113.8520130449906
    </AltitudeMeters><SensorState>
      Present
    </SensorState><Extensions>
      <TPX xmlns="http://www.garmin.com/xmlschemas/ActivityExtension/v2">
      <nax:Nax>
      <nax:Moments>
      <nax:Halt xsi:type="nax:Halt_t" action="auto_pause">
      
    </nax:Halt>
    </nax:Moments>
    </nax:Nax>
    </TPX>
    </Extensions>
    </Trackpoint>
<Trackpoint>
      <Time>
      2024-09-05T18:10:18.178Z
    </Time><SensorState>
      Present
    </SensorState><Extensions>
      <TPX xmlns="http://www.garmin.com/xmlschemas/ActivityExtension/v2">
      <ns3:Speed>
      2.8274359466996124
    </ns3:Speed><nax:Nax>
      <nax:Pace>
      5.894622188036197
    </nax:Pace><nax:Moments>
      <nax:Halt xsi:type="nax:Halt_t" action="auto_pause">
      
    </nax:Halt>
    </nax:Moments>
    </nax:Nax>
    </TPX>
    </Extensions>
    </Trackpoint>
<Trackpoint>
      <Time>
      2024-09-05T18:10:18.179Z
    </Time><DistanceMeters>
      7.215810072608292
    </DistanceMeters><Cadence>
      169.63056564331055
    </Cadence><SensorState>
      Present
    </SensorState><Extensions>
      <TPX xmlns="http://www.garmin.com/xmlschemas/ActivityExtension/v2">
      <nax:Nax>
      <nax:Moments>
      <nax:Halt xsi:type="nax:Halt_t" action="auto_pause">
      
    </nax:Halt>
    </nax:Moments>
    </nax:Nax>
    </TPX>
    </Extensions>
    </Trackpoint>
<Trackpoint>
      <Time>
      2024-09-05T18:10:19.196Z
    </Time><HeartRateBpm>
      <Value>
      168
    </Value>
    </HeartRateBpm><SensorState>
      Present
    </SensorState><Extensions>
      <TPX xmlns="http://www.garmin.com/xmlschemas/ActivityExtension/v2">
      <nax:Nax>
      <nax:Moments>
      <nax:Halt xsi:type="nax:Halt_t" action="auto_pause">
      
    </nax:Halt>
    </nax:Moments>
    </nax:Nax>
    </TPX>
    </Extensions>
    </Trackpoint>
<Trackpoint>
      <Time>
      2024-09-05T18:10:20.734Z
    </Time><SensorState>
      Present
    </SensorState><Extensions>
      <TPX xmlns="http://www.garmin.com/xmlschemas/ActivityExtension/v2">
      <ns3:Speed>
      3.262261664326633
    </ns3:Speed><nax:Nax>
      <nax:Pace>
      5.108930055770634
    </nax:Pace><nax:Moments>
      <nax:Halt xsi:type="nax:Halt_t" action="auto_pause">
      
    </nax:Halt>
    </nax:Moments>
    </nax:Nax>
    </TPX>
    </Extensions>
    </Trackpoint>
<Trackpoint>
      <Time>
      2024-09-05T18:10:20.735Z
    </Time><DistanceMeters>
      8.498292580246925
    </DistanceMeters><Cadence>
      170.31731128692627
    </Cadence><SensorState>
      Present
    </SensorState><Extensions>
      <TPX xmlns="http://www.garmin.com/xmlschemas/ActivityExtension/v2">
      <nax:Nax>
      <nax:Moments>
      <nax:Halt xsi:type="nax:Halt_t" action="auto_pause">
      
    </nax:Halt>
    </nax:Moments>
    </nax:Nax>
    </TPX>
    </Extensions>
    </Trackpoint>
<Trackpoint>
      <Time>
      2024-09-05T18:10:21.000Z
    </Time><Position>
      <LatitudeDegrees>
      47.430897947314776
    </LatitudeDegrees><LongitudeDegrees>
      -122.29508838408569
    </LongitudeDegrees>
    </Position><AltitudeMeters>
      113.72816814575344
    </AltitudeMeters><SensorState>
      Present
    </SensorState><Extensions>
      <TPX xmlns="http://www.garmin.com/xmlschemas/ActivityExtension/v2">
      <nax:Nax>
      <nax:Moments>
      <nax:Halt xsi:type="nax:Halt_t" action="auto_pause">
      
    </nax:Halt>
    </nax:Moments>
    </nax:Nax>
    </TPX>
    </Extensions>
    </Trackpoint>
<Trackpoint>
      <Time>
      2024-09-05T18:10:23.290Z
    </Time><SensorState>
      Present
    </SensorState><Extensions>
      <TPX xmlns="http://www.garmin.com/xmlschemas/ActivityExtension/v2">
      <ns3:Speed>
      3.4839542661905303
    </ns3:Speed><nax:Nax>
      <nax:Pace>
      4.783836237003922
    </nax:Pace><nax:Moments>
      <nax:Halt xsi:type="nax:Halt_t" action="auto_pause">
      
    </nax:Halt>
    </nax:Moments>
    </nax:Nax>
    </TPX>
    </Extensions>
    </Trackpoint>
<Trackpoint>
      <Time>
      2024-09-05T18:10:23.291Z
    </Time><DistanceMeters>
      10.029632424935699
    </DistanceMeters><Cadence>
      171.26343727111816
    </Cadence><SensorState>
      Present
    </SensorState><Extensions>
      <TPX xmlns="http://www.garmin.com/xmlschemas/ActivityExtension/v2">
      <nax:Nax>
      <nax:Moments>
      <nax:Halt xsi:type="nax:Halt_t" action="auto_pause">
      
    </nax:Halt>
    </nax:Moments>
    </nax:Nax>
    </TPX>
    </Extensions>
    </Trackpoint>
<Trackpoint>
      <Time>
      2024-09-05T18:10:24.000Z
    </Time><Position>
      <LatitudeDegrees>
      47.43091095424338
    </LatitudeDegrees><LongitudeDegrees>
      -122.29494506635504
    </LongitudeDegrees>
    </Position><AltitudeMeters>
      113.91498704720289
    </AltitudeMeters><SensorState>
      Present
    </SensorState><Extensions>
      <TPX xmlns="http://www.garmin.com/xmlschemas/ActivityExtension/v2">
      <nax:Nax>
      <nax:Moments>
      <nax:Halt xsi:type="nax:Halt_t" action="auto_pause">
      
    </nax:Halt>
    </nax:Moments>
    </nax:Nax>
    </TPX>
    </Extensions>
    </Trackpoint>
<Trackpoint>
      <Time>
      2024-09-05T18:10:25.000Z
    </Time><SensorState>
      Present
    </SensorState><Extensions>
      <TPX xmlns="http://www.garmin.com/xmlschemas/ActivityExtension/v2">
      <nax:Nax>
      <nax:NikeFuel>
      8.59692624077389
    </nax:NikeFuel><nax:Moments>
      <nax:Halt xsi:type="nax:Halt_t" action="auto_pause">
      
    </nax:Halt>
    </nax:Moments>
    </nax:Nax>
    </TPX>
    </Extensions>
    </Trackpoint>
<Trackpoint>
      <Time>
      2024-09-05T18:10:25.379Z
    </Time><SensorState>
      Present
    </SensorState><Extensions>
      <TPX xmlns="http://www.garmin.com/xmlschemas/ActivityExtension/v2">
      <nax:Nax>
      <nax:AscentInMeters>
      0.12000036239624023
    </nax:AscentInMeters><nax:Moments>
      <nax:Halt xsi:type="nax:Halt_t" action="auto_pause">
      
    </nax:Halt>
    </nax:Moments>
    </nax:Nax>
    </TPX>
    </Extensions>
    </Trackpoint>
<Trackpoint>
      <Time>
      2024-09-05T18:10:25.846Z
    </Time><SensorState>
      Present
    </SensorState><Extensions>
      <TPX xmlns="http://www.garmin.com/xmlschemas/ActivityExtension/v2">
      <ns3:Speed>
      3.5745542075809107
    </ns3:Speed><nax:Nax>
      <nax:Pace>
      4.662586073340283
    </nax:Pace><nax:Moments>
      <nax:Halt xsi:type="nax:Halt_t" action="auto_pause">
      
    </nax:Halt>
    </nax:Moments>
    </nax:Nax>
    </TPX>
    </Extensions>
    </Trackpoint>
<Trackpoint>
      <Time>
      2024-09-05T18:10:25.847Z
    </Time><DistanceMeters>
      7.146136469207704
    </DistanceMeters><Cadence>
      169.53689575195312
    </Cadence><SensorState>
      Present
    </SensorState><Extensions>
      <TPX xmlns="http://www.garmin.com/xmlschemas/ActivityExtension/v2">
      <nax:Nax>
      <nax:Moments>
      <nax:Halt xsi:type="nax:Halt_t" action="auto_pause">
      
    </nax:Halt>
    </nax:Moments>
    </nax:Nax>
    </TPX>
    </Extensions>
    </Trackpoint>
<Trackpoint>
      <Time>
      2024-09-05T18:10:26.196Z
    </Time><HeartRateBpm>
      <Value>
      172
    </Value>
    </HeartRateBpm><SensorState>
      Present
    </SensorState><Extensions>
      <TPX xmlns="http://www.garmin.com/xmlschemas/ActivityExtension/v2">
      <nax:Nax>
      <nax:Moments>
      <nax:Halt xsi:type="nax:Halt_t" action="auto_pause">
      
    </nax:Halt>
    </nax:Moments>
    </nax:Nax>
    </TPX>
    </Extensions>
    </Trackpoint>
<Trackpoint>
      <Time>
      2024-09-05T18:10:27.959Z
    </Time><SensorState>
      Present
    </SensorState><Extensions>
      <TPX xmlns="http://www.garmin.com/xmlschemas/ActivityExtension/v2">
      <nax:Nax>
      <nax:AscentInMeters>
      0.2800002098083496
    </nax:AscentInMeters><nax:Moments>
      <nax:Halt xsi:type="nax:Halt_t" action="auto_pause">
      
    </nax:Halt>
    </nax:Moments>
    </nax:Nax>
    </TPX>
    </Extensions>
    </Trackpoint>
<Trackpoint>
      <Time>
      2024-09-05T18:10:28.000Z
    </Time><Position>
      <LatitudeDegrees>
      47.430903967168575
    </LatitudeDegrees><LongitudeDegrees>
      -122.29479327632082
    </LongitudeDegrees>
    </Position><AltitudeMeters>
      114.79888204298913
    </AltitudeMeters><SensorState>
      Present
    </SensorState><Extensions>
      <TPX xmlns="http://www.garmin.com/xmlschemas/ActivityExtension/v2">
      <nax:Nax>
      <nax:Moments>
      <nax:Halt xsi:type="nax:Halt_t" action="auto_pause">
      
    </nax:Halt>
    </nax:Moments>
    </nax:Nax>
    </TPX>
    </Extensions>
    </Trackpoint>
<Trackpoint>
      <Time>
      2024-09-05T18:10:28.401Z
    </Time><SensorState>
      Present
    </SensorState><Extensions>
      <TPX xmlns="http://www.garmin.com/xmlschemas/ActivityExtension/v2">
      <ns3:Speed>
      3.460967060676335
    </ns3:Speed><nax:Nax>
      <nax:Pace>
      4.815609734063663
    </nax:Pace><nax:Moments>
      <nax:Halt xsi:type="nax:Halt_t" action="auto_pause">
      
    </nax:Halt>
    </nax:Moments>
    </nax:Nax>
    </TPX>
    </Extensions>
    </Trackpoint>
<Trackpoint>
      <Time>
      2024-09-05T18:10:28.402Z
    </Time><DistanceMeters>
      7.4473202135413885
    </DistanceMeters><Cadence>
      169.0253734588623
    </Cadence><SensorState>
      Present
    </SensorState><Extensions>
      <TPX xmlns="http://www.garmin.com/xmlschemas/ActivityExtension/v2">
      <nax:Nax>
      <nax:Moments>
      <nax:Halt xsi:type="nax:Halt_t" action="auto_pause">
      
    </nax:Halt>
    </nax:Moments>
    </nax:Nax>
    </TPX>
    </Extensions>
    </Trackpoint>
<Trackpoint>
      <Time>
      2024-09-05T18:10:30.540Z
    </Time><SensorState>
      Present
    </SensorState><Extensions>
      <TPX xmlns="http://www.garmin.com/xmlschemas/ActivityExtension/v2">
      <nax:Nax>
      <nax:AscentInMeters>
      0.679999828338623
    </nax:AscentInMeters><nax:Moments>
      <nax:Halt xsi:type="nax:Halt_t" action="auto_pause">
      
    </nax:Halt>
    </nax:Moments>
    </nax:Nax>
    </TPX>
    </Extensions>
    </Trackpoint>
<Trackpoint>
      <Time>
      2024-09-05T18:10:30.957Z
    </Time><SensorState>
      Present
    </SensorState><Extensions>
      <TPX xmlns="http://www.garmin.com/xmlschemas/ActivityExtension/v2">
      <ns3:Speed>
      3.36366708788596
    </ns3:Speed><nax:Nax>
      <nax:Pace>
      4.95490969563862
    </nax:Pace><nax:Moments>
      <nax:Halt xsi:type="nax:Halt_t" action="auto_pause">
      
    </nax:Halt>
    </nax:Moments>
    </nax:Nax>
    </TPX>
    </Extensions>
    </Trackpoint>
<Trackpoint>
      <Time>
      2024-09-05T18:10:30.958Z
    </Time><DistanceMeters>
      7.088452881202102
    </DistanceMeters><Cadence>
      169.12367820739746
    </Cadence><SensorState>
      Present
    </SensorState><Extensions>
      <TPX xmlns="http://www.garmin.com/xmlschemas/ActivityExtension/v2">
      <nax:Nax>
      <nax:Moments>
      <nax:Halt xsi:type="nax:Halt_t" action="auto_pause">
      
    </nax:Halt>
    </nax:Moments>
    </nax:Nax>
    </TPX>
    </Extensions>
    </Trackpoint>
<Trackpoint>
      <Time>
      2024-09-05T18:10:32.000Z
    </Time><Position>
      <LatitudeDegrees>
      47.430904113528065
    </LatitudeDegrees><LongitudeDegrees>
      -122.294639766923
    </LongitudeDegrees>
    </Position><AltitudeMeters>
      114.10910229943693
    </AltitudeMeters><SensorState>
      Present
    </SensorState><Extensions>
      <TPX xmlns="http://www.garmin.com/xmlschemas/ActivityExtension/v2">
      <nax:Nax>
      <nax:Moments>
      <nax:Halt xsi:type="nax:Halt_t" action="auto_pause">
      
    </nax:Halt>
    </nax:Moments>
    </nax:Nax>
    </TPX>
    </Extensions>
    </Trackpoint>
<Trackpoint>
      <Time>
      2024-09-05T18:10:33.122Z
    </Time><SensorState>
      Present
    </SensorState><Extensions>
      <TPX xmlns="http://www.garmin.com/xmlschemas/ActivityExtension/v2">
      <nax:Nax>
      <nax:AscentInMeters>
      0.8799998760223389
    </nax:AscentInMeters><nax:Moments>
      <nax:Halt xsi:type="nax:Halt_t" action="auto_pause">
      
    </nax:Halt>
    </nax:Moments>
    </nax:Nax>
    </TPX>
    </Extensions>
    </Trackpoint>
<Trackpoint>
      <Time>
      2024-09-05T18:10:33.513Z
    </Time><SensorState>
      Present
    </SensorState><Extensions>
      <TPX xmlns="http://www.garmin.com/xmlschemas/ActivityExtension/v2">
      <ns3:Speed>
      2.9588490310723965
    </ns3:Speed><nax:Nax>
      <nax:Pace>
      5.632820901519957
    </nax:Pace><nax:Moments>
      <nax:Halt xsi:type="nax:Halt_t" action="auto_pause">
      
    </nax:Halt>
    </nax:Moments>
    </nax:Nax>
    </TPX>
    </Extensions>
    </Trackpoint>
<Trackpoint>
      <Time>
      2024-09-05T18:10:33.514Z
    </Time><DistanceMeters>
      7.176627948880196
    </DistanceMeters><Cadence>
      169.00424480438232
    </Cadence><SensorState>
      Present
    </SensorState><Extensions>
      <TPX xmlns="http://www.garmin.com/xmlschemas/ActivityExtension/v2">
      <nax:Nax>
      <nax:Moments>
      <nax:Halt xsi:type="nax:Halt_t" action="auto_pause">
      
    </nax:Halt>
    </nax:Moments>
    </nax:Nax>
    </TPX>
    </Extensions>
    </Trackpoint>
<Trackpoint>
      <Time>
      2024-09-05T18:10:35.000Z
    </Time><SensorState>
      Present
    </SensorState><Extensions>
      <TPX xmlns="http://www.garmin.com/xmlschemas/ActivityExtension/v2">
      <nax:Nax>
      <nax:NikeFuel>
      7.752327448724243
    </nax:NikeFuel><nax:Moments>
      <nax:Halt xsi:type="nax:Halt_t" action="auto_pause">
      
    </nax:Halt>
    </nax:Moments>
    </nax:Nax>
    </TPX>
    </Extensions>
    </Trackpoint>
<Trackpoint>
      <Time>
      2024-09-05T18:10:35.702Z
    </Time><SensorState>
      Present
    </SensorState><Extensions>
      <TPX xmlns="http://www.garmin.com/xmlschemas/ActivityExtension/v2">
      <nax:Nax>
      <nax:AscentInMeters>
      0.8199999332427979
    </nax:AscentInMeters><nax:Moments>
      <nax:Halt xsi:type="nax:Halt_t" action="auto_pause">
      
    </nax:Halt>
    </nax:Moments>
    </nax:Nax>
    </TPX>
    </Extensions>
    </Trackpoint>
<Trackpoint>
      <Time>
      2024-09-05T18:10:36.000Z
    </Time><Position>
      <LatitudeDegrees>
      47.43088632827371
    </LatitudeDegrees><LongitudeDegrees>
      -122.2944903138485
    </LongitudeDegrees>
    </Position><AltitudeMeters>
      114.34279825445265
    </AltitudeMeters><SensorState>
      Present
    </SensorState><Extensions>
      <TPX xmlns="http://www.garmin.com/xmlschemas/ActivityExtension/v2">
      <nax:Nax>
      <nax:Moments>
      <nax:Halt xsi:type="nax:Halt_t" action="auto_pause">
      
    </nax:Halt>
    </nax:Moments>
    </nax:Nax>
    </TPX>
    </Extensions>
    </Trackpoint>
<Trackpoint>
      <Time>
      2024-09-05T18:10:36.069Z
    </Time><SensorState>
      Present
    </SensorState><Extensions>
      <TPX xmlns="http://www.garmin.com/xmlschemas/ActivityExtension/v2">
      <ns3:Speed>
      2.9813571890088686
    </ns3:Speed><nax:Nax>
      <nax:Pace>
      5.590295160912062
    </nax:Pace><nax:Moments>
      <nax:Halt xsi:type="nax:Halt_t" action="auto_pause">
      
    </nax:Halt>
    </nax:Moments>
    </nax:Nax>
    </TPX>
    </Extensions>
    </Trackpoint>
<Trackpoint>
      <Time>
      2024-09-05T18:10:36.070Z
    </Time><DistanceMeters>
      5.737279113382101
    </DistanceMeters><Cadence>
      169.08096313476562
    </Cadence><SensorState>
      Present
    </SensorState><Extensions>
      <TPX xmlns="http://www.garmin.com/xmlschemas/ActivityExtension/v2">
      <nax:Nax>
      <nax:Moments>
      <nax:Halt xsi:type="nax:Halt_t" action="auto_pause">
      
    </nax:Halt>
    </nax:Moments>
    </nax:Nax>
    </TPX>
    </Extensions>
    </Trackpoint>
<Trackpoint>
      <Time>
      2024-09-05T18:10:38.284Z
    </Time><SensorState>
      Present
    </SensorState><Extensions>
      <TPX xmlns="http://www.garmin.com/xmlschemas/ActivityExtension/v2">
      <nax:Nax>
      <nax:AscentInMeters>
      0.6700000762939453
    </nax:AscentInMeters><nax:Moments>
      <nax:Halt xsi:type="nax:Halt_t" action="auto_pause">
      
    </nax:Halt>
    </nax:Moments>
    </nax:Nax>
    </TPX>
    </Extensions>
    </Trackpoint>
<Trackpoint>
      <Time>
      2024-09-05T18:10:38.625Z
    </Time><SensorState>
      Present
    </SensorState><Extensions>
      <TPX xmlns="http://www.garmin.com/xmlschemas/ActivityExtension/v2">
      <ns3:Speed>
      2.9179627730456352
    </ns3:Speed><nax:Nax>
      <nax:Pace>
      5.711747531744816
    </nax:Pace><nax:Moments>
      <nax:Halt xsi:type="nax:Halt_t" action="auto_pause">
      
    </nax:Halt>
    </nax:Moments>
    </nax:Nax>
    </TPX>
    </Extensions>
    </Trackpoint>
<Trackpoint>
      <Time>
      2024-09-05T18:10:38.626Z
    </Time><DistanceMeters>
      10.426004488952458
    </DistanceMeters><Cadence>
      169.08096313476562
    </Cadence><SensorState>
      Present
    </SensorState><Extensions>
      <TPX xmlns="http://www.garmin.com/xmlschemas/ActivityExtension/v2">
      <nax:Nax>
      <nax:Moments>
      <nax:Halt xsi:type="nax:Halt_t" action="auto_pause">
      
    </nax:Halt>
    </nax:Moments>
    </nax:Nax>
    </TPX>
    </Extensions>
    </Trackpoint>
<Trackpoint>
      <Time>
      2024-09-05T18:10:40.000Z
    </Time><Position>
      <LatitudeDegrees>
      47.43090067337367
    </LatitudeDegrees><LongitudeDegrees>
      -122.2943305619628
    </LongitudeDegrees>
    </Position><AltitudeMeters>
      112.7117405468598
    </AltitudeMeters><SensorState>
      Present
    </SensorState><Extensions>
      <TPX xmlns="http://www.garmin.com/xmlschemas/ActivityExtension/v2">
      <nax:Nax>
      <nax:Moments>
      <nax:Halt xsi:type="nax:Halt_t" action="auto_pause">
      
    </nax:Halt>
    </nax:Moments>
    </nax:Nax>
    </TPX>
    </Extensions>
    </Trackpoint>
<Trackpoint>
      <Time>
      2024-09-05T18:10:40.865Z
    </Time><SensorState>
      Present
    </SensorState><Extensions>
      <TPX xmlns="http://www.garmin.com/xmlschemas/ActivityExtension/v2">
      <nax:Nax>
      <nax:AscentInMeters>
      0.6800000667572021
    </nax:AscentInMeters><nax:Moments>
      <nax:Halt xsi:type="nax:Halt_t" action="auto_pause">
      
    </nax:Halt>
    </nax:Moments>
    </nax:Nax>
    </TPX>
    </Extensions>
    </Trackpoint>
<Trackpoint>
      <Time>
      2024-09-05T18:10:41.181Z
    </Time><SensorState>
      Present
    </SensorState><Extensions>
      <TPX xmlns="http://www.garmin.com/xmlschemas/ActivityExtension/v2">
      <ns3:Speed>
      2.9835073990712244
    </ns3:Speed><nax:Nax>
      <nax:Pace>
      5.5862662421601685
    </nax:Pace><nax:Moments>
      <nax:Halt xsi:type="nax:Halt_t" action="auto_pause">
      
    </nax:Halt>
    </nax:Moments>
    </nax:Nax>
    </TPX>
    </Extensions>
    </Trackpoint>
<Trackpoint>
      <Time>
      2024-09-05T18:10:41.182Z
    </Time><DistanceMeters>
      9.101286123506725
    </DistanceMeters><Cadence>
      169.14098739624023
    </Cadence><SensorState>
      Present
    </SensorState><Extensions>
      <TPX xmlns="http://www.garmin.com/xmlschemas/ActivityExtension/v2">
      <nax:Nax>
      <nax:Moments>
      <nax:Halt xsi:type="nax:Halt_t" action="auto_pause">
      
    </nax:Halt>
    </nax:Moments>
    </nax:Nax>
    </TPX>
    </Extensions>
    </Trackpoint>
<Trackpoint>
      <Time>
      2024-09-05T18:10:42.196Z
    </Time><HeartRateBpm>
      <Value>
      181
    </Value>
    </HeartRateBpm><SensorState>
      Present
    </SensorState><Extensions>
      <TPX xmlns="http://www.garmin.com/xmlschemas/ActivityExtension/v2">
      <nax:Nax>
      <nax:Moments>
      <nax:Halt xsi:type="nax:Halt_t" action="auto_pause">
      
    </nax:Halt>
    </nax:Moments>
    </nax:Nax>
    </TPX>
    </Extensions>
    </Trackpoint>
<Trackpoint>
      <Time>
      2024-09-05T18:10:43.000Z
    </Time><Position>
      <LatitudeDegrees>
      47.43090050494648
    </LatitudeDegrees><LongitudeDegrees>
      -122.29418404602963
    </LongitudeDegrees>
    </Position><AltitudeMeters>
      113.68828850612044
    </AltitudeMeters><SensorState>
      Present
    </SensorState><Extensions>
      <TPX xmlns="http://www.garmin.com/xmlschemas/ActivityExtension/v2">
      <nax:Nax>
      <nax:Moments>
      <nax:Halt xsi:type="nax:Halt_t" action="auto_pause">
      
    </nax:Halt>
    </nax:Moments>
    </nax:Nax>
    </TPX>
    </Extensions>
    </Trackpoint>
<Trackpoint>
      <Time>
      2024-09-05T18:10:43.446Z
    </Time><SensorState>
      Present
    </SensorState><Extensions>
      <TPX xmlns="http://www.garmin.com/xmlschemas/ActivityExtension/v2">
      <nax:Nax>
      <nax:AscentInMeters>
      0.2999999523162842
    </nax:AscentInMeters><nax:Moments>
      <nax:Halt xsi:type="nax:Halt_t" action="auto_pause">
      
    </nax:Halt>
    </nax:Moments>
    </nax:Nax>
    </TPX>
    </Extensions>
    </Trackpoint>
<Trackpoint>
      <Time>
      2024-09-05T18:10:43.736Z
    </Time><SensorState>
      Present
    </SensorState><Extensions>
      <TPX xmlns="http://www.garmin.com/xmlschemas/ActivityExtension/v2">
      <ns3:Speed>
      3.0866382348039743
    </ns3:Speed><nax:Nax>
      <nax:Pace>
      5.399617771444191
    </nax:Pace><nax:Moments>
      <nax:Halt xsi:type="nax:Halt_t" action="auto_pause">
      
    </nax:Halt>
    </nax:Moments>
    </nax:Nax>
    </TPX>
    </Extensions>
    </Trackpoint>
<Trackpoint>
      <Time>
      2024-09-05T18:10:43.737Z
    </Time><DistanceMeters>
      8.340675071813166
    </DistanceMeters><Cadence>
      169.32347774505615
    </Cadence><SensorState>
      Present
    </SensorState><Extensions>
      <TPX xmlns="http://www.garmin.com/xmlschemas/ActivityExtension/v2">
      <nax:Nax>
      <nax:Moments>
      <nax:Halt xsi:type="nax:Halt_t" action="auto_pause">
      
    </nax:Halt>
    </nax:Moments>
    </nax:Nax>
    </TPX>
    </Extensions>
    </Trackpoint>
<Trackpoint>
      <Time>
      2024-09-05T18:10:45.000Z
    </Time><SensorState>
      Present
    </SensorState><Extensions>
      <TPX xmlns="http://www.garmin.com/xmlschemas/ActivityExtension/v2">
      <nax:Nax>
      <nax:NikeFuel>
      8.495378679508665
    </nax:NikeFuel><nax:Moments>
      <nax:Halt xsi:type="nax:Halt_t" action="auto_pause">
      
    </nax:Halt>
    </nax:Moments>
    </nax:Nax>
    </TPX>
    </Extensions>
    </Trackpoint>
<Trackpoint>
      <Time>
      2024-09-05T18:10:46.000Z
    </Time><Position>
      <LatitudeDegrees>
      47.43089861506598
    </LatitudeDegrees><LongitudeDegrees>
      -122.29404049984647
    </LongitudeDegrees>
    </Position><AltitudeMeters>
      115.02570163831115
    </AltitudeMeters><SensorState>
      Present
    </SensorState><Extensions>
      <TPX xmlns="http://www.garmin.com/xmlschemas/ActivityExtension/v2">
      <nax:Nax>
      <nax:Moments>
      <nax:Halt xsi:type="nax:Halt_t" action="auto_pause">
      
    </nax:Halt>
    </nax:Moments>
    </nax:Nax>
    </TPX>
    </Extensions>
    </Trackpoint>
<Trackpoint>
      <Time>
      2024-09-05T18:10:46.027Z
    </Time><SensorState>
      Present
    </SensorState><Extensions>
      <TPX xmlns="http://www.garmin.com/xmlschemas/ActivityExtension/v2">
      <nax:Nax>
      <nax:AscentInMeters>
      0.25
    </nax:AscentInMeters><nax:Moments>
      <nax:Halt xsi:type="nax:Halt_t" action="auto_pause">
      
    </nax:Halt>
    </nax:Moments>
    </nax:Nax>
    </TPX>
    </Extensions>
    </Trackpoint>
<Trackpoint>
      <Time>
      2024-09-05T18:10:46.292Z
    </Time><SensorState>
      Present
    </SensorState><Extensions>
      <TPX xmlns="http://www.garmin.com/xmlschemas/ActivityExtension/v2">
      <ns3:Speed>
      3.1400145443571073
    </ns3:Speed><nax:Nax>
      <nax:Pace>
      5.30783104066132
    </nax:Pace><nax:Moments>
      <nax:Halt xsi:type="nax:Halt_t" action="auto_pause">
      
    </nax:Halt>
    </nax:Moments>
    </nax:Nax>
    </TPX>
    </Extensions>
    </Trackpoint>
<Trackpoint>
      <Time>
      2024-09-05T18:10:46.293Z
    </Time><DistanceMeters>
      9.827704630792141
    </DistanceMeters><Cadence>
      169.47350978851318
    </Cadence><SensorState>
      Present
    </SensorState><Extensions>
      <TPX xmlns="http://www.garmin.com/xmlschemas/ActivityExtension/v2">
      <nax:Nax>
      <nax:Moments>
      <nax:Halt xsi:type="nax:Halt_t" action="auto_pause">
      
    </nax:Halt>
    </nax:Moments>
    </nax:Nax>
    </TPX>
    </Extensions>
    </Trackpoint>
<Trackpoint>
      <Time>
      2024-09-05T18:10:48.608Z
    </Time><SensorState>
      Present
    </SensorState><Extensions>
      <TPX xmlns="http://www.garmin.com/xmlschemas/ActivityExtension/v2">
      <nax:Nax>
      <nax:AscentInMeters>
      0.28999996185302734
    </nax:AscentInMeters><nax:Moments>
      <nax:Halt xsi:type="nax:Halt_t" action="auto_pause">
      
    </nax:Halt>
    </nax:Moments>
    </nax:Nax>
    </TPX>
    </Extensions>
    </Trackpoint>
<Trackpoint>
      <Time>
      2024-09-05T18:10:48.848Z
    </Time><SensorState>
      Present
    </SensorState><Extensions>
      <TPX xmlns="http://www.garmin.com/xmlschemas/ActivityExtension/v2">
      <ns3:Speed>
      3.2591348009335035
    </ns3:Speed><nax:Nax>
      <nax:Pace>
      5.113831640806292
    </nax:Pace><nax:Moments>
      <nax:Halt xsi:type="nax:Halt_t" action="auto_pause">
      
    </nax:Halt>
    </nax:Moments>
    </nax:Nax>
    </TPX>
    </Extensions>
    </Trackpoint>
<Trackpoint>
      <Time>
      2024-09-05T18:10:48.849Z
    </Time><DistanceMeters>
      11.331219259649515
    </DistanceMeters><Cadence>
      169.45658683776855
    </Cadence><SensorState>
      Present
    </SensorState><Extensions>
      <TPX xmlns="http://www.garmin.com/xmlschemas/ActivityExtension/v2">
      <nax:Nax>
      <nax:Moments>
      <nax:Halt xsi:type="nax:Halt_t" action="auto_pause">
      
    </nax:Halt>
    </nax:Moments>
    </nax:Nax>
    </TPX>
    </Extensions>
    </Trackpoint>
<Trackpoint>
      <Time>
      2024-09-05T18:10:49.000Z
    </Time><Position>
      <LatitudeDegrees>
      47.4308902857368
    </LatitudeDegrees><LongitudeDegrees>
      -122.29387966441875
    </LongitudeDegrees>
    </Position><AltitudeMeters>
      114.2510138116777
    </AltitudeMeters><SensorState>
      Present
    </SensorState><Extensions>
      <TPX xmlns="http://www.garmin.com/xmlschemas/ActivityExtension/v2">
      <nax:Nax>
      <nax:Moments>
      <nax:Halt xsi:type="nax:Halt_t" action="auto_pause">
      
    </nax:Halt>
    </nax:Moments>
    </nax:Nax>
    </TPX>
    </Extensions>
    </Trackpoint>
<Trackpoint>
      <Time>
      2024-09-05T18:10:51.189Z
    </Time><SensorState>
      Present
    </SensorState><Extensions>
      <TPX xmlns="http://www.garmin.com/xmlschemas/ActivityExtension/v2">
      <nax:Nax>
      <nax:AscentInMeters>
      0.06999993324279785
    </nax:AscentInMeters><nax:Moments>
      <nax:Halt xsi:type="nax:Halt_t" action="auto_pause">
      
    </nax:Halt>
    </nax:Moments>
    </nax:Nax>
    </TPX>
    </Extensions>
    </Trackpoint>
<Trackpoint>
      <Time>
      2024-09-05T18:10:51.404Z
    </Time><SensorState>
      Present
    </SensorState><Extensions>
      <TPX xmlns="http://www.garmin.com/xmlschemas/ActivityExtension/v2">
      <ns3:Speed>
      3.37436660248318
    </ns3:Speed><nax:Nax>
      <nax:Pace>
      4.939198560820792
    </nax:Pace><nax:Moments>
      <nax:Halt xsi:type="nax:Halt_t" action="auto_pause">
      
    </nax:Halt>
    </nax:Moments>
    </nax:Nax>
    </TPX>
    </Extensions>
    </Trackpoint>
<Trackpoint>
      <Time>
      2024-09-05T18:10:51.405Z
    </Time><DistanceMeters>
      8.37974329572171
    </DistanceMeters><Cadence>
      169.67552661895752
    </Cadence><SensorState>
      Present
    </SensorState><Extensions>
      <TPX xmlns="http://www.garmin.com/xmlschemas/ActivityExtension/v2">
      <nax:Nax>
      <nax:Moments>
      <nax:Halt xsi:type="nax:Halt_t" action="auto_pause">
      
    </nax:Halt>
    </nax:Moments>
    </nax:Nax>
    </TPX>
    </Extensions>
    </Trackpoint>
<Trackpoint>
      <Time>
      2024-09-05T18:10:52.000Z
    </Time><Position>
      <LatitudeDegrees>
      47.430911531164725
    </LatitudeDegrees><LongitudeDegrees>
      -122.29374206866257
    </LongitudeDegrees>
    </Position><AltitudeMeters>
      114.46764240879565
    </AltitudeMeters><SensorState>
      Present
    </SensorState><Extensions>
      <TPX xmlns="http://www.garmin.com/xmlschemas/ActivityExtension/v2">
      <nax:Nax>
      <nax:Moments>
      <nax:Halt xsi:type="nax:Halt_t" action="auto_pause">
      
    </nax:Halt>
    </nax:Moments>
    </nax:Nax>
    </TPX>
    </Extensions>
    </Trackpoint>
<Trackpoint>
      <Time>
      2024-09-05T18:10:53.960Z
    </Time><SensorState>
      Present
    </SensorState><Extensions>
      <TPX xmlns="http://www.garmin.com/xmlschemas/ActivityExtension/v2">
      <ns3:Speed>
      3.417571071558171
    </ns3:Speed><nax:Nax>
      <nax:Pace>
      4.8767578837995735
    </nax:Pace><nax:Moments>
      <nax:Halt xsi:type="nax:Halt_t" action="auto_pause">
      
    </nax:Halt>
    </nax:Moments>
    </nax:Nax>
    </TPX>
    </Extensions>
    </Trackpoint>
<Trackpoint>
      <Time>
      2024-09-05T18:10:53.961Z
    </Time><DistanceMeters>
      9.518018123693764
    </DistanceMeters><Cadence>
      169.57672119140625
    </Cadence><SensorState>
      Present
    </SensorState><Extensions>
      <TPX xmlns="http://www.garmin.com/xmlschemas/ActivityExtension/v2">
      <nax:Nax>
      <nax:Moments>
      <nax:Halt xsi:type="nax:Halt_t" action="auto_pause">
      
    </nax:Halt>
    </nax:Moments>
    </nax:Nax>
    </TPX>
    </Extensions>
    </Trackpoint>
<Trackpoint>
      <Time>
      2024-09-05T18:10:55.000Z
    </Time><Position>
      <LatitudeDegrees>
      47.43090769545853
    </LatitudeDegrees><LongitudeDegrees>
      -122.29358858775947
    </LongitudeDegrees>
    </Position><AltitudeMeters>
      116.87747747451067
    </AltitudeMeters><SensorState>
      Present
    </SensorState><Extensions>
      <TPX xmlns="http://www.garmin.com/xmlschemas/ActivityExtension/v2">
      <nax:Nax>
      <nax:NikeFuel>
      8.645989378836157
    </nax:NikeFuel><nax:Moments>
      <nax:Halt xsi:type="nax:Halt_t" action="auto_pause">
      
    </nax:Halt>
    </nax:Moments>
    </nax:Nax>
    </TPX>
    </Extensions>
    </Trackpoint>
<Trackpoint>
      <Time>
      2024-09-05T18:10:56.515Z
    </Time><SensorState>
      Present
    </SensorState><Extensions>
      <TPX xmlns="http://www.garmin.com/xmlschemas/ActivityExtension/v2">
      <ns3:Speed>
      3.449100369843327
    </ns3:Speed><nax:Nax>
      <nax:Pace>
      4.832177924536229
    </nax:Pace><nax:Moments>
      <nax:Halt xsi:type="nax:Halt_t" action="auto_pause">
      
    </nax:Halt>
    </nax:Moments>
    </nax:Nax>
    </TPX>
    </Extensions>
    </Trackpoint>
<Trackpoint>
      <Time>
      2024-09-05T18:10:56.516Z
    </Time><DistanceMeters>
      7.412382016889751
    </DistanceMeters><Cadence>
      169.49097633361816
    </Cadence><SensorState>
      Present
    </SensorState><Extensions>
      <TPX xmlns="http://www.garmin.com/xmlschemas/ActivityExtension/v2">
      <nax:Nax>
      <nax:Moments>
      <nax:Halt xsi:type="nax:Halt_t" action="auto_pause">
      
    </nax:Halt>
    </nax:Moments>
    </nax:Nax>
    </TPX>
    </Extensions>
    </Trackpoint>
<Trackpoint>
      <Time>
      2024-09-05T18:10:59.000Z
    </Time><Position>
      <LatitudeDegrees>
      47.43089838647806
    </LatitudeDegrees><LongitudeDegrees>
      -122.29341324872027
    </LongitudeDegrees>
    </Position><AltitudeMeters>
      114.76144737843424
    </AltitudeMeters><SensorState>
      Present
    </SensorState><Extensions>
      <TPX xmlns="http://www.garmin.com/xmlschemas/ActivityExtension/v2">
      <nax:Nax>
      <nax:Moments>
      <nax:Halt xsi:type="nax:Halt_t" action="auto_pause">
      
    </nax:Halt>
    </nax:Moments>
    </nax:Nax>
    </TPX>
    </Extensions>
    </Trackpoint>
<Trackpoint>
      <Time>
      2024-09-05T18:10:59.071Z
    </Time><SensorState>
      Present
    </SensorState><Extensions>
      <TPX xmlns="http://www.garmin.com/xmlschemas/ActivityExtension/v2">
      <ns3:Speed>
      3.339458322132045
    </ns3:Speed><nax:Nax>
      <nax:Pace>
      4.990829367807768
    </nax:Pace><nax:Moments>
      <nax:Halt xsi:type="nax:Halt_t" action="auto_pause">
      
    </nax:Halt>
    </nax:Moments>
    </nax:Nax>
    </TPX>
    </Extensions>
    </Trackpoint>
<Trackpoint>
      <Time>
      2024-09-05T18:10:59.072Z
    </Time><DistanceMeters>
      8.638111516833305
    </DistanceMeters><Cadence>
      169.3320894241333
    </Cadence><SensorState>
      Present
    </SensorState><Extensions>
      <TPX xmlns="http://www.garmin.com/xmlschemas/ActivityExtension/v2">
      <nax:Nax>
      <nax:Moments>
      <nax:Halt xsi:type="nax:Halt_t" action="auto_pause">
      
    </nax:Halt>
    </nax:Moments>
    </nax:Nax>
    </TPX>
    </Extensions>
    </Trackpoint>
<Trackpoint>
      <Time>
      2024-09-05T18:11:00.196Z
    </Time><HeartRateBpm>
      <Value>
      187
    </Value>
    </HeartRateBpm><SensorState>
      Present
    </SensorState><Extensions>
      <TPX xmlns="http://www.garmin.com/xmlschemas/ActivityExtension/v2">
      <nax:Nax>
      <nax:Moments>
      <nax:Halt xsi:type="nax:Halt_t" action="auto_pause">
      
    </nax:Halt>
    </nax:Moments>
    </nax:Nax>
    </TPX>
    </Extensions>
    </Trackpoint>
<Trackpoint>
      <Time>
      2024-09-05T18:11:01.513Z
    </Time><SensorState>
      Present
    </SensorState><Extensions>
      <TPX xmlns="http://www.garmin.com/xmlschemas/ActivityExtension/v2">
      <nax:Nax>
      <nax:DescentInMeters>
      0.24000000953674316
    </nax:DescentInMeters><nax:Moments>
      <nax:Halt xsi:type="nax:Halt_t" action="auto_pause">
      
    </nax:Halt>
    </nax:Moments>
    </nax:Nax>
    </TPX>
    </Extensions>
    </Trackpoint>
<Trackpoint>
      <Time>
      2024-09-05T18:11:01.627Z
    </Time><SensorState>
      Present
    </SensorState><Extensions>
      <TPX xmlns="http://www.garmin.com/xmlschemas/ActivityExtension/v2">
      <ns3:Speed>
      3.302725998945949
    </ns3:Speed><nax:Nax>
      <nax:Pace>
      5.04633647235216
    </nax:Pace><nax:Moments>
      <nax:Halt xsi:type="nax:Halt_t" action="auto_pause">
      
    </nax:Halt>
    </nax:Moments>
    </nax:Nax>
    </TPX>
    </Extensions>
    </Trackpoint>
<Trackpoint>
      <Time>
      2024-09-05T18:11:01.628Z
    </Time><DistanceMeters>
      8.866092610172927
    </DistanceMeters><Cadence>
      169.3320894241333
    </Cadence><SensorState>
      Present
    </SensorState><Extensions>
      <TPX xmlns="http://www.garmin.com/xmlschemas/ActivityExtension/v2">
      <nax:Nax>
      <nax:Moments>
      <nax:Halt xsi:type="nax:Halt_t" action="auto_pause">
      
    </nax:Halt>
    </nax:Moments>
    </nax:Nax>
    </TPX>
    </Extensions>
    </Trackpoint>
<Trackpoint>
      <Time>
      2024-09-05T18:11:03.000Z
    </Time><Position>
      <LatitudeDegrees>
      47.43090415277183
    </LatitudeDegrees><LongitudeDegrees>
      -122.29323588592744
    </LongitudeDegrees>
    </Position><AltitudeMeters>
      115.9208467071876
    </AltitudeMeters><SensorState>
      Present
    </SensorState><Extensions>
      <TPX xmlns="http://www.garmin.com/xmlschemas/ActivityExtension/v2">
      <nax:Nax>
      <nax:Moments>
      <nax:Halt xsi:type="nax:Halt_t" action="auto_pause">
      
    </nax:Halt>
    </nax:Moments>
    </nax:Nax>
    </TPX>
    </Extensions>
    </Trackpoint>
<Trackpoint>
      <Time>
      2024-09-05T18:11:04.093Z
    </Time><SensorState>
      Present
    </SensorState><Extensions>
      <TPX xmlns="http://www.garmin.com/xmlschemas/ActivityExtension/v2">
      <nax:Nax>
      <nax:DescentInMeters>
      0.1199999451637268
    </nax:DescentInMeters><nax:Moments>
      <nax:Halt xsi:type="nax:Halt_t" action="auto_pause">
      
    </nax:Halt>
    </nax:Moments>
    </nax:Nax>
    </TPX>
    </Extensions>
    </Trackpoint>
<Trackpoint>
      <Time>
      2024-09-05T18:11:04.183Z
    </Time><SensorState>
      Present
    </SensorState><Extensions>
      <TPX xmlns="http://www.garmin.com/xmlschemas/ActivityExtension/v2">
      <ns3:Speed>
      3.347415479791639
    </ns3:Speed><nax:Nax>
      <nax:Pace>
      4.978965642981399
    </nax:Pace><nax:Moments>
      <nax:Halt xsi:type="nax:Halt_t" action="auto_pause">
      
    </nax:Halt>
    </nax:Moments>
    </nax:Nax>
    </TPX>
    </Extensions>
    </Trackpoint>
<Trackpoint>
      <Time>
      2024-09-05T18:11:04.184Z
    </Time><DistanceMeters>
      10.112996372394264
    </DistanceMeters><Cadence>
      169.3320894241333
    </Cadence><SensorState>
      Present
    </SensorState><Extensions>
      <TPX xmlns="http://www.garmin.com/xmlschemas/ActivityExtension/v2">
      <nax:Nax>
      <nax:Moments>
      <nax:Halt xsi:type="nax:Halt_t" action="auto_pause">
      
    </nax:Halt>
    </nax:Moments>
    </nax:Nax>
    </TPX>
    </Extensions>
    </Trackpoint>
<Trackpoint>
      <Time>
      2024-09-05T18:11:05.000Z
    </Time><SensorState>
      Present
    </SensorState><Extensions>
      <TPX xmlns="http://www.garmin.com/xmlschemas/ActivityExtension/v2">
      <nax:Nax>
      <nax:NikeFuel>
      8.957292252395542
    </nax:NikeFuel><nax:Moments>
      <nax:Halt xsi:type="nax:Halt_t" action="auto_pause">
      
    </nax:Halt>
    </nax:Moments>
    </nax:Nax>
    </TPX>
    </Extensions>
    </Trackpoint>
<Trackpoint>
      <Time>
      2024-09-05T18:11:06.000Z
    </Time><Position>
      <LatitudeDegrees>
      47.43090093601517
    </LatitudeDegrees><LongitudeDegrees>
      -122.29309221605351
    </LongitudeDegrees>
    </Position><AltitudeMeters>
      114.0723835779354
    </AltitudeMeters><SensorState>
      Present
    </SensorState><Extensions>
      <TPX xmlns="http://www.garmin.com/xmlschemas/ActivityExtension/v2">
      <nax:Nax>
      <nax:Moments>
      <nax:Halt xsi:type="nax:Halt_t" action="auto_pause">
      
    </nax:Halt>
    </nax:Moments>
    </nax:Nax>
    </TPX>
    </Extensions>
    </Trackpoint>
<Trackpoint>
      <Time>
      2024-09-05T18:11:06.676Z
    </Time><SensorState>
      Present
    </SensorState><Extensions>
      <TPX xmlns="http://www.garmin.com/xmlschemas/ActivityExtension/v2">
      <nax:Nax>
      <nax:DescentInMeters>
      0.18000000715255737
    </nax:DescentInMeters><nax:Moments>
      <nax:Halt xsi:type="nax:Halt_t" action="auto_pause">
      
    </nax:Halt>
    </nax:Moments>
    </nax:Nax>
    </TPX>
    </Extensions>
    </Trackpoint>
<Trackpoint>
      <Time>
      2024-09-05T18:11:06.739Z
    </Time><SensorState>
      Present
    </SensorState><Extensions>
      <TPX xmlns="http://www.garmin.com/xmlschemas/ActivityExtension/v2">
      <ns3:Speed>
      3.4183694293117655
    </ns3:Speed><nax:Nax>
      <nax:Pace>
      4.875618920457709
    </nax:Pace><nax:Moments>
      <nax:Halt xsi:type="nax:Halt_t" action="auto_pause">
      
    </nax:Halt>
    </nax:Moments>
    </nax:Nax>
    </TPX>
    </Extensions>
    </Trackpoint>
<Trackpoint>
      <Time>
      2024-09-05T18:11:06.740Z
    </Time><DistanceMeters>
      9.048343507573009
    </DistanceMeters><Cadence>
      169.5073699951172
    </Cadence><SensorState>
      Present
    </SensorState><Extensions>
      <TPX xmlns="http://www.garmin.com/xmlschemas/ActivityExtension/v2">
      <nax:Nax>
      <nax:Moments>
      <nax:Halt xsi:type="nax:Halt_t" action="auto_pause">
      
    </nax:Halt>
    </nax:Moments>
    </nax:Nax>
    </TPX>
    </Extensions>
    </Trackpoint>
<Trackpoint>
      <Time>
      2024-09-05T18:11:09.000Z
    </Time><Position>
      <LatitudeDegrees>
      47.43090750577839
    </LatitudeDegrees><LongitudeDegrees>
      -122.2929363378855
    </LongitudeDegrees>
    </Position><AltitudeMeters>
      113.41532043647021
    </AltitudeMeters><SensorState>
      Present
    </SensorState><Extensions>
      <TPX xmlns="http://www.garmin.com/xmlschemas/ActivityExtension/v2">
      <nax:Nax>
      <nax:Moments>
      <nax:Halt xsi:type="nax:Halt_t" action="auto_pause">
      
    </nax:Halt>
    </nax:Moments>
    </nax:Nax>
    </TPX>
    </Extensions>
    </Trackpoint>
<Trackpoint>
      <Time>
      2024-09-05T18:11:09.256Z
    </Time><SensorState>
      Present
    </SensorState><Extensions>
      <TPX xmlns="http://www.garmin.com/xmlschemas/ActivityExtension/v2">
      <nax:Nax>
      <nax:DescentInMeters>
      0.2799999713897705
    </nax:DescentInMeters><nax:Moments>
      <nax:Halt xsi:type="nax:Halt_t" action="auto_pause">
      
    </nax:Halt>
    </nax:Moments>
    </nax:Nax>
    </TPX>
    </Extensions>
    </Trackpoint>
<Trackpoint>
      <Time>
      2024-09-05T18:11:09.295Z
    </Time><SensorState>
      Present
    </SensorState><Extensions>
      <TPX xmlns="http://www.garmin.com/xmlschemas/ActivityExtension/v2">
      <ns3:Speed>
      3.471686689677548
    </ns3:Speed><nax:Nax>
      <nax:Pace>
      4.800740434389452
    </nax:Pace><nax:Moments>
      <nax:Halt xsi:type="nax:Halt_t" action="auto_pause">
      
    </nax:Halt>
    </nax:Moments>
    </nax:Nax>
    </TPX>
    </Extensions>
    </Trackpoint>
<Trackpoint>
      <Time>
      2024-09-05T18:11:09.296Z
    </Time><DistanceMeters>
      9.762381760403514
    </DistanceMeters><Cadence>
      169.5889663696289
    </Cadence><SensorState>
      Present
    </SensorState><Extensions>
      <TPX xmlns="http://www.garmin.com/xmlschemas/ActivityExtension/v2">
      <nax:Nax>
      <nax:Moments>
      <nax:Halt xsi:type="nax:Halt_t" action="auto_pause">
      
    </nax:Halt>
    </nax:Moments>
    </nax:Nax>
    </TPX>
    </Extensions>
    </Trackpoint>
<Trackpoint>
      <Time>
      2024-09-05T18:11:11.837Z
    </Time><SensorState>
      Present
    </SensorState><Extensions>
      <TPX xmlns="http://www.garmin.com/xmlschemas/ActivityExtension/v2">
      <nax:Nax>
      <nax:DescentInMeters>
      0.36000001430511475
    </nax:DescentInMeters><nax:Moments>
      <nax:Halt xsi:type="nax:Halt_t" action="auto_pause">
      
    </nax:Halt>
    </nax:Moments>
    </nax:Nax>
    </TPX>
    </Extensions>
    </Trackpoint>
<Trackpoint>
      <Time>
      2024-09-05T18:11:11.850Z
    </Time><DistanceMeters>
      9.859269658103585
    </DistanceMeters><SensorState>
      Present
    </SensorState><Extensions>
      <TPX xmlns="http://www.garmin.com/xmlschemas/ActivityExtension/v2">
      <ns3:Speed>
      3.563464064504611
    </ns3:Speed><nax:Nax>
      <nax:Pace>
      4.6770968824077785
    </nax:Pace><nax:Moments>
      <nax:Halt xsi:type="nax:Halt_t" action="auto_pause">
      
    </nax:Halt>
    </nax:Moments>
    </nax:Nax>
    </TPX>
    </Extensions>
    </Trackpoint>
<Trackpoint>
      <Time>
      2024-09-05T18:11:11.851Z
    </Time><Cadence>
      169.5889663696289
    </Cadence><SensorState>
      Present
    </SensorState><Extensions>
      <TPX xmlns="http://www.garmin.com/xmlschemas/ActivityExtension/v2">
      <nax:Nax>
      <nax:Moments>
      <nax:Halt xsi:type="nax:Halt_t" action="auto_pause">
      
    </nax:Halt>
    </nax:Moments>
    </nax:Nax>
    </TPX>
    </Extensions>
    </Trackpoint>
<Trackpoint>
      <Time>
      2024-09-05T18:11:12.000Z
    </Time><Position>
      <LatitudeDegrees>
      47.43089895436724
    </LatitudeDegrees><LongitudeDegrees>
      -122.292793757263
    </LongitudeDegrees>
    </Position><AltitudeMeters>
      115.5176429413259
    </AltitudeMeters><SensorState>
      Present
    </SensorState><Extensions>
      <TPX xmlns="http://www.garmin.com/xmlschemas/ActivityExtension/v2">
      <nax:Nax>
      <nax:Moments>
      <nax:Halt xsi:type="nax:Halt_t" action="auto_pause">
      
    </nax:Halt>
    </nax:Moments>
    </nax:Nax>
    </TPX>
    </Extensions>
    </Trackpoint>
<Trackpoint>
      <Time>
      2024-09-05T18:11:14.406Z
    </Time><SensorState>
      Present
    </SensorState><Extensions>
      <TPX xmlns="http://www.garmin.com/xmlschemas/ActivityExtension/v2">
      <ns3:Speed>
      3.4969808479825093
    </ns3:Speed><nax:Nax>
      <nax:Pace>
      4.766015998137953
    </nax:Pace><nax:Moments>
      <nax:Halt xsi:type="nax:Halt_t" action="auto_pause">
      
    </nax:Halt>
    </nax:Moments>
    </nax:Nax>
    </TPX>
    </Extensions>
    </Trackpoint>
<Trackpoint>
      <Time>
      2024-09-05T18:11:14.407Z
    </Time><DistanceMeters>
      10.305276818573475
    </DistanceMeters><Cadence>
      169.73319053649902
    </Cadence><SensorState>
      Present
    </SensorState><Extensions>
      <TPX xmlns="http://www.garmin.com/xmlschemas/ActivityExtension/v2">
      <nax:Nax>
      <nax:Moments>
      <nax:Halt xsi:type="nax:Halt_t" action="auto_pause">
      
    </nax:Halt>
    </nax:Moments>
    </nax:Nax>
    </TPX>
    </Extensions>
    </Trackpoint>
<Trackpoint>
      <Time>
      2024-09-05T18:11:14.418Z
    </Time><SensorState>
      Present
    </SensorState><Extensions>
      <TPX xmlns="http://www.garmin.com/xmlschemas/ActivityExtension/v2">
      <nax:Nax>
      <nax:DescentInMeters>
      0.3400000333786011
    </nax:DescentInMeters><nax:Moments>
      <nax:Halt xsi:type="nax:Halt_t" action="auto_pause">
      
    </nax:Halt>
    </nax:Moments>
    </nax:Nax>
    </TPX>
    </Extensions>
    </Trackpoint>
<Trackpoint>
      <Time>
      2024-09-05T18:11:15.000Z
    </Time><Position>
      <LatitudeDegrees>
      47.43088761795748
    </LatitudeDegrees><LongitudeDegrees>
      -122.29263165873361
    </LongitudeDegrees>
    </Position><AltitudeMeters>
      115.78152300883085
    </AltitudeMeters><SensorState>
      Present
    </SensorState><Extensions>
      <TPX xmlns="http://www.garmin.com/xmlschemas/ActivityExtension/v2">
      <nax:Nax>
      <nax:NikeFuel>
      9.355388675971838
    </nax:NikeFuel><nax:Moments>
      <nax:Halt xsi:type="nax:Halt_t" action="auto_pause">
      
    </nax:Halt>
    </nax:Moments>
    </nax:Nax>
    </TPX>
    </Extensions>
    </Trackpoint>
<Trackpoint>
      <Time>
      2024-09-05T18:11:16.962Z
    </Time><DistanceMeters>
      9.860541412606835
    </DistanceMeters><SensorState>
      Present
    </SensorState><Extensions>
      <TPX xmlns="http://www.garmin.com/xmlschemas/ActivityExtension/v2">
      <ns3:Speed>
      3.689584642760269
    </ns3:Speed><nax:Nax>
      <nax:Pace>
      4.517220305372347
    </nax:Pace><nax:Moments>
      <nax:Halt xsi:type="nax:Halt_t" action="auto_pause">
      
    </nax:Halt>
    </nax:Moments>
    </nax:Nax>
    </TPX>
    </Extensions>
    </Trackpoint>
<Trackpoint>
      <Time>
      2024-09-05T18:11:16.963Z
    </Time><Cadence>
      169.97706413269043
    </Cadence><SensorState>
      Present
    </SensorState><Extensions>
      <TPX xmlns="http://www.garmin.com/xmlschemas/ActivityExtension/v2">
      <nax:Nax>
      <nax:Moments>
      <nax:Halt xsi:type="nax:Halt_t" action="auto_pause">
      
    </nax:Halt>
    </nax:Moments>
    </nax:Nax>
    </TPX>
    </Extensions>
    </Trackpoint>
<Trackpoint>
      <Time>
      2024-09-05T18:11:16.999Z
    </Time><SensorState>
      Present
    </SensorState><Extensions>
      <TPX xmlns="http://www.garmin.com/xmlschemas/ActivityExtension/v2">
      <nax:Nax>
      <nax:DescentInMeters>
      0.3399999141693115
    </nax:DescentInMeters><nax:Moments>
      <nax:Halt xsi:type="nax:Halt_t" action="auto_pause">
      
    </nax:Halt>
    </nax:Moments>
    </nax:Nax>
    </TPX>
    </Extensions>
    </Trackpoint>
<Trackpoint>
      <Time>
      2024-09-05T18:11:18.000Z
    </Time><Position>
      <LatitudeDegrees>
      47.43089110721674
    </LatitudeDegrees><LongitudeDegrees>
      -122.29248589212776
    </LongitudeDegrees>
    </Position><AltitudeMeters>
      115.07153950445354
    </AltitudeMeters><SensorState>
      Present
    </SensorState><Extensions>
      <TPX xmlns="http://www.garmin.com/xmlschemas/ActivityExtension/v2">
      <nax:Nax>
      <nax:Moments>
      <nax:Halt xsi:type="nax:Halt_t" action="auto_pause">
      
    </nax:Halt>
    </nax:Moments>
    </nax:Nax>
    </TPX>
    </Extensions>
    </Trackpoint>
<Trackpoint>
      <Time>
      2024-09-05T18:11:19.518Z
    </Time><SensorState>
      Present
    </SensorState><Extensions>
      <TPX xmlns="http://www.garmin.com/xmlschemas/ActivityExtension/v2">
      <ns3:Speed>
      3.6861834934540383
    </ns3:Speed><nax:Nax>
      <nax:Pace>
      4.52138823155806
    </nax:Pace><nax:Moments>
      <nax:Halt xsi:type="nax:Halt_t" action="auto_pause">
      
    </nax:Halt>
    </nax:Moments>
    </nax:Nax>
    </TPX>
    </Extensions>
    </Trackpoint>
<Trackpoint>
      <Time>
      2024-09-05T18:11:19.519Z
    </Time><DistanceMeters>
      9.400996589101851
    </DistanceMeters><Cadence>
      169.97706413269043
    </Cadence><SensorState>
      Present
    </SensorState><Extensions>
      <TPX xmlns="http://www.garmin.com/xmlschemas/ActivityExtension/v2">
      <nax:Nax>
      <nax:Moments>
      <nax:Halt xsi:type="nax:Halt_t" action="auto_pause">
      
    </nax:Halt>
    </nax:Moments>
    </nax:Nax>
    </TPX>
    </Extensions>
    </Trackpoint>
<Trackpoint>
      <Time>
      2024-09-05T18:11:21.000Z
    </Time><Position>
      <LatitudeDegrees>
      47.43088643409414
    </LatitudeDegrees><LongitudeDegrees>
      -122.29233367450963
    </LongitudeDegrees>
    </Position><AltitudeMeters>
      115.78802174050361
    </AltitudeMeters><SensorState>
      Present
    </SensorState><Extensions>
      <TPX xmlns="http://www.garmin.com/xmlschemas/ActivityExtension/v2">
      <nax:Nax>
      <nax:Moments>
      <nax:Halt xsi:type="nax:Halt_t" action="auto_pause">
      
    </nax:Halt>
    </nax:Moments>
    </nax:Nax>
    </TPX>
    </Extensions>
    </Trackpoint>
<Trackpoint>
      <Time>
      2024-09-05T18:11:22.073Z
    </Time><SensorState>
      Present
    </SensorState><Extensions>
      <TPX xmlns="http://www.garmin.com/xmlschemas/ActivityExtension/v2">
      <ns3:Speed>
      3.640071030465058
    </ns3:Speed><nax:Nax>
      <nax:Pace>
      4.57866523130383
    </nax:Pace><nax:Moments>
      <nax:Halt xsi:type="nax:Halt_t" action="auto_pause">
      
    </nax:Halt>
    </nax:Moments>
    </nax:Nax>
    </TPX>
    </Extensions>
    </Trackpoint>
<Trackpoint>
      <Time>
      2024-09-05T18:11:22.074Z
    </Time><DistanceMeters>
      8.288368295878172
    </DistanceMeters><Cadence>
      170.11181831359863
    </Cadence><SensorState>
      Present
    </SensorState><Extensions>
      <TPX xmlns="http://www.garmin.com/xmlschemas/ActivityExtension/v2">
      <nax:Nax>
      <nax:Moments>
      <nax:Halt xsi:type="nax:Halt_t" action="auto_pause">
      
    </nax:Halt>
    </nax:Moments>
    </nax:Nax>
    </TPX>
    </Extensions>
    </Trackpoint>
<Trackpoint>
      <Time>
      2024-09-05T18:11:24.000Z
    </Time><Position>
      <LatitudeDegrees>
      47.43088398992308
    </LatitudeDegrees><LongitudeDegrees>
      -122.29219743746907
    </LongitudeDegrees>
    </Position><AltitudeMeters>
      116.30087718460709
    </AltitudeMeters><SensorState>
      Present
    </SensorState><Extensions>
      <TPX xmlns="http://www.garmin.com/xmlschemas/ActivityExtension/v2">
      <nax:Nax>
      <nax:Moments>
      <nax:Halt xsi:type="nax:Halt_t" action="auto_pause">
      
    </nax:Halt>
    </nax:Moments>
    </nax:Nax>
    </TPX>
    </Extensions>
    </Trackpoint>
<Trackpoint>
      <Time>
      2024-09-05T18:11:24.629Z
    </Time><SensorState>
      Present
    </SensorState><Extensions>
      <TPX xmlns="http://www.garmin.com/xmlschemas/ActivityExtension/v2">
      <ns3:Speed>
      3.589156601461756
    </ns3:Speed><nax:Nax>
      <nax:Pace>
      4.643616458495802
    </nax:Pace><nax:Moments>
      <nax:Halt xsi:type="nax:Halt_t" action="auto_pause">
      
    </nax:Halt>
    </nax:Moments>
    </nax:Nax>
    </TPX>
    </Extensions>
    </Trackpoint>
<Trackpoint>
      <Time>
      2024-09-05T18:11:24.630Z
    </Time><DistanceMeters>
      7.775011830963194
    </DistanceMeters><Cadence>
      169.84305381774902
    </Cadence><SensorState>
      Present
    </SensorState><Extensions>
      <TPX xmlns="http://www.garmin.com/xmlschemas/ActivityExtension/v2">
      <nax:Nax>
      <nax:Moments>
      <nax:Halt xsi:type="nax:Halt_t" action="auto_pause">
      
    </nax:Halt>
    </nax:Moments>
    </nax:Nax>
    </TPX>
    </Extensions>
    </Trackpoint>
<Trackpoint>
      <Time>
      2024-09-05T18:11:25.000Z
    </Time><SensorState>
      Present
    </SensorState><Extensions>
      <TPX xmlns="http://www.garmin.com/xmlschemas/ActivityExtension/v2">
      <nax:Nax>
      <nax:NikeFuel>
      8.831801476951783
    </nax:NikeFuel><nax:Moments>
      <nax:Halt xsi:type="nax:Halt_t" action="auto_pause">
      
    </nax:Halt>
    </nax:Moments>
    </nax:Nax>
    </TPX>
    </Extensions>
    </Trackpoint>
<Trackpoint>
      <Time>
      2024-09-05T18:11:27.185Z
    </Time><DistanceMeters>
      9.698489704169333
    </DistanceMeters><SensorState>
      Present
    </SensorState><Extensions>
      <TPX xmlns="http://www.garmin.com/xmlschemas/ActivityExtension/v2">
      <ns3:Speed>
      3.481940838818578
    </ns3:Speed><nax:Nax>
      <nax:Pace>
      4.786602483551003
    </nax:Pace><nax:Moments>
      <nax:Halt xsi:type="nax:Halt_t" action="auto_pause">
      
    </nax:Halt>
    </nax:Moments>
    </nax:Nax>
    </TPX>
    </Extensions>
    </Trackpoint>
<Trackpoint>
      <Time>
      2024-09-05T18:11:27.186Z
    </Time><Cadence>
      169.70911502838135
    </Cadence><SensorState>
      Present
    </SensorState><Extensions>
      <TPX xmlns="http://www.garmin.com/xmlschemas/ActivityExtension/v2">
      <nax:Nax>
      <nax:Moments>
      <nax:Halt xsi:type="nax:Halt_t" action="auto_pause">
      
    </nax:Halt>
    </nax:Moments>
    </nax:Nax>
    </TPX>
    </Extensions>
    </Trackpoint>
<Trackpoint>
      <Time>
      2024-09-05T18:11:27.324Z
    </Time><SensorState>
      Present
    </SensorState><Extensions>
      <TPX xmlns="http://www.garmin.com/xmlschemas/ActivityExtension/v2">
      <nax:Nax>
      <nax:AscentInMeters>
      0.2900000810623169
    </nax:AscentInMeters><nax:Moments>
      <nax:Halt xsi:type="nax:Halt_t" action="auto_pause">
      
    </nax:Halt>
    </nax:Moments>
    </nax:Nax>
    </TPX>
    </Extensions>
    </Trackpoint>
<Trackpoint>
      <Time>
      2024-09-05T18:11:28.000Z
    </Time><Position>
      <LatitudeDegrees>
      47.430891626024575
    </LatitudeDegrees><LongitudeDegrees>
      -122.29203095675257
    </LongitudeDegrees>
    </Position><AltitudeMeters>
      117.00084431655705
    </AltitudeMeters><SensorState>
      Present
    </SensorState><Extensions>
      <TPX xmlns="http://www.garmin.com/xmlschemas/ActivityExtension/v2">
      <nax:Nax>
      <nax:Moments>
      <nax:Halt xsi:type="nax:Halt_t" action="auto_pause">
      
    </nax:Halt>
    </nax:Moments>
    </nax:Nax>
    </TPX>
    </Extensions>
    </Trackpoint>
<Trackpoint>
      <Time>
      2024-09-05T18:11:29.741Z
    </Time><SensorState>
      Present
    </SensorState><Extensions>
      <TPX xmlns="http://www.garmin.com/xmlschemas/ActivityExtension/v2">
      <ns3:Speed>
      3.383277772733723
    </ns3:Speed><nax:Nax>
      <nax:Pace>
      4.926189271535878
    </nax:Pace><nax:Moments>
      <nax:Halt xsi:type="nax:Halt_t" action="auto_pause">
      
    </nax:Halt>
    </nax:Moments>
    </nax:Nax>
    </TPX>
    </Extensions>
    </Trackpoint>
<Trackpoint>
      <Time>
      2024-09-05T18:11:29.742Z
    </Time><DistanceMeters>
      8.164137734100223
    </DistanceMeters><Cadence>
      169.70911502838135
    </Cadence><SensorState>
      Present
    </SensorState><Extensions>
      <TPX xmlns="http://www.garmin.com/xmlschemas/ActivityExtension/v2">
      <nax:Nax>
      <nax:Moments>
      <nax:Halt xsi:type="nax:Halt_t" action="auto_pause">
      
    </nax:Halt>
    </nax:Moments>
    </nax:Nax>
    </TPX>
    </Extensions>
    </Trackpoint>
<Trackpoint>
      <Time>
      2024-09-05T18:11:29.905Z
    </Time><SensorState>
      Present
    </SensorState><Extensions>
      <TPX xmlns="http://www.garmin.com/xmlschemas/ActivityExtension/v2">
      <nax:Nax>
      <nax:AscentInMeters>
      0.4700000286102295
    </nax:AscentInMeters><nax:Moments>
      <nax:Halt xsi:type="nax:Halt_t" action="auto_pause">
      
    </nax:Halt>
    </nax:Moments>
    </nax:Nax>
    </TPX>
    </Extensions>
    </Trackpoint>
<Trackpoint>
      <Time>
      2024-09-05T18:11:31.000Z
    </Time><Position>
      <LatitudeDegrees>
      47.4308768390128
    </LatitudeDegrees><LongitudeDegrees>
      -122.29189944836509
    </LongitudeDegrees>
    </Position><AltitudeMeters>
      116.96196835488081
    </AltitudeMeters><SensorState>
      Present
    </SensorState><Extensions>
      <TPX xmlns="http://www.garmin.com/xmlschemas/ActivityExtension/v2">
      <nax:Nax>
      <nax:Moments>
      <nax:Halt xsi:type="nax:Halt_t" action="auto_pause">
      
    </nax:Halt>
    </nax:Moments>
    </nax:Nax>
    </TPX>
    </Extensions>
    </Trackpoint>
<Trackpoint>
      <Time>
      2024-09-05T18:11:32.297Z
    </Time><DistanceMeters>
      8.39136332925409
    </DistanceMeters><SensorState>
      Present
    </SensorState><Extensions>
      <TPX xmlns="http://www.garmin.com/xmlschemas/ActivityExtension/v2">
      <ns3:Speed>
      3.4307712179491094
    </ns3:Speed><nax:Nax>
      <nax:Pace>
      4.857994196602209
    </nax:Pace><nax:Moments>
      <nax:Halt xsi:type="nax:Halt_t" action="auto_pause">
      
    </nax:Halt>
    </nax:Moments>
    </nax:Nax>
    </TPX>
    </Extensions>
    </Trackpoint>
<Trackpoint>
      <Time>
      2024-09-05T18:11:32.298Z
    </Time><Cadence>
      170.04507064819336
    </Cadence><SensorState>
      Present
    </SensorState><Extensions>
      <TPX xmlns="http://www.garmin.com/xmlschemas/ActivityExtension/v2">
      <nax:Nax>
      <nax:Moments>
      <nax:Halt xsi:type="nax:Halt_t" action="auto_pause">
      
    </nax:Halt>
    </nax:Moments>
    </nax:Nax>
    </TPX>
    </Extensions>
    </Trackpoint>
<Trackpoint>
      <Time>
      2024-09-05T18:11:32.486Z
    </Time><SensorState>
      Present
    </SensorState><Extensions>
      <TPX xmlns="http://www.garmin.com/xmlschemas/ActivityExtension/v2">
      <nax:Nax>
      <nax:AscentInMeters>
      0.309999942779541
    </nax:AscentInMeters><nax:Moments>
      <nax:Halt xsi:type="nax:Halt_t" action="auto_pause">
      
    </nax:Halt>
    </nax:Moments>
    </nax:Nax>
    </TPX>
    </Extensions>
    </Trackpoint>
<Trackpoint>
      <Time>
      2024-09-05T18:11:34.000Z
    </Time><Position>
      <LatitudeDegrees>
      47.43087742386485
    </LatitudeDegrees><LongitudeDegrees>
      -122.2917603468709
    </LongitudeDegrees>
    </Position><AltitudeMeters>
      117.46627987921238
    </AltitudeMeters><SensorState>
      Present
    </SensorState><Extensions>
      <TPX xmlns="http://www.garmin.com/xmlschemas/ActivityExtension/v2">
      <nax:Nax>
      <nax:Moments>
      <nax:Halt xsi:type="nax:Halt_t" action="auto_pause">
      
    </nax:Halt>
    </nax:Moments>
    </nax:Nax>
    </TPX>
    </Extensions>
    </Trackpoint>
<Trackpoint>
      <Time>
      2024-09-05T18:11:34.852Z
    </Time><SensorState>
      Present
    </SensorState><Extensions>
      <TPX xmlns="http://www.garmin.com/xmlschemas/ActivityExtension/v2">
      <ns3:Speed>
      3.448196733510153
    </ns3:Speed><nax:Nax>
      <nax:Pace>
      4.833444247741786
    </nax:Pace><nax:Moments>
      <nax:Halt xsi:type="nax:Halt_t" action="auto_pause">
      
    </nax:Halt>
    </nax:Moments>
    </nax:Nax>
    </TPX>
    </Extensions>
    </Trackpoint>
<Trackpoint>
      <Time>
      2024-09-05T18:11:34.853Z
    </Time><DistanceMeters>
      8.625048071146011
    </DistanceMeters><Cadence>
      169.8436403274536
    </Cadence><SensorState>
      Present
    </SensorState><Extensions>
      <TPX xmlns="http://www.garmin.com/xmlschemas/ActivityExtension/v2">
      <nax:Nax>
      <nax:Moments>
      <nax:Halt xsi:type="nax:Halt_t" action="auto_pause">
      
    </nax:Halt>
    </nax:Moments>
    </nax:Nax>
    </TPX>
    </Extensions>
    </Trackpoint>
<Trackpoint>
      <Time>
      2024-09-05T18:11:35.000Z
    </Time><SensorState>
      Present
    </SensorState><Extensions>
      <TPX xmlns="http://www.garmin.com/xmlschemas/ActivityExtension/v2">
      <nax:Nax>
      <nax:NikeFuel>
      8.555445033108398
    </nax:NikeFuel><nax:Moments>
      <nax:Halt xsi:type="nax:Halt_t" action="auto_pause">
      
    </nax:Halt>
    </nax:Moments>
    </nax:Nax>
    </TPX>
    </Extensions>
    </Trackpoint>
<Trackpoint>
      <Time>
      2024-09-05T18:11:35.067Z
    </Time><SensorState>
      Present
    </SensorState><Extensions>
      <TPX xmlns="http://www.garmin.com/xmlschemas/ActivityExtension/v2">
      <nax:Nax>
      <nax:AscentInMeters>
      0.3400000333786011
    </nax:AscentInMeters><nax:Moments>
      <nax:Halt xsi:type="nax:Halt_t" action="auto_pause">
      
    </nax:Halt>
    </nax:Moments>
    </nax:Nax>
    </TPX>
    </Extensions>
    </Trackpoint>
<Trackpoint>
      <Time>
      2024-09-05T18:11:37.408Z
    </Time><SensorState>
      Present
    </SensorState><Extensions>
      <TPX xmlns="http://www.garmin.com/xmlschemas/ActivityExtension/v2">
      <ns3:Speed>
      3.405904394579923
    </ns3:Speed><nax:Nax>
      <nax:Pace>
      4.893462862078458
    </nax:Pace><nax:Moments>
      <nax:Halt xsi:type="nax:Halt_t" action="auto_pause">
      
    </nax:Halt>
    </nax:Moments>
    </nax:Nax>
    </TPX>
    </Extensions>
    </Trackpoint>
<Trackpoint>
      <Time>
      2024-09-05T18:11:37.409Z
    </Time><DistanceMeters>
      7.643033706583083
    </DistanceMeters><Cadence>
      169.57573413848877
    </Cadence><SensorState>
      Present
    </SensorState><Extensions>
      <TPX xmlns="http://www.garmin.com/xmlschemas/ActivityExtension/v2">
      <nax:Nax>
      <nax:Moments>
      <nax:Halt xsi:type="nax:Halt_t" action="auto_pause">
      
    </nax:Halt>
    </nax:Moments>
    </nax:Nax>
    </TPX>
    </Extensions>
    </Trackpoint>
<Trackpoint>
      <Time>
      2024-09-05T18:11:37.648Z
    </Time><SensorState>
      Present
    </SensorState><Extensions>
      <TPX xmlns="http://www.garmin.com/xmlschemas/ActivityExtension/v2">
      <nax:Nax>
      <nax:AscentInMeters>
      0.19999992847442627
    </nax:AscentInMeters><nax:Moments>
      <nax:Halt xsi:type="nax:Halt_t" action="auto_pause">
      
    </nax:Halt>
    </nax:Moments>
    </nax:Nax>
    </TPX>
    </Extensions>
    </Trackpoint>
<Trackpoint>
      <Time>
      2024-09-05T18:11:38.000Z
    </Time><Position>
      <LatitudeDegrees>
      47.43086750845537
    </LatitudeDegrees><LongitudeDegrees>
      -122.2915901330666
    </LongitudeDegrees>
    </Position><AltitudeMeters>
      117.74909582454711
    </AltitudeMeters><SensorState>
      Present
    </SensorState><Extensions>
      <TPX xmlns="http://www.garmin.com/xmlschemas/ActivityExtension/v2">
      <nax:Nax>
      <nax:Moments>
      <nax:Halt xsi:type="nax:Halt_t" action="auto_pause">
      
    </nax:Halt>
    </nax:Moments>
    </nax:Nax>
    </TPX>
    </Extensions>
    </Trackpoint>
<Trackpoint>
      <Time>
      2024-09-05T18:11:39.964Z
    </Time><SensorState>
      Present
    </SensorState><Extensions>
      <TPX xmlns="http://www.garmin.com/xmlschemas/ActivityExtension/v2">
      <ns3:Speed>
      3.3117754846435017
    </ns3:Speed><nax:Nax>
      <nax:Pace>
      5.032547267756818
    </nax:Pace><nax:Moments>
      <nax:Halt xsi:type="nax:Halt_t" action="auto_pause">
      
    </nax:Halt>
    </nax:Moments>
    </nax:Nax>
    </TPX>
    </Extensions>
    </Trackpoint>
<Trackpoint>
      <Time>
      2024-09-05T18:11:39.965Z
    </Time><DistanceMeters>
      7.493901562876999
    </DistanceMeters><Cadence>
      169.37539100646973
    </Cadence><SensorState>
      Present
    </SensorState><Extensions>
      <TPX xmlns="http://www.garmin.com/xmlschemas/ActivityExtension/v2">
      <nax:Nax>
      <nax:Moments>
      <nax:Halt xsi:type="nax:Halt_t" action="auto_pause">
      
    </nax:Halt>
    </nax:Moments>
    </nax:Nax>
    </TPX>
    </Extensions>
    </Trackpoint>
<Trackpoint>
      <Time>
      2024-09-05T18:11:40.230Z
    </Time><SensorState>
      Present
    </SensorState><Extensions>
      <TPX xmlns="http://www.garmin.com/xmlschemas/ActivityExtension/v2">
      <nax:Nax>
      <nax:AscentInMeters>
      0.7300000190734863
    </nax:AscentInMeters><nax:Moments>
      <nax:Halt xsi:type="nax:Halt_t" action="auto_pause">
      
    </nax:Halt>
    </nax:Moments>
    </nax:Nax>
    </TPX>
    </Extensions>
    </Trackpoint>
<Trackpoint>
      <Time>
      2024-09-05T18:11:42.000Z
    </Time><Position>
      <LatitudeDegrees>
      47.43084830855546
    </LatitudeDegrees><LongitudeDegrees>
      -122.29144551749265
    </LongitudeDegrees>
    </Position><AltitudeMeters>
      119.1446143258363
    </AltitudeMeters><SensorState>
      Present
    </SensorState><Extensions>
      <TPX xmlns="http://www.garmin.com/xmlschemas/ActivityExtension/v2">
      <nax:Nax>
      <nax:Moments>
      <nax:Halt xsi:type="nax:Halt_t" action="auto_pause">
      
    </nax:Halt>
    </nax:Moments>
    </nax:Nax>
    </TPX>
    </Extensions>
    </Trackpoint>
<Trackpoint>
      <Time>
      2024-09-05T18:11:42.520Z
    </Time><SensorState>
      Present
    </SensorState><Extensions>
      <TPX xmlns="http://www.garmin.com/xmlschemas/ActivityExtension/v2">
      <ns3:Speed>
      3.249699939652527
    </ns3:Speed><nax:Nax>
      <nax:Pace>
      5.128678639926597
    </nax:Pace><nax:Moments>
      <nax:Halt xsi:type="nax:Halt_t" action="auto_pause">
      
    </nax:Halt>
    </nax:Moments>
    </nax:Nax>
    </TPX>
    </Extensions>
    </Trackpoint>
<Trackpoint>
      <Time>
      2024-09-05T18:11:42.521Z
    </Time><DistanceMeters>
      6.222805232740939
    </DistanceMeters><Cadence>
      169.3088436126709
    </Cadence><SensorState>
      Present
    </SensorState><Extensions>
      <TPX xmlns="http://www.garmin.com/xmlschemas/ActivityExtension/v2">
      <nax:Nax>
      <nax:Moments>
      <nax:Halt xsi:type="nax:Halt_t" action="auto_pause">
      
    </nax:Halt>
    </nax:Moments>
    </nax:Nax>
    </TPX>
    </Extensions>
    </Trackpoint>
<Trackpoint>
      <Time>
      2024-09-05T18:11:42.810Z
    </Time><SensorState>
      Present
    </SensorState><Extensions>
      <TPX xmlns="http://www.garmin.com/xmlschemas/ActivityExtension/v2">
      <nax:Nax>
      <nax:AscentInMeters>
      0.5300000905990601
    </nax:AscentInMeters><nax:Moments>
      <nax:Halt xsi:type="nax:Halt_t" action="auto_pause">
      
    </nax:Halt>
    </nax:Moments>
    </nax:Nax>
    </TPX>
    </Extensions>
    </Trackpoint>
<Trackpoint>
      <Time>
      2024-09-05T18:11:45.000Z
    </Time><SensorState>
      Present
    </SensorState><Extensions>
      <TPX xmlns="http://www.garmin.com/xmlschemas/ActivityExtension/v2">
      <nax:Nax>
      <nax:NikeFuel>
      8.404941353307965
    </nax:NikeFuel><nax:Moments>
      <nax:Halt xsi:type="nax:Halt_t" action="auto_pause">
      
    </nax:Halt>
    </nax:Moments>
    </nax:Nax>
    </TPX>
    </Extensions>
    </Trackpoint>
<Trackpoint>
      <Time>
      2024-09-05T18:11:45.075Z
    </Time><SensorState>
      Present
    </SensorState><Extensions>
      <TPX xmlns="http://www.garmin.com/xmlschemas/ActivityExtension/v2">
      <ns3:Speed>
      3.1824085914683002
    </ns3:Speed><nax:Nax>
      <nax:Pace>
      5.237123451510353
    </nax:Pace><nax:Moments>
      <nax:Halt xsi:type="nax:Halt_t" action="auto_pause">
      
    </nax:Halt>
    </nax:Moments>
    </nax:Nax>
    </TPX>
    </Extensions>
    </Trackpoint>
<Trackpoint>
      <Time>
      2024-09-05T18:11:45.076Z
    </Time><DistanceMeters>
      8.027838085778058
    </DistanceMeters><Cadence>
      169.3088436126709
    </Cadence><SensorState>
      Present
    </SensorState><Extensions>
      <TPX xmlns="http://www.garmin.com/xmlschemas/ActivityExtension/v2">
      <nax:Nax>
      <nax:Moments>
      <nax:Halt xsi:type="nax:Halt_t" action="auto_pause">
      
    </nax:Halt>
    </nax:Moments>
    </nax:Nax>
    </TPX>
    </Extensions>
    </Trackpoint>
<Trackpoint>
      <Time>
      2024-09-05T18:11:45.392Z
    </Time><SensorState>
      Present
    </SensorState><Extensions>
      <TPX xmlns="http://www.garmin.com/xmlschemas/ActivityExtension/v2">
      <nax:Nax>
      <nax:AscentInMeters>
      0.4500000476837158
    </nax:AscentInMeters><nax:Moments>
      <nax:Halt xsi:type="nax:Halt_t" action="auto_pause">
      
    </nax:Halt>
    </nax:Moments>
    </nax:Nax>
    </TPX>
    </Extensions>
    </Trackpoint>
<Trackpoint>
      <Time>
      2024-09-05T18:11:46.000Z
    </Time><Position>
      <LatitudeDegrees>
      47.430852044042595
    </LatitudeDegrees><LongitudeDegrees>
      -122.29129006985235
    </LongitudeDegrees>
    </Position><AltitudeMeters>
      118.97490540705621
    </AltitudeMeters><SensorState>
      Present
    </SensorState><Extensions>
      <TPX xmlns="http://www.garmin.com/xmlschemas/ActivityExtension/v2">
      <nax:Nax>
      <nax:Moments>
      <nax:Halt xsi:type="nax:Halt_t" action="auto_pause">
      
    </nax:Halt>
    </nax:Moments>
    </nax:Nax>
    </TPX>
    </Extensions>
    </Trackpoint>
<Trackpoint>
      <Time>
      2024-09-05T18:11:47.631Z
    </Time><SensorState>
      Present
    </SensorState><Extensions>
      <TPX xmlns="http://www.garmin.com/xmlschemas/ActivityExtension/v2">
      <ns3:Speed>
      3.248706267845033
    </ns3:Speed><nax:Nax>
      <nax:Pace>
      5.130247333109059
    </nax:Pace><nax:Moments>
      <nax:Halt xsi:type="nax:Halt_t" action="auto_pause">
      
    </nax:Halt>
    </nax:Moments>
    </nax:Nax>
    </TPX>
    </Extensions>
    </Trackpoint>
<Trackpoint>
      <Time>
      2024-09-05T18:11:47.632Z
    </Time><DistanceMeters>
      9.265210222452879
    </DistanceMeters><Cadence>
      169.3586540222168
    </Cadence><SensorState>
      Present
    </SensorState><Extensions>
      <TPX xmlns="http://www.garmin.com/xmlschemas/ActivityExtension/v2">
      <nax:Nax>
      <nax:Moments>
      <nax:Halt xsi:type="nax:Halt_t" action="auto_pause">
      
    </nax:Halt>
    </nax:Moments>
    </nax:Nax>
    </TPX>
    </Extensions>
    </Trackpoint>
<Trackpoint>
      <Time>
      2024-09-05T18:11:47.973Z
    </Time><SensorState>
      Present
    </SensorState><Extensions>
      <TPX xmlns="http://www.garmin.com/xmlschemas/ActivityExtension/v2">
      <nax:Nax>
      <nax:AscentInMeters>
      0.37999987602233887
    </nax:AscentInMeters><nax:Moments>
      <nax:Halt xsi:type="nax:Halt_t" action="auto_pause">
      
    </nax:Halt>
    </nax:Moments>
    </nax:Nax>
    </TPX>
    </Extensions>
    </Trackpoint>
<Trackpoint>
      <Time>
      2024-09-05T18:11:49.000Z
    </Time><Position>
      <LatitudeDegrees>
      47.430858780349666
    </LatitudeDegrees><LongitudeDegrees>
      -122.2911578619973
    </LongitudeDegrees>
    </Position><AltitudeMeters>
      119.23665320686996
    </AltitudeMeters><SensorState>
      Present
    </SensorState><Extensions>
      <TPX xmlns="http://www.garmin.com/xmlschemas/ActivityExtension/v2">
      <nax:Nax>
      <nax:Moments>
      <nax:Halt xsi:type="nax:Halt_t" action="auto_pause">
      
    </nax:Halt>
    </nax:Moments>
    </nax:Nax>
    </TPX>
    </Extensions>
    </Trackpoint>
<Trackpoint>
      <Time>
      2024-09-05T18:11:50.187Z
    </Time><SensorState>
      Present
    </SensorState><Extensions>
      <TPX xmlns="http://www.garmin.com/xmlschemas/ActivityExtension/v2">
      <ns3:Speed>
      3.306350373456317
    </ns3:Speed><nax:Nax>
      <nax:Pace>
      5.040804749692649
    </nax:Pace><nax:Moments>
      <nax:Halt xsi:type="nax:Halt_t" action="auto_pause">
      
    </nax:Halt>
    </nax:Moments>
    </nax:Nax>
    </TPX>
    </Extensions>
    </Trackpoint>
<Trackpoint>
      <Time>
      2024-09-05T18:11:50.188Z
    </Time><DistanceMeters>
      8.225049074739218
    </DistanceMeters><Cadence>
      169.3586540222168
    </Cadence><SensorState>
      Present
    </SensorState><Extensions>
      <TPX xmlns="http://www.garmin.com/xmlschemas/ActivityExtension/v2">
      <nax:Nax>
      <nax:Moments>
      <nax:Halt xsi:type="nax:Halt_t" action="auto_pause">
      
    </nax:Halt>
    </nax:Moments>
    </nax:Nax>
    </TPX>
    </Extensions>
    </Trackpoint>
<Trackpoint>
      <Time>
      2024-09-05T18:11:50.554Z
    </Time><SensorState>
      Present
    </SensorState><Extensions>
      <TPX xmlns="http://www.garmin.com/xmlschemas/ActivityExtension/v2">
      <nax:Nax>
      <nax:AscentInMeters>
      0.25999999046325684
    </nax:AscentInMeters><nax:Moments>
      <nax:Halt xsi:type="nax:Halt_t" action="auto_pause">
      
    </nax:Halt>
    </nax:Moments>
    </nax:Nax>
    </TPX>
    </Extensions>
    </Trackpoint>
<Trackpoint>
      <Time>
      2024-09-05T18:11:52.743Z
    </Time><SensorState>
      Present
    </SensorState><Extensions>
      <TPX xmlns="http://www.garmin.com/xmlschemas/ActivityExtension/v2">
      <ns3:Speed>
      3.3049373209631328
    </ns3:Speed><nax:Nax>
      <nax:Pace>
      5.042959986245556
    </nax:Pace><nax:Moments>
      <nax:Halt xsi:type="nax:Halt_t" action="auto_pause">
      
    </nax:Halt>
    </nax:Moments>
    </nax:Nax>
    </TPX>
    </Extensions>
    </Trackpoint>
<Trackpoint>
      <Time>
      2024-09-05T18:11:52.744Z
    </Time><DistanceMeters>
      8.706366581842303
    </DistanceMeters><Cadence>
      169.35882568359375
    </Cadence><SensorState>
      Present
    </SensorState><Extensions>
      <TPX xmlns="http://www.garmin.com/xmlschemas/ActivityExtension/v2">
      <nax:Nax>
      <nax:Moments>
      <nax:Halt xsi:type="nax:Halt_t" action="auto_pause">
      
    </nax:Halt>
    </nax:Moments>
    </nax:Nax>
    </TPX>
    </Extensions>
    </Trackpoint>
<Trackpoint>
      <Time>
      2024-09-05T18:11:53.000Z
    </Time><Position>
      <LatitudeDegrees>
      47.43085973271046
    </LatitudeDegrees><LongitudeDegrees>
      -122.29098738662022
    </LongitudeDegrees>
    </Position><AltitudeMeters>
      121.77281791064888
    </AltitudeMeters><SensorState>
      Present
    </SensorState><Extensions>
      <TPX xmlns="http://www.garmin.com/xmlschemas/ActivityExtension/v2">
      <nax:Nax>
      <nax:Moments>
      <nax:Halt xsi:type="nax:Halt_t" action="auto_pause">
      
    </nax:Halt>
    </nax:Moments>
    </nax:Nax>
    </TPX>
    </Extensions>
    </Trackpoint>
<Trackpoint>
      <Time>
      2024-09-05T18:11:53.133Z
    </Time><SensorState>
      Present
    </SensorState><Extensions>
      <TPX xmlns="http://www.garmin.com/xmlschemas/ActivityExtension/v2">
      <nax:Nax>
      <nax:AscentInMeters>
      0.25999999046325684
    </nax:AscentInMeters><nax:Moments>
      <nax:Halt xsi:type="nax:Halt_t" action="auto_pause">
      
    </nax:Halt>
    </nax:Moments>
    </nax:Nax>
    </TPX>
    </Extensions>
    </Trackpoint>
<Trackpoint>
      <Time>
      2024-09-05T18:11:55.000Z
    </Time><SensorState>
      Present
    </SensorState><Extensions>
      <TPX xmlns="http://www.garmin.com/xmlschemas/ActivityExtension/v2">
      <nax:Nax>
      <nax:NikeFuel>
      8.730657499009522
    </nax:NikeFuel><nax:Moments>
      <nax:Halt xsi:type="nax:Halt_t" action="auto_pause">
      
    </nax:Halt>
    </nax:Moments>
    </nax:Nax>
    </TPX>
    </Extensions>
    </Trackpoint>
<Trackpoint>
      <Time>
      2024-09-05T18:11:55.298Z
    </Time><SensorState>
      Present
    </SensorState><Extensions>
      <TPX xmlns="http://www.garmin.com/xmlschemas/ActivityExtension/v2">
      <ns3:Speed>
      3.3462347015184806
    </ns3:Speed><nax:Nax>
      <nax:Pace>
      4.980722559330203
    </nax:Pace><nax:Moments>
      <nax:Halt xsi:type="nax:Halt_t" action="auto_pause">
      
    </nax:Halt>
    </nax:Moments>
    </nax:Nax>
    </TPX>
    </Extensions>
    </Trackpoint>
<Trackpoint>
      <Time>
      2024-09-05T18:11:55.299Z
    </Time><DistanceMeters>
      8.211490772664547
    </DistanceMeters><Cadence>
      169.2927360534668
    </Cadence><SensorState>
      Present
    </SensorState><Extensions>
      <TPX xmlns="http://www.garmin.com/xmlschemas/ActivityExtension/v2">
      <nax:Nax>
      <nax:Moments>
      <nax:Halt xsi:type="nax:Halt_t" action="auto_pause">
      
    </nax:Halt>
    </nax:Moments>
    </nax:Nax>
    </TPX>
    </Extensions>
    </Trackpoint>
<Trackpoint>
      <Time>
      2024-09-05T18:11:55.716Z
    </Time><SensorState>
      Present
    </SensorState><Extensions>
      <TPX xmlns="http://www.garmin.com/xmlschemas/ActivityExtension/v2">
      <nax:Nax>
      <nax:AscentInMeters>
      0.309999942779541
    </nax:AscentInMeters><nax:Moments>
      <nax:Halt xsi:type="nax:Halt_t" action="auto_pause">
      
    </nax:Halt>
    </nax:Moments>
    </nax:Nax>
    </TPX>
    </Extensions>
    </Trackpoint>
<Trackpoint>
      <Time>
      2024-09-05T18:11:56.000Z
    </Time><Position>
      <LatitudeDegrees>
      47.43087102142448
    </LatitudeDegrees><LongitudeDegrees>
      -122.29083858422108
    </LongitudeDegrees>
    </Position><AltitudeMeters>
      121.28680028766394
    </AltitudeMeters><SensorState>
      Present
    </SensorState><Extensions>
      <TPX xmlns="http://www.garmin.com/xmlschemas/ActivityExtension/v2">
      <nax:Nax>
      <nax:Moments>
      <nax:Halt xsi:type="nax:Halt_t" action="auto_pause">
      
    </nax:Halt>
    </nax:Moments>
    </nax:Nax>
    </TPX>
    </Extensions>
    </Trackpoint>
<Trackpoint>
      <Time>
      2024-09-05T18:11:57.854Z
    </Time><SensorState>
      Present
    </SensorState><Extensions>
      <TPX xmlns="http://www.garmin.com/xmlschemas/ActivityExtension/v2">
      <ns3:Speed>
      3.3962996677710415
    </ns3:Speed><nax:Nax>
      <nax:Pace>
      4.907301562587037
    </nax:Pace><nax:Moments>
      <nax:Halt xsi:type="nax:Halt_t" action="auto_pause">
      
    </nax:Halt>
    </nax:Moments>
    </nax:Nax>
    </TPX>
    </Extensions>
    </Trackpoint>
<Trackpoint>
      <Time>
      2024-09-05T18:11:57.855Z
    </Time><DistanceMeters>
      9.974952948279679
    </DistanceMeters><Cadence>
      169.2927360534668
    </Cadence><SensorState>
      Present
    </SensorState><Extensions>
      <TPX xmlns="http://www.garmin.com/xmlschemas/ActivityExtension/v2">
      <nax:Nax>
      <nax:Moments>
      <nax:Halt xsi:type="nax:Halt_t" action="auto_pause">
      
    </nax:Halt>
    </nax:Moments>
    </nax:Nax>
    </TPX>
    </Extensions>
    </Trackpoint>
<Trackpoint>
      <Time>
      2024-09-05T18:11:58.296Z
    </Time><SensorState>
      Present
    </SensorState><Extensions>
      <TPX xmlns="http://www.garmin.com/xmlschemas/ActivityExtension/v2">
      <nax:Nax>
      <nax:AscentInMeters>
      0.19000005722045898
    </nax:AscentInMeters><nax:Moments>
      <nax:Halt xsi:type="nax:Halt_t" action="auto_pause">
      
    </nax:Halt>
    </nax:Moments>
    </nax:Nax>
    </TPX>
    </Extensions>
    </Trackpoint>
<Trackpoint>
      <Time>
      2024-09-05T18:12:00.000Z
    </Time><Position>
      <LatitudeDegrees>
      47.430880024369195
    </LatitudeDegrees><LongitudeDegrees>
      -122.29064866980427
    </LongitudeDegrees>
    </Position><AltitudeMeters>
      119.57566440384835
    </AltitudeMeters><SensorState>
      Present
    </SensorState><Extensions>
      <TPX xmlns="http://www.garmin.com/xmlschemas/ActivityExtension/v2">
      <nax:Nax>
      <nax:Moments>
      <nax:Halt xsi:type="nax:Halt_t" action="auto_pause">
      
    </nax:Halt>
    </nax:Moments>
    </nax:Nax>
    </TPX>
    </Extensions>
    </Trackpoint>
<Trackpoint>
      <Time>
      2024-09-05T18:12:00.410Z
    </Time><SensorState>
      Present
    </SensorState><Extensions>
      <TPX xmlns="http://www.garmin.com/xmlschemas/ActivityExtension/v2">
      <ns3:Speed>
      3.4132528613288606
    </ns3:Speed><nax:Nax>
      <nax:Pace>
      4.882927618839799
    </nax:Pace><nax:Moments>
      <nax:Halt xsi:type="nax:Halt_t" action="auto_pause">
      
    </nax:Halt>
    </nax:Moments>
    </nax:Nax>
    </TPX>
    </Extensions>
    </Trackpoint>
<Trackpoint>
      <Time>
      2024-09-05T18:12:00.411Z
    </Time><DistanceMeters>
      9.081582988612354
    </DistanceMeters><Cadence>
      169.44302558898926
    </Cadence><SensorState>
      Present
    </SensorState><Extensions>
      <TPX xmlns="http://www.garmin.com/xmlschemas/ActivityExtension/v2">
      <nax:Nax>
      <nax:Moments>
      <nax:Halt xsi:type="nax:Halt_t" action="auto_pause">
      
    </nax:Halt>
    </nax:Moments>
    </nax:Nax>
    </TPX>
    </Extensions>
    </Trackpoint>
<Trackpoint>
      <Time>
      2024-09-05T18:12:02.966Z
    </Time><SensorState>
      Present
    </SensorState><Extensions>
      <TPX xmlns="http://www.garmin.com/xmlschemas/ActivityExtension/v2">
      <ns3:Speed>
      3.422112480042567
    </ns3:Speed><nax:Nax>
      <nax:Pace>
      4.870286048125266
    </nax:Pace><nax:Moments>
      <nax:Halt xsi:type="nax:Halt_t" action="auto_pause">
      
    </nax:Halt>
    </nax:Moments>
    </nax:Nax>
    </TPX>
    </Extensions>
    </Trackpoint>
<Trackpoint>
      <Time>
      2024-09-05T18:12:02.967Z
    </Time><DistanceMeters>
      9.864024272188544
    </DistanceMeters><Cadence>
      169.24296855926514
    </Cadence><SensorState>
      Present
    </SensorState><Extensions>
      <TPX xmlns="http://www.garmin.com/xmlschemas/ActivityExtension/v2">
      <nax:Nax>
      <nax:Moments>
      <nax:Halt xsi:type="nax:Halt_t" action="auto_pause">
      
    </nax:Halt>
    </nax:Moments>
    </nax:Nax>
    </TPX>
    </Extensions>
    </Trackpoint>
<Trackpoint>
      <Time>
      2024-09-05T18:12:03.000Z
    </Time><Position>
      <LatitudeDegrees>
      47.430881981975915
    </LatitudeDegrees><LongitudeDegrees>
      -122.2904969197465
    </LongitudeDegrees>
    </Position><AltitudeMeters>
      121.34944768063724
    </AltitudeMeters><SensorState>
      Present
    </SensorState><Extensions>
      <TPX xmlns="http://www.garmin.com/xmlschemas/ActivityExtension/v2">
      <nax:Nax>
      <nax:Moments>
      <nax:Halt xsi:type="nax:Halt_t" action="auto_pause">
      
    </nax:Halt>
    </nax:Moments>
    </nax:Nax>
    </TPX>
    </Extensions>
    </Trackpoint>
<Trackpoint>
      <Time>
      2024-09-05T18:12:05.000Z
    </Time><SensorState>
      Present
    </SensorState><Extensions>
      <TPX xmlns="http://www.garmin.com/xmlschemas/ActivityExtension/v2">
      <nax:Nax>
      <nax:NikeFuel>
      8.89037902325215
    </nax:NikeFuel><nax:Moments>
      <nax:Halt xsi:type="nax:Halt_t" action="auto_pause">
      
    </nax:Halt>
    </nax:Moments>
    </nax:Nax>
    </TPX>
    </Extensions>
    </Trackpoint>
<Trackpoint>
      <Time>
      2024-09-05T18:12:05.522Z
    </Time><SensorState>
      Present
    </SensorState><Extensions>
      <TPX xmlns="http://www.garmin.com/xmlschemas/ActivityExtension/v2">
      <ns3:Speed>
      3.470804646775264
    </ns3:Speed><nax:Nax>
      <nax:Pace>
      4.801960456677308
    </nax:Pace><nax:Moments>
      <nax:Halt xsi:type="nax:Halt_t" action="auto_pause">
      
    </nax:Halt>
    </nax:Moments>
    </nax:Nax>
    </TPX>
    </Extensions>
    </Trackpoint>
<Trackpoint>
      <Time>
      2024-09-05T18:12:05.523Z
    </Time><DistanceMeters>
      9.142758220434189
    </DistanceMeters><Cadence>
      169.1764783859253
    </Cadence><SensorState>
      Present
    </SensorState><Extensions>
      <TPX xmlns="http://www.garmin.com/xmlschemas/ActivityExtension/v2">
      <nax:Nax>
      <nax:Moments>
      <nax:Halt xsi:type="nax:Halt_t" action="auto_pause">
      
    </nax:Halt>
    </nax:Moments>
    </nax:Nax>
    </TPX>
    </Extensions>
    </Trackpoint>
<Trackpoint>
      <Time>
      2024-09-05T18:12:06.000Z
    </Time><Position>
      <LatitudeDegrees>
      47.430899113698224
    </LatitudeDegrees><LongitudeDegrees>
      -122.29035944183998
    </LongitudeDegrees>
    </Position><AltitudeMeters>
      120.12389230448753
    </AltitudeMeters><SensorState>
      Present
    </SensorState><Extensions>
      <TPX xmlns="http://www.garmin.com/xmlschemas/ActivityExtension/v2">
      <nax:Nax>
      <nax:Moments>
      <nax:Halt xsi:type="nax:Halt_t" action="auto_pause">
      
    </nax:Halt>
    </nax:Moments>
    </nax:Nax>
    </TPX>
    </Extensions>
    </Trackpoint>
<Trackpoint>
      <Time>
      2024-09-05T18:12:08.077Z
    </Time><SensorState>
      Present
    </SensorState><Extensions>
      <TPX xmlns="http://www.garmin.com/xmlschemas/ActivityExtension/v2">
      <ns3:Speed>
      3.458555006680744
    </ns3:Speed><nax:Nax>
      <nax:Pace>
      4.818968220679554
    </nax:Pace><nax:Moments>
      <nax:Halt xsi:type="nax:Halt_t" action="auto_pause">
      
    </nax:Halt>
    </nax:Moments>
    </nax:Nax>
    </TPX>
    </Extensions>
    </Trackpoint>
<Trackpoint>
      <Time>
      2024-09-05T18:12:08.078Z
    </Time><DistanceMeters>
      10.276860161684453
    </DistanceMeters><Cadence>
      169.22710418701172
    </Cadence><SensorState>
      Present
    </SensorState><Extensions>
      <TPX xmlns="http://www.garmin.com/xmlschemas/ActivityExtension/v2">
      <nax:Nax>
      <nax:Moments>
      <nax:Halt xsi:type="nax:Halt_t" action="auto_pause">
      
    </nax:Halt>
    </nax:Moments>
    </nax:Nax>
    </TPX>
    </Extensions>
    </Trackpoint>
<Trackpoint>
      <Time>
      2024-09-05T18:12:09.000Z
    </Time><Position>
      <LatitudeDegrees>
      47.43084704789909
    </LatitudeDegrees><LongitudeDegrees>
      -122.29020905923915
    </LongitudeDegrees>
    </Position><AltitudeMeters>
      118.96675042621791
    </AltitudeMeters><SensorState>
      Present
    </SensorState><Extensions>
      <TPX xmlns="http://www.garmin.com/xmlschemas/ActivityExtension/v2">
      <nax:Nax>
      <nax:Moments>
      <nax:Halt xsi:type="nax:Halt_t" action="auto_pause">
      
    </nax:Halt>
    </nax:Moments>
    </nax:Nax>
    </TPX>
    </Extensions>
    </Trackpoint>
<Trackpoint>
      <Time>
      2024-09-05T18:12:10.633Z
    </Time><DistanceMeters>
      7.604381823912263
    </DistanceMeters><SensorState>
      Present
    </SensorState><Extensions>
      <TPX xmlns="http://www.garmin.com/xmlschemas/ActivityExtension/v2">
      <ns3:Speed>
      3.4798811249156762
    </ns3:Speed><nax:Nax>
      <nax:Pace>
      4.7894356354114045
    </nax:Pace><nax:Moments>
      <nax:Halt xsi:type="nax:Halt_t" action="auto_pause">
      
    </nax:Halt>
    </nax:Moments>
    </nax:Nax>
    </TPX>
    </Extensions>
    </Trackpoint>
<Trackpoint>
      <Time>
      2024-09-05T18:12:10.634Z
    </Time><Cadence>
      169.35968399047852
    </Cadence><SensorState>
      Present
    </SensorState><Extensions>
      <TPX xmlns="http://www.garmin.com/xmlschemas/ActivityExtension/v2">
      <nax:Nax>
      <nax:Moments>
      <nax:Halt xsi:type="nax:Halt_t" action="auto_pause">
      
    </nax:Halt>
    </nax:Moments>
    </nax:Nax>
    </TPX>
    </Extensions>
    </Trackpoint>
<Trackpoint>
      <Time>
      2024-09-05T18:12:11.201Z
    </Time><SensorState>
      Present
    </SensorState><Extensions>
      <TPX xmlns="http://www.garmin.com/xmlschemas/ActivityExtension/v2">
      <nax:Nax>
      <nax:DescentInMeters>
      0.009999990463256836
    </nax:DescentInMeters><nax:Moments>
      <nax:Halt xsi:type="nax:Halt_t" action="auto_pause">
      
    </nax:Halt>
    </nax:Moments>
    </nax:Nax>
    </TPX>
    </Extensions>
    </Trackpoint>
<Trackpoint>
      <Time>
      2024-09-05T18:12:12.000Z
    </Time><Position>
      <LatitudeDegrees>
      47.43075814130894
    </LatitudeDegrees><LongitudeDegrees>
      -122.29017027066965
    </LongitudeDegrees>
    </Position><AltitudeMeters>
      119.63918942026794
    </AltitudeMeters><SensorState>
      Present
    </SensorState><Extensions>
      <TPX xmlns="http://www.garmin.com/xmlschemas/ActivityExtension/v2">
      <nax:Nax>
      <nax:Moments>
      <nax:Halt xsi:type="nax:Halt_t" action="auto_pause">
      
    </nax:Halt>
    </nax:Moments>
    </nax:Nax>
    </TPX>
    </Extensions>
    </Trackpoint>
<Trackpoint>
      <Time>
      2024-09-05T18:12:13.189Z
    </Time><SensorState>
      Present
    </SensorState><Extensions>
      <TPX xmlns="http://www.garmin.com/xmlschemas/ActivityExtension/v2">
      <ns3:Speed>
      3.4312508340445094
    </ns3:Speed><nax:Nax>
      <nax:Pace>
      4.857315152043609
    </nax:Pace><nax:Moments>
      <nax:Halt xsi:type="nax:Halt_t" action="auto_pause">
      
    </nax:Halt>
    </nax:Moments>
    </nax:Nax>
    </TPX>
    </Extensions>
    </Trackpoint>
<Trackpoint>
      <Time>
      2024-09-05T18:12:13.190Z
    </Time><DistanceMeters>
      7.720344491302967
    </DistanceMeters><Cadence>
      168.96300315856934
    </Cadence><SensorState>
      Present
    </SensorState><Extensions>
      <TPX xmlns="http://www.garmin.com/xmlschemas/ActivityExtension/v2">
      <nax:Nax>
      <nax:Moments>
      <nax:Halt xsi:type="nax:Halt_t" action="auto_pause">
      
    </nax:Halt>
    </nax:Moments>
    </nax:Nax>
    </TPX>
    </Extensions>
    </Trackpoint>
<Trackpoint>
      <Time>
      2024-09-05T18:12:13.783Z
    </Time><SensorState>
      Present
    </SensorState><Extensions>
      <TPX xmlns="http://www.garmin.com/xmlschemas/ActivityExtension/v2">
      <nax:Nax>
      <nax:DescentInMeters>
      0.009999990463256836
    </nax:DescentInMeters><nax:Moments>
      <nax:Halt xsi:type="nax:Halt_t" action="auto_pause">
      
    </nax:Halt>
    </nax:Moments>
    </nax:Nax>
    </TPX>
    </Extensions>
    </Trackpoint>
<Trackpoint>
      <Time>
      2024-09-05T18:12:15.000Z
    </Time><SensorState>
      Present
    </SensorState><Extensions>
      <TPX xmlns="http://www.garmin.com/xmlschemas/ActivityExtension/v2">
      <nax:Nax>
      <nax:NikeFuel>
      9.811672891131124
    </nax:NikeFuel><nax:Moments>
      <nax:Halt xsi:type="nax:Halt_t" action="auto_pause">
      
    </nax:Halt>
    </nax:Moments>
    </nax:Nax>
    </TPX>
    </Extensions>
    </Trackpoint>
<Trackpoint>
      <Time>
      2024-09-05T18:12:15.745Z
    </Time><DistanceMeters>
      10.492292484268546
    </DistanceMeters><SensorState>
      Present
    </SensorState><Extensions>
      <TPX xmlns="http://www.garmin.com/xmlschemas/ActivityExtension/v2">
      <ns3:Speed>
      3.3880046040821084
    </ns3:Speed><nax:Nax>
      <nax:Pace>
      4.9193164160950325
    </nax:Pace><nax:Moments>
      <nax:Halt xsi:type="nax:Halt_t" action="auto_pause">
      
    </nax:Halt>
    </nax:Moments>
    </nax:Nax>
    </TPX>
    </Extensions>
    </Trackpoint>
<Trackpoint>
      <Time>
      2024-09-05T18:12:15.746Z
    </Time><Cadence>
      168.96300315856934
    </Cadence><SensorState>
      Present
    </SensorState><Extensions>
      <TPX xmlns="http://www.garmin.com/xmlschemas/ActivityExtension/v2">
      <nax:Nax>
      <nax:Moments>
      <nax:Halt xsi:type="nax:Halt_t" action="auto_pause">
      
    </nax:Halt>
    </nax:Moments>
    </nax:Nax>
    </TPX>
    </Extensions>
    </Trackpoint>
<Trackpoint>
      <Time>
      2024-09-05T18:12:16.000Z
    </Time><Position>
      <LatitudeDegrees>
      47.430630722956806
    </LatitudeDegrees><LongitudeDegrees>
      -122.2901755078523
    </LongitudeDegrees>
    </Position><AltitudeMeters>
      118.16935338359326
    </AltitudeMeters><SensorState>
      Present
    </SensorState><Extensions>
      <TPX xmlns="http://www.garmin.com/xmlschemas/ActivityExtension/v2">
      <nax:Nax>
      <nax:Moments>
      <nax:Halt xsi:type="nax:Halt_t" action="auto_pause">
      
    </nax:Halt>
    </nax:Moments>
    </nax:Nax>
    </TPX>
    </Extensions>
    </Trackpoint>
<Trackpoint>
      <Time>
      2024-09-05T18:12:16.363Z
    </Time><SensorState>
      Present
    </SensorState><Extensions>
      <TPX xmlns="http://www.garmin.com/xmlschemas/ActivityExtension/v2">
      <nax:Nax>
      <nax:DescentInMeters>
      0.2999999523162842
    </nax:DescentInMeters><nax:Moments>
      <nax:Halt xsi:type="nax:Halt_t" action="auto_pause">
      
    </nax:Halt>
    </nax:Moments>
    </nax:Nax>
    </TPX>
    </Extensions>
    </Trackpoint>
<Trackpoint>
      <Time>
      2024-09-05T18:12:18.300Z
    </Time><SensorState>
      Present
    </SensorState><Extensions>
      <TPX xmlns="http://www.garmin.com/xmlschemas/ActivityExtension/v2">
      <ns3:Speed>
      3.536186565887611
    </ns3:Speed><nax:Nax>
      <nax:Pace>
      4.713175155248972
    </nax:Pace><nax:Moments>
      <nax:Halt xsi:type="nax:Halt_t" action="auto_pause">
      
    </nax:Halt>
    </nax:Moments>
    </nax:Nax>
    </TPX>
    </Extensions>
    </Trackpoint>
<Trackpoint>
      <Time>
      2024-09-05T18:12:18.301Z
    </Time><DistanceMeters>
      11.542926579713821
    </DistanceMeters><Cadence>
      168.96300315856934
    </Cadence><SensorState>
      Present
    </SensorState><Extensions>
      <TPX xmlns="http://www.garmin.com/xmlschemas/ActivityExtension/v2">
      <nax:Nax>
      <nax:Moments>
      <nax:Halt xsi:type="nax:Halt_t" action="auto_pause">
      
    </nax:Halt>
    </nax:Moments>
    </nax:Nax>
    </TPX>
    </Extensions>
    </Trackpoint>
<Trackpoint>
      <Time>
      2024-09-05T18:12:18.945Z
    </Time><SensorState>
      Present
    </SensorState><Extensions>
      <TPX xmlns="http://www.garmin.com/xmlschemas/ActivityExtension/v2">
      <nax:Nax>
      <nax:DescentInMeters>
      0.06000018119812012
    </nax:DescentInMeters><nax:Moments>
      <nax:Halt xsi:type="nax:Halt_t" action="auto_pause">
      
    </nax:Halt>
    </nax:Moments>
    </nax:Nax>
    </TPX>
    </Extensions>
    </Trackpoint>
<Trackpoint>
      <Time>
      2024-09-05T18:12:19.000Z
    </Time><Position>
      <LatitudeDegrees>
      47.43051645189194
    </LatitudeDegrees><LongitudeDegrees>
      -122.29017588178118
    </LongitudeDegrees>
    </Position><AltitudeMeters>
      119.33586407452822
    </AltitudeMeters><SensorState>
      Present
    </SensorState><Extensions>
      <TPX xmlns="http://www.garmin.com/xmlschemas/ActivityExtension/v2">
      <nax:Nax>
      <nax:Moments>
      <nax:Halt xsi:type="nax:Halt_t" action="auto_pause">
      
    </nax:Halt>
    </nax:Moments>
    </nax:Nax>
    </TPX>
    </Extensions>
    </Trackpoint>
<Trackpoint>
      <Time>
      2024-09-05T18:12:20.856Z
    </Time><DistanceMeters>
      10.044756766408682
    </DistanceMeters><SensorState>
      Present
    </SensorState><Extensions>
      <TPX xmlns="http://www.garmin.com/xmlschemas/ActivityExtension/v2">
      <ns3:Speed>
      4.27684986496736
    </ns3:Speed><nax:Nax>
      <nax:Pace>
      3.896949201604453
    </nax:Pace><nax:Moments>
      <nax:Halt xsi:type="nax:Halt_t" action="auto_pause">
      
    </nax:Halt>
    </nax:Moments>
    </nax:Nax>
    </TPX>
    </Extensions>
    </Trackpoint>
<Trackpoint>
      <Time>
      2024-09-05T18:12:20.857Z
    </Time><Cadence>
      175.28915405273438
    </Cadence><SensorState>
      Present
    </SensorState><Extensions>
      <TPX xmlns="http://www.garmin.com/xmlschemas/ActivityExtension/v2">
      <nax:Nax>
      <nax:Moments>
      <nax:Halt xsi:type="nax:Halt_t" action="auto_pause">
      
    </nax:Halt>
    </nax:Moments>
    </nax:Nax>
    </TPX>
    </Extensions>
    </Trackpoint>
<Trackpoint>
      <Time>
      2024-09-05T18:12:21.526Z
    </Time><SensorState>
      Present
    </SensorState><Extensions>
      <TPX xmlns="http://www.garmin.com/xmlschemas/ActivityExtension/v2">
      <nax:Nax>
      <nax:DescentInMeters>
      0.009999990463256836
    </nax:DescentInMeters><nax:Moments>
      <nax:Halt xsi:type="nax:Halt_t" action="auto_pause">
      
    </nax:Halt>
    </nax:Moments>
    </nax:Nax>
    </TPX>
    </Extensions>
    </Trackpoint>
<Trackpoint>
      <Time>
      2024-09-05T18:12:22.000Z
    </Time><Position>
      <LatitudeDegrees>
      47.43040278667284
    </LatitudeDegrees><LongitudeDegrees>
      -122.29018972243331
    </LongitudeDegrees>
    </Position><AltitudeMeters>
      118.91318872757256
    </AltitudeMeters><SensorState>
      Present
    </SensorState><Extensions>
      <TPX xmlns="http://www.garmin.com/xmlschemas/ActivityExtension/v2">
      <nax:Nax>
      <nax:Moments>
      <nax:Halt xsi:type="nax:Halt_t" action="auto_pause">
      
    </nax:Halt>
    </nax:Moments>
    </nax:Nax>
    </TPX>
    </Extensions>
    </Trackpoint>
<Trackpoint>
      <Time>
      2024-09-05T18:12:23.412Z
    </Time><SensorState>
      Present
    </SensorState><Extensions>
      <TPX xmlns="http://www.garmin.com/xmlschemas/ActivityExtension/v2">
      <ns3:Speed>
      4.154113738809119
    </ns3:Speed><nax:Nax>
      <nax:Pace>
      4.012087225961364
    </nax:Pace><nax:Moments>
      <nax:Halt xsi:type="nax:Halt_t" action="auto_pause">
      
    </nax:Halt>
    </nax:Moments>
    </nax:Nax>
    </TPX>
    </Extensions>
    </Trackpoint>
<Trackpoint>
      <Time>
      2024-09-05T18:12:23.413Z
    </Time><DistanceMeters>
      9.990968246944249
    </DistanceMeters><Cadence>
      176.07218742370605
    </Cadence><SensorState>
      Present
    </SensorState><Extensions>
      <TPX xmlns="http://www.garmin.com/xmlschemas/ActivityExtension/v2">
      <nax:Nax>
      <nax:Moments>
      <nax:Halt xsi:type="nax:Halt_t" action="auto_pause">
      
    </nax:Halt>
    </nax:Moments>
    </nax:Nax>
    </TPX>
    </Extensions>
    </Trackpoint>
<Trackpoint>
      <Time>
      2024-09-05T18:12:24.106Z
    </Time><SensorState>
      Present
    </SensorState><Extensions>
      <TPX xmlns="http://www.garmin.com/xmlschemas/ActivityExtension/v2">
      <nax:Nax>
      <nax:DescentInMeters>
      0.26999998092651367
    </nax:DescentInMeters><nax:Moments>
      <nax:Halt xsi:type="nax:Halt_t" action="auto_pause">
      
    </nax:Halt>
    </nax:Moments>
    </nax:Nax>
    </TPX>
    </Extensions>
    </Trackpoint>
<Trackpoint>
      <Time>
      2024-09-05T18:12:25.000Z
    </Time><Position>
      <LatitudeDegrees>
      47.43030327914855
    </LatitudeDegrees><LongitudeDegrees>
      -122.29020610466549
    </LongitudeDegrees>
    </Position><AltitudeMeters>
      119.66302844323218
    </AltitudeMeters><SensorState>
      Present
    </SensorState><Extensions>
      <TPX xmlns="http://www.garmin.com/xmlschemas/ActivityExtension/v2">
      <nax:Nax>
      <nax:NikeFuel>
      10.83756603796129
    </nax:NikeFuel><nax:Moments>
      <nax:Halt xsi:type="nax:Halt_t" action="auto_pause">
      
    </nax:Halt>
    </nax:Moments>
    </nax:Nax>
    </TPX>
    </Extensions>
    </Trackpoint>
<Trackpoint>
      <Time>
      2024-09-05T18:12:25.968Z
    </Time><DistanceMeters>
      11.321232942864299
    </DistanceMeters><SensorState>
      Present
    </SensorState><Extensions>
      <TPX xmlns="http://www.garmin.com/xmlschemas/ActivityExtension/v2">
      <ns3:Speed>
      4.104968142039093
    </ns3:Speed><nax:Nax>
      <nax:Pace>
      4.060120831629087
    </nax:Pace><nax:Moments>
      <nax:Halt xsi:type="nax:Halt_t" action="auto_pause">
      
    </nax:Halt>
    </nax:Moments>
    </nax:Nax>
    </TPX>
    </Extensions>
    </Trackpoint>
<Trackpoint>
      <Time>
      2024-09-05T18:12:25.969Z
    </Time><Cadence>
      178.67324352264404
    </Cadence><SensorState>
      Present
    </SensorState><Extensions>
      <TPX xmlns="http://www.garmin.com/xmlschemas/ActivityExtension/v2">
      <nax:Nax>
      <nax:Moments>
      <nax:Halt xsi:type="nax:Halt_t" action="auto_pause">
      
    </nax:Halt>
    </nax:Moments>
    </nax:Nax>
    </TPX>
    </Extensions>
    </Trackpoint>
<Trackpoint>
      <Time>
      2024-09-05T18:12:26.688Z
    </Time><SensorState>
      Present
    </SensorState><Extensions>
      <TPX xmlns="http://www.garmin.com/xmlschemas/ActivityExtension/v2">
      <nax:Nax>
      <nax:DescentInMeters>
      0.24000000953674316
    </nax:DescentInMeters><nax:Moments>
      <nax:Halt xsi:type="nax:Halt_t" action="auto_pause">
      
    </nax:Halt>
    </nax:Moments>
    </nax:Nax>
    </TPX>
    </Extensions>
    </Trackpoint>
<Trackpoint>
      <Time>
      2024-09-05T18:12:27.000Z
    </Time><Position>
      <LatitudeDegrees>
      47.43021294255205
    </LatitudeDegrees><LongitudeDegrees>
      -122.29020372140829
    </LongitudeDegrees>
    </Position><AltitudeMeters>
      118.00845496635884
    </AltitudeMeters><SensorState>
      Present
    </SensorState><Extensions>
      <TPX xmlns="http://www.garmin.com/xmlschemas/ActivityExtension/v2">
      <nax:Nax>
      <nax:Moments>
      <nax:Halt xsi:type="nax:Halt_t" action="auto_pause">
      
    </nax:Halt>
    </nax:Moments>
    </nax:Nax>
    </TPX>
    </Extensions>
    </Trackpoint>
<Trackpoint>
      <Time>
      2024-09-05T18:12:28.523Z
    </Time><SensorState>
      Present
    </SensorState><Extensions>
      <TPX xmlns="http://www.garmin.com/xmlschemas/ActivityExtension/v2">
      <ns3:Speed>
      4.238679856071141
    </ns3:Speed><nax:Nax>
      <nax:Pace>
      3.932041869780442
    </nax:Pace><nax:Moments>
      <nax:Halt xsi:type="nax:Halt_t" action="auto_pause">
      
    </nax:Halt>
    </nax:Moments>
    </nax:Nax>
    </TPX>
    </Extensions>
    </Trackpoint>
<Trackpoint>
      <Time>
      2024-09-05T18:12:28.524Z
    </Time><DistanceMeters>
      12.854401590302587
    </DistanceMeters><Cadence>
      178.67324352264404
    </Cadence><SensorState>
      Present
    </SensorState><Extensions>
      <TPX xmlns="http://www.garmin.com/xmlschemas/ActivityExtension/v2">
      <nax:Nax>
      <nax:Moments>
      <nax:Halt xsi:type="nax:Halt_t" action="auto_pause">
      
    </nax:Halt>
    </nax:Moments>
    </nax:Nax>
    </TPX>
    </Extensions>
    </Trackpoint>
<Trackpoint>
      <Time>
      2024-09-05T18:12:29.269Z
    </Time><SensorState>
      Present
    </SensorState><Extensions>
      <TPX xmlns="http://www.garmin.com/xmlschemas/ActivityExtension/v2">
      <nax:Nax>
      <nax:DescentInMeters>
      0.309999942779541
    </nax:DescentInMeters><nax:Moments>
      <nax:Halt xsi:type="nax:Halt_t" action="auto_pause">
      
    </nax:Halt>
    </nax:Moments>
    </nax:Nax>
    </TPX>
    </Extensions>
    </Trackpoint>
<Trackpoint>
      <Time>
      2024-09-05T18:12:30.000Z
    </Time><Position>
      <LatitudeDegrees>
      47.43007630229453
    </LatitudeDegrees><LongitudeDegrees>
      -122.29019455117779
    </LongitudeDegrees>
    </Position><AltitudeMeters>
      118.53772974386811
    </AltitudeMeters><SensorState>
      Present
    </SensorState><Extensions>
      <TPX xmlns="http://www.garmin.com/xmlschemas/ActivityExtension/v2">
      <nax:Nax>
      <nax:Moments>
      <nax:Halt xsi:type="nax:Halt_t" action="auto_pause">
      
    </nax:Halt>
    </nax:Moments>
    </nax:Nax>
    </TPX>
    </Extensions>
    </Trackpoint>
<Trackpoint>
      <Time>
      2024-09-05T18:12:31.079Z
    </Time><SensorState>
      Present
    </SensorState><Extensions>
      <TPX xmlns="http://www.garmin.com/xmlschemas/ActivityExtension/v2">
      <ns3:Speed>
      4.413989936706015
    </ns3:Speed><nax:Nax>
      <nax:Pace>
      3.775873281465689
    </nax:Pace><nax:Moments>
      <nax:Halt xsi:type="nax:Halt_t" action="auto_pause">
      
    </nax:Halt>
    </nax:Moments>
    </nax:Nax>
    </TPX>
    </Extensions>
    </Trackpoint>
<Trackpoint>
      <Time>
      2024-09-05T18:12:31.080Z
    </Time><DistanceMeters>
      11.479072630405426
    </DistanceMeters><Cadence>
      178.51255416870117
    </Cadence><SensorState>
      Present
    </SensorState><Extensions>
      <TPX xmlns="http://www.garmin.com/xmlschemas/ActivityExtension/v2">
      <nax:Nax>
      <nax:Moments>
      <nax:Halt xsi:type="nax:Halt_t" action="auto_pause">
      
    </nax:Halt>
    </nax:Moments>
    </nax:Nax>
    </TPX>
    </Extensions>
    </Trackpoint>
<Trackpoint>
      <Time>
      2024-09-05T18:12:31.850Z
    </Time><SensorState>
      Present
    </SensorState><Extensions>
      <TPX xmlns="http://www.garmin.com/xmlschemas/ActivityExtension/v2">
      <nax:Nax>
      <nax:DescentInMeters>
      0.5099999904632568
    </nax:DescentInMeters><nax:Moments>
      <nax:Halt xsi:type="nax:Halt_t" action="auto_pause">
      
    </nax:Halt>
    </nax:Moments>
    </nax:Nax>
    </TPX>
    </Extensions>
    </Trackpoint>
<Trackpoint>
      <Time>
      2024-09-05T18:12:33.000Z
    </Time><Position>
      <LatitudeDegrees>
      47.429966476407834
    </LatitudeDegrees><LongitudeDegrees>
      -122.2902200934233
    </LongitudeDegrees>
    </Position><AltitudeMeters>
      117.49025913514197
    </AltitudeMeters><SensorState>
      Present
    </SensorState><Extensions>
      <TPX xmlns="http://www.garmin.com/xmlschemas/ActivityExtension/v2">
      <nax:Nax>
      <nax:Moments>
      <nax:Halt xsi:type="nax:Halt_t" action="auto_pause">
      
    </nax:Halt>
    </nax:Moments>
    </nax:Nax>
    </TPX>
    </Extensions>
    </Trackpoint>
<Trackpoint>
      <Time>
      2024-09-05T18:12:33.635Z
    </Time><SensorState>
      Present
    </SensorState><Extensions>
      <TPX xmlns="http://www.garmin.com/xmlschemas/ActivityExtension/v2">
      <ns3:Speed>
      4.284147577656075
    </ns3:Speed><nax:Nax>
      <nax:Pace>
      3.8903110512792525
    </nax:Pace><nax:Moments>
      <nax:Halt xsi:type="nax:Halt_t" action="auto_pause">
      
    </nax:Halt>
    </nax:Moments>
    </nax:Nax>
    </TPX>
    </Extensions>
    </Trackpoint>
<Trackpoint>
      <Time>
      2024-09-05T18:12:33.636Z
    </Time><DistanceMeters>
      8.499409817159176
    </DistanceMeters><Cadence>
      178.51255416870117
    </Cadence><SensorState>
      Present
    </SensorState><Extensions>
      <TPX xmlns="http://www.garmin.com/xmlschemas/ActivityExtension/v2">
      <nax:Nax>
      <nax:Moments>
      <nax:Halt xsi:type="nax:Halt_t" action="auto_pause">
      
    </nax:Halt>
    </nax:Moments>
    </nax:Nax>
    </TPX>
    </Extensions>
    </Trackpoint>
<Trackpoint>
      <Time>
      2024-09-05T18:12:34.432Z
    </Time><SensorState>
      Present
    </SensorState><Extensions>
      <TPX xmlns="http://www.garmin.com/xmlschemas/ActivityExtension/v2">
      <nax:Nax>
      <nax:DescentInMeters>
      0.25
    </nax:DescentInMeters><nax:Moments>
      <nax:Halt xsi:type="nax:Halt_t" action="auto_pause">
      
    </nax:Halt>
    </nax:Moments>
    </nax:Nax>
    </TPX>
    </Extensions>
    </Trackpoint>
<Trackpoint>
      <Time>
      2024-09-05T18:12:35.000Z
    </Time><SensorState>
      Present
    </SensorState><Extensions>
      <TPX xmlns="http://www.garmin.com/xmlschemas/ActivityExtension/v2">
      <nax:Nax>
      <nax:NikeFuel>
      9.99198956633483
    </nax:NikeFuel><nax:Moments>
      <nax:Halt xsi:type="nax:Halt_t" action="auto_pause">
      
    </nax:Halt>
    </nax:Moments>
    </nax:Nax>
    </TPX>
    </Extensions>
    </Trackpoint>
<Trackpoint>
      <Time>
      2024-09-05T18:12:36.191Z
    </Time><SensorState>
      Present
    </SensorState><Extensions>
      <TPX xmlns="http://www.garmin.com/xmlschemas/ActivityExtension/v2">
      <ns3:Speed>
      3.9129015891224124
    </ns3:Speed><nax:Nax>
      <nax:Pace>
      4.2594137079753835
    </nax:Pace><nax:Moments>
      <nax:Halt xsi:type="nax:Halt_t" action="auto_pause">
      
    </nax:Halt>
    </nax:Moments>
    </nax:Nax>
    </TPX>
    </Extensions>
    </Trackpoint>
<Trackpoint>
      <Time>
      2024-09-05T18:12:37.000Z
    </Time><Position>
      <LatitudeDegrees>
      47.429865450419044
    </LatitudeDegrees><LongitudeDegrees>
      -122.29025790177732
    </LongitudeDegrees>
    </Position><AltitudeMeters>
      116.26135564595461
    </AltitudeMeters><SensorState>
      Present
    </SensorState><Extensions>
      <TPX xmlns="http://www.garmin.com/xmlschemas/ActivityExtension/v2">
      <nax:Nax>
      <nax:Moments>
      <nax:Halt xsi:type="nax:Halt_t" action="auto_pause">
      
    </nax:Halt>
    </nax:Moments>
    </nax:Nax>
    </TPX>
    </Extensions>
    </Trackpoint>
<Trackpoint>
      <Time>
      2024-09-05T18:12:37.013Z
    </Time><SensorState>
      Present
    </SensorState><Extensions>
      <TPX xmlns="http://www.garmin.com/xmlschemas/ActivityExtension/v2">
      <nax:Nax>
      <nax:DescentInMeters>
      0.4099999666213989
    </nax:DescentInMeters><nax:Moments>
      <nax:Halt xsi:type="nax:Halt_t" action="auto_pause">
      
    </nax:Halt>
    </nax:Moments>
    </nax:Nax>
    </TPX>
    </Extensions>
    </Trackpoint>
    </Track><Notes>
      Mean Pace: 6.523773278307096 MKM
    </Notes>
    </Lap><Extensions>
      <nax:NAX>
      <nax:ActivityType>
      Running
    </nax:ActivityType><nax:Tags>
      <nax:Tag>
      <nax:Key>
      com.nike.name
    </nax:Key><nax:Value>
      Thursday Morning Run
    </nax:Value><nax:Key>
      com.nike.running.goaltype
    </nax:Key><nax:Value>
      freeRun
    </nax:Value><nax:Key>
      com.nike.running.originalactivityid
    </nax:Key><nax:Value>
      C36506E6-15A7-496E-A912-47764D614CC8
    </nax:Value><nax:Key>
      com.nike.running.recordingappversion
    </nax:Key><nax:Value>
      7.36.0
    </nax:Value><nax:Key>
      com.nike.running.recordingsource
    </nax:Key><nax:Value>
      watch
    </nax:Value><nax:Key>
      com.nike.running.syncappversion
    </nax:Key><nax:Value>
      7.36.0
    </nax:Value><nax:Key>
      com.nike.running.syncsource
    </nax:Key><nax:Value>
      watch
    </nax:Value><nax:Key>
      location
    </nax:Key><nax:Value>
      outdoors
    </nax:Value>
    </nax:Tag>
    </nax:Tags>
    </nax:NAX>
    </Extensions>
    </Activity>
    </Activities>
    </TrainingCenterDatabase>